index,label,prediction,correct,rate_layer1,com_layer1,rate_layer2,com_layer2,rate_layer3,com_layer3,rate_layer4,com_layer4
0,0,0,1,0.11851532012224197,3.640552520751953,0.08281847834587097,3.9764769077301025,0.11716756969690323,4.025089263916016,0.0965401753783226,4.1445088386535645
1,0,0,1,0.12024174630641937,3.658973217010498,0.09160754084587097,3.9905362129211426,0.11541374027729034,4.0260748863220215,0.09642060101032257,4.083092212677002
2,0,0,1,0.12479571998119354,3.637242078781128,0.09815947711467743,3.913811445236206,0.12427255511283875,3.9658408164978027,0.10176179558038712,4.004700183868408
3,0,0,1,0.12057308107614517,3.619764804840088,0.08533960580825806,3.930172920227051,0.12826849520206451,4.0012431144714355,0.10377471148967743,4.108123779296875
4,0,0,1,0.12176139652729034,3.611302137374878,0.08752690255641937,3.900153636932373,0.13110849261283875,3.969141960144043,0.10628587007522583,4.137258529663086
5,0,0,1,0.12124820053577423,3.6214916706085205,0.08871771395206451,3.9164326190948486,0.12755101919174194,3.9765625,0.10164221376180649,4.103529453277588
6,0,0,1,0.12397360801696777,3.651515245437622,0.09887196868658066,3.9504635334014893,0.11865234375,3.966574192047119,0.10082509368658066,3.990116596221924
7,0,0,1,0.12085708230733871,3.6441571712493896,0.08935048431158066,3.957843065261841,0.11894132196903229,3.9659013748168945,0.09982860088348389,4.085845470428467
8,0,0,1,0.11730458587408066,3.6722238063812256,0.08542928844690323,4.033768653869629,0.105887271463871,4.015151500701904,0.08402423560619354,4.0505218505859375
9,0,0,1,0.12279526144266129,3.6262197494506836,0.0921805202960968,3.909140110015869,0.12680365145206451,3.990098237991333,0.1061662957072258,4.076966285705566
10,0,0,1,0.12227209657430649,3.621217966079712,0.0908900648355484,3.9053831100463867,0.12581712007522583,3.957547903060913,0.10245934128761292,4.07605504989624
11,0,0,1,0.12143504619598389,3.617642879486084,0.08761658519506454,3.906170129776001,0.12649473547935486,3.9533638954162598,0.10012754797935486,4.092555522918701
12,0,0,1,0.11701062321662903,3.6842384338378906,0.0868094265460968,4.0728349685668945,0.10108418017625809,4.020898818969727,0.08246970176696777,4.021507740020752
13,0,0,1,0.12060297280550003,3.624197006225586,0.08717314898967743,3.9181528091430664,0.12191087007522583,4.001553058624268,0.09851323068141937,4.106412887573242
14,0,0,1,0.12619329988956451,3.6347646713256836,0.10118383169174194,3.917175531387329,0.12998245656490326,3.977231025695801,0.11246412247419357,4.046783447265625
15,0,0,1,0.12064781785011292,3.616903066635132,0.08793546259403229,3.92390513420105,0.12473094463348389,3.9911320209503174,0.10275828838348389,4.094452857971191
16,0,0,1,0.11688107252120972,3.662318468093872,0.08358577638864517,4.001728534698486,0.10632573068141937,4.010684013366699,0.0842633917927742,4.084436893463135
17,0,0,1,0.12080476433038712,3.625525951385498,0.08649054914712906,3.9269542694091797,0.124441958963871,4.005765438079834,0.10010761767625809,4.119251251220703
18,0,0,1,0.12155960500240326,3.6229326725006104,0.09091497957706451,3.9059572219848633,0.12902583181858063,3.99698805809021,0.10509008169174194,4.110563278198242
19,0,0,1,0.12353764474391937,3.670531749725342,0.09989337623119354,3.9861340522766113,0.11068040132522583,3.96398663520813,0.09719786047935486,3.986467123031616
20,0,0,1,0.12676876783370972,3.6766891479492188,0.10955934971570969,3.988039493560791,0.11061064898967743,3.9286487102508545,0.09239476919174194,3.901854991912842
21,0,0,1,0.12272052466869354,3.630295753479004,0.09527961164712906,3.918109178543091,0.1266043484210968,3.9698543548583984,0.10786032676696777,4.04730224609375
22,0,0,1,0.11971360445022583,3.62671160697937,0.08662507683038712,3.9273552894592285,0.1231863796710968,4.002103328704834,0.10060586780309677,4.121236324310303
23,0,0,1,0.12015704810619354,3.6291465759277344,0.086111880838871,3.9363536834716797,0.12532883882522583,3.97916841506958,0.10241948068141937,4.107024669647217
24,0,0,1,0.12091188877820969,3.6443803310394287,0.09243961423635483,3.967552423477173,0.11661949753761292,4.029479503631592,0.09797512739896774,4.096419811248779
25,0,0,1,0.12700045108795166,3.6606640815734863,0.10767597705125809,3.9552080631256104,0.12078483402729034,3.9420015811920166,0.09976880997419357,3.909708261489868
26,0,0,1,0.12301697582006454,3.6740987300872803,0.10036172717809677,3.9910638332366943,0.11385921388864517,3.9815332889556885,0.09899155050516129,3.991342782974243
27,0,0,1,0.12192332744598389,3.6215851306915283,0.08807995915412903,3.9220499992370605,0.12944434583187103,3.9979214668273926,0.10325653851032257,4.1353020668029785
28,0,0,1,0.1270054429769516,3.630077838897705,0.1023297980427742,3.8892784118652344,0.13269291818141937,3.9473564624786377,0.11088966578245163,3.993350028991699
29,0,0,1,0.12577477097511292,3.6798384189605713,0.10919562727212906,3.9986767768859863,0.11766581237316132,3.998729705810547,0.1053292378783226,4.00435209274292
30,0,0,1,0.12220732867717743,3.626643657684326,0.09132353961467743,3.9324021339416504,0.12574736773967743,3.9844679832458496,0.10550861060619354,4.09180212020874
31,0,0,1,0.12036381661891937,3.620966672897339,0.08646564185619354,3.916503429412842,0.12539859116077423,3.9939606189727783,0.10104431957006454,4.134516716003418
32,0,0,1,0.12286251783370972,3.6766698360443115,0.09918586164712906,4.006278991699219,0.10855787247419357,3.9644758701324463,0.09741708636283875,3.997135877609253
33,0,0,1,0.12699547410011292,3.6348745822906494,0.1023297980427742,3.903641939163208,0.12853755056858063,3.967904567718506,0.10467155277729034,3.998095989227295
34,0,0,1,0.12197066098451614,3.6226511001586914,0.09069574624300003,3.905949592590332,0.13088926672935486,4.018880844116211,0.10503029078245163,4.1406073570251465
35,0,0,1,0.12734673917293549,3.6688642501831055,0.10900131613016129,3.9631118774414062,0.11602160334587097,3.9295713901519775,0.09903141111135483,3.9197020530700684
36,0,0,1,0.12119589000940323,3.669797897338867,0.09503049403429031,3.984323501586914,0.11341079324483871,3.9835691452026367,0.09787547588348389,4.037874221801758
37,0,0,1,0.12360242009162903,3.6232993602752686,0.09516999870538712,3.9042458534240723,0.13029137253761292,3.9921224117279053,0.10782046616077423,4.083179473876953
38,0,0,1,0.12020935863256454,3.6446852684020996,0.08857321739196777,3.9392473697662354,0.12268813699483871,4.0209550857543945,0.10190130770206451,4.1324076652526855
39,0,0,1,0.12791971862316132,3.658214569091797,0.11005261540412903,3.9527344703674316,0.11920040845870972,3.9419829845428467,0.09907126426696777,3.9082679748535156
40,0,0,1,0.121023990213871,3.6393988132476807,0.09121392667293549,3.95875883102417,0.12062539905309677,3.980504035949707,0.10216039419174194,4.0694499015808105
41,0,0,1,0.12212013453245163,3.6339452266693115,0.09217055886983871,3.9222660064697266,0.12429248541593552,3.99847674369812,0.10229989886283875,4.080654621124268
42,0,0,1,0.1172572523355484,3.6957592964172363,0.0885184109210968,4.122706413269043,0.09353076666593552,4.035584926605225,0.07294324040412903,4.082787036895752
43,0,0,1,0.1252790093421936,3.6240851879119873,0.09932038933038712,3.9060399532318115,0.13271284103393555,3.964709520339966,0.11047113686800003,4.0478081703186035
44,0,0,1,0.12044104188680649,3.6318206787109375,0.08933055400848389,3.9456746578216553,0.12103395909070969,3.998847246170044,0.10144291818141937,4.0923380851745605
45,0,0,1,0.1230817511677742,3.625753879547119,0.09375996142625809,3.920501708984375,0.12761080265045166,3.991176128387451,0.10576769709587097,4.045788764953613
46,0,0,1,0.12580715119838715,3.6632673740386963,0.10368004441261292,3.957662582397461,0.1173967644572258,3.9375264644622803,0.09753666818141937,3.903759717941284
47,0,0,1,0.12545838952064514,3.663085699081421,0.10686881840229034,3.9728658199310303,0.11850287020206451,3.945425510406494,0.10674425959587097,4.009708881378174
48,0,0,1,0.12087202817201614,3.613100051879883,0.08615174144506454,3.9085073471069336,0.12850764393806458,3.9869728088378906,0.10327646136283875,4.119645118713379
49,0,0,1,0.11723233759403229,3.669875383377075,0.08514030277729034,4.048630714416504,0.10343590378761292,4.031791687011719,0.08266900479793549,4.074493885040283
50,0,0,1,0.12449676543474197,3.624724864959717,0.09662985801696777,3.906311273574829,0.12865711748600006,3.975679636001587,0.10873724520206451,4.051319599151611
51,0,0,1,0.11902353167533875,3.6404545307159424,0.0864606574177742,3.9704949855804443,0.11947943270206451,4.011509418487549,0.09851323068141937,4.097309112548828
52,0,0,1,0.11719746142625809,3.662677526473999,0.08446767181158066,4.0145697593688965,0.1100027859210968,4.030618667602539,0.08866788446903229,4.0728254318237305
53,0,0,1,0.12203045189380646,3.633737564086914,0.09385961294174194,3.946225643157959,0.12424266338348389,3.999919891357422,0.1012834832072258,4.114718437194824
54,0,0,1,0.11894630640745163,3.6642441749572754,0.08808992058038712,4.009502410888672,0.10656488686800003,3.995979070663452,0.08408401906490326,4.041479110717773
55,0,0,1,0.1223318874835968,3.66223406791687,0.09837372601032257,3.9857678413391113,0.11347058415412903,3.956529378890991,0.09833386540412903,4.000405311584473
56,0,0,1,0.12062041461467743,3.612809181213379,0.08585777878761292,3.882427930831909,0.13208505511283875,3.9806864261627197,0.10375478118658066,4.104878902435303
57,0,0,1,0.12179876863956451,3.6195006370544434,0.08955476433038712,3.928007125854492,0.13020168244838715,3.9688503742218018,0.10678412020206451,4.1129150390625
58,0,0,1,0.1200648695230484,3.6343395709991455,0.08777602761983871,3.950275421142578,0.1217912957072258,3.9931271076202393,0.09767618030309677,4.080187797546387
59,0,0,1,0.12291483581066132,3.6332314014434814,0.09589245915412903,3.9250752925872803,0.12204041332006454,3.965461015701294,0.10509008169174194,4.020292282104492
60,0,0,1,0.1233607679605484,3.666929244995117,0.09968411177396774,3.979457139968872,0.11414819955825806,3.9698822498321533,0.09853316098451614,3.977346181869507
61,0,0,1,0.12157455831766129,3.6089015007019043,0.08599729090929031,3.9022016525268555,0.13172632455825806,3.9857780933380127,0.10511001199483871,4.126279830932617
62,0,0,1,0.11755868792533875,3.681218147277832,0.08854831010103226,4.05553674697876,0.10197106003761292,4.008111000061035,0.08298788219690323,4.05403470993042
63,0,0,1,0.12272799760103226,3.639493227005005,0.09503547102212906,3.9335744380950928,0.12124322354793549,3.9743568897247314,0.10273835808038712,4.037439346313477
64,0,0,1,0.12423767894506454,3.617666006088257,0.09726761281490326,3.8877675533294678,0.1330118030309677,3.9667365550994873,0.10971380770206451,4.059037208557129
65,0,0,1,0.12512704730033875,3.6135544776916504,0.09760144352912903,3.8927969932556152,0.13444674015045166,3.9505631923675537,0.10716278851032257,4.070113658905029
66,0,0,1,0.1272421032190323,3.632195234298706,0.10269351303577423,3.890349864959717,0.13067004084587097,3.9601922035217285,0.10857780277729034,3.994309902191162
67,0,0,1,0.12497757375240326,3.6739091873168945,0.10275330394506454,3.998157501220703,0.11041135340929031,3.961732864379883,0.09289301186800003,3.948723554611206
68,0,0,1,0.11929009854793549,3.6397125720977783,0.0867745503783226,3.9564194679260254,0.11956911534070969,4.019251823425293,0.09580276906490326,4.12252950668335
69,0,0,1,0.11894630640745163,3.644179582595825,0.08351602405309677,3.9998209476470947,0.11570272594690323,4.029541015625,0.09253427386283875,4.113288879394531
70,0,0,1,0.1200125515460968,3.6648192405700684,0.09082528948783875,3.9947335720062256,0.1111886128783226,3.9765191078186035,0.08922592550516129,3.987715005874634
71,0,0,1,0.12215501070022583,3.6678426265716553,0.09858796745538712,3.987769842147827,0.11327128112316132,3.956716775894165,0.09755659848451614,4.004698753356934
72,0,0,1,0.12146244943141937,3.64119291305542,0.09272360801696777,3.969640016555786,0.11777542531490326,4.007868766784668,0.09927056729793549,4.0883355140686035
73,0,0,1,0.1265171617269516,3.6232352256774902,0.10052614659070969,3.8978488445281982,0.13279256224632263,3.957901954650879,0.11168686300516129,4.029443264007568
74,0,0,1,0.11801458895206451,3.6905345916748047,0.0906808003783226,4.064175605773926,0.10481106489896774,4.05286169052124,0.0895647332072258,4.107698917388916
75,0,0,1,0.12191087007522583,3.635871410369873,0.09254922717809677,3.9365274906158447,0.12460140138864517,3.9922425746917725,0.10648517310619354,4.102938652038574
76,0,0,1,0.12098413705825806,3.620912551879883,0.08698879927396774,3.9009106159210205,0.12829838693141937,4.003106594085693,0.10176179558038712,4.110849857330322
77,0,0,1,0.1250348687171936,3.6882646083831787,0.10900629311800003,4.012112617492676,0.10739197582006454,3.9443259239196777,0.09823421388864517,3.9618582725524902
78,0,0,1,0.12368960678577423,3.622437000274658,0.09692880511283875,3.9219698905944824,0.13036112487316132,3.9777557849884033,0.1104910671710968,4.083333492279053
79,0,0,1,0.1166817769408226,3.6812989711761475,0.08644072711467743,4.084443092346191,0.09713806957006454,4.006565570831299,0.08017776906490326,4.068853855133057
80,0,0,1,0.11766581237316132,3.669546127319336,0.08892199397087097,4.041799545288086,0.10216039419174194,4.0018534660339355,0.08615672588348389,4.108258247375488
81,0,0,1,0.11883669346570969,3.625361680984497,0.08344128727912903,3.935689926147461,0.1240234375,4.011971950531006,0.09887196868658066,4.1003828048706055
82,0,0,1,0.11988051980733871,3.6438145637512207,0.08990851789712906,3.958714246749878,0.11643016338348389,4.007531642913818,0.09624122828245163,4.081590175628662
83,0,1,0,0.12517687678337097,3.538400411605835,0.09239975363016129,3.7397680282592773,0.17430643737316132,3.898982286453247,0.13538344204425812,4.072280406951904
84,0,0,1,0.1205182746052742,3.621638298034668,0.08592255413532257,3.9368512630462646,0.12450174987316132,3.9903154373168945,0.09889189898967743,4.126561641693115
85,0,0,1,0.12011220306158066,3.6620068550109863,0.09089504927396774,3.9873924255371094,0.11457668989896774,4.005566120147705,0.09518494457006454,4.065954685211182
86,0,0,1,0.1228376105427742,3.6370770931243896,0.09485610574483871,3.9343419075012207,0.12244898080825806,3.982177734375,0.1036551296710968,4.073639869689941
87,0,0,1,0.12016452103853226,3.676044464111328,0.09393933415412903,4.039779186248779,0.1038643941283226,4.012760162353516,0.08627630770206451,4.072534084320068
88,0,0,1,0.11806939542293549,3.687154531478882,0.08963946998119354,4.054027080535889,0.10280811041593552,4.006590843200684,0.08693399280309677,4.090784072875977
89,0,0,1,0.12759336829185486,3.634652614593506,0.103934146463871,3.900719165802002,0.12706273794174194,3.9562387466430664,0.10522958636283875,4.001893997192383
90,0,0,1,0.12089444696903229,3.6329336166381836,0.09065090864896774,3.9247004985809326,0.12326610088348389,3.9952304363250732,0.10216039419174194,4.076277732849121
91,0,0,1,0.12195321917533875,3.684779167175293,0.098876953125,4.02695894241333,0.10172193497419357,3.949451446533203,0.08814971148967743,3.965860366821289
92,0,0,1,0.11681879311800003,3.680542469024658,0.08404416590929031,4.072681903839111,0.09669961780309677,3.9964962005615234,0.07866310328245163,4.042817115783691
93,0,0,1,0.12444943189620972,3.644740343093872,0.1004115492105484,3.938669204711914,0.12322624027729034,3.9685428142547607,0.104910708963871,4.025455951690674
94,0,0,1,0.12273547053337097,3.6729860305786133,0.09823919832706451,3.9991378784179688,0.11080994457006454,3.9673562049865723,0.09468670189380646,3.9473795890808105
95,0,0,1,0.12114855647087097,3.624079704284668,0.08900171518325806,3.9349493980407715,0.124930240213871,3.996330976486206,0.10453204810619354,4.137845516204834
96,0,0,1,0.11884167790412903,3.6803622245788574,0.08753188699483871,4.065459728240967,0.09954958409070969,3.967867851257324,0.0740792378783226,3.997309684753418
97,0,0,1,0.12167171388864517,3.6362202167510986,0.09213069826364517,3.9427289962768555,0.12215002626180649,3.959291934967041,0.10451211780309677,4.056445598602295
98,0,0,1,0.11982571333646774,3.6691198348999023,0.09055125713348389,4.015681743621826,0.10753148794174194,3.9656195640563965,0.08695392310619354,3.997478723526001
99,0,0,1,0.12141262739896774,3.641373872756958,0.09282824397087097,3.9468090534210205,0.12589684128761292,4.017413139343262,0.1050502210855484,4.099222183227539
100,0,0,1,0.11937479674816132,3.6217288970947266,0.08275370299816132,3.94551157951355,0.12358497828245163,4.013788223266602,0.09915098547935486,4.136281490325928
101,0,0,1,0.11919044703245163,3.6261391639709473,0.08400928229093552,3.9284145832061768,0.12226960808038712,4.014588356018066,0.09883210808038712,4.144383907318115
102,0,0,1,0.12120086699724197,3.6254754066467285,0.08802016824483871,3.9288463592529297,0.12572742998600006,3.9975430965423584,0.10134326666593552,4.127630233764648
103,0,0,1,0.12128308415412903,3.6354448795318604,0.09009785205125809,3.927335023880005,0.12334582209587097,4.001858234405518,0.10192123800516129,4.097966194152832
104,0,0,1,0.1211635023355484,3.668311595916748,0.09419343620538712,3.9891562461853027,0.113211490213871,3.968576669692993,0.09745694696903229,4.031901836395264
105,0,0,1,0.12208276987075806,3.608652114868164,0.08876753598451614,3.8876852989196777,0.1320551633834839,3.9747962951660156,0.1026785671710968,4.105589866638184
106,0,0,1,0.11895129084587097,3.669682502746582,0.09037189185619354,4.016650199890137,0.10261877626180649,3.9748494625091553,0.0837053582072258,3.9952380657196045
107,0,0,1,0.12188097834587097,3.6244993209838867,0.0906808003783226,3.9279119968414307,0.12747129797935486,3.9860849380493164,0.1064453125,4.142857074737549
108,0,0,1,0.12623067200183868,3.6723504066467285,0.10736208409070969,3.983107566833496,0.11646005511283875,3.964576005935669,0.10068558156490326,3.9693191051483154
109,0,0,1,0.12488290667533875,3.6814417839050293,0.10413843393325806,4.006650447845459,0.11224489659070969,3.9396307468414307,0.09484613686800003,3.910065174102783
110,0,0,1,0.11922283470630646,3.6744258403778076,0.09192143380641937,4.019621849060059,0.10992307215929031,4.007977485656738,0.09295280277729034,4.048670768737793
111,0,0,1,0.12062041461467743,3.608203649520874,0.08615174144506454,3.898733377456665,0.12720224261283875,3.978926658630371,0.10277821868658066,4.1027727127075195
112,0,0,1,0.12610860168933868,3.643073081970215,0.10292769223451614,3.9470906257629395,0.12267816811800003,3.973682165145874,0.10507015138864517,4.027124404907227
113,0,0,1,0.12792719900608063,3.6370275020599365,0.10639548301696777,3.9275546073913574,0.1312181055545807,3.966357946395874,0.11059071868658066,4.037844657897949
114,0,0,1,0.12425262480974197,3.6359171867370605,0.09842853248119354,3.922095775604248,0.12649473547935486,3.964550256729126,0.10790018737316132,4.0060954093933105
115,0,0,1,0.12290237843990326,3.620971441268921,0.09328164905309677,3.908503293991089,0.12865711748600006,3.972194194793701,0.10590720176696777,4.045539855957031
116,0,0,1,0.11998514831066132,3.643440008163452,0.0886579230427742,3.9548723697662354,0.11908083409070969,4.005941390991211,0.09944993257522583,4.133667469024658
117,0,0,1,0.119070865213871,3.6337978839874268,0.08573321998119354,3.9543209075927734,0.1193498894572258,4.013859748840332,0.09769611060619354,4.136475086212158
118,0,0,1,0.1276606321334839,3.6347670555114746,0.1104213148355484,3.9032578468322754,0.13428731262683868,3.98797869682312,0.10879702866077423,4.104231357574463
119,0,0,1,0.11964136362075806,3.664799690246582,0.08954977989196777,3.9918766021728516,0.11093948781490326,3.9828438758850098,0.09076052159070969,4.001976490020752
120,0,0,1,0.119070865213871,3.6646580696105957,0.08875757455825806,3.9953408241271973,0.10762117058038712,3.9890739917755127,0.08795041590929031,4.052571773529053
121,0,0,1,0.1203962042927742,3.687013626098633,0.097412109375,4.05743932723999,0.10173190385103226,3.997844934463501,0.08842872828245163,4.029749870300293
122,0,0,1,0.12799446284770966,3.622523307800293,0.10390425473451614,3.8967583179473877,0.13605110347270966,3.931004285812378,0.1145368292927742,4.021228313446045
123,0,0,1,0.12226711958646774,3.635770797729492,0.09202108532190323,3.927175283432007,0.12434231489896774,3.971710205078125,0.10514987260103226,4.032600402832031
124,0,0,1,0.12200802564620972,3.624829053878784,0.09049645066261292,3.915102243423462,0.1252690553665161,3.9665896892547607,0.09911112487316132,4.055097579956055
125,0,0,1,0.12618084251880646,3.6974925994873047,0.108572818338871,4.016153335571289,0.11079998314380646,3.928590774536133,0.0950055792927742,3.910006284713745
126,0,0,1,0.12529146671295166,3.68269944190979,0.11100924760103226,4.010278224945068,0.11088966578245163,3.983734607696533,0.08898676186800003,4.010526180267334
127,0,0,1,0.11788753420114517,3.6780498027801514,0.08741728961467743,4.045653820037842,0.1025390625,3.976579189300537,0.0811941921710968,4.026509761810303
128,0,0,1,0.12527403235435486,3.6413116455078125,0.10331134498119354,3.940197706222534,0.12038623541593552,3.970449447631836,0.10554846376180649,4.01831579208374
129,0,0,1,0.11818399280309677,3.6796164512634277,0.08974409848451614,4.036864280700684,0.10498046875,4.005410671234131,0.08952487260103226,4.069234371185303
130,0,0,1,0.12113609910011292,3.6290180683135986,0.09049645066261292,3.933436155319214,0.1241629421710968,4.024157524108887,0.10160236060619354,4.110631465911865
131,0,0,1,0.11986307799816132,3.667685031890869,0.0893205925822258,4.012495040893555,0.10761120915412903,3.9642560482025146,0.087332583963871,3.9995436668395996
132,0,0,1,0.12040367722511292,3.617781639099121,0.08616171032190323,3.914358377456665,0.12474090605974197,3.9933695793151855,0.0984933003783226,4.109065055847168
133,0,0,1,0.11923279613256454,3.648085117340088,0.0862513929605484,3.967188596725464,0.12084462493658066,4.029932975769043,0.09811463207006454,4.120048522949219
134,0,0,1,0.12125816941261292,3.618543863296509,0.08924087136983871,3.9117302894592285,0.1272321343421936,3.9781484603881836,0.10349569469690323,4.077604293823242
135,0,0,1,0.12700293958187103,3.6693801879882812,0.10953443497419357,3.974663496017456,0.11801458895206451,3.9597229957580566,0.10594706237316132,3.9682092666625977
136,0,0,1,0.12087950110435486,3.6083014011383057,0.08509546518325806,3.9068446159362793,0.12950414419174194,3.9595260620117188,0.10503029078245163,4.117836952209473
137,0,0,1,0.12940199673175812,3.679976224899292,0.1179896742105484,3.9798572063446045,0.11444714665412903,3.9281671047210693,0.09624122828245163,3.8989439010620117
138,0,0,1,0.1272221803665161,3.692782163619995,0.11352040618658066,4.0159759521484375,0.10764110088348389,3.9490835666656494,0.09843350946903229,3.955456495285034
139,0,0,1,0.12232939898967743,3.6700267791748047,0.0973074734210968,3.9921658039093018,0.11176657676696777,3.986180543899536,0.09917091578245163,4.025924205780029
140,0,0,1,0.11990293860435486,3.6255972385406494,0.08654037863016129,3.9354021549224854,0.12017697095870972,3.9880597591400146,0.09671954810619354,4.087986946105957
141,0,0,1,0.11913564056158066,3.6287691593170166,0.08283840864896774,3.952003002166748,0.12194076925516129,4.003023624420166,0.09931042790412903,4.127834796905518
142,0,0,1,0.12387146800756454,3.625384569168091,0.09393434971570969,3.898477792739868,0.12957389652729034,4.002306938171387,0.10710299760103226,4.0908074378967285
143,0,0,1,0.12723712623119354,3.63948392868042,0.10502032935619354,3.9198689460754395,0.12743143737316132,3.9554269313812256,0.10648517310619354,4.011791229248047
144,0,0,1,0.12244648486375809,3.635104179382324,0.09447743743658066,3.9319164752960205,0.122977115213871,3.9850094318389893,0.10455197840929031,4.052992820739746
145,0,0,1,0.1208321675658226,3.6144773960113525,0.08793546259403229,3.9112696647644043,0.12321627885103226,3.9704811573028564,0.10000797361135483,4.093662738800049
146,0,0,1,0.12016452103853226,3.6312222480773926,0.08648058772087097,3.9533329010009766,0.11875198781490326,4.0011749267578125,0.09661989659070969,4.113448619842529
147,0,0,1,0.11803202331066132,3.6775786876678467,0.090576171875,4.0467023849487305,0.10282804071903229,4.017540454864502,0.08806999027729034,4.079429626464844
148,0,0,1,0.1210763081908226,3.6300899982452393,0.09250438213348389,3.924593448638916,0.12330596148967743,4.008243083953857,0.1057477667927742,4.117225646972656
149,0,0,1,0.12144999206066132,3.627310276031494,0.09004803001880646,3.9165053367614746,0.12259845435619354,3.980086088180542,0.09767618030309677,4.082024097442627
150,0,0,1,0.12537118792533875,3.6576452255249023,0.10271842777729034,3.9569265842437744,0.1185128316283226,3.928781747817993,0.1022600457072258,3.9327616691589355
151,0,0,1,0.12037627398967743,3.61318302154541,0.08560367673635483,3.903148889541626,0.1268933266401291,4.001492023468018,0.10208067297935486,4.154236793518066
152,0,0,1,0.12680116295814514,3.6615846157073975,0.10621611773967743,3.949338674545288,0.11811423301696777,3.944908380508423,0.09994818270206451,3.9166500568389893
153,0,0,1,0.1193673238158226,3.6289262771606445,0.08430823683738708,3.947875499725342,0.12363480031490326,3.998065710067749,0.10076530277729034,4.114121913909912
154,0,0,1,0.1213553249835968,3.6249871253967285,0.08999322354793549,3.934724807739258,0.1242327019572258,3.9992780685424805,0.101981021463871,4.1387529373168945
155,0,0,1,0.12559540569782257,3.6733312606811523,0.1077357679605484,3.9974100589752197,0.11553332209587097,3.9774022102355957,0.09586255997419357,3.98004150390625
156,0,0,1,0.12421774864196777,3.641249895095825,0.10068558156490326,3.9521477222442627,0.124930240213871,3.9871580600738525,0.10997289419174194,4.030989646911621
157,0,0,1,0.12466368079185486,3.669750690460205,0.10444235801696777,3.980726957321167,0.11520447582006454,3.922065496444702,0.10229989886283875,3.9419443607330322
158,0,0,1,0.1190011128783226,3.6785295009613037,0.09097974747419357,4.029627799987793,0.1065848171710968,4.000560760498047,0.08382493257522583,4.043984889984131
159,0,0,1,0.12564772367477417,3.633317470550537,0.0988420769572258,3.9144067764282227,0.1297433078289032,3.963594436645508,0.11003268510103226,4.033327102661133
160,0,0,1,0.12285754084587097,3.645449638366699,0.09659498184919357,3.932119369506836,0.12021683156490326,3.9757957458496094,0.10210060328245163,4.050751686096191
161,0,0,1,0.12704530358314514,3.6571366786956787,0.10737204551696777,3.956102132797241,0.11510483175516129,3.9448533058166504,0.098074771463871,3.9126193523406982
162,0,0,1,0.1157575324177742,3.6702749729156494,0.08184191584587097,4.055095672607422,0.10460180044174194,4.032771110534668,0.08386479318141937,4.0762834548950195
163,0,0,1,0.12001504749059677,3.6338765621185303,0.08618661761283875,3.954676866531372,0.1221400648355484,4.007505893707275,0.099609375,4.144257545471191
164,0,0,1,0.12198062241077423,3.6231517791748047,0.08920599520206451,3.925882577896118,0.13005220890045166,3.99149489402771,0.10509008169174194,4.123648643493652
165,0,0,1,0.11941714584827423,3.6308751106262207,0.08440788090229034,3.9562008380889893,0.12205038219690323,3.9875898361206055,0.10018733888864517,4.1171674728393555
166,0,0,1,0.12338817119598389,3.6252095699310303,0.09365034848451614,3.911470413208008,0.1277204155921936,3.959272861480713,0.1050502210855484,4.046860218048096
167,0,0,1,0.12260592728853226,3.6700193881988525,0.09776586294174194,3.9834370613098145,0.11470623314380646,3.988532781600952,0.09943000227212906,4.0054121017456055
168,0,0,1,0.1254185289144516,3.623271942138672,0.09879224747419357,3.8937361240386963,0.1312878578901291,3.9499051570892334,0.11240433156490326,4.025000095367432
169,0,0,1,0.12581214308738708,3.6459546089172363,0.10518474876880646,3.9396049976348877,0.12545838952064514,3.974980115890503,0.11210538446903229,4.006222248077393
170,0,0,1,0.12567761540412903,3.6507294178009033,0.10272341221570969,3.928020477294922,0.12029655277729034,3.956179618835449,0.09994818270206451,3.972083806991577
171,0,0,1,0.12225964665412903,3.6231558322906494,0.09158262610435486,3.9116477966308594,0.1290457546710968,3.984555959701538,0.10758130997419357,4.108558654785156
172,0,0,1,0.12508967518806458,3.6392695903778076,0.10087990015745163,3.9467575550079346,0.12379424273967743,3.9507365226745605,0.11023198068141937,4.04411506652832
173,0,0,1,0.1200823113322258,3.6247458457946777,0.08518514782190323,3.920921802520752,0.12499003112316132,4.032289028167725,0.10150270909070969,4.147850036621094
174,0,0,1,0.12080974876880646,3.612508773803711,0.08482640981674194,3.8929221630096436,0.1305903196334839,3.972682237625122,0.10582748800516129,4.132015228271484
175,0,0,1,0.1240234375,3.6604933738708496,0.10077527165412903,3.969346284866333,0.1146065816283226,3.955395221710205,0.09853316098451614,3.969862461090088
176,0,0,1,0.11929258704185486,3.6222198009490967,0.08409398794174194,3.936307668685913,0.12441206723451614,4.006487846374512,0.10066565126180649,4.139774322509766
177,0,0,1,0.1220354363322258,3.6144611835479736,0.08851343393325806,3.9079089164733887,0.12991270422935486,3.9911022186279297,0.10385443270206451,4.119171142578125
178,0,0,1,0.12525659799575806,3.6113884449005127,0.09661491215229034,3.8928885459899902,0.13591158390045166,3.9497764110565186,0.11363998800516129,4.050333023071289
179,0,0,1,0.11835090070962906,3.6748478412628174,0.09002311527729034,4.040181636810303,0.10493063926696777,4.003893852233887,0.08916613459587097,4.085158824920654
180,0,0,1,0.12642498314380646,3.6750807762145996,0.10793506354093552,3.983935832977295,0.11312180757522583,3.948643445968628,0.09406887739896774,3.9322032928466797
181,0,0,1,0.11746900528669357,3.6674017906188965,0.08495096862316132,4.035894393920898,0.10636559128761292,3.988851308822632,0.08139349520206451,4.017139911651611
182,0,0,1,0.11918795853853226,3.673264741897583,0.09251435101032257,4.032474994659424,0.10383450239896774,3.989539384841919,0.08424346148967743,3.985332489013672
183,0,0,1,0.12352020293474197,3.6576175689697266,0.09733737260103226,3.9468672275543213,0.11871212720870972,3.964240789413452,0.09536431729793549,3.998746156692505
184,0,0,1,0.12649473547935486,3.629706859588623,0.10151765495538712,3.8855459690093994,0.13052056729793549,3.9432737827301025,0.10776068270206451,4.005733489990234
185,0,0,1,0.12246143072843552,3.619443893432617,0.09391940385103226,3.9276392459869385,0.12635523080825806,3.9728705883026123,0.10861766338348389,4.0990824699401855
186,0,0,1,0.12271055579185486,3.622469902038574,0.09340620785951614,3.8941164016723633,0.13036112487316132,3.980048894882202,0.10646524280309677,4.066828727722168
187,0,0,1,0.11585468798875809,3.6845715045928955,0.08416374027729034,4.0723419189453125,0.09890186041593552,4.019143581390381,0.0777064710855484,4.042318344116211
188,0,0,1,0.12038873136043549,3.6361095905303955,0.08949995785951614,3.9406557083129883,0.12045599520206451,4.00479793548584,0.10118383169174194,4.126452445983887
189,0,0,1,0.12802435457706451,3.6407082080841064,0.10599689185619354,3.9154837131500244,0.1314174085855484,3.9620866775512695,0.11583226919174194,4.010151386260986
190,0,0,1,0.12110371142625809,3.675121307373047,0.09730249643325806,4.046904563903809,0.1055385023355484,4.025776386260986,0.08930563926696777,4.096630096435547
191,0,0,1,0.11776546388864517,3.6756432056427,0.08897680044174194,4.048325538635254,0.1022600457072258,3.9660885334014893,0.08547911047935486,4.007694244384766
192,0,0,1,0.1230294331908226,3.6658499240875244,0.09938018023967743,3.9866137504577637,0.11086973547935486,3.973036050796509,0.0950055792927742,3.9450387954711914
193,0,0,1,0.12084213644266129,3.6176841259002686,0.0869489386677742,3.9374821186065674,0.12638512253761292,3.994086503982544,0.10140305757522583,4.120283126831055
194,0,0,1,0.1176932156085968,3.646169900894165,0.08269889652729034,4.002289295196533,0.11102917790412903,4.004846572875977,0.0897042378783226,4.075760841369629
195,0,0,1,0.12162189185619354,3.61196231842041,0.08773616701364517,3.9232211112976074,0.1298230141401291,3.972136974334717,0.10297751426696777,4.109154224395752
196,0,0,1,0.11848293989896774,3.631412982940674,0.08355588465929031,3.956469774246216,0.11720743030309677,4.015898704528809,0.09498564898967743,4.119177341461182
197,0,0,1,0.12141262739896774,3.6147611141204834,0.08832907676696777,3.9010040760040283,0.12958386540412903,3.984697103500366,0.10409358888864517,4.093815803527832
198,0,0,1,0.12259845435619354,3.675546646118164,0.09942004084587097,4.009321212768555,0.11017218977212906,3.984261989593506,0.0945870503783226,3.9656553268432617
199,0,0,1,0.12562032043933868,3.6233813762664795,0.09976880997419357,3.893427848815918,0.1307995766401291,3.9557366371154785,0.11206552386283875,4.0428595542907715
200,0,0,1,0.11954918503761292,3.678898811340332,0.09128367900848389,4.01604700088501,0.10327646136283875,3.9543612003326416,0.08587770909070969,3.99025297164917
201,0,0,1,0.1224190816283226,3.614102602005005,0.09101960808038712,3.8998794555664062,0.1319056898355484,3.9755232334136963,0.10652502626180649,4.0950422286987305
202,0,0,1,0.11565788090229034,3.7022788524627686,0.08409897238016129,4.133419990539551,0.09003308415412903,4.03563928604126,0.06638631969690323,4.091564178466797
203,0,0,1,0.12632283568382263,3.6782889366149902,0.109130859375,3.9966671466827393,0.10857780277729034,3.9678781032562256,0.09482620656490326,3.946406126022339
204,0,0,1,0.12191087007522583,3.6385483741760254,0.0921805202960968,3.9421653747558594,0.12538862228393555,4.005880832672119,0.10138312727212906,4.101041793823242
205,0,0,1,0.12063536047935486,3.6774120330810547,0.0970284566283226,4.034507751464844,0.10702327638864517,3.9986965656280518,0.091796875,4.011072635650635
206,0,0,1,0.12005490064620972,3.680293083190918,0.09590740501880646,4.058133125305176,0.1056082546710968,4.031137943267822,0.0838448628783226,4.057523250579834
207,0,0,1,0.12011469155550003,3.6180648803710938,0.08437798917293549,3.9427812099456787,0.12268813699483871,3.9863548278808594,0.0986328125,4.113558292388916
208,0,0,1,0.12448929250240326,3.631706476211548,0.09672452509403229,3.919126272201538,0.12931481003761292,3.9861292839050293,0.10855787247419357,4.056177616119385
209,0,0,1,0.11792739480733871,3.6652302742004395,0.08686423301696777,4.025410175323486,0.1086077019572258,3.990090847015381,0.08547911047935486,4.034273624420166
210,0,0,1,0.12160445004701614,3.6352405548095703,0.09147799760103226,3.947385549545288,0.1250697523355484,4.006931781768799,0.10178172588348389,4.078127861022949
211,0,0,1,0.12064781785011292,3.6175639629364014,0.084716796875,3.9083104133605957,0.12614595890045166,3.9671380519866943,0.10010761767625809,4.08381462097168
212,0,0,1,0.12192831188440323,3.6191487312316895,0.09147799760103226,3.9347493648529053,0.12421277165412903,3.981227397918701,0.10064572840929031,4.058811664581299
213,0,0,1,0.12124820053577423,3.6671254634857178,0.0938197523355484,3.9958577156066895,0.11020208895206451,3.9848992824554443,0.09159757196903229,4.023063659667969
214,0,0,1,0.1208670437335968,3.667065143585205,0.09329161047935486,3.988624334335327,0.10990314185619354,3.9815940856933594,0.09173708409070969,3.9648056030273438
215,0,0,1,0.12010971456766129,3.6798582077026367,0.095145083963871,4.045768737792969,0.10213049501180649,3.981461524963379,0.08512037247419357,3.991102695465088
216,0,0,1,0.1247209832072258,3.665588140487671,0.10284797102212906,3.972289562225342,0.11494538933038712,3.9427828788757324,0.09731744229793549,3.9455254077911377
217,0,0,1,0.12200304865837097,3.620178461074829,0.09037189185619354,3.9110705852508545,0.12522919476032257,3.9670565128326416,0.10222018510103226,4.0850067138671875
218,0,0,1,0.12208027392625809,3.6127049922943115,0.08920101076364517,3.9060492515563965,0.13108856976032257,3.9619157314300537,0.10668446868658066,4.103867053985596
219,0,0,1,0.12516939640045166,3.634324550628662,0.10276825726032257,3.9216039180755615,0.12636518478393555,3.9927451610565186,0.10899633169174194,4.054123401641846
220,0,0,1,0.12223473191261292,3.6122772693634033,0.09051139652729034,3.9057579040527344,0.13256336748600006,3.9976696968078613,0.10698341578245163,4.128911972045898
221,0,0,1,0.1285848766565323,3.6541121006011963,0.11092454195022583,3.928086996078491,0.12273795902729034,3.9286351203918457,0.10817920416593552,3.9559690952301025
222,0,0,1,0.12095922231674194,3.6290316581726074,0.08981385082006454,3.932098150253296,0.12368462979793549,3.9814696311950684,0.10134326666593552,4.0861358642578125
223,0,0,1,0.12461385875940323,3.628795862197876,0.09750677645206451,3.911497116088867,0.1271524280309677,3.956818103790283,0.104910708963871,4.0385637283325195
224,0,0,1,0.11749392002820969,3.669020175933838,0.08598233759403229,4.035116195678711,0.10792011767625809,4.036103248596191,0.08749202638864517,4.096810817718506
225,0,0,1,0.1235002800822258,3.646427631378174,0.09644550830125809,3.946892499923706,0.12280771136283875,3.9742777347564697,0.1025390625,4.0555877685546875
226,0,0,1,0.1255854368209839,3.673067331314087,0.10539401322603226,4.000236511230469,0.11319155991077423,3.9587111473083496,0.09480627626180649,3.9642632007598877
227,0,0,1,0.1266641467809677,3.643773078918457,0.10560327768325806,3.95296049118042,0.12284757196903229,3.9660935401916504,0.1109095960855484,4.0188679695129395
228,0,3,0,0.12556301057338715,3.535494565963745,0.09341119229793549,3.7533071041107178,0.1722935289144516,3.8826489448547363,0.13131776452064514,4.07785701751709
229,0,0,1,0.11820142716169357,3.667903184890747,0.08634107559919357,4.0263142585754395,0.10947464406490326,4.007191181182861,0.0857979878783226,4.087108135223389
230,0,0,1,0.12020935863256454,3.6224069595336914,0.08681939542293549,3.9220659732818604,0.12547831237316132,3.992614269256592,0.10074537247419357,4.138674736022949
231,0,0,1,0.12215252220630646,3.6829073429107666,0.10030193626880646,4.023744583129883,0.10900629311800003,3.9868361949920654,0.09578283876180649,3.9997918605804443
232,0,0,1,0.12390884011983871,3.664421558380127,0.10070551186800003,3.981050968170166,0.11401864886283875,3.9653031826019287,0.10034677386283875,3.9918570518493652
233,0,0,1,0.12195073068141937,3.6230592727661133,0.0887625515460968,3.9230422973632812,0.12646484375,3.966826915740967,0.10313695669174194,4.104540824890137
234,0,0,1,0.12014707922935486,3.6181886196136475,0.08467693626880646,3.93133282661438,0.12540856003761292,3.980611801147461,0.1015625,4.095565319061279
235,0,0,1,0.11885911226272583,3.621051788330078,0.0841936394572258,3.9337198734283447,0.11937978118658066,3.9898998737335205,0.0966796875,4.1156463623046875
236,0,0,1,0.122122623026371,3.675710439682007,0.09885203838348389,4.018699645996094,0.10995296388864517,3.9734456539154053,0.09823421388864517,3.992290496826172
237,0,0,1,0.12382164597511292,3.6123170852661133,0.09355069696903229,3.90775465965271,0.12700293958187103,3.9884660243988037,0.09982860088348389,4.100818634033203
238,0,0,1,0.12453912198543549,3.6253726482391357,0.09767119586467743,3.9050655364990234,0.1282186657190323,3.9725654125213623,0.11011239886283875,4.049411773681641
239,0,0,1,0.12416792660951614,3.669154644012451,0.1025390625,3.9836249351501465,0.11577247828245163,3.982440948486328,0.10092474520206451,4.007898807525635
240,0,0,1,0.12062539905309677,3.630855083465576,0.09111925959587097,3.9376094341278076,0.12091437727212906,3.9942309856414795,0.1011439710855484,4.109556674957275
241,0,0,1,0.1294991672039032,3.6715593338012695,0.1137346550822258,3.9547464847564697,0.12357501685619354,3.9363760948181152,0.10479113459587097,3.9225940704345703
242,0,0,1,0.122977115213871,3.641803741455078,0.09547891467809677,3.9437978267669678,0.12212013453245163,3.9743778705596924,0.10837850719690323,4.055167198181152
243,0,0,1,0.1226980984210968,3.694916009902954,0.10584741830825806,4.046366214752197,0.11098931729793549,4.008708953857422,0.09267378598451614,4.02193546295166
244,0,0,1,0.12552565336227417,3.6264116764068604,0.09943000227212906,3.912307024002075,0.1298130601644516,3.9798879623413086,0.11029177159070969,4.055294513702393
245,0,0,1,0.12278030812740326,3.6299076080322266,0.09352578967809677,3.9144957065582275,0.12438217550516129,3.977407455444336,0.10417331010103226,4.044384956359863
246,0,0,1,0.11948690563440323,3.632591724395752,0.0846121609210968,3.960840940475464,0.11814413219690323,4.001518249511719,0.09562340378761292,4.127344608306885
247,0,0,1,0.12028907984495163,3.681267499923706,0.09517498314380646,4.036383628845215,0.103934146463871,3.961649179458618,0.08814971148967743,3.988469362258911
248,0,0,1,0.1216866597533226,3.605064868927002,0.08850844949483871,3.894956111907959,0.12878666818141937,3.9847569465637207,0.1028180792927742,4.11126184463501
249,0,0,1,0.12097665667533875,3.6239163875579834,0.08945511281490326,3.9264230728149414,0.12280771136283875,4.0060858726501465,0.10056600719690323,4.129607677459717
250,0,0,1,0.12759336829185486,3.6387135982513428,0.10677913576364517,3.919649124145508,0.1286969780921936,3.972202777862549,0.10913583636283875,3.9744338989257812
251,0,0,1,0.12294971197843552,3.666626214981079,0.09814453125,3.9946694374084473,0.109305240213871,3.92460560798645,0.09335140138864517,3.9099061489105225
252,0,0,1,0.11838079988956451,3.6790125370025635,0.09003308415412903,4.022191524505615,0.10703323781490326,3.9963691234588623,0.09016262739896774,4.020998954772949
253,0,0,1,0.12054318189620972,3.6738173961639404,0.0938197523355484,4.009187698364258,0.11178650707006454,3.980210304260254,0.09127869457006454,3.996288299560547
254,0,0,1,0.12059051543474197,3.6184563636779785,0.08584781736135483,3.911085367202759,0.12567761540412903,3.9937360286712646,0.10134326666593552,4.126450538635254
255,0,0,1,0.1270577609539032,3.6292498111724854,0.10255899280309677,3.905557632446289,0.12999242544174194,3.9554619789123535,0.11228475719690323,4.008697032928467
256,0,0,1,0.1203438863158226,3.62479567527771,0.08725287020206451,3.9366719722747803,0.12358497828245163,3.9952425956726074,0.10116390138864517,4.128841400146484
257,0,0,1,0.13211993873119354,3.6753780841827393,0.12320630997419357,3.945972204208374,0.12952406704425812,3.940375328063965,0.10977359116077423,3.9685912132263184
258,0,0,1,0.11971360445022583,3.6403212547302246,0.08847855031490326,3.951233148574829,0.11814413219690323,4.00978422164917,0.09769611060619354,4.08833122253418
259,0,0,1,0.12294971197843552,3.665268659591675,0.09807975590229034,3.981508731842041,0.11856265366077423,3.986384153366089,0.09980867058038712,3.974241256713867
260,0,0,1,0.11763592064380646,3.6645700931549072,0.08596739172935486,4.0166916847229,0.10537905991077423,4.0067138671875,0.08462212979793549,4.112340927124023
261,0,0,1,0.12628048658370972,3.6204183101654053,0.09879723191261292,3.900448799133301,0.13243383169174194,3.960195541381836,0.1090959832072258,4.068140506744385
262,0,0,1,0.1272146999835968,3.6777048110961914,0.11130321025848389,3.990241289138794,0.11380939185619354,3.9669029712677,0.100027896463871,3.92867112159729
263,0,0,1,0.12070760875940323,3.61795973777771,0.0879255011677742,3.9338698387145996,0.12422273308038712,4.009064674377441,0.10277821868658066,4.133605003356934
264,0,0,1,0.11710529029369354,3.686727523803711,0.08767139166593552,4.0930891036987305,0.09642060101032257,4.024700164794922,0.07722815871238708,4.08361291885376
265,0,0,1,0.12007732689380646,3.626410722732544,0.08690907806158066,3.913203001022339,0.12791971862316132,3.991119384765625,0.10144291818141937,4.100392818450928
266,0,0,1,0.1222098171710968,3.6213510036468506,0.0904715359210968,3.9139223098754883,0.12789979577064514,3.976081132888794,0.10634566098451614,4.116379261016846
267,0,0,1,0.12319883704185486,3.6582815647125244,0.09789540618658066,3.9844768047332764,0.11438735574483871,3.9629759788513184,0.09889189898967743,3.999798536300659
268,0,0,1,0.12314154207706451,3.635808229446411,0.09491589665412903,3.926509141921997,0.12439213693141937,3.982135772705078,0.10229989886283875,4.061172962188721
269,0,0,1,0.12234185636043549,3.6164042949676514,0.09161750227212906,3.903306484222412,0.12894611060619354,3.9581916332244873,0.10385443270206451,4.075417518615723
270,0,0,1,0.12995754182338715,3.6352031230926514,0.10899633169174194,3.8966903686523438,0.1322644203901291,3.956076145172119,0.1083984375,3.9961390495300293
271,0,0,1,0.12143255770206451,3.6216354370117188,0.09063596278429031,3.933483600616455,0.12337571382522583,3.983280897140503,0.10134326666593552,4.093018531799316
272,0,0,1,0.11863241344690323,3.6492440700531006,0.08762655407190323,3.9798715114593506,0.1143973171710968,4.018815517425537,0.09592235088348389,4.118013858795166
273,0,0,1,0.12099160999059677,3.634690284729004,0.08804508298635483,3.945220947265625,0.12159199267625809,4.004261493682861,0.09943000227212906,4.105632305145264
274,0,0,1,0.12668904662132263,3.6416211128234863,0.10381955653429031,3.9187982082366943,0.12401346862316132,3.949859380722046,0.10487085580825806,3.978525161743164
275,0,0,1,0.11786511540412903,3.6669132709503174,0.08624143153429031,4.033566474914551,0.10434271395206451,4.032566070556641,0.08611686527729034,4.117796897888184
276,0,0,1,0.12278030812740326,3.6260323524475098,0.09454718977212906,3.9183177947998047,0.12652462720870972,3.964322328567505,0.10634566098451614,4.0406670570373535
277,0,0,1,0.12054816633462906,3.6092708110809326,0.08566346019506454,3.8931541442871094,0.12809908390045166,3.967716932296753,0.10092474520206451,4.124407768249512
278,0,0,1,0.12325862795114517,3.6332032680511475,0.09452228248119354,3.92889142036438,0.12399353832006454,3.9550750255584717,0.10387436300516129,4.026861190795898
279,0,0,1,0.12189343571662903,3.623209238052368,0.0912039577960968,3.9225895404815674,0.12755101919174194,4.004843711853027,0.10465162247419357,4.108360290527344
280,0,0,1,0.12054069340229034,3.6362171173095703,0.08733756840229034,3.940441608428955,0.12059549987316132,4.010328769683838,0.09638074040412903,4.13564920425415
281,0,0,1,0.1233607679605484,3.6399896144866943,0.09526466578245163,3.9344141483306885,0.12432238459587097,3.9818050861358643,0.10540895909070969,4.043486595153809
282,0,0,1,0.11882922053337097,3.6609573364257812,0.08999820798635483,3.997231960296631,0.10975366830825806,3.9799346923828125,0.09066087007522583,4.054077625274658
283,0,0,1,0.11932746320962906,3.633270025253296,0.08237005770206451,3.948523998260498,0.12006735801696777,3.9766786098480225,0.09520487487316132,4.082687854766846
284,0,0,1,0.12266820669174194,3.623152017593384,0.09351582080125809,3.9127817153930664,0.12888631224632263,3.988170623779297,0.10871731489896774,4.088542461395264
285,0,0,1,0.11863988637924194,3.662935972213745,0.08887216448783875,4.011436939239502,0.11054089665412903,4.01532506942749,0.0880301296710968,4.064070701599121
286,0,0,1,0.1275809109210968,3.642974376678467,0.10854791104793549,3.9179749488830566,0.1283482164144516,3.957530975341797,0.11041135340929031,3.9904332160949707
287,0,0,1,0.11733946204185486,3.677989959716797,0.08642578125,4.0541911125183105,0.10105428844690323,3.9779114723205566,0.08081553131341934,4.011097431182861
288,0,0,1,0.11801209300756454,3.672879934310913,0.08922592550516129,4.039088726043701,0.10380460321903229,4.018143653869629,0.087890625,4.0276641845703125
289,0,0,1,0.12516441941261292,3.625791072845459,0.09847337007522583,3.9071543216705322,0.13039101660251617,3.9583492279052734,0.1081194207072258,4.00276517868042
290,0,0,1,0.11620595306158066,3.662414789199829,0.08047672361135483,4.0178303718566895,0.10650510340929031,3.988211154937744,0.0825892835855484,4.023166179656982
291,0,0,1,0.11880430579185486,3.6781437397003174,0.09174704551696777,4.0469207763671875,0.101981021463871,4.040257930755615,0.08195152878761292,4.141050815582275
292,0,0,1,0.1212855726480484,3.6245250701904297,0.08736248314380646,3.92294979095459,0.12578722834587097,3.9708468914031982,0.10241948068141937,4.110722064971924
293,0,0,1,0.11972606182098389,3.67866587638855,0.09393434971570969,4.035909175872803,0.10801976919174194,4.004427909851074,0.08643574267625809,4.0495734214782715
294,0,0,1,0.12674635648727417,3.6412720680236816,0.10413843393325806,3.913975477218628,0.1281489133834839,3.973328113555908,0.11144769936800003,4.039163112640381
295,0,0,1,0.12103395909070969,3.619504451751709,0.08714823424816132,3.9199016094207764,0.12700293958187103,3.9826598167419434,0.10283800959587097,4.117441654205322
296,0,0,1,0.12176638096570969,3.6236138343811035,0.08887216448783875,3.9185962677001953,0.12656448781490326,3.9851980209350586,0.10022719949483871,4.096639633178711
297,0,0,1,0.11756367236375809,3.674132823944092,0.08663006126880646,4.048312187194824,0.10199099034070969,4.014851093292236,0.08364556729793549,4.0898261070251465
298,0,0,1,0.11913315206766129,3.638171434402466,0.08630619943141937,3.94521427154541,0.11915058642625809,4.022329807281494,0.09795519709587097,4.119837284088135
299,0,0,1,0.12365473061800003,3.633854389190674,0.09706831723451614,3.933528423309326,0.12188097834587097,3.963453531265259,0.10582748800516129,4.046515941619873
300,0,0,1,0.12309669703245163,3.6361613273620605,0.0972725972533226,3.941504955291748,0.12194076925516129,3.988804340362549,0.10283800959587097,4.096124172210693
301,0,0,1,0.11883170902729034,3.6844863891601562,0.09126873314380646,4.042471885681152,0.10355548560619354,3.966031551361084,0.08673468977212906,3.990119457244873
302,0,0,1,0.12540607154369354,3.6599655151367188,0.10368502885103226,3.9610283374786377,0.11664938926696777,3.936955451965332,0.10014747828245163,3.908059597015381
303,0,0,1,0.1172921285033226,3.6719553470611572,0.0843331441283226,4.068001747131348,0.10157246142625809,4.020602226257324,0.08237005770206451,4.080571174621582
304,0,0,1,0.11688107252120972,3.6798601150512695,0.08459721505641937,4.042876720428467,0.10217035561800003,3.9865405559539795,0.08025749027729034,4.028308868408203
305,0,0,1,0.1214773952960968,3.6176531314849854,0.08741230517625809,3.9076037406921387,0.12875677645206451,3.953718662261963,0.09954958409070969,4.06746768951416
306,0,0,1,0.1243547722697258,3.678466320037842,0.10266860574483871,3.9995148181915283,0.10861766338348389,3.9608256816864014,0.0940290167927742,3.942136526107788
307,0,0,1,0.11645756661891937,3.6729416847229004,0.08380500227212906,4.053864479064941,0.10107421875,4.013506889343262,0.08059629797935486,4.10534143447876
308,0,0,1,0.12338318675756454,3.665212869644165,0.100516177713871,3.978487253189087,0.11560307443141937,3.988880157470703,0.10218032449483871,3.961575984954834
309,0,0,1,0.1208321675658226,3.6325175762176514,0.08966437727212906,3.944932222366333,0.117606021463871,3.9958481788635254,0.09394929558038712,4.092702388763428
310,0,0,1,0.12379174679517746,3.6307380199432373,0.09710817784070969,3.922370433807373,0.12492027878761292,3.975191354751587,0.107421875,4.044527053833008
311,0,0,1,0.12348532676696777,3.630164623260498,0.09411869943141937,3.9098994731903076,0.12927494943141937,3.9855854511260986,0.1057477667927742,4.0456085205078125
312,0,0,1,0.12253367900848389,3.675842761993408,0.10053113102912903,4.017049312591553,0.10871731489896774,4.009990692138672,0.09086017310619354,4.054398059844971
313,0,0,1,0.12221480160951614,3.6623384952545166,0.09492087364196777,3.984672784805298,0.11423788219690323,3.959874391555786,0.09386957436800003,4.014437198638916
314,0,0,1,0.12256357073783875,3.6805155277252197,0.10098951309919357,4.021708011627197,0.10489077866077423,3.9452784061431885,0.09357062727212906,3.96592116355896
315,0,0,1,0.12119339406490326,3.6329140663146973,0.09078045189380646,3.9357848167419434,0.12411312013864517,3.9779205322265625,0.10341597348451614,4.096357822418213
316,0,0,1,0.1195940300822258,3.6363162994384766,0.08615174144506454,3.977097988128662,0.11964883655309677,3.9948363304138184,0.09929049760103226,4.1051788330078125
317,0,0,1,0.12301448732614517,3.623706340789795,0.09140326082706451,3.9065139293670654,0.12890625,3.936997413635254,0.10341597348451614,4.0458664894104
318,0,0,1,0.12146493792533875,3.6239309310913086,0.08832409977912903,3.9129576683044434,0.12649473547935486,3.990231513977051,0.10010761767625809,4.08441162109375
319,0,0,1,0.12399603426456451,3.6378960609436035,0.09782066941261292,3.9385218620300293,0.12147241830825806,3.962592363357544,0.10501036047935486,4.014044284820557
320,0,0,1,0.1228201687335968,3.6345105171203613,0.09568319469690323,3.9284002780914307,0.12547831237316132,3.971013307571411,0.10680405050516129,4.066057205200195
321,0,0,1,0.11893883347511292,3.6344594955444336,0.08620157092809677,3.9431824684143066,0.11933992058038712,3.9731128215789795,0.09923070669174194,4.108455657958984
322,0,0,1,0.12512953579425812,3.6323564052581787,0.09867267310619354,3.9115331172943115,0.12787985801696777,3.9790384769439697,0.10612643510103226,4.049389839172363
323,0,0,1,0.11847048252820969,3.6655871868133545,0.08813974261283875,4.006387710571289,0.10501036047935486,3.989656448364258,0.08444275707006454,4.011800765991211
324,0,0,1,0.1267862170934677,3.6275322437286377,0.10352558642625809,3.9004716873168945,0.13201530277729034,3.976600170135498,0.11451689898967743,4.027149200439453
325,0,0,1,0.12191585451364517,3.615452289581299,0.08980388939380646,3.90368390083313,0.12761080265045166,4.00257682800293,0.1026785671710968,4.105201721191406
326,0,0,1,0.118948794901371,3.6351184844970703,0.08568339049816132,3.9494097232818604,0.11833346635103226,4.005473613739014,0.09837372601032257,4.145259380340576
327,0,0,1,0.1219133660197258,3.6198785305023193,0.09019750356674194,3.9018394947052,0.12936463952064514,3.97735333442688,0.10475127398967743,4.079338073730469
328,0,0,1,0.11866728961467743,3.6580593585968018,0.08711834251880646,3.9889047145843506,0.10984335094690323,4.0124287605285645,0.08918606489896774,4.098994255065918
329,0,0,1,0.12708516418933868,3.6753768920898438,0.111502505838871,3.991197109222412,0.114188052713871,3.9658782482147217,0.10178172588348389,3.997062921524048
330,0,0,1,0.11720743030309677,3.6651504039764404,0.08504065871238708,4.025017738342285,0.10904615372419357,4.016174793243408,0.0888671875,4.091948986053467
331,0,0,1,0.12647230923175812,3.537337303161621,0.09886200726032257,3.7628767490386963,0.17022082209587097,3.9289896488189697,0.13151705265045166,4.062585353851318
332,0,0,1,0.12087451666593552,3.6133553981781006,0.08721300959587097,3.900822639465332,0.12609614431858063,4.001264572143555,0.10082509368658066,4.105751991271973
333,0,0,1,0.12551817297935486,3.6237494945526123,0.09976383298635483,3.89986515045166,0.12856744229793549,3.954193115234375,0.11276306957006454,4.0468363761901855
334,0,0,1,0.12185357511043549,3.677856683731079,0.10040158778429031,4.041139602661133,0.10643534362316132,4.01432466506958,0.09400908648967743,4.05511999130249
335,0,0,1,0.12468112260103226,3.627817392349243,0.0980050191283226,3.9102694988250732,0.12733179330825806,3.9841132164001465,0.10935506969690323,4.010388374328613
336,0,0,1,0.12076988816261292,3.615144968032837,0.08604711294174194,3.912275552749634,0.12745137512683868,3.9912431240081787,0.10381457209587097,4.142637729644775
337,0,0,1,0.121337890625,3.6189382076263428,0.08839385211467743,3.919113874435425,0.12595662474632263,4.007595062255859,0.10335618257522583,4.133821964263916
338,0,0,1,0.1224016472697258,3.6092851161956787,0.08972416818141937,3.893547296524048,0.13320112228393555,3.9610981941223145,0.10720264166593552,4.1059675216674805
339,0,0,1,0.12093430757522583,3.6307268142700195,0.09066087007522583,3.946471691131592,0.1211635023355484,3.993009328842163,0.10237962007522583,4.093634605407715
340,0,0,1,0.12774533033370972,3.645930051803589,0.10900131613016129,3.922887086868286,0.12518933415412903,3.9426093101501465,0.11033163219690323,3.992774486541748
341,0,0,1,0.12689831852912903,3.6652204990386963,0.10904116928577423,3.980123281478882,0.11543367058038712,3.953902006149292,0.09803491830825806,3.9463305473327637
342,0,0,1,0.12190339714288712,3.649622917175293,0.09495575726032257,3.9567110538482666,0.11923030763864517,4.000250816345215,0.10222018510103226,4.038993835449219
343,0,0,1,0.12120585143566132,3.6166319847106934,0.08753687143325806,3.918948173522949,0.12878666818141937,4.000309467315674,0.10507015138864517,4.14245080947876
344,0,0,1,0.12408073246479034,3.6156563758850098,0.0957728773355484,3.9047446250915527,0.13021165132522583,3.95500111579895,0.11079001426696777,4.043892860412598
345,0,0,1,0.12152472883462906,3.6421761512756348,0.09422333538532257,3.949130058288574,0.12000757455825806,3.9844722747802734,0.10433274507522583,4.067812919616699
346,0,0,1,0.11755619943141937,3.6511824131011963,0.08315728604793549,3.9881365299224854,0.11694833636283875,3.984747886657715,0.09233497828245163,4.08655309677124
347,0,0,1,0.12137525528669357,3.62383770942688,0.08915118873119354,3.9325435161590576,0.12461136281490326,3.9855258464813232,0.10277821868658066,4.121776103973389
348,0,0,1,0.12382663041353226,3.635368585586548,0.09658502042293549,3.924374580383301,0.1257573366165161,3.968304395675659,0.10666453838348389,4.048953533172607
349,0,0,1,0.12235431373119354,3.6376185417175293,0.09463687986135483,3.962303876876831,0.12301697582006454,3.963871955871582,0.10782046616077423,4.064510345458984
350,0,0,1,0.12119589000940323,3.638533115386963,0.08924087136983871,3.952096462249756,0.1229073628783226,3.994243621826172,0.10000797361135483,4.114786624908447
351,0,0,1,0.12176886945962906,3.6637206077575684,0.09548389166593552,3.987632989883423,0.11679886281490326,4.001535892486572,0.098074771463871,4.040642261505127
352,1,1,1,0.24912557005882263,3.6143438816070557,0.3538893163204193,3.6934404373168945,0.29629701375961304,3.6967780590057373,0.2145647257566452,3.754133462905884
353,1,1,1,0.24829599261283875,3.6391921043395996,0.377162367105484,3.742344617843628,0.30485689640045166,3.725721597671509,0.2287946343421936,3.7545297145843506
354,1,1,1,0.3199712038040161,3.604302406311035,0.488525390625,3.6457791328430176,0.39589643478393555,3.6200006008148193,0.28958067297935486,3.6633172035217285
355,1,1,1,0.2832529544830322,3.615593671798706,0.43123704195022583,3.675520896911621,0.34782564640045166,3.6586735248565674,0.24716995656490326,3.717061758041382
356,1,1,1,0.2803431749343872,3.6128478050231934,0.40962809324264526,3.6851143836975098,0.3414580523967743,3.68117094039917,0.24978075921535492,3.6983962059020996
357,1,1,1,0.3199712038040161,3.604302406311035,0.488525390625,3.6457791328430176,0.39589643478393555,3.6200006008148193,0.28958067297935486,3.6633172035217285
358,1,1,1,0.18532265722751617,3.6388492584228516,0.2282814383506775,3.788353681564331,0.20616430044174194,3.8036153316497803,0.16019611060619354,3.869370460510254
359,1,1,1,0.30954787135124207,3.609705924987793,0.479457288980484,3.6581592559814453,0.38709741830825806,3.6357669830322266,0.2820870578289032,3.6823513507843018
360,1,1,1,0.29298368096351624,3.609926462173462,0.433802992105484,3.672696590423584,0.3615274131298065,3.6707000732421875,0.2592872977256775,3.688931703567505
361,1,1,1,0.23781289160251617,3.63399338722229,0.34020745754241943,3.744570255279541,0.27794164419174194,3.7275922298431396,0.20756934583187103,3.799039840698242
362,1,1,1,0.2986188530921936,3.6105799674987793,0.4559500515460968,3.6647398471832275,0.37237921357154846,3.6452674865722656,0.2679767310619354,3.7008776664733887
363,1,1,1,0.17603784799575806,3.6369669437408447,0.20419622957706451,3.782226800918579,0.19128666818141937,3.8326735496520996,0.13932955265045166,3.9070234298706055
364,1,1,1,0.20756685733795166,3.6490836143493652,0.29180285334587097,3.7768499851226807,0.23921795189380646,3.7685163021087646,0.16848692297935486,3.8236336708068848
365,1,1,1,0.22559839487075806,3.632507801055908,0.30743780732154846,3.739919662475586,0.25765305757522583,3.740795135498047,0.18486925959587097,3.801746368408203
366,1,1,1,0.27721917629241943,3.611342668533325,0.4040876030921936,3.6770856380462646,0.3386479616165161,3.654101848602295,0.2523716390132904,3.6832504272460938
367,1,1,1,0.19809769093990326,3.654468059539795,0.26358717679977417,3.8060033321380615,0.22351323068141937,3.7944271564483643,0.16553731262683868,3.822899103164673
368,1,1,1,0.22744937241077423,3.6431872844696045,0.32902681827545166,3.7654800415039062,0.2707768678665161,3.746034622192383,0.2063336968421936,3.781512498855591
369,1,2,0,0.14649932086467743,3.687344789505005,0.15229889750480652,3.9627702236175537,0.1423090696334839,3.972620964050293,0.0792410671710968,4.077464580535889
370,1,1,1,0.2674236595630646,3.618784189224243,0.39185068011283875,3.687396764755249,0.31985411047935486,3.6689202785491943,0.22885443270206451,3.708090305328369
371,1,3,0,0.12420529127120972,3.6868844032287598,0.10054607689380646,4.041179180145264,0.11455675959587097,4.016353607177734,0.09006297588348389,4.079442501068115
372,1,1,1,0.18466249108314514,3.580101251602173,0.21564093232154846,3.7052218914031982,0.23820152878761292,3.7780706882476807,0.18642377853393555,3.862518787384033
373,1,1,1,0.2733253836631775,3.6155948638916016,0.4106793999671936,3.686612129211426,0.3372628390789032,3.69694185256958,0.2317243218421936,3.739743709564209
374,1,1,1,0.27962321043014526,3.624671459197998,0.4319345951080322,3.6905677318573,0.3539241850376129,3.6696794033050537,0.2645687162876129,3.7098305225372314
375,1,1,1,0.31617456674575806,3.603332996368408,0.47439512610435486,3.6448593139648438,0.3907146751880646,3.624269962310791,0.28162866830825806,3.6447527408599854
376,1,1,1,0.22576779127120972,3.6465213298797607,0.3233816921710968,3.766686201095581,0.26579439640045166,3.7530460357666016,0.19198420643806458,3.811896562576294
377,1,1,1,0.12625807523727417,3.6614904403686523,0.11113380640745163,3.981797695159912,0.12687340378761292,4.003063201904297,0.10511001199483871,4.080773830413818
378,1,1,1,0.3489840626716614,3.5921475887298584,0.5418825745582581,3.622556447982788,0.4414162039756775,3.6054134368896484,0.322963148355484,3.6408514976501465
379,1,1,1,0.2197190821170807,3.642414093017578,0.30456292629241943,3.7458243370056152,0.25456392765045166,3.7225396633148193,0.19423627853393555,3.778473138809204
380,1,1,1,0.203125,3.6383683681488037,0.2644640803337097,3.753687858581543,0.22640305757522583,3.7486355304718018,0.16208943724632263,3.8049919605255127
381,1,1,1,0.16909727454185486,3.6599879264831543,0.1999611258506775,3.8685121536254883,0.1944754421710968,3.9702296257019043,0.12113361060619354,4.1077656745910645
382,1,1,1,0.2576555609703064,3.6275272369384766,0.38637495040893555,3.7090022563934326,0.31552931666374207,3.6964690685272217,0.22311462461948395,3.739973306655884
383,1,1,1,0.2018170952796936,3.643604040145874,0.2728097140789032,3.7721261978149414,0.23680643737316132,3.7549655437469482,0.16834741830825806,3.8053746223449707
384,1,1,1,0.2562156021595001,3.624140739440918,0.3740682601928711,3.709658145904541,0.30611246824264526,3.689833641052246,0.23028936982154846,3.725227117538452
385,1,1,1,0.24331353604793549,3.630124568939209,0.3515973687171936,3.7275497913360596,0.2901686131954193,3.7140355110168457,0.21689651906490326,3.756225347518921
386,1,1,1,0.1994977593421936,3.66628360748291,0.2812250852584839,3.8348777294158936,0.2315150648355484,3.8481900691986084,0.17055962979793549,3.8892264366149902
387,1,1,1,0.2589036524295807,3.6292264461517334,0.38393354415893555,3.7167680263519287,0.31407445669174194,3.6931276321411133,0.24242664873600006,3.7570700645446777
388,1,1,1,0.24917291104793549,3.6273744106292725,0.3676657974720001,3.7113237380981445,0.30220621824264526,3.6943647861480713,0.2284558266401291,3.742650270462036
389,1,1,1,0.28517118096351624,3.613365888595581,0.4269571006298065,3.6661999225616455,0.34231504797935486,3.6498310565948486,0.2407924085855484,3.692683219909668
390,1,1,1,0.21152044832706451,3.6386592388153076,0.2822116017341614,3.748450756072998,0.2445591539144516,3.7288730144500732,0.17191486060619354,3.7862277030944824
391,1,1,1,0.18935097754001617,3.66095232963562,0.2599499821662903,3.816380023956299,0.2204838991165161,3.8158276081085205,0.16619499027729034,3.890754222869873
392,1,1,1,0.32085558772087097,3.6022872924804688,0.48689112067222595,3.637212038040161,0.3950892686843872,3.6161975860595703,0.28742825984954834,3.6522674560546875
393,1,1,1,0.15157395601272583,3.6924378871917725,0.16077905893325806,3.961635112762451,0.15364915132522583,4.013424873352051,0.09464684128761292,4.13729190826416
394,1,1,1,0.25272291898727417,3.6189463138580322,0.3524892330169678,3.6912193298339844,0.29021841287612915,3.6619627475738525,0.21039938926696777,3.7083451747894287
395,1,1,1,0.26420748233795166,3.624751329421997,0.38443678617477417,3.6985666751861572,0.3181401491165161,3.6757187843322754,0.2279575914144516,3.6971497535705566
396,1,1,1,0.230817511677742,3.635075330734253,0.3286930024623871,3.7338335514068604,0.2695810794830322,3.7324881553649902,0.18963249027729034,3.785496473312378
397,1,1,1,0.18307806551456451,3.636979579925537,0.22097715735435486,3.761042594909668,0.20374281704425812,3.8061723709106445,0.1431361585855484,3.895015239715576
398,1,1,1,0.20545679330825806,3.6622490882873535,0.29727357625961304,3.803884983062744,0.24166931211948395,3.781667470932007,0.19198420643806458,3.846984386444092
399,1,1,1,0.25181111693382263,3.6214842796325684,0.36237943172454834,3.7103161811828613,0.2996053695678711,3.6954033374786377,0.22233736515045166,3.7512550354003906
400,1,1,1,0.25345781445503235,3.6221742630004883,0.3633061647415161,3.69943904876709,0.2995954155921936,3.6828536987304688,0.21167489886283875,3.7163166999816895
401,1,2,0,0.11639030277729034,3.6483733654022217,0.08252451568841934,4.02016544342041,0.11211535334587097,3.983290433883667,0.09191644936800003,4.147658348083496
402,1,1,1,0.22270357608795166,3.6285362243652344,0.3002431392669678,3.731081962585449,0.25048828125,3.707124948501587,0.18225844204425812,3.7505741119384766
403,1,1,1,0.2810955345630646,3.6211602687835693,0.4236985743045807,3.6936898231506348,0.34547391533851624,3.6749258041381836,0.2568957209587097,3.7110939025878906
404,1,1,1,0.2335902601480484,3.628880739212036,0.32519033551216125,3.7317020893096924,0.2666812837123871,3.7148194313049316,0.2004743218421936,3.778904438018799
405,1,2,0,0.1508091539144516,3.6856086254119873,0.1662846803665161,3.9478635787963867,0.16128228604793549,4.016373157501221,0.08870774507522583,4.097281455993652
406,1,1,1,0.3296172320842743,3.6042656898498535,0.5163125395774841,3.6538803577423096,0.42162588238716125,3.6383919715881348,0.30939093232154846,3.65459942817688
407,1,1,1,0.26493990421295166,3.6254220008850098,0.398701548576355,3.7042651176452637,0.32664021849632263,3.679215431213379,0.238141730427742,3.723407745361328
408,1,1,1,0.17916682362556458,3.6420695781707764,0.22152522206306458,3.82694935798645,0.2073202282190323,3.861379384994507,0.1679089516401291,3.936617136001587
409,1,1,1,0.3320063352584839,3.604336977005005,0.5116041302680969,3.65366530418396,0.4176299273967743,3.6363158226013184,0.3054647445678711,3.6644482612609863
410,1,1,1,0.32270658016204834,3.606266975402832,0.5045938491821289,3.6524577140808105,0.4111427664756775,3.621779441833496,0.2995854616165161,3.6633846759796143
411,1,1,1,0.22223272919654846,3.6485774517059326,0.31027284264564514,3.7758419513702393,0.25304925441741943,3.7478930950164795,0.19076849520206451,3.789490222930908
412,1,1,1,0.14454121887683868,3.6638054847717285,0.15117286145687103,3.9129891395568848,0.14560745656490326,3.918081045150757,0.11371970176696777,3.98720645904541
413,1,1,1,0.21320202946662903,3.6399199962615967,0.2821567952632904,3.757319450378418,0.23560068011283875,3.7352705001831055,0.17412707209587097,3.796154260635376
414,1,1,1,0.22455206513404846,3.631194829940796,0.312709242105484,3.726681709289551,0.26356226205825806,3.7072479724884033,0.18773914873600006,3.7363057136535645
415,1,1,1,0.15250568091869354,3.6676902770996094,0.16767477989196777,3.882477045059204,0.15397799015045166,3.8609888553619385,0.1142578125,3.910343647003174
416,1,1,1,0.1925671547651291,3.6577401161193848,0.2558344602584839,3.822053909301758,0.2179926633834839,3.811300039291382,0.17149633169174194,3.8632190227508545
417,1,1,1,0.2372000515460968,3.6434977054595947,0.3496193289756775,3.736140727996826,0.28072184324264526,3.7223031520843506,0.20515784621238708,3.773266077041626
418,1,1,1,0.2003697007894516,3.672361135482788,0.2969696521759033,3.8412327766418457,0.23994538187980652,3.8327174186706543,0.19138631224632263,3.869936466217041
419,1,1,1,0.2914167046546936,3.625917911529541,0.4675990343093872,3.7066991329193115,0.3827527165412903,3.7007288932800293,0.28443875908851624,3.7351458072662354
420,1,1,1,0.18709392845630646,3.6147055625915527,0.22078782320022583,3.773813486099243,0.22860530018806458,3.814044713973999,0.14379383623600006,3.910048484802246
421,1,1,1,0.25149473547935486,3.644524097442627,0.3848702609539032,3.742805242538452,0.30731824040412903,3.7388131618499756,0.22381217777729034,3.789848566055298
422,1,1,1,0.32449278235435486,3.5935864448547363,0.48525190353393555,3.62060546875,0.39697265625,3.5965309143066406,0.27830037474632263,3.6280436515808105
423,1,1,1,0.28472524881362915,3.618438959121704,0.4280731678009033,3.6844358444213867,0.34684908390045166,3.6618497371673584,0.2515345811843872,3.715711832046509
424,1,1,1,0.29291144013404846,3.610825300216675,0.4457907974720001,3.667393207550049,0.3646763265132904,3.6485681533813477,0.26072224974632263,3.692936897277832
425,1,1,1,0.2816934287548065,3.6031713485717773,0.4023686647415161,3.661119222640991,0.3309849202632904,3.6569621562957764,0.2179926633834839,3.6914427280426025
426,1,1,1,0.16478246450424194,3.6477134227752686,0.18994140625,3.8379151821136475,0.19202406704425812,3.887908697128296,0.12964364886283875,3.9526517391204834
427,1,1,1,0.2209821343421936,3.6362059116363525,0.30071645975112915,3.735382318496704,0.2516641318798065,3.713284492492676,0.1852678507566452,3.7620482444763184
428,1,1,1,0.19075852632522583,3.662552833557129,0.2546486258506775,3.8245513439178467,0.2135881632566452,3.801530361175537,0.17749521136283875,3.8407814502716064
429,1,1,1,0.16205208003520966,3.6462974548339844,0.17764967679977417,3.8180339336395264,0.17234334349632263,3.8494362831115723,0.13014189898967743,3.9232771396636963
430,1,1,1,0.194562628865242,3.641519069671631,0.25052812695503235,3.7677698135375977,0.22131098806858063,3.7668511867523193,0.15477518737316132,3.8668556213378906
431,1,1,1,0.29316556453704834,3.6220736503601074,0.45693159103393555,3.6961443424224854,0.3759267330169678,3.681086778640747,0.2700294852256775,3.74566388130188
432,1,1,1,0.28918954730033875,3.617161750793457,0.43115234375,3.674382209777832,0.3549306392669678,3.6547250747680664,0.26169881224632263,3.681669235229492
433,1,1,1,0.2806496024131775,3.6088500022888184,0.4055524468421936,3.6666789054870605,0.33179208636283875,3.6440112590789795,0.22624361515045166,3.68772029876709
434,1,1,1,0.33676210045814514,3.607727527618408,0.5363819003105164,3.6551544666290283,0.4478435814380646,3.6297671794891357,0.3221261203289032,3.6669554710388184
435,1,1,1,0.2590581178665161,3.6225526332855225,0.3710439205169678,3.6917014122009277,0.30757731199264526,3.664614677429199,0.22156010568141937,3.721327781677246
436,1,1,1,0.2136853188276291,3.6501893997192383,0.29726362228393555,3.7788374423980713,0.24683114886283875,3.7753331661224365,0.179547980427742,3.837939739227295
437,1,1,1,0.3199712038040161,3.604302406311035,0.488525390625,3.6457791328430176,0.39589643478393555,3.6200006008148193,0.28958067297935486,3.6633172035217285
438,1,1,1,0.1851034313440323,3.733102798461914,0.2826899290084839,3.969367504119873,0.24580475687980652,4.044715404510498,0.15419721603393555,4.153289318084717
439,1,1,1,0.14940409362316132,3.6894049644470215,0.16708685457706451,3.958670139312744,0.16119259595870972,3.9810831546783447,0.09173708409070969,4.062567710876465
440,1,1,1,0.20991858839988708,3.6066956520080566,0.2608567774295807,3.698194980621338,0.2404436320066452,3.717808485031128,0.16049505770206451,3.80230975151062
441,1,1,1,0.26055285334587097,3.63077974319458,0.39168626070022583,3.7144620418548584,0.31903699040412903,3.699493885040283,0.23313935101032257,3.7403829097747803
442,1,1,1,0.21921087801456451,3.6437671184539795,0.3083047568798065,3.773813009262085,0.25441446900367737,3.763503074645996,0.1810825914144516,3.80167293548584
443,1,1,1,0.21357570588588715,3.6415648460388184,0.2868552505970001,3.752453327178955,0.2458246946334839,3.7405245304107666,0.18291613459587097,3.795271396636963
444,1,1,1,0.3217324912548065,3.6091864109039307,0.5070850253105164,3.6627037525177,0.4202806055545807,3.654116153717041,0.30861368775367737,3.6949305534362793
445,1,1,1,0.17590829730033875,3.6555352210998535,0.209088996052742,3.8196115493774414,0.18135163187980652,3.808835744857788,0.14576689898967743,3.8768115043640137
446,1,1,1,0.21130619943141937,3.657038450241089,0.3073381781578064,3.7931554317474365,0.25568997859954834,3.7782065868377686,0.19878028333187103,3.8148186206817627
447,1,1,1,0.2851412892341614,3.623704671859741,0.4349439740180969,3.6980011463165283,0.35690370202064514,3.674893856048584,0.26197782158851624,3.72719669342041
448,1,1,1,0.27438417077064514,3.618549108505249,0.4184072017669678,3.696746587753296,0.33896681666374207,3.688558340072632,0.24089205265045166,3.745842695236206
449,1,1,1,0.21479889750480652,3.642399787902832,0.2957340180873871,3.7611827850341797,0.2520428001880646,3.736093044281006,0.19296076893806458,3.7776286602020264
450,1,1,1,0.23228734731674194,3.6400227546691895,0.35055604577064514,3.752807140350342,0.2864118218421936,3.744450569152832,0.20956233143806458,3.777841091156006
451,1,1,1,0.20673230290412903,3.6092259883880615,0.2531588673591614,3.6994094848632812,0.23963648080825806,3.7257983684539795,0.15648914873600006,3.830489158630371
452,1,1,1,0.27856194972991943,3.627319574356079,0.4332549273967743,3.70656418800354,0.35906606912612915,3.6968889236450195,0.2759486436843872,3.734652519226074
453,1,1,1,0.28630968928337097,3.624091863632202,0.4502999484539032,3.6942474842071533,0.3720204830169678,3.6779792308807373,0.28240591287612915,3.718419313430786
454,1,1,1,0.13046076893806458,3.6730828285217285,0.11581732332706451,3.983652353286743,0.11929009854793549,3.9874696731567383,0.089285708963871,4.10357141494751
455,1,1,1,0.22663722932338715,3.6398532390594482,0.3293905258178711,3.7492663860321045,0.27244099974632263,3.7339062690734863,0.20669244229793549,3.795487403869629
456,1,1,1,0.3199712038040161,3.604302406311035,0.488525390625,3.6457791328430176,0.39589643478393555,3.6200006008148193,0.28958067297935486,3.6633172035217285
457,1,1,1,0.2747727930545807,3.620330810546875,0.41426676511764526,3.6905767917633057,0.33508050441741943,3.676351547241211,0.23790258169174194,3.724972724914551
458,1,1,1,0.2602090537548065,3.619885206222534,0.3873315751552582,3.700767993927002,0.3204420506954193,3.6824331283569336,0.23973612487316132,3.721090793609619
459,1,1,1,0.2454236000776291,3.624351739883423,0.3527234196662903,3.7027249336242676,0.2935467064380646,3.6787970066070557,0.22397162020206451,3.7100908756256104
460,1,1,1,0.19814004004001617,3.680279016494751,0.28899770975112915,3.8620760440826416,0.22833624482154846,3.867417335510254,0.17621970176696777,3.9289753437042236
461,1,1,1,0.23309698700904846,3.638408899307251,0.3255690038204193,3.736039161682129,0.27473294734954834,3.7126948833465576,0.2071707546710968,3.730928421020508
462,1,1,1,0.2050183266401291,3.649460554122925,0.28869378566741943,3.79657244682312,0.2406628578901291,3.8026583194732666,0.1708984375,3.8332362174987793
463,1,1,1,0.16960547864437103,3.6699960231781006,0.1967872977256775,3.8870770931243896,0.17267219722270966,3.9027585983276367,0.12216995656490326,3.941272497177124
464,1,1,1,0.3210947513580322,3.607393980026245,0.49888890981674194,3.6582608222961426,0.40662866830825806,3.6405675411224365,0.29982462525367737,3.688580274581909
465,1,1,1,0.22940997779369354,3.6343674659729004,0.33688417077064514,3.7422428131103516,0.2857242524623871,3.7305827140808105,0.21179448068141937,3.755340099334717
466,1,1,1,0.1980428844690323,3.6501963138580322,0.26838529109954834,3.7869341373443604,0.22703084349632263,3.770750045776367,0.1736088991165161,3.8236711025238037
467,1,1,1,0.19067631661891937,3.62868595123291,0.22790776193141937,3.7325215339660645,0.2136579155921936,3.7702531814575195,0.14245854318141937,3.8686347007751465
468,1,1,1,0.17166823148727417,3.6329362392425537,0.19711115956306458,3.7850914001464844,0.1946249157190323,3.8159337043762207,0.14180085062980652,3.9165143966674805
469,1,1,1,0.30534517765045166,3.6090986728668213,0.4674694836139679,3.6627159118652344,0.38293206691741943,3.6451544761657715,0.28025349974632263,3.6899445056915283
470,1,1,1,0.23017726838588715,3.6121327877044678,0.3090122640132904,3.713318347930908,0.27779215574264526,3.7356960773468018,0.17470502853393555,3.82991099357605
471,1,1,1,0.20927833020687103,3.6459062099456787,0.29204699397087097,3.7752110958099365,0.2453264445066452,3.7703804969787598,0.177594855427742,3.8242621421813965
472,1,1,1,0.2806670367717743,3.6135432720184326,0.41228872537612915,3.66513991355896,0.3379005789756775,3.6451973915100098,0.2442801296710968,3.6919312477111816
473,1,1,1,0.12485550343990326,3.5147452354431152,0.09468171745538712,3.748408079147339,0.18466995656490326,3.941344738006592,0.14124281704425812,4.111048221588135
474,1,1,1,0.21377749741077423,3.644338846206665,0.2972835600376129,3.7561426162719727,0.2467912882566452,3.750868082046509,0.17342951893806458,3.8055620193481445
475,1,1,1,0.25273287296295166,3.629685878753662,0.37881654500961304,3.7194790840148926,0.31260961294174194,3.698320150375366,0.23405611515045166,3.741314649581909
476,1,1,1,0.20939293503761292,3.663196563720703,0.2868502736091614,3.8501875400543213,0.2331792116165161,3.884999990463257,0.16647401452064514,4.010056495666504
477,1,1,1,0.25644978880882263,3.6191604137420654,0.37712252140045166,3.6993789672851562,0.3164660334587097,3.697871446609497,0.22016501426696777,3.746990203857422
478,1,1,1,0.12485550343990326,3.5147452354431152,0.09468171745538712,3.748408079147339,0.18466995656490326,3.941344738006592,0.14124281704425812,4.111048221588135
479,1,1,1,0.19256965816020966,3.653902292251587,0.2588139772415161,3.7905092239379883,0.21754424273967743,3.7788925170898438,0.15971778333187103,3.8432743549346924
480,1,1,1,0.20292818546295166,3.65704607963562,0.28011399507522583,3.7962470054626465,0.23396643996238708,3.774777412414551,0.17763471603393555,3.83305287361145
481,1,1,1,0.2268415093421936,3.6281189918518066,0.3071737289428711,3.72725510597229,0.26070231199264526,3.7154650688171387,0.1941167116165161,3.8131415843963623
482,1,1,1,0.23136559128761292,3.621199131011963,0.30775171518325806,3.697864532470703,0.26482778787612915,3.6831727027893066,0.1768973171710968,3.734452486038208
483,1,1,1,0.13371680676937103,3.548560857772827,0.10712292790412903,3.739255905151367,0.1810925453901291,3.898805856704712,0.13757573068141937,4.077792167663574
484,1,1,1,0.2592051029205322,3.625544309616089,0.387715220451355,3.700164556503296,0.32055166363716125,3.685525894165039,0.22560586035251617,3.7201414108276367
485,1,1,1,0.220319464802742,3.635631799697876,0.3098493218421936,3.73811674118042,0.2585299611091614,3.7302651405334473,0.18746013939380646,3.7746119499206543
486,1,1,1,0.22737713158130646,3.6322927474975586,0.3126843571662903,3.739917516708374,0.26427972316741943,3.732966423034668,0.18867585062980652,3.809443235397339
487,1,1,1,0.24052086472511292,3.6251463890075684,0.3389369249343872,3.7031869888305664,0.27982500195503235,3.6903600692749023,0.20350366830825806,3.7506611347198486
488,1,1,1,0.2511409819126129,3.617002248764038,0.3569435477256775,3.6964266300201416,0.2981305718421936,3.674410104751587,0.2286551296710968,3.7111480236053467
489,1,1,1,0.25009217858314514,3.6291327476501465,0.3763502538204193,3.7221949100494385,0.3099190890789032,3.731809377670288,0.21532206237316132,3.7792484760284424
490,1,1,1,0.19148097932338715,3.6561238765716553,0.24406588077545166,3.781280040740967,0.2119838148355484,3.786489963531494,0.1695033460855484,3.8683128356933594
491,1,1,1,0.12424515187740326,3.57263445854187,0.09290796518325806,3.8219552040100098,0.15086893737316132,3.9061427116394043,0.1194196417927742,4.0262017250061035
492,1,1,1,0.2510462999343872,3.643730401992798,0.3851841390132904,3.7562217712402344,0.312709242105484,3.751983642578125,0.22975127398967743,3.7980568408966064
493,1,1,1,0.20070600509643555,3.6395084857940674,0.2502690553665161,3.771670341491699,0.22673189640045166,3.7512855529785156,0.14502950012683868,3.7760066986083984
494,1,1,1,0.16494439542293549,3.639223575592041,0.17976222932338715,3.8126888275146484,0.17737562954425812,3.848483085632324,0.1350446343421936,3.962367296218872
495,1,1,1,0.192243292927742,3.6386845111846924,0.23110151290893555,3.791044235229492,0.2152024805545807,3.80876088142395,0.13329081237316132,3.912679433822632
496,1,1,1,0.19966468214988708,3.6480965614318848,0.2700793147087097,3.79463529586792,0.2414999157190323,3.8036723136901855,0.1995774805545807,3.8296384811401367
497,1,1,1,0.21015027165412903,3.643155097961426,0.28425443172454834,3.7536063194274902,0.24034398794174194,3.730958938598633,0.17908960580825806,3.798798084259033
498,1,1,1,0.2872164845466614,3.6140894889831543,0.43149611353874207,3.678128957748413,0.3557378053665161,3.6587860584259033,0.2557796537876129,3.6943275928497314
499,1,1,1,0.23602917790412903,3.6315438747406006,0.3340092897415161,3.7208406925201416,0.2787288725376129,3.709949493408203,0.19734534621238708,3.7350029945373535
500,1,3,0,0.12047094106674194,3.6891517639160156,0.09143813699483871,4.0646796226501465,0.10791015625,3.9833779335021973,0.08209104090929031,4.041272163391113
501,1,1,1,0.13131526112556458,3.677581548690796,0.13361965119838715,4.026400089263916,0.1307995766401291,4.076261043548584,0.11051099747419357,4.196573257446289
502,1,1,1,0.2733951508998871,3.624349594116211,0.4155871272087097,3.700803279876709,0.33625638484954834,3.68607759475708,0.24647241830825806,3.7302498817443848
503,1,1,1,0.24212272465229034,3.6309804916381836,0.34746691584587097,3.724210500717163,0.2855050265789032,3.7029073238372803,0.20709103345870972,3.7364065647125244
504,1,1,1,0.2519182562828064,3.6151182651519775,0.34996312856674194,3.6840360164642334,0.29286909103393555,3.65539288520813,0.21022002398967743,3.7053470611572266
505,1,1,1,0.26288214325904846,3.6320137977600098,0.40923449397087097,3.712254285812378,0.33263909816741943,3.709625244140625,0.23684629797935486,3.785257577896118
506,1,1,1,0.182373046875,3.657090902328491,0.23921296000480652,3.817354440689087,0.20112204551696777,3.8259425163269043,0.16035553812980652,3.849863290786743
507,1,1,1,0.2554607689380646,3.623605489730835,0.3641432225704193,3.698720693588257,0.2977917790412903,3.6728014945983887,0.21593989431858063,3.7175819873809814
508,1,1,1,0.30427396297454834,3.605642795562744,0.4573351740837097,3.656222343444824,0.36945950984954834,3.6352896690368652,0.26759806275367737,3.689431667327881
509,1,1,1,0.12868452072143555,3.6361048221588135,0.10912089049816132,3.920506000518799,0.13822345435619354,3.9386489391326904,0.10963408648967743,4.07889461517334
510,1,1,1,0.3199712038040161,3.604302406311035,0.488525390625,3.6457791328430176,0.39589643478393555,3.6200006008148193,0.28958067297935486,3.6633172035217285
511,1,1,1,0.18297094106674194,3.6351332664489746,0.220458984375,3.775080680847168,0.20987124741077423,3.8044252395629883,0.1512276828289032,3.9227728843688965
512,1,1,1,0.3089674413204193,3.602062463760376,0.4662637412548065,3.64953351020813,0.37845781445503235,3.637878894805908,0.2721819281578064,3.671377420425415
513,1,1,1,0.2599599361419678,3.61812162399292,0.3705456852912903,3.6916096210479736,0.30339205265045166,3.6680681705474854,0.22859534621238708,3.73897123336792
514,1,1,1,0.20440548658370972,3.6507372856140137,0.27728894352912903,3.789660930633545,0.23225246369838715,3.780151844024658,0.17137674987316132,3.8652169704437256
515,1,1,1,0.25540098547935486,3.6333301067352295,0.3763701617717743,3.727822780609131,0.3066904544830322,3.7100107669830322,0.234235480427742,3.73776912689209
516,1,1,1,0.3199712038040161,3.604302406311035,0.488525390625,3.6457791328430176,0.39589643478393555,3.6200006008148193,0.28958067297935486,3.6633172035217285
517,1,1,1,0.2584552466869354,3.6328532695770264,0.3981833755970001,3.7139782905578613,0.3274972140789032,3.6920127868652344,0.23178412020206451,3.73138427734375
518,1,1,1,0.2688760459423065,3.6239564418792725,0.40640944242477417,3.704246759414673,0.3359873294830322,3.687279462814331,0.24681122601032257,3.7295703887939453
519,1,1,1,0.2549948990345001,3.61832594871521,0.358662486076355,3.6888656616210938,0.29949575662612915,3.660688638687134,0.21259167790412903,3.71379017829895
520,1,1,1,0.2514723241329193,3.597832441329956,0.33141839504241943,3.648059844970703,0.2882952094078064,3.656804084777832,0.1843710094690323,3.7131121158599854
521,1,1,1,0.2897675037384033,3.6203842163085938,0.4401357173919678,3.6936163902282715,0.36490553617477417,3.6582648754119873,0.2680564224720001,3.7127881050109863
522,1,1,1,0.2622493803501129,3.617370843887329,0.3779645562171936,3.690570592880249,0.31168287992477417,3.674083948135376,0.21882972121238708,3.7143898010253906
523,1,1,1,0.1554403454065323,3.6822502613067627,0.163190558552742,3.9334716796875,0.15970782935619354,3.9966306686401367,0.09859295189380646,4.091368675231934
524,1,1,1,0.21614915132522583,3.630295991897583,0.29707926511764526,3.7320587635040283,0.2616390287876129,3.751866340637207,0.17695710062980652,3.7856740951538086
525,1,1,1,0.2286302149295807,3.6407697200775146,0.32620176672935486,3.761814594268799,0.2664520740509033,3.7605371475219727,0.19680723547935486,3.7963545322418213
526,1,1,1,0.24306939542293549,3.6253767013549805,0.34100964665412903,3.7152771949768066,0.2824358344078064,3.686412811279297,0.2165975719690323,3.7569010257720947
527,1,1,1,0.1714116334915161,3.641077756881714,0.19381776452064514,3.801722288131714,0.1853276491165161,3.851435661315918,0.13765545189380646,3.9428117275238037
528,1,1,1,0.19661541283130646,3.648226737976074,0.26535096764564514,3.789717674255371,0.22339364886283875,3.7755374908447266,0.17253267765045166,3.834238290786743
529,1,1,1,0.238630011677742,3.643044948577881,0.35190626978874207,3.746520519256592,0.28301379084587097,3.739058494567871,0.21277104318141937,3.7770700454711914
530,1,1,1,0.21289560198783875,3.6580777168273926,0.3041543662548065,3.807617425918579,0.2504384517669678,3.808093309402466,0.1870216727256775,3.8505966663360596
531,1,1,1,0.2520602345466614,3.63222599029541,0.3850346803665161,3.7403788566589355,0.3101482689380646,3.751220941543579,0.22142060101032257,3.7792978286743164
532,1,1,1,0.2779565751552582,3.6282646656036377,0.4304448366165161,3.702958583831787,0.3500179350376129,3.681793689727783,0.25765305757522583,3.7223081588745117
533,1,1,1,0.17466267943382263,3.6691958904266357,0.22058852016925812,3.8458428382873535,0.18403220176696777,3.8235325813293457,0.1374162882566452,3.84916615486145
534,1,1,1,0.22241708636283875,3.645855665206909,0.31198182702064514,3.765155792236328,0.2598951756954193,3.7432613372802734,0.19612962007522583,3.785895824432373
535,1,1,1,0.17460289597511292,3.63730788230896,0.19758948683738708,3.7699270248413086,0.19230309128761292,3.7902374267578125,0.13550302386283875,3.8773348331451416
536,1,1,1,0.19008339941501617,3.623084783554077,0.2271653711795807,3.718794584274292,0.22275589406490326,3.7523932456970215,0.14783960580825806,3.8092477321624756
537,1,1,1,0.2230149805545807,3.6292226314544678,0.2961077094078064,3.7358908653259277,0.25455397367477417,3.712702989578247,0.17392776906490326,3.7379398345947266
538,1,1,1,0.21323440968990326,3.631025552749634,0.2742745578289032,3.741516590118408,0.23114636540412903,3.7081823348999023,0.1669323891401291,3.7745940685272217
539,1,1,1,0.25519171357154846,3.6236772537231445,0.36578741669654846,3.7069809436798096,0.30208665132522583,3.6927592754364014,0.21942761540412903,3.7485921382904053
540,1,1,1,0.16391302645206451,3.6659674644470215,0.1968919336795807,3.8652732372283936,0.17693717777729034,3.856386661529541,0.13592155277729034,3.9206745624542236
541,1,1,1,0.22016003727912903,3.6402900218963623,0.3142189383506775,3.746166706085205,0.2643096148967743,3.7326948642730713,0.19160553812980652,3.7689826488494873
542,1,1,1,0.18048469722270966,3.639796733856201,0.21440528333187103,3.782789468765259,0.19494380056858063,3.8011040687561035,0.14923469722270966,3.8600428104400635
543,1,1,1,0.26209989190101624,3.614424705505371,0.37067022919654846,3.6846697330474854,0.3121412694454193,3.6652727127075195,0.22618383169174194,3.718653678894043
544,1,1,1,0.30687978863716125,3.6150474548339844,0.48628824949264526,3.6864960193634033,0.40051019191741943,3.6633410453796387,0.3028738796710968,3.6972429752349854
545,1,1,1,0.24590939283370972,3.6502785682678223,0.38225942850112915,3.7723569869995117,0.31085577607154846,3.769770860671997,0.22289539873600006,3.831723928451538
546,1,1,1,0.16790646314620972,3.637932300567627,0.18649354577064514,3.8011221885681152,0.17814293503761292,3.844269275665283,0.1330317258834839,3.9131085872650146
547,1,1,1,0.26308146119117737,3.634091854095459,0.40409258008003235,3.7275686264038086,0.3314732015132904,3.7046055793762207,0.24350287020206451,3.7565066814422607
548,1,1,1,0.3138278126716614,3.605264663696289,0.47940248250961304,3.649150848388672,0.38925978541374207,3.6324398517608643,0.28150907158851624,3.6827609539031982
549,1,1,1,0.22930534183979034,3.633396625518799,0.31725823879241943,3.72939133644104,0.26328322291374207,3.7166647911071777,0.19184470176696777,3.7698941230773926
550,1,1,1,0.3027966618537903,3.617664337158203,0.48135560750961304,3.6766586303710938,0.39422231912612915,3.6625211238861084,0.29376593232154846,3.7009499073028564
551,1,1,1,0.12995754182338715,3.6593759059906006,0.10887674987316132,3.9314022064208984,0.12616589665412903,3.9301793575286865,0.09606186300516129,4.029045581817627
552,1,1,1,0.1843361258506775,3.6530935764312744,0.22783301770687103,3.802851676940918,0.19812260568141937,3.8145055770874023,0.16282685101032257,3.874296188354492
553,1,1,1,0.24798209965229034,3.6260573863983154,0.3617117702960968,3.706599473953247,0.2941645383834839,3.6966803073883057,0.21552136540412903,3.7348806858062744
554,1,1,1,0.3199712038040161,3.604302406311035,0.488525390625,3.6457791328430176,0.39589643478393555,3.6200006008148193,0.28958067297935486,3.6633172035217285
555,1,1,1,0.2128557413816452,3.6466140747070312,0.30200693011283875,3.775233507156372,0.24899353086948395,3.7756834030151367,0.17749521136283875,3.8239388465881348
556,1,1,1,0.16892288625240326,3.6363649368286133,0.18640385568141937,3.7869668006896973,0.18063417077064514,3.819716453552246,0.13572224974632263,3.9010279178619385
557,1,1,1,0.17780910432338715,3.629655122756958,0.21371771395206451,3.781810998916626,0.20761917531490326,3.8157906532287598,0.15417729318141937,3.8875386714935303
558,1,1,1,0.18672771751880646,3.676614999771118,0.2588239312171936,3.8551599979400635,0.2104591727256775,3.837878704071045,0.176618292927742,3.8626720905303955
559,1,1,1,0.2628696858882904,3.6299967765808105,0.4077746272087097,3.7167224884033203,0.3386080861091614,3.7004120349884033,0.24027423560619354,3.7489216327667236
560,1,1,1,0.19318747520446777,3.659367799758911,0.2627650499343872,3.829174518585205,0.21984614431858063,3.8215484619140625,0.18215879797935486,3.8572208881378174
561,1,1,1,0.28748804330825806,3.622720956802368,0.4332449734210968,3.7015433311462402,0.3568738102912903,3.6954457759857178,0.26365193724632263,3.730818748474121
562,1,1,1,0.167463019490242,3.6854257583618164,0.216552734375,3.9030439853668213,0.1818598508834839,3.888493061065674,0.15218430757522583,3.887113571166992
563,1,1,1,0.30609753727912903,3.614299774169922,0.47528699040412903,3.665454149246216,0.39136239886283875,3.6411876678466797,0.28443875908851624,3.691563844680786
564,1,1,1,0.27318090200424194,3.6189208030700684,0.40766003727912903,3.6853299140930176,0.3297193944454193,3.664440393447876,0.24057318270206451,3.709965944290161
565,1,1,1,0.2268415093421936,3.6316332817077637,0.3136260211467743,3.7325644493103027,0.2648577094078064,3.7253470420837402,0.1999162882566452,3.765028476715088
566,1,1,1,0.17335478961467743,3.638519287109375,0.19868561625480652,3.789778470993042,0.1914760023355484,3.837418794631958,0.138671875,3.973986864089966
567,1,1,1,0.20039710402488708,3.6524035930633545,0.2735869586467743,3.783154249191284,0.22933274507522583,3.7717041969299316,0.17350924015045166,3.8203537464141846
568,1,1,1,0.24544353783130646,3.629660129547119,0.3580945134162903,3.724937677383423,0.2933274805545807,3.704749345779419,0.21552136540412903,3.7455151081085205
569,1,1,1,0.27840250730514526,3.6165831089019775,0.421107679605484,3.6819376945495605,0.34601202607154846,3.660282850265503,0.2523118555545807,3.6864140033721924
570,1,1,1,0.35443487763404846,3.594041109085083,0.5526596307754517,3.6226413249969482,0.4507433772087097,3.6075873374938965,0.3226243555545807,3.6549296379089355
571,1,1,1,0.18724589049816132,3.6578855514526367,0.25113600492477417,3.8123958110809326,0.21320949494838715,3.802626609802246,0.15943877398967743,3.8203749656677246
572,1,1,1,0.1898118555545807,3.6331899166107178,0.23143534362316132,3.74904203414917,0.2167271226644516,3.781139373779297,0.1501116007566452,3.8848910331726074
573,1,1,1,0.2288569211959839,3.6352148056030273,0.31939074397087097,3.7263622283935547,0.2609614133834839,3.713150978088379,0.19941803812980652,3.7668399810791016
574,1,1,1,0.23967134952545166,3.6267073154449463,0.33727777004241943,3.7192766666412354,0.28039300441741943,3.70356822013855,0.20703125,3.7583749294281006
575,1,1,1,0.2564348578453064,3.5981152057647705,0.3475516140460968,3.6551787853240967,0.2980807423591614,3.662755250930786,0.19166533648967743,3.734532594680786
576,1,1,1,0.3292161524295807,3.5944533348083496,0.5000647902488708,3.631714344024658,0.40755540132522583,3.61903715133667,0.2958187162876129,3.6451525688171387
577,1,1,1,0.24129065871238708,3.6421284675598145,0.36216017603874207,3.7416181564331055,0.29326769709587097,3.7280325889587402,0.21392697095870972,3.786100149154663
578,1,1,1,0.14221689105033875,3.6981098651885986,0.1457170695066452,3.9863572120666504,0.14647440612316132,4.011497497558594,0.0856584832072258,4.111912727355957
579,1,1,1,0.22389687597751617,3.6299264430999756,0.3082300126552582,3.72922420501709,0.2632533311843872,3.722991943359375,0.18919403851032257,3.7395975589752197
580,1,1,1,0.29244309663772583,3.6161906719207764,0.444789320230484,3.678316593170166,0.3682936131954193,3.664682388305664,0.2702487111091614,3.6724188327789307
581,1,1,1,0.21284827589988708,3.6256041526794434,0.2856196165084839,3.7289140224456787,0.2590680718421936,3.739518404006958,0.18550701439380646,3.7739579677581787
582,1,1,1,0.19984902441501617,3.6538686752319336,0.27371153235435486,3.7875125408172607,0.22693119943141937,3.764457941055298,0.17402741312980652,3.8097801208496094
583,1,1,1,0.2513178586959839,3.6244683265686035,0.3653589189052582,3.701796054840088,0.3037208914756775,3.6931657791137695,0.22040417790412903,3.740482807159424
584,1,1,1,0.20842383801937103,3.6327168941497803,0.2682955861091614,3.7426087856292725,0.2320033460855484,3.734644889831543,0.1577845960855484,3.795377016067505
585,1,1,1,0.122314453125,3.650331974029541,0.09656010568141937,3.9776058197021484,0.12355508655309677,4.0213727951049805,0.10110411047935486,4.1454758644104
586,1,1,1,0.16381587088108063,3.631263494491577,0.1815359890460968,3.810896158218384,0.1894630789756775,3.842318296432495,0.13422751426696777,3.9465479850769043
587,1,1,1,0.3199712038040161,3.604302406311035,0.488525390625,3.6457791328430176,0.39589643478393555,3.6200006008148193,0.28958067297935486,3.6633172035217285
588,1,1,1,0.2105812430381775,3.6455771923065186,0.2922213673591614,3.7716453075408936,0.24119099974632263,3.758056402206421,0.1884765625,3.807126998901367
589,1,1,1,0.1897072196006775,3.658371686935425,0.2575185298919678,3.8100223541259766,0.2175043821334839,3.7948412895202637,0.17277184128761292,3.856038808822632
590,1,1,1,0.1513148695230484,3.681753158569336,0.16271723806858063,3.932328939437866,0.16192004084587097,3.9856605529785156,0.09596221148967743,4.110695838928223
591,1,1,1,0.209699347615242,3.652782917022705,0.2946627736091614,3.782668352127075,0.24346300959587097,3.769646406173706,0.1877790093421936,3.810974359512329
592,1,1,1,0.19563636183738708,3.6507577896118164,0.2641153037548065,3.7916014194488525,0.22498804330825806,3.7784125804901123,0.1715959757566452,3.8354239463806152
593,1,1,1,0.20991858839988708,3.6066956520080566,0.2608567774295807,3.698194980621338,0.2404436320066452,3.717808485031128,0.16049505770206451,3.80230975151062
594,1,1,1,0.20576320588588715,3.604951858520508,0.25418028235435486,3.6976771354675293,0.24193836748600006,3.7348737716674805,0.1605747789144516,3.8491995334625244
595,1,1,1,0.17613500356674194,3.6830217838287354,0.23105667531490326,3.90171217918396,0.1886858195066452,3.8909428119659424,0.1560307741165161,3.968322992324829
596,1,1,1,0.2850615680217743,3.6128852367401123,0.4198770225048065,3.671381711959839,0.35182157158851624,3.6503994464874268,0.2599848508834839,3.671674966812134
597,1,1,1,0.18862852454185486,3.6385884284973145,0.22610411047935486,3.7869324684143066,0.2076590359210968,3.784874439239502,0.13229432702064514,3.846339225769043
598,1,1,1,0.28270238637924194,3.6220710277557373,0.4333047568798065,3.6896142959594727,0.35005778074264526,3.6728627681732178,0.2523716390132904,3.7221038341522217
599,1,1,1,0.19510571658611298,3.653306484222412,0.26371172070503235,3.8010504245758057,0.22718031704425812,3.7760329246520996,0.17211414873600006,3.789370059967041
600,1,1,1,0.28848204016685486,3.6047635078430176,0.424072265625,3.6555285453796387,0.3486925959587097,3.6366312503814697,0.2503587305545807,3.6829326152801514
601,1,1,1,0.1825050711631775,3.649244546890259,0.22406628727912903,3.7923107147216797,0.1969168484210968,3.814584255218506,0.15850207209587097,3.890984535217285
602,1,1,1,0.23721499741077423,3.63710355758667,0.34451231360435486,3.7341527938842773,0.2759386897087097,3.727456569671631,0.20328442752361298,3.7983334064483643
603,1,1,1,0.3030657172203064,3.6065447330474854,0.456074595451355,3.6641757488250732,0.37510961294174194,3.659724235534668,0.27367666363716125,3.698441505432129
604,1,1,1,0.1777692437171936,3.6491634845733643,0.21908880770206451,3.8042163848876953,0.1953822523355484,3.8009893894195557,0.1657366007566452,3.8246753215789795
605,1,1,1,0.3199712038040161,3.604302406311035,0.488525390625,3.6457791328430176,0.39589643478393555,3.6200006008148193,0.28958067297935486,3.6633172035217285
606,1,1,1,0.3304617702960968,3.6042895317077637,0.5118881464004517,3.654927968978882,0.42003148794174194,3.6397950649261475,0.3017578125,3.6828479766845703
607,1,1,1,0.14854960143566132,3.668902635574341,0.16199976205825806,3.918896436691284,0.14853714406490326,3.9235877990722656,0.12496013939380646,3.9748005867004395
608,1,1,1,0.2891422212123871,3.621501922607422,0.45195910334587097,3.6943445205688477,0.3661511540412903,3.6740963459014893,0.27802136540412903,3.705519676208496
609,1,1,1,0.23017726838588715,3.6121327877044678,0.3090122640132904,3.713318347930908,0.27779215574264526,3.7356960773468018,0.17470502853393555,3.82991099357605
610,1,1,1,0.32545438408851624,3.605595588684082,0.5003089308738708,3.655824899673462,0.4124780595302582,3.634793281555176,0.2996850907802582,3.665159225463867
611,1,1,1,0.20275379717350006,3.641969919204712,0.2562679350376129,3.792510747909546,0.22764867544174194,3.7836287021636963,0.15501435101032257,3.8551042079925537
612,1,1,1,0.19985650479793549,3.6488707065582275,0.273681640625,3.7783138751983643,0.23576012253761292,3.760852098464966,0.18221858143806458,3.7973313331604004
613,1,1,1,0.29042768478393555,3.621556043624878,0.45050421357154846,3.695005416870117,0.36973851919174194,3.6694695949554443,0.2752511203289032,3.720005750656128
614,1,1,1,0.3199712038040161,3.604302406311035,0.488525390625,3.6457791328430176,0.39589643478393555,3.6200006008148193,0.28958067297935486,3.6633172035217285
615,1,1,1,0.22474390268325806,3.651550769805908,0.33581292629241943,3.7686760425567627,0.27310866117477417,3.7598423957824707,0.20222815871238708,3.783778429031372
616,1,1,1,0.23484833538532257,3.630518674850464,0.32266920804977417,3.728787422180176,0.2693319320678711,3.7033445835113525,0.1994379758834839,3.7570700645446777
617,1,1,1,0.24270567297935486,3.6265807151794434,0.33644571900367737,3.715620756149292,0.2795260548591614,3.6884958744049072,0.2087651491165161,3.732697010040283
618,1,1,1,0.25666654109954834,3.6152114868164062,0.36099427938461304,3.684112548828125,0.2954898774623871,3.6662395000457764,0.21621890366077423,3.7102959156036377
619,1,1,1,0.3055519461631775,3.6071290969848633,0.4602947533130646,3.654167890548706,0.3707449734210968,3.6339738368988037,0.2631736099720001,3.683983325958252
620,1,1,1,0.16358168423175812,3.633126735687256,0.17914938926696777,3.8022027015686035,0.1838827282190323,3.8366661071777344,0.13502471148967743,3.9341697692871094
621,1,1,1,0.2072405070066452,3.647172689437866,0.28152403235435486,3.7702953815460205,0.2401646226644516,3.761545181274414,0.17841199040412903,3.8040661811828613
622,1,1,1,0.18787866830825806,3.66143798828125,0.25758329033851624,3.8330302238464355,0.2150629758834839,3.855713129043579,0.15355946123600006,3.9804022312164307
623,1,1,1,0.32074347138404846,3.6084940433502197,0.5008071660995483,3.6545655727386475,0.40545278787612915,3.6317832469940186,0.30074137449264526,3.6655399799346924
624,1,1,1,0.25256097316741943,3.614598512649536,0.3559470474720001,3.6812989711761475,0.2961276173591614,3.6581082344055176,0.2055763602256775,3.699951410293579
625,1,1,1,0.27602338790893555,3.614938974380493,0.4119250178337097,3.677217960357666,0.33918607234954834,3.665050745010376,0.24964125454425812,3.7054924964904785
626,1,1,1,0.18314284086227417,3.660069465637207,0.24036890268325806,3.8416764736175537,0.2085658460855484,3.830960273742676,0.17330995202064514,3.857635736465454
627,1,1,1,0.17801837623119354,3.634162664413452,0.20715083181858063,3.759091854095459,0.20094268023967743,3.785618543624878,0.1353236585855484,3.889690637588501
628,1,1,1,0.17870844900608063,3.6598870754241943,0.22347834706306458,3.8146612644195557,0.19445551931858063,3.798811197280884,0.16515864431858063,3.8641245365142822
629,1,1,1,0.20601482689380646,3.6463794708251953,0.28053751587867737,3.770890712738037,0.2302694469690323,3.749394178390503,0.17496412992477417,3.7514524459838867
630,1,1,1,0.26633498072624207,3.630667209625244,0.4099818468093872,3.7171902656555176,0.3314732015132904,3.7075817584991455,0.23997528851032257,3.744124174118042
631,1,1,1,0.21743960678577423,3.6422629356384277,0.2978864312171936,3.766420841217041,0.24841557443141937,3.7532191276550293,0.18997129797935486,3.8225975036621094
632,1,1,1,0.1925148367881775,3.64953351020813,0.25292471051216125,3.7984752655029297,0.21564093232154846,3.803096055984497,0.1555524468421936,3.871492624282837
633,1,1,1,0.2554607689380646,3.632479667663574,0.3948202133178711,3.7249691486358643,0.3218670189380646,3.7180495262145996,0.23941724002361298,3.7698326110839844
634,1,1,1,0.2802634537220001,3.6146488189697266,0.41992685198783875,3.6825499534606934,0.34372010827064514,3.6719043254852295,0.2509765625,3.7080917358398438
635,1,1,1,0.16840720176696777,3.6776034832000732,0.2116101235151291,3.8899483680725098,0.18322505056858063,3.8856801986694336,0.14752072095870972,3.891650915145874
636,1,1,1,0.2843964099884033,3.616044282913208,0.42833226919174194,3.672971248626709,0.3495296537876129,3.6499030590057373,0.2543845474720001,3.6928863525390625
637,1,1,1,0.20841138064861298,3.647254228591919,0.28400030732154846,3.790912389755249,0.23796236515045166,3.7768843173980713,0.19194434583187103,3.788391590118408
638,1,1,1,0.19169025123119354,3.657968044281006,0.26330316066741943,3.8095977306365967,0.22139069437980652,3.799838066101074,0.16163106262683868,3.863748550415039
639,1,1,1,0.19176000356674194,3.632512331008911,0.23846061527729034,3.7551190853118896,0.2158900648355484,3.7779829502105713,0.15866151452064514,3.8787841796875
640,1,1,1,0.24333345890045166,3.6362054347991943,0.3504115343093872,3.7261300086975098,0.28296396136283875,3.702669382095337,0.216796875,3.7598824501037598
641,1,1,1,0.1388636976480484,3.6713192462921143,0.14013671875,3.9766764640808105,0.14281727373600006,4.04667854309082,0.10108418017625809,4.169558525085449
642,1,1,1,0.3199712038040161,3.604302406311035,0.488525390625,3.6457791328430176,0.39589643478393555,3.6200006008148193,0.28958067297935486,3.6633172035217285
643,1,1,1,0.24126075208187103,3.6247262954711914,0.34528958797454834,3.7092106342315674,0.2858538031578064,3.706721067428589,0.208844855427742,3.7538888454437256
644,1,1,1,0.2180350124835968,3.639800786972046,0.29550978541374207,3.7418646812438965,0.25081712007522583,3.718355178833008,0.17737562954425812,3.7643821239471436
645,1,1,1,0.20631377398967743,3.6384997367858887,0.26443418860435486,3.771428108215332,0.23457428812980652,3.7679269313812256,0.16173070669174194,3.777695655822754
646,1,1,1,0.22035185992717743,3.647793769836426,0.3212790787220001,3.7706801891326904,0.26644212007522583,3.7529358863830566,0.20711097121238708,3.7918591499328613
647,1,1,1,0.12485550343990326,3.5147452354431152,0.09468171745538712,3.748408079147339,0.18466995656490326,3.941344738006592,0.14124281704425812,4.111048221588135
648,1,1,1,0.22662228345870972,3.6366963386535645,0.32112962007522583,3.735539674758911,0.26440927386283875,3.7154970169067383,0.19842155277729034,3.7695860862731934
649,1,1,1,0.18899722397327423,3.6140379905700684,0.22088249027729034,3.728209972381592,0.2247488796710968,3.763944387435913,0.1402064710855484,3.8446340560913086
650,1,1,1,0.24845294654369354,3.6367528438568115,0.3673120439052582,3.7422850131988525,0.3010602593421936,3.72683048248291,0.23467394709587097,3.7973673343658447
651,1,1,1,0.23082250356674194,3.628920555114746,0.31418904662132263,3.724289894104004,0.2640405595302582,3.701664447784424,0.19479432702064514,3.757622241973877
652,1,1,1,0.3199712038040161,3.604302406311035,0.488525390625,3.6457791328430176,0.39589643478393555,3.6200006008148193,0.28958067297935486,3.6633172035217285
653,1,1,1,0.25601133704185486,3.622079610824585,0.36816903948783875,3.701622724533081,0.30666056275367737,3.6668615341186523,0.23658721148967743,3.720158338546753
654,1,1,1,0.12435726076364517,3.5275051593780518,0.09400410205125809,3.764350414276123,0.17730587720870972,3.9353678226470947,0.13843271136283875,4.097898006439209
655,1,1,1,0.17679518461227417,3.6784420013427734,0.24082230031490326,3.8748085498809814,0.1996472328901291,3.86224102973938,0.17000159621238708,3.8929660320281982
656,1,1,1,0.26429715752601624,3.6201186180114746,0.3832310140132904,3.6917545795440674,0.3219268023967743,3.67795467376709,0.23373724520206451,3.7055764198303223
657,1,1,1,0.3199712038040161,3.604302406311035,0.488525390625,3.6457791328430176,0.39589643478393555,3.6200006008148193,0.28958067297935486,3.6633172035217285
658,1,1,1,0.2920519709587097,3.6214258670806885,0.44188955426216125,3.6784720420837402,0.36305204033851624,3.6564652919769287,0.2601243555545807,3.6863315105438232
659,1,1,1,0.13173627853393555,3.658888101577759,0.12472596019506454,3.9731953144073486,0.13614077866077423,4.001683712005615,0.10423310101032257,4.153537273406982
660,1,1,1,0.21045170724391937,3.6446726322174072,0.2931879758834839,3.7602813243865967,0.2392677664756775,3.749948024749756,0.17219386994838715,3.7969906330108643
661,1,1,1,0.2658766210079193,3.6198079586029053,0.4000867009162903,3.6983649730682373,0.33024752140045166,3.6951208114624023,0.2248286008834839,3.7503767013549805
662,1,1,1,0.3199712038040161,3.604302406311035,0.488525390625,3.6457791328430176,0.39589643478393555,3.6200006008148193,0.28958067297935486,3.6633172035217285
663,1,1,1,0.17187000811100006,3.655109405517578,0.1973104625940323,3.832756757736206,0.1785116344690323,3.824104070663452,0.1317761391401291,3.849515914916992
664,1,1,1,0.3199712038040161,3.604302406311035,0.488525390625,3.6457791328430176,0.39589643478393555,3.6200006008148193,0.28958067297935486,3.6633172035217285
665,1,1,1,0.26586416363716125,3.61610746383667,0.39105847477912903,3.6864194869995117,0.3210299611091614,3.6855599880218506,0.22694116830825806,3.7203829288482666
666,1,1,1,0.21909378468990326,3.637209177017212,0.30339205265045166,3.742609977722168,0.2559291124343872,3.7267842292785645,0.1882573366165161,3.771120071411133
667,1,1,1,0.2775903642177582,3.6346306800842285,0.4406987428665161,3.7318711280822754,0.3583486080169678,3.709463119506836,0.26971060037612915,3.7350919246673584
668,1,1,1,0.33080804347991943,3.6071736812591553,0.5237364172935486,3.6533734798431396,0.4284219443798065,3.628451108932495,0.31622686982154846,3.6613097190856934
669,1,1,1,0.3199712038040161,3.604302406311035,0.488525390625,3.6457791328430176,0.39589643478393555,3.6200006008148193,0.28958067297935486,3.6633172035217285
670,1,1,1,0.3199712038040161,3.604302406311035,0.488525390625,3.6457791328430176,0.39589643478393555,3.6200006008148193,0.28958067297935486,3.6633172035217285
671,1,1,1,0.28938138484954834,3.617992401123047,0.4382174611091614,3.6869428157806396,0.35654494166374207,3.656400203704834,0.26502710580825806,3.6994285583496094
672,1,1,1,0.19263941049575806,3.6473805904388428,0.2344198375940323,3.7960424423217773,0.21061861515045166,3.7866673469543457,0.13572224974632263,3.8298091888427734
673,1,1,1,0.2131970375776291,3.639000177383423,0.28369638323783875,3.7541403770446777,0.23553092777729034,3.7130649089813232,0.17123724520206451,3.757448673248291
674,1,1,1,0.18493153154850006,3.658130407333374,0.23680643737316132,3.802684783935547,0.20320472121238708,3.8088467121124268,0.16994179785251617,3.86923885345459
675,1,1,1,0.27666860818862915,3.613036632537842,0.4016362428665161,3.677074909210205,0.3334163725376129,3.6551899909973145,0.24262595176696777,3.7052736282348633
676,1,1,1,0.22618383169174194,3.6311569213867188,0.31008848547935486,3.7276816368103027,0.26043325662612915,3.6872010231018066,0.1917649805545807,3.7119102478027344
677,1,1,1,0.27446138858795166,3.615443229675293,0.4049146771430969,3.6825318336486816,0.33304765820503235,3.656334161758423,0.24270567297935486,3.707833766937256
678,1,1,1,0.31930604577064514,3.6097118854522705,0.4720633327960968,3.6153676509857178,0.3835698366165161,3.596877336502075,0.26809629797935486,3.6344780921936035
679,1,1,1,0.3199712038040161,3.604302406311035,0.488525390625,3.6457791328430176,0.39589643478393555,3.6200006008148193,0.28958067297935486,3.6633172035217285
680,1,1,1,0.21922831237316132,3.6508636474609375,0.3158033788204193,3.762570381164551,0.26043325662612915,3.7488808631896973,0.19561144709587097,3.808354616165161
681,1,1,1,0.31634894013404846,3.608008861541748,0.4906429350376129,3.660773515701294,0.39980268478393555,3.640462636947632,0.28958067297935486,3.6931865215301514
682,1,1,1,0.23905353248119354,3.584338903427124,0.3114736080169678,3.637249231338501,0.2878069281578064,3.665085554122925,0.21530212461948395,3.7191519737243652
683,1,1,1,0.23026446998119354,3.6331710815429688,0.3179856836795807,3.7407279014587402,0.2580317258834839,3.7070364952087402,0.19393733143806458,3.782653331756592
684,1,1,1,0.29269471764564514,3.6152522563934326,0.43824735283851624,3.6725027561187744,0.35773077607154846,3.6463968753814697,0.2605428695678711,3.6916544437408447
685,1,1,1,0.2404087632894516,3.650566816329956,0.3712930381298065,3.7730140686035156,0.3003527522087097,3.766597032546997,0.2265625,3.8028676509857178
686,1,1,1,0.2544468343257904,3.6271772384643555,0.37883150577545166,3.7230544090270996,0.3163265287876129,3.701707363128662,0.2436622977256775,3.7515132427215576
687,1,1,1,0.2194301038980484,3.6493115425109863,0.31824976205825806,3.77510404586792,0.26321348547935486,3.7584235668182373,0.2061941921710968,3.797602891921997
688,1,1,1,0.19357362389564514,3.6537024974823,0.25350266695022583,3.804241418838501,0.21645806729793549,3.7828469276428223,0.15929926931858063,3.8748905658721924
689,1,1,1,0.2676478624343872,3.624241352081299,0.3989756107330322,3.6959762573242188,0.3258828818798065,3.6751673221588135,0.2368861585855484,3.7218575477600098
690,1,1,1,0.18901465833187103,3.653851270675659,0.24862483143806458,3.8093185424804688,0.21074816584587097,3.8037731647491455,0.1618303507566452,3.8785715103149414
691,1,1,1,0.22674933075904846,3.648831605911255,0.3306560814380646,3.770869731903076,0.2694016993045807,3.741187334060669,0.21504303812980652,3.7801668643951416
692,1,1,1,0.2330670952796936,3.6284217834472656,0.3130779564380646,3.726621627807617,0.2606824040412903,3.6918959617614746,0.183454230427742,3.746224880218506
693,1,1,1,0.3214883506298065,3.601698637008667,0.4870854616165161,3.6542859077453613,0.4014269709587097,3.6385414600372314,0.2965361773967743,3.6594529151916504
694,1,1,1,0.30314791202545166,3.619323492050171,0.4711664915084839,3.6761064529418945,0.3888711631298065,3.659466028213501,0.28679049015045166,3.712717056274414
695,1,1,1,0.24821875989437103,3.643244981765747,0.3681640625,3.7121338844299316,0.3000836968421936,3.693033218383789,0.2071707546710968,3.7462241649627686
696,1,1,1,0.21309490501880646,3.6490683555603027,0.30387037992477417,3.761625289916992,0.2492426633834839,3.742323637008667,0.19347895681858063,3.7838895320892334
697,1,1,1,0.18709392845630646,3.6147055625915527,0.22078782320022583,3.773813486099243,0.22860530018806458,3.814044713973999,0.14379383623600006,3.910048484802246
698,2,2,1,0.12143255770206451,3.6882693767547607,0.09925063699483871,4.047740936279297,0.10131337493658066,4.057047367095947,0.07244499027729034,4.133425235748291
699,2,2,1,0.14392587542533875,3.691568613052368,0.1472865492105484,3.9754068851470947,0.13856226205825806,3.9961884021759033,0.08099489659070969,4.065206527709961
700,2,2,1,0.1234305202960968,3.64941668510437,0.09604690968990326,4.014628887176514,0.11731704324483871,4.07228422164917,0.08842872828245163,4.176470756530762
701,2,1,0,0.12755848467350006,3.6492197513580322,0.11212531477212906,3.9879133701324463,0.13563257455825806,4.011314392089844,0.10301737487316132,4.156509876251221
702,2,2,1,0.117850162088871,3.686635971069336,0.08504065871238708,4.086653232574463,0.09450732916593552,4.042809009552002,0.07250478118658066,4.089609622955322
703,2,2,1,0.1277552992105484,3.69851016998291,0.111572265625,4.081320285797119,0.11721739172935486,4.06988000869751,0.0774274542927742,4.131788730621338
704,2,2,1,0.13168646395206451,3.6861143112182617,0.1177106574177742,4.061925888061523,0.11909079551696777,4.090034484863281,0.07641103118658066,4.101982116699219
705,2,2,1,0.1235700324177742,3.6869280338287354,0.09839863330125809,4.073370933532715,0.10719268023967743,4.061820030212402,0.0749162957072258,4.109869480133057
706,2,2,1,0.1180245503783226,3.684967041015625,0.08704360574483871,4.1125359535217285,0.09817442297935486,4.058871269226074,0.07186702638864517,4.056294918060303
707,2,2,1,0.12734922766685486,3.6823489665985107,0.09969905763864517,4.060519695281982,0.1057477667927742,4.053712844848633,0.07162787020206451,4.111574649810791
708,2,2,1,0.12485799938440323,3.71368145942688,0.11196587979793549,4.131808280944824,0.11187619715929031,4.137258529663086,0.0739397332072258,4.171159267425537
709,2,2,1,0.12241659313440323,3.671605110168457,0.092459537088871,4.046074390411377,0.10195112973451614,4.028442859649658,0.0715680792927742,4.032859802246094
710,2,2,1,0.12300950288772583,3.690422773361206,0.09247449040412903,4.074245452880859,0.10064572840929031,4.06257438659668,0.07132892310619354,4.1268510818481445
711,2,2,1,0.11822135746479034,3.6934568881988525,0.08779595792293549,4.095397472381592,0.09643056243658066,4.067893028259277,0.06959502398967743,4.085910797119141
712,2,2,1,0.12440459430217743,3.649158000946045,0.0955984890460968,3.9884817600250244,0.11479591578245163,4.075694561004639,0.08229033648967743,4.129086971282959
713,2,2,1,0.11803949624300003,3.704360246658325,0.08895188570022583,4.102952003479004,0.09871252626180649,4.072279453277588,0.06839923560619354,4.115675926208496
714,2,2,1,0.12048090249300003,3.6609115600585938,0.09488102048635483,4.041642665863037,0.1053292378783226,4.112866401672363,0.08109454810619354,4.187023639678955
715,2,2,1,0.1310262829065323,3.682973623275757,0.11160215735435486,4.042055606842041,0.112723208963871,4.043493747711182,0.07364078611135483,4.100947380065918
716,2,2,1,0.1306775063276291,3.7075397968292236,0.12338568270206451,4.081206798553467,0.11499521136283875,4.098440170288086,0.07124920189380646,4.106853008270264
717,2,2,1,0.119681216776371,3.6359567642211914,0.083182193338871,3.984546184539795,0.113699771463871,3.9754600524902344,0.08954480290412903,4.09993314743042
718,2,2,1,0.12132792174816132,3.709252119064331,0.10280313342809677,4.105656147003174,0.10042649507522583,4.061718463897705,0.07350127398967743,4.11740779876709
719,2,2,1,0.12371203303337097,3.6846492290496826,0.097098208963871,4.063628673553467,0.10793008655309677,4.075062274932861,0.07682956010103226,4.11595344543457
720,2,2,1,0.11658212542533875,3.6957497596740723,0.08427833765745163,4.1210761070251465,0.08826929330825806,4.045721530914307,0.0625,4.036352157592773
721,2,2,1,0.13138003647327423,3.69490122795105,0.12734673917293549,4.0460896492004395,0.12439213693141937,4.090202808380127,0.07447783648967743,4.126572132110596
722,2,2,1,0.12845534086227417,3.701918125152588,0.11738679558038712,4.061290264129639,0.1180245503783226,4.090087890625,0.07527503371238708,4.092930793762207
723,2,2,1,0.13065509498119354,3.7101781368255615,0.12777522206306458,4.095028400421143,0.11459662020206451,4.065825939178467,0.07250478118658066,4.070918083190918
724,2,2,1,0.13644720613956451,3.6792097091674805,0.12655951082706451,4.006731986999512,0.12567761540412903,4.07857608795166,0.07696906477212906,4.126100540161133
725,2,2,1,0.12613600492477417,3.6792542934417725,0.1041434109210968,4.034733295440674,0.11117865145206451,4.03154993057251,0.07698899507522583,4.142635345458984
726,2,2,1,0.12280522286891937,3.687067747116089,0.09757154434919357,4.078128814697266,0.10108418017625809,4.0557966232299805,0.07298310101032257,4.1171488761901855
727,2,2,1,0.12096420675516129,3.686279773712158,0.09516501426696777,4.071047306060791,0.10103435814380646,4.063714504241943,0.07124920189380646,4.104895114898682
728,2,2,1,0.12039869278669357,3.6481616497039795,0.086669921875,4.016613960266113,0.10897640138864517,4.0836687088012695,0.08522002398967743,4.180074691772461
729,2,2,1,0.12827347218990326,3.681452751159668,0.10606664419174194,4.048430919647217,0.10915576666593552,4.060069561004639,0.07559391111135483,4.139204025268555
730,2,2,1,0.11999760568141937,3.7008180618286133,0.09574796259403229,4.094655990600586,0.10490074753761292,4.059941291809082,0.0738002210855484,4.08020544052124
731,2,2,1,0.11700563877820969,3.6838419437408447,0.08305763453245163,4.075884819030762,0.09606186300516129,4.031431674957275,0.07220583409070969,4.056582927703857
732,2,2,1,0.1302739381790161,3.679574728012085,0.1116768941283226,4.043588638305664,0.11965879797935486,4.099350452423096,0.07942043989896774,4.191719055175781
733,2,2,1,0.1197858527302742,3.685314893722534,0.09259406477212906,4.0943284034729,0.09740712493658066,4.0887980461120605,0.07047193497419357,4.102941036224365
734,2,2,1,0.1157052144408226,3.6849822998046875,0.08056640625,4.093506336212158,0.09391940385103226,4.070132732391357,0.07192681729793549,4.088112831115723
735,2,2,1,0.13700275123119354,3.6770012378692627,0.12803930044174194,3.975289821624756,0.1330317258834839,4.009962558746338,0.08488121628761292,4.118807315826416
736,2,2,1,0.12036630511283875,3.6735243797302246,0.08823440968990326,4.063978672027588,0.09285315126180649,4.041103363037109,0.06513074040412903,4.067319393157959
737,2,2,1,0.13719706237316132,3.6957437992095947,0.1324986070394516,4.011581897735596,0.12795957922935486,4.037691593170166,0.07926099747419357,4.076439380645752
738,2,2,1,0.11872708052396774,3.6976163387298584,0.09100964665412903,4.089455604553223,0.09853316098451614,4.0607805252075195,0.07132892310619354,4.100307464599609
739,2,2,1,0.12286002933979034,3.6767849922180176,0.09445750713348389,4.069311141967773,0.09346101433038712,4.012048244476318,0.06399473547935486,3.9956400394439697
740,2,2,1,0.14047303795814514,3.6778159141540527,0.13054049015045166,4.0285115242004395,0.12789979577064514,4.128554821014404,0.07981903851032257,4.193508148193359
741,2,2,1,0.12043606489896774,3.649677276611328,0.08993841707706451,4.001495838165283,0.11322145909070969,4.026579856872559,0.09036192297935486,4.1296868324279785
742,2,2,1,0.11876195669174194,3.684699535369873,0.08892199397087097,4.07088041305542,0.09879224747419357,4.0741376876831055,0.07061144709587097,4.130680084228516
743,2,2,1,0.12413553893566132,3.687591552734375,0.10844327509403229,4.0277509689331055,0.11208545416593552,4.054587364196777,0.07485650479793549,4.102502822875977
744,2,2,1,0.11877191811800003,3.6921093463897705,0.0871233269572258,4.119524002075195,0.09355069696903229,4.038773059844971,0.06875797361135483,4.057971000671387
745,2,2,1,0.11869718134403229,3.695378303527832,0.08821448683738708,4.118328094482422,0.09327168017625809,4.032799243927002,0.06525031477212906,4.008552074432373
746,2,2,1,0.12293725460767746,3.631251573562622,0.09244957566261292,4.000269412994385,0.11292251199483871,4.0702433586120605,0.08651546388864517,4.203639507293701
747,2,2,1,0.12021683156490326,3.6796875,0.09070073068141937,4.077235698699951,0.09729751199483871,4.010549068450928,0.06764189898967743,4.05067777633667
748,2,2,1,0.12737663090229034,3.6879913806915283,0.10158243030309677,4.060231685638428,0.11196587979793549,4.0401387214660645,0.07350127398967743,4.0973429679870605
749,2,2,1,0.1225934699177742,3.6816906929016113,0.09764130413532257,4.048527717590332,0.10954440385103226,4.061402797698975,0.07541453838348389,4.067389011383057
750,2,2,1,0.12353017181158066,3.6869277954101562,0.0981794074177742,4.079573631286621,0.10081513226032257,4.025205135345459,0.06672512739896774,4.008960723876953
751,2,2,1,0.1216692253947258,3.633018732070923,0.08687420189380646,3.9960999488830566,0.11710777878761292,4.053863048553467,0.09177694469690323,4.18501615524292
752,2,2,1,0.12053073197603226,3.699805736541748,0.09958944469690323,4.09760856628418,0.10368502885103226,4.087265968322754,0.07292331010103226,4.072697639465332
753,2,2,1,0.12343301624059677,3.705249547958374,0.10699836164712906,4.091874122619629,0.10851801186800003,4.091276168823242,0.07314253598451614,4.0852861404418945
754,2,2,1,0.12113111466169357,3.680274724960327,0.09496571868658066,4.0698323249816895,0.10482102632522583,4.053522109985352,0.07513552159070969,4.067108631134033
755,2,2,1,0.13558274507522583,3.6948587894439697,0.13680842518806458,3.9627065658569336,0.1273118555545807,3.9724483489990234,0.07918128371238708,4.114522933959961
756,2,2,1,0.11970613151788712,3.642900228500366,0.08874760568141937,4.001010417938232,0.11477598547935486,4.0244832038879395,0.09335140138864517,4.156703472137451
757,2,2,1,0.13945910334587097,3.703340530395508,0.13615074753761292,4.020639896392822,0.12566764652729034,4.04805326461792,0.07144849747419357,4.1068339347839355
758,2,2,1,0.11912816762924194,3.6866726875305176,0.0881696417927742,4.090585231781006,0.10107421875,4.048801898956299,0.07386001199483871,4.07366418838501
759,2,2,1,0.1283133327960968,3.6875314712524414,0.11190110445022583,4.076940059661865,0.11323142051696777,4.10146951675415,0.07908163219690323,4.143397331237793
760,2,2,1,0.11623335629701614,3.68540620803833,0.08072086423635483,4.093389511108398,0.08800023794174194,4.012908935546875,0.06377550959587097,3.9784374237060547
761,2,2,1,0.12665915489196777,3.6779630184173584,0.10984832793474197,4.043543338775635,0.1182338148355484,4.0484619140625,0.07930085808038712,4.078914165496826
762,2,2,1,0.12131048738956451,3.68746280670166,0.10360032320022583,4.0550665855407715,0.10558832436800003,4.030483245849609,0.07419881969690323,4.062315464019775
763,2,2,1,0.12432238459587097,3.6711885929107666,0.10474130511283875,4.041432857513428,0.1141183003783226,4.091424942016602,0.08057636767625809,4.136037826538086
764,2,2,1,0.12061543017625809,3.6854758262634277,0.0945172980427742,4.069847106933594,0.10303730517625809,4.035299777984619,0.07306281477212906,4.073649883270264
765,2,2,1,0.12091437727212906,3.6959781646728516,0.09867765009403229,4.081292629241943,0.10529934614896774,4.087536811828613,0.07350127398967743,4.127169132232666
766,2,2,1,0.11899363994598389,3.6353607177734375,0.08229033648967743,3.9861347675323486,0.1066545769572258,4.058021068572998,0.08476163446903229,4.1366095542907715
767,2,2,1,0.1190185546875,3.6999268531799316,0.09128866344690323,4.107248306274414,0.09526466578245163,4.030125617980957,0.07027263939380646,4.067782402038574
768,2,2,1,0.11812420189380646,3.6730639934539795,0.08511539548635483,4.080313682556152,0.09716796875,4.084094047546387,0.07230548560619354,4.126791477203369
769,2,2,1,0.11727718263864517,3.6640751361846924,0.08144830167293549,4.0639262199401855,0.09687898308038712,4.019131660461426,0.07521524280309677,4.058823585510254
770,2,2,1,0.1308419406414032,3.6819939613342285,0.12026167660951614,4.02639102935791,0.11667928844690323,4.049022197723389,0.0705915167927742,4.063523292541504
771,2,2,1,0.12016202509403229,3.6341171264648438,0.08417868614196777,3.9912400245666504,0.11496531963348389,4.034757614135742,0.08769132196903229,4.153182029724121
772,2,2,1,0.12600894272327423,3.665823221206665,0.0977957546710968,4.0381598472595215,0.10975366830825806,4.047484874725342,0.07495615631341934,4.11060905456543
773,2,2,1,0.12307925522327423,3.686469078063965,0.0945870503783226,4.092920303344727,0.09510523080825806,4.018964767456055,0.06610730290412903,3.9990956783294678
774,2,2,1,0.12153718620538712,3.6486082077026367,0.09328662604093552,4.006462574005127,0.1162109375,4.081718444824219,0.08828922361135483,4.180586814880371
775,2,2,1,0.12184610217809677,3.6880393028259277,0.09320192784070969,4.096279144287109,0.10275828838348389,4.041504859924316,0.07238519936800003,4.085352420806885
776,2,2,1,0.1443319469690323,3.669048547744751,0.14497467875480652,3.9443585872650146,0.1439831703901291,4.0038065910339355,0.09295280277729034,4.100771903991699
777,2,2,1,0.11698570847511292,3.6914756298065186,0.08768634498119354,4.1057448387146,0.0967494398355484,4.063343524932861,0.0711495503783226,4.089355945587158
778,2,2,1,0.11776546388864517,3.6935818195343018,0.08601223677396774,4.0929155349731445,0.09210578352212906,4.013523578643799,0.06798070669174194,4.030782699584961
779,2,2,1,0.12022928893566132,3.690619707107544,0.09589245915412903,4.102982521057129,0.10467155277729034,4.073971748352051,0.07674983888864517,4.10620641708374
780,2,2,1,0.13749849796295166,3.679107904434204,0.13775509595870972,3.9633970260620117,0.1377650648355484,3.993417739868164,0.08262914419174194,4.082006931304932
781,2,2,1,0.12256108224391937,3.6902453899383545,0.099051333963871,4.093963623046875,0.10429288446903229,4.073762893676758,0.07234534621238708,4.087878704071045
782,2,2,1,0.13255341351032257,3.671365261077881,0.11165696382522583,3.9973671436309814,0.11817402392625809,4.062736988067627,0.07754703611135483,4.1300435066223145
783,2,2,1,0.1204659566283226,3.6963768005371094,0.09698859602212906,4.126065731048584,0.10054607689380646,4.078394412994385,0.0721261128783226,4.132080554962158
784,2,2,1,0.12542599439620972,3.692871570587158,0.10790018737316132,4.058782577514648,0.10913583636283875,4.045288562774658,0.07292331010103226,4.0399017333984375
785,2,2,1,0.11767826974391937,3.6821348667144775,0.0835309699177742,4.084879398345947,0.09534438699483871,4.059886932373047,0.06951530277729034,4.080562114715576
786,2,2,1,0.12129055708646774,3.680695056915283,0.09359554201364517,4.08134126663208,0.0998883917927742,4.020650386810303,0.0718470960855484,4.035506248474121
787,2,2,1,0.11857013404369354,3.695073127746582,0.08955974876880646,4.162837505340576,0.08682437986135483,4.09480094909668,0.0675223171710968,4.171192646026611
788,2,2,1,0.12147490680217743,3.6976068019866943,0.093436099588871,4.095451354980469,0.10189133882522583,4.058777332305908,0.07312260568141937,4.10057258605957
789,2,2,1,0.12075244635343552,3.681727170944214,0.09392936527729034,4.077286243438721,0.10067562013864517,4.020488739013672,0.07178730517625809,4.063575744628906
790,2,2,1,0.12275540083646774,3.6448299884796143,0.09128367900848389,4.018284797668457,0.11576251685619354,4.065507411956787,0.08812978118658066,4.141564846038818
791,2,2,1,0.12356255948543549,3.6883606910705566,0.10833864659070969,4.064339637756348,0.11043127626180649,4.036094665527344,0.07487643510103226,4.055629253387451
792,2,2,1,0.12858736515045166,3.695850133895874,0.11723732203245163,4.042243957519531,0.11880181729793549,4.024576187133789,0.07706871628761292,4.124127388000488
793,2,2,1,0.13024403154850006,3.6770527362823486,0.11180145293474197,4.047417640686035,0.10638552159070969,4.022761344909668,0.07132892310619354,4.084939956665039
794,2,2,1,0.11913812905550003,3.6994123458862305,0.09701849520206451,4.098140716552734,0.09968908876180649,4.0564775466918945,0.07206632196903229,4.0702433586120605
795,2,2,1,0.12251623719930649,3.639073610305786,0.09294284135103226,3.9998390674591064,0.11158721148967743,4.049294471740723,0.08326689898967743,4.144327640533447
796,2,2,1,0.1322644203901291,3.6896331310272217,0.11887655407190323,4.0415778160095215,0.1217912957072258,4.063492298126221,0.07762674987316132,4.11501932144165
797,2,2,1,0.12738659977912903,3.685962438583374,0.11186124384403229,4.044497013092041,0.1192103773355484,4.077488899230957,0.07918128371238708,4.121318817138672
798,2,2,1,0.12376434355974197,3.6587963104248047,0.09692880511283875,4.022565841674805,0.11803451925516129,4.061629295349121,0.08765146136283875,4.102319240570068
799,2,2,1,0.1228724867105484,3.701796293258667,0.10182657092809677,4.110486030578613,0.10445232689380646,4.061152458190918,0.06939572840929031,4.056576728820801
800,2,2,1,0.12213259190320969,3.6679041385650635,0.09102459251880646,4.045705795288086,0.09687898308038712,4.018309116363525,0.06720343977212906,4.060498237609863
801,2,2,1,0.11809679865837097,3.6742959022521973,0.08580795675516129,4.067646026611328,0.09594228118658066,4.036664009094238,0.07274393737316132,4.070684909820557
802,2,2,1,0.11940718442201614,3.684129238128662,0.08974409848451614,4.072840213775635,0.09980867058038712,4.0528154373168945,0.0743582546710968,4.114982604980469
803,2,2,1,0.14060257375240326,3.6751182079315186,0.1348104625940323,3.942417860031128,0.13963846862316132,3.994433641433716,0.08671475946903229,4.086646556854248
804,2,2,1,0.11730458587408066,3.6868138313293457,0.08294303715229034,4.063134670257568,0.09449736773967743,4.054834842681885,0.07176737487316132,4.097750663757324
805,2,2,1,0.12739157676696777,3.692995071411133,0.11431760340929031,4.057270050048828,0.11514468491077423,4.06334924697876,0.07521524280309677,4.085850715637207
806,2,2,1,0.11652981489896774,3.7010860443115234,0.0861467644572258,4.136668682098389,0.09001315385103226,4.04029655456543,0.06602758169174194,4.059462547302246
807,2,2,1,0.12003497779369354,3.6773550510406494,0.09060107916593552,4.057248115539551,0.101981021463871,4.069474220275879,0.07529495656490326,4.1209635734558105
808,2,2,1,0.12325364351272583,3.708822727203369,0.10450214892625809,4.118527889251709,0.10576769709587097,4.05747127532959,0.07077088207006454,4.045620918273926
809,2,2,1,0.12561532855033875,3.70085072517395,0.10741190612316132,4.0941643714904785,0.10955436527729034,4.0681281089782715,0.06953523308038712,4.089137077331543
810,2,2,1,0.11808434128761292,3.69466233253479,0.086669921875,4.111813545227051,0.09191644936800003,4.051604747772217,0.06748246401548386,4.07708215713501
811,2,2,1,0.11673907935619354,3.6888177394866943,0.08335159718990326,4.0989298820495605,0.08972416818141937,4.051754951477051,0.06690449267625809,4.105749130249023
812,2,2,1,0.12981803715229034,3.6976780891418457,0.1123046875,4.0907721519470215,0.10739197582006454,4.063839435577393,0.06674505770206451,4.083308219909668
813,2,2,1,0.14496472477912903,3.671266555786133,0.1338239312171936,3.9653375148773193,0.1389608532190323,4.010254383087158,0.08631616830825806,4.104133129119873
814,2,2,1,0.12073002755641937,3.634744644165039,0.08536949753761292,4.003501892089844,0.11204559355974197,4.0221452713012695,0.09032206237316132,4.1820387840271
815,2,2,1,0.11857760697603226,3.6936635971069336,0.09147301316261292,4.1114983558654785,0.09943997114896774,4.068443775177002,0.07234534621238708,4.11790657043457
816,2,2,1,0.11890894174575806,3.699021577835083,0.09415357559919357,4.090067386627197,0.09890186041593552,4.029722690582275,0.07266422361135483,4.069117069244385
817,2,2,1,0.1205880269408226,3.695589303970337,0.09562340378761292,4.0971760749816895,0.10196109116077423,4.076622486114502,0.07232541590929031,4.100027561187744
818,2,2,1,0.12177883833646774,3.6337990760803223,0.09132353961467743,3.9974358081817627,0.11539380997419357,4.096804618835449,0.09010283648967743,4.198849678039551
819,2,2,1,0.11904595792293549,3.689239501953125,0.08923090249300003,4.09548282623291,0.09712810814380646,4.0587873458862305,0.07152821868658066,4.07885217666626
820,2,2,1,0.115408755838871,3.684108257293701,0.08069096505641937,4.106761455535889,0.09318199753761292,3.960859775543213,0.06941565871238708,3.9873671531677246
821,2,2,1,0.12605129182338715,3.671271562576294,0.10129344463348389,4.048794746398926,0.107840396463871,4.083718299865723,0.079520083963871,4.132832050323486
822,2,2,1,0.11714514344930649,3.6961913108825684,0.08787069469690323,4.098888874053955,0.09868263453245163,4.050388813018799,0.07091039419174194,4.074480056762695
823,2,2,1,0.1252192258834839,3.691270112991333,0.1080147847533226,4.047741889953613,0.11536391824483871,4.0741987228393555,0.07720822840929031,4.145328044891357
824,2,2,1,0.11675900220870972,3.6856703758239746,0.08274374157190323,4.072198390960693,0.08824936300516129,4.018179893493652,0.06447305530309677,4.028439044952393
825,2,2,1,0.11779286712408066,3.677452802658081,0.08616171032190323,4.080784320831299,0.09513512253761292,4.049020767211914,0.0707310289144516,4.050718307495117
826,2,2,1,0.12058304250240326,3.6623969078063965,0.08971918374300003,4.06925106048584,0.10207071155309677,4.034071922302246,0.08185187727212906,4.133187294006348
827,2,2,1,0.1212332546710968,3.706723690032959,0.09365034848451614,4.123217582702637,0.09602200239896774,4.0617475509643555,0.06371571868658066,4.049734115600586
828,2,2,1,0.13471081852912903,3.6975810527801514,0.12747129797935486,4.0540571212768555,0.12221978604793549,4.0499796867370605,0.07553412020206451,4.122163772583008
829,2,2,1,0.12137775123119354,3.696256399154663,0.10280313342809677,4.092085361480713,0.111258365213871,4.078817844390869,0.07928092777729034,4.1256914138793945
830,2,2,1,0.12082220613956451,3.632054328918457,0.08676458895206451,3.967554807662964,0.11098931729793549,4.014634609222412,0.08836893737316132,4.113441467285156
831,2,2,1,0.1291329562664032,3.695244550704956,0.11339086294174194,4.084585666656494,0.11142776906490326,4.087104320526123,0.06921635568141937,4.059602737426758
832,2,2,1,0.116455078125,3.6915245056152344,0.08266900479793549,4.106918811798096,0.09110929071903229,4.004156112670898,0.0678013414144516,4.012345790863037
833,2,2,1,0.12240413576364517,3.7015304565429688,0.09904635697603226,4.121786594390869,0.09879224747419357,4.059309959411621,0.06714365631341934,4.061739444732666
834,2,2,1,0.12696309387683868,3.7029471397399902,0.10594706237316132,4.077642917633057,0.10331632196903229,4.059027671813965,0.06367585808038712,4.049452304840088
835,2,2,1,0.14022889733314514,3.693936586380005,0.1314522922039032,4.0169806480407715,0.12054567784070969,4.0557990074157715,0.07021284848451614,4.059040546417236
836,2,2,1,0.12583206593990326,3.677964687347412,0.10441246628761292,4.05072546005249,0.10566804558038712,4.026970863342285,0.07276386767625809,4.0273895263671875
837,2,2,1,0.12678122520446777,3.6857008934020996,0.10296256840229034,4.07239294052124,0.10780054330825806,4.061101913452148,0.0704520046710968,4.071569919586182
838,2,2,1,0.11740672588348389,3.6895687580108643,0.0859723761677742,4.082294940948486,0.09385961294174194,4.047775745391846,0.06839923560619354,4.1092658042907715
839,2,2,1,0.12074995785951614,3.6478028297424316,0.0955984890460968,4.040339946746826,0.11692840605974197,4.1055908203125,0.08902662247419357,4.248265266418457
840,2,2,1,0.13671375811100006,3.6714894771575928,0.12806421518325806,4.015056610107422,0.12672393023967743,4.09664249420166,0.0806361585855484,4.145081520080566
841,2,2,1,0.13515923917293549,3.6941792964935303,0.12583206593990326,4.057849884033203,0.11547353118658066,4.089920520782471,0.07180723547935486,4.091867923736572
842,2,3,0,0.1352364718914032,3.6628165245056152,0.12635523080825806,3.935567855834961,0.1287069469690323,3.9477391242980957,0.09923070669174194,3.9831290245056152
843,2,2,1,0.11586714535951614,3.689056158065796,0.08337152749300003,4.08534049987793,0.09817442297935486,4.039179801940918,0.07342155277729034,4.086590766906738
844,2,2,1,0.11681630462408066,3.6593589782714844,0.07966956496238708,4.013383388519287,0.11354033648967743,3.9703352451324463,0.08836893737316132,4.071267604827881
845,2,2,1,0.12158451974391937,3.6912405490875244,0.09810467064380646,4.0566277503967285,0.10408362001180649,4.054571628570557,0.07497607916593552,4.11855411529541
846,2,2,1,0.12169413268566132,3.645519971847534,0.09076052159070969,3.999176502227783,0.11405850946903229,4.065961837768555,0.08659518510103226,4.1518988609313965
847,2,2,1,0.1368408203125,3.696917772293091,0.1376355141401291,4.034788608551025,0.1329520046710968,4.105531215667725,0.08173230290412903,4.156303405761719
848,2,2,1,0.11537139117717743,3.7002224922180176,0.08175721019506454,4.141141891479492,0.09097974747419357,3.945564031600952,0.06798070669174194,3.9703898429870605
849,2,2,1,0.1320028454065323,3.6765055656433105,0.1148158460855484,4.008288383483887,0.1193498894572258,4.04633903503418,0.07665018737316132,4.120124816894531
850,2,2,1,0.12043606489896774,3.6831250190734863,0.09447743743658066,4.07393741607666,0.10140305757522583,4.030660152435303,0.07158800959587097,4.074331760406494
851,2,2,1,0.13299934566020966,3.6823196411132812,0.12227459251880646,4.024530410766602,0.12459143251180649,4.052547454833984,0.07852359861135483,4.101015090942383
852,2,2,1,0.11837083101272583,3.6676418781280518,0.086111880838871,4.032170295715332,0.09692880511283875,4.042973041534424,0.0715680792927742,4.080479145050049
853,2,2,1,0.12646484375,3.6873373985290527,0.10000298917293549,4.080564022064209,0.10608657449483871,4.043960094451904,0.06935586780309677,4.040517330169678
854,2,2,1,0.12367715686559677,3.6899991035461426,0.09977379441261292,4.071810245513916,0.11030173301696777,4.099918842315674,0.07571348547935486,4.145564556121826
855,2,2,1,0.11727967113256454,3.693098545074463,0.0865304097533226,4.101456642150879,0.100516177713871,4.069891929626465,0.07370056957006454,4.067604064941406
856,2,2,1,0.1339883655309677,3.6748290061950684,0.11801956593990326,4.038586616516113,0.12170160561800003,4.074101448059082,0.0757533460855484,4.107077121734619
857,2,2,1,0.13207758963108063,3.700869560241699,0.12007732689380646,4.074896335601807,0.10922552645206451,4.111942291259766,0.06736288219690323,4.125443935394287
858,2,2,1,0.15068209171295166,3.6845169067382812,0.16474011540412903,3.961014986038208,0.14952367544174194,4.000333309173584,0.08693399280309677,4.078633785247803
859,2,2,1,0.11804696917533875,3.690155029296875,0.08717813342809677,4.078470706939697,0.09745694696903229,4.061145305633545,0.07242505997419357,4.069895267486572
860,2,2,1,0.12048588693141937,3.630675792694092,0.08350605517625809,3.971360445022583,0.1111188605427742,4.008788585662842,0.0849609375,4.073422431945801
861,2,2,1,0.1178850457072258,3.665004253387451,0.08509048074483871,4.028282165527344,0.09991828352212906,4.070908546447754,0.07362085580825806,4.106659412384033
862,2,2,1,0.12302196025848389,3.696265935897827,0.10284299403429031,4.0946173667907715,0.10661471635103226,4.07477331161499,0.07158800959587097,4.074610233306885
863,2,2,1,0.12479322403669357,3.686842441558838,0.114676333963871,4.038581848144531,0.11924026906490326,4.073290824890137,0.0772879421710968,4.118618011474609
864,2,2,1,0.11667430400848389,3.6890721321105957,0.08221559971570969,4.101630210876465,0.09904137253761292,4.02364444732666,0.07772640138864517,4.062563896179199
865,2,2,1,0.12074248492717743,3.702601671218872,0.09675940126180649,4.0894951820373535,0.09927056729793549,4.049990177154541,0.06997369229793549,4.103959083557129
866,2,2,1,0.12526655197143555,3.6917247772216797,0.10638552159070969,4.078353404998779,0.10973373800516129,4.067744255065918,0.07712850719690323,4.1074934005737305
867,2,2,1,0.11858009546995163,3.649761438369751,0.08572325110435486,4.0262131690979,0.1057477667927742,4.0561628341674805,0.07874282449483871,4.1470513343811035
868,2,2,1,0.1203264519572258,3.659917116165161,0.09128866344690323,4.049994468688965,0.1100725457072258,4.114068508148193,0.08543924987316132,4.1868438720703125
869,2,2,1,0.12380670011043549,3.6828179359436035,0.09580276906490326,4.064905166625977,0.09872249513864517,4.022307395935059,0.06760203838348389,4.041863441467285
870,2,2,1,0.1178850457072258,3.6978445053100586,0.09055624157190323,4.092764854431152,0.10011758655309677,4.092763900756836,0.07439811527729034,4.153495788574219
871,2,2,1,0.12128058820962906,3.6388678550720215,0.08665497601032257,3.9928128719329834,0.1125139519572258,4.039943218231201,0.08741230517625809,4.182854652404785
872,2,2,1,0.11753378063440323,3.701265335083008,0.08638093620538712,4.103074550628662,0.09446747601032257,4.044092655181885,0.06776148080825806,4.077940940856934
873,2,2,1,0.1182861328125,3.6835997104644775,0.08421854674816132,4.082943916320801,0.09117905050516129,4.070163726806641,0.06768175959587097,4.099823474884033
874,2,2,1,0.12020188570022583,3.6308393478393555,0.08629125356674194,3.9723424911499023,0.11316166818141937,4.0628743171691895,0.08805005997419357,4.143277645111084
875,2,2,1,0.14155422151088715,3.6829869747161865,0.13257333636283875,4.004660129547119,0.13384884595870972,4.0686421394348145,0.08282843977212906,4.132820129394531
876,2,2,1,0.1167689710855484,3.681622266769409,0.08521006256341934,4.1018595695495605,0.09789540618658066,4.068607330322266,0.07368063926696777,4.090884685516357
877,2,2,1,0.13079459965229034,3.6979353427886963,0.12034139782190323,4.038173198699951,0.11341079324483871,4.045426368713379,0.07272400707006454,4.060290336608887
878,2,2,1,0.122802734375,3.6939587593078613,0.1034109890460968,4.064803600311279,0.10947464406490326,4.054341793060303,0.07860331237316132,4.088742256164551
879,2,2,1,0.12145248800516129,3.6980226039886475,0.10657984018325806,4.073021411895752,0.10618622601032257,4.0686936378479,0.07272400707006454,4.081392288208008
880,2,2,1,0.11994528770446777,3.657881021499634,0.08470682799816132,4.00888204574585,0.10014747828245163,4.052039623260498,0.07619180530309677,4.103060245513916
881,2,2,1,0.1259516477584839,3.6696665287017822,0.09784558415412903,4.049699783325195,0.10426299273967743,4.025231838226318,0.06784119457006454,3.993536949157715
882,2,2,1,0.1342698633670807,3.684861898422241,0.13321608304977417,3.9633841514587402,0.1301020383834839,4.018229007720947,0.07581313699483871,4.119874000549316
883,2,2,1,0.12560535967350006,3.7048532962799072,0.11520447582006454,4.088271141052246,0.11283282935619354,4.092555046081543,0.07120934128761292,4.105513572692871
884,2,2,1,0.13972815871238708,3.6846561431884766,0.1394292116165161,3.9559032917022705,0.13571229577064514,3.997136354446411,0.07983896881341934,4.09311056137085
885,2,1,0,0.118582583963871,3.671407461166382,0.08634606003761292,4.046970367431641,0.10842832922935486,4.026008605957031,0.0866350457072258,4.122843265533447
886,2,2,1,0.1179896742105484,3.671360969543457,0.08801518380641937,4.082026481628418,0.09888193011283875,4.033860683441162,0.07288344949483871,4.076565265655518
887,2,2,1,0.12003746628761292,3.6398181915283203,0.08303770422935486,3.9762990474700928,0.11911072582006454,3.98887300491333,0.0919363796710968,4.124431133270264
888,2,2,1,0.11739178001880646,3.6779847145080566,0.08299784362316132,4.063693046569824,0.09546396136283875,4.0094990730285645,0.07013312727212906,4.043478488922119
889,2,2,1,0.13691306114196777,3.683703899383545,0.1422991007566452,3.951995849609375,0.1342075914144516,3.9764628410339355,0.08223054558038712,4.059864044189453
890,2,2,1,0.1191057488322258,3.6775779724121094,0.08460718393325806,4.047111511230469,0.09686902165412903,4.059253215789795,0.07122927159070969,4.106043815612793
891,2,2,1,0.1260388344526291,3.6802127361297607,0.10787029564380646,4.068822383880615,0.10476123541593552,4.086559295654297,0.0694754421710968,4.108433723449707
892,2,2,1,0.11877690255641937,3.6771047115325928,0.08912627398967743,4.068817138671875,0.10062579810619354,4.046939849853516,0.07270407676696777,4.058662414550781
893,2,2,1,0.1203787624835968,3.69083833694458,0.1007952019572258,4.083391189575195,0.10415337979793549,4.053865432739258,0.07401944696903229,4.096122741699219
894,2,2,1,0.11965879797935486,3.6537725925445557,0.0874372199177742,4.049575328826904,0.10887674987316132,4.081731796264648,0.08675462007522583,4.219848155975342
895,2,2,1,0.12176638096570969,3.7039363384246826,0.0995047390460968,4.086775779724121,0.10636559128761292,4.033726692199707,0.06977438926696777,4.065695285797119
896,2,2,1,0.12044602632522583,3.6959750652313232,0.0948311910033226,4.089371204376221,0.09813456237316132,4.034728050231934,0.06935586780309677,4.062931060791016
897,2,2,1,0.11735690385103226,3.683896541595459,0.08455735445022583,4.08414363861084,0.09329161047935486,4.028412818908691,0.0668247789144516,4.015806674957275
898,2,2,1,0.13492506742477417,3.6850996017456055,0.1213030144572258,4.041567325592041,0.1168387234210968,4.068315505981445,0.07649075239896774,4.114121913909912
899,2,2,1,0.12510213255882263,3.657625913619995,0.1004115492105484,4.020294666290283,0.120047427713871,4.090478897094727,0.09002311527729034,4.191941738128662
900,2,2,1,0.119803287088871,3.667914390563965,0.09194634854793549,4.071529388427734,0.10089484602212906,4.041777610778809,0.07848373800516129,4.076942443847656
901,2,2,1,0.1282884180545807,3.689626455307007,0.11013232916593552,4.046326637268066,0.11071030050516129,4.066966533660889,0.07158800959587097,4.068763732910156
902,2,2,1,0.1186174675822258,3.6764187812805176,0.08854332566261292,4.068032264709473,0.09830396622419357,4.041662216186523,0.07047193497419357,4.043551921844482
903,2,2,1,0.13748355209827423,3.704115152359009,0.13831312954425812,4.016102313995361,0.13207508623600006,4.063603401184082,0.07653061300516129,4.085677146911621
904,2,2,1,0.12018445134162903,3.637066602706909,0.08353595435619354,4.005308151245117,0.10918566584587097,4.033129692077637,0.08518016338348389,4.1373419761657715
905,2,2,1,0.11796974390745163,3.6815686225891113,0.08746213465929031,4.104876518249512,0.09559351205825806,4.0399250984191895,0.07419881969690323,4.107708930969238
906,2,2,1,0.13803163170814514,3.6726226806640625,0.1369878053665161,3.9789044857025146,0.13565249741077423,4.021670341491699,0.08201131969690323,4.186634063720703
907,2,2,1,0.13766291737556458,3.6886661052703857,0.1357770562171936,4.006862163543701,0.12838807702064514,4.093682289123535,0.08065608888864517,4.151717185974121
908,2,2,1,0.11846798658370972,3.689784288406372,0.08774612843990326,4.078871250152588,0.09285315126180649,4.031659126281738,0.0697544664144516,4.062857151031494
909,2,2,1,0.11609882861375809,3.6940112113952637,0.08769630640745163,4.125390529632568,0.09571308642625809,4.074023723602295,0.0701729878783226,4.10621976852417
910,2,2,1,0.1239711195230484,3.701223850250244,0.10157246142625809,4.122338771820068,0.1038643941283226,4.10352087020874,0.07011319696903229,4.080443382263184
911,2,2,1,0.12044602632522583,3.6385786533355713,0.09044164419174194,4.003801345825195,0.11355029791593552,4.111891269683838,0.08659518510103226,4.188032150268555
912,2,2,1,0.11774802207946777,3.707648277282715,0.09159757196903229,4.131418704986572,0.10040656477212906,4.108872413635254,0.07421875,4.140172004699707
913,2,2,1,0.1337541788816452,3.690855026245117,0.12379424273967743,4.042541980743408,0.12294722348451614,4.085994720458984,0.07302295416593552,4.114901542663574
914,2,2,1,0.11942213028669357,3.6622440814971924,0.08602219820022583,4.023747444152832,0.09885203838348389,4.067842960357666,0.07342155277729034,4.102063179016113
915,2,2,1,0.11770567297935486,3.6884312629699707,0.08645068854093552,4.068699359893799,0.0958426296710968,4.03233528137207,0.07079081237316132,4.044763565063477
916,2,2,1,0.11757612973451614,3.686943769454956,0.0860770046710968,4.080748081207275,0.093680240213871,4.0314860343933105,0.07057158648967743,4.088957786560059
917,2,2,1,0.1289934366941452,3.699221611022949,0.11966876685619354,4.068032264709473,0.11892139166593552,4.055136680603027,0.07633130997419357,4.0872063636779785
918,2,2,1,0.11835837364196777,3.679962158203125,0.08595743030309677,4.076512813568115,0.09776586294174194,4.0862298011779785,0.07244499027729034,4.131499290466309
919,2,2,1,0.12016452103853226,3.689727306365967,0.09196627885103226,4.066366672515869,0.09680923074483871,4.052701950073242,0.06855867058038712,4.053197860717773
920,2,2,1,0.11802206188440323,3.6924116611480713,0.08312738686800003,4.09841775894165,0.09148795902729034,4.02200174331665,0.06816007196903229,4.024853706359863
921,2,2,1,0.12393873184919357,3.7139296531677246,0.09882712364196777,4.140963077545166,0.09717793017625809,4.0533223152160645,0.06341677159070969,4.08925199508667
922,2,2,1,0.11660952866077423,3.685481071472168,0.08645567297935486,4.114050388336182,0.0957728773355484,4.067110538482666,0.06963488459587097,4.069834232330322
923,2,2,1,0.138916015625,3.6983070373535156,0.13501973450183868,4.00232458114624,0.13090918958187103,4.011570453643799,0.08460219949483871,4.114723205566406
924,2,2,1,0.123046875,3.6896865367889404,0.10485092550516129,4.062155246734619,0.11268335580825806,4.103466510772705,0.07774633169174194,4.128941059112549
925,2,2,1,0.11970613151788712,3.6933467388153076,0.09095484018325806,4.093563556671143,0.09443757683038712,4.0199432373046875,0.06624680757522583,4.059566974639893
926,2,2,1,0.12439462542533875,3.6766066551208496,0.10037168860435486,4.048696994781494,0.10706313699483871,4.052029132843018,0.0735212042927742,4.1008405685424805
927,2,2,1,0.12419034540653229,3.6899561882019043,0.10578762739896774,4.05331563949585,0.10926538705825806,4.071774005889893,0.07360092550516129,4.101814270019531
928,2,2,1,0.11785265803337097,3.687974214553833,0.08814971148967743,4.104058265686035,0.09474649280309677,4.058266639709473,0.0682198628783226,4.062518119812012
929,2,2,1,0.11931251734495163,3.6465036869049072,0.08268893510103226,3.9977102279663086,0.11113879084587097,4.032726764678955,0.08442282676696777,4.140462875366211
930,2,2,1,0.12550322711467743,3.672178268432617,0.10217035561800003,4.027358055114746,0.11259366571903229,4.084255218505859,0.07914142310619354,4.136993408203125
931,2,2,1,0.14512665569782257,3.678928852081299,0.1418905407190323,3.963761568069458,0.14744099974632263,4.01297664642334,0.09084024280309677,4.125274181365967
932,2,2,1,0.12799695134162903,3.6870317459106445,0.10664460808038712,4.060175895690918,0.1146065816283226,4.081384181976318,0.07384008169174194,4.0925774574279785
933,2,2,1,0.1320451945066452,3.6836843490600586,0.11470124870538712,4.061074733734131,0.11906090378761292,4.102108955383301,0.07766661047935486,4.141134262084961
934,2,2,1,0.1258544921875,3.6968863010406494,0.10998784005641937,4.0389580726623535,0.10980349034070969,4.051093578338623,0.0739397332072258,4.084636211395264
935,2,2,1,0.12099160999059677,3.641340732574463,0.08954977989196777,4.0067877769470215,0.11322145909070969,4.046206474304199,0.08699378371238708,4.161970138549805
936,2,2,1,0.13408301770687103,3.678551435470581,0.11901605874300003,4.021852970123291,0.12209024280309677,4.057949542999268,0.07922113686800003,4.1328301429748535
937,2,2,1,0.12335578352212906,3.6877171993255615,0.10713787376880646,4.039576053619385,0.11110889166593552,4.065381050109863,0.07425861060619354,4.128556251525879
938,2,2,1,0.11997518688440323,3.636931896209717,0.0847516730427742,3.9816577434539795,0.10837850719690323,4.044317722320557,0.08302774280309677,4.158425331115723
939,2,2,1,0.11892388761043549,3.693843364715576,0.08906648308038712,4.110315322875977,0.09090999513864517,4.061054706573486,0.06562898308038712,4.0762224197387695
940,2,2,1,0.11848542839288712,3.69693660736084,0.09072066098451614,4.124231338500977,0.09593231976032257,4.049132823944092,0.06810028851032257,4.081943035125732
941,2,2,1,0.11633549630641937,3.680286169052124,0.0813685804605484,4.079786777496338,0.08940529078245163,4.036335468292236,0.06690449267625809,4.038724899291992
942,2,2,1,0.12428252398967743,3.6500961780548096,0.0975516140460968,4.0348334312438965,0.11504504084587097,4.104114532470703,0.08822943270206451,4.22362756729126
943,2,2,1,0.12563775479793549,3.700468063354492,0.1053292378783226,4.104068279266357,0.10248923301696777,4.0687408447265625,0.06897719949483871,4.085813522338867
944,2,2,1,0.11815409362316132,3.6720080375671387,0.08708346635103226,4.075008392333984,0.10406369715929031,4.074978351593018,0.07585299760103226,4.094324588775635
945,2,2,1,0.1254434436559677,3.6998252868652344,0.10199099034070969,4.108011722564697,0.10240951925516129,4.105770111083984,0.07376036047935486,4.152121067047119
946,2,2,1,0.11974100768566132,3.6895039081573486,0.08930066227912903,4.097695827484131,0.09278339892625809,4.09494161605835,0.07220583409070969,4.166988849639893
947,2,2,1,0.1369803249835968,3.6814041137695312,0.13611088693141937,3.970458984375,0.13565249741077423,4.010504722595215,0.0874720960855484,4.132832050323486
948,2,3,0,0.11692342907190323,3.68306565284729,0.08173727989196777,4.075586795806885,0.092215396463871,4.002701759338379,0.06662547588348389,3.9814538955688477
949,2,2,1,0.12070262432098389,3.6932778358459473,0.10325155407190323,4.053081035614014,0.10673429071903229,4.051162242889404,0.07314253598451614,4.110354423522949
950,2,2,1,0.12055813521146774,3.70229172706604,0.09850326925516129,4.091249465942383,0.1044921875,4.09040641784668,0.07712850719690323,4.149870872497559
951,2,2,1,0.1357247531414032,3.7028872966766357,0.12331094592809677,4.080164909362793,0.11005261540412903,4.093082427978516,0.06335698068141937,4.04970121383667
952,2,2,1,0.12008479982614517,3.642470359802246,0.08522998541593552,4.006606101989746,0.11002271622419357,4.064305782318115,0.08856824040412903,4.173717498779297
953,2,2,1,0.11655223369598389,3.688746452331543,0.08693896979093552,4.093128681182861,0.09641063213348389,4.043204307556152,0.07266422361135483,4.113000392913818
954,2,2,1,0.1209716796875,3.683724880218506,0.09514010697603226,4.082220554351807,0.10453204810619354,4.086749076843262,0.07320232689380646,4.084127426147461
955,2,2,1,0.12700293958187103,3.6669673919677734,0.11163205653429031,4.049854755401611,0.11950932443141937,4.1182355880737305,0.0835658460855484,4.177915573120117
956,2,2,1,0.1200997456908226,3.698126792907715,0.09434789419174194,4.100865840911865,0.10076530277729034,4.0425238609313965,0.07316246628761292,4.0784525871276855
957,2,2,1,0.12103146314620972,3.6952226161956787,0.09568319469690323,4.081597805023193,0.09888193011283875,4.042728900909424,0.07077088207006454,4.094339847564697
958,2,2,1,0.11751385033130646,3.6918022632598877,0.08523496985435486,4.085929870605469,0.09351083636283875,4.0360188484191895,0.06770168989896774,4.0526933670043945
959,2,2,1,0.14024384319782257,3.6861534118652344,0.13841776549816132,3.9933407306671143,0.12655451893806458,4.0064568519592285,0.07571348547935486,4.078704833984375
960,2,2,1,0.12065030634403229,3.6906256675720215,0.09429308772087097,4.077199459075928,0.09992825239896774,4.043478488922119,0.0739397332072258,4.076280117034912
961,2,2,1,0.1229422390460968,3.678561210632324,0.09558852761983871,4.081417560577393,0.10287787020206451,4.0720648765563965,0.07118941098451614,4.077267646789551
962,2,2,1,0.11958904564380646,3.6868176460266113,0.09353076666593552,4.097592353820801,0.09854312986135483,4.083425998687744,0.07220583409070969,4.142975330352783
963,2,2,1,0.11889897286891937,3.690594434738159,0.08636599034070969,4.097323417663574,0.09241469949483871,4.064805030822754,0.06658561527729034,4.081712245941162
964,2,2,1,0.13138003647327423,3.69490122795105,0.12734673917293549,4.0460896492004395,0.12439213693141937,4.090202808380127,0.07447783648967743,4.126572132110596
965,2,2,1,0.119192935526371,3.6953494548797607,0.09031210094690323,4.123744964599609,0.09490592777729034,4.1006927490234375,0.07061144709587097,4.212249279022217
966,2,2,1,0.12852509319782257,3.690701961517334,0.11578243970870972,4.048583984375,0.10920559614896774,4.050004482269287,0.06812021881341934,4.057636260986328
967,2,2,1,0.12176886945962906,3.6286749839782715,0.0879603773355484,3.9472641944885254,0.11589206010103226,4.007652759552002,0.08996332436800003,4.123394012451172
968,2,2,1,0.12477080523967743,3.7082102298736572,0.10505520552396774,4.109035015106201,0.10249920189380646,4.076997756958008,0.0676618292927742,4.07717227935791
969,2,2,1,0.11758111417293549,3.696279525756836,0.08835399150848389,4.111769199371338,0.09893175959587097,4.065370559692383,0.07061144709587097,4.070279598236084
970,2,2,1,0.13056789338588715,3.71059513092041,0.12401845306158066,4.057812213897705,0.11691844463348389,4.0693769454956055,0.07599250227212906,4.121426582336426
971,2,2,1,0.11958904564380646,3.6886508464813232,0.09146305173635483,4.079261302947998,0.09820432215929031,4.037442684173584,0.06865832209587097,4.052830219268799
972,2,2,1,0.12512455880641937,3.661888360977173,0.0973772332072258,4.031979084014893,0.11257373541593552,4.084712982177734,0.08013791590929031,4.143993854522705
973,2,2,1,0.11723233759403229,3.6877894401550293,0.08361566811800003,4.098855972290039,0.09107939898967743,4.0349016189575195,0.07057158648967743,4.126800537109375
974,2,2,1,0.11874202638864517,3.67946457862854,0.09174206852912903,4.091728687286377,0.09958944469690323,4.019511699676514,0.07270407676696777,4.053728103637695
975,2,2,1,0.12075743079185486,3.6625545024871826,0.089111328125,4.032652854919434,0.11163703352212906,4.095688819885254,0.08605707436800003,4.182028770446777
976,2,2,1,0.12449926137924194,3.692246198654175,0.10883191227912903,4.060202121734619,0.11228475719690323,4.067092418670654,0.07469706237316132,4.071504592895508
977,2,2,1,0.12510961294174194,3.6706490516662598,0.10623106360435486,4.037662506103516,0.11798468977212906,4.104560852050781,0.08868781477212906,4.1961798667907715
978,2,2,1,0.11643265187740326,3.670924425125122,0.08218072354793549,4.062204360961914,0.09178690612316132,4.040494918823242,0.0687779039144516,4.0307159423828125
979,2,2,1,0.11646255105733871,3.689340829849243,0.08320710808038712,4.089221477508545,0.09543406963348389,4.060666084289551,0.07224569469690323,4.121654987335205
980,2,2,1,0.1256626695394516,3.6823084354400635,0.10671934485435486,4.04178524017334,0.10638552159070969,4.064537048339844,0.06939572840929031,4.053130149841309
981,2,2,1,0.11692840605974197,3.6843361854553223,0.08332668989896774,4.0996174812316895,0.09248445183038712,4.066049098968506,0.0697544664144516,4.096285820007324
982,2,2,1,0.1238839253783226,3.7141852378845215,0.10023218393325806,4.149227142333984,0.09548389166593552,4.03193473815918,0.05869339779019356,4.0417656898498535
983,2,2,1,0.11637535691261292,3.6830713748931885,0.08244479447603226,4.076086521148682,0.09971898794174194,4.051563739776611,0.07768654078245163,4.119548320770264
984,2,2,1,0.1212506964802742,3.663803815841675,0.08929069340229034,4.044249534606934,0.1097237691283226,4.077195644378662,0.0837053582072258,4.169047832489014
985,2,2,1,0.12153718620538712,3.686713457107544,0.09770607203245163,4.081693172454834,0.10520966351032257,4.0517144203186035,0.07387994229793549,4.090909004211426
986,2,2,1,0.12045848369598389,3.623415231704712,0.084402896463871,3.953778028488159,0.11568279564380646,4.019726276397705,0.08974409848451614,4.156562328338623
987,2,2,1,0.13790956139564514,3.6916797161102295,0.14254823327064514,3.9738903045654297,0.14184071123600006,4.05023193359375,0.08767139166593552,4.1911797523498535
988,2,2,1,0.14841507375240326,3.6888794898986816,0.15317581593990326,4.019744396209717,0.13808393478393555,4.0749077796936035,0.08083545416593552,4.155818462371826
989,2,2,1,0.11938725411891937,3.691880702972412,0.09330655634403229,4.081219673156738,0.10326649993658066,4.037827014923096,0.07322225719690323,4.090092658996582
990,2,2,1,0.12134037911891937,3.653437852859497,0.09283820539712906,4.024794578552246,0.11271324753761292,4.076120376586914,0.08683434128761292,4.162267684936523
991,2,2,1,0.12307676672935486,3.6906323432922363,0.11273317784070969,4.047511577606201,0.1199776753783226,4.100082874298096,0.0784040167927742,4.1514997482299805
992,2,2,1,0.11760851740837097,3.6923043727874756,0.087646484375,4.088510990142822,0.09843350946903229,4.081798076629639,0.07312260568141937,4.07440710067749
993,2,2,1,0.11869220435619354,3.65531849861145,0.0853445827960968,4.041741847991943,0.10362523794174194,4.020675182342529,0.08185187727212906,4.125882625579834
994,2,2,1,0.11854521930217743,3.69698429107666,0.0885881707072258,4.129977703094482,0.09009286761283875,4.070235729217529,0.06409438699483871,4.074005126953125
995,2,2,1,0.12151725590229034,3.685062885284424,0.09289799630641937,4.079484939575195,0.10045639425516129,4.048903942108154,0.07118941098451614,4.0355544090271
996,2,2,1,0.12272301316261292,3.6946732997894287,0.09845343977212906,4.091093063354492,0.10499043017625809,4.073272705078125,0.07374043017625809,4.118378162384033
997,2,2,1,0.13168147206306458,3.6658782958984375,0.10624600946903229,4.026589870452881,0.11145766824483871,4.062851905822754,0.07234534621238708,4.0867767333984375
998,2,2,1,0.1333256959915161,3.6817705631256104,0.120779849588871,4.049461841583252,0.11744658648967743,4.05328369140625,0.07126913219690323,4.104306697845459
999,2,2,1,0.13566246628761292,3.6940464973449707,0.1326381117105484,4.028436183929443,0.12630540132522583,4.038974285125732,0.07565369457006454,4.106691360473633
1000,2,2,1,0.12134037911891937,3.682694435119629,0.1015973761677742,4.059732437133789,0.11117865145206451,4.046517848968506,0.07944037020206451,4.070245742797852
1001,2,2,1,0.1216866597533226,3.6844983100891113,0.09491091221570969,4.058113098144531,0.10440249741077423,4.06165885925293,0.07188695669174194,4.097865104675293
1002,2,2,1,0.11627570539712906,3.692505359649658,0.08326191455125809,4.116150856018066,0.09171715378761292,4.050412654876709,0.06869818270206451,4.052509307861328
1003,2,2,1,0.12287995964288712,3.697719097137451,0.10240453481674194,4.095800876617432,0.09906130284070969,4.052308559417725,0.06646604090929031,4.070764541625977
1004,2,2,1,0.11661949753761292,3.705759286880493,0.09062599390745163,4.1433281898498535,0.09411869943141937,4.076442718505859,0.06881775707006454,4.197799205780029
1005,2,2,1,0.11688356846570969,3.6806557178497314,0.08409897238016129,4.079506874084473,0.09826410561800003,4.0538482666015625,0.07429847121238708,4.076180458068848
1006,2,2,1,0.1306849867105484,3.6989400386810303,0.11974848061800003,4.080094814300537,0.1209542378783226,4.086999416351318,0.07529495656490326,4.1048173904418945
1007,2,2,1,0.1152169331908226,3.687560796737671,0.08260422945022583,4.084685325622559,0.09474649280309677,4.080879211425781,0.07120934128761292,4.1071929931640625
1008,2,2,1,0.1317487359046936,3.6991963386535645,0.12639009952545166,4.046280384063721,0.12935467064380646,4.064170837402344,0.083426333963871,4.1574296951293945
1009,2,2,1,0.13145478069782257,3.666003465652466,0.11303212493658066,4.02107048034668,0.11229471862316132,4.064247131347656,0.0724051296710968,4.068263053894043
1010,2,2,1,0.11815160512924194,3.662407398223877,0.08570830523967743,4.054296016693115,0.09934031963348389,4.070217609405518,0.07395966351032257,4.109135150909424
1011,2,2,1,0.12024174630641937,3.68976092338562,0.0938895046710968,4.092708587646484,0.09802494943141937,4.041780948638916,0.0726841539144516,4.091033935546875
1012,2,2,1,0.12144750356674194,3.623199939727783,0.0855538472533226,3.9751906394958496,0.11274313926696777,3.998674154281616,0.08898676186800003,4.159014701843262
1013,2,2,1,0.11846549808979034,3.652198553085327,0.08598233759403229,4.038825035095215,0.10343590378761292,4.0483622550964355,0.0835658460855484,4.224421501159668
1014,2,2,1,0.11765585094690323,3.6907765865325928,0.0867047980427742,4.103493690490723,0.09582269936800003,4.104097366333008,0.0710100457072258,4.115633010864258
1015,2,2,1,0.1352987438440323,3.663358449935913,0.12289740145206451,3.9646072387695312,0.11905093491077423,4.040847301483154,0.078543521463871,4.132961273193359
1016,2,2,1,0.13082200288772583,3.6921334266662598,0.11091458052396774,4.068146228790283,0.11458665132522583,4.080181121826172,0.07475685328245163,4.1218342781066895
1017,2,2,1,0.13165906071662903,3.691649913787842,0.11343072354793549,4.0282440185546875,0.11309191584587097,4.042470932006836,0.07063137739896774,4.080981731414795
1018,2,2,1,0.13987763226032257,3.6796679496765137,0.1309739649295807,3.994788408279419,0.1332409828901291,4.067160129547119,0.08438297361135483,4.15399169921875
1019,2,2,1,0.12426508218050003,3.689641237258911,0.11472117900848389,4.050944805145264,0.11735690385103226,4.074721813201904,0.07748724520206451,4.1288580894470215
1020,2,2,1,0.1188790425658226,3.6726880073547363,0.08804009854793549,4.066044330596924,0.09958944469690323,4.044426441192627,0.07041215151548386,4.092838764190674
1021,2,2,1,0.12138023972511292,3.697432518005371,0.1011090949177742,4.095944404602051,0.10374481976032257,4.053981304168701,0.07553412020206451,4.0846967697143555
1022,2,2,1,0.12258101254701614,3.6901533603668213,0.10815927386283875,4.058733940124512,0.11117865145206451,4.067580699920654,0.07786591351032257,4.12106466293335
1023,2,2,1,0.11859753727912903,3.689954996109009,0.08972416818141937,4.105508804321289,0.09417849034070969,4.097026824951172,0.0678013414144516,4.129335880279541
1024,2,2,1,0.11652731895446777,3.685601234436035,0.08449258655309677,4.109623908996582,0.09287308156490326,4.024463653564453,0.06903699040412903,4.052540302276611
1025,2,2,1,0.13204021751880646,3.674276351928711,0.11611128598451614,4.0223565101623535,0.12198062241077423,4.024753093719482,0.07694913446903229,4.1370110511779785
1026,2,2,1,0.116943359375,3.6563632488250732,0.08267398923635483,4.026999473571777,0.11187619715929031,4.047207832336426,0.08990354090929031,4.132343292236328
1027,2,2,1,0.12164181470870972,3.697345733642578,0.10142797231674194,4.096969127655029,0.10400390625,4.074925899505615,0.06899712979793549,4.095320701599121
1028,2,2,1,0.1172223761677742,3.7006418704986572,0.08261917531490326,4.115004062652588,0.09118901193141937,4.081302642822266,0.06519053131341934,4.070314884185791
1029,2,2,1,0.12112613022327423,3.6984636783599854,0.09328662604093552,4.099075794219971,0.09813456237316132,4.063566207885742,0.06740274280309677,4.049083232879639
1030,2,2,1,0.14366181194782257,3.6826953887939453,0.14443159103393555,3.990237236022949,0.13419762253761292,4.030667781829834,0.0750558003783226,4.071959495544434
1031,2,2,1,0.12265326082706451,3.646951198577881,0.09993322938680649,4.009522914886475,0.12108378112316132,4.091268062591553,0.09229511767625809,4.216367721557617
1032,2,2,1,0.11799963563680649,3.681353807449341,0.08600226789712906,4.099762439727783,0.09720782935619354,4.044592380523682,0.07224569469690323,4.099034309387207
1033,2,2,1,0.12455655634403229,3.700727939605713,0.10955934971570969,4.068989276885986,0.10947464406490326,4.076916217803955,0.07457748800516129,4.074291706085205
1034,2,2,1,0.11739178001880646,3.679215669631958,0.08700374513864517,4.091455936431885,0.09657007455825806,4.0704779624938965,0.06768175959587097,4.06389856338501
1035,2,2,1,0.11633798480033875,3.685046672821045,0.08411890268325806,4.077829837799072,0.09351083636283875,4.051363945007324,0.06963488459587097,4.087578773498535
1036,2,2,1,0.12579968571662903,3.6917836666107178,0.10909099876880646,4.069422245025635,0.11089963465929031,4.084373950958252,0.0711495503783226,4.035294055938721
1037,2,2,1,0.11928511410951614,3.6884007453918457,0.09280332922935486,4.095565319061279,0.09910116344690323,4.036902904510498,0.06825972348451614,4.018102169036865
1038,2,2,1,0.11713019758462906,3.6960248947143555,0.081473208963871,4.113074779510498,0.08745216578245163,4.03714656829834,0.0657087042927742,4.053988456726074
1039,2,2,1,0.11943458765745163,3.702369451522827,0.08982880413532257,4.121637344360352,0.0944475457072258,4.114581108093262,0.06732302159070969,4.1169328689575195
1040,2,2,1,0.11937729269266129,3.6844258308410645,0.08618661761283875,4.0577521324157715,0.09360052645206451,4.0207600593566895,0.06859853118658066,4.040092945098877
1041,2,2,1,0.12200304865837097,3.686378240585327,0.10237962007522583,4.055625915527344,0.10520966351032257,4.070657253265381,0.07475685328245163,4.131698131561279
1042,2,2,1,0.13675861060619354,3.689303398132324,0.131591796875,4.010942459106445,0.13110849261283875,4.077297210693359,0.0831473171710968,4.122243404388428
1043,2,2,1,0.12342055886983871,3.69954776763916,0.10412846505641937,4.061964511871338,0.09965919703245163,4.026897430419922,0.06704400479793549,4.013971328735352
1044,2,2,1,0.12059051543474197,3.6700615882873535,0.08694395422935486,4.026647567749023,0.10019730031490326,4.040775775909424,0.0744977667927742,4.100856304168701
1045,2,2,1,0.11900360137224197,3.657832384109497,0.08456233888864517,4.015437126159668,0.10019730031490326,4.06255578994751,0.0754743292927742,4.065751075744629
1046,2,1,0,0.15146683156490326,3.676677703857422,0.15777961909770966,3.956958293914795,0.15760523080825806,4.027377128601074,0.09719786047935486,4.146811485290527
1047,2,2,1,0.121512271463871,3.687858819961548,0.09515505284070969,4.088857650756836,0.10084502398967743,4.041304111480713,0.07220583409070969,4.064311504364014
1048,2,2,1,0.12019939720630646,3.6812992095947266,0.09126873314380646,4.082487106323242,0.09228515625,4.058957099914551,0.06427375227212906,4.031317710876465
1049,2,2,1,0.12934470176696777,3.6946840286254883,0.11021703481674194,4.065774440765381,0.11180643737316132,4.060249328613281,0.07196667790412903,4.114649772644043
1050,2,2,1,0.11782027035951614,3.6822431087493896,0.08397440612316132,4.07725191116333,0.09020248800516129,4.050596714019775,0.06686463207006454,4.06706428527832
1051,2,2,1,0.1179547980427742,3.6667230129241943,0.08488620072603226,4.052826404571533,0.10039660334587097,4.040595531463623,0.07647082209587097,4.078968048095703
1052,2,2,1,0.11948440968990326,3.6914432048797607,0.0892159566283226,4.119624614715576,0.09232501685619354,4.0797624588012695,0.06574856489896774,4.100939750671387
1053,2,2,1,0.11770068854093552,3.6916563510894775,0.08909638226032257,4.0905938148498535,0.09477638453245163,4.052570819854736,0.07085060328245163,4.115049362182617
1054,2,2,1,0.1214773952960968,3.6444156169891357,0.09792529791593552,3.98356556892395,0.12050581723451614,4.068056106567383,0.08836893737316132,4.175011157989502
1055,2,2,1,0.11740921437740326,3.6848013401031494,0.08334662020206451,4.099234580993652,0.0900530144572258,4.031537055969238,0.06489157676696777,4.027948379516602
1056,2,2,1,0.11814413219690323,3.703167200088501,0.08736248314380646,4.101802349090576,0.09481624513864517,4.023646831512451,0.06901706010103226,4.044470310211182
1057,2,2,1,0.1388188600540161,3.688889741897583,0.13394850492477417,4.028641700744629,0.13159677386283875,4.061638832092285,0.08067601919174194,4.101284503936768
1058,2,2,1,0.14381128549575806,3.689192295074463,0.14519889652729034,3.973165988922119,0.13998724520206451,4.008186340332031,0.08352598547935486,4.105702877044678
1059,2,2,1,0.13174127042293549,3.6815741062164307,0.1318608522415161,3.986208200454712,0.12783999741077423,4.041156768798828,0.07834422588348389,4.119307994842529
1060,2,2,1,0.11967374384403229,3.69378399848938,0.09161750227212906,4.104089736938477,0.10104431957006454,4.081755638122559,0.07523517310619354,4.098013401031494
1061,2,2,1,0.1292475461959839,3.666891574859619,0.11277801543474197,4.036801338195801,0.11472616344690323,4.129245281219482,0.07850366830825806,4.151561260223389
1062,2,2,1,0.11870963871479034,3.6481080055236816,0.08362563699483871,4.001489639282227,0.11022201925516129,4.064370155334473,0.0881696417927742,4.198462963104248
1063,2,2,1,0.12342055886983871,3.706249237060547,0.10068558156490326,4.1142120361328125,0.09882214665412903,4.0661492347717285,0.06483179330825806,4.088840961456299
1064,2,2,1,0.13292211294174194,3.6673851013183594,0.1192801296710968,3.992690086364746,0.1317063868045807,4.05387020111084,0.08575812727212906,4.148500919342041
1065,2,2,1,0.11993034183979034,3.6864004135131836,0.09588747471570969,4.0687971115112305,0.10066565126180649,4.031874656677246,0.07401944696903229,4.096930503845215
1066,2,3,0,0.11544114351272583,3.6969075202941895,0.08159777522087097,4.1125969886779785,0.09699856489896774,4.0287652015686035,0.07503587007522583,4.053652286529541
1067,2,2,1,0.12010971456766129,3.695040702819824,0.09699856489896774,4.076587200164795,0.10674425959587097,4.0450897216796875,0.07545439898967743,4.1175384521484375
1068,2,2,1,0.11920788884162903,3.6695992946624756,0.08838388323783875,4.058289527893066,0.10363519936800003,4.064903736114502,0.07641103118658066,4.113719463348389
1069,2,2,1,0.14366430044174194,3.6799092292785645,0.13903559744358063,3.969790458679199,0.13662905991077423,4.020932197570801,0.07967952638864517,4.110555171966553
1070,3,3,1,0.115042544901371,3.674808979034424,0.07859833538532257,4.044373989105225,0.10476123541593552,4.015789985656738,0.07981903851032257,4.0938825607299805
1071,3,3,1,0.1148332878947258,3.6789238452911377,0.07903678715229034,4.074134826660156,0.10419324040412903,4.005834102630615,0.08081553131341934,4.066584587097168
1072,3,3,1,0.13330078125,3.683112859725952,0.12676379084587097,3.9830987453460693,0.12485052645206451,3.999600887298584,0.09129862487316132,4.038419723510742
1073,3,3,1,0.12037378549575806,3.6754071712493896,0.08909638226032257,4.083156108856201,0.10152263939380646,4.107381343841553,0.07954001426696777,4.176146507263184
1074,3,3,1,0.11662697046995163,3.6604292392730713,0.0796595960855484,4.029521942138672,0.11060068011283875,3.976574420928955,0.08282843977212906,4.062560081481934
1075,3,3,1,0.11880430579185486,3.64123797416687,0.08655034005641937,4.029704570770264,0.11499521136283875,4.015424728393555,0.09705835580825806,4.16776180267334
1076,3,3,1,0.11554577946662903,3.6690022945404053,0.08154795318841934,4.085171222686768,0.10055603832006454,4.011594295501709,0.08039700239896774,4.117253303527832
1077,3,3,1,0.11657465249300003,3.6614949703216553,0.08168745785951614,4.044830799102783,0.10683394223451614,3.9756553173065186,0.08045679330825806,4.0445876121521
1078,3,3,1,0.11578243970870972,3.701673984527588,0.08553890138864517,4.158143043518066,0.09260403364896774,4.017432689666748,0.0718470960855484,4.09153938293457
1079,3,3,1,0.11955665796995163,3.619345188140869,0.0823102667927742,3.92167067527771,0.12843789160251617,4.020482540130615,0.09915098547935486,4.139095306396484
1080,3,3,1,0.11844806373119354,3.6293485164642334,0.08047173917293549,3.9419851303100586,0.12266820669174194,4.000243663787842,0.09787547588348389,4.1166768074035645
1081,3,3,1,0.11642269045114517,3.678449869155884,0.07958485931158066,4.0763163566589355,0.0950753316283226,3.9343883991241455,0.06977438926696777,3.9528706073760986
1082,3,3,1,0.12035385519266129,3.6164848804473877,0.08194156736135483,3.9228384494781494,0.12718231976032257,3.99522066116333,0.10118383169174194,4.155012607574463
1083,3,3,1,0.1153041273355484,3.707134246826172,0.082205630838871,4.137099266052246,0.09364038705825806,3.942854166030884,0.06552933901548386,4.002737045288086
1084,3,3,1,0.11664441227912903,3.6955490112304688,0.08933553844690323,4.145120143890381,0.09895168989896774,4.069486618041992,0.07722815871238708,4.115096569061279
1085,3,3,1,0.11453931778669357,3.676729679107666,0.07867307215929031,4.065421104431152,0.10117386281490326,3.962080240249634,0.07641103118658066,4.027647495269775
1086,3,3,1,0.11578243970870972,3.701673984527588,0.08553890138864517,4.158143043518066,0.09260403364896774,4.017432689666748,0.0718470960855484,4.09153938293457
1087,3,3,1,0.11734693497419357,3.6580121517181396,0.08273875713348389,4.0485968589782715,0.10406369715929031,3.973379373550415,0.08047672361135483,4.073799133300781
1088,3,3,1,0.1208844855427742,3.6888136863708496,0.09733737260103226,4.070843696594238,0.10450214892625809,3.9642415046691895,0.082449771463871,3.9963741302490234
1089,3,3,1,0.12209273129701614,3.625150442123413,0.09105448424816132,3.9258549213409424,0.12890625,3.9995362758636475,0.1026785671710968,4.147127151489258
1090,3,3,1,0.11812170594930649,3.6251819133758545,0.08045180886983871,3.925187349319458,0.12594667077064514,4.008386611938477,0.09829400479793549,4.148621082305908
1091,3,3,1,0.11678142845630646,3.6624996662139893,0.08072086423635483,4.0261712074279785,0.10413344949483871,4.008995056152344,0.07643096148967743,4.057366371154785
1092,3,3,1,0.11601661890745163,3.661541700363159,0.0803571417927742,4.02938985824585,0.10600685328245163,3.973679304122925,0.08203125,4.05490779876709
1093,3,3,1,0.11571019887924194,3.6810343265533447,0.08028240501880646,4.0989885330200195,0.09461694955825806,3.975144863128662,0.0690569207072258,4.032900333404541
1094,3,3,1,0.12097915261983871,3.684506416320801,0.09426318854093552,4.087584018707275,0.09965919703245163,4.027497291564941,0.07387994229793549,4.041543006896973
1095,3,3,1,0.118704654276371,3.636613607406616,0.08226542174816132,4.0,0.11747647821903229,4.001272201538086,0.09522480517625809,4.1253662109375
1096,3,3,1,0.11522939056158066,3.6866648197174072,0.07946527749300003,4.115681171417236,0.09013272821903229,3.953012704849243,0.06499122828245163,3.9969334602355957
1097,3,3,1,0.11634546518325806,3.6626482009887695,0.07951012253761292,4.012219429016113,0.11184629797935486,3.9630255699157715,0.0876116082072258,4.063239097595215
1098,3,3,1,0.11965630948543549,3.6215360164642334,0.08130381256341934,3.927687168121338,0.12598653137683868,4.0,0.10018733888864517,4.133280277252197
1099,3,3,1,0.11735690385103226,3.6518850326538086,0.08439791947603226,4.014050483703613,0.11017218977212906,4.029667377471924,0.08725287020206451,4.116262912750244
1100,3,3,1,0.12934470176696777,3.682781219482422,0.11884665489196777,4.0627593994140625,0.10986328125,4.137414932250977,0.08069594949483871,4.239071369171143
1101,3,3,1,0.11626823246479034,3.69773530960083,0.08139349520206451,4.126346588134766,0.09880221635103226,3.9959657192230225,0.07599250227212906,4.066614151000977
1102,3,3,1,0.11681630462408066,3.67546010017395,0.08488121628761292,4.084468364715576,0.0988420769572258,3.9986894130706787,0.07134885340929031,4.072625637054443
1103,3,3,1,0.11641521751880646,3.6632142066955566,0.0796595960855484,4.0158867835998535,0.10855787247419357,3.9577748775482178,0.0825892835855484,4.04054069519043
1104,3,3,1,0.11634546518325806,3.6626482009887695,0.07951012253761292,4.012219429016113,0.11184629797935486,3.9630255699157715,0.0876116082072258,4.063239097595215
1105,3,3,1,0.1172746941447258,3.696505546569824,0.08515027165412903,4.124283313751221,0.0931222066283226,3.9872658252716064,0.0687779039144516,4.0028977394104
1106,3,3,1,0.1157052144408226,3.6709656715393066,0.07806022465229034,4.0435309410095215,0.10753148794174194,4.044203281402588,0.08364556729793549,4.121515274047852
1107,3,3,1,0.11671416461467743,3.6826252937316895,0.08186184614896774,4.107912540435791,0.09478635340929031,3.9404962062835693,0.06981424987316132,3.995718002319336
1108,3,3,1,0.11871711164712906,3.6301465034484863,0.0811244398355484,3.967203140258789,0.12291733175516129,4.009647369384766,0.0982142835855484,4.120535850524902
1109,3,3,1,0.11876694113016129,3.6363637447357178,0.08104970306158066,3.9794061183929443,0.11669921875,4.00913667678833,0.09145806729793549,4.140989303588867
1110,3,3,1,0.1216866597533226,3.6511690616607666,0.09839364886283875,4.02835750579834,0.12062539905309677,4.096076011657715,0.10106424987316132,4.215933799743652
1111,3,2,0,0.11602658033370972,3.678210973739624,0.08327188342809677,4.076168060302734,0.10186144709587097,3.986891031265259,0.08057636767625809,4.072965621948242
1112,3,3,1,0.11702058464288712,3.6617631912231445,0.08041693270206451,4.030483245849609,0.10732222348451614,3.9997215270996094,0.08657525479793549,4.102440357208252
1113,3,3,1,0.11834841221570969,3.642150402069092,0.08131875842809677,3.9747564792633057,0.11416812241077423,4.007157325744629,0.09058114886283875,4.095489501953125
1114,3,3,1,0.14497718214988708,3.663562059402466,0.14496970176696777,3.9264159202575684,0.13940927386283875,3.9260900020599365,0.09259406477212906,3.952216863632202
1115,3,3,1,0.11952676624059677,3.635840654373169,0.08502570539712906,3.9755053520202637,0.12386399507522583,4.012791633605957,0.10271842777729034,4.18820333480835
1116,3,3,1,0.11785265803337097,3.6680617332458496,0.08261917531490326,4.034314155578613,0.10833864659070969,3.9871227741241455,0.08484135568141937,4.0615458488464355
1117,3,3,1,0.115286685526371,3.6854593753814697,0.08216577768325806,4.067612648010254,0.10188137739896774,4.005575180053711,0.08115433156490326,4.036837100982666
1118,3,3,1,0.11610132455825806,3.670564651489258,0.07778619229793549,4.035933971405029,0.10571786761283875,3.973418712615967,0.07846380770206451,4.044703960418701
1119,3,3,1,0.11909577995538712,3.631364345550537,0.08091019093990326,3.950982093811035,0.12321627885103226,4.020218372344971,0.09837372601032257,4.129456996917725
1120,3,3,1,0.12000259011983871,3.615922689437866,0.08225047588348389,3.932396411895752,0.12990273535251617,4.0015339851379395,0.1018415167927742,4.150097846984863
1121,3,2,0,0.1192452535033226,3.68733549118042,0.09404396265745163,4.1107282638549805,0.10186144709587097,4.083545207977295,0.07579320669174194,4.187746524810791
1122,3,3,1,0.11670918017625809,3.6620774269104004,0.08110949397087097,4.0367960929870605,0.10488081723451614,3.9883134365081787,0.07750717550516129,4.047055721282959
1123,3,3,1,0.12043606489896774,3.668480157852173,0.09628108888864517,4.0823845863342285,0.10964404791593552,4.076979160308838,0.09341119229793549,4.178152561187744
1124,3,3,1,0.11965879797935486,3.6196701526641846,0.08490613102912903,3.977994203567505,0.11596181243658066,4.025608062744141,0.09223532676696777,4.1756696701049805
1125,3,3,1,0.11725974082946777,3.641462564468384,0.08075574040412903,3.9987659454345703,0.11664938926696777,3.978728771209717,0.09572305530309677,4.131167888641357
1126,3,3,1,0.1146937757730484,3.6890244483947754,0.07824457436800003,4.104750156402588,0.09474649280309677,3.9740219116210938,0.07399951666593552,4.050632953643799
1127,3,3,1,0.11474609375,3.6794614791870117,0.079031802713871,4.066385269165039,0.10171197354793549,3.971588134765625,0.07768654078245163,4.036685466766357
1128,3,3,1,0.12269311398267746,3.6265785694122314,0.09262894093990326,3.924802303314209,0.1296735405921936,3.984323263168335,0.10489077866077423,4.111533164978027
1129,3,3,1,0.115234375,3.6851868629455566,0.08137356489896774,4.096313953399658,0.09716796875,4.03589391708374,0.07555405050516129,4.108942031860352
1130,3,3,1,0.11902602761983871,3.620222806930542,0.08040198683738708,3.936791181564331,0.12071508169174194,3.9951295852661133,0.09638074040412903,4.1238627433776855
1131,3,3,1,0.11581732332706451,3.6659066677093506,0.08007314056158066,4.026756286621094,0.10594706237316132,4.0064897537231445,0.08396444469690323,4.115594387054443
1132,3,3,1,0.12070760875940323,3.6136462688446045,0.08624640852212906,3.9231081008911133,0.13019172847270966,3.98783016204834,0.10419324040412903,4.139059066772461
1133,3,3,1,0.11524184793233871,3.673036575317383,0.07972437143325806,4.057871341705322,0.10230986773967743,4.017239570617676,0.08264907449483871,4.072823524475098
1134,3,3,1,0.11679388582706451,3.6729447841644287,0.08230528235435486,4.0740966796875,0.1050502210855484,3.9976284503936768,0.08520009368658066,4.047251224517822
1135,3,3,1,0.11473862081766129,3.67036509513855,0.07884745299816132,4.046192646026611,0.10570790618658066,4.013009071350098,0.07828443497419357,4.0081467628479
1136,3,0,0,0.11870963871479034,3.6411406993865967,0.08315230160951614,3.9773502349853516,0.116629458963871,3.9871838092803955,0.091796875,4.1126790046691895
1137,3,3,1,0.14717942476272583,3.6756715774536133,0.15104830265045166,3.918491840362549,0.14052534103393555,3.8736350536346436,0.1219308003783226,3.890650510787964
1138,3,3,1,0.11550840735435486,3.67090106010437,0.08012794703245163,4.0633625984191895,0.10140305757522583,3.9617726802825928,0.07940050959587097,4.026606559753418
1139,3,3,1,0.16563944518566132,3.659372329711914,0.19012077152729034,3.8332722187042236,0.1791394203901291,3.8504199981689453,0.11790496855974197,3.910243511199951
1140,3,3,1,0.11969118565320969,3.6212925910949707,0.08156787604093552,3.9398326873779297,0.1236746609210968,4.006929397583008,0.09783561527729034,4.166632652282715
1141,3,3,1,0.11531907320022583,3.6791532039642334,0.07879264652729034,4.047552585601807,0.10308713465929031,3.9730305671691895,0.07527503371238708,4.00688362121582
1142,3,3,1,0.11494040489196777,3.702089309692383,0.07977419346570969,4.139341831207275,0.08567841351032257,3.9501047134399414,0.06190210208296776,3.9272375106811523
1143,3,3,1,0.12417788803577423,3.550916910171509,0.091064453125,3.788313150405884,0.16521842777729034,3.915199041366577,0.1277303844690323,4.092994213104248
1144,3,3,1,0.12869200110435486,3.6975104808807373,0.12221480160951614,4.062701225280762,0.1146065816283226,4.04703950881958,0.07346141338348389,4.087357521057129
1145,3,3,1,0.11883419752120972,3.6305317878723145,0.08207608759403229,3.969768762588501,0.11939971148967743,3.9952428340911865,0.09582269936800003,4.121048450469971
1146,3,3,1,0.11536391824483871,3.668480634689331,0.07984893023967743,4.0474853515625,0.10340601205825806,4.000096321105957,0.07991868257522583,4.114713191986084
1147,3,3,1,0.11627570539712906,3.662874460220337,0.07776127755641937,3.99910306930542,0.10559829324483871,3.9295084476470947,0.08139349520206451,4.008814811706543
1148,3,3,1,0.11768574267625809,3.6847586631774902,0.0856584832072258,4.119532108306885,0.09706831723451614,3.988604784011841,0.08097496628761292,4.155550003051758
1149,3,3,1,0.11848542839288712,3.6241037845611572,0.07995854318141937,3.944852828979492,0.12263830751180649,3.997074842453003,0.09721779078245163,4.1098809242248535
1150,3,3,1,0.13870176672935486,3.665978193283081,0.1340680718421936,3.9264159202575684,0.13292211294174194,3.914161443710327,0.10582748800516129,3.9514124393463135
1151,3,3,1,0.11653479188680649,3.658407688140869,0.0806012824177742,4.0210795402526855,0.10973373800516129,4.015800952911377,0.08504065871238708,4.116006374359131
1152,3,3,1,0.11598921567201614,3.6963422298431396,0.09274852275848389,4.173623561859131,0.09213568270206451,4.10469388961792,0.07708864659070969,4.210444450378418
1153,3,3,1,0.11550342291593552,3.67364764213562,0.07859335094690323,4.054520130157471,0.10136319696903229,3.988792657852173,0.07810506969690323,4.044399261474609
1154,3,3,1,0.12468361109495163,3.704829216003418,0.11374461650848389,4.092951774597168,0.10077527165412903,4.076633930206299,0.08386479318141937,4.1715779304504395
1155,3,3,1,0.1162458136677742,3.665916681289673,0.08030731976032257,4.030152797698975,0.10712292790412903,3.9911627769470215,0.08027742058038712,4.101787567138672
1156,3,3,1,0.11613370478153229,3.675182819366455,0.07851861417293549,4.050510883331299,0.10250916332006454,3.9406046867370605,0.0758928582072258,3.9522058963775635
1157,3,3,1,0.1165945827960968,3.6596086025238037,0.07834921032190323,4.011828422546387,0.10621611773967743,3.9772961139678955,0.08029735088348389,4.014643669128418
1158,3,3,1,0.15939642488956451,3.6739914417266846,0.17928889393806458,3.890451192855835,0.15599091351032257,3.870065212249756,0.11449696868658066,3.9832897186279297
1159,3,3,1,0.15119777619838715,3.6714229583740234,0.15713687241077423,3.9089670181274414,0.1436244398355484,3.874002695083618,0.10558832436800003,3.9979238510131836
1160,3,3,1,0.12083964049816132,3.6065640449523926,0.08476661890745163,3.8989007472991943,0.13770528137683868,3.986323118209839,0.10999282449483871,4.158543109893799
1161,3,3,1,0.11505500227212906,3.679607629776001,0.08090521395206451,4.091452121734619,0.09073062986135483,3.9567270278930664,0.06544961780309677,4.053897857666016
1162,3,3,1,0.11757861822843552,3.6826493740081787,0.086181640625,4.1053361892700195,0.0921456441283226,4.080026149749756,0.0763113796710968,4.061895847320557
1163,3,3,1,0.11744160205125809,3.6367571353912354,0.07862324267625809,3.962737560272217,0.1143275648355484,4.007931709289551,0.08962451666593552,4.152990818023682
1164,3,3,1,0.14385861158370972,3.6872336864471436,0.15288683772087097,3.9560046195983887,0.13460618257522583,3.9216761589050293,0.09679926186800003,3.979617118835449
1165,3,3,1,0.11558563262224197,3.6673061847686768,0.0792410671710968,4.0305585861206055,0.10701330751180649,3.952136993408203,0.08045679330825806,4.028981685638428
1166,3,3,1,0.11670918017625809,3.6635289192199707,0.08711834251880646,4.050328731536865,0.10652502626180649,4.070626735687256,0.08707349747419357,4.1535820960998535
1167,3,3,1,0.11641770601272583,3.6522436141967773,0.07923609018325806,3.999433994293213,0.11164700239896774,3.991699457168579,0.0891462042927742,4.084954261779785
1168,3,3,1,0.16457319259643555,3.6538805961608887,0.18207907676696777,3.8787214756011963,0.17202447354793549,3.8764989376068115,0.10048628598451614,3.941293239593506
1169,3,3,1,0.12728694081306458,3.6909029483795166,0.11525430530309677,4.026154041290283,0.11257373541593552,4.0234575271606445,0.10507015138864517,4.102807521820068
1170,3,3,1,0.11769571155309677,3.6633646488189697,0.08419861644506454,4.057932376861572,0.10286790132522583,4.017049312591553,0.07932078838348389,4.119095325469971
1171,3,3,1,0.11464395374059677,3.67154860496521,0.080496646463871,4.058801651000977,0.10185147821903229,4.015164852142334,0.08211097121238708,4.099999904632568
1172,3,3,1,0.11685366928577423,3.6511106491088867,0.07965461164712906,3.9766058921813965,0.11517458409070969,3.9888389110565186,0.0888671875,4.08656644821167
1173,3,3,1,0.1164725124835968,3.6542253494262695,0.07990872114896774,3.9956352710723877,0.11409837007522583,3.9620959758758545,0.08791055530309677,4.058716773986816
1174,3,3,1,0.12027662247419357,3.6177713871002197,0.08187679201364517,3.937138795852661,0.1252889782190323,4.0136799812316895,0.09683912247419357,4.083762168884277
1175,3,3,1,0.12085209786891937,3.634474754333496,0.08476163446903229,3.9731953144073486,0.11595184355974197,4.019078731536865,0.09253427386283875,4.140857219696045
1176,3,3,1,0.11884665489196777,3.677776336669922,0.09290796518325806,4.0412397384643555,0.11054089665412903,4.03326416015625,0.0979352667927742,4.098901271820068
1177,3,3,1,0.12347286939620972,3.6846437454223633,0.098807193338871,4.063335418701172,0.10883688926696777,4.022889614105225,0.08318717777729034,4.088644027709961
1178,3,3,1,0.11547353118658066,3.6722686290740967,0.07958485931158066,4.04495096206665,0.10378467291593552,3.9595775604248047,0.078543521463871,4.013701915740967
1179,3,3,1,0.11621342599391937,3.665287494659424,0.08021265268325806,4.030374526977539,0.10814931243658066,4.019718170166016,0.08354591578245163,4.114503860473633
1180,3,3,1,0.11541374027729034,3.6877481937408447,0.08113440871238708,4.091991901397705,0.09609175473451614,3.985896587371826,0.07204639166593552,4.046473026275635
1181,3,3,1,0.11689851433038712,3.6644787788391113,0.08207608759403229,4.048260688781738,0.10514987260103226,3.984931707382202,0.08394451439380646,4.064577579498291
1182,3,3,1,0.11665188521146774,3.6667592525482178,0.08539441227912903,4.059279918670654,0.10205078125,3.9692413806915283,0.08039700239896774,4.081556797027588
1183,3,2,0,0.11744409799575806,3.676473617553711,0.08536949753761292,4.061865329742432,0.09697863459587097,4.087135314941406,0.0705915167927742,4.114342212677002
1184,3,3,1,0.11609384417533875,3.672389030456543,0.07911650836467743,4.045657634735107,0.10522958636283875,3.964583396911621,0.0749162957072258,3.9627561569213867
1185,3,3,1,0.11627570539712906,3.662874460220337,0.07776127755641937,3.99910306930542,0.10559829324483871,3.9295084476470947,0.08139349520206451,4.008814811706543
1186,3,3,1,0.1203264519572258,3.6738715171813965,0.08737244457006454,4.010663986206055,0.11127829551696777,3.9905972480773926,0.08378507196903229,4.046384334564209
1187,3,3,1,0.11395886540412903,3.6857728958129883,0.07677475363016129,4.073723316192627,0.10031688213348389,3.978841781616211,0.07766661047935486,4.0631256103515625
1188,3,3,1,0.11999013274908066,3.6653378009796143,0.09254922717809677,4.073109149932861,0.11114875227212906,4.069930076599121,0.09265385568141937,4.169498920440674
1189,3,3,1,0.114188052713871,3.694563150405884,0.07840900123119354,4.130012035369873,0.09614157676696777,4.027155876159668,0.07401944696903229,4.099353790283203
1190,3,3,1,0.11569774150848389,3.6670470237731934,0.08007314056158066,4.037956714630127,0.10599689185619354,4.009306907653809,0.0817522332072258,4.084836483001709
1191,3,3,1,0.12206781655550003,3.6100940704345703,0.0851004421710968,3.8953747749328613,0.13054049015045166,3.97099232673645,0.09958944469690323,4.1190714836120605
1192,3,3,1,0.1155482679605484,3.680199146270752,0.07866310328245163,4.071826934814453,0.09582269936800003,3.9370839595794678,0.07085060328245163,3.947679281234741
1193,3,3,1,0.11700065433979034,3.686915874481201,0.08570332080125809,4.090576171875,0.10022719949483871,3.9956252574920654,0.07922113686800003,4.0493083000183105
1194,3,3,1,0.11526426672935486,3.682307481765747,0.07838907092809677,4.07760763168335,0.10394411534070969,3.964912176132202,0.08055643737316132,4.034141540527344
1195,3,3,1,0.11521444469690323,3.6839215755462646,0.07854850590229034,4.073390483856201,0.10108418017625809,3.9741718769073486,0.07983896881341934,4.072890758514404
1196,3,3,1,0.11629563570022583,3.6584765911102295,0.07965461164712906,4.0078816413879395,0.1106305792927742,3.9706358909606934,0.0831473171710968,4.01845645904541
1197,3,3,1,0.11677145957946777,3.675804853439331,0.08250458538532257,4.049278259277344,0.09682916104793549,4.027683258056641,0.0735212042927742,4.083220481872559
1198,3,3,1,0.11669921875,3.681154489517212,0.08531469106674194,4.097646236419678,0.09657007455825806,4.024352550506592,0.07900191098451614,4.0988898277282715
1199,3,3,1,0.11754623800516129,3.646723508834839,0.08003327995538712,3.9805142879486084,0.1208147332072258,4.0100626945495605,0.0969587042927742,4.140390396118164
1200,3,3,1,0.11460159718990326,3.6752967834472656,0.08030731976032257,4.096786022186279,0.09474649280309677,3.9811737537384033,0.06762196868658066,4.006484031677246
1201,3,3,1,0.1175013929605484,3.6506381034851074,0.08043187856674194,3.988168239593506,0.1153041273355484,4.0105438232421875,0.08848851919174194,4.108333110809326
1202,3,3,1,0.12012964487075806,3.6662657260894775,0.09503547102212906,4.066372871398926,0.10918566584587097,4.073925495147705,0.09628108888864517,4.180087089538574
1203,3,3,1,0.1253911256790161,3.684143543243408,0.11282286047935486,4.034313678741455,0.11408840864896774,4.034151554107666,0.10231982916593552,4.100311756134033
1204,3,3,1,0.12081722170114517,3.607089042663574,0.08710339665412903,3.908534526824951,0.13230428099632263,3.9736385345458984,0.10331632196903229,4.1467976570129395
1205,3,3,1,0.12697553634643555,3.664325475692749,0.10554348677396774,4.049520969390869,0.10684390366077423,4.095317840576172,0.08492107689380646,4.188688278198242
1206,3,3,1,0.11841318011283875,3.63464617729187,0.08022759854793549,3.9637932777404785,0.11756616830825806,4.003475189208984,0.09205596148967743,4.123187065124512
1207,3,3,1,0.115234375,3.6851868629455566,0.08137356489896774,4.096313953399658,0.09716796875,4.03589391708374,0.07555405050516129,4.108942031860352
1208,3,3,1,0.11674156785011292,3.6673994064331055,0.08146823197603226,4.034187316894531,0.1074916273355484,4.004171848297119,0.0856584832072258,4.077477931976318
1209,3,3,1,0.12019192427396774,3.620155096054077,0.08273377269506454,3.9270098209381104,0.12566764652729034,3.9715328216552734,0.09996811300516129,4.130980968475342
1210,3,3,1,0.11745654791593552,3.6382455825805664,0.08058135211467743,3.9718048572540283,0.12019690126180649,4.028021812438965,0.09522480517625809,4.147342205047607
1211,3,3,1,0.12036630511283875,3.648646354675293,0.09053631126880646,3.983215093612671,0.11749640852212906,4.004579544067383,0.09161750227212906,4.103763103485107
1212,3,3,1,0.11584970355033875,3.665956974029541,0.07883749157190323,4.0254693031311035,0.10831871628761292,4.0211591720581055,0.08031728118658066,4.076426982879639
1213,3,3,1,0.11977090686559677,3.624955892562866,0.08238998800516129,3.9512579441070557,0.12127311527729034,4.008052825927734,0.09604193270206451,4.135297775268555
1214,3,3,1,0.11761349439620972,3.703077554702759,0.0926339253783226,4.183089733123779,0.09014269709587097,4.126243591308594,0.0672433003783226,4.143746376037598
1215,3,3,1,0.11521444469690323,3.6937382221221924,0.07940549403429031,4.118027210235596,0.09552375227212906,3.989046573638916,0.07433832436800003,4.04932975769043
1216,3,3,1,0.11706044524908066,3.6670072078704834,0.08354591578245163,4.031428813934326,0.111328125,4.029716968536377,0.09231504797935486,4.156735897064209
1217,3,3,1,0.11554328352212906,3.679818868637085,0.07980906963348389,4.082781791687012,0.09972894936800003,3.9526379108428955,0.07391980290412903,4.030735969543457
1218,3,3,1,0.11550093442201614,3.684532880783081,0.07820969820022583,4.091991901397705,0.09955954551696777,3.9670703411102295,0.07657047361135483,4.028891086578369
1219,3,3,1,0.11481086164712906,3.693833351135254,0.07887236773967743,4.101010799407959,0.09604193270206451,3.9700145721435547,0.07344148308038712,3.9753053188323975
1220,3,3,1,0.11678391695022583,3.679807186126709,0.08263412863016129,4.070244312286377,0.10279814898967743,3.987398147583008,0.07884247601032257,4.081395149230957
1221,3,3,1,0.12320630997419357,3.683314561843872,0.10457190126180649,4.0502190589904785,0.10613639652729034,4.023284435272217,0.09297273308038712,4.10075044631958
1222,3,3,1,0.11498026549816132,3.678056001663208,0.07800043374300003,4.04854679107666,0.10589724034070969,3.9785451889038086,0.08045679330825806,4.037156105041504
1223,3,3,1,0.11575503647327423,3.6763370037078857,0.07865811884403229,4.040792942047119,0.10467155277729034,4.026371002197266,0.08109454810619354,4.100761890411377
1224,3,3,1,0.1218610480427742,3.6155450344085693,0.08767637610435486,3.945842981338501,0.12428252398967743,4.013069152832031,0.09703842550516129,4.138016223907471
1225,3,3,1,0.11664441227912903,3.6955490112304688,0.08933553844690323,4.145120143890381,0.09895168989896774,4.069486618041992,0.07722815871238708,4.115096569061279
1226,3,3,1,0.12162438035011292,3.6872451305389404,0.09635582566261292,4.1169657707214355,0.10399393737316132,4.063146591186523,0.07210618257522583,4.0644001960754395
1227,3,3,1,0.11601163446903229,3.671126127243042,0.08121412247419357,4.071840286254883,0.10229989886283875,3.984804153442383,0.07627151906490326,4.012542247772217
1228,3,3,1,0.12167669832706451,3.654191017150879,0.09490592777729034,4.030396938323975,0.10842832922935486,4.0987958908081055,0.08771125227212906,4.168370723724365
1229,3,0,0,0.1250971555709839,3.672428607940674,0.1013532355427742,3.989234209060669,0.11526426672935486,3.9565141201019287,0.09414859861135483,3.9276037216186523
1230,3,3,1,0.12160196155309677,3.673051595687866,0.098807193338871,4.008320331573486,0.10959422588348389,4.010183811187744,0.10138312727212906,4.102614402770996
1231,3,3,1,0.11512725055217743,3.6718239784240723,0.07816983759403229,4.046593189239502,0.10374481976032257,3.9775238037109375,0.08187180757522583,4.060369968414307
1232,3,3,1,0.11920788884162903,3.632066249847412,0.08079061657190323,3.957446813583374,0.12132293730974197,3.994086265563965,0.09594228118658066,4.095346927642822
1233,3,3,1,0.11578493565320969,3.6761839389801025,0.08049166947603226,4.0598578453063965,0.10261877626180649,4.007768630981445,0.0809151753783226,4.0650248527526855
1234,3,3,1,0.11585468798875809,3.662186861038208,0.07998844236135483,4.030584335327148,0.10595703125,3.995767831802368,0.08109454810619354,4.055787563323975
1235,3,3,1,0.11578243970870972,3.701673984527588,0.08553890138864517,4.158143043518066,0.09260403364896774,4.017432689666748,0.0718470960855484,4.09153938293457
1236,3,3,1,0.11605149507522583,3.6778721809387207,0.083182193338871,4.076070785522461,0.09692880511283875,4.009869575500488,0.07479671388864517,4.086863994598389
1237,3,3,1,0.11582977324724197,3.6673405170440674,0.08229033648967743,4.048135280609131,0.10471141338348389,4.002664566040039,0.08237005770206451,4.05347204208374
1238,3,3,1,0.1405901163816452,3.6915512084960938,0.14797911047935486,3.9940741062164307,0.13207508623600006,3.994643211364746,0.10251913219690323,4.036158561706543
1239,3,3,1,0.11494040489196777,3.6768391132354736,0.07706373184919357,4.042283535003662,0.10924545675516129,4.012222766876221,0.08549904078245163,4.0906758308410645
1240,3,3,1,0.11572016030550003,3.682547092437744,0.079031802713871,4.104715824127197,0.0931222066283226,3.938790798187256,0.06901706010103226,3.9647703170776367
1241,3,3,1,0.11486566811800003,3.6806628704071045,0.07905671745538712,4.065986156463623,0.10307716578245163,3.9849188327789307,0.07774633169174194,3.997692823410034
1242,3,3,1,0.11652981489896774,3.669360399246216,0.07950016111135483,4.043243885040283,0.10171197354793549,3.9728617668151855,0.07886240631341934,4.00884485244751
1243,3,3,1,0.11675651371479034,3.71201491355896,0.08599230647087097,4.141897201538086,0.0900530144572258,4.118733882904053,0.06895726919174194,4.187283039093018
1244,3,3,1,0.11471869051456451,3.6806445121765137,0.07823959738016129,4.077755928039551,0.0987723171710968,3.9756860733032227,0.07963966578245163,4.109359264373779
1245,3,3,1,0.1157052144408226,3.6709656715393066,0.07806022465229034,4.0435309410095215,0.10753148794174194,4.044203281402588,0.08364556729793549,4.121515274047852
1246,3,3,1,0.12003995478153229,3.618408203125,0.0817522332072258,3.9235739707946777,0.12985292077064514,4.00376033782959,0.1022600457072258,4.146365165710449
1247,3,3,1,0.1192278191447258,3.648383855819702,0.08997827768325806,4.0419182777404785,0.11457668989896774,4.021221160888672,0.09827407449483871,4.179274082183838
1248,3,3,1,0.11524184793233871,3.690568208694458,0.0794852077960968,4.111452579498291,0.09323181957006454,3.9267849922180176,0.06660554558038712,3.976062297821045
1249,3,3,1,0.12029655277729034,3.652750253677368,0.09185168147087097,3.997016429901123,0.11229471862316132,4.011270046234131,0.086356021463871,4.114008903503418
1250,3,3,1,0.11585967242717743,3.6723289489746094,0.08035215735435486,4.050040245056152,0.10416334122419357,4.030995845794678,0.08252949267625809,4.1289544105529785
1251,3,3,1,0.11489805579185486,3.678844690322876,0.08054149150848389,4.084998607635498,0.09830396622419357,4.009528636932373,0.07228555530309677,4.072236061096191
1252,3,3,1,0.11472366750240326,3.6774444580078125,0.07998844236135483,4.075058937072754,0.10508011281490326,3.9924135208129883,0.08242984861135483,4.042311191558838
1253,3,3,1,0.12078234553337097,3.614978551864624,0.08304767310619354,3.927645683288574,0.1316167116165161,3.9988644123077393,0.1026785671710968,4.138392925262451
1254,3,3,1,0.11761349439620972,3.703077554702759,0.0926339253783226,4.183089733123779,0.09014269709587097,4.126243591308594,0.0672433003783226,4.143746376037598
1255,3,3,1,0.11606893688440323,3.655963659286499,0.08043686300516129,4.007866859436035,0.1150948628783226,3.9730734825134277,0.08884725719690323,4.0430684089660645
1256,3,3,1,0.11834093928337097,3.6683998107910156,0.08973413705825806,4.064908504486084,0.10654495656490326,4.043771266937256,0.08916613459587097,4.178140163421631
1257,3,3,1,0.11848293989896774,3.6329057216644287,0.07988879084587097,3.9477360248565674,0.12122329324483871,4.011837005615234,0.09837372601032257,4.16511344909668
1258,3,3,1,0.11607391387224197,3.678471088409424,0.08327686041593552,4.066112041473389,0.10041653364896774,4.033541679382324,0.08025749027729034,4.1405510902404785
1259,3,3,1,0.11650988459587097,3.669368028640747,0.0788225457072258,4.028508186340332,0.10460180044174194,4.008002281188965,0.07902184128761292,4.051954746246338
1260,3,3,1,0.14797163009643555,3.6751351356506348,0.15983736515045166,3.91412091255188,0.14911511540412903,3.896484851837158,0.12549825012683868,3.9112274646759033
1261,3,3,1,0.12127062678337097,3.597177505493164,0.08498086780309677,3.8619253635406494,0.13969825208187103,3.948641061782837,0.10696348547935486,4.126700401306152
1262,3,3,1,0.11554079502820969,3.6725456714630127,0.07853854447603226,4.06959342956543,0.10210060328245163,4.0134687423706055,0.07940050959587097,4.081074237823486
1263,3,3,1,0.11445461958646774,3.699431896209717,0.07769152522087097,4.1028666496276855,0.09643056243658066,3.980882406234741,0.07210618257522583,3.9800994396209717
1264,3,3,1,0.11711276322603226,3.670665740966797,0.07995854318141937,4.0673604011535645,0.10105428844690323,3.967754602432251,0.07736766338348389,4.014167785644531
1265,3,3,1,0.11852777749300003,3.6206440925598145,0.08133868873119354,3.932986259460449,0.12705276906490326,3.9783530235290527,0.10082509368658066,4.108914852142334
1266,3,3,1,0.11529914289712906,3.6988894939422607,0.07853854447603226,4.1107025146484375,0.09322185814380646,3.9412078857421875,0.07122927159070969,4.006155490875244
1267,3,3,1,0.11714016646146774,3.658003807067871,0.08159279078245163,4.0316314697265625,0.11134805530309677,3.999373435974121,0.087332583963871,4.059790134429932
1268,3,3,1,0.13636250793933868,3.6750826835632324,0.13139747083187103,3.9716744422912598,0.1256875842809677,3.9938158988952637,0.10807956010103226,4.046837329864502
1269,3,3,1,0.12816385924816132,3.656708002090454,0.10743183642625809,4.018041133880615,0.11161710321903229,4.083117485046387,0.08219068497419357,4.152279376983643
1270,3,3,1,0.116507388651371,3.665234088897705,0.07901187986135483,4.013747215270996,0.11089963465929031,3.9877796173095703,0.08414380997419357,4.06987190246582
1271,3,3,1,0.11487563699483871,3.6704111099243164,0.078125,4.051977157592773,0.10673429071903229,4.03333044052124,0.0845424085855484,4.131306171417236
1272,3,3,1,0.11563795059919357,3.6742641925811768,0.08006317913532257,4.054203510284424,0.10266860574483871,3.9776763916015625,0.07760681957006454,4.060092449188232
1273,3,3,1,0.11537886410951614,3.6809604167938232,0.08113440871238708,4.069823265075684,0.10338608175516129,3.9844818115234375,0.08157286047935486,4.059858322143555
1274,3,3,1,0.12285255640745163,3.6019182205200195,0.09191644936800003,3.8823177814483643,0.13534358143806458,3.9495656490325928,0.10947464406490326,4.120517253875732
1275,3,3,1,0.1172572523355484,3.6595351696014404,0.08176219463348389,4.0183424949646,0.1109793484210968,3.9753973484039307,0.08330675959587097,4.037559986114502
1276,3,3,1,0.11537637561559677,3.6760952472686768,0.08166254311800003,4.0794997215271,0.09911112487316132,4.014076232910156,0.07362085580825806,4.038169860839844
1277,3,3,1,0.11521942168474197,3.6939244270324707,0.07984893023967743,4.101709842681885,0.09818439185619354,3.986095666885376,0.07780612260103226,4.090163707733154
1278,3,3,1,0.11564791947603226,3.679569959640503,0.0784737691283226,4.062412738800049,0.09495575726032257,3.958127737045288,0.06893733888864517,3.952587366104126
1279,3,3,1,0.12195073068141937,3.594010353088379,0.08511041104793549,3.8689262866973877,0.14166134595870972,3.9750280380249023,0.11023198068141937,4.162538528442383
1280,3,3,1,0.11473612487316132,3.6900296211242676,0.07871292531490326,4.105456352233887,0.0949358269572258,3.9638919830322266,0.07423868030309677,3.9973154067993164
1281,3,3,1,0.11786511540412903,3.660043954849243,0.0845075324177742,4.032368183135986,0.1026785671710968,3.976125717163086,0.07818479090929031,4.0045881271362305
1282,3,3,1,0.1162981316447258,3.6654884815216064,0.07908163219690323,4.025516510009766,0.1065848171710968,3.9899027347564697,0.07932078838348389,4.017588138580322
1283,3,3,1,0.1163330078125,3.670471429824829,0.0793108269572258,4.050508975982666,0.10162229090929031,3.9885270595550537,0.07621173560619354,4.04184103012085
1284,3,3,1,0.11569026857614517,3.675961971282959,0.07897201925516129,4.071924209594727,0.09738719463348389,3.961322069168091,0.06925621628761292,3.964604377746582
1285,3,3,1,0.11704051494598389,3.667567729949951,0.08135363459587097,4.026947498321533,0.10649513453245163,3.963787794113159,0.0789620503783226,4.029782772064209
1286,3,3,1,0.13330078125,3.683112859725952,0.12676379084587097,3.9830987453460693,0.12485052645206451,3.999600887298584,0.09129862487316132,4.038419723510742
1287,3,3,1,0.1180071160197258,3.628617763519287,0.079520083963871,3.9312028884887695,0.12379424273967743,4.0381550788879395,0.09775589406490326,4.134352684020996
1288,3,3,1,0.11470623314380646,3.6801321506500244,0.07931580394506454,4.074062347412109,0.09912109375,3.989544630050659,0.0758928582072258,4.044380187988281
1289,3,3,1,0.12050332874059677,3.6656675338745117,0.09688396751880646,4.049318790435791,0.10933513939380646,4.033722400665283,0.08659518510103226,4.148676872253418
1290,3,3,1,0.11731205880641937,3.644000768661499,0.07937559485435486,3.9934091567993164,0.1178152859210968,3.9985620975494385,0.09568319469690323,4.134763717651367
1291,3,3,1,0.11780034005641937,3.6817450523376465,0.08744718134403229,4.096347808837891,0.0968191921710968,3.988781452178955,0.07563376426696777,4.037944793701172
1292,3,3,1,0.11625079810619354,3.68607497215271,0.0846819207072258,4.108672618865967,0.10022719949483871,4.048518657684326,0.08390465378761292,4.130166053771973
1293,3,3,1,0.12028160691261292,3.6704983711242676,0.08943020552396774,4.052593231201172,0.10583744943141937,4.007908821105957,0.07633130997419357,4.021670818328857
1294,3,3,1,0.11902602761983871,3.6255180835723877,0.08030731976032257,3.9432311058044434,0.12097416818141937,4.024547100067139,0.09524473547935486,4.146892547607422
1295,3,3,1,0.11577746272087097,3.6728923320770264,0.080810546875,4.087490081787109,0.099609375,3.9529812335968018,0.07318239659070969,3.998638391494751
1296,3,3,1,0.1288614124059677,3.66399884223938,0.10848313570022583,4.027143478393555,0.10475127398967743,4.092560768127441,0.07824457436800003,4.2027506828308105
1297,3,3,1,0.12103395909070969,3.6630990505218506,0.09690389782190323,4.024320125579834,0.10788025707006454,4.022723197937012,0.08948501199483871,4.123608112335205
1298,3,3,1,0.11660952866077423,3.6607844829559326,0.08019272238016129,4.021435260772705,0.10862762480974197,3.998624086380005,0.08364556729793549,4.078627586364746
1299,3,3,1,0.11595433950424194,3.6613385677337646,0.07980906963348389,4.0239105224609375,0.10798987001180649,3.9964935779571533,0.08464206010103226,4.0798211097717285
1300,3,3,1,0.11545360088348389,3.7021188735961914,0.08139847218990326,4.147334098815918,0.09357062727212906,3.986581563949585,0.07110968977212906,4.059136867523193
1301,3,3,1,0.11528918147087097,3.688966751098633,0.07997847348451614,4.081422805786133,0.10017737001180649,3.9870686531066895,0.07559391111135483,4.020300388336182
1302,3,3,1,0.11578493565320969,3.6735589504241943,0.07995355874300003,4.043185710906982,0.10689373314380646,3.993847370147705,0.08364556729793549,4.052656650543213
1303,3,3,1,0.1148158460855484,3.688508987426758,0.07828941941261292,4.086934566497803,0.09883210808038712,3.984069347381592,0.0758928582072258,4.017594337463379
1304,3,3,1,0.11992286890745163,3.623561382293701,0.0840890035033226,3.9422290325164795,0.12303690612316132,3.9763505458831787,0.09984853118658066,4.136726379394531
1305,3,3,1,0.11920788884162903,3.6204469203948975,0.08066605031490326,3.9255096912384033,0.12655451893806458,4.012991905212402,0.100027896463871,4.156604766845703
1306,3,3,1,0.11471869051456451,3.6754977703094482,0.07742246985435486,4.059334754943848,0.10213049501180649,3.990633249282837,0.08137356489896774,4.042370796203613
1307,3,3,1,0.13971570134162903,3.6425297260284424,0.13239894807338715,3.880066156387329,0.14741110801696777,3.9431488513946533,0.10837850719690323,4.034755229949951
1308,3,3,1,0.11964136362075806,3.6237375736236572,0.08131875842809677,3.9232277870178223,0.12579719722270966,3.985741376876831,0.09787547588348389,4.115455150604248
1309,3,3,1,0.11637037247419357,3.6681365966796875,0.0794852077960968,4.034789562225342,0.10906608402729034,4.015440940856934,0.0838448628783226,4.082719326019287
1310,3,3,1,0.11488310992717743,3.6716036796569824,0.07825952768325806,4.045584678649902,0.10726243257522583,4.010498046875,0.08326689898967743,4.0433220863342285
1311,3,3,1,0.14880122244358063,3.680863857269287,0.15355448424816132,3.9606411457061768,0.15607063472270966,4.011939525604248,0.09392936527729034,4.12985372543335
1312,3,3,1,0.11643514782190323,3.6588001251220703,0.07783102989196777,4.006785869598389,0.1100725457072258,3.9699437618255615,0.08476163446903229,4.055490016937256
1313,3,3,1,0.11761349439620972,3.703077554702759,0.0926339253783226,4.183089733123779,0.09014269709587097,4.126243591308594,0.0672433003783226,4.143746376037598
1314,3,3,1,0.11918546259403229,3.6222984790802,0.08110949397087097,3.937772512435913,0.12060546875,4.0103278160095215,0.09329161047935486,4.115146160125732
1315,3,3,1,0.11823630332946777,3.683297872543335,0.08999820798635483,4.097049236297607,0.09914102405309677,4.025329113006592,0.08436304330825806,4.089770793914795
1316,3,3,1,0.12000009417533875,3.648259162902832,0.0862862691283226,4.021422863006592,0.11212531477212906,4.003732681274414,0.09157764166593552,4.149075031280518
1317,3,3,1,0.11559808999300003,3.6640231609344482,0.07796058058738708,4.024733066558838,0.10680405050516129,4.013808727264404,0.082449771463871,4.082668781280518
1318,3,3,1,0.12130550295114517,3.6043169498443604,0.0834612175822258,3.895827054977417,0.13445670902729034,4.001852989196777,0.10493063926696777,4.1422600746154785
1319,3,3,1,0.11643514782190323,3.6588001251220703,0.07783102989196777,4.006785869598389,0.1100725457072258,3.9699437618255615,0.08476163446903229,4.055490016937256
1320,3,3,1,0.11608637124300003,3.662088394165039,0.08046675473451614,4.0299072265625,0.10740194469690323,3.9928557872772217,0.0818917378783226,4.046969890594482
1321,3,3,1,0.11887405812740326,3.628748655319214,0.08141342550516129,3.949510335922241,0.1214425191283226,4.018380165100098,0.09638074040412903,4.158808708190918
1322,3,3,1,0.11973104625940323,3.62160587310791,0.08139847218990326,3.9365856647491455,0.12734174728393555,4.042256832122803,0.0997488796710968,4.156643390655518
1323,3,0,0,0.12197564542293549,3.6178464889526367,0.09006796032190323,3.907174825668335,0.12755101919174194,3.9937500953674316,0.09966916590929031,4.116976737976074
1324,3,3,1,0.12058553844690323,3.6893439292907715,0.09980867058038712,4.111022472381592,0.09762635082006454,4.079616069793701,0.0782645046710968,4.159663677215576
1325,3,3,1,0.12144500762224197,3.665264844894409,0.09787049144506454,4.034414291381836,0.11213528364896774,3.997511863708496,0.0855189710855484,4.122349262237549
1326,3,3,1,0.11966128647327423,3.619990348815918,0.08124899864196777,3.94407320022583,0.1253487765789032,4.0085859298706055,0.09927056729793549,4.149167060852051
1327,3,3,1,0.13087929785251617,3.684311628341675,0.11879683285951614,3.9960994720458984,0.12368462979793549,3.9302287101745605,0.09656010568141937,3.991950511932373
1328,3,3,1,0.11951929330825806,3.624979257583618,0.08096002042293549,3.936426877975464,0.12552814185619354,3.982218027114868,0.09948979318141937,4.106570720672607
1329,3,3,1,0.11530661582946777,3.678643226623535,0.08261419832706451,4.094385147094727,0.09712810814380646,4.0500664710998535,0.0784040167927742,4.149974346160889
1330,3,3,1,0.16563944518566132,3.659372329711914,0.19012077152729034,3.8332722187042236,0.1791394203901291,3.8504199981689453,0.11790496855974197,3.910243511199951
1331,3,3,1,0.11952178180217743,3.629739284515381,0.08142338693141937,3.9557580947875977,0.12030652165412903,4.007537364959717,0.09456712007522583,4.116965293884277
1332,3,3,1,0.11892388761043549,3.643211841583252,0.08378507196903229,3.9730613231658936,0.11462651193141937,4.023472309112549,0.0947265625,4.170418739318848
1333,3,3,1,0.11969617009162903,3.6666181087493896,0.08852837979793549,4.048626899719238,0.1089564710855484,4.009145736694336,0.08711335808038712,4.101120948791504
1334,3,3,1,0.11513223499059677,3.675992727279663,0.0797991082072258,4.066246032714844,0.10161232203245163,3.9999020099639893,0.08019769936800003,4.095179080963135
1335,3,3,1,0.13162417709827423,3.6420934200286865,0.11559808999300003,3.9178051948547363,0.13102877140045166,3.939234972000122,0.10146284848451614,4.065213203430176
1336,3,3,1,0.11838328838348389,3.6664984226226807,0.08905652165412903,4.080172538757324,0.10600685328245163,4.092592716217041,0.08777104318141937,4.229109764099121
1337,3,3,1,0.11639777570962906,3.662008047103882,0.07987882196903229,4.019461154937744,0.11151745915412903,3.9803414344787598,0.08571826666593552,4.073703765869141
1338,3,3,1,0.1219831183552742,3.603961944580078,0.08519510924816132,3.899292469024658,0.13525390625,3.984086036682129,0.10361526906490326,4.149451732635498
1339,3,3,1,0.11620844155550003,3.655433416366577,0.07969945669174194,4.014628887176514,0.11281289905309677,4.048140525817871,0.0895647332072258,4.204939842224121
1340,3,3,1,0.11543865501880646,3.701540946960449,0.084228515625,4.151257038116455,0.0998186394572258,4.007187843322754,0.08081553131341934,4.119359016418457
1341,3,3,1,0.11801209300756454,3.6411938667297363,0.07952506840229034,3.966982126235962,0.11529415845870972,4.007864952087402,0.09034199267625809,4.085153102874756
1342,3,3,1,0.11967623978853226,3.624638319015503,0.08151805400848389,3.9376566410064697,0.12461136281490326,4.026869297027588,0.09883210808038712,4.162532806396484
1343,3,3,1,0.11739426851272583,3.6666171550750732,0.08424844592809677,4.077532768249512,0.10822903364896774,4.0375657081604,0.09267378598451614,4.17634391784668
1344,3,0,0,0.12085209786891937,3.657191038131714,0.09094487130641937,3.9828522205352783,0.11235450953245163,3.9796009063720703,0.08890704810619354,4.060300350189209
1345,3,3,1,0.12553560733795166,3.693476915359497,0.10800482332706451,4.026295185089111,0.11856265366077423,4.022608757019043,0.08848851919174194,4.1074323654174805
1346,3,3,1,0.11489307135343552,3.6822350025177,0.0770089253783226,4.071040153503418,0.09806481003761292,3.966974973678589,0.07336176186800003,3.9896767139434814
1347,3,3,1,0.11700812727212906,3.6920244693756104,0.08257433772087097,4.081759452819824,0.09994818270206451,3.9956130981445312,0.07525510340929031,4.030720233917236
1348,3,3,1,0.13233667612075806,3.685228109359741,0.12121332436800003,4.015414237976074,0.1271524280309677,4.035109519958496,0.07961973547935486,4.094367980957031
1349,3,3,1,0.1186000257730484,3.6363348960876465,0.08009805530309677,3.9646055698394775,0.11902104318141937,4.009795665740967,0.0940290167927742,4.156422138214111
1350,3,3,1,0.11893883347511292,3.6307311058044434,0.08064114302396774,3.9585418701171875,0.12122329324483871,4.023838996887207,0.09600207209587097,4.1343159675598145
1351,3,3,1,0.11586714535951614,3.6800687313079834,0.07957489788532257,4.076388359069824,0.09704838693141937,3.9618029594421387,0.07786591351032257,4.041719913482666
1352,3,3,1,0.11538384854793549,3.689286708831787,0.07989875227212906,4.108755111694336,0.10153260082006454,3.9919521808624268,0.07864317297935486,4.027622699737549
1353,3,3,1,0.11881925165653229,3.6363770961761475,0.08051657676696777,3.9603960514068604,0.12031648308038712,4.011926651000977,0.09642060101032257,4.145308017730713
1354,3,3,1,0.1642717570066452,3.6699271202087402,0.18585079908370972,3.8797082901000977,0.17227359116077423,3.872917652130127,0.10401386767625809,3.973558187484741
1355,3,3,1,0.11680633574724197,3.687589406967163,0.08932556957006454,4.113621234893799,0.09359055757522583,4.042802333831787,0.07595264166593552,4.114405632019043
1356,3,3,1,0.11798718571662903,3.6732966899871826,0.08955476433038712,4.051129341125488,0.10345583409070969,4.03958797454834,0.08508051186800003,4.1370344161987305
1357,3,3,1,0.13049814105033875,3.678311586380005,0.11680883169174194,3.9790139198303223,0.12122329324483871,3.9441020488739014,0.09785554558038712,3.9529531002044678
1358,3,3,1,0.14977030456066132,3.6767578125,0.16109295189380646,3.9210071563720703,0.1463448703289032,3.8939807415008545,0.09432796388864517,3.984998941421509
1359,3,3,1,0.11942711472511292,3.6143224239349365,0.08046675473451614,3.9114551544189453,0.12657445669174194,3.9854352474212646,0.10074537247419357,4.116122722625732
1360,3,3,1,0.11689352989196777,3.6579856872558594,0.07947524636983871,4.015422344207764,0.10578762739896774,3.95902419090271,0.0778459832072258,3.973374366760254
1361,3,3,1,0.114798404276371,3.67889142036438,0.07825454324483871,4.0564117431640625,0.10412348061800003,3.9706192016601562,0.08043686300516129,4.03369665145874
1362,3,3,1,0.12008978426456451,3.5993361473083496,0.08334662020206451,3.8809781074523926,0.13495495915412903,3.96795392036438,0.10273835808038712,4.120077610015869
1363,3,3,1,0.11599668860435486,3.6780636310577393,0.08088528364896774,4.086854934692383,0.09753666818141937,3.966080904006958,0.07529495656490326,4.029910087585449
1364,3,3,1,0.11532405763864517,3.6800742149353027,0.07926598191261292,4.049720287322998,0.10668446868658066,4.005604267120361,0.08410394936800003,4.08791446685791
1365,3,3,1,0.1158447265625,3.672372579574585,0.08087033778429031,4.057852268218994,0.09868263453245163,3.9464807510375977,0.07409916818141937,3.9870898723602295
1366,3,3,1,0.12020687013864517,3.6139848232269287,0.08146324753761292,3.9109480381011963,0.1291055530309677,3.986029624938965,0.10218032449483871,4.135166645050049
1367,3,3,1,0.11544114351272583,3.677399158477783,0.07980408519506454,4.062621116638184,0.10235968977212906,3.9778037071228027,0.07758688926696777,4.031081199645996
1368,3,3,1,0.13080954551696777,3.6720309257507324,0.12054069340229034,3.9814822673797607,0.12424266338348389,3.9779434204101562,0.11100924760103226,3.9701974391937256
1369,3,3,1,0.11611627042293549,3.6694700717926025,0.07970444113016129,4.044695854187012,0.10402383655309677,3.9749975204467773,0.078543521463871,4.052778720855713
1370,3,3,1,0.11985311657190323,3.670401096343994,0.09320691227912903,4.062596797943115,0.10731226205825806,4.063329696655273,0.09004304558038712,4.129260540008545
1371,3,3,1,0.11534897238016129,3.6743552684783936,0.07726801186800003,4.047330379486084,0.1033063605427742,3.996816873550415,0.07892218977212906,4.080303192138672
1372,3,3,1,0.11568528413772583,3.6873397827148438,0.08120914548635483,4.115835189819336,0.09396922588348389,3.988441228866577,0.07025270909070969,4.076312065124512
1373,3,3,1,0.11606146395206451,3.682600736618042,0.08428830653429031,4.086185455322266,0.09955954551696777,4.045941352844238,0.08107461780309677,4.155604839324951
1374,3,3,1,0.11624830216169357,3.671902894973755,0.0803920179605484,4.040966987609863,0.10693359375,3.9873263835906982,0.08292809128761292,4.058158874511719
1375,3,3,1,0.12162438035011292,3.6872451305389404,0.09635582566261292,4.1169657707214355,0.10399393737316132,4.063146591186523,0.07210618257522583,4.0644001960754395
1376,3,2,0,0.1153215691447258,3.6644272804260254,0.07817482203245163,4.026832580566406,0.10796994715929031,4.008306503295898,0.08559869229793549,4.101746082305908
1377,3,3,1,0.11658212542533875,3.6773509979248047,0.07916633039712906,4.053873538970947,0.10634566098451614,3.920539617538452,0.08229033648967743,4.009929656982422
1378,3,3,1,0.12238669395446777,3.7062511444091797,0.1056780144572258,4.087647438049316,0.1063058003783226,4.016122817993164,0.08117426186800003,4.027989387512207
1379,3,3,1,0.11807188391685486,3.635763168334961,0.08067601919174194,3.9748642444610596,0.11938974261283875,4.044486999511719,0.0938895046710968,4.191466808319092
1380,3,3,1,0.11541374027729034,3.6887412071228027,0.08247967064380646,4.123353958129883,0.09300263226032257,4.011679172515869,0.07009326666593552,4.079613208770752
1381,3,2,0,0.12206781655550003,3.6791160106658936,0.09182178229093552,4.062347412109375,0.09666971862316132,4.009689807891846,0.0672433003783226,4.019857883453369
1382,3,3,1,0.11879932135343552,3.6341769695281982,0.08057636767625809,3.9752039909362793,0.11592195183038712,4.029313087463379,0.08924585580825806,4.139124393463135
1383,3,3,1,0.11767578125,3.682339668273926,0.08599230647087097,4.115997314453125,0.08883728832006454,4.028491497039795,0.06949537247419357,4.093776702880859
1384,3,3,1,0.11912816762924194,3.636441469192505,0.08547911047935486,3.9918978214263916,0.11727718263864517,4.100773334503174,0.0969587042927742,4.223843574523926
1385,3,3,1,0.116943359375,3.695645809173584,0.0867745503783226,4.1227030754089355,0.1008649542927742,4.013535022735596,0.07627151906490326,4.023255825042725
1386,3,3,1,0.11744160205125809,3.6628060340881348,0.08211097121238708,4.037439346313477,0.10988321155309677,4.00054407119751,0.08910634368658066,4.133080005645752
1387,3,3,1,0.1150076687335968,3.6947038173675537,0.08092015981674194,4.1305952072143555,0.09759645909070969,3.9986727237701416,0.07613201439380646,4.10235595703125
1388,3,3,1,0.12158700823783875,3.609863519668579,0.08418367058038712,3.8909800052642822,0.13326092064380646,3.9573020935058594,0.1023995503783226,4.141689300537109
1389,3,1,0,0.16485221683979034,3.6346092224121094,0.1799665093421936,3.8226189613342285,0.17842194437980652,3.874727725982666,0.12432238459587097,3.944533586502075
1390,3,3,1,0.1159493550658226,3.660142183303833,0.07805026322603226,4.0160231590271,0.10996292531490326,4.012686729431152,0.08525988459587097,4.083216667175293
1391,3,3,1,0.11911819875240326,3.623339891433716,0.08114437013864517,3.9386589527130127,0.12338568270206451,4.01954460144043,0.0982142835855484,4.146103858947754
1392,3,3,1,0.11500518023967743,3.6729702949523926,0.07818976789712906,4.049002647399902,0.10291773080825806,3.986154079437256,0.08055643737316132,4.0638298988342285
1393,3,3,1,0.11559808999300003,3.6725571155548096,0.07932577282190323,4.0565290451049805,0.10486088693141937,4.029649257659912,0.08322703838348389,4.1058430671691895
1394,3,3,1,0.11638282984495163,3.674015998840332,0.07957987487316132,4.070748805999756,0.10138312727212906,3.997641086578369,0.07946030050516129,4.057687282562256
1395,3,3,1,0.11782027035951614,3.674186944961548,0.08981385082006454,4.114723205566406,0.10443239659070969,4.029294013977051,0.08984375,4.168589115142822
1396,3,3,1,0.11417560279369354,3.6887259483337402,0.07828443497419357,4.087831020355225,0.09642060101032257,3.962071180343628,0.0725446417927742,3.971428632736206
1397,3,3,1,0.1149030402302742,3.681330442428589,0.0771135613322258,4.076758861541748,0.104422427713871,3.9839680194854736,0.07908163219690323,4.03830623626709
1398,3,3,1,0.11645258218050003,3.6704888343811035,0.08032725006341934,4.063763618469238,0.103515625,3.9440701007843018,0.07706871628761292,3.985260009765625
1399,3,3,1,0.13690808415412903,3.6485188007354736,0.1300821155309677,3.906158924102783,0.1379045695066452,3.904400587081909,0.116629458963871,3.9888927936553955
1400,3,3,1,0.11825872957706451,3.629239559173584,0.07959482818841934,3.9345226287841797,0.12199059128761292,4.005881309509277,0.0977957546710968,4.13715124130249
1401,3,3,1,0.11562300473451614,3.686201810836792,0.08012296259403229,4.100118160247803,0.09799505770206451,3.9941020011901855,0.07252471148967743,4.040395736694336
1402,3,3,1,0.12463129311800003,3.6582913398742676,0.10956931114196777,4.065072059631348,0.11750637739896774,4.082767963409424,0.10008768737316132,4.187574863433838
1403,3,3,1,0.11603156477212906,3.671032190322876,0.07914640009403229,4.030531883239746,0.10383450239896774,3.9209213256835938,0.07676976919174194,3.9595015048980713
1404,3,3,1,0.11549844592809677,3.6852810382843018,0.08029735088348389,4.108029365539551,0.09676937013864517,4.0133867263793945,0.07174744457006454,4.091944217681885
1405,3,3,1,0.12034637480974197,3.60662841796875,0.08568339049816132,3.9078328609466553,0.13229432702064514,3.979963779449463,0.10349569469690323,4.124590873718262
1406,3,3,1,0.11926019936800003,3.6191928386688232,0.08189672231674194,3.919267416000366,0.1273118555545807,3.9827802181243896,0.09980867058038712,4.12579870223999
1407,3,3,1,0.14054527878761292,3.6974971294403076,0.1484125852584839,4.00577449798584,0.13471579551696777,4.002737045288086,0.07860331237316132,4.040567874908447
1408,3,3,1,0.1164027601480484,3.6821188926696777,0.08191665261983871,4.099993705749512,0.0977260023355484,3.9697155952453613,0.07696906477212906,4.076126575469971
1409,3,3,1,0.11705795675516129,3.6711714267730713,0.08400430530309677,4.0511860847473145,0.10579758882522583,4.000565052032471,0.08322703838348389,4.06154203414917
1410,3,3,1,0.11545360088348389,3.68306565284729,0.0811941921710968,4.09787654876709,0.09288305044174194,3.9742517471313477,0.06477200239896774,4.007384777069092
1411,3,3,1,0.11911072582006454,3.622312307357788,0.08095503598451614,3.9142048358917236,0.12739157676696777,3.994680881500244,0.09990832209587097,4.137442588806152
1412,3,3,1,0.13888362050056458,3.6837072372436523,0.13675861060619354,4.019855499267578,0.12741151452064514,4.058892726898193,0.07888232916593552,4.1483073234558105
1413,3,0,0,0.12161441147327423,3.6494662761688232,0.09389448910951614,3.993313789367676,0.114188052713871,3.971027135848999,0.09614157676696777,4.065091133117676
1414,3,3,1,0.11857013404369354,3.668977737426758,0.09039679914712906,4.087636947631836,0.10197106003761292,4.0563859939575195,0.08338648080825806,4.1739959716796875
1415,3,3,1,0.12168167531490326,3.6089181900024414,0.086844302713871,3.8928284645080566,0.13461615145206451,3.98030948638916,0.10411351919174194,4.106240272521973
1416,3,3,1,0.11571019887924194,3.66058087348938,0.07839903235435486,4.004512310028076,0.10888671875,3.995149612426758,0.08181201666593552,4.038489818572998
1417,3,3,1,0.1186697781085968,3.6318042278289795,0.07990872114896774,3.936276435852051,0.12265823781490326,4.0102362632751465,0.09859295189380646,4.138669967651367
1418,3,3,1,0.1148507222533226,3.6815972328186035,0.07755699753761292,4.078183174133301,0.0994698628783226,4.000200271606445,0.07495615631341934,4.028183937072754
1419,3,3,1,0.12337571382522583,3.673572301864624,0.10765604674816132,4.043874740600586,0.10988321155309677,4.0170488357543945,0.09311224520206451,4.129922866821289
1420,3,3,1,0.1171526238322258,3.6910219192504883,0.09202108532190323,4.138339996337891,0.10132333636283875,4.0713019371032715,0.07774633169174194,4.090233325958252
1421,3,3,1,0.11769072711467743,3.6619956493377686,0.08250956237316132,4.022584438323975,0.11067043989896774,4.004502296447754,0.09004304558038712,4.075918674468994
1422,3,3,1,0.11747150123119354,3.6817448139190674,0.08345623314380646,4.074985027313232,0.10348572582006454,3.9863264560699463,0.07814493030309677,4.116806983947754
1423,3,3,1,0.1153564453125,3.6725406646728516,0.07797552645206451,4.061980724334717,0.10205078125,3.9989259243011475,0.08085538446903229,4.107468605041504
1424,3,3,1,0.11576251685619354,3.6893560886383057,0.0802873894572258,4.101712703704834,0.09513512253761292,4.013512134552002,0.07511559128761292,4.083576679229736
1425,3,3,1,0.1197684109210968,3.6233463287353516,0.08173230290412903,3.9506828784942627,0.12242905050516129,3.9772098064422607,0.09691884368658066,4.121735572814941
1426,3,3,1,0.1155657097697258,3.6813037395477295,0.07930085808038712,4.061761856079102,0.10116390138864517,3.969562530517578,0.07346141338348389,4.007053852081299
1427,3,3,1,0.11511977761983871,3.7044146060943604,0.07944534718990326,4.1275634765625,0.08876753598451614,3.963066816329956,0.060467153787612915,3.997363328933716
1428,3,3,1,0.11672662198543549,3.673311233520508,0.0830078125,4.0801920890808105,0.09645049273967743,4.012707710266113,0.07236526906490326,4.083998680114746
1429,3,3,1,0.118582583963871,3.6955461502075195,0.09010283648967743,4.109212398529053,0.09195630997419357,4.070654392242432,0.06887754797935486,4.103009223937988
1430,3,3,1,0.11634795367717743,3.675288438796997,0.08073581010103226,4.04782772064209,0.10395407676696777,3.9897429943084717,0.07824457436800003,4.075904369354248
1431,3,3,1,0.12057308107614517,3.6163971424102783,0.08406409621238708,3.9100284576416016,0.13401825726032257,3.987210988998413,0.10381457209587097,4.120944499969482
1432,3,3,1,0.11536640673875809,3.6917877197265625,0.0799386128783226,4.1290202140808105,0.08704360574483871,3.9864912033081055,0.060467153787612915,4.012524604797363
1433,3,3,1,0.12056311219930649,3.6866204738616943,0.09442761540412903,4.120884418487549,0.09606186300516129,4.036306858062744,0.07302295416593552,4.114901542663574
1434,3,3,1,0.13093161582946777,3.6677322387695312,0.11198581010103226,3.9785103797912598,0.12703284621238708,3.930341958999634,0.10122369229793549,3.988974094390869
