index,label,prediction,correct,rate_layer1,com_layer1,rate_layer2,com_layer2,rate_layer3,com_layer3,rate_layer4,com_layer4
0,0,0,1,0.4407336115837097,3.6385927200317383,0.2576380968093872,3.794194459915161,0.20665258169174194,3.85485577583313,0.15027104318141937,3.984482765197754
1,0,0,1,0.4211774468421936,3.6579580307006836,0.24806679785251617,3.840744733810425,0.18504862487316132,3.8949379920959473,0.13235411047935486,4.048336029052734
2,0,0,1,0.4297124147415161,3.641956090927124,0.2576032280921936,3.811709403991699,0.20081312954425812,3.873560905456543,0.1459263414144516,4.022808074951172
3,0,0,1,0.4483742117881775,3.6274051666259766,0.2640405595302582,3.7626900672912598,0.21786311268806458,3.832045078277588,0.16065450012683868,3.9878427982330322
4,0,0,1,0.453212171792984,3.614051103591919,0.2676279544830322,3.7367725372314453,0.22553610801696777,3.782794952392578,0.16731105744838715,3.919952392578125
5,0,0,1,0.44406190514564514,3.6288864612579346,0.2630191743373871,3.7655951976776123,0.21535195410251617,3.8154642581939697,0.15674825012683868,3.9782581329345703
6,0,0,1,0.4235391318798065,3.6528480052948,0.2511758506298065,3.8238911628723145,0.18953284621238708,3.8591482639312744,0.13883131742477417,3.9807636737823486
7,0,0,1,0.4312594532966614,3.6429457664489746,0.25571486353874207,3.8128714561462402,0.20176976919174194,3.8663570880889893,0.14692282676696777,4.013293743133545
8,0,0,1,0.42017099261283875,3.667182445526123,0.24777282774448395,3.8604636192321777,0.18218868970870972,3.8636984825134277,0.1326729953289032,3.982574701309204
9,0,0,1,0.43757471442222595,3.6358869075775146,0.26032865047454834,3.7909815311431885,0.20838648080825806,3.8583109378814697,0.15336017310619354,4.0183234214782715
10,0,0,1,0.44473952054977417,3.627659320831299,0.26182836294174194,3.7708659172058105,0.21046914160251617,3.815349578857422,0.15375876426696777,3.9682435989379883
11,0,0,1,0.450282484292984,3.6190919876098633,0.26592394709587097,3.745109796524048,0.21926817297935486,3.7913107872009277,0.15884087979793549,3.9402761459350586
12,0,0,1,0.414149671792984,3.6731650829315186,0.2453015297651291,3.8660247325897217,0.17625956237316132,3.8881728649139404,0.12647481262683868,4.002994060516357
13,0,0,1,0.4438825249671936,3.6340794563293457,0.25958624482154846,3.7821688652038574,0.20796795189380646,3.843651056289673,0.15047034621238708,4.003576278686523
14,0,0,1,0.43353894352912903,3.6324055194854736,0.25819116830825806,3.784040927886963,0.20303530991077423,3.8373987674713135,0.14985251426696777,3.9950790405273438
15,0,0,1,0.4421237111091614,3.6312432289123535,0.2605329155921936,3.7757315635681152,0.21000079810619354,3.831688404083252,0.15411750972270966,3.977369785308838
16,0,0,1,0.42534029483795166,3.6619322299957275,0.25056302547454834,3.8480582237243652,0.19173508882522583,3.8992257118225098,0.13819356262683868,4.040813446044922
17,0,0,1,0.44700154662132263,3.6273531913757324,0.26332807540893555,3.7683486938476562,0.21398676931858063,3.8282108306884766,0.15573182702064514,3.971461534500122
18,0,0,1,0.44701650738716125,3.6204440593719482,0.2634177505970001,3.752898693084717,0.2155512571334839,3.80680513381958,0.15658880770206451,3.9656357765197754
19,0,0,1,0.41234853863716125,3.6702089309692383,0.24591436982154846,3.8643124103546143,0.1734095960855484,3.901390552520752,0.12956392765045166,3.9960005283355713
20,0,0,1,0.40094366669654846,3.673832893371582,0.24821129441261292,3.870847225189209,0.17987683415412903,3.891141653060913,0.124441958963871,4.018898010253906
21,0,0,1,0.4347023367881775,3.633200168609619,0.25861966609954834,3.7822601795196533,0.20546674728393555,3.832242012023926,0.15188536047935486,3.978742837905884
22,0,0,1,0.4439074397087097,3.626192569732666,0.26155930757522583,3.7649154663085938,0.21216318011283875,3.8208162784576416,0.15477518737316132,3.955317974090576
23,0,0,1,0.4446224272251129,3.6333603858947754,0.26269033551216125,3.7770233154296875,0.21748444437980652,3.825979471206665,0.16414222121238708,3.964545965194702
24,0,0,1,0.42947572469711304,3.64250111579895,0.2549326419830322,3.811906337738037,0.1928013414144516,3.8530080318450928,0.14122289419174194,3.9970364570617676
25,0,0,1,0.40957826375961304,3.6631550788879395,0.24992027878761292,3.8453547954559326,0.18559668958187103,3.888322114944458,0.13271284103393555,4.014867305755615
26,0,0,1,0.41112035512924194,3.6686601638793945,0.24738918244838715,3.8639934062957764,0.18092314898967743,3.9126460552215576,0.1331712305545807,4.0303802490234375
27,0,0,1,0.4461669921875,3.6249029636383057,0.2647181749343872,3.7611894607543945,0.21818199753761292,3.8213746547698975,0.15469546616077423,3.959933042526245
28,0,0,1,0.435756117105484,3.632051944732666,0.26124539971351624,3.7741880416870117,0.20864556729793549,3.8201355934143066,0.1540975719690323,3.9452922344207764
29,0,0,1,0.39776235818862915,3.673178195953369,0.24454918503761292,3.873680830001831,0.18065409362316132,3.9093165397644043,0.13438695669174194,4.047456741333008
30,0,0,1,0.4402029812335968,3.6363914012908936,0.2615094780921936,3.78525710105896,0.21159517765045166,3.8346991539001465,0.15630978345870972,4.001912593841553
31,0,0,1,0.4473004937171936,3.625814437866211,0.26255080103874207,3.764190196990967,0.21548150479793549,3.820199728012085,0.15670838952064514,3.9952943325042725
32,0,0,1,0.41021353006362915,3.665863037109375,0.2458944469690323,3.853663444519043,0.17881058156490326,3.8704302310943604,0.12934470176696777,3.998305082321167
33,0,0,1,0.43134912848472595,3.6329073905944824,0.25907304883003235,3.785583734512329,0.20321467518806458,3.81758451461792,0.14267776906490326,3.9710853099823
34,0,0,1,0.4485386312007904,3.6204936504364014,0.2643594443798065,3.7521579265594482,0.21925820410251617,3.8153433799743652,0.15784437954425812,3.967045545578003
35,0,0,1,0.402675062417984,3.6725378036499023,0.24667170643806458,3.869455337524414,0.17819276452064514,3.8823397159576416,0.1284877210855484,3.991468906402588
36,0,0,1,0.419453501701355,3.6609768867492676,0.24855010211467743,3.8468077182769775,0.18501873314380646,3.8924436569213867,0.1356823891401291,4.0186543464660645
37,0,0,1,0.44271913170814514,3.626128911972046,0.26299425959587097,3.7673916816711426,0.21154536306858063,3.808987617492676,0.15306122601032257,3.9619791507720947
38,0,0,1,0.4343161880970001,3.6415295600891113,0.25648218393325806,3.805835723876953,0.20503826439380646,3.864210844039917,0.15013153851032257,4.0192484855651855
39,0,0,1,0.4116634428501129,3.6544344425201416,0.2512705326080322,3.8412880897521973,0.18482939898967743,3.8828983306884766,0.1331712305545807,3.9791977405548096
40,0,0,1,0.4337880611419678,3.6360509395599365,0.2572046220302582,3.7957265377044678,0.20430085062980652,3.8535265922546387,0.1502511203289032,4.002785682678223
41,0,0,1,0.43755480647087097,3.636183500289917,0.25786730647087097,3.7954399585723877,0.20252710580825806,3.854949712753296,0.14680324494838715,4.002986907958984
42,0,0,1,0.40174832940101624,3.6768176555633545,0.2421974539756775,3.8867928981781006,0.16884565353393555,3.892174243927002,0.11947943270206451,4.019682884216309
43,0,0,1,0.43467244505882263,3.630263566970825,0.26053789258003235,3.7784321308135986,0.2119838148355484,3.8288440704345703,0.15363918244838715,3.9850823879241943
44,0,0,1,0.43470484018325806,3.639225482940674,0.25687578320503235,3.795659065246582,0.20331433415412903,3.868989944458008,0.1474011391401291,4.043942451477051
45,0,0,1,0.43959760665893555,3.6348536014556885,0.26019909977912903,3.790494680404663,0.2066127210855484,3.8538150787353516,0.15204480290412903,4.000786304473877
46,0,0,1,0.41768723726272583,3.654616594314575,0.2525709569454193,3.8336029052734375,0.18551698327064514,3.8619003295898438,0.13683833181858063,3.993882894515991
47,0,0,1,0.4086191654205322,3.6580662727355957,0.2514747977256775,3.8400301933288574,0.18843670189380646,3.8890533447265625,0.13661909103393555,4.05164098739624
48,0,0,1,0.4497593343257904,3.6213018894195557,0.2656499147415161,3.744096517562866,0.222028449177742,3.7854673862457275,0.16284677386283875,3.9288947582244873
49,0,0,1,0.4203055202960968,3.6640706062316895,0.2506825923919678,3.848249912261963,0.1861746609210968,3.860407829284668,0.13331075012683868,3.9988040924072266
50,0,0,1,0.4357287287712097,3.630267858505249,0.26071229577064514,3.776000499725342,0.20811742544174194,3.831027030944824,0.1540178507566452,3.995988607406616
51,0,0,1,0.43331971764564514,3.635967969894409,0.25872427225112915,3.791168451309204,0.2077985405921936,3.8450582027435303,0.1497727930545807,4.00545597076416
52,0,0,1,0.4257563352584839,3.659196615219116,0.25122568011283875,3.8365793228149414,0.1906987428665161,3.8791868686676025,0.13641980290412903,4.007158279418945
53,0,0,1,0.4378163814544678,3.633185863494873,0.2590581178665161,3.785783052444458,0.20604471862316132,3.8381776809692383,0.15051020681858063,4.018803119659424
54,0,0,1,0.4247797727584839,3.658629894256592,0.2493821680545807,3.8477783203125,0.18504862487316132,3.885622024536133,0.1310786008834839,4.0042572021484375
55,0,0,1,0.4175950586795807,3.6597604751586914,0.2506377398967743,3.8483023643493652,0.1838030070066452,3.8727025985717773,0.13289222121238708,3.993401288986206
56,0,0,1,0.4545624256134033,3.6173293590545654,0.2673190236091614,3.732013702392578,0.22768853604793549,3.7814784049987793,0.1664341539144516,3.91318416595459
57,0,0,1,0.44337183237075806,3.625448703765869,0.2655203640460968,3.7568068504333496,0.2251674085855484,3.7962028980255127,0.16358418762683868,3.919347047805786
58,0,0,1,0.4404321610927582,3.6346518993377686,0.26155930757522583,3.783773899078369,0.21193398535251617,3.847893476486206,0.15070949494838715,4.0050249099731445
59,0,0,1,0.4277443289756775,3.6412813663482666,0.2568608522415161,3.8096909523010254,0.19944794476032257,3.8730952739715576,0.1447504758834839,3.998898506164551
60,0,0,1,0.4134272336959839,3.6624948978424072,0.2482661008834839,3.8434414863586426,0.18130181729793549,3.8623173236846924,0.13293208181858063,3.994452714920044
61,0,0,1,0.45499590039253235,3.6192872524261475,0.26781728863716125,3.7422049045562744,0.22494818270206451,3.8040223121643066,0.16477997601032257,3.944363832473755
62,0,0,1,0.4084198474884033,3.67419171333313,0.24370215833187103,3.878312110900879,0.17671795189380646,3.921732187271118,0.12599648535251617,4.0558366775512695
63,0,0,1,0.42858389019966125,3.643803358078003,0.2547532618045807,3.814218759536743,0.19744499027729034,3.870798349380493,0.15001195669174194,4.01023006439209
64,0,0,1,0.4424874484539032,3.6219470500946045,0.26286470890045166,3.754880666732788,0.21612921357154846,3.8022961616516113,0.16007652878761292,3.9560508728027344
65,0,0,1,0.44563883543014526,3.618342638015747,0.2648228108882904,3.7432785034179688,0.22052374482154846,3.784907341003418,0.1618901491165161,3.935122489929199
66,0,0,1,0.4352329671382904,3.633275270462036,0.26093152165412903,3.7851250171661377,0.20594507455825806,3.840083122253418,0.14905531704425812,3.9918439388275146
67,0,0,1,0.41163355112075806,3.66898250579834,0.24693578481674194,3.867476463317871,0.17486447095870972,3.8751425743103027,0.12412308156490326,3.9877970218658447
68,0,0,1,0.4340097904205322,3.641666889190674,0.25686582922935486,3.8044962882995605,0.20734015107154846,3.855048894882202,0.15013153851032257,3.998274326324463
69,0,3,0,0.436732679605484,3.6439294815063477,0.25715482234954834,3.8102571964263916,0.20086295902729034,3.856724739074707,0.14273756742477417,4.004049301147461
70,0,0,1,0.4192666709423065,3.666339874267578,0.2479771226644516,3.84635329246521,0.1865333914756775,3.8757946491241455,0.13388870656490326,4.018904209136963
71,0,0,1,0.4152059555053711,3.6571426391601562,0.247907355427742,3.83969783782959,0.18335458636283875,3.84907603263855,0.1325932741165161,3.9962422847747803
72,0,0,1,0.42951807379722595,3.6424379348754883,0.2565220296382904,3.8073031902313232,0.1963588148355484,3.8361330032348633,0.1443319469690323,3.9812207221984863
73,0,0,1,0.436177134513855,3.629991054534912,0.2614297568798065,3.7743282318115234,0.21158520877361298,3.838977098464966,0.15760523080825806,3.983687400817871
74,0,0,1,0.41034308075904846,3.6716935634613037,0.24395129084587097,3.8738205432891846,0.17610011994838715,3.885864734649658,0.12657445669174194,4.0033063888549805
75,0,0,1,0.4315434694290161,3.6371424198150635,0.26003965735435486,3.789638042449951,0.20840640366077423,3.830591917037964,0.1526227593421936,3.9552102088928223
76,0,0,1,0.44828951358795166,3.6294407844543457,0.26286470890045166,3.769134521484375,0.21661749482154846,3.8381636142730713,0.15587133169174194,3.949367046356201
77,0,0,1,0.39456361532211304,3.6777138710021973,0.2447684109210968,3.883646249771118,0.17548230290412903,3.8858602046966553,0.12563775479793549,4.0020623207092285
78,0,0,1,0.43258729577064514,3.62811279296875,0.2615642845630646,3.777606248855591,0.21271124482154846,3.836456537246704,0.15732620656490326,3.997213125228882
79,0,0,1,0.41407743096351624,3.6708641052246094,0.24651725590229034,3.8724660873413086,0.17967753112316132,3.89113187789917,0.1292649805545807,4.008942127227783
80,0,0,1,0.4137909412384033,3.6610214710235596,0.24787746369838715,3.850914478302002,0.18252749741077423,3.8671178817749023,0.1293247789144516,4.003082275390625
81,0,0,1,0.4424077272415161,3.630314350128174,0.2606923580169678,3.776174545288086,0.21435546875,3.8329691886901855,0.15385840833187103,3.961787462234497
82,0,0,1,0.4326520562171936,3.641832113265991,0.2563227415084839,3.8142871856689453,0.20072345435619354,3.8780717849731445,0.14803889393806458,4.024771213531494
83,0,1,0,0.4883061647415161,3.5606753826141357,0.2936762571334839,3.577008008956909,0.2892617881298065,3.6040375232696533,0.2169363796710968,3.7328433990478516
84,0,0,1,0.44830694794654846,3.621286630630493,0.2648676633834839,3.7592926025390625,0.21389707922935486,3.797950267791748,0.15481504797935486,3.96421217918396
85,0,0,1,0.42652860283851624,3.6570684909820557,0.25128546357154846,3.830312967300415,0.19256217777729034,3.851738691329956,0.14044563472270966,3.994891405105591
86,0,0,1,0.4306740164756775,3.6407077312469482,0.2570651173591614,3.8029422760009766,0.19917888939380646,3.8531618118286133,0.14325574040412903,3.9949915409088135
87,0,0,1,0.4092768430709839,3.670649528503418,0.24597416818141937,3.87522292137146,0.17435626685619354,3.8947248458862305,0.12226960808038712,4.01613712310791
88,0,0,1,0.4064841568470001,3.6778128147125244,0.24391143023967743,3.876046895980835,0.177106574177742,3.8843188285827637,0.12836813926696777,3.98494029045105
89,0,0,1,0.4282948970794678,3.639427423477173,0.2574736773967743,3.797410726547241,0.20081312954425812,3.851032257080078,0.14678332209587097,3.989816665649414
90,0,0,1,0.4374377131462097,3.6330277919769287,0.2578722834587097,3.7824599742889404,0.20587530732154846,3.8363020420074463,0.15383848547935486,4.017359733581543
91,0,0,1,0.4021942615509033,3.675893783569336,0.24376195669174194,3.8861091136932373,0.1683972328901291,3.8947274684906006,0.11762595176696777,4.032870292663574
92,0,0,1,0.4188581109046936,3.6653006076812744,0.24888890981674194,3.859367847442627,0.17622967064380646,3.8936386108398438,0.12386399507522583,4.024617671966553
93,0,0,1,0.4208461046218872,3.646725654602051,0.2552066743373871,3.8193318843841553,0.19595025479793549,3.8643715381622314,0.14321587979793549,4.002504825592041
94,0,0,1,0.4115164577960968,3.6689913272857666,0.2472895383834839,3.862931251525879,0.18115234375,3.8684747219085693,0.1322544664144516,3.9935202598571777
95,0,0,1,0.4456886649131775,3.6251487731933594,0.2645786702632904,3.769650936126709,0.21293048560619354,3.812617063522339,0.15463568270206451,3.959530830383301
96,0,0,1,0.4133375287055969,3.664778232574463,0.24792230129241943,3.862316370010376,0.1789899468421936,3.8821957111358643,0.12149234116077423,4.033628463745117
97,0,0,1,0.4329908490180969,3.6420953273773193,0.25716477632522583,3.8062541484832764,0.20226801931858063,3.85028076171875,0.1515066921710968,3.9722442626953125
98,0,0,1,0.4184819459915161,3.665928602218628,0.24874939024448395,3.850475788116455,0.18214882910251617,3.8599486351013184,0.13273277878761292,3.9903903007507324
99,0,0,1,0.43666791915893555,3.6349196434020996,0.25788724422454834,3.786104917526245,0.2061244398355484,3.8525502681732178,0.15186543762683868,4.020078659057617
100,0,0,1,0.44680970907211304,3.629033327102661,0.2638263404369354,3.7724688053131104,0.2150530070066452,3.8274872303009033,0.15250319242477417,4.007187843322754
101,0,0,1,0.4468495845794678,3.6278510093688965,0.26181837916374207,3.767184257507324,0.2119240164756775,3.8111157417297363,0.15258289873600006,3.9555904865264893
102,0,0,1,0.44712361693382263,3.624067544937134,0.2642398774623871,3.7584569454193115,0.21474409103393555,3.8266358375549316,0.154296875,3.9963834285736084
103,0,0,1,0.4433344602584839,3.626293897628784,0.26130521297454834,3.769911289215088,0.2087751030921936,3.819960832595825,0.15336017310619354,3.948927879333496
104,0,0,1,0.41660603880882263,3.664214849472046,0.2474987953901291,3.8551957607269287,0.18684230744838715,3.8840532302856445,0.1370774805545807,3.99316668510437
105,0,0,1,0.453999400138855,3.6202733516693115,0.2677524983882904,3.740877151489258,0.22466915845870972,3.7879445552825928,0.16137196123600006,3.962578773498535
106,0,0,1,0.4146628677845001,3.6684629917144775,0.24608875811100006,3.868194580078125,0.17493422329425812,3.88333797454834,0.12404336780309677,3.9950191974639893
107,0,0,1,0.43640634417533875,3.632291793823242,0.2631038725376129,3.7829601764678955,0.21525231003761292,3.8249154090881348,0.157087042927742,3.9774169921875
108,0,0,1,0.407069593667984,3.6653754711151123,0.24842554330825806,3.8589048385620117,0.1820591539144516,3.868363380432129,0.13157685101032257,4.009845733642578
109,0,0,1,0.40680554509162903,3.6729233264923096,0.24586953222751617,3.8700428009033203,0.17919921875,3.8980703353881836,0.12669403851032257,4.036495208740234
110,0,0,1,0.4124681055545807,3.6667773723602295,0.2479422390460968,3.8588709831237793,0.18849648535251617,3.9030449390411377,0.13556282222270966,4.037783145904541
111,0,0,1,0.44923120737075806,3.624544620513916,0.2656748294830322,3.7527661323547363,0.21975645422935486,3.7967169284820557,0.1613520383834839,3.9515810012817383
112,0,0,1,0.4224703907966614,3.6411373615264893,0.25786730647087097,3.812385320663452,0.1990094780921936,3.8758699893951416,0.13976801931858063,3.9974334239959717
113,0,0,1,0.42182019352912903,3.639456272125244,0.2569305896759033,3.8064846992492676,0.20229791104793549,3.842027425765991,0.15031090378761292,3.964996099472046
114,0,0,1,0.43082597851753235,3.635988712310791,0.25854989886283875,3.7936675548553467,0.20425103604793549,3.8271942138671875,0.14959342777729034,3.9616305828094482
115,0,0,1,0.44441065192222595,3.6257693767547607,0.26202765107154846,3.76993727684021,0.2110072523355484,3.816056728363037,0.15714684128761292,3.963348150253296
116,0,0,1,0.4366554617881775,3.637716293334961,0.2552565038204193,3.7970564365386963,0.2001355141401291,3.863025188446045,0.15128746628761292,3.994598865509033
117,0,0,1,0.43981683254241943,3.637040853500366,0.2577776312828064,3.7933781147003174,0.20416134595870972,3.8451287746429443,0.14851722121238708,3.9986581802368164
118,0,0,1,0.4267677664756775,3.635796308517456,0.25669142603874207,3.7972593307495117,0.2011021226644516,3.8516921997070312,0.14542809128761292,3.9895846843719482
119,0,0,1,0.421718031167984,3.662797451019287,0.24851521849632263,3.833974838256836,0.18795838952064514,3.8530378341674805,0.13639986515045166,4.008474349975586
120,0,0,1,0.42353662848472595,3.6603219509124756,0.2501843571662903,3.844801187515259,0.18608497083187103,3.8736209869384766,0.13410793244838715,3.9986624717712402
121,0,0,1,0.4002685546875,3.6809568405151367,0.2436174601316452,3.894406318664551,0.17282167077064514,3.9074554443359375,0.12382413446903229,4.060196399688721
122,0,0,1,0.4330182671546936,3.6275105476379395,0.2636569142341614,3.77077317237854,0.21548150479793549,3.8070662021636963,0.16212929785251617,3.907928705215454
123,0,0,1,0.43458276987075806,3.638831615447998,0.25784239172935486,3.794550657272339,0.2053571343421936,3.867624282836914,0.15447624027729034,4.027867317199707
124,0,0,1,0.444789320230484,3.625270128250122,0.2631038725376129,3.752831220626831,0.2142857164144516,3.814639091491699,0.1542370766401291,3.9653701782226562
125,0,0,1,0.3934002220630646,3.683865785598755,0.2421875,3.8938651084899902,0.1747349351644516,3.895181179046631,0.1273716539144516,3.9956188201904297
126,0,0,1,0.3978196680545807,3.6700942516326904,0.24450433254241943,3.877182960510254,0.17273198068141937,3.8978309631347656,0.1209542378783226,4.030317783355713
127,0,0,1,0.4164515733718872,3.6700663566589355,0.2463827282190323,3.863640069961548,0.17797352373600006,3.8899216651916504,0.12420280277729034,4.060815334320068
128,0,0,1,0.42211663722991943,3.641296863555908,0.2548678517341614,3.8161983489990234,0.19220344722270966,3.8626606464385986,0.14120295643806458,4.005504608154297
129,0,0,1,0.4144361615180969,3.6685941219329834,0.24584461748600006,3.866523504257202,0.1796277016401291,3.884167432785034,0.13157685101032257,4.016358852386475
130,0,0,1,0.44226571917533875,3.62900710105896,0.2606724202632904,3.7786612510681152,0.20900429785251617,3.8459997177124023,0.15070949494838715,3.981354236602783
131,0,0,1,0.4219372868537903,3.66304349899292,0.24993522465229034,3.8529393672943115,0.1823381632566452,3.8903706073760986,0.1301618218421936,4.019905090332031
132,0,0,1,0.45074835419654846,3.620419502258301,0.26431959867477417,3.756361961364746,0.21710577607154846,3.813742160797119,0.1566087305545807,3.9923644065856934
133,0,0,1,0.4347546398639679,3.6451172828674316,0.2571049928665161,3.8025076389312744,0.20637355744838715,3.859971046447754,0.14881616830825806,4.01607084274292
134,0,0,1,0.4433269798755646,3.6257987022399902,0.2625109553337097,3.7630534172058105,0.2162388414144516,3.8114285469055176,0.1613520383834839,3.9660325050354004
135,0,0,1,0.4057866334915161,3.6655330657958984,0.24841058254241943,3.853621244430542,0.18588568270206451,3.8838319778442383,0.1399274468421936,4.007691383361816
136,0,0,1,0.45355597138404846,3.619490146636963,0.26667630672454834,3.7410833835601807,0.22459940612316132,3.783353328704834,0.16703204810619354,3.9361650943756104
137,0,0,1,0.39449387788772583,3.6796586513519287,0.24275051057338715,3.8863322734832764,0.17500397562980652,3.898815631866455,0.12860730290412903,4.051913738250732
138,0,0,1,0.3908541798591614,3.6802003383636475,0.2422124147415161,3.8853392601013184,0.17168566584587097,3.890127182006836,0.12703284621238708,4.001098155975342
139,0,0,1,0.4134944975376129,3.6625497341156006,0.24712012708187103,3.8535828590393066,0.17854152619838715,3.8961880207061768,0.13060028851032257,4.020906448364258
140,0,0,1,0.4409951865673065,3.6340956687927246,0.2598104476928711,3.7895290851593018,0.2054368555545807,3.844780683517456,0.14937420189380646,3.978118658065796
141,0,0,1,0.44313764572143555,3.6333518028259277,0.2613450586795807,3.7851219177246094,0.21440528333187103,3.8522958755493164,0.15479512512683868,3.9845499992370605
142,0,0,1,0.44267427921295166,3.630429983139038,0.2624013423919678,3.7712903022766113,0.21382732689380646,3.84127140045166,0.1560506969690323,3.9962964057922363
143,0,0,1,0.4232775568962097,3.6390202045440674,0.2587741017341614,3.79567551612854,0.20392218232154846,3.8402559757232666,0.14672352373600006,3.997011661529541
144,0,0,1,0.4362518787384033,3.634605884552002,0.2569505274295807,3.793081283569336,0.20021523535251617,3.8532252311706543,0.14582668244838715,4.01366662979126
145,0,0,1,0.44543206691741943,3.6252684593200684,0.2629643678665161,3.7660956382751465,0.21161511540412903,3.8153607845306396,0.15587133169174194,3.9773685932159424
146,0,0,1,0.44028517603874207,3.6378796100616455,0.25930723547935486,3.7871031761169434,0.20513790845870972,3.8368794918060303,0.14943398535251617,4.008535385131836
147,0,0,1,0.4104526937007904,3.6722910404205322,0.24573999643325806,3.868250846862793,0.18195949494838715,3.8986308574676514,0.1312181055545807,4.017162799835205
148,0,0,1,0.4357137680053711,3.637007713317871,0.2574637234210968,3.797983407974243,0.20492865145206451,3.8445417881011963,0.15210458636283875,3.9840147495269775
149,0,0,1,0.4432646930217743,3.6320688724517822,0.26047810912132263,3.778094530105591,0.2080078125,3.8404715061187744,0.14893575012683868,4.007493495941162
150,0,0,1,0.4198446273803711,3.6590795516967773,0.2510462999343872,3.838744878768921,0.18690210580825806,3.866975784301758,0.13777503371238708,3.9796035289764404
151,0,0,1,0.4498041868209839,3.624950885772705,0.2644292116165161,3.759308099746704,0.21683673560619354,3.811305046081543,0.15640944242477417,3.9431703090667725
152,0,0,1,0.4134521484375,3.661219596862793,0.24970602989196777,3.849252700805664,0.18474967777729034,3.8841423988342285,0.13442681729793549,3.992587089538574
153,0,0,1,0.4422607421875,3.630281686782837,0.26144471764564514,3.7758846282958984,0.21397680044174194,3.8341639041900635,0.15686781704425812,4.004954814910889
154,0,0,1,0.4438999593257904,3.623896598815918,0.2625906765460968,3.764434576034546,0.2108079493045807,3.8153626918792725,0.15264269709587097,3.9779343605041504
155,0,0,1,0.40760770440101624,3.662290573120117,0.24413065612316132,3.8575656414031982,0.177594855427742,3.896139621734619,0.12484055757522583,4.002554416656494
156,0,0,1,0.42637166380882263,3.640009641647339,0.25474828481674194,3.807858467102051,0.19449536502361298,3.8646891117095947,0.14168128371238708,4.023913383483887
157,0,0,1,0.4053456783294678,3.6657161712646484,0.24760840833187103,3.8614375591278076,0.1838628053665161,3.8874316215515137,0.13667888939380646,3.9889180660247803
158,0,0,1,0.4100765287876129,3.6723670959472656,0.24575991928577423,3.864835262298584,0.1805943101644516,3.887049674987793,0.12603634595870972,4.002055644989014
159,0,0,1,0.43486925959587097,3.630751609802246,0.26063257455825806,3.779449462890625,0.20650310814380646,3.8409013748168945,0.15166613459587097,4.028120994567871
160,0,0,1,0.4255096912384033,3.646979331970215,0.25545579195022583,3.822141170501709,0.19652821123600006,3.87557053565979,0.1434948891401291,4.015555381774902
161,0,0,1,0.41210687160491943,3.658463478088379,0.24845543503761292,3.8437411785125732,0.17782405018806458,3.8638274669647217,0.12368462979793549,3.989687442779541
162,0,0,1,0.4201336205005646,3.665706157684326,0.24949677288532257,3.8563554286956787,0.18640385568141937,3.892120122909546,0.1316366344690323,3.9933383464813232
163,0,0,1,0.4405791461467743,3.6368770599365234,0.26093152165412903,3.793278694152832,0.21180444955825806,3.848600387573242,0.15236367285251617,3.9819490909576416
164,0,0,1,0.4454245865345001,3.6263303756713867,0.26492246985435486,3.760132312774658,0.22005540132522583,3.8074989318847656,0.15838249027729034,3.971184015274048
165,0,0,1,0.4423828125,3.6332669258117676,0.2611357867717743,3.787621021270752,0.2111467570066452,3.8360941410064697,0.15746571123600006,3.9888622760772705
166,0,0,1,0.4392538070678711,3.6322197914123535,0.2600545883178711,3.7762770652770996,0.20883490145206451,3.845874786376953,0.15266261994838715,3.9839425086975098
167,0,0,1,0.4153105914592743,3.666226863861084,0.24669164419174194,3.864295482635498,0.17883051931858063,3.88181209564209,0.13056042790412903,3.9842772483825684
168,0,0,1,0.43798330426216125,3.6300551891326904,0.2604183256626129,3.775479793548584,0.2082967907190323,3.83040714263916,0.15501435101032257,3.9624581336975098
169,0,0,1,0.41695481538772583,3.6447670459747314,0.2536471486091614,3.817946195602417,0.19669762253761292,3.8766400814056396,0.14457111060619354,4.009511947631836
170,0,0,1,0.4227020740509033,3.650268793106079,0.2530243396759033,3.819230794906616,0.19060905277729034,3.85387921333313,0.13775509595870972,3.9981191158294678
171,0,0,1,0.44547441601753235,3.625678777694702,0.2639608383178711,3.7581825256347656,0.21792291104793549,3.80035662651062,0.16111287474632263,3.9340672492980957
172,0,0,1,0.4258534908294678,3.638594627380371,0.25661173462867737,3.8055453300476074,0.19829200208187103,3.8676817417144775,0.14696268737316132,4.01057767868042
173,0,0,1,0.44632142782211304,3.630218267440796,0.26110589504241943,3.777750253677368,0.21362802386283875,3.8415896892547607,0.15754543244838715,3.9935483932495117
174,0,0,1,0.45306769013404846,3.6201908588409424,0.26691046357154846,3.7462944984436035,0.22640305757522583,3.7948944568634033,0.16432158648967743,3.9573075771331787
175,0,0,1,0.41504403948783875,3.6653101444244385,0.24906329810619354,3.8500640392303467,0.18281647562980652,3.8672189712524414,0.13540337979793549,3.9623196125030518
176,0,0,1,0.4472755789756775,3.622741460800171,0.2646833062171936,3.75498366355896,0.21879981458187103,3.8019766807556152,0.15858179330825806,3.9365339279174805
177,0,0,1,0.44598013162612915,3.6219305992126465,0.26542070508003235,3.7630982398986816,0.2195272594690323,3.816023588180542,0.15760523080825806,3.973191738128662
178,0,0,1,0.4491938352584839,3.613532304763794,0.26732900738716125,3.738248825073242,0.22260642051696777,3.7853081226348877,0.1682477593421936,3.9430229663848877
179,0,0,1,0.41617506742477417,3.664807081222534,0.24660195410251617,3.856750249862671,0.18074378371238708,3.8672399520874023,0.13207508623600006,3.9889843463897705
180,0,0,1,0.404194712638855,3.6713407039642334,0.24615353345870972,3.8663265705108643,0.1770467907190323,3.893454074859619,0.12372449040412903,4.023034572601318
181,0,0,1,0.4218326508998871,3.664194107055664,0.24974589049816132,3.8560597896575928,0.18543726205825806,3.893223762512207,0.1291055530309677,4.026551246643066
182,0,0,1,0.4164864718914032,3.665123462677002,0.24744898080825806,3.8568177223205566,0.17683753371238708,3.87636661529541,0.12169164419174194,4.0080246925354
183,0,0,1,0.4200887680053711,3.660736322402954,0.2521474361419678,3.8369791507720947,0.19399712979793549,3.857663869857788,0.1380540430545807,3.955536365509033
184,0,0,1,0.4332026243209839,3.630113124847412,0.26051798462867737,3.77963924407959,0.20875518023967743,3.841519832611084,0.15519371628761292,3.985617160797119
185,0,0,1,0.4390619993209839,3.625187873840332,0.2614048421382904,3.7745163440704346,0.21144570410251617,3.8207266330718994,0.16153140366077423,3.991610050201416
186,0,0,1,0.4458605647087097,3.62568998336792,0.26263052225112915,3.761131525039673,0.21306999027729034,3.8126461505889893,0.15640944242477417,3.9691641330718994
187,0,0,1,0.4140350818634033,3.674037456512451,0.24669164419174194,3.8711018562316895,0.18260721862316132,3.884638547897339,0.13069993257522583,3.997255325317383
188,0,0,1,0.4352055788040161,3.6418614387512207,0.25708505511283875,3.806446075439453,0.20248724520206451,3.870866060256958,0.1483777016401291,4.009670734405518
189,0,0,1,0.42966756224632263,3.6374077796936035,0.25813138484954834,3.7963056564331055,0.201520636677742,3.8591208457946777,0.1517259180545807,4.0394062995910645
190,0,0,1,0.40988221764564514,3.665355920791626,0.24756357073783875,3.866323232650757,0.17549225687980652,3.9019362926483154,0.1241629421710968,4.056821823120117
191,0,0,1,0.4141397178173065,3.6669974327087402,0.24787746369838715,3.862492561340332,0.1823979616165161,3.887784004211426,0.12952406704425812,4.015694618225098
192,0,0,1,0.41300371289253235,3.6637048721313477,0.24657703936100006,3.8573622703552246,0.17817282676696777,3.8866889476776123,0.1265345960855484,3.9977948665618896
193,0,0,1,0.44754213094711304,3.622253656387329,0.2660185992717743,3.7478976249694824,0.21922831237316132,3.7981364727020264,0.15818318724632263,3.941161632537842
194,0,0,1,0.4332125782966614,3.6442508697509766,0.25589922070503235,3.8140575885772705,0.19596020877361298,3.868192195892334,0.1410435289144516,3.9901087284088135
195,0,0,1,0.4526815414428711,3.613323450088501,0.2672742009162903,3.73927640914917,0.22208824753761292,3.789069890975952,0.16075414419174194,3.9797916412353516
196,0,0,1,0.4384790360927582,3.6403536796569824,0.25789719820022583,3.795135259628296,0.2039720118045807,3.840099573135376,0.14744099974632263,4.006893634796143
197,0,0,1,0.4498291015625,3.624373435974121,0.2649722993373871,3.7584664821624756,0.21963687241077423,3.8143913745880127,0.16121253371238708,3.9376931190490723
198,0,0,1,0.4107068181037903,3.66852068901062,0.24733935296535492,3.8673503398895264,0.17748524248600006,3.8900680541992188,0.12838807702064514,4.016144275665283
199,0,0,1,0.43879541754722595,3.630711555480957,0.2616390287876129,3.7770986557006836,0.20540696382522583,3.8412652015686035,0.15031090378761292,3.9985415935516357
200,0,0,1,0.4168526828289032,3.669499397277832,0.2455008327960968,3.8699288368225098,0.17394770681858063,3.8902955055236816,0.12671396136283875,4.011795997619629
201,0,0,1,0.44874539971351624,3.6213624477386475,0.2662378251552582,3.7509124279022217,0.21946747601032257,3.79581356048584,0.15884087979793549,3.9559597969055176
202,0,0,1,0.4068503677845001,3.6803009510040283,0.24365234375,3.8848512172698975,0.17444594204425812,3.8725008964538574,0.12117346376180649,4.007236957550049
203,0,0,1,0.40079668164253235,3.6699588298797607,0.24601402878761292,3.8621597290039062,0.16990193724632263,3.887096881866455,0.11822384595870972,4.009945869445801
204,0,0,1,0.4340496361255646,3.6409363746643066,0.2592524290084839,3.800703287124634,0.208844855427742,3.8621528148651123,0.14708226919174194,3.9823849201202393
205,0,0,1,0.4044712483882904,3.673764228820801,0.24375198781490326,3.8743715286254883,0.17580117285251617,3.880455732345581,0.1291254758834839,3.9598703384399414
206,0,0,1,0.40420717000961304,3.6692304611206055,0.24604392051696777,3.8683528900146484,0.18180006742477417,3.8893883228302,0.12972337007522583,4.019204139709473
207,0,0,1,0.44905930757522583,3.627929210662842,0.26466837525367737,3.7701430320739746,0.21622887253761292,3.83054518699646,0.1573660671710968,3.9734041690826416
208,0,0,1,0.4380381107330322,3.6319668292999268,0.260009765625,3.782121181488037,0.20613440871238708,3.8480615615844727,0.15280213952064514,4.024651050567627
209,0,0,1,0.42351919412612915,3.6615610122680664,0.25051817297935486,3.840632438659668,0.18892498314380646,3.865499258041382,0.13626036047935486,4.0213541984558105
210,0,0,1,0.43836942315101624,3.633552074432373,0.2606973350048065,3.7811286449432373,0.20851601660251617,3.838709592819214,0.1464245766401291,3.9963250160217285
211,0,0,1,0.4506063461303711,3.622246026992798,0.2658242881298065,3.752267837524414,0.22012515366077423,3.7989587783813477,0.15997688472270966,3.926124334335327
212,0,0,1,0.4419044852256775,3.6304287910461426,0.2603336274623871,3.7767465114593506,0.20561622083187103,3.807065963745117,0.14716199040412903,3.945422649383545
213,0,0,1,0.42044252157211304,3.662325382232666,0.24905332922935486,3.840395212173462,0.18658322095870972,3.8648793697357178,0.13526387512683868,4.001326084136963
214,0,0,1,0.42039769887924194,3.6654775142669678,0.24690090119838715,3.8522822856903076,0.17909955978393555,3.8886663913726807,0.12743143737316132,4.024867057800293
215,0,0,1,0.4042993485927582,3.6732680797576904,0.24499261379241943,3.8829593658447266,0.1732800453901291,3.90045428276062,0.11959900707006454,3.998333692550659
216,0,0,1,0.4143589437007904,3.663367986679077,0.24803192913532257,3.8438360691070557,0.18423150479793549,3.873485565185547,0.13572224974632263,4.0041117668151855
217,0,0,1,0.4451480805873871,3.626797914505005,0.2620774805545807,3.771939277648926,0.21104711294174194,3.828273296356201,0.15391820669174194,4.007898330688477
218,0,0,1,0.4488276243209839,3.620155096054077,0.2646733522415161,3.7446208000183105,0.22152024507522583,3.7865946292877197,0.16491948068141937,3.941389799118042
219,0,0,1,0.42847925424575806,3.634216070175171,0.2572793662548065,3.801769971847534,0.19801299273967743,3.8820390701293945,0.1444714516401291,4.016416072845459
220,0,0,1,0.4499785602092743,3.6188125610351562,0.26540079712867737,3.7451517581939697,0.22129105031490326,3.7907416820526123,0.16262754797935486,3.941176414489746
221,0,0,1,0.4116808772087097,3.6570208072662354,0.25050321221351624,3.8471667766571045,0.18572624027729034,3.896340847015381,0.13460618257522583,3.995410203933716
222,0,0,1,0.4370615482330322,3.6350491046905518,0.25847017765045166,3.781883716583252,0.2064831703901291,3.8310892581939697,0.15355946123600006,3.9558727741241455
223,0,0,1,0.4362070560455322,3.633077621459961,0.25855985283851624,3.7881643772125244,0.20182955265045166,3.837019920349121,0.1476801633834839,3.976518154144287
224,0,0,1,0.4192243218421936,3.6603457927703857,0.2501145899295807,3.842168092727661,0.1875697523355484,3.867980718612671,0.13432715833187103,4.012907981872559
225,0,0,1,0.430439829826355,3.640535354614258,0.25687578320503235,3.802389621734619,0.2029256969690323,3.8351993560791016,0.15100844204425812,3.965949535369873
226,0,0,1,0.4089181125164032,3.669203042984009,0.2476283460855484,3.862877368927002,0.1777443289756775,3.88826584815979,0.13014189898967743,4.0387444496154785
227,0,0,1,0.4230857193470001,3.641200065612793,0.25565508008003235,3.808715581893921,0.19407685101032257,3.854025363922119,0.14381377398967743,4.012333869934082
228,0,3,0,0.4907400906085968,3.554107666015625,0.2947375178337097,3.569554567337036,0.28701967000961304,3.598236322402954,0.21314971148967743,3.7467041015625
229,0,0,1,0.4268524646759033,3.6538443565368652,0.2507224380970001,3.8213469982147217,0.19233298301696777,3.83565616607666,0.13793446123600006,3.9549198150634766
230,0,0,1,0.4460349380970001,3.6276347637176514,0.26234155893325806,3.770535469055176,0.21758410334587097,3.831096887588501,0.15672831237316132,3.9987282752990723
231,0,0,1,0.4030686914920807,3.6798603534698486,0.2430943101644516,3.8905513286590576,0.1750737428665161,3.923956871032715,0.12800940871238708,4.034251689910889
232,0,0,1,0.41354432702064514,3.6634697914123535,0.24742406606674194,3.8555145263671875,0.17890027165412903,3.8957834243774414,0.13251355290412903,4.043014049530029
233,0,0,1,0.4431052505970001,3.630558967590332,0.2628597319126129,3.771651268005371,0.2172951102256775,3.816701889038086,0.16151148080825806,3.971372127532959
234,0,0,1,0.44735780358314514,3.632333278656006,0.2630191743373871,3.7817916870117188,0.21529217064380646,3.8238370418548584,0.15838249027729034,3.9846482276916504
235,0,0,1,0.4435237944126129,3.6253130435943604,0.26324835419654846,3.7704930305480957,0.213239386677742,3.813682794570923,0.15216438472270966,3.986640453338623
236,0,0,1,0.4100590944290161,3.671332597732544,0.24597416818141937,3.8666343688964844,0.18140146136283875,3.8862338066101074,0.13354989886283875,4.024175643920898
237,0,0,1,0.4441191852092743,3.6248056888580322,0.2608816921710968,3.7588043212890625,0.20881496369838715,3.8032450675964355,0.1505301296710968,3.9451873302459717
238,0,0,1,0.4392712414264679,3.6278164386749268,0.26106107234954834,3.7708795070648193,0.20597496628761292,3.8126754760742188,0.15571188926696777,3.9626264572143555
239,0,0,1,0.410975843667984,3.6647188663482666,0.24779774248600006,3.863976240158081,0.18246771395206451,3.896073341369629,0.13255341351032257,4.042850494384766
240,0,0,1,0.4344033896923065,3.6329190731048584,0.25740891695022583,3.7844491004943848,0.20253705978393555,3.834784746170044,0.15154655277729034,3.985928535461426
241,0,0,1,0.40590620040893555,3.6730456352233887,0.24716497957706451,3.8594753742218018,0.18473970890045166,3.8852150440216064,0.1307198703289032,3.974081516265869
242,0,0,1,0.4291468858718872,3.6400039196014404,0.25759825110435486,3.810506582260132,0.20066365599632263,3.877737522125244,0.1494140625,4.008803367614746
243,0,0,1,0.3929269015789032,3.67673921585083,0.2439213991165161,3.8818938732147217,0.18092314898967743,3.911158800125122,0.13536351919174194,4.053003311157227
244,0,0,1,0.436610609292984,3.6342384815216064,0.25924745202064514,3.7848823070526123,0.2049485743045807,3.8410561084747314,0.14833784103393555,3.974069595336914
245,0,0,1,0.4339873492717743,3.6368322372436523,0.2579968571662903,3.7922983169555664,0.20478913187980652,3.8402509689331055,0.1516461968421936,3.9442765712738037
246,0,0,1,0.439839243888855,3.6377956867218018,0.26032865047454834,3.793546199798584,0.21125636994838715,3.8505661487579346,0.15369898080825806,4.023340225219727
247,0,0,1,0.40758779644966125,3.6688079833984375,0.24570511281490326,3.866326093673706,0.1764090359210968,3.9077558517456055,0.1296635866165161,4.041192531585693
248,0,0,1,0.4515555202960968,3.6180691719055176,0.2665218412876129,3.7481865882873535,0.21823181211948395,3.795433759689331,0.1591198891401291,3.973822593688965
249,0,0,1,0.4421810209751129,3.6271612644195557,0.2614596486091614,3.7694754600524902,0.20958226919174194,3.8118104934692383,0.15306122601032257,3.954557180404663
250,0,0,1,0.4232875108718872,3.6417949199676514,0.2560138404369354,3.8062589168548584,0.19896961748600006,3.865177631378174,0.14443159103393555,4.00386381149292
251,0,0,1,0.41634196043014526,3.663912296295166,0.24780771136283875,3.843533754348755,0.18082350492477417,3.8663065433502197,0.13265305757522583,4.003455638885498
252,0,0,1,0.4155024290084839,3.671003580093384,0.24721479415893555,3.866880416870117,0.18032525479793549,3.902906656265259,0.13056042790412903,4.049458026885986
253,0,0,1,0.41659608483314514,3.6625683307647705,0.24831093847751617,3.8524789810180664,0.18285633623600006,3.8844141960144043,0.1301020383834839,3.984375
254,0,0,1,0.4477788209915161,3.62652587890625,0.26400071382522583,3.760502815246582,0.21992585062980652,3.8249659538269043,0.16298627853393555,3.9990217685699463
255,0,0,1,0.43509095907211304,3.63205623626709,0.26059767603874207,3.781599521636963,0.20338408648967743,3.831700086593628,0.1510881632566452,3.969529151916504
256,0,0,1,0.4414859712123871,3.629824638366699,0.2620525658130646,3.7795608043670654,0.21489356458187103,3.8403894901275635,0.16033561527729034,4.0160346031188965
257,0,0,1,0.3963971734046936,3.6667232513427734,0.24750378727912903,3.860271692276001,0.1906489133834839,3.8935813903808594,0.13592155277729034,4.012023448944092
258,0,0,1,0.4349614381790161,3.6409101486206055,0.2568110227584839,3.80344557762146,0.20175980031490326,3.8519287109375,0.14891581237316132,3.9839401245117188
259,0,0,1,0.4178292453289032,3.6643035411834717,0.24846041202545166,3.8531694412231445,0.18697185814380646,3.8650002479553223,0.1376355141401291,4.010570526123047
260,0,0,1,0.4238355755805969,3.6584632396698,0.24994519352912903,3.8420612812042236,0.1867924928665161,3.862523317337036,0.13628028333187103,4.001316070556641
261,0,0,1,0.441615492105484,3.6229608058929443,0.26523634791374207,3.7645678520202637,0.21541175246238708,3.8286070823669434,0.1583426296710968,3.972057819366455
262,0,0,1,0.3999048173427582,3.673004150390625,0.24435485899448395,3.8742940425872803,0.17423668503761292,3.8916213512420654,0.12599648535251617,3.98513126373291
263,0,0,1,0.44286859035491943,3.6294333934783936,0.2618333399295807,3.774352550506592,0.21057875454425812,3.8161556720733643,0.15324059128761292,3.9681363105773926
264,0,0,1,0.41233357787132263,3.673447608947754,0.24567022919654846,3.882511615753174,0.1701311320066452,3.8672757148742676,0.11656967550516129,3.9986321926116943
265,0,0,1,0.44344156980514526,3.6309401988983154,0.2617785334587097,3.7721736431121826,0.21760402619838715,3.828547954559326,0.15864157676696777,3.980527639389038
266,0,0,1,0.4468994140625,3.622858762741089,0.2654157280921936,3.7629809379577637,0.22030451893806458,3.8343586921691895,0.16382333636283875,3.9844281673431396
267,0,0,1,0.4209930896759033,3.6569619178771973,0.25032883882522583,3.835695266723633,0.18502870202064514,3.8765618801116943,0.13424745202064514,4.036223411560059
268,0,0,1,0.43144381046295166,3.6381211280822754,0.2584502398967743,3.792508363723755,0.20358338952064514,3.8442976474761963,0.14556759595870972,3.9908268451690674
269,0,0,1,0.44528260827064514,3.6226866245269775,0.2628198564052582,3.7498719692230225,0.21472416818141937,3.7762670516967773,0.1556919664144516,3.9253711700439453
270,0,0,1,0.4257214665412903,3.634550094604492,0.259765625,3.793827772140503,0.2046595960855484,3.8608920574188232,0.1474609375,3.990809679031372
271,0,0,1,0.4408656358718872,3.629936695098877,0.26154935359954834,3.775860071182251,0.20804767310619354,3.8234026432037354,0.1547154039144516,3.9750096797943115
272,0,0,1,0.43001633882522583,3.6426262855529785,0.25487783551216125,3.811924457550049,0.20064373314380646,3.8654582500457764,0.14777980744838715,4.017127513885498
273,0,0,1,0.4341069459915161,3.6400656700134277,0.25744378566741943,3.7996902465820312,0.20603474974632263,3.864819049835205,0.15160633623600006,3.995661973953247
274,0,0,1,0.4238305985927582,3.636875629425049,0.2567213475704193,3.803454637527466,0.19738520681858063,3.853947877883911,0.14401307702064514,3.9766123294830322
275,0,0,1,0.42349427938461304,3.6604645252227783,0.24895866215229034,3.845478057861328,0.18565648794174194,3.8757448196411133,0.1346261203289032,4.023834228515625
276,0,0,1,0.4381825923919678,3.634658098220825,0.2605080008506775,3.7856364250183105,0.20847615599632263,3.8442234992980957,0.15475526452064514,4.011976718902588
277,0,0,1,0.4529580771923065,3.6195268630981445,0.2657993733882904,3.7503888607025146,0.22193877398967743,3.788703203201294,0.16220901906490326,3.930704116821289
278,0,0,1,0.43599528074264526,3.6352651119232178,0.2583107352256775,3.796832799911499,0.20351362228393555,3.8508055210113525,0.15154655277729034,3.9922409057617188
279,0,0,1,0.4428785443305969,3.627450466156006,0.2605777680873871,3.7712767124176025,0.21148556470870972,3.836121082305908,0.1555524468421936,3.9743754863739014
280,0,0,1,0.4379558861255646,3.638507604598999,0.25774770975112915,3.797065496444702,0.2029954493045807,3.8619606494903564,0.14231903851032257,4.000699996948242
281,0,0,1,0.4314737021923065,3.641841411590576,0.2554956376552582,3.805046796798706,0.20156049728393555,3.8459978103637695,0.15007174015045166,3.9822044372558594
282,0,0,1,0.41928163170814514,3.660612106323242,0.2489985227584839,3.85688853263855,0.18539740145206451,3.9056167602539062,0.1336495578289032,4.043542861938477
283,0,0,1,0.445521742105484,3.6349895000457764,0.26173868775367737,3.783827066421509,0.21199378371238708,3.8284761905670166,0.14819833636283875,3.988703489303589
284,0,0,1,0.4406663477420807,3.6301651000976562,0.2613450586795807,3.7678873538970947,0.21545161306858063,3.8373804092407227,0.15836256742477417,3.990938901901245
285,0,0,1,0.42372846603393555,3.658153533935547,0.2512705326080322,3.84828782081604,0.18817761540412903,3.872325897216797,0.13149712979793549,3.9740829467773438
286,0,0,1,0.42275938391685486,3.64174222946167,0.25558534264564514,3.81299090385437,0.19830197095870972,3.8709044456481934,0.14459103345870972,4.02122688293457
287,0,0,1,0.4191172122955322,3.6638729572296143,0.24872946739196777,3.853989362716675,0.1788504421710968,3.874191999435425,0.12657445669174194,3.9864587783813477
288,0,0,1,0.4157266318798065,3.6680350303649902,0.2471849024295807,3.865170955657959,0.17680762708187103,3.909034490585327,0.12412308156490326,4.029865264892578
289,0,0,1,0.43757471442222595,3.629060745239258,0.2614247798919678,3.779050588607788,0.2088548243045807,3.842024803161621,0.15196508169174194,3.9736392498016357
290,0,0,1,0.4295479953289032,3.6593048572540283,0.25174883008003235,3.8390958309173584,0.1931600719690323,3.8626186847686768,0.13452646136283875,4.010666847229004
291,0,0,1,0.4133475124835968,3.6623032093048096,0.24684111773967743,3.8562028408050537,0.18034517765045166,3.875455856323242,0.1241629421710968,4.012519836425781
292,0,0,1,0.444091796875,3.633023262023926,0.2625109553337097,3.7837226390838623,0.21553131937980652,3.8365159034729004,0.15894052386283875,4.007648944854736
293,0,0,1,0.4149169921875,3.6630821228027344,0.24732939898967743,3.858722686767578,0.1795579493045807,3.8907265663146973,0.1287069469690323,4.051873683929443
294,0,0,1,0.4236462712287903,3.6411750316619873,0.25606364011764526,3.811978340148926,0.19869060814380646,3.855910539627075,0.14682318270206451,3.9948418140411377
295,0,0,1,0.44775140285491943,3.6270315647125244,0.2642996609210968,3.7651472091674805,0.2172951102256775,3.8099145889282227,0.16151148080825806,3.987290143966675
296,0,0,1,0.44101014733314514,3.6332948207855225,0.2618931233882904,3.7767441272735596,0.21578045189380646,3.8314859867095947,0.15395806729793549,3.991844654083252
297,0,0,1,0.414204478263855,3.6688899993896484,0.24634286761283875,3.8700497150421143,0.1794184446334839,3.8905858993530273,0.1278698891401291,4.022287845611572
298,0,0,1,0.43847405910491943,3.6339974403381348,0.2577078640460968,3.7928194999694824,0.2054966539144516,3.8608767986297607,0.1501116007566452,4.015268325805664
299,0,0,1,0.42943838238716125,3.6404571533203125,0.25621312856674194,3.805398464202881,0.19583067297935486,3.857062816619873,0.1431361585855484,3.986215591430664
300,0,0,1,0.42745286226272583,3.6388511657714844,0.2577975392341614,3.8003904819488525,0.20365314185619354,3.8523755073547363,0.14692282676696777,4.01275110244751
301,0,0,1,0.40634962916374207,3.6785459518432617,0.24517697095870972,3.882356643676758,0.17859135568141937,3.9144067764282227,0.12595662474632263,4.039398670196533
302,0,0,1,0.41665586829185486,3.658102512359619,0.24962133169174194,3.8451497554779053,0.18281647562980652,3.874523162841797,0.1337292641401291,3.9943368434906006
303,0,0,1,0.4194360673427582,3.660006523132324,0.24893374741077423,3.841339349746704,0.18372328579425812,3.8615283966064453,0.12896603345870972,4.028279781341553
304,0,0,1,0.4172288477420807,3.672358989715576,0.2464524805545807,3.8699660301208496,0.18025550246238708,3.890817642211914,0.12777024507522583,4.026984691619873
305,0,0,1,0.4480926990509033,3.628293991088867,0.2646932601928711,3.7667200565338135,0.22090241312980652,3.8237550258636475,0.15882094204425812,3.962479591369629
306,0,0,1,0.4056844711303711,3.6728484630584717,0.24552574753761292,3.8738787174224854,0.17260242998600006,3.888921022415161,0.1251395046710968,3.995699882507324
307,0,0,1,0.42047742009162903,3.662081003189087,0.24974589049816132,3.8470025062561035,0.18242785334587097,3.86933970451355,0.12948420643806458,4.004001617431641
308,0,0,1,0.41042280197143555,3.6652443408966064,0.2471151500940323,3.8490030765533447,0.18063417077064514,3.886246919631958,0.1310786008834839,3.9978713989257812
309,0,0,1,0.43973463773727417,3.6344234943389893,0.25793206691741943,3.7922847270965576,0.20183952152729034,3.8451247215270996,0.1431361585855484,3.9887218475341797
310,0,0,1,0.43111246824264526,3.6402642726898193,0.2557397782802582,3.8036160469055176,0.20163026452064514,3.8651280403137207,0.15013153851032257,4.013938903808594
311,0,0,1,0.4403574466705322,3.6299848556518555,0.26145467162132263,3.7726917266845703,0.21099728345870972,3.8435816764831543,0.15162627398967743,4.009069442749023
312,0,0,1,0.4087013602256775,3.6709415912628174,0.2467663735151291,3.866133689880371,0.18232819437980652,3.9157238006591797,0.1282884180545807,4.05219841003418
313,0,0,1,0.41822534799575806,3.660195827484131,0.25262075662612915,3.8418996334075928,0.18863599002361298,3.8564183712005615,0.13486526906490326,3.943549633026123
314,0,0,1,0.40508657693862915,3.6726300716400146,0.24556061625480652,3.8718271255493164,0.1727220118045807,3.87070894241333,0.1231863796710968,3.989969253540039
315,0,0,1,0.43737542629241943,3.6347298622131348,0.25957629084587097,3.7895889282226562,0.20750956237316132,3.8500287532806396,0.15148676931858063,4.011445999145508
316,0,0,1,0.43619459867477417,3.6369850635528564,0.2596759498119354,3.8005871772766113,0.20677216351032257,3.839662551879883,0.150390625,3.9817121028900146
317,0,0,1,0.44312021136283875,3.627136468887329,0.26408541202545166,3.7615041732788086,0.21776346862316132,3.796229362487793,0.1561902016401291,3.9331376552581787
318,0,0,1,0.44695669412612915,3.6256494522094727,0.2626953125,3.763105869293213,0.213727667927742,3.8190507888793945,0.15495455265045166,3.9814791679382324
319,0,0,1,0.42762476205825806,3.6430511474609375,0.25537109375,3.80879545211792,0.19596020877361298,3.8671751022338867,0.14211973547935486,4.020053386688232
320,0,0,1,0.43533509969711304,3.6313297748565674,0.2604183256626129,3.7864999771118164,0.20767895877361298,3.853222131729126,0.15260283648967743,3.982499599456787
321,0,0,1,0.4363739490509033,3.6392180919647217,0.25784239172935486,3.7965991497039795,0.20777861773967743,3.8506546020507812,0.15545280277729034,3.986666679382324
322,0,0,1,0.43448060750961304,3.632267713546753,0.2607421875,3.781090021133423,0.207380011677742,3.835519790649414,0.1486567258834839,3.9725165367126465
323,0,0,1,0.4209158718585968,3.6633028984069824,0.24927255511283875,3.8509294986724854,0.1831752210855484,3.874605655670166,0.12846778333187103,4.012410640716553
324,0,0,1,0.4327840805053711,3.6334049701690674,0.2589385211467743,3.788512706756592,0.20358338952064514,3.8548214435577393,0.15306122601032257,4.016406059265137
325,0,0,1,0.4468744993209839,3.625825881958008,0.26387614011764526,3.7612016201019287,0.21536192297935486,3.8209328651428223,0.15816326439380646,3.964465618133545
326,0,0,1,0.43577855825424194,3.6365814208984375,0.2596111595630646,3.7990787029266357,0.2098911851644516,3.8693442344665527,0.1507493555545807,4.0080647468566895
327,0,0,1,0.4459153711795807,3.624858856201172,0.2640206515789032,3.759652853012085,0.219098761677742,3.802701711654663,0.1579241007566452,3.946113109588623
328,0,0,1,0.4283272922039032,3.653052806854248,0.2512655258178711,3.8253023624420166,0.18965241312980652,3.8433690071105957,0.1374960094690323,4.021887302398682
329,0,0,1,0.39955106377601624,3.6708877086639404,0.24543605744838715,3.8746447563171387,0.17923907935619354,3.8868627548217773,0.13151705265045166,4.00863790512085
330,0,0,1,0.4204699397087097,3.6593375205993652,0.24922272562980652,3.8459815979003906,0.18559668958187103,3.8831677436828613,0.1321946680545807,4.042062282562256
331,0,0,1,0.4853440821170807,3.5528664588928223,0.29129961133003235,3.573676586151123,0.2737962305545807,3.596666097640991,0.2105189710855484,3.7093629837036133
332,0,0,1,0.4488076865673065,3.6260886192321777,0.26342275738716125,3.7620010375976562,0.21538184583187103,3.8135931491851807,0.15557238459587097,3.9687418937683105
333,0,0,1,0.4349041283130646,3.634676456451416,0.2587442100048065,3.784637212753296,0.2019292116165161,3.82673716545105,0.14979273080825806,3.9515700340270996
334,0,0,1,0.4059884250164032,3.669264316558838,0.2439413219690323,3.877124071121216,0.17280173301696777,3.8873190879821777,0.12874680757522583,3.9908668994903564
335,0,0,1,0.4340023100376129,3.633056163787842,0.2597307562828064,3.7954306602478027,0.20105229318141937,3.8502676486968994,0.14666374027729034,4.0072021484375
336,0,0,1,0.4515480399131775,3.621246337890625,0.26494738459587097,3.7579734325408936,0.21823181211948395,3.8059816360473633,0.16390305757522583,3.9744648933410645
337,0,0,1,0.448085218667984,3.626314163208008,0.2636021077632904,3.765622138977051,0.21301020681858063,3.818207263946533,0.15658880770206451,3.94718074798584
338,0,0,1,0.449183851480484,3.6194968223571777,0.2673439383506775,3.7449166774749756,0.22653259336948395,3.79655122756958,0.16466039419174194,3.9465019702911377
339,0,0,1,0.43660813570022583,3.632718563079834,0.2589435279369354,3.7852070331573486,0.20498843491077423,3.8222739696502686,0.14779974520206451,3.961434841156006
340,0,0,1,0.4172612428665161,3.645374059677124,0.25404077768325806,3.814639091491699,0.1942661851644516,3.865042209625244,0.13831312954425812,3.9884727001190186
341,0,0,1,0.4095209836959839,3.6610031127929688,0.2501245439052582,3.846497058868408,0.18160076439380646,3.865781307220459,0.13362962007522583,3.9956748485565186
342,0,0,1,0.4242192506790161,3.650397777557373,0.25156450271606445,3.8321449756622314,0.19058911502361298,3.8912997245788574,0.14156170189380646,4.024215221405029
343,0,0,1,0.4426543414592743,3.6292877197265625,0.2640804350376129,3.773499011993408,0.21846100687980652,3.807462453842163,0.1591796875,3.9350194931030273
344,0,0,1,0.4437953233718872,3.6260533332824707,0.2638213336467743,3.760472059249878,0.2160893678665161,3.813142776489258,0.15933912992477417,3.982239007949829
345,0,0,1,0.42511609196662903,3.645738124847412,0.2533282935619354,3.819526433944702,0.19745495915412903,3.874135732650757,0.14825813472270966,4.024868965148926
346,0,0,1,0.43528279662132263,3.6483523845672607,0.25690069794654846,3.7893757820129395,0.2087651491165161,3.7985680103302,0.15092872083187103,3.93344783782959
347,0,0,1,0.4446049928665161,3.626694917678833,0.26295438408851624,3.7667500972747803,0.21140584349632263,3.8000471591949463,0.15501435101032257,3.9530727863311768
348,0,0,1,0.43522050976753235,3.6342265605926514,0.2591577470302582,3.785442352294922,0.20555643737316132,3.842010974884033,0.15282206237316132,4.0100417137146
349,0,0,1,0.4285614490509033,3.6393611431121826,0.25813138484954834,3.7993359565734863,0.20407167077064514,3.852971315383911,0.15009167790412903,3.9996016025543213
350,0,0,1,0.43534258008003235,3.6384034156799316,0.2594965696334839,3.7915210723876953,0.20839643478393555,3.8338353633880615,0.1511479616165161,3.9994726181030273
351,0,0,1,0.4198346734046936,3.6595816612243652,0.2512107193470001,3.837660312652588,0.19163544476032257,3.8610057830810547,0.1369379758834839,4.008004665374756
352,1,1,1,0.30257493257522583,3.6222500801086426,0.2907615005970001,3.764775514602661,0.3106365501880646,3.707022190093994,0.23471380770206451,3.7232742309570312
353,1,1,1,0.27535325288772583,3.647775650024414,0.2788783311843872,3.789001703262329,0.3093610405921936,3.7501046657562256,0.246930792927742,3.7486681938171387
354,1,1,1,0.26527124643325806,3.5998103618621826,0.3136260211467743,3.6982333660125732,0.3868582546710968,3.6404359340667725,0.2956991195678711,3.6316640377044678
355,1,1,1,0.26487013697624207,3.6235833168029785,0.2888283133506775,3.737342357635498,0.3434610068798065,3.6882236003875732,0.25882890820503235,3.6879186630249023
356,1,1,1,0.28263261914253235,3.616715669631958,0.29092592000961304,3.755763053894043,0.32949018478393555,3.698775053024292,0.25492265820503235,3.6825110912323
357,1,1,1,0.26527124643325806,3.5998103618621826,0.3136260211467743,3.6982333660125732,0.3868582546710968,3.6404359340667725,0.2956991195678711,3.6316640377044678
358,1,1,1,0.3554264008998871,3.6355180740356445,0.26629263162612915,3.8051116466522217,0.24072265625,3.820052146911621,0.18755978345870972,3.8950164318084717
359,1,1,1,0.2524588406085968,3.60664701461792,0.3069445490837097,3.710737705230713,0.38187578320503235,3.6789050102233887,0.2906768023967743,3.675008535385132
360,1,1,1,0.28016382455825806,3.6012983322143555,0.30045241117477417,3.731053590774536,0.35905611515045166,3.691551923751831,0.2718231678009033,3.6754159927368164
361,1,1,1,0.29899004101753235,3.6385011672973633,0.27424466609954834,3.7927401065826416,0.28323301672935486,3.7635717391967773,0.2154017835855484,3.811250925064087
362,1,1,1,0.27026864886283875,3.6171650886535645,0.3007463812828064,3.7256340980529785,0.3623844087123871,3.678903341293335,0.2828045189380646,3.6666667461395264
363,1,1,1,0.3673818111419678,3.6378653049468994,0.26582926511764526,3.7971811294555664,0.24217753112316132,3.8118338584899902,0.18341438472270966,3.893404245376587
364,1,1,1,0.3036511540412903,3.6714441776275635,0.2589036524295807,3.835017204284668,0.2553013265132904,3.8087821006774902,0.20065370202064514,3.8480334281921387
365,1,1,1,0.3204619586467743,3.650968551635742,0.2692173421382904,3.8054893016815186,0.26935186982154846,3.7859046459198,0.20455995202064514,3.7989087104797363
366,1,1,1,0.2903081178665161,3.6181564331054688,0.2922014594078064,3.7389931678771973,0.3314134180545807,3.7005231380462646,0.2555803656578064,3.6828603744506836
367,1,1,1,0.3230777680873871,3.662492513656616,0.2587292790412903,3.8431289196014404,0.24615353345870972,3.8200550079345703,0.19351880252361298,3.8409886360168457
368,1,1,1,0.2914266586303711,3.6531317234039307,0.27170857787132263,3.8096749782562256,0.28268495202064514,3.7622673511505127,0.22590480744838715,3.7691221237182617
369,1,1,1,0.36563295125961304,3.668286085128784,0.2366868555545807,3.880220651626587,0.18836694955825806,3.9225518703460693,0.13243383169174194,4.080662250518799
370,1,1,1,0.2915487289428711,3.6364264488220215,0.28870874643325806,3.7545948028564453,0.3197444975376129,3.7093214988708496,0.24320392310619354,3.716299295425415
371,1,1,1,0.3988809287548065,3.6673495769500732,0.24557556211948395,3.865241050720215,0.19470463693141937,3.8917038440704346,0.13924983143806458,4.030342102050781
372,1,1,1,0.40467554330825806,3.571983575820923,0.292236328125,3.634852409362793,0.30626195669174194,3.644009828567505,0.23828125,3.7081799507141113
373,1,1,1,0.27013662457466125,3.606870412826538,0.2923758327960968,3.754809856414795,0.33807995915412903,3.7094645500183105,0.2562978267669678,3.740591049194336
374,1,1,1,0.2552589774131775,3.6243228912353516,0.28883329033851624,3.7502501010894775,0.34728753566741943,3.703681468963623,0.27794164419174194,3.7002007961273193
375,1,1,1,0.2742770314216614,3.5940942764282227,0.31771165132522583,3.7087318897247314,0.38179606199264526,3.635094165802002,0.2924704849720001,3.6293697357177734
376,1,1,1,0.30267706513404846,3.6561479568481445,0.26671117544174194,3.8207547664642334,0.2741350531578064,3.792039155960083,0.20834662020206451,3.8027548789978027
377,1,1,1,0.4029790163040161,3.648242235183716,0.2526506781578064,3.8305001258850098,0.20008569955825806,3.881169319152832,0.1425183266401291,4.0232133865356445
378,1,1,1,0.2519007921218872,3.568580389022827,0.33632612228393555,3.674794912338257,0.4278738796710968,3.625087261199951,0.3364756107330322,3.6245927810668945
379,1,1,1,0.31006357073783875,3.6625475883483887,0.2663424611091614,3.8045494556427,0.2621572017669678,3.7570700645446777,0.21231265366077423,3.7829718589782715
380,1,1,1,0.34193387627601624,3.6574113368988037,0.2638213336467743,3.8174314498901367,0.2404436320066452,3.7770731449127197,0.18064412474632263,3.830869436264038
381,1,1,1,0.35900628566741943,3.6515045166015625,0.244245246052742,3.84663724899292,0.23004025220870972,3.9296512603759766,0.1695033460855484,4.038095474243164
382,1,1,1,0.27678820490837097,3.6424193382263184,0.2778569459915161,3.775655746459961,0.3157086968421936,3.7348968982696533,0.24541613459587097,3.717719554901123
383,1,1,1,0.3229183256626129,3.6645631790161133,0.26081693172454834,3.828777313232422,0.2528100907802582,3.7852582931518555,0.19840161502361298,3.8281266689300537
384,1,1,1,0.29022839665412903,3.6375279426574707,0.28203722834587097,3.768434524536133,0.30855387449264526,3.725390672683716,0.24150988459587097,3.7462451457977295
385,1,1,1,0.29786401987075806,3.6412746906280518,0.27597853541374207,3.7812421321868896,0.2993961274623871,3.7384257316589355,0.2292928844690323,3.738548517227173
386,1,1,1,0.3049914240837097,3.6606929302215576,0.25749361515045166,3.84607195854187,0.24074257910251617,3.8397698402404785,0.18817761540412903,3.895784854888916
387,1,1,1,0.2814218997955322,3.6423935890197754,0.27406030893325806,3.7809653282165527,0.2997449040412903,3.7424535751342773,0.23672671616077423,3.7670483589172363
388,1,1,1,0.28178560733795166,3.639486789703369,0.2809958755970001,3.772736072540283,0.3067004084587097,3.728799819946289,0.24418048560619354,3.732451915740967
389,1,1,1,0.27461832761764526,3.6246166229248047,0.29204699397087097,3.743478536605835,0.33618661761283875,3.673326015472412,0.25512197613716125,3.664323091506958
390,1,1,1,0.3289072513580322,3.6579537391662598,0.27385103702545166,3.7988646030426025,0.27258050441741943,3.771331548690796,0.20663264393806458,3.792438268661499
391,1,1,1,0.3187330663204193,3.672132730484009,0.24778279662132263,3.8603286743164062,0.22911351919174194,3.849034547805786,0.18034517765045166,3.8989944458007812
392,1,1,1,0.26143473386764526,3.596014976501465,0.3195103108882904,3.6931557655334473,0.38879144191741943,3.637815237045288,0.29894769191741943,3.6263999938964844
393,1,1,1,0.36043375730514526,3.6804072856903076,0.2365373820066452,3.8882968425750732,0.1986009180545807,3.9246864318847656,0.14385363459587097,4.058465003967285
394,1,1,1,0.3148542046546936,3.6427106857299805,0.2836465537548065,3.768272876739502,0.2947225570678711,3.714667320251465,0.2160395383834839,3.7082102298736572
395,1,1,1,0.29813554883003235,3.62689471244812,0.28726881742477417,3.751612901687622,0.32489636540412903,3.717703342437744,0.24529655277729034,3.6885764598846436
396,1,1,1,0.3104696273803711,3.654322862625122,0.27078184485435486,3.8011298179626465,0.28203722834587097,3.765007257461548,0.22193877398967743,3.7782866954803467
397,1,1,1,0.3645642399787903,3.6403555870056152,0.2681461274623871,3.8017578125,0.2491629421710968,3.80247163772583,0.18574616312980652,3.8776824474334717
398,1,1,1,0.2929338812828064,3.665802001953125,0.2623216211795807,3.837470769882202,0.26551538705825806,3.806717872619629,0.21368780732154846,3.818317413330078
399,1,1,1,0.29972246289253235,3.6401658058166504,0.2750418484210968,3.774247407913208,0.29378587007522583,3.73919677734375,0.2243901491165161,3.7434940338134766
400,1,1,1,0.30211156606674194,3.6362497806549072,0.28653138875961304,3.7696146965026855,0.3089624345302582,3.720496654510498,0.2318638414144516,3.717036247253418
401,1,3,0,0.4272535443305969,3.6366069316864014,0.25896841287612915,3.8018317222595215,0.20586535334587097,3.840747356414795,0.14387355744838715,3.970494508743286
402,1,1,1,0.3285883665084839,3.6451728343963623,0.2753407955169678,3.8004415035247803,0.2709263265132904,3.7609238624572754,0.2006138414144516,3.780150890350342
403,1,1,1,0.27612802386283875,3.6284735202789307,0.2893564701080322,3.7476022243499756,0.3378806412220001,3.717167615890503,0.2593271732330322,3.7149553298950195
404,1,1,1,0.31432855129241943,3.6379761695861816,0.2747080326080322,3.790477991104126,0.2695910334587097,3.758002519607544,0.20178969204425812,3.791308641433716
405,1,1,1,0.35989317297935486,3.663895606994629,0.23259127140045166,3.872006416320801,0.19763432443141937,3.9592597484588623,0.14321587979793549,4.1136932373046875
406,1,1,1,0.24965868890285492,3.5905802249908447,0.3143036365509033,3.6975207328796387,0.40342992544174194,3.6661972999572754,0.3222058415412903,3.645698070526123
407,1,1,1,0.27439412474632263,3.6409246921539307,0.2775081694126129,3.769700288772583,0.32522520422935486,3.743940830230713,0.24864476919174194,3.759377956390381
408,1,1,1,0.3463234305381775,3.6226577758789062,0.26947644352912903,3.7660348415374756,0.26187819242477417,3.7457761764526367,0.2107182741165161,3.8101768493652344
409,1,1,1,0.2611681818962097,3.58777117729187,0.31839922070503235,3.695934534072876,0.3996133506298065,3.6680214405059814,0.31357619166374207,3.6386804580688477
410,1,1,1,0.24893125891685486,3.596409320831299,0.31633150577545166,3.7008142471313477,0.3964345455169678,3.658949851989746,0.3134167790412903,3.635253667831421
411,1,1,1,0.3049415946006775,3.655343770980835,0.2678670883178711,3.822960376739502,0.2681959569454193,3.786468029022217,0.20418128371238708,3.8061492443084717
412,1,1,1,0.38031628727912903,3.6650772094726562,0.2507772445678711,3.861161947250366,0.1998465359210968,3.8694090843200684,0.14225924015045166,3.977304458618164
413,1,1,1,0.32510313391685486,3.656074047088623,0.26438435912132263,3.8160300254821777,0.2584402859210968,3.772315502166748,0.19050940871238708,3.817763328552246
414,1,1,1,0.31678491830825806,3.6520917415618896,0.26787707209587097,3.809612274169922,0.2670101225376129,3.7534987926483154,0.2114357352256775,3.751248836517334
415,1,1,1,0.36931750178337097,3.6737606525421143,0.24944694340229034,3.8697493076324463,0.20109215378761292,3.868880033493042,0.1457868218421936,3.945864677429199
416,1,1,1,0.32175490260124207,3.656010150909424,0.25623804330825806,3.8408453464508057,0.23498284816741943,3.8200244903564453,0.18783880770206451,3.850503921508789
417,1,1,1,0.2929787039756775,3.6579113006591797,0.2688885033130646,3.8109030723571777,0.2918526828289032,3.7658767700195312,0.22425062954425812,3.7849271297454834
418,1,1,1,0.2752187252044678,3.665942430496216,0.24732939898967743,3.8631949424743652,0.24373206496238708,3.867288112640381,0.20930324494838715,3.915158987045288
419,1,1,1,0.23872967064380646,3.6199023723602295,0.28799623250961304,3.750216245651245,0.36099928617477417,3.745079755783081,0.3016980290412903,3.75095796585083
420,1,1,1,0.37924256920814514,3.606571674346924,0.27766263484954834,3.7260801792144775,0.2890625,3.756136178970337,0.20896443724632263,3.8273725509643555
421,1,1,1,0.26088666915893555,3.650207281112671,0.26733896136283875,3.7991464138031006,0.30332228541374207,3.7762081623077393,0.24292489886283875,3.8123717308044434
422,1,1,1,0.2679269015789032,3.5834882259368896,0.3311144709587097,3.7018628120422363,0.3931162357330322,3.6044867038726807,0.29474249482154846,3.6091690063476562
423,1,1,1,0.27188047766685486,3.629293918609619,0.28672072291374207,3.7467243671417236,0.33743223547935486,3.7018191814422607,0.2583506107330322,3.707397937774658
424,1,1,1,0.27181071043014526,3.6175405979156494,0.29894769191741943,3.7318665981292725,0.3543725907802582,3.6824138164520264,0.27054765820503235,3.672780752182007
425,1,1,1,0.29717394709587097,3.6087453365325928,0.30571886897087097,3.703026533126831,0.33589762449264526,3.6583006381988525,0.2431640625,3.6677322387695312
426,1,1,1,0.365199476480484,3.637993335723877,0.2547682225704193,3.8096728324890137,0.24464882910251617,3.853447914123535,0.18516820669174194,3.924335479736328
427,1,1,1,0.32214853167533875,3.664998769760132,0.2685098350048065,3.8125104904174805,0.27031847834587097,3.7599809169769287,0.20944276452064514,3.7802834510803223
428,1,1,1,0.31795328855514526,3.670302152633667,0.25329339504241943,3.8448963165283203,0.22885443270206451,3.822171926498413,0.18951290845870972,3.8528761863708496
429,1,1,1,0.38017427921295166,3.642488718032837,0.2623814046382904,3.8052637577056885,0.22889429330825806,3.8118414878845215,0.16902503371238708,3.9088551998138428
430,1,1,1,0.3449009358882904,3.646996021270752,0.2673090696334839,3.8032431602478027,0.2562679350376129,3.818913459777832,0.1918247789144516,3.892051935195923
431,1,1,1,0.2526431977748871,3.6215178966522217,0.28843969106674194,3.7406678199768066,0.3637595474720001,3.735590696334839,0.28198739886283875,3.7524912357330322
432,1,1,1,0.2830312252044678,3.614729166030884,0.2959582209587097,3.7254881858825684,0.34714803099632263,3.6837270259857178,0.2717036008834839,3.66434383392334
433,1,1,1,0.2996551990509033,3.624688148498535,0.30015844106674194,3.7359859943389893,0.33876752853393555,3.681668519973755,0.25344786047935486,3.6801133155822754
434,1,1,1,0.23357032239437103,3.5831563472747803,0.3110201954841614,3.6844592094421387,0.42561182379722595,3.6751656532287598,0.3397640287876129,3.6588456630706787
435,1,1,1,0.29197224974632263,3.637636423110962,0.28519609570503235,3.752655506134033,0.32035234570503235,3.706482410430908,0.2448381632566452,3.7115180492401123
436,1,1,1,0.3032126724720001,3.6666722297668457,0.25596898794174194,3.8432865142822266,0.24598413705825806,3.8122341632843018,0.19094786047935486,3.8546080589294434
437,1,1,1,0.26527124643325806,3.5998103618621826,0.3136260211467743,3.6982333660125732,0.3868582546710968,3.6404359340667725,0.2956991195678711,3.6316640377044678
438,1,1,1,0.2597058415412903,3.6787660121917725,0.23236706852912903,3.9213500022888184,0.26253587007522583,4.014347553253174,0.20170997083187103,4.082699298858643
439,1,1,1,0.35125109553337097,3.6787900924682617,0.22719526290893555,3.9069936275482178,0.19051936268806458,3.9684083461761475,0.1429966539144516,4.088362216949463
440,1,1,1,0.3696812093257904,3.608647346496582,0.2904775142669678,3.7250256538391113,0.28371134400367737,3.696428060531616,0.2114955335855484,3.7604598999023438
441,1,1,1,0.2711704671382904,3.6411025524139404,0.27948620915412903,3.778069019317627,0.3169543147087097,3.7362844944000244,0.24715003371238708,3.746230125427246
442,1,1,1,0.3061349093914032,3.653944730758667,0.26194295287132263,3.824586868286133,0.26147958636283875,3.791501522064209,0.20330436527729034,3.8068816661834717
443,1,1,1,0.3233742117881775,3.6536881923675537,0.2650320827960968,3.8084709644317627,0.25974568724632263,3.7875776290893555,0.1999960094690323,3.813054323196411
444,1,1,1,0.24571508169174194,3.5994911193847656,0.3045230805873871,3.707930326461792,0.39574697613716125,3.6887242794036865,0.32242506742477417,3.668933153152466
445,1,1,1,0.35450711846351624,3.6526191234588623,0.2615692615509033,3.8366034030914307,0.21566087007522583,3.822474718093872,0.15467554330825806,3.894472360610962
446,1,1,1,0.28235360980033875,3.664440393447876,0.2549724876880646,3.837944984436035,0.26140981912612915,3.817596197128296,0.21956712007522583,3.842879295349121
447,1,1,1,0.26566237211227417,3.6175038814544678,0.28589364886283875,3.7353084087371826,0.3508649468421936,3.7087759971618652,0.2712252736091614,3.696230411529541
448,1,1,1,0.2755998969078064,3.6347126960754395,0.27983996272087097,3.766366958618164,0.31993383169174194,3.7500154972076416,0.244977667927742,3.753742218017578
449,1,1,1,0.3161546289920807,3.6573081016540527,0.26295939087867737,3.822176218032837,0.25729432702064514,3.7866768836975098,0.20483896136283875,3.805312395095825
450,1,1,1,0.2811453640460968,3.651026964187622,0.2676279544830322,3.808783531188965,0.28653138875961304,3.77822208404541,0.22953204810619354,3.773899555206299
451,1,1,1,0.36714762449264526,3.621973752975464,0.2842743396759033,3.746490240097046,0.2818279564380646,3.720069408416748,0.2033442258834839,3.775360107421875
452,1,1,1,0.25317132472991943,3.6230554580688477,0.2896305024623871,3.7532427310943604,0.34978872537612915,3.7192182540893555,0.29033800959587097,3.7194535732269287
453,1,1,1,0.2452317774295807,3.6176373958587646,0.2927345633506775,3.740966320037842,0.36025190353393555,3.7090063095092773,0.2986088991165161,3.694587230682373
454,1,3,0,0.4001913070678711,3.6660234928131104,0.2479771226644516,3.8539481163024902,0.18669283390045166,3.8874833583831787,0.12669403851032257,4.031303882598877
455,1,1,1,0.2982900142669678,3.6594090461730957,0.26546555757522583,3.8113925457000732,0.2749820649623871,3.782895565032959,0.2237723171710968,3.77947998046875
456,1,1,1,0.26527124643325806,3.5998103618621826,0.3136260211467743,3.6982333660125732,0.3868582546710968,3.6404359340667725,0.2956991195678711,3.6316640377044678
457,1,1,1,0.2779640555381775,3.6278982162475586,0.28542032837867737,3.761979579925537,0.3233219087123871,3.7280097007751465,0.24828602373600006,3.7261197566986084
458,1,1,1,0.2886090874671936,3.6362192630767822,0.27816087007522583,3.7698466777801514,0.3145228624343872,3.720210313796997,0.2405133843421936,3.713374137878418
459,1,1,1,0.2955172657966614,3.6380887031555176,0.2827048599720001,3.7810187339782715,0.30013352632522583,3.7039742469787598,0.2396763414144516,3.700814962387085
460,1,1,1,0.28713926672935486,3.67254900932312,0.25350266695022583,3.878319263458252,0.2375239133834839,3.860589027404785,0.18961255252361298,3.9434516429901123
461,1,1,1,0.31215620040893555,3.6380105018615723,0.2681461274623871,3.786614179611206,0.27982500195503235,3.7623302936553955,0.21452486515045166,3.7581753730773926
462,1,1,1,0.3144381642341614,3.6615142822265625,0.2618333399295807,3.836425542831421,0.2575533986091614,3.8297221660614014,0.2066127210855484,3.858107566833496
463,1,1,1,0.34095484018325806,3.671318531036377,0.23858019709587097,3.875866651535034,0.20400190353393555,3.8848671913146973,0.1517259180545807,3.9633522033691406
464,1,1,1,0.2502291798591614,3.5980148315429688,0.31232061982154846,3.7123029232025146,0.3904954493045807,3.6726720333099365,0.31184232234954834,3.660573959350586
465,1,1,1,0.2949318289756775,3.636542558670044,0.2730737626552582,3.7890050411224365,0.29884806275367737,3.7571523189544678,0.23188376426696777,3.761495590209961
466,1,1,1,0.3208705186843872,3.6706366539001465,0.25950154662132263,3.837355852127075,0.24689093232154846,3.8122780323028564,0.20021523535251617,3.840334415435791
467,1,1,1,0.3692701756954193,3.630596160888672,0.2756447196006775,3.772590160369873,0.2603435814380646,3.7681620121002197,0.18734055757522583,3.826382875442505
468,1,1,1,0.3827153444290161,3.6279966831207275,0.26934191584587097,3.779292583465576,0.24815648794174194,3.8008673191070557,0.1858258843421936,3.9007935523986816
469,1,1,1,0.2686617970466614,3.6079115867614746,0.2980508506298065,3.7158474922180176,0.36255380511283875,3.6762499809265137,0.2831234037876129,3.663381576538086
470,1,1,1,0.33552396297454834,3.5957069396972656,0.28756776452064514,3.7105307579040527,0.3063018023967743,3.6894397735595703,0.2195272594690323,3.7190194129943848
471,1,1,1,0.3099290430545807,3.666548728942871,0.2531289756298065,3.836075782775879,0.24429009854793549,3.808443784713745,0.18941326439380646,3.841856002807617
472,1,1,1,0.28399282693862915,3.6227269172668457,0.2984693944454193,3.7365951538085938,0.33709341287612915,3.6651885509490967,0.25695550441741943,3.6612889766693115
473,1,1,1,0.4955954849720001,3.545743465423584,0.29798609018325806,3.5475447177886963,0.2974529564380646,3.58673357963562,0.2214803844690323,3.7349050045013428
474,1,1,1,0.31317511200904846,3.6573092937469482,0.2650669515132904,3.807725667953491,0.2624063193798065,3.774085760116577,0.20105229318141937,3.789254665374756
475,1,1,1,0.28225645422935486,3.6419594287872314,0.2762625515460968,3.7801685333251953,0.3110949397087097,3.7398698329925537,0.247907355427742,3.7383229732513428
476,1,1,1,0.2906494140625,3.6654038429260254,0.24647241830825806,3.864781379699707,0.24172911047935486,3.871464967727661,0.18901465833187103,3.9605650901794434
477,1,1,1,0.28781935572624207,3.6274917125701904,0.2897351384162903,3.7558770179748535,0.33052653074264526,3.7242605686187744,0.24752868711948395,3.7309179306030273
478,1,1,1,0.4955954849720001,3.545743465423584,0.29798609018325806,3.5475447177886963,0.2974529564380646,3.58673357963562,0.2214803844690323,3.7349050045013428
479,1,1,1,0.32784098386764526,3.6708157062530518,0.2570551633834839,3.848212957382202,0.2425462305545807,3.839318037033081,0.19082827866077423,3.8698694705963135
480,1,1,1,0.31283631920814514,3.6711127758026123,0.2599599361419678,3.8431432247161865,0.2527303695678711,3.8403122425079346,0.19979670643806458,3.9141147136688232
481,1,1,1,0.3255515396595001,3.648597002029419,0.26961594820022583,3.7977750301361084,0.2628248631954193,3.7606825828552246,0.19367824494838715,3.8036632537841797
482,1,1,1,0.3376190662384033,3.6398987770080566,0.28224650025367737,3.767935276031494,0.28916212916374207,3.7311325073242188,0.2112962305545807,3.74731183052063
483,1,1,1,0.48134565353393555,3.5556061267852783,0.2936762571334839,3.570815324783325,0.28971022367477417,3.6109447479248047,0.21681679785251617,3.7373838424682617
484,1,1,1,0.27729642391204834,3.6434249877929688,0.27626752853393555,3.7763309478759766,0.31190210580825806,3.717987298965454,0.23862005770206451,3.7080931663513184
485,1,1,1,0.31320998072624207,3.6549770832061768,0.2683553695678711,3.8024322986602783,0.2744738459587097,3.766990900039673,0.21906886994838715,3.769195795059204
486,1,1,1,0.3138004243373871,3.6448373794555664,0.2735271751880646,3.792633533477783,0.26795679330825806,3.768352508544922,0.206891730427742,3.826509952545166
487,1,1,1,0.3054223954677582,3.652705192565918,0.27565470337867737,3.7851603031158447,0.2876673936843872,3.738776445388794,0.22086255252361298,3.7525718212127686
488,1,1,1,0.30274930596351624,3.6371312141418457,0.2842494249343872,3.778369903564453,0.2967255115509033,3.6957383155822754,0.23881934583187103,3.701326847076416
489,1,1,1,0.27418237924575806,3.6252737045288086,0.2771245241165161,3.773714542388916,0.3136957883834839,3.749332904815674,0.24055324494838715,3.7706711292266846
490,1,1,1,0.3385109305381775,3.655735492706299,0.26443418860435486,3.824920415878296,0.23986566066741943,3.7953970432281494,0.1860451102256775,3.8524906635284424
491,1,1,1,0.4598563015460968,3.581104040145874,0.2774483859539032,3.6479482650756836,0.26285475492477417,3.682121515274048,0.19696667790412903,3.79813814163208
492,1,1,1,0.25890615582466125,3.650148630142212,0.2667859196662903,3.8079745769500732,0.30126953125,3.786888599395752,0.24306440353393555,3.8136274814605713
493,1,1,1,0.3452671468257904,3.6533303260803223,0.2612204849720001,3.818417549133301,0.2592275142669678,3.8025293350219727,0.19539222121238708,3.8344552516937256
494,1,1,1,0.3813924789428711,3.632317304611206,0.26569974422454834,3.7902376651763916,0.23369738459587097,3.796563148498535,0.1751634180545807,3.8857662677764893
495,1,1,1,0.35905611515045166,3.6346025466918945,0.2614297568798065,3.7973508834838867,0.2547333240509033,3.825685501098633,0.17918924987316132,3.8871092796325684
496,1,1,1,0.3203224539756775,3.6454970836639404,0.26407545804977417,3.8141543865203857,0.25658681988716125,3.833158493041992,0.21940767765045166,3.8427650928497314
497,1,1,1,0.3180878162384033,3.662648916244507,0.2622668147087097,3.826608180999756,0.25791212916374207,3.773085594177246,0.19019052386283875,3.8039400577545166
498,1,1,1,0.2747653126716614,3.6170201301574707,0.2944933772087097,3.733935594558716,0.34567323327064514,3.69327449798584,0.26803651452064514,3.691649913787842
499,1,1,1,0.3079858720302582,3.6508395671844482,0.27418985962867737,3.782322645187378,0.29091596603393555,3.741556406021118,0.22765864431858063,3.7409613132476807
500,1,3,0,0.4077920615673065,3.667611598968506,0.2411511391401291,3.874876022338867,0.1783621609210968,3.8882617950439453,0.13093909621238708,4.055403232574463
501,1,1,1,0.3774663209915161,3.6495466232299805,0.24709023535251617,3.8595337867736816,0.19346898794174194,3.919598340988159,0.1425183266401291,4.063347816467285
502,1,1,1,0.2647729814052582,3.627058267593384,0.2872140109539032,3.7557811737060547,0.3333565890789032,3.7140166759490967,0.2601642310619354,3.7316532135009766
503,1,1,1,0.30199697613716125,3.6460683345794678,0.2759287357330322,3.7834055423736572,0.29091596603393555,3.7361443042755127,0.22100207209587097,3.7465054988861084
504,1,1,1,0.32095274329185486,3.6358463764190674,0.2868054509162903,3.7607839107513428,0.30264467000961304,3.716374158859253,0.22303491830825806,3.7237958908081055
505,1,1,1,0.2587541937828064,3.6375715732574463,0.27459341287612915,3.7787413597106934,0.3203822374343872,3.7433362007141113,0.2533482015132904,3.7431559562683105
506,1,1,1,0.32348382472991943,3.6664741039276123,0.2501295506954193,3.8571770191192627,0.22283561527729034,3.842724323272705,0.18183991312980652,3.903331756591797
507,1,1,1,0.3051832616329193,3.6400578022003174,0.2847925126552582,3.7726516723632812,0.30548468232154846,3.725306510925293,0.23012994229793549,3.742530584335327
508,1,1,1,0.27702486515045166,3.6091456413269043,0.30490174889564514,3.7322330474853516,0.3497588336467743,3.6627824306488037,0.2636120915412903,3.634611129760742
509,1,1,1,0.4168103337287903,3.6384994983673096,0.2594617009162903,3.797637939453125,0.22172950208187103,3.835468053817749,0.16049505770206451,3.9677138328552246
510,1,1,1,0.26527124643325806,3.5998103618621826,0.3136260211467743,3.6982333660125732,0.3868582546710968,3.6404359340667725,0.2956991195678711,3.6316640377044678
511,1,1,1,0.3680594265460968,3.6352763175964355,0.2706473171710968,3.786726713180542,0.2574736773967743,3.7955336570739746,0.19202406704425812,3.861650228500366
512,1,1,1,0.2696956694126129,3.601849317550659,0.3076421022415161,3.718665361404419,0.36130818724632263,3.6518285274505615,0.2787189185619354,3.6438326835632324
513,1,1,1,0.3020791709423065,3.6359386444091797,0.28272977471351624,3.7683496475219727,0.29424425959587097,3.6988282203674316,0.2273397594690323,3.7232401371002197
514,1,1,1,0.31428372859954834,3.6626954078674316,0.2542550265789032,3.837860107421875,0.24704040586948395,3.8195717334747314,0.1800462305545807,3.867279052734375
515,1,1,1,0.2800043821334839,3.640165090560913,0.2809560298919678,3.787440776824951,0.3065011203289032,3.7423110008239746,0.242047980427742,3.7440099716186523
516,1,1,1,0.26527124643325806,3.5998103618621826,0.3136260211467743,3.6982333660125732,0.3868582546710968,3.6404359340667725,0.2956991195678711,3.6316640377044678
517,1,1,1,0.2667759358882904,3.642483711242676,0.2728694975376129,3.784482955932617,0.32236525416374207,3.7553632259368896,0.24948181211948395,3.74764347076416
518,1,1,1,0.27927443385124207,3.6356921195983887,0.282958984375,3.7696642875671387,0.3274374008178711,3.7343802452087402,0.2551020383834839,3.745312452316284
519,1,1,1,0.31441324949264526,3.63728928565979,0.28749799728393555,3.764982223510742,0.30759724974632263,3.709505081176758,0.22819674015045166,3.7187771797180176
520,1,1,1,0.34489595890045166,3.602980375289917,0.3070840537548065,3.7331624031066895,0.3156588673591614,3.657322406768799,0.22755898535251617,3.7037134170532227
521,1,1,1,0.27528348565101624,3.621659517288208,0.29615750908851624,3.734572649002075,0.35487085580825806,3.6929404735565186,0.2702885866165161,3.681978940963745
522,1,1,1,0.3000064790248871,3.631986618041992,0.2877022922039032,3.75775408744812,0.3176119923591614,3.7152135372161865,0.23937737941741943,3.7259178161621094
523,1,1,1,0.3693698048591614,3.6604864597320557,0.2339116334915161,3.8629517555236816,0.20031489431858063,3.9079694747924805,0.14845742285251617,4.02349328994751
524,1,1,1,0.3330974876880646,3.6308298110961914,0.2767956852912903,3.773841619491577,0.29084622859954834,3.791996479034424,0.2200852930545807,3.8155393600463867
525,1,1,1,0.29638671875,3.6540110111236572,0.26708486676216125,3.8141591548919678,0.27160394191741943,3.7940638065338135,0.20635363459587097,3.808190107345581
526,1,1,1,0.3078189790248871,3.640153408050537,0.27433931827545166,3.781714916229248,0.2779615819454193,3.74137806892395,0.2106584757566452,3.764806032180786
527,1,1,1,0.3761409819126129,3.640350818634033,0.2650171220302582,3.800112724304199,0.23377710580825806,3.805328130722046,0.172712042927742,3.899953842163086
528,1,1,1,0.3281947374343872,3.66200852394104,0.2570352256298065,3.835155487060547,0.23792250454425812,3.8156726360321045,0.18891501426696777,3.8607447147369385
529,1,1,1,0.2800915837287903,3.6528537273406982,0.27286452054977417,3.8055691719055176,0.2893514633178711,3.7583084106445312,0.231305792927742,3.7834739685058594
530,1,1,1,0.2952432334423065,3.6649649143218994,0.25946667790412903,3.8338582515716553,0.26239636540412903,3.8378398418426514,0.20830675959587097,3.882223606109619
531,1,1,1,0.2772465944290161,3.638949155807495,0.26931700110435486,3.799715042114258,0.3015584945678711,3.7778072357177734,0.23403619229793549,3.7853188514709473
532,1,1,1,0.25531628727912903,3.63079833984375,0.2864018678665161,3.759246349334717,0.3450155258178711,3.725067138671875,0.2699298560619354,3.7235677242279053
533,1,1,1,0.33579298853874207,3.6791231632232666,0.24817641079425812,3.8806865215301514,0.21345862746238708,3.8492133617401123,0.16376355290412903,3.906048536300659
534,1,1,1,0.3048543930053711,3.6546239852905273,0.2672542631626129,3.8147430419921875,0.27215200662612915,3.7740471363067627,0.2085060477256775,3.785987377166748
535,1,1,1,0.3779296875,3.6436350345611572,0.2677524983882904,3.79811692237854,0.24111127853393555,3.8135643005371094,0.17663823068141937,3.8851404190063477
536,1,1,1,0.3775136470794678,3.6219801902770996,0.2796007990837097,3.751911163330078,0.26806640625,3.760380744934082,0.1908482164144516,3.826754331588745
537,1,1,1,0.33257681131362915,3.6415255069732666,0.27385103702545166,3.7936248779296875,0.2735770046710968,3.7519850730895996,0.20372289419174194,3.7489728927612305
538,1,1,1,0.33201879262924194,3.6464903354644775,0.27071207761764526,3.809434413909912,0.25172391533851624,3.7551562786102295,0.18482939898967743,3.791675567626953
539,1,1,1,0.2975451350212097,3.6368210315704346,0.27736368775367737,3.778059244155884,0.3026048243045807,3.7336254119873047,0.23748405277729034,3.734894275665283
540,1,1,1,0.35477370023727417,3.671790361404419,0.24826110899448395,3.8643105030059814,0.2146245241165161,3.8551862239837646,0.16858656704425812,3.9563777446746826
541,1,1,1,0.31101271510124207,3.654878616333008,0.26534098386764526,3.806008815765381,0.27369657158851624,3.7693512439727783,0.21719546616077423,3.7896862030029297
542,1,1,1,0.36489805579185486,3.643333673477173,0.26011937856674194,3.812898635864258,0.2184012234210968,3.8273942470550537,0.1634446680545807,3.914400577545166
543,1,1,1,0.2970842719078064,3.6284255981445312,0.2877471148967743,3.7507271766662598,0.3195651173591614,3.6853346824645996,0.24760840833187103,3.6767547130584717
544,1,1,1,0.25151216983795166,3.6010162830352783,0.30800580978393555,3.724853515625,0.3756277859210968,3.69502592086792,0.32244497537612915,3.6781013011932373
545,1,1,1,0.25935208797454834,3.653679847717285,0.26423490047454834,3.816378593444824,0.3008709251880646,3.812936782836914,0.24575494229793549,3.833752393722534
546,1,1,1,0.3775011897087097,3.640458822250366,0.2633081376552582,3.8035082817077637,0.22695112228393555,3.8174753189086914,0.16934390366077423,3.8947863578796387
547,1,1,1,0.26941415667533875,3.635526418685913,0.2733229100704193,3.780994176864624,0.3295200765132904,3.7642736434936523,0.2543845474720001,3.752350330352783
548,1,1,1,0.2628896236419678,3.606182336807251,0.30991408228874207,3.709216833114624,0.37448182702064514,3.6483235359191895,0.2897002398967743,3.646670341491699
549,1,1,1,0.31870314478874207,3.649386405944824,0.2750518023967743,3.7933120727539062,0.2778818607330322,3.7513089179992676,0.20244738459587097,3.763929843902588
550,1,1,1,0.24118353426456451,3.610682487487793,0.2968600392341614,3.7353014945983887,0.3721400499343872,3.7041637897491455,0.3040696680545807,3.701382875442505
551,1,1,1,0.4145183861255646,3.658749580383301,0.2538564205169678,3.826967716217041,0.2041713148355484,3.842256784439087,0.14363440871238708,3.946857213973999
552,1,1,1,0.3429403305053711,3.6496996879577637,0.2590082883834839,3.8208487033843994,0.22906368970870972,3.816026449203491,0.1792091727256775,3.860765218734741
553,1,1,1,0.2977220118045807,3.6414716243743896,0.2799346148967743,3.781378984451294,0.2971440553665161,3.7259464263916016,0.2347935289144516,3.7277820110321045
554,1,1,1,0.26527124643325806,3.5998103618621826,0.3136260211467743,3.6982333660125732,0.3868582546710968,3.6404359340667725,0.2956991195678711,3.6316640377044678
555,1,1,1,0.3106788992881775,3.6629514694213867,0.2631686329841614,3.8284518718719482,0.26161909103393555,3.7979736328125,0.20994099974632263,3.824188232421875
556,1,1,1,0.3795763850212097,3.638453722000122,0.26509684324264526,3.7937827110290527,0.23248165845870972,3.7896270751953125,0.17889030277729034,3.8845810890197754
557,1,1,1,0.3606405258178711,3.6358072757720947,0.26769769191741943,3.7860333919525146,0.2490234375,3.7992796897888184,0.19539222121238708,3.832517385482788
558,1,1,1,0.29754015803337097,3.6731443405151367,0.2528599202632904,3.8590540885925293,0.23398636281490326,3.831693649291992,0.1923828125,3.8940224647521973
559,1,1,1,0.2645089328289032,3.639975070953369,0.2776676118373871,3.7733676433563232,0.32989874482154846,3.7627620697021484,0.2601243555545807,3.7840943336486816
560,1,1,1,0.30718371272087097,3.6600570678710938,0.2585000693798065,3.8395590782165527,0.23977598547935486,3.8169312477111816,0.19180484116077423,3.8656482696533203
561,1,1,1,0.26928460597991943,3.6190688610076904,0.28940626978874207,3.7389514446258545,0.3432118892669678,3.7146506309509277,0.26851481199264526,3.684628486633301
562,1,1,1,0.31167539954185486,3.6733968257904053,0.24274054169654846,3.879697799682617,0.21199378371238708,3.869041919708252,0.17193478345870972,3.9413468837738037
563,1,1,1,0.24646742641925812,3.608001232147217,0.29933634400367737,3.716218948364258,0.3767538070678711,3.6816017627716064,0.2926100194454193,3.674090623855591
564,1,1,1,0.28153151273727417,3.630277156829834,0.289794921875,3.7510616779327393,0.3249262571334839,3.705247402191162,0.2498006969690323,3.6989786624908447
565,1,1,1,0.3136957883834839,3.647752523422241,0.26820093393325806,3.7956862449645996,0.2693120241165161,3.766003131866455,0.21293048560619354,3.7808873653411865
566,1,1,1,0.37461134791374207,3.64081072807312,0.2655452787876129,3.804544448852539,0.23874959349632263,3.8070871829986572,0.17617984116077423,3.903733015060425
567,1,1,1,0.3192213475704193,3.664564847946167,0.25889867544174194,3.833570718765259,0.2504284977912903,3.803628921508789,0.19794324040412903,3.8500804901123047
568,1,1,1,0.29928651452064514,3.648556709289551,0.2728595435619354,3.7960703372955322,0.29085618257522583,3.7708990573883057,0.226422980427742,3.7878708839416504
569,1,1,1,0.2694191336631775,3.6233737468719482,0.29349687695503235,3.738447666168213,0.34519490599632263,3.693571090698242,0.2705875337123871,3.6695146560668945
570,1,1,1,0.23790009319782257,3.5621864795684814,0.3318219780921936,3.664494514465332,0.42838209867477417,3.617227554321289,0.33575811982154846,3.626758575439453
571,1,1,1,0.32492128014564514,3.6795270442962646,0.25170400738716125,3.8612968921661377,0.2315848171710968,3.8477625846862793,0.1821986585855484,3.886129856109619
572,1,1,1,0.36495286226272583,3.637359619140625,0.2706323564052582,3.787764310836792,0.2598353624343872,3.7949376106262207,0.1919642835855484,3.873650312423706
573,1,1,1,0.3053700923919678,3.6492764949798584,0.2741549611091614,3.8009049892425537,0.2714046537876129,3.718350648880005,0.2083665430545807,3.743950366973877
574,1,1,1,0.3095952272415161,3.64612078666687,0.2731684446334839,3.795060634613037,0.28058233857154846,3.750896692276001,0.21920837461948395,3.784071207046509
575,1,1,1,0.33771124482154846,3.592888832092285,0.306884765625,3.706995964050293,0.3247767686843872,3.63810133934021,0.2335379421710968,3.6790409088134766
576,1,1,1,0.26705995202064514,3.587378740310669,0.3233567774295807,3.7005345821380615,0.3934949040412903,3.62738037109375,0.30500638484954834,3.6184003353118896
577,1,1,1,0.28464803099632263,3.65423583984375,0.27140963077545166,3.804508686065674,0.29787150025367737,3.775224208831787,0.23044881224632263,3.77523136138916
578,1,1,1,0.36019960045814514,3.672259569168091,0.23065808415412903,3.883267879486084,0.19207389652729034,3.9489493370056152,0.13376912474632263,4.081048965454102
579,1,1,1,0.31917649507522583,3.6466047763824463,0.2728694975376129,3.7906181812286377,0.27515146136283875,3.7376863956451416,0.21639826893806458,3.7405600547790527
580,1,1,1,0.27220433950424194,3.6091153621673584,0.29947084188461304,3.7336161136627197,0.3584881126880646,3.681584358215332,0.2790776491165161,3.6509318351745605
581,1,1,1,0.3338025212287903,3.629714012145996,0.27784696221351624,3.7698557376861572,0.28311342000961304,3.729189395904541,0.21765385568141937,3.7485578060150146
582,1,1,1,0.315883070230484,3.6704049110412598,0.25860968232154846,3.8454840183258057,0.24279534816741943,3.7974963188171387,0.19395726919174194,3.8118577003479004
583,1,1,1,0.29383817315101624,3.640090227127075,0.2787189185619354,3.7673041820526123,0.31100526452064514,3.7260494232177734,0.23543128371238708,3.7280116081237793
584,1,1,1,0.3436453640460968,3.6494758129119873,0.27208226919174194,3.7967331409454346,0.26092153787612915,3.7597005367279053,0.19027024507522583,3.768932580947876
585,1,1,1,0.4204001724720001,3.64292573928833,0.2569056749343872,3.8032078742980957,0.20611447095870972,3.8508026599884033,0.1473214328289032,3.994588851928711
586,1,1,1,0.38312390446662903,3.633530378341675,0.26660653948783875,3.785886526107788,0.24357262253761292,3.801865577697754,0.1842912882566452,3.8772575855255127
587,1,1,1,0.26527124643325806,3.5998103618621826,0.3136260211467743,3.6982333660125732,0.3868582546710968,3.6404359340667725,0.2956991195678711,3.6316640377044678
588,1,1,1,0.3099639117717743,3.6618926525115967,0.2639060318470001,3.8244378566741943,0.2564772069454193,3.7686688899993896,0.20834662020206451,3.8073465824127197
589,1,1,1,0.3125797212123871,3.6740787029266357,0.2526606321334839,3.861013650894165,0.23645766079425812,3.8388891220092773,0.19264189898967743,3.8871302604675293
590,1,1,1,0.35921305418014526,3.663064956665039,0.24102160334587097,3.862839460372925,0.21082788705825806,3.9200737476348877,0.14325574040412903,4.0240678787231445
591,1,1,1,0.3082898259162903,3.6619393825531006,0.2633380591869354,3.822734832763672,0.2579619586467743,3.790280818939209,0.20679208636283875,3.820161819458008
592,1,1,1,0.3226417899131775,3.6681671142578125,0.25460878014564514,3.839611768722534,0.23973612487316132,3.835813522338867,0.19068877398967743,3.9003970623016357
593,1,1,1,0.3696812093257904,3.608647346496582,0.2904775142669678,3.7250256538391113,0.28371134400367737,3.696428060531616,0.2114955335855484,3.7604598999023438
594,1,1,1,0.3639513850212097,3.6148276329040527,0.28492704033851624,3.734165668487549,0.2858538031578064,3.72969388961792,0.20928332209587097,3.7962098121643066
595,1,1,1,0.30684739351272583,3.66812801361084,0.24807177484035492,3.8634839057922363,0.2136678844690323,3.8582687377929688,0.1687460094690323,3.955237865447998
596,1,1,1,0.27455607056617737,3.610757827758789,0.30040258169174194,3.737096071243286,0.3526885211467743,3.6780154705047607,0.27178332209587097,3.653956174850464
597,1,1,1,0.35815927386283875,3.65095853805542,0.2646484375,3.818962335586548,0.24689093232154846,3.8124797344207764,0.1732102930545807,3.8591647148132324
598,1,1,1,0.2591104209423065,3.6253786087036133,0.2837362289428711,3.748239517211914,0.3353296220302582,3.705803632736206,0.2620575428009033,3.7038557529449463
599,1,1,1,0.3248016834259033,3.66907000541687,0.25299444794654846,3.8498730659484863,0.24005499482154846,3.8181402683258057,0.19367824494838715,3.840193510055542
600,1,1,1,0.28811830282211304,3.6168105602264404,0.29869359731674194,3.7343075275421143,0.3381198048591614,3.663522958755493,0.2583506107330322,3.670292377471924
601,1,1,1,0.35276326537132263,3.648408889770508,0.2623913884162903,3.816208839416504,0.23078761994838715,3.818436861038208,0.17799346148967743,3.8833277225494385
602,1,1,1,0.28888562321662903,3.657048463821411,0.2654755115509033,3.809616804122925,0.27367666363716125,3.7591028213500977,0.21725524961948395,3.7875423431396484
603,1,1,1,0.2696433365345001,3.607722043991089,0.30100545287132263,3.726846933364868,0.3620455861091614,3.657822370529175,0.2841199040412903,3.639590263366699
604,1,1,1,0.34715551137924194,3.6539816856384277,0.26087671518325806,3.826486349105835,0.2308972328901291,3.841008186340332,0.18277662992477417,3.915494441986084
605,1,1,1,0.26527124643325806,3.5998103618621826,0.3136260211467743,3.6982333660125732,0.3868582546710968,3.6404359340667725,0.2956991195678711,3.6316640377044678
606,1,1,1,0.25221720337867737,3.589419364929199,0.313197523355484,3.696579694747925,0.3943219780921936,3.6588916778564453,0.3094308078289032,3.6479454040527344
607,1,1,1,0.3741006553173065,3.6708130836486816,0.24853016436100006,3.875563859939575,0.18896484375,3.9030745029449463,0.1460658460855484,4.039022922515869
608,1,1,1,0.25325602293014526,3.616295576095581,0.29638671875,3.7434017658233643,0.35202088952064514,3.6999094486236572,0.2856544852256775,3.696713924407959
609,1,1,1,0.33552396297454834,3.5957069396972656,0.28756776452064514,3.7105307579040527,0.3063018023967743,3.6894397735595703,0.2195272594690323,3.7190194129943848
610,1,1,1,0.2612827718257904,3.590259552001953,0.3098642826080322,3.6968209743499756,0.38834303617477417,3.658463954925537,0.3003627061843872,3.638378381729126
611,1,1,1,0.3357107937335968,3.6490349769592285,0.26323840022087097,3.8143017292022705,0.2648776173591614,3.808359384536743,0.19477438926696777,3.8197073936462402
612,1,1,1,0.3158756196498871,3.6604361534118652,0.26342275738716125,3.825402021408081,0.2615991532802582,3.7944538593292236,0.20639349520206451,3.7958672046661377
613,1,1,1,0.2560138404369354,3.620915412902832,0.28643175959587097,3.7463817596435547,0.35145288705825806,3.714848756790161,0.2769252061843872,3.709751605987549
614,1,1,1,0.26527124643325806,3.5998103618621826,0.3136260211467743,3.6982333660125732,0.3868582546710968,3.6404359340667725,0.2956991195678711,3.6316640377044678
615,1,1,1,0.2841647267341614,3.6605210304260254,0.26116567850112915,3.8242363929748535,0.27723413705825806,3.7945797443389893,0.22285553812980652,3.800751209259033
616,1,1,1,0.31910672783851624,3.6469099521636963,0.2734125852584839,3.801476001739502,0.2731684446334839,3.7485134601593018,0.20551657676696777,3.774049758911133
617,1,1,1,0.3113490343093872,3.639976739883423,0.2813546359539032,3.7777719497680664,0.29345703125,3.739311933517456,0.22138074040412903,3.743248224258423
618,1,1,1,0.30680006742477417,3.632040023803711,0.28653639554977417,3.7632718086242676,0.29866868257522583,3.7011544704437256,0.2302495241165161,3.7098588943481445
619,1,1,1,0.27320829033851624,3.607980489730835,0.3069744408130646,3.7119345664978027,0.36840322613716125,3.6647281646728516,0.27696508169174194,3.6451752185821533
620,1,1,1,0.3913997709751129,3.631438970565796,0.2661730647087097,3.7827861309051514,0.24160952866077423,3.8167121410369873,0.17783401906490326,3.898240566253662
621,1,1,1,0.3216378390789032,3.665497064590454,0.2591727077960968,3.8310744762420654,0.25392618775367737,3.7831411361694336,0.19826211035251617,3.8115198612213135
622,1,1,1,0.3204943537712097,3.6707241535186768,0.2516392171382904,3.864528179168701,0.23385681211948395,3.8920657634735107,0.18953284621238708,4.008096694946289
623,1,1,1,0.24783013761043549,3.5944249629974365,0.3089524805545807,3.6971843242645264,0.3922891318798065,3.660553216934204,0.31002870202064514,3.642517328262329
624,1,1,1,0.31312280893325806,3.6356194019317627,0.28960558772087097,3.767242908477783,0.314662367105484,3.7077620029449463,0.2331792116165161,3.698803424835205
625,1,1,1,0.2791648209095001,3.6243228912353516,0.29473254084587097,3.7427730560302734,0.3358179032802582,3.685549020767212,0.26727917790412903,3.6794421672821045
626,1,1,1,0.3273651599884033,3.6507110595703125,0.25798189640045166,3.833674430847168,0.23343829810619354,3.7989840507507324,0.18720105290412903,3.849675178527832
627,1,1,1,0.37371203303337097,3.6341867446899414,0.27109572291374207,3.777632713317871,0.25341796875,3.7806613445281982,0.1828961968421936,3.834150552749634
628,1,1,1,0.3365328907966614,3.6625657081604004,0.257568359375,3.840468168258667,0.23036909103393555,3.826671838760376,0.17956791818141937,3.879134178161621
629,1,1,1,0.3182871341705322,3.662813186645508,0.2613251209259033,3.83042573928833,0.24807676672935486,3.767061710357666,0.194196417927742,3.790332555770874
630,1,1,1,0.25819864869117737,3.6347365379333496,0.28008410334587097,3.7719428539276123,0.32494619488716125,3.7395198345184326,0.2596460282802582,3.7328829765319824
631,1,1,1,0.32082319259643555,3.6493659019470215,0.2648477256298065,3.8089962005615234,0.2639508843421936,3.800022602081299,0.20463965833187103,3.84729266166687
632,1,1,1,0.33342882990837097,3.6652371883392334,0.2603485584259033,3.8399901390075684,0.23937737941741943,3.813504219055176,0.1859056055545807,3.843803644180298
633,1,1,1,0.26495733857154846,3.6400392055511475,0.2765614986419678,3.7860090732574463,0.31656569242477417,3.7531793117523193,0.2559390962123871,3.751596212387085
634,1,1,1,0.2778918147087097,3.6194732189178467,0.28892797231674194,3.746917486190796,0.33151307702064514,3.6836299896240234,0.2629743218421936,3.664039373397827
635,1,1,1,0.3265879154205322,3.675555944442749,0.24625317752361298,3.8759710788726807,0.2097417116165161,3.8681585788726807,0.16244818270206451,3.9430744647979736
636,1,1,1,0.2763597071170807,3.6250619888305664,0.2967604100704193,3.738771915435791,0.3434012234210968,3.6911580562591553,0.2619977593421936,3.686368465423584
637,1,1,1,0.31307047605514526,3.655698776245117,0.2606824040412903,3.8293004035949707,0.24164938926696777,3.7962887287139893,0.19941803812980652,3.8141114711761475
638,1,1,1,0.3254494071006775,3.669215679168701,0.2532336115837097,3.8508410453796387,0.2343152016401291,3.8439652919769287,0.18921396136283875,3.8791868686676025
639,1,1,1,0.3608647584915161,3.6286468505859375,0.27315348386764526,3.7758240699768066,0.2588388919830322,3.7844080924987793,0.1981823891401291,3.853781223297119
640,1,1,1,0.2874332368373871,3.6472463607788086,0.27416494488716125,3.800058126449585,0.29020845890045166,3.736119270324707,0.22741948068141937,3.771711587905884
641,1,1,1,0.3721923828125,3.6505980491638184,0.24435485899448395,3.8542299270629883,0.19888989627361298,3.9121198654174805,0.1418805718421936,4.074589252471924
642,1,1,1,0.26527124643325806,3.5998103618621826,0.3136260211467743,3.6982333660125732,0.3868582546710968,3.6404359340667725,0.2956991195678711,3.6316640377044678
643,1,1,1,0.30165067315101624,3.6395506858825684,0.2784697711467743,3.7860262393951416,0.28602319955825806,3.730376720428467,0.22211813926696777,3.7335128784179688
644,1,1,1,0.31869569420814514,3.657914161682129,0.2716388404369354,3.805077075958252,0.27459341287612915,3.77848744392395,0.20539699494838715,3.799534320831299
645,1,1,1,0.3399159908294678,3.6475942134857178,0.262939453125,3.8100733757019043,0.25574976205825806,3.7770893573760986,0.19732540845870972,3.784264326095581
646,1,1,1,0.2873609960079193,3.6568760871887207,0.26736387610435486,3.8170366287231445,0.27730387449264526,3.780149459838867,0.22562579810619354,3.7758147716522217
647,1,1,1,0.4955954849720001,3.545743465423584,0.29798609018325806,3.5475447177886963,0.2974529564380646,3.58673357963562,0.2214803844690323,3.7349050045013428
648,1,1,1,0.3036611080169678,3.65767240524292,0.2635074555873871,3.814774990081787,0.26782724261283875,3.7787699699401855,0.21412627398967743,3.817014217376709
649,1,1,1,0.38015684485435486,3.620873212814331,0.2813795506954193,3.7514431476593018,0.2720224857330322,3.7446699142456055,0.1918247789144516,3.7969870567321777
650,1,1,1,0.2759411931037903,3.6323297023773193,0.27841994166374207,3.787419557571411,0.2959482669830322,3.7283411026000977,0.23852039873600006,3.7637031078338623
651,1,1,1,0.31770169734954834,3.6492457389831543,0.2768654227256775,3.7874855995178223,0.2811702787876129,3.742309331893921,0.2085060477256775,3.7600841522216797
652,1,1,1,0.26527124643325806,3.5998103618621826,0.3136260211467743,3.6982333660125732,0.3868582546710968,3.6404359340667725,0.2956991195678711,3.6316640377044678
653,1,1,1,0.2992292046546936,3.636791944503784,0.28031328320503235,3.76813006401062,0.30240553617477417,3.714963674545288,0.23387674987316132,3.7260332107543945
654,1,1,1,0.48510241508483887,3.5502967834472656,0.29288405179977417,3.55892014503479,0.2901785671710968,3.5884616374969482,0.21912866830825806,3.7396090030670166
655,1,1,1,0.31408441066741943,3.6678035259246826,0.24782265722751617,3.8667242527008057,0.2170061320066452,3.9049456119537354,0.18030531704425812,4.0084004402160645
656,1,1,1,0.2976323366165161,3.6209487915039062,0.28839483857154846,3.748730182647705,0.32391980290412903,3.696640729904175,0.24746890366077423,3.6801159381866455
657,1,1,1,0.26527124643325806,3.5998103618621826,0.3136260211467743,3.6982333660125732,0.3868582546710968,3.6404359340667725,0.2956991195678711,3.6316640377044678
658,1,1,1,0.2764269709587097,3.6139779090881348,0.2986786365509033,3.730741024017334,0.3539441227912903,3.689349412918091,0.2682158648967743,3.664214611053467
659,1,1,1,0.3946956694126129,3.6447794437408447,0.2550821006298065,3.8233652114868164,0.21011041104793549,3.876737117767334,0.14459103345870972,4.028532028198242
660,1,1,1,0.3122732937335968,3.6685733795166016,0.2566864490509033,3.8349313735961914,0.24621331691741943,3.802816867828369,0.1964285671710968,3.8190948963165283
661,1,1,1,0.27446138858795166,3.617766857147217,0.2862573564052582,3.755086660385132,0.3300282955169678,3.726773262023926,0.2495814710855484,3.7592430114746094
662,1,1,1,0.26527124643325806,3.5998103618621826,0.3136260211467743,3.6982333660125732,0.3868582546710968,3.6404359340667725,0.2956991195678711,3.6316640377044678
663,1,1,1,0.36128824949264526,3.6580634117126465,0.25488778948783875,3.8395917415618896,0.21694634854793549,3.8228836059570312,0.16254782676696777,3.8581411838531494
664,1,1,1,0.26527124643325806,3.5998103618621826,0.3136260211467743,3.6982333660125732,0.3868582546710968,3.6404359340667725,0.2956991195678711,3.6316640377044678
665,1,1,1,0.28043535351753235,3.6147518157958984,0.2902682423591614,3.7585225105285645,0.32432836294174194,3.6963467597961426,0.24750876426696777,3.731459856033325
666,1,1,1,0.31541723012924194,3.661695957183838,0.26476800441741943,3.8116672039031982,0.25785234570503235,3.7568016052246094,0.19876036047935486,3.76285982131958
667,1,1,1,0.24282525479793549,3.630047559738159,0.28397539258003235,3.767786741256714,0.3452746272087097,3.754798173904419,0.29029813408851624,3.764451503753662
668,1,1,1,0.2407575249671936,3.584176540374756,0.31380540132522583,3.6934521198272705,0.4079340696334839,3.662261486053467,0.3296595811843872,3.6520767211914062
669,1,1,1,0.26527124643325806,3.5998103618621826,0.3136260211467743,3.6982333660125732,0.3868582546710968,3.6404359340667725,0.2956991195678711,3.6316640377044678
670,1,1,1,0.26527124643325806,3.5998103618621826,0.3136260211467743,3.6982333660125732,0.3868582546710968,3.6404359340667725,0.2956991195678711,3.6316640377044678
671,1,1,1,0.2657545506954193,3.6204018592834473,0.29200711846351624,3.7376081943511963,0.35562819242477417,3.6961164474487305,0.27132493257522583,3.682238817214966
672,1,1,1,0.34910115599632263,3.650486707687378,0.2641103267669678,3.817197322845459,0.25067761540412903,3.800842761993408,0.18465003371238708,3.829249858856201
673,1,1,1,0.3275644779205322,3.6563918590545654,0.2686842381954193,3.8138561248779297,0.2618483006954193,3.7646231651306152,0.18963249027729034,3.772779703140259
674,1,1,1,0.33203125,3.6551170349121094,0.2602040767669678,3.8330843448638916,0.23687618970870972,3.820537567138672,0.18530771136283875,3.8698644638061523
675,1,1,1,0.2949069142341614,3.625758171081543,0.2950713336467743,3.748015880584717,0.3324398100376129,3.6851112842559814,0.2487444132566452,3.6630077362060547
676,1,1,1,0.3216378390789032,3.644592046737671,0.27441903948783875,3.784919261932373,0.2815190553665161,3.7369296550750732,0.20631377398967743,3.7369589805603027
677,1,1,1,0.28688517212867737,3.6298129558563232,0.28839483857154846,3.753774881362915,0.32559388875961304,3.707994222640991,0.25400587916374207,3.7222440242767334
678,1,1,1,0.2785046696662903,3.5975544452667236,0.32665517926216125,3.69577956199646,0.380859375,3.610151767730713,0.28344228863716125,3.615665912628174
679,1,1,1,0.26527124643325806,3.5998103618621826,0.3136260211467743,3.6982333660125732,0.3868582546710968,3.6404359340667725,0.2956991195678711,3.6316640377044678
680,1,1,1,0.29500657320022583,3.662450075149536,0.2598353624343872,3.827516794204712,0.2742645740509033,3.7957708835601807,0.22006537020206451,3.810903787612915
681,1,1,1,0.24847038090229034,3.604583978652954,0.3064911365509033,3.7090742588043213,0.38439691066741943,3.6766817569732666,0.3051060140132904,3.6717617511749268
682,1,1,1,0.3650076687335968,3.5901293754577637,0.3100835084915161,3.672386884689331,0.33254942297935486,3.621598958969116,0.25087690353393555,3.6641244888305664
683,1,1,1,0.3146449327468872,3.648395538330078,0.2745186984539032,3.7978475093841553,0.2734375,3.7466471195220947,0.20344386994838715,3.7796826362609863
684,1,1,1,0.2786267399787903,3.6157023906707764,0.29854410886764526,3.734691858291626,0.3492705523967743,3.681426525115967,0.2677176296710968,3.6731183528900146
685,1,1,1,0.2703433930873871,3.651716709136963,0.2676279544830322,3.8147222995758057,0.29279935359954834,3.8018240928649902,0.23879942297935486,3.8269906044006348
686,1,1,1,0.27388840913772583,3.6282460689544678,0.28282445669174194,3.7729899883270264,0.3137057423591614,3.7395572662353516,0.26761797070503235,3.738903760910034
687,1,1,1,0.28319066762924194,3.6568639278411865,0.2657395899295807,3.811962127685547,0.2781110405921936,3.7678885459899902,0.23044881224632263,3.7815446853637695
688,1,1,1,0.3255540430545807,3.6693220138549805,0.26201769709587097,3.8455162048339844,0.24106146395206451,3.8174526691436768,0.17895008623600006,3.8872926235198975
689,1,1,1,0.2833949327468872,3.632655620574951,0.2830486595630646,3.763241767883301,0.319545179605484,3.7205851078033447,0.24649234116077423,3.710543394088745
690,1,1,1,0.33368292450904846,3.6651411056518555,0.25258588790893555,3.8488214015960693,0.2292231321334839,3.8327174186706543,0.17468510568141937,3.8721048831939697
691,1,1,1,0.28069445490837097,3.6523213386535645,0.27223673462867737,3.807976007461548,0.28352200984954834,3.764832019805908,0.22644291818141937,3.8045239448547363
692,1,1,1,0.3225695490837097,3.645634174346924,0.2771095633506775,3.7998993396759033,0.27898794412612915,3.731614112854004,0.20774872601032257,3.732828140258789
693,1,1,1,0.26841267943382263,3.5900800228118896,0.3213388919830322,3.6993207931518555,0.3941226899623871,3.6401607990264893,0.30666056275367737,3.621368646621704
694,1,1,1,0.24447943270206451,3.6046812534332275,0.2979910671710968,3.72558856010437,0.376953125,3.6930315494537354,0.29683512449264526,3.705854654312134
695,1,1,1,0.29171067476272583,3.6515138149261475,0.2787388265132904,3.795384645462036,0.3086834251880646,3.7621138095855713,0.23132573068141937,3.7759110927581787
696,1,1,1,0.3074527680873871,3.659147262573242,0.26509684324264526,3.8163177967071533,0.26335299015045166,3.7762601375579834,0.21014030277729034,3.789738178253174
697,1,1,1,0.37924256920814514,3.606571674346924,0.27766263484954834,3.7260801792144775,0.2890625,3.756136178970337,0.20896443724632263,3.8273725509643555
698,2,2,1,0.38980787992477417,3.669090986251831,0.23721997439861298,3.893091917037964,0.16394291818141937,3.963834285736084,0.11033163219690323,4.103865623474121
699,2,2,1,0.3633260726928711,3.674853563308716,0.22703583538532257,3.893519401550293,0.17643892765045166,3.921156644821167,0.12498006969690323,4.063466548919678
700,2,2,1,0.4225202202796936,3.6293580532073975,0.249267578125,3.7868237495422363,0.19673748314380646,3.84141206741333,0.1375558078289032,4.018835067749023
701,2,1,0,0.40824297070503235,3.6386265754699707,0.2572644352912903,3.800887107849121,0.21578045189380646,3.8288538455963135,0.15056999027729034,3.981734037399292
702,2,2,1,0.40730127692222595,3.673137903213501,0.23682138323783875,3.8843281269073486,0.16408242285251617,3.925361394882202,0.11583226919174194,4.033379077911377
703,2,2,1,0.38589662313461304,3.6709275245666504,0.23115134239196777,3.896061897277832,0.17029057443141937,3.939727306365967,0.11752630770206451,4.084280014038086
704,2,2,1,0.3771897852420807,3.6688132286071777,0.22337870299816132,3.897352457046509,0.16119259595870972,3.9531404972076416,0.11208545416593552,4.102773666381836
705,2,2,1,0.39652174711227417,3.6671042442321777,0.2291782945394516,3.8898189067840576,0.16074417531490326,3.947740316390991,0.1159319207072258,4.039710998535156
706,2,2,1,0.40445631742477417,3.6755199432373047,0.2360491007566452,3.880403518676758,0.16468031704425812,3.8912622928619385,0.11712770909070969,4.034371376037598
707,2,2,1,0.3975854814052582,3.671842336654663,0.23690110445022583,3.8923802375793457,0.16958306729793549,3.9577505588531494,0.11842314898967743,4.0856614112854
708,2,2,1,0.37570253014564514,3.6657516956329346,0.23127590119838715,3.901719093322754,0.16180045902729034,3.95060658454895,0.11268335580825806,4.136009693145752
709,2,2,1,0.40282952785491943,3.669261932373047,0.2409319132566452,3.874079704284668,0.17560188472270966,3.9046077728271484,0.1184430792927742,4.039037704467773
710,2,2,1,0.3961978852748871,3.6764779090881348,0.23687618970870972,3.8935678005218506,0.16167090833187103,3.9333086013793945,0.11180643737316132,4.080570220947266
711,2,2,1,0.39748334884643555,3.6746411323547363,0.23581990599632263,3.8976969718933105,0.1610032618045807,3.900724172592163,0.1153738796710968,4.020901679992676
712,2,2,1,0.42265474796295166,3.6249728202819824,0.24723473191261292,3.7979483604431152,0.1905691921710968,3.8557310104370117,0.13157685101032257,4.0227203369140625
713,2,2,1,0.39669862389564514,3.683706045150757,0.2325962632894516,3.9129018783569336,0.16010642051696777,3.9365780353546143,0.11346061527729034,4.047251224517822
714,2,2,1,0.4059908986091614,3.646249532699585,0.23817163705825806,3.8478097915649414,0.16962292790412903,3.909763813018799,0.11587212979793549,4.084451198577881
715,2,2,1,0.39231154322624207,3.665963888168335,0.23907843232154846,3.883690357208252,0.16744060814380646,3.929774522781372,0.11051099747419357,4.0393147468566895
716,2,2,1,0.365687757730484,3.6774439811706543,0.21818199753761292,3.9301438331604004,0.1539480984210968,3.9654994010925293,0.10520966351032257,4.087516784667969
717,2,2,1,0.43540486693382263,3.6310741901397705,0.2588837146759033,3.791893720626831,0.2055763602256775,3.8157052993774414,0.14363440871238708,3.9786319732666016
718,2,2,1,0.38561761379241943,3.6787455081939697,0.2358497977256775,3.897752285003662,0.1616908460855484,3.900899887084961,0.10971380770206451,4.050499439239502
719,2,2,1,0.39149442315101624,3.6651394367218018,0.2260044664144516,3.889880895614624,0.16289660334587097,3.9298341274261475,0.11726721376180649,4.055914402008057
720,2,2,1,0.40417978167533875,3.678989887237549,0.23469386994838715,3.89748215675354,0.15191525220870972,3.8758280277252197,0.10331632196903229,3.957368850708008
721,2,2,1,0.36895376443862915,3.6638104915618896,0.22121132910251617,3.8891615867614746,0.16275709867477417,3.958611488342285,0.11754623800516129,4.116140842437744
722,2,2,1,0.38153699040412903,3.6726584434509277,0.23320910334587097,3.889843225479126,0.16548748314380646,3.9539952278137207,0.11178650707006454,4.083259105682373
723,2,2,1,0.3684580326080322,3.6806938648223877,0.23085737228393555,3.9190011024475098,0.16759008169174194,3.972172737121582,0.11320152878761292,4.137852191925049
724,2,2,1,0.37695810198783875,3.6637322902679443,0.2240513414144516,3.883272647857666,0.16785913705825806,3.942534923553467,0.11860251426696777,4.073936939239502
725,2,2,1,0.39619287848472595,3.6583456993103027,0.23290018737316132,3.879321336746216,0.16416214406490326,3.9275827407836914,0.1163504421710968,3.9869818687438965
726,2,2,1,0.3977150321006775,3.6659483909606934,0.2409418821334839,3.8770627975463867,0.1633549928665161,3.927286148071289,0.11238440126180649,4.124490261077881
727,2,2,1,0.39970552921295166,3.6698122024536133,0.23884426057338715,3.8897511959075928,0.16575653851032257,3.915053606033325,0.11154735088348389,4.044666767120361
728,2,2,1,0.4293711185455322,3.62152099609375,0.2532535493373871,3.7832536697387695,0.190778449177742,3.8280491828918457,0.1361607164144516,4.030298709869385
729,2,2,1,0.3916812837123871,3.667111873626709,0.22883449494838715,3.8891091346740723,0.1614217907190323,3.9431445598602295,0.11375956237316132,4.062718868255615
730,2,2,1,0.39116060733795166,3.668292760848999,0.23219765722751617,3.893247127532959,0.16551737487316132,3.9229378700256348,0.11720743030309677,4.0244855880737305
731,2,2,1,0.41176557540893555,3.6716055870056152,0.23767836391925812,3.8804268836975098,0.16437141597270966,3.9128828048706055,0.11465640366077423,4.072136402130127
732,2,2,1,0.396693617105484,3.662299871444702,0.24082230031490326,3.8765671253204346,0.17840202152729034,3.925096273422241,0.1184430792927742,4.053508281707764
733,2,2,1,0.400288462638855,3.6730127334594727,0.23272082209587097,3.891303300857544,0.16081392765045166,3.916470527648926,0.11164700239896774,4.021599292755127
734,2,2,1,0.4079614579677582,3.6772756576538086,0.2361188530921936,3.897531032562256,0.16243821382522583,3.912459373474121,0.11521444469690323,4.028541564941406
735,2,2,1,0.3836669921875,3.670423984527588,0.23499780893325806,3.8814587593078613,0.1781529039144516,3.9292426109313965,0.12189093977212906,4.072596549987793
736,2,2,1,0.4033800959587097,3.659850597381592,0.23872967064380646,3.871081590652466,0.15978755056858063,3.913065195083618,0.11039142310619354,4.021844863891602
737,2,2,1,0.37044602632522583,3.6718292236328125,0.22606922686100006,3.9030702114105225,0.16540776193141937,3.9600577354431152,0.10901626199483871,4.102924823760986
738,2,2,1,0.39883360266685486,3.6732876300811768,0.23478853702545166,3.8959743976593018,0.16247807443141937,3.9018704891204834,0.11009246855974197,4.007965087890625
739,2,2,1,0.4076426029205322,3.658567190170288,0.2437918484210968,3.869098663330078,0.1591796875,3.9057843685150146,0.10064572840929031,4.06257438659668
740,2,2,1,0.3864297568798065,3.6494429111480713,0.22491827607154846,3.8610384464263916,0.16102319955825806,3.952348470687866,0.11310187727212906,4.070484638214111
741,2,2,1,0.42556947469711304,3.6399691104888916,0.2512057423591614,3.8139355182647705,0.19193439185619354,3.875188112258911,0.12832827866077423,4.024848461151123
742,2,2,1,0.41105058789253235,3.6633009910583496,0.2402592897415161,3.873727321624756,0.1649693101644516,3.9276955127716064,0.11511479318141937,4.041551113128662
743,2,2,1,0.39153677225112915,3.6662509441375732,0.22934769093990326,3.885924816131592,0.16346460580825806,3.931114435195923,0.11501514166593552,4.050771236419678
744,2,2,1,0.3970000445842743,3.6731531620025635,0.23610390722751617,3.8913626670837402,0.1611328125,3.9246134757995605,0.10861766338348389,4.0344953536987305
745,2,2,1,0.40656885504722595,3.666182518005371,0.23845064640045166,3.8878140449523926,0.16214923560619354,3.906649351119995,0.11222496628761292,4.03143310546875
746,2,2,1,0.4269321858882904,3.6219847202301025,0.24951171875,3.7817604541778564,0.1873704493045807,3.817741870880127,0.13331075012683868,4.0049333572387695
747,2,2,1,0.40483248233795166,3.668947696685791,0.2369559109210968,3.894991397857666,0.1559809446334839,3.9196319580078125,0.1086774542927742,4.018338680267334
748,2,2,1,0.39429208636283875,3.6723995208740234,0.2354661524295807,3.904758930206299,0.17149633169174194,3.937129497528076,0.11924026906490326,4.045629501342773
749,2,2,1,0.3968680202960968,3.662511110305786,0.23126095533370972,3.8657114505767822,0.16752032935619354,3.919100522994995,0.11806441098451614,4.028528213500977
750,2,2,1,0.39759546518325806,3.670027256011963,0.23044881224632263,3.8911614418029785,0.15755540132522583,3.917715549468994,0.11156728118658066,4.025723457336426
751,2,2,1,0.4362693130970001,3.623411178588867,0.25831571221351624,3.7842800617218018,0.19858099520206451,3.8379666805267334,0.1370774805545807,4.005960941314697
752,2,2,1,0.381312757730484,3.6764447689056396,0.22620874643325806,3.9051783084869385,0.15745575726032257,3.934687614440918,0.10754144936800003,4.026315689086914
753,2,2,1,0.3796660602092743,3.674267292022705,0.22506774961948395,3.9059815406799316,0.15811343491077423,3.960357904434204,0.11431760340929031,4.122908115386963
754,2,2,1,0.39993470907211304,3.6620030403137207,0.23909339308738708,3.8646299839019775,0.16931401193141937,3.9101877212524414,0.11740672588348389,4.071295261383057
755,2,2,1,0.3760811984539032,3.6760706901550293,0.23536650836467743,3.900548219680786,0.17435626685619354,3.958907127380371,0.11541374027729034,4.094802379608154
756,2,2,1,0.4306391477584839,3.628194808959961,0.25669142603874207,3.7833032608032227,0.2013811320066452,3.829580783843994,0.13875159621238708,4.002872943878174
757,2,2,1,0.3608846664428711,3.6836092472076416,0.22202347218990326,3.912771224975586,0.16215918958187103,3.9630677700042725,0.11098931729793549,4.10378885269165
758,2,2,1,0.4042370915412903,3.6670241355895996,0.23585976660251617,3.8847014904022217,0.1646902859210968,3.951533794403076,0.12037627398967743,4.072185516357422
759,2,2,1,0.38839036226272583,3.665355920791626,0.22913843393325806,3.8855812549591064,0.16597576439380646,3.9278337955474854,0.11987802386283875,4.066833019256592
760,2,2,1,0.4120146930217743,3.6707098484039307,0.239606574177742,3.883219003677368,0.16312579810619354,3.915088653564453,0.11164700239896774,4.044448375701904
761,2,2,1,0.3871746361255646,3.659621000289917,0.23414580523967743,3.8722176551818848,0.17318040132522583,3.9029288291931152,0.12282764166593552,4.083076477050781
762,2,2,1,0.3952387571334839,3.66335129737854,0.23472875356674194,3.885716676712036,0.16638432443141937,3.947415590286255,0.11423788219690323,4.053558826446533
763,2,2,1,0.39192041754722595,3.659210443496704,0.2243054360151291,3.873875379562378,0.1602260023355484,3.952857732772827,0.11780532449483871,4.066147804260254
764,2,2,1,0.401210218667984,3.6701748371124268,0.23591956496238708,3.8933684825897217,0.16478992998600006,3.94146466255188,0.11429767310619354,4.080209255218506
765,2,2,1,0.3977499008178711,3.660879373550415,0.2339315563440323,3.8732082843780518,0.16645407676696777,3.912476062774658,0.11613121628761292,4.059378623962402
766,2,2,1,0.4383993148803711,3.6355831623077393,0.2582111060619354,3.7990119457244873,0.19632892310619354,3.86808443069458,0.1369977593421936,4.03069543838501
767,2,2,1,0.38958117365837097,3.6792001724243164,0.23290018737316132,3.9070682525634766,0.15893055498600006,3.9502789974212646,0.10600685328245163,4.085918426513672
768,2,2,1,0.4110879600048065,3.663283109664917,0.24015963077545166,3.8657288551330566,0.17009127140045166,3.917921304702759,0.12043606489896774,4.053946495056152
769,2,2,1,0.41209691762924194,3.6656126976013184,0.24071766436100006,3.8696210384368896,0.16902503371238708,3.9041385650634766,0.12163185328245163,4.044240474700928
770,2,2,1,0.38025400042533875,3.669562339782715,0.22812201082706451,3.8976521492004395,0.1593989133834839,3.9526755809783936,0.1047712042927742,4.089785099029541
771,2,2,1,0.43759217858314514,3.6276919841766357,0.2577078640460968,3.795487403869629,0.2022879421710968,3.8566503524780273,0.13819356262683868,4.049899101257324
772,2,2,1,0.41514119505882263,3.651508331298828,0.2456503063440323,3.839259386062622,0.1757912039756775,3.9129867553710938,0.12366469949483871,4.094762325286865
773,2,2,1,0.40876612067222595,3.6650760173797607,0.24091696739196777,3.8784563541412354,0.15788424015045166,3.915677785873413,0.10931520909070969,4.072743892669678
774,2,2,1,0.4156917631626129,3.6380181312561035,0.24564532935619354,3.8145713806152344,0.1889747977256775,3.866114854812622,0.1319754421710968,4.002869129180908
775,2,2,1,0.40830525755882263,3.6653873920440674,0.23803211748600006,3.883262872695923,0.16411231458187103,3.9193637371063232,0.11525430530309677,4.042192459106445
776,2,2,1,0.3719831109046936,3.662670612335205,0.2351522594690323,3.864819049835205,0.18802814185619354,3.9339656829833984,0.1325932741165161,4.087178707122803
777,2,2,1,0.3997354209423065,3.6804440021514893,0.23550103604793549,3.8887150287628174,0.16457070410251617,3.9114744663238525,0.1099330335855484,4.030819416046143
778,2,2,1,0.4054204225540161,3.672567844390869,0.23597437143325806,3.89398455619812,0.16307596862316132,3.912862777709961,0.11350047588348389,4.044600486755371
779,2,2,1,0.39980268478393555,3.6645522117614746,0.23607401549816132,3.8824634552001953,0.1667131632566452,3.922653913497925,0.11435745656490326,4.03781795501709
780,2,2,1,0.3832683861255646,3.6677544116973877,0.24013970792293549,3.889972448348999,0.18224848806858063,3.9551641941070557,0.12432238459587097,4.0992302894592285
781,2,2,1,0.392720103263855,3.6696672439575195,0.22932776808738708,3.8985161781311035,0.160016730427742,3.9462573528289795,0.11678890138864517,4.088566780090332
782,2,2,1,0.39667370915412903,3.6553056240081787,0.2344098687171936,3.8654961585998535,0.17000159621238708,3.9371042251586914,0.11924026906490326,4.049473285675049
783,2,2,1,0.39123037457466125,3.6707143783569336,0.22618383169174194,3.90259051322937,0.15586136281490326,3.9538393020629883,0.10837850719690323,4.09691047668457
784,2,2,1,0.3859165608882904,3.666031837463379,0.22718530893325806,3.890453338623047,0.16065450012683868,3.9444236755371094,0.11017218977212906,4.072720527648926
785,2,2,1,0.4117157459259033,3.6667916774749756,0.2390385866165161,3.8746039867401123,0.16377350687980652,3.9274110794067383,0.11613121628761292,4.058692455291748
786,2,2,1,0.4050990343093872,3.664442539215088,0.24436482787132263,3.876786708831787,0.17335976660251617,3.898200750350952,0.11706791818141937,4.013789653778076
787,2,2,1,0.4028943181037903,3.6711082458496094,0.23506256937980652,3.902179002761841,0.15342992544174194,3.9319348335266113,0.10241948068141937,4.0531229972839355
788,2,2,1,0.40096360445022583,3.6706056594848633,0.23880939185619354,3.8749008178710938,0.167340949177742,3.904186248779297,0.11979831010103226,4.047246932983398
789,2,2,1,0.40015894174575806,3.6711325645446777,0.22960180044174194,3.8963804244995117,0.15963807702064514,3.926342010498047,0.11447703838348389,4.060236930847168
790,2,2,1,0.4289226830005646,3.631382465362549,0.2516193091869354,3.8002216815948486,0.19013074040412903,3.85298752784729,0.13659916818141937,4.00014591217041
791,2,2,1,0.382411390542984,3.6688272953033447,0.22477379441261292,3.8979451656341553,0.15564213693141937,3.930469274520874,0.11220503598451614,4.061811923980713
792,2,2,1,0.37945929169654846,3.675429105758667,0.23416075110435486,3.906334400177002,0.16855667531490326,3.9354419708251953,0.11585219949483871,4.076380729675293
793,2,2,1,0.3907321095466614,3.6596405506134033,0.24096180498600006,3.8678300380706787,0.16283680498600006,3.92313814163208,0.11401864886283875,4.066421985626221
794,2,2,1,0.38623046875,3.6750173568725586,0.22751912474632263,3.896198272705078,0.15895049273967743,3.93774676322937,0.11013232916593552,4.067137241363525
795,2,2,1,0.4190250337123871,3.634084463119507,0.2387346476316452,3.814087390899658,0.177594855427742,3.8627538681030273,0.12452168017625809,4.017125606536865
796,2,2,1,0.386962890625,3.666072130203247,0.23499281704425812,3.893350839614868,0.17004145681858063,3.9571611881256104,0.11519451439380646,4.0567474365234375
797,2,2,1,0.38520655035972595,3.663372755050659,0.2313755601644516,3.870063304901123,0.17052973806858063,3.9389936923980713,0.11888153105974197,4.070242881774902
798,2,2,1,0.4144012928009033,3.649172782897949,0.24519690871238708,3.8338820934295654,0.18836694955825806,3.867375612258911,0.13647958636283875,3.9493281841278076
799,2,2,1,0.3858916461467743,3.6753129959106445,0.22463926672935486,3.910038709640503,0.15823301672935486,3.974494695663452,0.11084980517625809,4.115785598754883
800,2,2,1,0.4088134765625,3.6606662273406982,0.24270567297935486,3.857222080230713,0.16836734116077423,3.89003324508667,0.11784518510103226,3.9979705810546875
801,2,2,1,0.4093366265296936,3.6645872592926025,0.24164938926696777,3.879917621612549,0.17099808156490326,3.9142191410064697,0.118582583963871,4.052605152130127
802,2,2,1,0.40284696221351624,3.666437864303589,0.23916812241077423,3.8777551651000977,0.17031049728393555,3.9246387481689453,0.11726721376180649,4.052855014801025
803,2,2,1,0.3762979209423065,3.6671807765960693,0.23591457307338715,3.8832075595855713,0.18685227632522583,3.935736656188965,0.13171635568141937,4.07595682144165
804,2,2,1,0.4085867702960968,3.6693737506866455,0.24085718393325806,3.8932790756225586,0.16673310101032257,3.9410111904144287,0.11754623800516129,4.067480564117432
805,2,2,1,0.38687071204185486,3.6682980060577393,0.23167948424816132,3.8924708366394043,0.16360411047935486,3.929772138595581,0.11491549760103226,4.090357303619385
806,2,2,1,0.39518144726753235,3.671504020690918,0.2353864312171936,3.897233486175537,0.15984733402729034,3.9092326164245605,0.1079799085855484,4.019749164581299
807,2,2,1,0.4051438868045807,3.6599109172821045,0.24029415845870972,3.865016222000122,0.16932398080825806,3.9216690063476562,0.11605149507522583,4.031083583831787
808,2,2,1,0.38433215022087097,3.6809377670288086,0.23687121272087097,3.9122231006622314,0.1737583726644516,3.974135398864746,0.11633051186800003,4.132602214813232
809,2,2,1,0.38382890820503235,3.67926025390625,0.22428052127361298,3.9180922508239746,0.15426698327064514,3.939086675643921,0.10550861060619354,4.012089252471924
810,2,2,1,0.4006272852420807,3.671827793121338,0.23499281704425812,3.8929057121276855,0.1584921032190323,3.925180673599243,0.10935506969690323,4.081465244293213
811,2,2,1,0.4045434892177582,3.677196979522705,0.23580993711948395,3.8964459896087646,0.16291652619838715,3.9169368743896484,0.1148158460855484,4.018399715423584
812,2,2,1,0.37770795822143555,3.6796953678131104,0.22664222121238708,3.9150545597076416,0.15963807702064514,3.9585518836975098,0.1100725457072258,4.1256561279296875
813,2,2,1,0.38228684663772583,3.668126344680786,0.2314203977584839,3.8798201084136963,0.18703164160251617,3.9155521392822266,0.1282884180545807,4.0450520515441895
814,2,2,1,0.4365259110927582,3.6256356239318848,0.2583256959915161,3.791231870651245,0.19557158648967743,3.8393967151641846,0.14307637512683868,4.010168552398682
815,2,2,1,0.39135244488716125,3.675043821334839,0.22907863557338715,3.919437885284424,0.15382851660251617,3.951674461364746,0.10893654078245163,4.077021598815918
816,2,2,1,0.39258310198783875,3.678321599960327,0.23636798560619354,3.9012858867645264,0.16267737746238708,3.949280261993408,0.1067243292927742,4.097478866577148
817,2,2,1,0.3873016834259033,3.683480739593506,0.2307228446006775,3.9129505157470703,0.16039539873600006,3.9060635566711426,0.1120256707072258,3.993417501449585
818,2,2,1,0.4321787357330322,3.616434097290039,0.25477319955825806,3.7666327953338623,0.20281608402729034,3.827150821685791,0.13946907222270966,3.966561794281006
819,2,2,1,0.4070895314216614,3.6656978130340576,0.2387346476316452,3.8814148902893066,0.16270726919174194,3.910154342651367,0.11527423560619354,4.021092891693115
820,2,2,1,0.4149692952632904,3.667837381362915,0.24629803001880646,3.8645641803741455,0.17518335580825806,3.8953356742858887,0.11898118257522583,3.990954875946045
821,2,2,1,0.4064168930053711,3.6446895599365234,0.23020467162132263,3.842975616455078,0.16259765625,3.9366304874420166,0.11652981489896774,4.079014778137207
822,2,2,1,0.4042719602584839,3.670830249786377,0.2368512749671936,3.887540340423584,0.16395288705825806,3.8933932781219482,0.11824377626180649,4.034552574157715
823,2,2,1,0.38858217000961304,3.674945592880249,0.22869499027729034,3.894073963165283,0.16408242285251617,3.9458277225494385,0.1198381707072258,4.094461917877197
824,2,2,1,0.4022814631462097,3.6771345138549805,0.23837092518806458,3.8941516876220703,0.16123245656490326,3.946847915649414,0.10977359116077423,4.07915735244751
825,2,2,1,0.41320303082466125,3.6583445072174072,0.24066784977912903,3.871333122253418,0.16506895422935486,3.9068517684936523,0.11489556729793549,4.0376410484313965
826,2,2,1,0.4145233631134033,3.6474552154541016,0.2398606836795807,3.8420889377593994,0.1644810289144516,3.878286600112915,0.11660952866077423,4.01435661315918
827,2,2,1,0.39299914240837097,3.6858253479003906,0.23432019352912903,3.911139965057373,0.1556919664144516,3.925563335418701,0.10907605290412903,4.094098091125488
828,2,2,1,0.37246888875961304,3.6714043617248535,0.2313755601644516,3.9079201221466064,0.16845703125,3.952026128768921,0.11236447840929031,4.066158294677734
829,2,2,1,0.39055773615837097,3.667506456375122,0.23629821836948395,3.892970085144043,0.17277184128761292,3.93222975730896,0.11866230517625809,4.071380615234375
830,2,2,1,0.4348742365837097,3.6283040046691895,0.2550123631954193,3.798581600189209,0.1887456178665161,3.8732378482818604,0.13022162020206451,4.041169166564941
831,2,2,1,0.37536370754241943,3.6724650859832764,0.2234235405921936,3.8924667835235596,0.15821309387683868,3.9690117835998535,0.1082589253783226,4.156480312347412
832,2,2,1,0.4106345474720001,3.665926456451416,0.24282525479793549,3.879760265350342,0.17366868257522583,3.9366536140441895,0.1198381707072258,4.052053928375244
833,2,2,1,0.3871273100376129,3.6805450916290283,0.2305833399295807,3.9243717193603516,0.15518374741077423,3.9208245277404785,0.10473134368658066,4.072121620178223
834,2,2,1,0.38013193011283875,3.6781463623046875,0.22848571836948395,3.9049019813537598,0.15908999741077423,3.945129871368408,0.11447703838348389,4.042130947113037
835,2,2,1,0.37253615260124207,3.66947078704834,0.224713996052742,3.9024412631988525,0.15267258882522583,3.962078094482422,0.10251913219690323,4.105754375457764
836,2,2,1,0.3889409303665161,3.664177179336548,0.23574018478393555,3.880014419555664,0.1659558266401291,3.898162603378296,0.11391900479793549,4.019244194030762
837,2,2,1,0.3924112021923065,3.6670644283294678,0.23432517051696777,3.8814587593078613,0.16925422847270966,3.9239916801452637,0.11993781477212906,4.056995868682861
838,2,2,1,0.40815576910972595,3.666095018386841,0.23652741312980652,3.887786388397217,0.1537487953901291,3.903947114944458,0.10564811527729034,4.006036758422852
839,2,2,1,0.4165387749671936,3.6302435398101807,0.24242167174816132,3.8021786212921143,0.19020049273967743,3.873631238937378,0.13584183156490326,4.039172649383545
840,2,2,1,0.37949666380882263,3.655740976333618,0.22482360899448395,3.8668971061706543,0.16848692297935486,3.9535722732543945,0.12308673560619354,4.089216232299805
841,2,2,1,0.3790906071662903,3.6709864139556885,0.22981604933738708,3.898688316345215,0.16115273535251617,3.9211599826812744,0.11334104090929031,4.085458278656006
842,2,3,0,0.3998400568962097,3.6643717288970947,0.2522570490837097,3.846036911010742,0.1930903196334839,3.890591859817505,0.13681839406490326,4.0155863761901855
843,2,2,1,0.40176576375961304,3.6782145500183105,0.2354661524295807,3.8950040340423584,0.16917450726032257,3.918478012084961,0.12113361060619354,4.025995254516602
844,2,3,0,0.4340994656085968,3.6452300548553467,0.2549425959587097,3.8197309970855713,0.20058393478393555,3.8835015296936035,0.13917012512683868,4.048403263092041
845,2,2,1,0.39141222834587097,3.6740880012512207,0.2304338663816452,3.8895976543426514,0.16165098547935486,3.922327756881714,0.11531408876180649,4.05789852142334
846,2,2,1,0.42040517926216125,3.6411046981811523,0.24561044573783875,3.8165128231048584,0.18801817297935486,3.871422529220581,0.13117824494838715,4.00546932220459
847,2,2,1,0.35938993096351624,3.6712300777435303,0.22082768380641937,3.8992350101470947,0.1693040430545807,3.9898176193237305,0.1227678582072258,4.144967555999756
848,2,2,1,0.4074980914592743,3.674799680709839,0.2455456703901291,3.88458251953125,0.17713648080825806,3.889063835144043,0.11965879797935486,3.999833345413208
849,2,2,1,0.3904232084751129,3.6552810668945312,0.23588965833187103,3.8704798221588135,0.1722935289144516,3.9269518852233887,0.11489556729793549,4.068343639373779
850,2,2,1,0.39739614725112915,3.6711153984069824,0.22742445766925812,3.8882462978363037,0.15438655018806458,3.923255681991577,0.11288265138864517,4.054378509521484
851,2,2,1,0.38494250178337097,3.6716325283050537,0.23543128371238708,3.892597198486328,0.1711874157190323,3.958728790283203,0.11381935328245163,4.083873271942139
852,2,2,1,0.41215670108795166,3.6630139350891113,0.2400599867105484,3.868516683578491,0.16743063926696777,3.933103084564209,0.11561304330825806,4.063609600067139
853,2,2,1,0.39416006207466125,3.672668933868408,0.23286032676696777,3.897359609603882,0.16474011540412903,3.9554197788238525,0.11587212979793549,4.087719440460205
854,2,2,1,0.3952113389968872,3.6620986461639404,0.23205815255641937,3.875877618789673,0.16362403333187103,3.923203468322754,0.1159319207072258,4.018222332000732
855,2,2,1,0.4070870578289032,3.6693551540374756,0.23914819955825806,3.8797032833099365,0.17081871628761292,3.9171042442321777,0.1236049085855484,4.0622382164001465
856,2,2,1,0.3917410671710968,3.6563007831573486,0.2424415946006775,3.8739185333251953,0.17712651193141937,3.9389028549194336,0.1245814710855484,4.066549301147461
857,2,2,1,0.3715396821498871,3.6761879920959473,0.2221330851316452,3.9203059673309326,0.1475306898355484,3.955082654953003,0.10080516338348389,4.109529495239258
858,2,2,1,0.34541165828704834,3.6720399856567383,0.2144949734210968,3.9108710289001465,0.1691545695066452,3.970662832260132,0.11880181729793549,4.097970008850098
859,2,2,1,0.40435415506362915,3.673022747039795,0.23873962461948395,3.8869898319244385,0.16704200208187103,3.910994529724121,0.1131417378783226,4.047560214996338
860,2,2,1,0.4412418305873871,3.6279823780059814,0.2586595118045807,3.7855684757232666,0.20169004797935486,3.8405139446258545,0.13472576439380646,4.014496803283691
861,2,2,1,0.41642168164253235,3.6600401401519775,0.2404536008834839,3.8554911613464355,0.16876594722270966,3.9081246852874756,0.11692840605974197,4.003749847412109
862,2,2,1,0.3853784501552582,3.675837516784668,0.22629842162132263,3.9132742881774902,0.1585618555545807,3.955756664276123,0.11232461780309677,4.092264175415039
863,2,2,1,0.38689810037612915,3.670382022857666,0.2305135875940323,3.8964011669158936,0.17011120915412903,3.9524924755096436,0.1188616082072258,4.104963302612305
864,2,2,1,0.4136265218257904,3.666668653488159,0.2425462305545807,3.8649137020111084,0.1708386391401291,3.9257466793060303,0.12005739659070969,4.056440830230713
865,2,2,1,0.39618542790412903,3.6778321266174316,0.23771324753761292,3.8950114250183105,0.16668327152729034,3.8941831588745117,0.11212531477212906,3.9857802391052246
866,2,2,1,0.3811632990837097,3.6772592067718506,0.2279675453901291,3.8957250118255615,0.16550740599632263,3.9393701553344727,0.11577247828245163,4.054398536682129
867,2,2,1,0.4246302843093872,3.64288067817688,0.2494070827960968,3.82344126701355,0.18766939640045166,3.8700685501098633,0.1288464516401291,4.0219645500183105
868,2,2,1,0.4096604883670807,3.641026258468628,0.23966138064861298,3.8275296688079834,0.17335976660251617,3.885382652282715,0.12057556957006454,4.067438125610352
869,2,2,1,0.4052310883998871,3.66471791267395,0.23942223191261292,3.876657009124756,0.16284677386283875,3.92130708694458,0.11334104090929031,4.005099296569824
870,2,2,1,0.3943593502044678,3.67246150970459,0.23663204908370972,3.89621639251709,0.16455078125,3.9077696800231934,0.11433752626180649,4.083841800689697
871,2,2,1,0.43582338094711304,3.628661870956421,0.2518933415412903,3.782874345779419,0.19040974974632263,3.8489115238189697,0.13472576439380646,4.013165473937988
872,2,2,1,0.4013696610927582,3.6811182498931885,0.23368243873119354,3.900108814239502,0.15943877398967743,3.914562463760376,0.11447703838348389,4.04926872253418
873,2,2,1,0.4080660939216614,3.6682865619659424,0.24010980129241943,3.8842523097991943,0.16341477632522583,3.9067015647888184,0.10794004797935486,4.039143085479736
874,2,2,1,0.4303750693798065,3.632319688796997,0.25009965896606445,3.7936289310455322,0.19275151193141937,3.839787006378174,0.1399274468421936,3.972083806991577
875,2,2,1,0.37682855129241943,3.6692824363708496,0.23615871369838715,3.8869783878326416,0.18119220435619354,3.951768159866333,0.12181121855974197,4.068062782287598
876,2,2,1,0.40139955282211304,3.672471761703491,0.23809689283370972,3.8815367221832275,0.17119738459587097,3.9488940238952637,0.1153738796710968,4.099153518676758
877,2,2,1,0.3765968680381775,3.6683249473571777,0.22983099520206451,3.896028518676758,0.1595982164144516,3.938249349594116,0.1050502210855484,4.043824672698975
878,2,2,1,0.3950369656085968,3.665210008621216,0.23852039873600006,3.883397340774536,0.168317511677742,3.9494998455047607,0.116629458963871,4.086807727813721
879,2,2,1,0.38614076375961304,3.672774076461792,0.22904376685619354,3.8907766342163086,0.1637137234210968,3.954714298248291,0.11260363459587097,4.091858386993408
880,2,2,1,0.41725873947143555,3.657557725906372,0.24211275577545166,3.853682518005371,0.17542250454425812,3.9141671657562256,0.12392378598451614,4.022354602813721
881,2,2,1,0.4096754193305969,3.651827096939087,0.24212272465229034,3.8584423065185547,0.16948340833187103,3.9218602180480957,0.11413823068141937,4.031953811645508
882,2,2,1,0.3728102147579193,3.6767501831054688,0.23366250097751617,3.8884150981903076,0.17728595435619354,3.9547524452209473,0.11926019936800003,4.121156215667725
883,2,2,1,0.37296465039253235,3.6810121536254883,0.21488361060619354,3.917130470275879,0.14959342777729034,3.9878764152526855,0.10540895909070969,4.130270481109619
884,2,2,1,0.3783033788204193,3.6726064682006836,0.23925282061100006,3.88783597946167,0.1821986585855484,3.9641764163970947,0.12298708409070969,4.11732292175293
885,2,2,1,0.41416463255882263,3.662193536758423,0.2470453977584839,3.8571486473083496,0.18354392051696777,3.8916337490081787,0.12557795643806458,4.029519081115723
886,2,2,1,0.40995943546295166,3.6591780185699463,0.23922790586948395,3.872349739074707,0.1634446680545807,3.927325963973999,0.11684869229793549,4.087497711181641
887,2,2,1,0.4392015039920807,3.630678653717041,0.2620924413204193,3.7853925228118896,0.2111467570066452,3.8219358921051025,0.14686304330825806,3.9955217838287354
888,2,2,1,0.41062209010124207,3.6693623065948486,0.24076251685619354,3.882310390472412,0.16968271136283875,3.8934695720672607,0.11459662020206451,4.061565399169922
889,2,2,1,0.3788190484046936,3.6715266704559326,0.23887914419174194,3.894439458847046,0.17803332209587097,3.952143669128418,0.11650988459587097,4.079370498657227
890,2,2,1,0.41321298480033875,3.6605172157287598,0.24248145520687103,3.8666036128997803,0.17052973806858063,3.9101853370666504,0.11754623800516129,4.025432586669922
891,2,2,1,0.3746412694454193,3.6682159900665283,0.2146444469690323,3.913416862487793,0.14309629797935486,3.956406593322754,0.10596699267625809,4.117923736572266
892,2,2,1,0.40507662296295166,3.6626157760620117,0.23543128371238708,3.8765132427215576,0.16223891079425812,3.8914685249328613,0.11716756969690323,4.012757301330566
893,2,2,1,0.39280980825424194,3.6724822521209717,0.23227737843990326,3.89070987701416,0.15884087979793549,3.9122960567474365,0.11234454810619354,4.048252582550049
894,2,2,1,0.4276471734046936,3.636813163757324,0.25008469820022583,3.813380241394043,0.18471978604793549,3.857743978500366,0.1267338991165161,4.028778076171875
895,2,2,1,0.3932407796382904,3.6747608184814453,0.23692601919174194,3.8974385261535645,0.16875597834587097,3.9288456439971924,0.1141183003783226,4.056060314178467
896,2,2,1,0.39692530035972595,3.6771962642669678,0.2350027859210968,3.8948183059692383,0.16410236060619354,3.9187514781951904,0.10865752398967743,4.090792179107666
897,2,2,1,0.40875867009162903,3.6736814975738525,0.2362932413816452,3.894127607345581,0.16244818270206451,3.9045515060424805,0.11092952638864517,4.0294647216796875
898,2,2,1,0.37687090039253235,3.6720430850982666,0.22611407935619354,3.8999602794647217,0.16675302386283875,3.950878381729126,0.11973851919174194,4.0712385177612305
899,2,2,1,0.4063571095466614,3.6407625675201416,0.24357262253761292,3.815857410430908,0.18761958181858063,3.8622264862060547,0.12800940871238708,3.9957964420318604
900,2,2,1,0.4069500267505646,3.6516010761260986,0.24771304428577423,3.8568296432495117,0.17749521136283875,3.9153940677642822,0.1142578125,4.05302619934082
901,2,2,1,0.38143235445022583,3.6763763427734375,0.22749421000480652,3.90726900100708,0.16325533390045166,3.9421350955963135,0.11154735088348389,4.0580668449401855
902,2,2,1,0.41006654500961304,3.66556715965271,0.24047352373600006,3.8774657249450684,0.1644212305545807,3.9007272720336914,0.11268335580825806,4.024230480194092
903,2,2,1,0.36650240421295166,3.673858165740967,0.23054847121238708,3.9091458320617676,0.17065927386283875,3.956615686416626,0.11256377398967743,4.088526725769043
904,2,2,1,0.4342838227748871,3.6371662616729736,0.2533232867717743,3.8119702339172363,0.18968231976032257,3.8397161960601807,0.12850764393806458,3.978753089904785
905,2,2,1,0.4041424095630646,3.6699111461639404,0.23690110445022583,3.8888046741485596,0.16179049015045166,3.9206085205078125,0.11025191098451614,4.024042129516602
906,2,2,1,0.38636747002601624,3.656981945037842,0.24301956593990326,3.8681087493896484,0.1757214516401291,3.928036689758301,0.11236447840929031,4.0157856941223145
907,2,2,1,0.3661586046218872,3.67217755317688,0.22364775836467743,3.893510341644287,0.1628866344690323,3.976630449295044,0.1155133917927742,4.08626651763916
908,2,2,1,0.40083903074264526,3.674804210662842,0.23682138323783875,3.8875892162323,0.16470025479793549,3.922858238220215,0.11338089406490326,4.050623893737793
909,2,2,1,0.3977573812007904,3.675898551940918,0.23286032676696777,3.8924598693847656,0.16195990145206451,3.9129390716552734,0.11615114659070969,4.039979457855225
910,2,2,1,0.3784627914428711,3.6795969009399414,0.2185506969690323,3.902813196182251,0.14804886281490326,3.9590766429901123,0.10214046388864517,4.098341464996338
911,2,2,1,0.4202905595302582,3.6340601444244385,0.24811163544654846,3.820451021194458,0.18964245915412903,3.891808032989502,0.13097895681858063,4.058733940124512
912,2,2,1,0.393519788980484,3.6752257347106934,0.23079758882522583,3.9066319465637207,0.16040536761283875,3.936199188232422,0.11019212007522583,4.040875434875488
913,2,2,1,0.3689936399459839,3.6703550815582275,0.22027960419654846,3.903395175933838,0.15923947095870972,3.939236640930176,0.11804448068141937,4.118690013885498
914,2,2,1,0.41660603880882263,3.6536545753479004,0.24245156347751617,3.8509483337402344,0.17290137708187103,3.9244422912597656,0.11834342777729034,4.077804088592529
915,2,2,1,0.40840739011764526,3.668612480163574,0.238037109375,3.8790371417999268,0.16505898535251617,3.9368510246276855,0.11485570669174194,4.087801456451416
916,2,2,1,0.4079614579677582,3.6663999557495117,0.23742425441741943,3.873100757598877,0.1632254421710968,3.9004883766174316,0.11320152878761292,4.01232385635376
917,2,2,1,0.3835349380970001,3.669875383377075,0.23495794832706451,3.8978095054626465,0.16976243257522583,3.9492838382720947,0.11726721376180649,4.076138496398926
918,2,2,1,0.40766748785972595,3.67041277885437,0.2374441921710968,3.8802459239959717,0.16607540845870972,3.9054362773895264,0.11993781477212906,4.063808441162109
919,2,2,1,0.3957345187664032,3.679624319076538,0.23910334706306458,3.9042696952819824,0.16642418503761292,3.925273895263672,0.11037149280309677,4.080353736877441
920,2,2,1,0.40480756759643555,3.6687610149383545,0.2419084757566452,3.879201650619507,0.1695730984210968,3.925074815750122,0.115652896463871,4.104084014892578
921,2,2,1,0.381190687417984,3.6805500984191895,0.22710558772087097,3.9149208068847656,0.15452606976032257,3.9316437244415283,0.10929527878761292,4.061634063720703
922,2,2,1,0.40228894352912903,3.6682355403900146,0.23715521395206451,3.881990909576416,0.16283680498600006,3.905085325241089,0.1141183003783226,4.02392578125
923,2,2,1,0.37266820669174194,3.6730306148529053,0.23739935457706451,3.8969295024871826,0.18207907676696777,3.93925142288208,0.1252790093421936,4.081768989562988
924,2,2,1,0.3832210600376129,3.6725432872772217,0.2273297905921936,3.9003419876098633,0.16200971603393555,3.955099105834961,0.1164899542927742,4.09409761428833
925,2,2,1,0.39783212542533875,3.6763789653778076,0.234967902302742,3.907780170440674,0.15763512253761292,3.9321701526641846,0.10754144936800003,4.0750555992126465
926,2,2,1,0.3988809287548065,3.659348964691162,0.23158979415893555,3.8754329681396484,0.16306599974632263,3.9200072288513184,0.11595184355974197,4.046407699584961
927,2,2,1,0.384765625,3.6685292720794678,0.23524194955825806,3.8982293605804443,0.16736088693141937,3.9326584339141846,0.1141183003783226,4.058679580688477
928,2,2,1,0.4025978446006775,3.6723759174346924,0.23817163705825806,3.889230489730835,0.16354432702064514,3.9496099948883057,0.1167689710855484,4.080559730529785
929,2,2,1,0.4398616850376129,3.628718137741089,0.2575932741165161,3.794584035873413,0.2011818289756775,3.834315776824951,0.13731664419174194,3.990130662918091
930,2,2,1,0.39862433075904846,3.6579296588897705,0.23341836035251617,3.8707523345947266,0.1689453125,3.927332878112793,0.11531408876180649,4.044417381286621
931,2,2,1,0.37634775042533875,3.6668012142181396,0.23557576537132263,3.872041702270508,0.1916254758834839,3.9436817169189453,0.13091915845870972,4.066829204559326
932,2,2,1,0.39346998929977417,3.669011354446411,0.2334233522415161,3.884181022644043,0.16933393478393555,3.9381511211395264,0.11756616830825806,4.082047939300537
933,2,2,1,0.3864596486091614,3.6642255783081055,0.22777323424816132,3.884326696395874,0.16651387512683868,3.9545183181762695,0.11553332209587097,4.086596488952637
934,2,2,1,0.3814547657966614,3.6740834712982178,0.23762854933738708,3.8950159549713135,0.17246292531490326,3.9592649936676025,0.11487563699483871,4.103573799133301
935,2,2,1,0.4290049076080322,3.6313774585723877,0.253662109375,3.7851741313934326,0.19502350687980652,3.831383228302002,0.13919004797935486,3.997852325439453
936,2,2,1,0.38280999660491943,3.6722829341888428,0.23360271751880646,3.891735076904297,0.17211414873600006,3.96543550491333,0.12171157449483871,4.133289813995361
937,2,2,1,0.3900246024131775,3.6743719577789307,0.23467892408370972,3.8951401710510254,0.16577646136283875,3.92961049079895,0.11110889166593552,4.025112152099609
938,2,2,1,0.4356240928173065,3.6317574977874756,0.25125059485435486,3.8081583976745605,0.1854173243045807,3.857795476913452,0.1273118555545807,4.011427879333496
939,2,2,1,0.39364686608314514,3.6867663860321045,0.23065808415412903,3.9209184646606445,0.15490473806858063,3.9121904373168945,0.10433274507522583,4.013371467590332
940,2,2,1,0.3915766477584839,3.6789071559906006,0.2314702272415161,3.9058268070220947,0.15476521849632263,3.9295601844787598,0.10861766338348389,4.063486099243164
941,2,2,1,0.4133549928665161,3.658783435821533,0.2434430718421936,3.8673148155212402,0.1635144203901291,3.8946309089660645,0.10901626199483871,4.05356502532959
942,2,2,1,0.42132940888404846,3.6245083808898926,0.24908819794654846,3.788370370864868,0.18860609829425812,3.842447280883789,0.1328125,4.015756130218506
943,2,2,1,0.385341078042984,3.668991804122925,0.22495315968990326,3.9017696380615234,0.15233378112316132,3.94197678565979,0.10371492058038712,4.0853190422058105
944,2,2,1,0.4125528037548065,3.6625826358795166,0.23953184485435486,3.8724284172058105,0.17246292531490326,3.92095685005188,0.1212332546710968,4.068058490753174
945,2,2,1,0.38544324040412903,3.674224376678467,0.22728992998600006,3.9003243446350098,0.15338009595870972,3.9465956687927246,0.10564811527729034,4.080928325653076
946,2,2,1,0.40496203303337097,3.6724863052368164,0.24036890268325806,3.8895797729492188,0.16185028851032257,3.9341213703155518,0.11222496628761292,4.052388668060303
947,2,2,1,0.38230428099632263,3.6700117588043213,0.24692083895206451,3.868396520614624,0.19086813926696777,3.911924362182617,0.13014189898967743,4.071209907531738
948,2,3,0,0.4171042740345001,3.6618924140930176,0.2463129758834839,3.8673031330108643,0.17242306470870972,3.8940646648406982,0.11276306957006454,4.01148796081543
949,2,2,1,0.38685327768325806,3.680821180343628,0.2345842570066452,3.90331768989563,0.165876105427742,3.9419679641723633,0.1116071417927742,4.1053571701049805
950,2,2,1,0.3870949149131775,3.664828300476074,0.2364676296710968,3.8922250270843506,0.16633449494838715,3.9578840732574463,0.11304208636283875,4.115479469299316
951,2,2,1,0.3656030595302582,3.684558153152466,0.21865034103393555,3.929199695587158,0.15333028137683868,3.9803731441497803,0.11003268510103226,4.148342609405518
952,2,2,1,0.43387025594711304,3.6276047229766846,0.25426000356674194,3.785914421081543,0.19039979577064514,3.8240959644317627,0.13809390366077423,3.972290277481079
953,2,2,1,0.3968605399131775,3.674086570739746,0.23564551770687103,3.884385347366333,0.16687260568141937,3.922011137008667,0.11332111060619354,4.0372843742370605
954,2,2,1,0.3916040360927582,3.6683313846588135,0.23038902878761292,3.89048433303833,0.16256776452064514,3.9331862926483154,0.1142578125,4.029129505157471
955,2,2,1,0.3904531002044678,3.6444098949432373,0.22969147562980652,3.8436875343322754,0.1726323366165161,3.898983955383301,0.12226960808038712,4.0402607917785645
956,2,2,1,0.3919079899787903,3.6735339164733887,0.2387346476316452,3.8884482383728027,0.16944356262683868,3.931016206741333,0.11238440126180649,4.062777042388916
957,2,2,1,0.39472058415412903,3.677633762359619,0.23661212623119354,3.899155616760254,0.16262754797935486,3.9366421699523926,0.11168686300516129,4.082976341247559
958,2,2,1,0.40995943546295166,3.6701769828796387,0.2360939383506775,3.8763954639434814,0.16357421875,3.9025282859802246,0.12023676186800003,4.03265380859375
959,2,2,1,0.36878934502601624,3.6735434532165527,0.23354791104793549,3.890194892883301,0.17259247601032257,3.938568115234375,0.11694833636283875,4.099011421203613
960,2,2,1,0.40527093410491943,3.6629128456115723,0.23859015107154846,3.8702542781829834,0.16717155277729034,3.9082021713256836,0.11292251199483871,4.060007095336914
961,2,2,1,0.4044015109539032,3.6609745025634766,0.24057318270206451,3.872152328491211,0.16459064185619354,3.9177815914154053,0.11316166818141937,4.042444705963135
962,2,2,1,0.39884108304977417,3.662219285964966,0.24164938926696777,3.874288558959961,0.16584621369838715,3.921168088912964,0.11186622828245163,4.087119102478027
963,2,2,1,0.40124014019966125,3.674769163131714,0.2376185804605484,3.8971505165100098,0.16103315353393555,3.9152228832244873,0.11108896136283875,4.056691646575928
964,2,2,1,0.36895376443862915,3.6638104915618896,0.22121132910251617,3.8891615867614746,0.16275709867477417,3.958611488342285,0.11754623800516129,4.116140842437744
965,2,2,1,0.3937016725540161,3.6755781173706055,0.2383958399295807,3.895709276199341,0.16362403333187103,3.923020601272583,0.1128627210855484,4.058626174926758
966,2,2,1,0.3810337483882904,3.675835132598877,0.2316197007894516,3.9032201766967773,0.16269730031490326,3.9448153972625732,0.10660474747419357,4.113105297088623
967,2,2,1,0.4385662376880646,3.623378276824951,0.25789719820022583,3.7748498916625977,0.19973692297935486,3.8289761543273926,0.1358816921710968,4.01525354385376
968,2,2,1,0.3810412287712097,3.6779730319976807,0.22528699040412903,3.91763973236084,0.14796914160251617,3.9432284832000732,0.10600685328245163,4.101335048675537
969,2,2,1,0.40342244505882263,3.676053047180176,0.23561562597751617,3.8789148330688477,0.16841717064380646,3.9065144062042236,0.11933992058038712,4.0602874755859375
970,2,2,1,0.37355756759643555,3.6723685264587402,0.22517737746238708,3.907686948776245,0.16039539873600006,3.969309091567993,0.11057078838348389,4.0789475440979
971,2,2,1,0.4015864133834839,3.670750617980957,0.24044860899448395,3.8819494247436523,0.1667729616165161,3.9039196968078613,0.11585219949483871,4.066230773925781
972,2,2,1,0.41047510504722595,3.648329734802246,0.24014468491077423,3.854475259780884,0.17031049728393555,3.900766372680664,0.11473612487316132,4.000173568725586
973,2,2,1,0.40176329016685486,3.6722288131713867,0.2428950071334839,3.8846359252929688,0.16356424987316132,3.91013765335083,0.10921555757522583,4.050182342529297
974,2,2,1,0.3989108204841614,3.6722018718719482,0.23247168958187103,3.891615629196167,0.15922950208187103,3.9096314907073975,0.11555325239896774,4.036909103393555
975,2,2,1,0.41753527522087097,3.6464779376983643,0.24011479318141937,3.8389151096343994,0.1794682741165161,3.904108762741089,0.13034120202064514,4.0243120193481445
976,2,2,1,0.3883480131626129,3.680478096008301,0.22945232689380646,3.9042603969573975,0.16515864431858063,3.939423084259033,0.11848293989896774,4.05046272277832
977,2,2,1,0.3894840180873871,3.6478872299194336,0.23298488557338715,3.8505806922912598,0.17244300246238708,3.892921209335327,0.1253587305545807,4.053259372711182
978,2,2,1,0.41542020440101624,3.6616551876068115,0.2419881969690323,3.864128589630127,0.1704799085855484,3.886427402496338,0.11605149507522583,4.042418003082275
979,2,2,1,0.41007155179977417,3.673954725265503,0.23828125,3.8821511268615723,0.1687260866165161,3.9111149311065674,0.11876195669174194,4.024836540222168
980,2,2,1,0.39196279644966125,3.6614973545074463,0.23849548399448395,3.8722083568573,0.16689252853393555,3.9314544200897217,0.11116868257522583,4.044281005859375
981,2,2,1,0.40949854254722595,3.6662042140960693,0.2388143688440323,3.8721704483032227,0.1662348508834839,3.8928186893463135,0.11696826666593552,4.038337230682373
982,2,2,1,0.383686900138855,3.6763432025909424,0.23535653948783875,3.9157228469848633,0.16407246887683868,3.929790496826172,0.11162707209587097,4.07088041305542
983,2,2,1,0.4139254689216614,3.661799669265747,0.24208784103393555,3.8594303131103516,0.17434629797935486,3.926154613494873,0.12545838952064514,4.057188034057617
984,2,2,1,0.4167928695678711,3.6422202587127686,0.2441157102584839,3.8394734859466553,0.18063417077064514,3.915374755859375,0.12790974974632263,4.034590244293213
985,2,2,1,0.39160653948783875,3.671036958694458,0.22591477632522583,3.8948216438293457,0.15774473547935486,3.9302589893341064,0.11112882196903229,4.039096355438232
986,2,2,1,0.4457858204841614,3.6185355186462402,0.26153936982154846,3.757143974304199,0.21301020681858063,3.805295705795288,0.14833784103393555,3.9934165477752686
987,2,2,1,0.3742924928665161,3.6650781631469727,0.23504264652729034,3.8904905319213867,0.17381815612316132,3.9513845443725586,0.11599170416593552,4.097250938415527
988,2,2,1,0.35073041915893555,3.6688876152038574,0.22191385924816132,3.9106850624084473,0.16763991117477417,3.990905284881592,0.12199059128761292,4.140990257263184
989,2,2,1,0.3942895829677582,3.6693835258483887,0.2306530922651291,3.8820340633392334,0.16357421875,3.9407858848571777,0.115234375,4.040643215179443
990,2,2,1,0.4241420030593872,3.629641532897949,0.2503487765789032,3.8090593814849854,0.19012077152729034,3.8491010665893555,0.13412787020206451,4.016493320465088
991,2,2,1,0.3806600570678711,3.6747448444366455,0.22829140722751617,3.8989720344543457,0.16488958895206451,3.934187412261963,0.1139787957072258,4.0473856925964355
992,2,2,1,0.4065663814544678,3.6753227710723877,0.2383510023355484,3.8807852268218994,0.16845703125,3.919964551925659,0.11260363459587097,4.0261945724487305
993,2,2,1,0.422938734292984,3.640115261077881,0.2516492009162903,3.8272318840026855,0.18228834867477417,3.8782594203948975,0.12238918989896774,4.042175769805908
994,2,2,1,0.39716944098472595,3.674226999282837,0.22984594106674194,3.8957316875457764,0.1582728773355484,3.925832748413086,0.10813934355974197,4.0361223220825195
995,2,2,1,0.4043217897415161,3.666212797164917,0.24182377755641937,3.8807663917541504,0.17072902619838715,3.920562744140625,0.11489556729793549,4.033998489379883
996,2,2,1,0.3972068130970001,3.673436164855957,0.2390385866165161,3.901409149169922,0.16730110347270966,3.9315624237060547,0.11573261767625809,4.035646438598633
997,2,2,1,0.40223413705825806,3.6545708179473877,0.24149493873119354,3.85384464263916,0.17241309583187103,3.9071204662323,0.11742665618658066,4.029191970825195
998,2,2,1,0.373988538980484,3.66667103767395,0.22947224974632263,3.8876149654388428,0.17177534103393555,3.950226306915283,0.11391900479793549,4.104443550109863
999,2,2,1,0.36296984553337097,3.674355983734131,0.2235730141401291,3.910723924636841,0.15804368257522583,3.965510606765747,0.1070033460855484,4.141925811767578
1000,2,2,1,0.3924834430217743,3.6651580333709717,0.23390166461467743,3.8811161518096924,0.17025071382522583,3.9539947509765625,0.11951929330825806,4.1193928718566895
1001,2,2,1,0.4018454849720001,3.6654515266418457,0.22890424728393555,3.882786989212036,0.16048508882522583,3.913691282272339,0.11224489659070969,4.017400741577148
1002,2,2,1,0.403096079826355,3.6789426803588867,0.23665198683738708,3.9068150520324707,0.15850207209587097,3.928391695022583,0.1124441921710968,4.083303928375244
1003,2,2,1,0.392578125,3.6706202030181885,0.23523198068141937,3.8963823318481445,0.15588130056858063,3.941763162612915,0.10401386767625809,4.0944623947143555
1004,2,2,1,0.38726431131362915,3.6808319091796875,0.23114636540412903,3.9100706577301025,0.16597576439380646,3.916726589202881,0.11280293017625809,4.104770183563232
1005,2,2,1,0.4080636203289032,3.6663126945495605,0.24092693626880646,3.8809638023376465,0.16851681470870972,3.908698558807373,0.1192801296710968,4.064995765686035
1006,2,2,1,0.38382643461227417,3.664213180541992,0.22496312856674194,3.887532949447632,0.15755540132522583,3.9438998699188232,0.11431760340929031,4.064505100250244
1007,2,2,1,0.40577417612075806,3.6710236072540283,0.23890405893325806,3.8748252391815186,0.17276187241077423,3.9346485137939453,0.12515944242477417,4.081847190856934
1008,2,2,1,0.37328851222991943,3.6763503551483154,0.23094706237316132,3.907317876815796,0.16787905991077423,3.974654197692871,0.11595184355974197,4.140254497528076
1009,2,2,1,0.39403799176216125,3.6517038345336914,0.221923828125,3.864304780960083,0.15795399248600006,3.90814471244812,0.11543367058038712,4.062845230102539
1010,2,2,1,0.41609781980514526,3.662553548812866,0.24175402522087097,3.86344051361084,0.17001155018806458,3.905456781387329,0.11904097348451614,3.997990846633911
1011,2,2,1,0.3980986773967743,3.6691739559173584,0.2352917641401291,3.892491102218628,0.15674825012683868,3.9115703105926514,0.10704320669174194,4.05790376663208
1012,2,2,1,0.4472680985927582,3.6147868633270264,0.26271525025367737,3.7630860805511475,0.20596499741077423,3.796797037124634,0.13982780277729034,3.9871721267700195
1013,2,2,1,0.41863638162612915,3.644956111907959,0.2534030079841614,3.8277788162231445,0.18670280277729034,3.838172435760498,0.12713249027729034,4.0202226638793945
1014,2,2,1,0.4048125445842743,3.6734237670898438,0.23620355129241943,3.8960912227630615,0.16381336748600006,3.928645372390747,0.11613121628761292,4.051827907562256
1015,2,2,1,0.39194783568382263,3.6600732803344727,0.23462411761283875,3.874431848526001,0.16691246628761292,3.937134265899658,0.11459662020206451,4.0650434494018555
1016,2,2,1,0.38320860266685486,3.672006130218506,0.22347834706306458,3.890308380126953,0.1648397594690323,3.9553258419036865,0.11433752626180649,4.071465969085693
1017,2,2,1,0.3919503390789032,3.6640608310699463,0.2333735227584839,3.891329765319824,0.16708186268806458,3.952824115753174,0.1148158460855484,4.100850582122803
1018,2,2,1,0.385951429605484,3.6629250049591064,0.2375836968421936,3.8747169971466064,0.17938855290412903,3.908676862716675,0.12135283648967743,4.035309791564941
1019,2,2,1,0.3802340626716614,3.668339490890503,0.2305833399295807,3.8904037475585938,0.16668327152729034,3.9539666175842285,0.11529415845870972,4.078478813171387
1020,2,2,1,0.40913981199264526,3.662221670150757,0.24116110801696777,3.866926908493042,0.17413704097270966,3.9183976650238037,0.11882174760103226,4.0675950050354
1021,2,2,1,0.39037588238716125,3.671863317489624,0.2325962632894516,3.904055118560791,0.16146165132522583,3.9382829666137695,0.11172671616077423,4.051373481750488
1022,2,2,1,0.38678351044654846,3.670593500137329,0.23079758882522583,3.8883252143859863,0.16291652619838715,3.9382224082946777,0.1103515625,4.040274620056152
1023,2,2,1,0.3989980220794678,3.6694202423095703,0.23570531606674194,3.8989579677581787,0.16244818270206451,3.9134461879730225,0.10917569696903229,4.039065361022949
1024,2,2,1,0.40633469820022583,3.668123722076416,0.2445242702960968,3.8810441493988037,0.1746053844690323,3.916390895843506,0.11373963207006454,4.079726696014404
1025,2,2,1,0.3956298828125,3.661637544631958,0.23948201537132263,3.871403217315674,0.17199458181858063,3.912804126739502,0.1171875,4.027040958404541
1026,2,2,1,0.42294374108314514,3.6505627632141113,0.2506825923919678,3.8197085857391357,0.1999162882566452,3.8492672443389893,0.13998724520206451,4.027761936187744
1027,2,2,1,0.38898327946662903,3.6643545627593994,0.23049864172935486,3.8862133026123047,0.16188018023967743,3.933271884918213,0.11367984116077423,4.074509143829346
1028,2,2,1,0.3977997303009033,3.676985263824463,0.2365373820066452,3.9020516872406006,0.16324537992477417,3.9293127059936523,0.11503507196903229,4.046257972717285
1029,2,2,1,0.39185816049575806,3.6747703552246094,0.23034417629241943,3.9038307666778564,0.15871132910251617,3.9338231086730957,0.11200574040412903,4.064590930938721
1030,2,2,1,0.3731589615345001,3.662224769592285,0.23184888064861298,3.879913091659546,0.17709662020206451,3.9732162952423096,0.12023676186800003,4.116360187530518
1031,2,2,1,0.4064443111419678,3.637033462524414,0.24532146751880646,3.8135344982147217,0.19145606458187103,3.858116865158081,0.13488520681858063,4.024970531463623
1032,2,2,1,0.4043691158294678,3.6690549850463867,0.23778797686100006,3.891587257385254,0.16060467064380646,3.92281436920166,0.11310187727212906,4.076475620269775
1033,2,2,1,0.3813900053501129,3.6702919006347656,0.22469407320022583,3.8960907459259033,0.15949855744838715,3.9474573135375977,0.11308194696903229,4.06344747543335
1034,2,2,1,0.40393564105033875,3.675157070159912,0.23523198068141937,3.8973355293273926,0.16007652878761292,3.9286603927612305,0.11270327866077423,4.080106258392334
1035,2,2,1,0.406880259513855,3.66906476020813,0.23850545287132263,3.878418207168579,0.16365393996238708,3.9255921840667725,0.11266342550516129,4.031841278076172
1036,2,2,1,0.3881412446498871,3.6651604175567627,0.22640305757522583,3.8853652477264404,0.16064453125,3.924818515777588,0.11561304330825806,4.02982234954834
1037,2,2,1,0.3991375267505646,3.674117088317871,0.23437997698783875,3.89483642578125,0.16053491830825806,3.9042210578918457,0.11595184355974197,4.034719944000244
1038,2,2,1,0.40643933415412903,3.6762263774871826,0.23987562954425812,3.8958749771118164,0.16249799728393555,3.927086591720581,0.10897640138864517,4.03035831451416
1039,2,2,1,0.3985770046710968,3.6742336750030518,0.23600924015045166,3.8985390663146973,0.16244818270206451,3.9313580989837646,0.10690369457006454,4.068232536315918
1040,2,2,1,0.40715929865837097,3.666036367416382,0.23839086294174194,3.878171682357788,0.16215918958187103,3.9270570278167725,0.11126833409070969,4.076661109924316
1041,2,2,1,0.38842275738716125,3.6732664108276367,0.227783203125,3.9020495414733887,0.1603754758834839,3.9614763259887695,0.10995296388864517,4.108029842376709
1042,2,2,1,0.3725760281085968,3.673163652420044,0.2280622124671936,3.8920979499816895,0.16800861060619354,3.9376630783081055,0.11367984116077423,4.1027350425720215
1043,2,2,1,0.3881038725376129,3.675668239593506,0.2301199734210968,3.90059757232666,0.15559230744838715,3.9292941093444824,0.10578762739896774,4.080444812774658
1044,2,2,1,0.41646653413772583,3.6548125743865967,0.24353276193141937,3.8556814193725586,0.1752331703901291,3.928745985031128,0.1208147332072258,4.043879985809326
1045,2,2,1,0.4223807156085968,3.6500911712646484,0.24419043958187103,3.8439502716064453,0.17720623314380646,3.8956868648529053,0.12396364659070969,4.039389133453369
1046,2,1,0,0.3721774220466614,3.6554369926452637,0.23239196836948395,3.8587968349456787,0.20060387253761292,3.936267375946045,0.1460658460855484,4.041206359863281
1047,2,2,1,0.39536580443382263,3.672614812850952,0.23705057799816132,3.882842540740967,0.16792888939380646,3.9102776050567627,0.11531408876180649,4.034047603607178
1048,2,2,1,0.4011155664920807,3.6690101623535156,0.23347815871238708,3.8955399990081787,0.16030572354793549,3.9261515140533447,0.10847815126180649,4.0325188636779785
1049,2,2,1,0.3811757564544678,3.679929733276367,0.23223751783370972,3.902705430984497,0.17367865145206451,3.9432554244995117,0.1184430792927742,4.0839643478393555
1050,2,2,1,0.406703382730484,3.6774230003356934,0.23774313926696777,3.9027788639068604,0.1643415093421936,3.926631212234497,0.11051099747419357,4.041478633880615
1051,2,2,1,0.41817551851272583,3.662353515625,0.24091696739196777,3.8653650283813477,0.16974250972270966,3.912234306335449,0.11981824040412903,4.029440879821777
1052,2,2,1,0.40229639410972595,3.667628526687622,0.23690608143806458,3.8812358379364014,0.16426178812980652,3.899235725402832,0.1149553582072258,4.061546325683594
1053,2,2,1,0.4015614986419678,3.677870750427246,0.2375587821006775,3.8962435722351074,0.16492944955825806,3.896622657775879,0.11362005770206451,4.01754093170166
1054,2,2,1,0.42071905732154846,3.6308977603912354,0.24576489627361298,3.789522647857666,0.19337929785251617,3.8232505321502686,0.13516421616077423,3.987466812133789
1055,2,2,1,0.40969786047935486,3.6690969467163086,0.2396763414144516,3.87587308883667,0.16129225492477417,3.9099221229553223,0.10905612260103226,4.028326034545898
1056,2,2,1,0.4000941514968872,3.6755874156951904,0.236572265625,3.8910510540008545,0.16605548560619354,3.9503719806671143,0.11477598547935486,4.054002285003662
1057,2,2,1,0.3716866672039032,3.6757328510284424,0.23190368711948395,3.902522325515747,0.1725825071334839,3.958253860473633,0.12420280277729034,4.121469974517822
1058,2,2,1,0.37522420287132263,3.67065691947937,0.23959662020206451,3.8888912200927734,0.18209901452064514,3.945441722869873,0.11961893737316132,4.074308395385742
1059,2,2,1,0.3768310546875,3.66351318359375,0.2279575914144516,3.88470458984375,0.16108298301696777,3.9469223022460938,0.1082589253783226,4.069403648376465
1060,2,2,1,0.39360201358795166,3.6718313694000244,0.23758868873119354,3.8804025650024414,0.16846700012683868,3.9296107292175293,0.1139787957072258,4.051757335662842
1061,2,2,1,0.38680344820022583,3.652287006378174,0.2223523110151291,3.868330717086792,0.15781448781490326,3.938182830810547,0.12109375,4.1107635498046875
1062,2,2,1,0.4292615056037903,3.634395122528076,0.2558245062828064,3.807342529296875,0.19620934128761292,3.863687038421631,0.13335059583187103,4.013002395629883
1063,2,2,1,0.37970343232154846,3.683497905731201,0.22060845792293549,3.9237301349639893,0.14960339665412903,3.9312596321105957,0.10469148308038712,4.083951950073242
1064,2,2,1,0.39245355129241943,3.661374568939209,0.23792250454425812,3.8648853302001953,0.18412189185619354,3.9400336742401123,0.12749122083187103,4.05924654006958
1065,2,2,1,0.3932383060455322,3.673650026321411,0.23273077607154846,3.8871119022369385,0.15984733402729034,3.937098741531372,0.11059071868658066,4.085781097412109
1066,2,3,0,0.39988240599632263,3.676356315612793,0.23910833895206451,3.894207239151001,0.16786909103393555,3.902588129043579,0.1212332546710968,4.037810325622559
1067,2,2,1,0.3974684178829193,3.6633594036102295,0.23460419476032257,3.8761415481567383,0.16439133882522583,3.9222888946533203,0.1229073628783226,4.059510231018066
1068,2,2,1,0.4160330593585968,3.659099817276001,0.2406628578901291,3.8578319549560547,0.17017099261283875,3.891842842102051,0.12230946868658066,4.0531206130981445
1069,2,2,1,0.37598901987075806,3.666417121887207,0.234479621052742,3.882216691970825,0.17127710580825806,3.9447288513183594,0.11756616830825806,4.065773963928223
1070,3,3,1,0.42295369505882263,3.6690895557403564,0.25002989172935486,3.8534932136535645,0.19497369229793549,3.8935399055480957,0.13604113459587097,4.0405802726745605
1071,3,3,1,0.41863638162612915,3.670753002166748,0.2477329820394516,3.861748456954956,0.18505859375,3.8726508617401123,0.1281489133834839,3.9920685291290283
1072,3,3,1,0.38789957761764526,3.6729350090026855,0.2472795695066452,3.8674190044403076,0.18891501426696777,3.9077961444854736,0.12860730290412903,4.033627986907959
1073,3,3,1,0.41224637627601624,3.656620979309082,0.24316903948783875,3.85927677154541,0.16430164873600006,3.9018073081970215,0.11214524507522583,4.011551380157471
1074,3,3,1,0.427998423576355,3.650848150253296,0.2521374821662903,3.827507257461548,0.19728554785251617,3.848015069961548,0.13998724520206451,3.9950170516967773
1075,3,3,1,0.4288678765296936,3.6269030570983887,0.26220205426216125,3.7812447547912598,0.21165497601032257,3.830885171890259,0.14393335580825806,4.004154205322266
1076,3,3,1,0.4143664240837097,3.655275583267212,0.25066763162612915,3.850149154663086,0.1871512234210968,3.8984079360961914,0.1258370578289032,4.0446624755859375
1077,3,3,1,0.42297860980033875,3.65320086479187,0.25231683254241943,3.8348965644836426,0.19166533648967743,3.840698719024658,0.12729193270206451,3.9652419090270996
1078,3,3,1,0.3966761827468872,3.6736838817596436,0.24391143023967743,3.881521463394165,0.1776048243045807,3.899231433868408,0.11926019936800003,4.0531415939331055
1079,3,3,1,0.454731822013855,3.6178882122039795,0.26687559485435486,3.7525529861450195,0.22274592518806458,3.804410934448242,0.1551339328289032,3.9416751861572266
1080,3,3,1,0.4454096555709839,3.626591920852661,0.26171377301216125,3.785348415374756,0.21543167531490326,3.8304269313812256,0.1540776491165161,3.9721899032592773
1081,3,3,1,0.41982221603393555,3.6572988033294678,0.24869957566261292,3.8533706665039062,0.1748046875,3.8598792552948,0.11577247828245163,4.011017322540283
1082,3,3,1,0.4536381959915161,3.6166539192199707,0.2670200765132904,3.754403591156006,0.22881457209587097,3.8185698986053467,0.16376355290412903,4.003651142120361
1083,3,3,1,0.40624502301216125,3.6820199489593506,0.24419043958187103,3.8876760005950928,0.18145129084587097,3.8890109062194824,0.12830835580825806,3.9920783042907715
1084,3,3,1,0.3947305381298065,3.672144889831543,0.2400001883506775,3.881500482559204,0.17693717777729034,3.9018359184265137,0.120535708963871,4.007771015167236
1085,3,3,1,0.4169747531414032,3.670689582824707,0.2477778196334839,3.8662779331207275,0.1845703125,3.86842679977417,0.12713249027729034,3.967236280441284
1086,3,3,1,0.3966761827468872,3.6736838817596436,0.24391143023967743,3.881521463394165,0.1776048243045807,3.899231433868408,0.11926019936800003,4.0531415939331055
1087,3,3,1,0.4276372194290161,3.645566463470459,0.2538813352584839,3.8266706466674805,0.1891043484210968,3.851715326309204,0.12761080265045166,3.9809465408325195
1088,3,3,1,0.39795419573783875,3.6729226112365723,0.24271564185619354,3.890380620956421,0.17233338952064514,3.9069619178771973,0.12041613459587097,4.044190883636475
1089,3,3,1,0.4445476830005646,3.6185827255249023,0.2653011381626129,3.751591682434082,0.2190190553665161,3.7762863636016846,0.16077406704425812,3.9365315437316895
1090,3,3,1,0.4479880630970001,3.631221294403076,0.2626953125,3.7753775119781494,0.22191883623600006,3.831881523132324,0.15630978345870972,3.9864847660064697
1091,3,3,1,0.4279859662055969,3.6539812088012695,0.2525011897087097,3.8334977626800537,0.19485411047935486,3.8659608364105225,0.13223452866077423,4.061039924621582
1092,3,3,1,0.42080625891685486,3.6584317684173584,0.25043347477912903,3.842249870300293,0.1926020383834839,3.862272262573242,0.13745614886283875,4.012759208679199
1093,3,3,1,0.4126250445842743,3.6679365634918213,0.2457798570394516,3.8798272609710693,0.17814293503761292,3.898137331008911,0.11920040845870972,4.011369228363037
1094,3,3,1,0.4093739986419678,3.6616361141204834,0.24658700823783875,3.8767049312591553,0.1635144203901291,3.9084038734436035,0.10514987260103226,4.0454888343811035
1095,3,3,1,0.44160303473472595,3.630103349685669,0.26249101758003235,3.78425669670105,0.21216318011283875,3.79972767829895,0.15194514393806458,3.946747064590454
1096,3,3,1,0.41253039240837097,3.6700403690338135,0.2450823038816452,3.8856046199798584,0.16747049987316132,3.9073545932769775,0.10989317297935486,4.062386512756348
1097,3,3,1,0.4288080930709839,3.656956672668457,0.2525908648967743,3.824700117111206,0.20052415132522583,3.862097978591919,0.14122289419174194,4.013265609741211
1098,3,3,1,0.4490269124507904,3.624490261077881,0.2633928656578064,3.7723402976989746,0.22402143478393555,3.8280324935913086,0.15894052386283875,3.962883949279785
1099,3,0,0,0.42633429169654846,3.6475510597229004,0.2550821006298065,3.8227596282958984,0.19891980290412903,3.864041566848755,0.13835299015045166,3.98372220993042
1100,3,0,0,0.3831886649131775,3.6584532260894775,0.2269461452960968,3.88456392288208,0.14727160334587097,3.951214551925659,0.097098208963871,4.084359645843506
1101,3,3,1,0.4108811914920807,3.6784169673919678,0.24458904564380646,3.885129451751709,0.17889030277729034,3.875668525695801,0.12183114886283875,4.040569305419922
1102,3,3,1,0.4116983115673065,3.664090871810913,0.24793227016925812,3.866722822189331,0.17658840119838715,3.891146183013916,0.11832349747419357,4.046824932098389
1103,3,3,1,0.43204420804977417,3.6513497829437256,0.2530542314052582,3.8282501697540283,0.19386757910251617,3.879979372024536,0.12896603345870972,4.026425361633301
1104,3,3,1,0.4288080930709839,3.656956672668457,0.2525908648967743,3.824700117111206,0.20052415132522583,3.862097978591919,0.14122289419174194,4.013265609741211
1105,3,3,1,0.40081411600112915,3.6812479496002197,0.23771822452545166,3.9084277153015137,0.16670319437980652,3.890848159790039,0.11553332209587097,4.040365695953369
1106,3,3,1,0.4265734553337097,3.6632189750671387,0.25069254636764526,3.858372211456299,0.19261200726032257,3.888561248779297,0.1381138414144516,4.034776210784912
1107,3,3,1,0.4173658490180969,3.6614596843719482,0.24895866215229034,3.8688533306121826,0.17531289160251617,3.861933708190918,0.1141183003783226,3.989346742630005
1108,3,3,1,0.4429433345794678,3.6298952102661133,0.2596510350704193,3.7894575595855713,0.21515265107154846,3.8266870975494385,0.15595105290412903,3.9974441528320312
1109,3,3,1,0.4385836720466614,3.6360485553741455,0.2598104476928711,3.7990028858184814,0.20869538187980652,3.83817982673645,0.14465083181858063,3.968310832977295
1110,3,3,1,0.4166508913040161,3.6292548179626465,0.25428491830825806,3.7949094772338867,0.1988002210855484,3.8300249576568604,0.14184071123600006,3.9939582347869873
1111,3,3,1,0.40853196382522583,3.673232078552246,0.24349290132522583,3.885226011276245,0.1802455335855484,3.926194190979004,0.12603634595870972,4.089025974273682
1112,3,3,1,0.4294682741165161,3.648794651031494,0.25028398633003235,3.8361237049102783,0.190778449177742,3.8704099655151367,0.13235411047935486,3.9838879108428955
1113,3,3,1,0.44054925441741943,3.635845899581909,0.25659677386283875,3.803339719772339,0.2024174928665161,3.8550682067871094,0.14010682702064514,3.9699857234954834
1114,3,3,1,0.3856923580169678,3.660205364227295,0.24971100687980652,3.8541641235351562,0.1903599351644516,3.8831074237823486,0.13046076893806458,3.9769325256347656
1115,3,3,1,0.44041723012924194,3.621737003326416,0.2644491195678711,3.7640364170074463,0.22604431211948395,3.8006083965301514,0.17040018737316132,3.935906410217285
1116,3,3,1,0.4244409501552582,3.650463104248047,0.2506028711795807,3.8332903385162354,0.1923230141401291,3.855595827102661,0.13857221603393555,4.018984794616699
1117,3,3,1,0.4132503569126129,3.6754016876220703,0.24778279662132263,3.8690152168273926,0.1862444132566452,3.894756555557251,0.12781010568141937,4.020583152770996
1118,3,3,1,0.4282824397087097,3.6564950942993164,0.2510014772415161,3.8398077487945557,0.19191445410251617,3.8599095344543457,0.12888631224632263,4.006649017333984
1119,3,3,1,0.4467449486255646,3.6314163208007812,0.260498046875,3.7790677547454834,0.21579040586948395,3.8124682903289795,0.1534598171710968,3.9477922916412354
1120,3,3,1,0.453877329826355,3.6129753589630127,0.26496732234954834,3.740673303604126,0.22804726660251617,3.791653871536255,0.16521842777729034,3.932689905166626
1121,3,3,1,0.39777979254722595,3.6598589420318604,0.24228714406490326,3.8582093715667725,0.1787208914756775,3.8771119117736816,0.12181121855974197,4.027486801147461
1122,3,3,1,0.425258070230484,3.6534135341644287,0.2512705326080322,3.8357160091400146,0.189801886677742,3.8714232444763184,0.13052056729793549,4.004275321960449
1123,3,3,1,0.39932936429977417,3.6466431617736816,0.25104132294654846,3.8429293632507324,0.1889747977256775,3.8813014030456543,0.12952406704425812,4.034466743469238
1124,3,3,1,0.43623942136764526,3.6253840923309326,0.2622867524623871,3.786748170852661,0.20855587720870972,3.832767963409424,0.14594626426696777,4.006008625030518
1125,3,3,1,0.43670278787612915,3.630584955215454,0.2585200071334839,3.787919759750366,0.20665258169174194,3.813723564147949,0.1496930718421936,3.9595260620117188
1126,3,3,1,0.41238588094711304,3.673102378845215,0.2450573891401291,3.879330635070801,0.17757493257522583,3.8934905529022217,0.1238839253783226,3.9988739490509033
1127,3,3,1,0.4193738102912903,3.670898199081421,0.24876932799816132,3.8675520420074463,0.18929368257522583,3.874499797821045,0.1307995766401291,4.012799263000488
1128,3,3,1,0.43440088629722595,3.6291720867156982,0.2623365819454193,3.7733418941497803,0.2163185477256775,3.8383545875549316,0.1522839516401291,3.9982986450195312
1129,3,3,1,0.41234853863716125,3.6729519367218018,0.24746890366077423,3.8741846084594727,0.18179009854793549,3.875075340270996,0.12328603118658066,4.008406162261963
1130,3,3,1,0.4458954334259033,3.6329991817474365,0.26147958636283875,3.7876715660095215,0.21808233857154846,3.8339502811431885,0.1554129421710968,3.9811489582061768
1131,3,3,1,0.42529046535491943,3.6588056087493896,0.25139009952545166,3.8388266563415527,0.19618940353393555,3.8581368923187256,0.13502471148967743,4.013874530792236
1132,3,3,1,0.453144907951355,3.609436273574829,0.2681959569454193,3.729304552078247,0.22428052127361298,3.768916368484497,0.16260762512683868,3.923765182495117
1133,3,3,1,0.4214116334915161,3.6664774417877197,0.24980567395687103,3.8536410331726074,0.18500876426696777,3.8827426433563232,0.13054049015045166,4.038931369781494
1134,3,3,1,0.42141908407211304,3.658313751220703,0.24741409718990326,3.842761278152466,0.18377311527729034,3.8318512439727783,0.12950414419174194,3.9210526943206787
1135,3,3,1,0.41875597834587097,3.6684911251068115,0.24920280277729034,3.8551862239837646,0.19114716351032257,3.8812427520751953,0.1277901828289032,4.008265972137451
1136,3,3,1,0.44193437695503235,3.635352611541748,0.26127031445503235,3.782123565673828,0.20904415845870972,3.8087520599365234,0.15041054785251617,3.9786670207977295
1137,3,3,1,0.3758993148803711,3.6785452365875244,0.2451520562171936,3.8824055194854736,0.18314532935619354,3.879645347595215,0.13582190871238708,3.9543652534484863
1138,3,3,1,0.42343947291374207,3.661285400390625,0.2514548599720001,3.8446145057678223,0.1867924928665161,3.8562817573547363,0.1287069469690323,3.992722272872925
1139,3,3,1,0.3500553071498871,3.665658473968506,0.24167928099632263,3.8604915142059326,0.21488361060619354,3.8556389808654785,0.15919961035251617,3.9154982566833496
1140,3,3,1,0.44712361693382263,3.63002347946167,0.26171875,3.7737207412719727,0.22067321836948395,3.832874298095703,0.1593191921710968,3.986990213394165
1141,3,3,1,0.42255011200904846,3.668166160583496,0.24918286502361298,3.8546547889709473,0.18853634595870972,3.849048614501953,0.13034120202064514,3.972018241882324
1142,3,3,1,0.4008514881134033,3.684248447418213,0.24111127853393555,3.9088692665100098,0.16275709867477417,3.9204065799713135,0.11381935328245163,4.017860412597656
1143,3,3,1,0.4849529564380646,3.558490514755249,0.2898995578289032,3.591777801513672,0.27843987941741943,3.628122568130493,0.20372289419174194,3.7573859691619873
1144,3,3,1,0.37871938943862915,3.668177366256714,0.23751892149448395,3.9009251594543457,0.16845703125,3.922271490097046,0.10752151906490326,4.059499740600586
1145,3,3,1,0.4391990005970001,3.6324574947357178,0.2630191743373871,3.783989191055298,0.21371771395206451,3.821326971054077,0.15363918244838715,3.958879232406616
1146,3,3,1,0.4208486080169678,3.6644389629364014,0.2498006969690323,3.848851203918457,0.1883470118045807,3.8737633228302,0.12745137512683868,3.959656000137329
1147,3,3,1,0.4300885796546936,3.6595652103424072,0.24907325208187103,3.8461692333221436,0.19368821382522583,3.8719966411590576,0.13502471148967743,4.014169692993164
1148,3,3,1,0.40960317850112915,3.659106731414795,0.24918785691261292,3.849998950958252,0.18661311268806458,3.8840177059173584,0.13091915845870972,4.032120704650879
1149,3,3,1,0.44873046875,3.633652448654175,0.26215222477912903,3.7761285305023193,0.2180424928665161,3.810931921005249,0.15174585580825806,3.9915943145751953
1150,3,3,1,0.3911655843257904,3.6665074825286865,0.24946188926696777,3.8581929206848145,0.19212372601032257,3.870591402053833,0.1398477405309677,3.9543964862823486
1151,3,3,1,0.43010103702545166,3.6559722423553467,0.2529047727584839,3.830000638961792,0.19522280991077423,3.8807106018066406,0.13237403333187103,4.015206336975098
1152,3,3,1,0.38132521510124207,3.6604690551757812,0.2462681382894516,3.864790439605713,0.18333466351032257,3.857593297958374,0.1188616082072258,4.026659965515137
1153,3,3,1,0.4241345524787903,3.6626393795013428,0.2493024468421936,3.857642412185669,0.18599529564380646,3.8796143531799316,0.1273118555545807,4.010018825531006
1154,3,3,1,0.37665167450904846,3.683208703994751,0.23624341189861298,3.917578935623169,0.1591099351644516,3.934427261352539,0.10827885568141937,4.105834484100342
1155,3,3,1,0.4264862537384033,3.65939998626709,0.25109612941741943,3.8342528343200684,0.19268175959587097,3.8590195178985596,0.13329081237316132,3.9757776260375977
1156,3,3,1,0.42439860105514526,3.660524606704712,0.25041353702545166,3.862154006958008,0.18520806729793549,3.8571505546569824,0.12406329810619354,3.9402408599853516
1157,3,3,1,0.429774671792984,3.651456356048584,0.2510114312171936,3.8382461071014404,0.19448541104793549,3.9001383781433105,0.13229432702064514,4.041428089141846
1158,3,3,1,0.3562958240509033,3.6766676902770996,0.2484654039144516,3.8726236820220947,0.19828204810619354,3.8553624153137207,0.1453683078289032,3.9469428062438965
1159,3,3,1,0.36744409799575806,3.6711480617523193,0.2521823048591614,3.867882490158081,0.189453125,3.8484115600585938,0.13360969722270966,3.9533114433288574
1160,3,3,1,0.4592559039592743,3.606360673904419,0.2733229100704193,3.7105929851531982,0.24291492998600006,3.7267096042633057,0.18086335062980652,3.8513498306274414
1161,3,3,1,0.41339483857154846,3.66433048248291,0.24766820669174194,3.8684918880462646,0.17437618970870972,3.87650728225708,0.11461655050516129,4.007824897766113
1162,3,3,1,0.4088732600212097,3.66701602935791,0.2423020899295807,3.8780202865600586,0.1678989976644516,3.910677194595337,0.12087451666593552,4.027369976043701
1163,3,3,1,0.4388776421546936,3.6363322734832764,0.25962111353874207,3.8037116527557373,0.2075294852256775,3.8484106063842773,0.1427176296710968,4.018153667449951
1164,3,3,1,0.37122079730033875,3.6811981201171875,0.24744398891925812,3.887803792953491,0.18850645422935486,3.8884072303771973,0.13213488459587097,4.038310527801514
1165,3,3,1,0.4269845187664032,3.6613786220550537,0.2513103783130646,3.839132308959961,0.19486407935619354,3.8585526943206787,0.13201530277729034,4.0246076583862305
1166,3,3,1,0.4129987359046936,3.6568424701690674,0.25194814801216125,3.844918727874756,0.19286112487316132,3.8857600688934326,0.13241389393806458,4.039283752441406
1167,3,3,1,0.4330431818962097,3.645768404006958,0.2544891834259033,3.819899320602417,0.19953761994838715,3.862614870071411,0.13907046616077423,4.0048723220825195
1168,3,3,1,0.3686622977256775,3.6547465324401855,0.2496263086795807,3.844334363937378,0.21346858143806458,3.8727476596832275,0.14479033648967743,3.96724009513855
1169,3,3,1,0.39436930418014526,3.6714022159576416,0.24051837623119354,3.8801815509796143,0.1649693101644516,3.9117486476898193,0.11389907449483871,4.024847030639648
1170,3,3,1,0.42176786065101624,3.644355297088623,0.25292471051216125,3.8294034004211426,0.19486407935619354,3.8583481311798096,0.13171635568141937,4.010894298553467
1171,3,3,1,0.41433653235435486,3.6655383110046387,0.2500946521759033,3.8556628227233887,0.18934351205825806,3.8849008083343506,0.12725207209587097,4.024118900299072
1172,3,3,1,0.4343884289264679,3.6511266231536865,0.2551966905593872,3.8100509643554688,0.20504823327064514,3.8506100177764893,0.14186064898967743,3.969935417175293
1173,3,3,1,0.4350411593914032,3.6486380100250244,0.25567999482154846,3.8140151500701904,0.203962042927742,3.8250927925109863,0.14393335580825806,3.9543063640594482
1174,3,3,1,0.45111706852912903,3.6196253299713135,0.2641352415084839,3.7534377574920654,0.22103196382522583,3.7997384071350098,0.15160633623600006,3.9652950763702393
1175,3,3,1,0.4365333914756775,3.6318509578704834,0.25602877140045166,3.7851943969726562,0.19772401452064514,3.836054801940918,0.13472576439380646,3.991124153137207
1176,3,3,1,0.41104063391685486,3.6652019023895264,0.24451430141925812,3.8517982959747314,0.18152104318141937,3.86588716506958,0.13352997601032257,3.9898507595062256
1177,3,3,1,0.3952661454677582,3.662990093231201,0.2390385866165161,3.874687433242798,0.1760702282190323,3.913860321044922,0.12254862487316132,4.017563819885254
1178,3,3,1,0.42403489351272583,3.6672072410583496,0.2495216727256775,3.8498802185058594,0.18989157676696777,3.879460573196411,0.13062021136283875,4.0267014503479
1179,3,3,1,0.42776674032211304,3.6584744453430176,0.25150468945503235,3.836859703063965,0.19408680498600006,3.8547518253326416,0.13297194242477417,3.990108013153076
1180,3,3,1,0.41690248250961304,3.669234275817871,0.24786251783370972,3.8724546432495117,0.18071387708187103,3.862144947052002,0.12270806729793549,3.987818717956543
1181,3,3,1,0.4261574149131775,3.650374412536621,0.25191324949264526,3.833524465560913,0.18440090119838715,3.8385841846466064,0.13060028851032257,3.976499319076538
1182,3,3,1,0.4149942100048065,3.6480472087860107,0.25398099422454834,3.826817035675049,0.19376793503761292,3.8380045890808105,0.13297194242477417,3.992206335067749
1183,3,2,0,0.41170579195022583,3.666698932647705,0.23752889037132263,3.8826589584350586,0.16841717064380646,3.923377275466919,0.11808434128761292,4.064472675323486
1184,3,3,1,0.4261823296546936,3.6594786643981934,0.2504733204841614,3.847367286682129,0.19376793503761292,3.892003059387207,0.1349848508834839,4.057138442993164
1185,3,3,1,0.4300885796546936,3.6595652103424072,0.24907325208187103,3.8461692333221436,0.19368821382522583,3.8719966411590576,0.13502471148967743,4.014169692993164
1186,3,3,1,0.42332738637924194,3.6643617153167725,0.2519082725048065,3.848513603210449,0.1951032280921936,3.8698606491088867,0.134765625,4.015084266662598
1187,3,3,1,0.4168202877044678,3.6748945713043213,0.24590441584587097,3.8738906383514404,0.1897221803665161,3.9101319313049316,0.13584183156490326,4.055164337158203
1188,3,3,1,0.40596848726272583,3.6496787071228027,0.25208765268325806,3.8397865295410156,0.19672751426696777,3.87600040435791,0.13761559128761292,4.0298333168029785
1189,3,3,1,0.40856683254241943,3.67541241645813,0.2448132485151291,3.8835859298706055,0.1780233532190323,3.8931989669799805,0.12406329810619354,4.017028331756592
1190,3,3,1,0.4224953055381775,3.665876626968384,0.25059789419174194,3.8527517318725586,0.19383768737316132,3.887877941131592,0.13604113459587097,4.029446125030518
1191,3,3,1,0.45949506759643555,3.601187229156494,0.27051278948783875,3.7108283042907715,0.23291015625,3.752363920211792,0.1619100719690323,3.87949275970459
1192,3,3,1,0.42058703303337097,3.659242868423462,0.24885901808738708,3.852964162826538,0.18350405991077423,3.8742330074310303,0.12498006969690323,4.0141921043396
1193,3,3,1,0.41547003388404846,3.668339490890503,0.2477678507566452,3.875361919403076,0.18028539419174194,3.8806655406951904,0.12244898080825806,4.0078125
1194,3,3,1,0.4197375178337097,3.6718955039978027,0.24819634854793549,3.8666439056396484,0.18951290845870972,3.885897636413574,0.13458625972270966,4.056567668914795
1195,3,3,1,0.4171491265296936,3.6705942153930664,0.24740412831306458,3.8671231269836426,0.18767936527729034,3.895667314529419,0.13279256224632263,4.043523788452148
1196,3,3,1,0.42869099974632263,3.6592748165130615,0.25250616669654846,3.830087423324585,0.1989995241165161,3.8390085697174072,0.13924983143806458,3.955775022506714
1197,3,3,1,0.41699716448783875,3.6638965606689453,0.24336335062980652,3.868950128555298,0.17456552386283875,3.9066102504730225,0.11533401906490326,4.038534641265869
1198,3,3,1,0.414393812417984,3.6595606803894043,0.24867963790893555,3.8544209003448486,0.17754504084587097,3.8791604042053223,0.1219308003783226,4.016018390655518
1199,3,3,1,0.4384067952632904,3.6427831649780273,0.25728434324264526,3.800476312637329,0.20770886540412903,3.8325178623199463,0.14329560101032257,4.005146026611328
1200,3,3,1,0.4115613102912903,3.6683433055877686,0.24713009595870972,3.871471881866455,0.18100287020206451,3.8558688163757324,0.12113361060619354,3.9975321292877197
1201,3,3,1,0.4395328462123871,3.635066270828247,0.2566864490509033,3.7998368740081787,0.20343390107154846,3.8393337726593018,0.1422991007566452,3.9609243869781494
1202,3,3,1,0.40753546357154846,3.647516965866089,0.2534777522087097,3.843515396118164,0.18782883882522583,3.8605761528015137,0.12844786047935486,4.043444633483887
1203,3,3,1,0.39300161600112915,3.673447370529175,0.24057318270206451,3.8905227184295654,0.16613520681858063,3.9322216510772705,0.11888153105974197,4.061022758483887
1204,3,3,1,0.45520517230033875,3.609053134918213,0.2700793147087097,3.714754819869995,0.23195351660251617,3.7512996196746826,0.16864636540412903,3.903923511505127
1205,3,3,1,0.3991375267505646,3.6459550857543945,0.24405591189861298,3.8443949222564697,0.16556720435619354,3.8893771171569824,0.10718271136283875,4.063220500946045
1206,3,3,1,0.44178491830825806,3.636706590652466,0.2575085759162903,3.7979607582092285,0.20820710062980652,3.839092493057251,0.14459103345870972,3.9931082725524902
1207,3,3,1,0.41234853863716125,3.6729519367218018,0.24746890366077423,3.8741846084594727,0.18179009854793549,3.875075340270996,0.12328603118658066,4.008406162261963
1208,3,3,1,0.42768701910972595,3.6524345874786377,0.2510363459587097,3.828001022338867,0.19079838693141937,3.847809076309204,0.13093909621238708,3.962252616882324
1209,3,3,1,0.44918137788772583,3.61952805519104,0.26478296518325806,3.7471351623535156,0.2268514782190323,3.7927520275115967,0.1653977930545807,3.9391493797302246
1210,3,3,1,0.44244009256362915,3.6340689659118652,0.2600695490837097,3.789853811264038,0.21117664873600006,3.8268213272094727,0.14873644709587097,3.9875385761260986
1211,3,0,0,0.42643892765045166,3.644009590148926,0.25667649507522583,3.8080790042877197,0.20123165845870972,3.857532024383545,0.13564252853393555,3.9933881759643555
1212,3,3,1,0.42926397919654846,3.6607625484466553,0.2526357173919678,3.838339328765869,0.19588050246238708,3.8756167888641357,0.13125796616077423,4.023990154266357
1213,3,3,1,0.44715601205825806,3.6261281967163086,0.26438435912132263,3.781731128692627,0.22158999741077423,3.835634231567383,0.15628986060619354,3.9807446002960205
1214,3,3,1,0.38518664240837097,3.6761093139648438,0.23551598191261292,3.9134104251861572,0.15706712007522583,3.8967771530151367,0.102957583963871,4.067557334899902
1215,3,3,1,0.40865153074264526,3.676912307739258,0.24443458020687103,3.8843636512756348,0.1753029227256775,3.8809685707092285,0.12133290618658066,4.004927635192871
1216,3,3,1,0.42251524329185486,3.6556918621063232,0.25003984570503235,3.8465447425842285,0.1948939710855484,3.886593818664551,0.13946907222270966,4.026578903198242
1217,3,3,1,0.4209706783294678,3.665968418121338,0.24907325208187103,3.853750705718994,0.18333466351032257,3.866452932357788,0.12725207209587097,4.004385471343994
1218,3,3,1,0.41816553473472595,3.671686887741089,0.24823620915412903,3.877042293548584,0.18551698327064514,3.8710856437683105,0.12880659103393555,4.033421039581299
1219,3,3,1,0.4098797142505646,3.6767256259918213,0.24461396038532257,3.8836541175842285,0.18349409103393555,3.8987183570861816,0.12840799987316132,4.049976825714111
1220,3,3,1,0.4256666302680969,3.6624722480773926,0.2506028711795807,3.8377835750579834,0.19009087979793549,3.827479600906372,0.13329081237316132,3.9840011596679688
1221,3,3,1,0.3946458399295807,3.670022964477539,0.24216756224632263,3.8788576126098633,0.17304089665412903,3.9048662185668945,0.11959900707006454,4.0059990882873535
1222,3,3,1,0.42667558789253235,3.6697864532470703,0.25055304169654846,3.849026679992676,0.192243292927742,3.864814519882202,0.13341039419174194,4.02285623550415
1223,3,3,1,0.42440110445022583,3.6572980880737305,0.2499402016401291,3.840423345565796,0.1923927664756775,3.8880717754364014,0.13087929785251617,4.056190013885498
1224,3,3,1,0.4448491334915161,3.612126588821411,0.26299425959587097,3.7388980388641357,0.21286073327064514,3.782500743865967,0.14730149507522583,3.9794344902038574
1225,3,3,1,0.3947305381298065,3.672144889831543,0.2400001883506775,3.881500482559204,0.17693717777729034,3.9018359184265137,0.120535708963871,4.007771015167236
1226,3,3,1,0.39566224813461304,3.6620430946350098,0.23924784362316132,3.8745052814483643,0.16933393478393555,3.8916611671447754,0.11138791590929031,4.039541721343994
1227,3,3,1,0.4216158986091614,3.657545566558838,0.24976083636283875,3.8457348346710205,0.18431122601032257,3.8671064376831055,0.12603634595870972,4.050917148590088
1228,3,3,1,0.41348952054977417,3.6401991844177246,0.24823620915412903,3.8234314918518066,0.18253746628761292,3.8806092739105225,0.12007732689380646,4.0471367835998535
1229,3,0,0,0.4146205186843872,3.66759991645813,0.2495814710855484,3.8597779273986816,0.18307557702064514,3.8816678524017334,0.12934470176696777,4.0010786056518555
1230,3,3,1,0.4082280397415161,3.665128707885742,0.2443947196006775,3.8668527603149414,0.17531289160251617,3.8786449432373047,0.13129782676696777,3.9993927478790283
1231,3,3,1,0.4247623383998871,3.6683871746063232,0.24890385568141937,3.8542516231536865,0.19227319955825806,3.882145643234253,0.13335059583187103,4.029741287231445
1232,3,3,1,0.446864515542984,3.6310689449310303,0.2606275975704193,3.791527271270752,0.21452486515045166,3.8434131145477295,0.14805883169174194,4.00538444519043
1233,3,3,1,0.42116498947143555,3.665193796157837,0.24777282774448395,3.8640832901000977,0.1814413219690323,3.8832931518554688,0.12727199494838715,3.997964382171631
1234,3,3,1,0.42486944794654846,3.6584322452545166,0.25227200984954834,3.84389328956604,0.19312021136283875,3.8678534030914307,0.13209502398967743,3.9796319007873535
1235,3,3,1,0.3966761827468872,3.6736838817596436,0.24391143023967743,3.881521463394165,0.1776048243045807,3.899231433868408,0.11926019936800003,4.0531415939331055
1236,3,3,1,0.4163992702960968,3.6671712398529053,0.2480568289756775,3.8608243465423584,0.18086335062980652,3.8709089756011963,0.12338568270206451,4.006622314453125
1237,3,3,1,0.42032793164253235,3.6583926677703857,0.25189831852912903,3.841604471206665,0.19379782676696777,3.8762855529785156,0.13000239431858063,4.012570858001709
1238,3,3,1,0.368408203125,3.6821722984313965,0.24293984472751617,3.900367021560669,0.17822265625,3.9138383865356445,0.12595662474632263,4.057753086090088
1239,3,3,1,0.42349427938461304,3.6623411178588867,0.24986547231674194,3.854633092880249,0.19685706496238708,3.887218475341797,0.14016661047935486,4.016209125518799
1240,3,3,1,0.41208943724632263,3.672691822052002,0.24549585580825806,3.880155086517334,0.1740373820066452,3.8743200302124023,0.11961893737316132,4.005165100097656
1241,3,3,1,0.4177420437335968,3.67401385307312,0.24869957566261292,3.8611841201782227,0.18902462720870972,3.8773789405822754,0.12878666818141937,4.023831844329834
1242,3,3,1,0.4225550889968872,3.6611130237579346,0.2496960610151291,3.854893684387207,0.18997129797935486,3.8987619876861572,0.13237403333187103,4.036886692047119
1243,3,3,1,0.39138978719711304,3.6821975708007812,0.23513731360435486,3.9041807651519775,0.15902024507522583,3.9147136211395264,0.1095145046710968,4.048771381378174
1244,3,3,1,0.41566187143325806,3.6713454723358154,0.24513711035251617,3.8715243339538574,0.182477667927742,3.886904716491699,0.12886638939380646,4.035725116729736
1245,3,3,1,0.4265734553337097,3.6632189750671387,0.25069254636764526,3.858372211456299,0.19261200726032257,3.888561248779297,0.1381138414144516,4.034776210784912
1246,3,3,1,0.4540293216705322,3.6152613162994385,0.26500219106674194,3.7591140270233154,0.2268415093421936,3.8277103900909424,0.1593989133834839,3.9917478561401367
1247,3,3,1,0.41952577233314514,3.634253978729248,0.2574188709259033,3.802032232284546,0.20582549273967743,3.8412489891052246,0.1409040093421936,3.9930694103240967
1248,3,3,1,0.4089604616165161,3.674853801727295,0.24450433254241943,3.890061855316162,0.17177534103393555,3.886645793914795,0.11322145909070969,4.006689071655273
1249,3,3,1,0.424560546875,3.644717216491699,0.2571847140789032,3.811577320098877,0.20045439898967743,3.844700813293457,0.13679847121238708,4.023018836975098
1250,3,3,1,0.4200937747955322,3.6589138507843018,0.2505829334259033,3.844550848007202,0.18838687241077423,3.8583972454071045,0.13189572095870972,4.0022664070129395
1251,3,3,1,0.41560205817222595,3.6682052612304688,0.24914799630641937,3.8612937927246094,0.18562659621238708,3.87148380279541,0.1253587305545807,4.005246639251709
1252,3,3,1,0.4154949486255646,3.6706738471984863,0.24858497083187103,3.8615410327911377,0.189801886677742,3.8892738819122314,0.1344866007566452,4.014523029327393
1253,3,3,1,0.4557781517505646,3.6190879344940186,0.26631754636764526,3.74391508102417,0.22822663187980652,3.7987163066864014,0.16244818270206451,3.964912176132202
1254,3,3,1,0.38518664240837097,3.6761093139648438,0.23551598191261292,3.9134104251861572,0.15706712007522583,3.8967771530151367,0.102957583963871,4.067557334899902
1255,3,3,1,0.4274976849555969,3.651762008666992,0.2550771236419678,3.8162906169891357,0.2064732164144516,3.8619208335876465,0.14108338952064514,4.026981353759766
1256,3,3,1,0.4127047657966614,3.6476943492889404,0.25149473547935486,3.8336832523345947,0.1951131969690323,3.8636362552642822,0.13319116830825806,4.026185989379883
1257,3,3,1,0.4421461224555969,3.6421306133270264,0.25774770975112915,3.797394275665283,0.21343868970870972,3.8336989879608154,0.15535315871238708,3.9979474544525146
1258,3,3,1,0.416835218667984,3.668804168701172,0.24822624027729034,3.863508701324463,0.18327486515045166,3.8869073390960693,0.12312658876180649,4.020071029663086
1259,3,3,1,0.4303750693798065,3.6516010761260986,0.2513153553009033,3.839968204498291,0.19033002853393555,3.8648691177368164,0.126953125,3.971428632736206
1260,3,1,0,0.3657151758670807,3.6778905391693115,0.2424764782190323,3.882094383239746,0.19376793503761292,3.8617124557495117,0.1418207883834839,3.9321248531341553
1261,3,3,1,0.46400171518325806,3.600647449493408,0.27354711294174194,3.6970055103302,0.2423270046710968,3.741467237472534,0.17267219722270966,3.9174745082855225
1262,3,3,1,0.42213407158851624,3.663159132003784,0.24908322095870972,3.858677387237549,0.18760961294174194,3.8924949169158936,0.12942442297935486,4.0150909423828125
1263,3,3,1,0.41140931844711304,3.6813974380493164,0.2441854625940323,3.8895304203033447,0.1822684109210968,3.8974359035491943,0.1284877210855484,4.055529594421387
1264,3,3,1,0.4214490056037903,3.6632795333862305,0.24848034977912903,3.8657336235046387,0.18514826893806458,3.8890204429626465,0.12972337007522583,4.037179470062256
1265,3,3,1,0.4501429796218872,3.624082088470459,0.2637665271759033,3.766145944595337,0.22445990145206451,3.8219754695892334,0.1614118218421936,3.975799560546875
1266,3,3,1,0.4074731767177582,3.687337636947632,0.24397620558738708,3.893683433532715,0.17842194437980652,3.8896398544311523,0.1227678582072258,4.018019676208496
1267,3,3,1,0.4340396821498871,3.643752098083496,0.2535226047039032,3.8172473907470703,0.19647839665412903,3.843789577484131,0.138671875,4.012216091156006
1268,3,3,1,0.3867212235927582,3.6640148162841797,0.241943359375,3.8704049587249756,0.17130699753761292,3.9225757122039795,0.1282086968421936,4.0472564697265625
1269,3,3,1,0.40811094641685486,3.6380395889282227,0.24616847932338715,3.8235270977020264,0.16974250972270966,3.8463072776794434,0.10865752398967743,3.9911959171295166
1270,3,3,1,0.42739805579185486,3.6548516750335693,0.25048828125,3.8481521606445312,0.19568119943141937,3.8947396278381348,0.1325334757566452,4.04601526260376
1271,3,3,1,0.41745057702064514,3.6599948406219482,0.2500896751880646,3.8480894565582275,0.19630898535251617,3.8816752433776855,0.14032605290412903,4.045306205749512
1272,3,3,1,0.4221440553665161,3.666743278503418,0.24911810457706451,3.854617118835449,0.18902462720870972,3.8815436363220215,0.12998245656490326,4.026065826416016
1273,3,3,1,0.4183449149131775,3.670696258544922,0.2477678507566452,3.8650660514831543,0.18684230744838715,3.8664000034332275,0.12888631224632263,4.010514736175537
1274,3,3,1,0.4551403820514679,3.603545665740967,0.2711007297039032,3.707963466644287,0.2301199734210968,3.736760139465332,0.16900509595870972,3.8985848426818848
1275,3,3,1,0.43094056844711304,3.6548619270324707,0.2551020383834839,3.8285350799560547,0.1998465359210968,3.8609821796417236,0.13681839406490326,4.01063346862793
1276,3,3,1,0.4155995845794678,3.667423963546753,0.2500597834587097,3.857595443725586,0.18564651906490326,3.873966693878174,0.12480069696903229,4.010060787200928
1277,3,3,1,0.40994948148727417,3.6754255294799805,0.2451520562171936,3.8818771839141846,0.18481943011283875,3.892866849899292,0.12852758169174194,4.014110565185547
1278,3,2,0,0.4198969602584839,3.665405035018921,0.24774792790412903,3.8701231479644775,0.1735491007566452,3.8919384479522705,0.11318159848451614,4.030815124511719
1279,3,3,1,0.46607938408851624,3.596371650695801,0.27573439478874207,3.6961746215820312,0.24953164160251617,3.732279062271118,0.17891022562980652,3.862203359603882
1280,3,3,1,0.41229870915412903,3.6692991256713867,0.24644750356674194,3.872854471206665,0.18002630770206451,3.890125036239624,0.12984295189380646,4.025633335113525
1281,3,3,1,0.42374590039253235,3.6499133110046387,0.2532884180545807,3.833444833755493,0.18309549987316132,3.8537063598632812,0.11931999027729034,3.993652820587158
1282,3,3,1,0.4303426742553711,3.66091251373291,0.2519381642341614,3.839592695236206,0.19055922329425812,3.867018699645996,0.12788982689380646,3.9892473220825195
1283,3,3,1,0.42308324575424194,3.6555652618408203,0.24970105290412903,3.8510255813598633,0.1884865164756775,3.896272897720337,0.13129782676696777,4.062841415405273
1284,3,3,1,0.4227394461631775,3.6620032787323,0.24911311268806458,3.857614278793335,0.1820591539144516,3.8582923412323,0.1238839253783226,3.9964606761932373
1285,3,3,1,0.4276621341705322,3.6580123901367188,0.25245633721351624,3.8289880752563477,0.19287109375,3.8249030113220215,0.13125796616077423,3.955359935760498
1286,3,3,1,0.38789957761764526,3.6729350090026855,0.2472795695066452,3.8674190044403076,0.18891501426696777,3.9077961444854736,0.12860730290412903,4.033627986907959
1287,3,3,1,0.4469591975212097,3.627685785293579,0.2611407935619354,3.7759101390838623,0.21891939640045166,3.8655834197998047,0.15381856262683868,4.023322105407715
1288,3,3,1,0.41531309485435486,3.6657068729400635,0.2480119913816452,3.8628482818603516,0.18420161306858063,3.898566484451294,0.12549825012683868,4.004446506500244
1289,3,3,1,0.41238340735435486,3.6500658988952637,0.2531638443470001,3.8361968994140625,0.19145606458187103,3.8716495037078857,0.12896603345870972,4.016998767852783
1290,3,3,1,0.43962252140045166,3.637208938598633,0.2588388919830322,3.8048508167266846,0.21300023794174194,3.8605847358703613,0.15128746628761292,3.9757606983184814
1291,3,3,1,0.4112448990345001,3.660085916519165,0.24882911145687103,3.8566908836364746,0.1759207546710968,3.8882405757904053,0.1212332546710968,4.021864414215088
1292,3,3,1,0.4072091281414032,3.673088312149048,0.2431291788816452,3.881857395172119,0.17300103604793549,3.8808248043060303,0.1251395046710968,4.03217077255249
1293,3,3,1,0.41042280197143555,3.6607587337493896,0.24480827152729034,3.8615825176239014,0.18114237487316132,3.8853559494018555,0.12492027878761292,4.019304275512695
1294,3,3,1,0.44471460580825806,3.6336324214935303,0.2603485584259033,3.7829980850219727,0.2214704155921936,3.8637120723724365,0.15642936527729034,4.01312255859375
1295,3,3,1,0.4161899983882904,3.6613352298736572,0.24953164160251617,3.854857921600342,0.18292610347270966,3.866644859313965,0.12505978345870972,4.001752853393555
1296,3,3,1,0.40111058950424194,3.648162603378296,0.2432786524295807,3.8499395847320557,0.16263751685619354,3.8965137004852295,0.10178172588348389,4.077148914337158
1297,3,3,1,0.4160754084587097,3.6492552757263184,0.2519431412220001,3.8326148986816406,0.18584582209587097,3.8700804710388184,0.1267338991165161,4.0218586921691895
1298,3,3,1,0.42949816584587097,3.6500022411346436,0.2548130452632904,3.831430196762085,0.19446547329425812,3.8558545112609863,0.1341477930545807,3.9977715015411377
1299,3,3,1,0.4283272922039032,3.658229351043701,0.25275030732154846,3.835909128189087,0.19724568724632263,3.8537940979003906,0.1424386203289032,3.9738352298736572
1300,3,3,1,0.4016736149787903,3.6824944019317627,0.24258111417293549,3.8938732147216797,0.17810307443141937,3.911654472351074,0.1305803507566452,4.02670955657959
1301,3,3,1,0.41986706852912903,3.6697421073913574,0.24842055141925812,3.861830472946167,0.18591557443141937,3.857747793197632,0.1296635866165161,4.016907691955566
1302,3,3,1,0.42471498250961304,3.663769006729126,0.25095662474632263,3.842757225036621,0.19486407935619354,3.8756840229034424,0.1369977593421936,4.044079303741455
1303,3,3,1,0.4136962890625,3.6763057708740234,0.24726462364196777,3.8834707736968994,0.18517817556858063,3.9069042205810547,0.1315569132566452,4.035600662231445
1304,3,3,1,0.4484265148639679,3.615898609161377,0.26538583636283875,3.751332998275757,0.22262634336948395,3.784700870513916,0.1624681055545807,3.907139301300049
1305,3,3,1,0.45022520422935486,3.6279354095458984,0.26263052225112915,3.772305488586426,0.2244100719690323,3.835435152053833,0.15710698068141937,4.003932476043701
1306,3,3,1,0.42061442136764526,3.6643173694610596,0.24923767149448395,3.8590247631073,0.18857620656490326,3.8773515224456787,0.13279256224632263,4.015758514404297
1307,3,3,1,0.4087362289428711,3.6396234035491943,0.25905314087867737,3.80576229095459,0.21127630770206451,3.845203399658203,0.14686304330825806,3.9552178382873535
1308,3,3,1,0.45279115438461304,3.620443105697632,0.2648676633834839,3.758558988571167,0.22620375454425812,3.8078854084014893,0.15762515366077423,3.9649765491485596
1309,3,3,1,0.4236188530921936,3.655900716781616,0.24971100687980652,3.8358075618743896,0.192243292927742,3.860926866531372,0.13394850492477417,4.009671211242676
1310,3,3,1,0.42215651273727417,3.6648943424224854,0.24965620040893555,3.852116584777832,0.19344905018806458,3.8817801475524902,0.13494499027729034,4.025993347167969
1311,3,3,1,0.3683309555053711,3.665724277496338,0.23756377398967743,3.8665688037872314,0.2039022594690323,3.920437812805176,0.14385363459587097,4.050706386566162
1312,3,3,1,0.42867106199264526,3.6611244678497314,0.24939711391925812,3.856058359146118,0.19522280991077423,3.9036803245544434,0.1340680718421936,4.028690338134766
1313,3,3,1,0.38518664240837097,3.6761093139648438,0.23551598191261292,3.9134104251861572,0.15706712007522583,3.8967771530151367,0.102957583963871,4.067557334899902
1314,3,3,1,0.4466378390789032,3.628221035003662,0.26251593232154846,3.7744266986846924,0.2190290093421936,3.829890727996826,0.1541573703289032,4.009566783905029
1315,3,3,1,0.4077073633670807,3.666289806365967,0.24527163803577423,3.870965003967285,0.16942362487316132,3.9097166061401367,0.12027662247419357,4.055675029754639
1316,3,3,1,0.42809808254241943,3.634385108947754,0.2559291124343872,3.8014445304870605,0.19959741830825806,3.835047483444214,0.1386120766401291,3.98892879486084
1317,3,3,1,0.4254224896430969,3.6597020626068115,0.2493024468421936,3.8513669967651367,0.19477438926696777,3.890514612197876,0.13550302386283875,4.043829917907715
1318,3,3,1,0.46116918325424194,3.609025716781616,0.27175840735435486,3.724914312362671,0.24015465378761292,3.769335985183716,0.17315050959587097,3.922536849975586
1319,3,3,1,0.42867106199264526,3.6611244678497314,0.24939711391925812,3.856058359146118,0.19522280991077423,3.9036803245544434,0.1340680718421936,4.028690338134766
1320,3,3,1,0.42737314105033875,3.656236410140991,0.2534677982330322,3.821807622909546,0.19764429330825806,3.8418877124786377,0.1378946155309677,3.9810667037963867
1321,3,3,1,0.4437704086303711,3.633010149002075,0.26077207922935486,3.7904772758483887,0.21549145877361298,3.8352370262145996,0.15106824040412903,3.9762532711029053
1322,3,3,1,0.45174485445022583,3.621565818786621,0.2638362944126129,3.7751779556274414,0.22324417531490326,3.8487255573272705,0.15688775479793549,4.018800735473633
1323,3,0,0,0.4452327787876129,3.6219897270202637,0.26368680596351624,3.750051975250244,0.21639826893806458,3.804199695587158,0.15023118257522583,3.9547624588012695
1324,3,3,1,0.39761289954185486,3.6576485633850098,0.24768315255641937,3.8562893867492676,0.17561183869838715,3.859785556793213,0.11776546388864517,4.026231288909912
1325,3,3,1,0.4145532548427582,3.6515729427337646,0.25255101919174194,3.833550453186035,0.19488400220870972,3.8605103492736816,0.13217474520206451,3.9989445209503174
1326,3,3,1,0.44877779483795166,3.625136613845825,0.26464346051216125,3.768765926361084,0.22562579810619354,3.8290786743164062,0.15808354318141937,3.9916791915893555
1327,3,3,1,0.3857521414756775,3.6721603870391846,0.24377690255641937,3.8760194778442383,0.19213367998600006,3.9041025638580322,0.13795439898967743,4.048541069030762
1328,3,3,1,0.4488425552845001,3.6259288787841797,0.2622319459915161,3.765404462814331,0.22134087979793549,3.8155500888824463,0.1548549085855484,3.9740025997161865
1329,3,3,1,0.41025587916374207,3.6686604022979736,0.24534139037132263,3.869783401489258,0.17392776906490326,3.8806004524230957,0.11742665618658066,4.0020365715026855
1330,3,3,1,0.3500553071498871,3.665658473968506,0.24167928099632263,3.8604915142059326,0.21488361060619354,3.8556389808654785,0.15919961035251617,3.9154982566833496
1331,3,3,1,0.44643354415893555,3.628396987915039,0.26123046875,3.78222393989563,0.21022002398967743,3.8136138916015625,0.146484375,3.9912924766540527
1332,3,3,1,0.43295350670814514,3.6350157260894775,0.2561832368373871,3.8088181018829346,0.20156049728393555,3.8335392475128174,0.14518892765045166,3.9774880409240723
1333,3,3,1,0.4193713068962097,3.651880979537964,0.24899353086948395,3.8348941802978516,0.1869519203901291,3.839987277984619,0.1326729953289032,3.982274293899536
1334,3,3,1,0.4176548421382904,3.6692872047424316,0.24734434485435486,3.855125665664673,0.1882573366165161,3.891488552093506,0.13054049015045166,4.026565074920654
1335,3,3,1,0.4157390892505646,3.6391680240631104,0.2543696165084839,3.8045167922973633,0.19561144709587097,3.8685684204101562,0.13562260568141937,4.016605377197266
1336,3,3,1,0.4098074734210968,3.6413190364837646,0.2558693289756775,3.8117966651916504,0.20318478345870972,3.8478176593780518,0.13871173560619354,3.996407985687256
1337,3,3,1,0.4306391477584839,3.6553261280059814,0.2534428834915161,3.823225259780884,0.2006138414144516,3.8551063537597656,0.1382533460855484,3.998558521270752
1338,3,3,1,0.4618368148803711,3.6013970375061035,0.27176836133003235,3.7143642902374268,0.23785275220870972,3.7593111991882324,0.16820789873600006,3.926184892654419
1339,3,3,1,0.4320566654205322,3.643224000930786,0.25600385665893555,3.8124403953552246,0.20789819955825806,3.8525140285491943,0.14379383623600006,3.9908523559570312
1340,3,3,1,0.39963826537132263,3.6783840656280518,0.2423020899295807,3.8900701999664307,0.1838129758834839,3.908435344696045,0.12755101919174194,4.057031154632568
1341,3,3,1,0.4425771236419678,3.634857654571533,0.25847017765045166,3.7977099418640137,0.2107282280921936,3.8428146839141846,0.14427216351032257,3.959662914276123
1342,3,3,1,0.4481973350048065,3.621393918991089,0.2619031071662903,3.773061990737915,0.21829161047935486,3.8111019134521484,0.1545758843421936,3.964930295944214
1343,3,3,1,0.4159707725048065,3.6466217041015625,0.2554159164428711,3.826443910598755,0.2031349539756775,3.8641157150268555,0.14365433156490326,4.014012336730957
1344,3,3,1,0.42527052760124207,3.6569442749023438,0.2534079849720001,3.832442045211792,0.19170519709587097,3.8614721298217773,0.13263313472270966,4.023440837860107
1345,3,3,1,0.3928147852420807,3.6698102951049805,0.2411511391401291,3.8779752254486084,0.1842215359210968,3.933629035949707,0.12677375972270966,4.110360145568848
1346,3,3,1,0.4182552397251129,3.674175500869751,0.24761340022087097,3.875284194946289,0.1863042116165161,3.891688108444214,0.12553811073303223,4.037942409515381
1347,3,1,0,0.41095343232154846,3.6762123107910156,0.24438974261283875,3.8892557621002197,0.18460020422935486,3.9075303077697754,0.13193558156490326,4.0462236404418945
1348,3,3,1,0.38300928473472595,3.6656694412231445,0.23540137708187103,3.88028621673584,0.1805345118045807,3.919523000717163,0.11730707436800003,4.050628662109375
1349,3,3,1,0.4434017241001129,3.6359636783599854,0.25806161761283875,3.804069995880127,0.21140584349632263,3.8584964275360107,0.14841756224632263,4.020813941955566
1350,3,3,1,0.4447918236255646,3.631080389022827,0.25997987389564514,3.7799880504608154,0.21518255770206451,3.8386588096618652,0.1527024805545807,3.993604898452759
1351,3,3,1,0.413818359375,3.669616460800171,0.2443947196006775,3.8765978813171387,0.1757114976644516,3.9059150218963623,0.12171157449483871,4.0740132331848145
1352,3,3,1,0.4148023724555969,3.6730427742004395,0.24646742641925812,3.8652637004852295,0.18644371628761292,3.9083378314971924,0.1310586780309677,4.037408828735352
1353,3,3,1,0.44071120023727417,3.634080410003662,0.2597157955169678,3.7807812690734863,0.21078802645206451,3.79653000831604,0.14835777878761292,3.9429070949554443
1354,3,3,1,0.3619484305381775,3.6618051528930664,0.24605388939380646,3.8440587520599365,0.22116149961948395,3.8811841011047363,0.1542370766401291,3.969892740249634
1355,3,3,1,0.4059734642505646,3.6677303314208984,0.24711017310619354,3.872973680496216,0.17537268996238708,3.888857364654541,0.11714763939380646,4.034705638885498
1356,3,3,1,0.4123609662055969,3.660993814468384,0.25091177225112915,3.8478126525878906,0.19103755056858063,3.878045082092285,0.13719706237316132,4.039076328277588
1357,3,3,1,0.3958590626716614,3.6770756244659424,0.24513711035251617,3.881971597671509,0.18163065612316132,3.9011905193328857,0.13426737487316132,4.0319132804870605
1358,3,3,1,0.3692004084587097,3.6713225841522217,0.24981564283370972,3.8616645336151123,0.20296555757522583,3.8700902462005615,0.14217951893806458,3.9886460304260254
1359,3,3,1,0.4521334767341614,3.6217422485351562,0.2643793821334839,3.768911838531494,0.22476880252361298,3.820978879928589,0.15575174987316132,3.9792706966400146
1360,3,3,1,0.4284244477748871,3.6528525352478027,0.2513352930545807,3.8342320919036865,0.19130659103393555,3.839618682861328,0.12747129797935486,3.983427047729492
1361,3,3,1,0.42048487067222595,3.671969175338745,0.2487543821334839,3.859351873397827,0.18999122083187103,3.878159999847412,0.13235411047935486,3.9962356090545654
1362,3,3,1,0.45944276452064514,3.6025843620300293,0.26993483304977417,3.706295967102051,0.23747408390045166,3.7530107498168945,0.16659358143806458,3.9065678119659424
1363,3,3,1,0.41597825288772583,3.6633009910583496,0.24709521234035492,3.870445489883423,0.17867107689380646,3.9020636081695557,0.12023676186800003,4.038620948791504
1364,3,3,1,0.42375338077545166,3.668179512023926,0.2491978257894516,3.846845865249634,0.19046954810619354,3.85774827003479,0.1329520046710968,3.9923548698425293
1365,3,3,1,0.4226497709751129,3.6602163314819336,0.2508121430873871,3.847414493560791,0.18550701439380646,3.86592173576355,0.12316644936800003,4.024109840393066
1366,3,3,1,0.4512789845466614,3.622218370437622,0.2646135687828064,3.759155750274658,0.23077765107154846,3.820976734161377,0.16396284103393555,3.9676673412323
1367,3,3,1,0.4212148189544678,3.6690304279327393,0.24923767149448395,3.8539271354675293,0.1896623820066452,3.8691744804382324,0.1306401491165161,4.0059494972229
1368,3,3,1,0.39629751443862915,3.6668782234191895,0.24531647562980652,3.862478733062744,0.17903977632522583,3.8835642337799072,0.13095901906490326,4.013391971588135
1369,3,3,1,0.42417189478874207,3.6646835803985596,0.24965620040893555,3.8481650352478027,0.192243292927742,3.8803648948669434,0.1327527016401291,4.002552032470703
1370,3,3,1,0.40400537848472595,3.6573739051818848,0.2503935992717743,3.852571964263916,0.18837690353393555,3.8878014087677,0.12794961035251617,4.024921894073486
1371,3,3,1,0.4235515892505646,3.6653215885162354,0.2488490492105484,3.860586643218994,0.18612483143806458,3.8909947872161865,0.12456154078245163,4.005280017852783
1372,3,3,1,0.4158437252044678,3.664809465408325,0.24885402619838715,3.863192319869995,0.17879065871238708,3.851633071899414,0.123046875,3.9800777435302734
1373,3,3,1,0.41521593928337097,3.6664087772369385,0.24827606976032257,3.860224723815918,0.18326491117477417,3.871241331100464,0.12900589406490326,4.01931095123291
1374,3,3,1,0.4253452718257904,3.6599390506744385,0.24911810457706451,3.8440768718719482,0.1885463148355484,3.885629653930664,0.1304408460855484,4.021543025970459
1375,3,3,1,0.39566224813461304,3.6620430946350098,0.23924784362316132,3.8745052814483643,0.16933393478393555,3.8916611671447754,0.11138791590929031,4.039541721343994
1376,3,3,1,0.426167368888855,3.6503183841705322,0.2506178319454193,3.840019941329956,0.19844147562980652,3.872300863265991,0.14205995202064514,4.021324157714844
1377,3,3,1,0.42821767926216125,3.6569201946258545,0.24963627755641937,3.8379738330841064,0.19220344722270966,3.8802883625030518,0.13221460580825806,4.011757850646973
1378,3,3,1,0.38030630350112915,3.6780056953430176,0.23742924630641937,3.909050941467285,0.17741549015045166,3.9269826412200928,0.12209024280309677,4.097779750823975
1379,3,3,1,0.4432547390460968,3.627272129058838,0.2593819797039032,3.786492347717285,0.2145746946334839,3.8465611934661865,0.14813855290412903,4.009552001953125
1380,3,3,1,0.4112224876880646,3.669863224029541,0.2462083399295807,3.8791661262512207,0.17436622083187103,3.902503252029419,0.1162109375,4.036357402801514
1381,3,2,0,0.41113778948783875,3.6552345752716064,0.24355767667293549,3.863490343093872,0.16188018023967743,3.9007694721221924,0.10732222348451614,4.0341691970825195
1382,3,3,1,0.44050440192222595,3.6386308670043945,0.25775769352912903,3.7969188690185547,0.20490871369838715,3.8178768157958984,0.1390904039144516,3.9710559844970703
1383,3,3,1,0.4116908311843872,3.656780958175659,0.24507732689380646,3.8660852909088135,0.1615513414144516,3.8811991214752197,0.10869738459587097,4.000916957855225
1384,3,3,1,0.4343535602092743,3.6325671672821045,0.2590780258178711,3.8060309886932373,0.20947265625,3.857475757598877,0.14943398535251617,4.016271114349365
1385,3,3,1,0.39764776825904846,3.6731717586517334,0.24107640981674194,3.887899160385132,0.17674784362316132,3.9064102172851562,0.12637515366077423,4.037533283233643
1386,3,3,1,0.42564672231674194,3.6508913040161133,0.2535076439380646,3.8269259929656982,0.2008230984210968,3.834714412689209,0.14323580265045166,3.9602060317993164
1387,3,3,1,0.4128592312335968,3.668595552444458,0.24638770520687103,3.877110719680786,0.17749521136283875,3.8739614486694336,0.12424266338348389,4.015880584716797
1388,3,3,1,0.45911890268325806,3.6090052127838135,0.2716238796710968,3.7280797958374023,0.23309949040412903,3.7630813121795654,0.16358418762683868,3.9490740299224854
1389,3,1,0,0.38324347138404846,3.6335082054138184,0.2615991532802582,3.7962441444396973,0.21998564898967743,3.8240623474121094,0.16583625972270966,3.867323637008667
1390,3,3,1,0.4274478852748871,3.660597562789917,0.2513950765132904,3.857638359069824,0.19688695669174194,3.8921449184417725,0.13536351919174194,4.029151916503906
1391,3,3,1,0.44680970907211304,3.62434983253479,0.26086175441741943,3.76973032951355,0.2174944132566452,3.817373752593994,0.15363918244838715,3.968348741531372
1392,3,3,1,0.4220867455005646,3.6665802001953125,0.2488141655921936,3.852757453918457,0.18863599002361298,3.8866350650787354,0.13382892310619354,4.017125606536865
1393,3,3,1,0.42608019709587097,3.6581809520721436,0.25114595890045166,3.8455936908721924,0.1884167641401291,3.8705837726593018,0.13091915845870972,4.006241321563721
1394,3,3,1,0.4202357530593872,3.664512872695923,0.24760840833187103,3.871056079864502,0.1824876368045807,3.870419979095459,0.12390385568141937,3.9694385528564453
1395,3,3,1,0.4039929509162903,3.651221513748169,0.24957647919654846,3.8351199626922607,0.1880580335855484,3.832132339477539,0.12888631224632263,3.9502086639404297
1396,3,3,1,0.41259515285491943,3.6792216300964355,0.2456403374671936,3.8832478523254395,0.1796974539756775,3.8768370151519775,0.12111368030309677,4.010695934295654
1397,3,3,1,0.42042261362075806,3.674118995666504,0.24568518996238708,3.8766376972198486,0.1859654039144516,3.893205404281616,0.12480069696903229,3.9971256256103516
1398,3,3,1,0.42841944098472595,3.654447555541992,0.25280511379241943,3.8339147567749023,0.18870575726032257,3.8552041053771973,0.12683354318141937,4.028598308563232
1399,3,1,0,0.3936443626880646,3.65254545211792,0.256103515625,3.823972225189209,0.20785833895206451,3.8540198802948,0.15365912020206451,3.9408559799194336
1400,3,3,1,0.4433693289756775,3.6395444869995117,0.2610660493373871,3.7853503227233887,0.21968670189380646,3.8342103958129883,0.15517377853393555,4.004752159118652
1401,3,3,1,0.414882093667984,3.672961473464966,0.24623823165893555,3.87375807762146,0.18788862228393555,3.899761438369751,0.1306401491165161,4.052021503448486
1402,3,3,1,0.4005400836467743,3.641205310821533,0.25412049889564514,3.8253045082092285,0.19038982689380646,3.863969326019287,0.13450653851032257,4.020299434661865
1403,3,3,1,0.4288006126880646,3.6621620655059814,0.2510811984539032,3.838926076889038,0.189801886677742,3.841549873352051,0.12605628371238708,3.959209442138672
1404,3,3,1,0.41062459349632263,3.670947790145874,0.24569016695022583,3.8842854499816895,0.18260721862316132,3.8923327922821045,0.1306600719690323,4.049420356750488
1405,3,3,1,0.4551678001880646,3.611494779586792,0.2684400975704193,3.727509021759033,0.22703084349632263,3.7702672481536865,0.16394291818141937,3.944079637527466
1406,3,3,1,0.45131635665893555,3.6231935024261475,0.2642747461795807,3.7583000659942627,0.2230149805545807,3.8215818405151367,0.15734614431858063,3.9550347328186035
1407,3,3,1,0.35275331139564514,3.670793294906616,0.229248046875,3.8990023136138916,0.17401745915412903,3.9717116355895996,0.11949936300516129,4.115076541900635
1408,3,3,1,0.41263002157211304,3.6683993339538574,0.24363240599632263,3.8779091835021973,0.1806740164756775,3.881418466567993,0.12852758169174194,4.036129474639893
1409,3,3,1,0.4197848439216614,3.6596004962921143,0.25022420287132263,3.8426952362060547,0.19102758169174194,3.8566510677337646,0.1287069469690323,3.9970579147338867
1410,3,3,1,0.41510382294654846,3.6723380088806152,0.2471051812171936,3.872063636779785,0.17664819955825806,3.8549106121063232,0.11549346148967743,3.9748058319091797
1411,3,3,1,0.45248475670814514,3.622894763946533,0.2669602930545807,3.7543673515319824,0.22784796357154846,3.821823835372925,0.1628667116165161,3.9996328353881836
1412,3,3,1,0.37287744879722595,3.659384250640869,0.23767836391925812,3.877009868621826,0.17602039873600006,3.9231770038604736,0.11918048560619354,4.09782600402832
1413,3,0,0,0.41982969641685486,3.6494898796081543,0.25499242544174194,3.8240649700164795,0.19505341351032257,3.8689587116241455,0.14110331237316132,3.989830493927002
1414,3,3,1,0.40976759791374207,3.652780771255493,0.24913305044174194,3.8448662757873535,0.1780233532190323,3.873159885406494,0.119559146463871,4.030838489532471
1415,3,3,1,0.460292249917984,3.604779005050659,0.2724509537220001,3.7098495960235596,0.23601920902729034,3.7477729320526123,0.16878587007522583,3.887589931488037
1416,3,3,1,0.42772191762924194,3.660046339035034,0.2514498829841614,3.83656644821167,0.19709621369838715,3.881490468978882,0.13450653851032257,4.043710231781006
1417,3,3,1,0.4466801881790161,3.634129285812378,0.2612902522087097,3.7894625663757324,0.21885961294174194,3.848836660385132,0.15469546616077423,4.017907619476318
1418,3,3,1,0.4208560883998871,3.666487216949463,0.2460339516401291,3.874746799468994,0.18139149248600006,3.900346040725708,0.12462133169174194,4.0339035987854
1419,3,3,1,0.3945138156414032,3.661033868789673,0.24738918244838715,3.863348960876465,0.18113240599632263,3.909281015396118,0.12099409848451614,4.066216468811035
1420,3,3,1,0.3924236595630646,3.6603331565856934,0.2407575249671936,3.8710498809814453,0.17514349520206451,3.899806499481201,0.11688855290412903,4.036828517913818
1421,3,3,1,0.4319894015789032,3.643854856491089,0.2537567615509033,3.8160219192504883,0.1958107352256775,3.8480916023254395,0.1365194469690323,3.9902188777923584
1422,3,3,1,0.4212397336959839,3.6595046520233154,0.24899353086948395,3.840597152709961,0.18866589665412903,3.8115460872650146,0.12890625,3.955627679824829
1423,3,3,1,0.4206219017505646,3.667936086654663,0.24913305044174194,3.860485553741455,0.18818756937980652,3.870532274246216,0.13321109116077423,4.022890567779541
1424,3,3,1,0.4115513265132904,3.6749939918518066,0.2436872124671936,3.889549970626831,0.17469507455825806,3.8889966011047363,0.1216517835855484,4.009829521179199
1425,3,3,1,0.4505017101764679,3.618215560913086,0.26358717679977417,3.7548532485961914,0.2202845960855484,3.803220748901367,0.15804368257522583,3.9282472133636475
1426,3,3,1,0.42270955443382263,3.6690573692321777,0.2493024468421936,3.856982946395874,0.18439094722270966,3.8741352558135986,0.12009725719690323,4.045303821563721
1427,3,3,1,0.4087985157966614,3.6816234588623047,0.24523675441741943,3.8896586894989014,0.17085857689380646,3.841012477874756,0.11298230290412903,3.9292643070220947
1428,3,3,1,0.41632452607154846,3.654461622238159,0.24863480031490326,3.851468801498413,0.17673787474632263,3.86564040184021,0.11756616830825806,4.015765190124512
1429,3,3,1,0.39143961668014526,3.671278715133667,0.23752889037132263,3.8927905559539795,0.15861168503761292,3.9273104667663574,0.10646524280309677,4.053350925445557
1430,3,3,1,0.4240573048591614,3.6668429374694824,0.24922771751880646,3.851762294769287,0.18772919476032257,3.8719146251678467,0.12557795643806458,4.01142692565918
1431,3,3,1,0.4526192843914032,3.6166605949401855,0.26861944794654846,3.730046510696411,0.23197345435619354,3.7594828605651855,0.16292649507522583,3.8940672874450684
1432,3,3,1,0.4120993912220001,3.6761696338653564,0.2412109375,3.893146276473999,0.16746053099632263,3.8633739948272705,0.10829878598451614,4.0185866355896
1433,3,3,1,0.40081411600112915,3.662067174911499,0.24366728961467743,3.8802168369293213,0.1683274805545807,3.881896734237671,0.10831871628761292,4.018951416015625
1434,3,3,1,0.4068703055381775,3.652726888656616,0.24908819794654846,3.8457584381103516,0.1944754421710968,3.8706703186035156,0.14560745656490326,3.9754996299743652
