index,label,prediction,correct,rate_layer1,com_layer1,rate_layer2,com_layer2,rate_layer3,com_layer3,rate_layer4,com_layer4
0,0,0,1,0.439418226480484,3.6399431228637695,0.2543148100376129,3.8031229972839355,0.2063436657190323,3.8767082691192627,0.14819833636283875,4.027164936065674
1,0,0,1,0.41991937160491943,3.6583688259124756,0.2442552149295807,3.8434815406799316,0.18364356458187103,3.907916784286499,0.13054049015045166,4.053282260894775
2,0,0,1,0.4282923936843872,3.6424033641815186,0.25371691584587097,3.815089702606201,0.19884008169174194,3.8796231746673584,0.14192043244838715,4.024575233459473
3,0,0,1,0.4469268023967743,3.6282832622528076,0.26029375195503235,3.7698402404785156,0.21598970890045166,3.8346481323242188,0.15738600492477417,3.9965810775756836
4,0,0,1,0.45186692476272583,3.6156198978424072,0.2642747461795807,3.7459511756896973,0.22479870915412903,3.796710729598999,0.16519850492477417,3.9447460174560547
5,0,0,1,0.44278639554977417,3.6309287548065186,0.2596510350704193,3.7744901180267334,0.21455475687980652,3.8279690742492676,0.15363918244838715,3.9852120876312256
6,0,0,1,0.42225614190101624,3.6542062759399414,0.24774792790412903,3.828070878982544,0.18817761540412903,3.863588333129883,0.1364995241165161,3.9916775226593018
7,0,0,1,0.4299565553665161,3.6441292762756348,0.25198301672935486,3.8159725666046143,0.20053412020206451,3.8728384971618652,0.1443917453289032,4.029399394989014
8,0,0,1,0.41885313391685486,3.667081117630005,0.24384167790412903,3.8639354705810547,0.18065409362316132,3.883336067199707,0.13036112487316132,4.011466026306152
9,0,0,1,0.43616968393325806,3.636324644088745,0.25627291202545166,3.793914556503296,0.2068319469690323,3.859462261199951,0.15049026906490326,3.9988081455230713
10,0,0,1,0.44333943724632263,3.629242420196533,0.2580416798591614,3.773585557937622,0.20963208377361298,3.8295860290527344,0.15170599520206451,3.989884376525879
11,0,0,1,0.4491689205169678,3.622262954711914,0.262451171875,3.75329852104187,0.21737483143806458,3.7965526580810547,0.15621013939380646,3.952028512954712
12,0,0,1,0.4128691852092743,3.6730687618255615,0.2417689710855484,3.871589422225952,0.17548230290412903,3.905565023422241,0.12505978345870972,4.031872272491455
13,0,0,1,0.4425646662712097,3.635714292526245,0.2557896077632904,3.786064863204956,0.20734015107154846,3.860527753829956,0.14861686527729034,4.0198469161987305
14,0,0,1,0.43225595355033875,3.6336889266967773,0.25487783551216125,3.7911837100982666,0.20265664160251617,3.8613855838775635,0.14873644709587097,4.025190830230713
15,0,0,1,0.4407261312007904,3.6320013999938965,0.2569505274295807,3.781970500946045,0.20908401906490326,3.847869634628296,0.1515864133834839,4.016434192657471
16,0,0,1,0.42405232787132263,3.6623682975769043,0.2465122789144516,3.84822940826416,0.18971221148967743,3.9017229080200195,0.13580197095870972,4.040211200714111
17,0,0,1,0.44562140107154846,3.6288881301879883,0.2595314383506775,3.7789745330810547,0.21240234375,3.8363125324249268,0.15371890366077423,4.001296520233154
18,0,0,1,0.4455392062664032,3.6215507984161377,0.2596958577632904,3.7612907886505127,0.2141362428665161,3.8209316730499268,0.1540975719690323,4.002069473266602
19,0,0,1,0.41116517782211304,3.6706957817077637,0.24248145520687103,3.8689050674438477,0.1719447523355484,3.911156177520752,0.1272321343421936,4.016603946685791
20,0,0,1,0.39991480112075806,3.6748874187469482,0.24474847316741943,3.877855062484741,0.17862124741077423,3.9044909477233887,0.12185107916593552,4.054792404174805
21,0,0,1,0.4334542453289032,3.6346957683563232,0.25492265820503235,3.784418821334839,0.2043706178665161,3.848700523376465,0.1497727930545807,4.0086493492126465
22,0,0,1,0.4425497055053711,3.627668857574463,0.25774770975112915,3.769847869873047,0.21032963693141937,3.8247973918914795,0.15250319242477417,3.9610559940338135
23,0,0,1,0.4432223439216614,3.634085178375244,0.2588837146759033,3.7781713008880615,0.21573062241077423,3.8325095176696777,0.16065450012683868,3.979903221130371
24,0,0,1,0.42820021510124207,3.6437692642211914,0.25108617544174194,3.8143231868743896,0.1918247789144516,3.8709609508514404,0.13954877853393555,4.026706695556641
25,0,0,1,0.4083974361419678,3.663803815841675,0.24646244943141937,3.851797103881836,0.184430792927742,3.8943159580230713,0.13115832209587097,4.028718948364258
26,0,0,1,0.4098697602748871,3.6685609817504883,0.24378687143325806,3.867215871810913,0.18054448068141937,3.924936532974243,0.1311383843421936,4.0580549240112305
27,0,0,1,0.44472455978393555,3.6260223388671875,0.2609614133834839,3.7698755264282227,0.21719546616077423,3.8378143310546875,0.15314094722270966,4.00924015045166
28,0,0,1,0.4345104992389679,3.633244752883911,0.2578025162220001,3.782536506652832,0.20754942297935486,3.839686870574951,0.15166613459587097,3.97818660736084
29,0,0,1,0.3966238796710968,3.67325758934021,0.2409917116165161,3.8764472007751465,0.17939850687980652,3.9225685596466064,0.13167649507522583,4.068563461303711
30,0,0,1,0.43882033228874207,3.637476921081543,0.25762316584587097,3.7913007736206055,0.21007055044174194,3.8479673862457275,0.15296156704425812,4.007426738739014
31,0,0,1,0.44593530893325806,3.626903533935547,0.2587192952632904,3.7704617977142334,0.21452486515045166,3.827108860015869,0.15517377853393555,4.016696453094482
32,0,0,1,0.40899282693862915,3.6666505336761475,0.2423270046710968,3.8568344116210938,0.17804329097270966,3.8862147331237793,0.12832827866077423,4.047367572784424
33,0,0,1,0.43011099100112915,3.6348624229431152,0.2555803656578064,3.7966701984405518,0.20233777165412903,3.835853338241577,0.1413225382566452,3.988718032836914
34,0,0,1,0.4472033381462097,3.621889352798462,0.2607322037220001,3.7571566104888916,0.2186902016401291,3.8264377117156982,0.15615034103393555,3.9871091842651367
35,0,0,1,0.4015316069126129,3.673069477081299,0.24324378371238708,3.871384620666504,0.17638911306858063,3.886898994445801,0.12573739886283875,3.994769334793091
36,0,0,1,0.4181506037712097,3.661207437515259,0.24500258266925812,3.8515241146087646,0.18384286761283875,3.9139249324798584,0.1330915093421936,4.048817157745361
37,0,0,1,0.4415183365345001,3.6281309127807617,0.25955137610435486,3.7724645137786865,0.21034955978393555,3.8214504718780518,0.1510881632566452,3.982060432434082
38,0,0,1,0.4329833984375,3.642911911010742,0.25317880511283875,3.8133585453033447,0.20418128371238708,3.877354860305786,0.14803889393806458,4.035002708435059
39,0,0,1,0.4103904068470001,3.6548800468444824,0.24784259498119354,3.843837261199951,0.1833944469690323,3.8875787258148193,0.13101881742477417,4.019166469573975
40,0,0,1,0.43246522545814514,3.6371495723724365,0.25356245040893555,3.803187131881714,0.20275630056858063,3.864206075668335,0.14716199040412903,4.005417346954346
41,0,0,1,0.43616968393325806,3.6369643211364746,0.2540358006954193,3.799788236618042,0.20072345435619354,3.867149829864502,0.14367426931858063,4.02344274520874
42,0,0,1,0.40054506063461304,3.6772587299346924,0.23870475590229034,3.8925881385803223,0.16711176931858063,3.9022064208984375,0.11706791818141937,4.032516002655029
43,0,0,1,0.4333321750164032,3.631632089614868,0.25685587525367737,3.782860040664673,0.21109692752361298,3.836763620376587,0.15176577866077423,3.989363193511963
44,0,0,1,0.43342432379722595,3.6404528617858887,0.25330835580825806,3.8003344535827637,0.20135124027729034,3.8765714168548584,0.14441166818141937,4.046784400939941
45,0,0,1,0.4381551742553711,3.635112762451172,0.25636258721351624,3.7935009002685547,0.20525749027729034,3.8538691997528076,0.14959342777729034,4.016253471374512
46,0,0,1,0.41646653413772583,3.6551296710968018,0.24866469204425812,3.8361384868621826,0.1837332546710968,3.8678274154663086,0.13325095176696777,3.988632917404175
47,0,0,1,0.4074881374835968,3.6588656902313232,0.24778778851032257,3.8429784774780273,0.18717114627361298,3.8917105197906494,0.13452646136283875,4.05911111831665
48,0,0,1,0.4484688937664032,3.622556447982788,0.26198282837867737,3.7504422664642334,0.22062340378761292,3.797515869140625,0.16151148080825806,3.973346471786499
49,0,0,1,0.4191196858882904,3.664588212966919,0.24702048301696777,3.8508007526397705,0.1854870766401291,3.881648302078247,0.13097895681858063,4.035605430603027
50,0,0,1,0.434326171875,3.631098747253418,0.25699537992477417,3.7766964435577393,0.20671236515045166,3.8439548015594482,0.15134724974632263,3.994337558746338
51,0,0,1,0.43193957209587097,3.6365928649902344,0.25509706139564514,3.7970077991485596,0.2072504758834839,3.865708351135254,0.14710219204425812,4.021135330200195
52,0,0,1,0.4244210422039032,3.659210205078125,0.24752868711948395,3.8401167392730713,0.18927375972270966,3.882805109024048,0.13402821123600006,4.028252601623535
53,0,0,1,0.43654584884643555,3.6348347663879395,0.25545579195022583,3.7947182655334473,0.20502829551696777,3.8541433811187744,0.1462651491165161,4.021937370300293
54,0,0,1,0.42346689105033875,3.6582541465759277,0.24577486515045166,3.850348711013794,0.1838827282190323,3.8994743824005127,0.1292649805545807,4.034998416900635
55,0,0,1,0.4164540767669678,3.6609878540039062,0.24691087007522583,3.8533780574798584,0.18293605744838715,3.882721424102783,0.13101881742477417,3.994828224182129
56,0,0,1,0.45326948165893555,3.618771553039551,0.26386120915412903,3.742192029953003,0.2265724539756775,3.79746675491333,0.16264747083187103,3.9160642623901367
57,0,0,1,0.442036509513855,3.6263856887817383,0.2619728446006775,3.7641453742980957,0.22372248768806458,3.8054873943328857,0.16015625,3.93491792678833
58,0,0,1,0.43911680579185486,3.636099100112915,0.2580117881298065,3.7920401096343994,0.20998086035251617,3.860478401184082,0.14736127853393555,4.027995586395264
59,0,0,1,0.426234632730484,3.6410393714904785,0.2528599202632904,3.809950828552246,0.19709621369838715,3.8611152172088623,0.14088408648967743,4.0106096267700195
60,0,0,1,0.4123460352420807,3.6636276245117188,0.24472855031490326,3.8472046852111816,0.17951808869838715,3.86650013923645,0.13125796616077423,4.0159430503845215
61,0,0,1,0.45362573862075806,3.620745897293091,0.2642199397087097,3.7472939491271973,0.2239118218421936,3.811615467071533,0.16173070669174194,3.95255708694458
62,0,0,1,0.4072365164756775,3.6751351356506348,0.23997528851032257,3.8820903301239014,0.1750239133834839,3.932361602783203,0.1229073628783226,4.05124044418335
63,0,0,1,0.42740052938461304,3.6450204849243164,0.2510811984539032,3.820490837097168,0.19701649248600006,3.894087314605713,0.14859694242477417,4.029372215270996
64,0,0,1,0.44120195508003235,3.623267889022827,0.25934210419654846,3.76159930229187,0.21524234116077423,3.813518524169922,0.15754543244838715,3.962555408477783
65,0,0,1,0.4444480240345001,3.620447874069214,0.2615891993045807,3.7501046657562256,0.22010523080825806,3.7971296310424805,0.1599569469690323,3.9515326023101807
66,0,0,1,0.43386030197143555,3.6340041160583496,0.25744378566741943,3.790961980819702,0.2052176296710968,3.8506360054016113,0.14722177386283875,4.002572059631348
67,0,0,1,0.41044771671295166,3.669349431991577,0.24336834251880646,3.8733749389648438,0.17345942556858063,3.894582748413086,0.12183114886283875,4.033862113952637
68,0,0,1,0.43270936608314514,3.6425819396972656,0.25285494327545166,3.808922290802002,0.2053571343421936,3.86039400100708,0.14658401906490326,4.021074295043945
69,0,3,0,0.43531766533851624,3.64412260055542,0.2531389594078064,3.813171625137329,0.20079320669174194,3.877121686935425,0.14170120656490326,4.043459892272949
70,0,0,1,0.4179712235927582,3.6670162677764893,0.24415557086467743,3.849090814590454,0.18465998768806458,3.8753440380096436,0.13187579810619354,4.039141654968262
71,0,0,1,0.4141322374343872,3.6582448482513428,0.2445940226316452,3.8466928005218506,0.1826869398355484,3.867724895477295,0.13101881742477417,4.038028717041016
72,0,0,1,0.428120493888855,3.6427602767944336,0.2528599202632904,3.8128275871276855,0.1944056898355484,3.8399200439453125,0.14106345176696777,4.006075382232666
73,0,0,1,0.43480199575424194,3.630321979522705,0.2578922212123871,3.7782843112945557,0.21036949753761292,3.8507885932922363,0.1552734375,4.037222385406494
74,0,0,1,0.40894052386283875,3.671274185180664,0.24018952250480652,3.877134084701538,0.17443598806858063,3.8960297107696533,0.12454161047935486,4.031684875488281
75,0,0,1,0.43020567297935486,3.638000249862671,0.2565768361091614,3.7946829795837402,0.20735011994838715,3.846501350402832,0.14973293244838715,3.9998669624328613
76,0,0,1,0.4469168484210968,3.630549192428589,0.25885382294654846,3.771812915802002,0.21483378112316132,3.8313465118408203,0.15322065353393555,3.98348069190979
77,0,0,1,0.3934051990509033,3.6772778034210205,0.24109633266925812,3.888735055923462,0.17435626685619354,3.9041550159454346,0.12270806729793549,4.021276473999023
78,0,0,1,0.4312993288040161,3.6287927627563477,0.2581263780593872,3.7842183113098145,0.21174465119838715,3.8460633754730225,0.15491469204425812,4.0258588790893555
79,0,0,1,0.4128667116165161,3.6717031002044678,0.242919921875,3.875417947769165,0.17831233143806458,3.8927013874053955,0.12647481262683868,4.023321628570557
80,0,0,1,0.4124506711959839,3.6604936122894287,0.24402104318141937,3.8506410121917725,0.18132174015045166,3.8838205337524414,0.1273118555545807,4.033657073974609
81,0,0,1,0.44105497002601624,3.632106304168701,0.2569904029369354,3.787898063659668,0.21339882910251617,3.853980779647827,0.1509486585855484,3.9808554649353027
82,0,0,1,0.4314139187335968,3.6428542137145996,0.25275030732154846,3.81795072555542,0.19920878112316132,3.881746768951416,0.1450892835855484,4.0420331954956055
83,0,1,0,0.4878029227256775,3.5651044845581055,0.2911102771759033,3.589419364929199,0.2879663407802582,3.602463722229004,0.21291054785251617,3.7218945026397705
84,0,0,1,0.4470040500164032,3.6233315467834473,0.2611806392669678,3.7656238079071045,0.21266143023967743,3.817206382751465,0.1517857164144516,3.9879202842712402
85,0,0,1,0.4251634180545807,3.657033681869507,0.2474290430545807,3.8315343856811523,0.19117705523967743,3.860776662826538,0.13833306729793549,4.009220600128174
86,0,0,1,0.42928391695022583,3.6414825916290283,0.25345781445503235,3.807096481323242,0.19822224974632263,3.8611502647399902,0.14108338952064514,4.034468173980713
87,0,0,1,0.4080187678337097,3.670788049697876,0.24236686527729034,3.8773539066314697,0.17255261540412903,3.899976968765259,0.12021683156490326,4.045258522033691
88,0,0,1,0.40523606538772583,3.678185224533081,0.24029913544654846,3.8818552494049072,0.17531289160251617,3.88887619972229,0.12713249027729034,3.992161750793457
89,0,0,1,0.426899790763855,3.639573812484741,0.2538912892341614,3.8044233322143555,0.19979670643806458,3.858503818511963,0.1441127210855484,4.005946636199951
90,0,0,1,0.4361821413040161,3.6351356506347656,0.2541952133178711,3.7870359420776367,0.20506815612316132,3.848097562789917,0.15056999027729034,4.005824089050293
91,0,0,1,0.4009685814380646,3.67535662651062,0.24009984731674194,3.8864057064056396,0.16654376685619354,3.904146432876587,0.11533401906490326,4.043373107910156
92,0,0,1,0.417689710855484,3.6663267612457275,0.24495774507522583,3.8629891872406006,0.17454560101032257,3.890328884124756,0.12047592550516129,4.042348861694336
93,0,0,1,0.41961047053337097,3.6476030349731445,0.2516990005970001,3.8281173706054688,0.1944754421710968,3.8762552738189697,0.14120295643806458,4.030910491943359
94,0,0,1,0.41030073165893555,3.6690306663513184,0.2436622977256775,3.8664731979370117,0.17963767051696777,3.879014730453491,0.13032126426696777,4.016363143920898
95,0,0,1,0.4442935883998871,3.626394033432007,0.26086175441741943,3.775498628616333,0.21236248314380646,3.8290553092956543,0.15338009595870972,3.9938929080963135
96,0,0,1,0.41202715039253235,3.6647279262542725,0.24409577250480652,3.860198736190796,0.17786391079425812,3.90464448928833,0.12075494229793549,4.082026958465576
97,0,0,1,0.4315783381462097,3.642955780029297,0.2532784640789032,3.8095171451568604,0.20134127140045166,3.867062568664551,0.1494140625,4.012271404266357
98,0,0,1,0.4172263443470001,3.6655261516571045,0.2450573891401291,3.8513541221618652,0.18042489886283875,3.86623215675354,0.12902583181858063,3.981618881225586
99,0,0,1,0.4354173243045807,3.6366918087005615,0.25415536761283875,3.7925307750701904,0.2047293484210968,3.852762222290039,0.14875636994838715,4.020632266998291
100,0,0,1,0.44528260827064514,3.6296017169952393,0.2600894868373871,3.777724504470825,0.21411630511283875,3.837064266204834,0.14981265366077423,4.0231475830078125
101,0,0,1,0.4455317258834839,3.6295347213745117,0.2584552466869354,3.7755866050720215,0.21074816584587097,3.8193767070770264,0.15043048560619354,3.9907259941101074
102,0,0,1,0.44580575823783875,3.6261191368103027,0.2603435814380646,3.7673583030700684,0.21402661502361298,3.839277505874634,0.15226402878761292,4.009816646575928
103,0,0,1,0.4419991672039032,3.627188205718994,0.2572743892669678,3.776744842529297,0.20764906704425812,3.8311257362365723,0.1506696343421936,3.946957588195801
104,0,0,1,0.4153903126716614,3.664971351623535,0.24394629895687103,3.8589489459991455,0.18571627140045166,3.8936524391174316,0.13538344204425812,4.0169291496276855
105,0,0,1,0.45282354950904846,3.6227312088012695,0.26401564478874207,3.7464945316314697,0.22316445410251617,3.796963691711426,0.15712690353393555,3.942795515060425
106,0,0,1,0.41348204016685486,3.6688356399536133,0.2423618882894516,3.8678536415100098,0.17283162474632263,3.8785171508789062,0.1220703125,4.009796142578125
107,0,0,1,0.43521302938461304,3.6343576908111572,0.25955137610435486,3.787764072418213,0.2138671875,3.827369213104248,0.15282206237316132,3.9977829456329346
108,0,0,1,0.4058837890625,3.6660549640655518,0.2452566921710968,3.8634610176086426,0.1806640625,3.873248815536499,0.12892617285251617,4.011439323425293
109,0,0,1,0.4056745171546936,3.673564910888672,0.2422124147415161,3.8720507621765137,0.17785395681858063,3.900381088256836,0.12414301186800003,4.052978038787842
110,0,0,1,0.4111178517341614,3.6661858558654785,0.24453423917293549,3.864320755004883,0.18654336035251617,3.895940065383911,0.1317761391401291,4.028130531311035
111,0,0,1,0.4480080008506775,3.6263999938964844,0.26182836294174194,3.7568411827087402,0.21926817297935486,3.8177149295806885,0.15784437954425812,3.9736111164093018
112,0,0,1,0.42116498947143555,3.641716718673706,0.2542998492717743,3.817903995513916,0.19715601205825806,3.87131667137146,0.13723692297935486,4.004065990447998
113,0,0,1,0.4206816852092743,3.6409144401550293,0.25331830978393555,3.810628890991211,0.20125159621238708,3.8508119583129883,0.1485770046710968,3.975184440612793
114,0,0,1,0.42943090200424194,3.636279821395874,0.2549625337123871,3.797271966934204,0.20279614627361298,3.8376002311706543,0.1476004421710968,3.9863624572753906
115,0,0,1,0.44302552938461304,3.6265954971313477,0.25824597477912903,3.7740540504455566,0.21039938926696777,3.834517478942871,0.1551339328289032,3.9898509979248047
116,0,0,1,0.43531766533851624,3.6395673751831055,0.2518036365509033,3.8045034408569336,0.19938814640045166,3.8777050971984863,0.14933434128761292,4.029227256774902
117,0,0,1,0.43847158551216125,3.638228178024292,0.254150390625,3.797800302505493,0.20281608402729034,3.846656560897827,0.14688296616077423,4.018995761871338
118,0,0,1,0.4253353178501129,3.636016368865967,0.2529645562171936,3.804100751876831,0.19985650479793549,3.860690116882324,0.14339524507522583,4.026963233947754
119,0,0,1,0.42041015625,3.6622579097747803,0.24500757455825806,3.836376905441284,0.18697185814380646,3.866652488708496,0.13325095176696777,4.022584438323975
120,0,0,1,0.4223034977912903,3.6610467433929443,0.24643753468990326,3.8451709747314453,0.18503865599632263,3.893747568130493,0.1312181055545807,4.035085201263428
121,0,0,1,0.39907026290893555,3.6807477474212646,0.23998026549816132,3.893200397491455,0.17045001685619354,3.897106170654297,0.12013711780309677,4.04810905456543
122,0,0,1,0.4317876100540161,3.6296279430389404,0.2601243555545807,3.7777352333068848,0.2145647257566452,3.821753740310669,0.16011638939380646,3.9428677558898926
123,0,0,1,0.4332300126552582,3.6396706104278564,0.2543347477912903,3.8017866611480713,0.2040417641401291,3.8802988529205322,0.15224409103393555,4.059824466705322
124,0,0,1,0.44360849261283875,3.6274008750915527,0.25941187143325806,3.75939679145813,0.21305005252361298,3.8233864307403564,0.15188536047935486,4.00236177444458
125,0,0,1,0.39234891533851624,3.68437123298645,0.23852039873600006,3.894719362258911,0.1727220118045807,3.9021520614624023,0.12492027878761292,4.0143585205078125
126,0,0,1,0.39670857787132263,3.6705455780029297,0.2410365492105484,3.8804802894592285,0.17123724520206451,3.9091596603393555,0.11874202638864517,4.030211448669434
127,0,0,1,0.41527074575424194,3.6710000038146973,0.2426508665084839,3.8646023273468018,0.17616987228393555,3.895073175430298,0.12213009595870972,4.059072971343994
128,0,0,1,0.42087849974632263,3.642289638519287,0.2514199912548065,3.822754144668579,0.19104750454425812,3.879251003265381,0.1388113796710968,4.012491226196289
129,0,0,1,0.41312578320503235,3.6687190532684326,0.24175900220870972,3.8668644428253174,0.17856146395206451,3.9055192470550537,0.13000239431858063,4.054729461669922
130,0,0,1,0.4408133327960968,3.629542350769043,0.25691068172454834,3.7832748889923096,0.20802773535251617,3.850450277328491,0.14931440353393555,4.018553256988525
131,0,0,1,0.42065179347991943,3.6635239124298096,0.24592433869838715,3.8547348976135254,0.18047472834587097,3.9023244380950928,0.12697304785251617,4.037984848022461
132,0,0,1,0.44940558075904846,3.6222124099731445,0.26061761379241943,3.7626702785491943,0.21559111773967743,3.8265771865844727,0.15302136540412903,3.997004508972168
133,0,0,1,0.43340688943862915,3.645824432373047,0.25338807702064514,3.8052146434783936,0.20442043244838715,3.860924243927002,0.14449138939380646,4.012827396392822
134,0,0,1,0.4419393539428711,3.626410722732544,0.2586844265460968,3.7660200595855713,0.2144949734210968,3.8156561851501465,0.15780451893806458,3.9784035682678223
135,0,0,1,0.40474528074264526,3.666802167892456,0.244733527302742,3.8545165061950684,0.18357381224632263,3.8874714374542236,0.1369180530309677,4.021688461303711
136,0,0,1,0.45213598012924194,3.620570659637451,0.2626803517341614,3.745452404022217,0.22389189898967743,3.7980239391326904,0.1648397594690323,3.9582879543304443
137,0,0,1,0.393330454826355,3.6794965267181396,0.23941724002361298,3.8925955295562744,0.17331990599632263,3.909848690032959,0.1258370578289032,4.038327693939209
138,0,0,1,0.3898751437664032,3.681473970413208,0.2389090359210968,3.8888425827026367,0.1706293821334839,3.89668869972229,0.12466119229793549,4.038689136505127
139,0,0,1,0.4123111665248871,3.6640162467956543,0.24356265366077423,3.8556787967681885,0.1769770383834839,3.894932508468628,0.12783002853393555,4.007951259613037
140,0,0,1,0.4396524131298065,3.6353976726531982,0.25644728541374207,3.7974936962127686,0.20429089665412903,3.855665683746338,0.1469029039144516,4.002035140991211
141,0,0,1,0.44178491830825806,3.6347556114196777,0.2577327787876129,3.79546856880188,0.21343868970870972,3.8587236404418945,0.1522042453289032,4.00838041305542
142,0,0,1,0.44133150577545166,3.6314618587493896,0.25851503014564514,3.7760238647460938,0.21221300959587097,3.8474831581115723,0.15132732689380646,4.004741191864014
143,0,0,1,0.4220568537712097,3.6403489112854004,0.2553561329841614,3.799086809158325,0.20283600687980652,3.849668502807617,0.14407286047935486,4.024069786071777
144,0,0,1,0.4348318874835968,3.6345527172088623,0.25334322452545166,3.8001062870025635,0.19959741830825806,3.8666999340057373,0.14437180757522583,4.0561842918396
145,0,0,1,0.4441989064216614,3.6270604133605957,0.25928232073783875,3.771286964416504,0.2108677476644516,3.8272292613983154,0.1542370766401291,4.0073652267456055
146,0,0,1,0.438740611076355,3.6368489265441895,0.2555554509162903,3.790801525115967,0.20377270877361298,3.850261688232422,0.14660395681858063,4.029907703399658
147,0,0,1,0.4093017578125,3.6732442378997803,0.24214763939380646,3.8741769790649414,0.18134167790412903,3.9238927364349365,0.1305803507566452,4.055402755737305
148,0,0,1,0.43425142765045166,3.6369383335113525,0.2535823881626129,3.7994892597198486,0.20415137708187103,3.8606433868408203,0.15009167790412903,4.026556968688965
149,0,0,1,0.44189950823783875,3.632984161376953,0.25655192136764526,3.7788546085357666,0.20646324753761292,3.842125654220581,0.1459263414144516,4.0178914070129395
150,0,0,1,0.418599009513855,3.6599812507629395,0.24736426770687103,3.8407557010650635,0.18493901193141937,3.8735923767089844,0.13452646136283875,3.9924445152282715
151,0,0,1,0.44846639037132263,3.626020669937134,0.26052793860435486,3.767580270767212,0.21587012708187103,3.8202927112579346,0.1535395383834839,3.972611665725708
152,0,0,1,0.4123435318470001,3.663130283355713,0.24636279046535492,3.8554179668426514,0.18312539160251617,3.8960657119750977,0.13273277878761292,4.010059833526611
153,0,0,1,0.4410499930381775,3.632763147354126,0.2577676475048065,3.7846717834472656,0.21271124482154846,3.846341133117676,0.1532605141401291,4.014954566955566
154,0,0,1,0.4425846040248871,3.6250414848327637,0.2589833736419678,3.7724273204803467,0.20953243970870972,3.832501173019409,0.1513073891401291,4.013171672821045
155,0,0,1,0.4064617455005646,3.66259503364563,0.24060805141925812,3.8603053092956543,0.17628945410251617,3.9124979972839355,0.12344546616077423,4.040361404418945
156,0,0,1,0.425068736076355,3.6407113075256348,0.25124064087867737,3.8142786026000977,0.1935786008834839,3.878925085067749,0.1388113796710968,4.0424981117248535
157,0,0,1,0.40418726205825806,3.665966033935547,0.2439064383506775,3.863072633743286,0.18212890625,3.8947858810424805,0.13424745202064514,4.004453659057617
158,0,0,1,0.40881097316741943,3.672461986541748,0.24182377755641937,3.863521099090576,0.17917928099632263,3.9049551486968994,0.12376434355974197,4.0584540367126465
159,0,0,1,0.43373075127601624,3.6331253051757812,0.25700533390045166,3.7871155738830566,0.20556640625,3.848320245742798,0.14903539419174194,4.0323615074157715
160,0,0,1,0.4242391586303711,3.6473138332366943,0.25163424015045166,3.8274989128112793,0.19513313472270966,3.884690046310425,0.14072464406490326,4.033422946929932
161,0,0,1,0.4107740521430969,3.657773733139038,0.2448032945394516,3.8443408012390137,0.1764090359210968,3.8718297481536865,0.12115353345870972,3.998354911804199
162,0,0,1,0.4188855290412903,3.6659767627716064,0.24588946998119354,3.859476089477539,0.18442083895206451,3.888420581817627,0.12826849520206451,4.006680965423584
163,0,0,1,0.4392189383506775,3.6379759311676025,0.25707510113716125,3.7934722900390625,0.2099609375,3.8491694927215576,0.14925462007522583,4.005207538604736
164,0,0,1,0.4440743625164032,3.627718687057495,0.26136499643325806,3.7679622173309326,0.21921834349632263,3.8132641315460205,0.15475526452064514,3.986992835998535
165,0,0,1,0.4409951865673065,3.634186267852783,0.25731924176216125,3.792642116546631,0.21020008623600006,3.8459277153015137,0.15425701439380646,4.003875732421875
166,0,0,1,0.43785375356674194,3.632500410079956,0.2562579810619354,3.7814202308654785,0.20770886540412903,3.8527634143829346,0.1498325914144516,3.9989359378814697
167,0,0,1,0.4140126705169678,3.666564464569092,0.242780402302742,3.8647568225860596,0.17791374027729034,3.89935040473938,0.12964364886283875,4.0428900718688965
168,0,0,1,0.4366006553173065,3.6310975551605225,0.2564722001552582,3.77791166305542,0.2077287882566452,3.844574451446533,0.1534598171710968,4.00844144821167
169,0,0,1,0.41559210419654846,3.6446571350097656,0.2501245439052582,3.8237884044647217,0.19556161761283875,3.885910749435425,0.14158162474632263,4.014358043670654
170,0,0,1,0.42147889733314514,3.6515824794769287,0.24925263226032257,3.82285213470459,0.1892538219690323,3.870208501815796,0.13502471148967743,4.005166053771973
171,0,0,1,0.44415906071662903,3.6269876956939697,0.26053789258003235,3.7704577445983887,0.21598970890045166,3.7998154163360596,0.15772481262683868,3.9414961338043213
172,0,0,1,0.42452067136764526,3.6394670009613037,0.2529745101928711,3.811218500137329,0.19694674015045166,3.872647285461426,0.1448899805545807,4.028748512268066
173,0,0,1,0.4448939561843872,3.6305994987487793,0.2571847140789032,3.780890464782715,0.21182437241077423,3.8432517051696777,0.15411750972270966,4.002198219299316
174,0,0,1,0.45160534977912903,3.6207261085510254,0.2629892826080322,3.754011631011963,0.22497807443141937,3.8055100440979004,0.16129225492477417,3.9672555923461914
175,0,0,1,0.4137735068798065,3.6649386882781982,0.24535633623600006,3.8527333736419678,0.1812918484210968,3.8772056102752686,0.13307158648967743,3.9869701862335205
176,0,0,1,0.44586804509162903,3.6233105659484863,0.26090162992477417,3.7599496841430664,0.21767377853393555,3.8133583068847656,0.15543287992477417,3.959481954574585
177,0,0,1,0.44466477632522583,3.623422861099243,0.26178351044654846,3.7687900066375732,0.21796277165412903,3.8225667476654053,0.15483497083187103,3.97116756439209
178,0,0,1,0.4480080008506775,3.616262674331665,0.2635771930217743,3.7472827434539795,0.22103196382522583,3.7985663414001465,0.16452088952064514,3.9674136638641357
179,0,0,1,0.4149518609046936,3.665055751800537,0.242919921875,3.859727144241333,0.17929886281490326,3.875340461730957,0.1296835094690323,3.997694730758667
180,0,0,1,0.40302136540412903,3.6720774173736572,0.24251633882522583,3.8711838722229004,0.17462532222270966,3.896827220916748,0.1206752210855484,4.037159442901611
181,0,0,1,0.4206219017505646,3.665217638015747,0.24629303812980652,3.863772392272949,0.18423150479793549,3.9072370529174805,0.12645487487316132,4.0523247718811035
182,0,0,1,0.4153105914592743,3.665656805038452,0.24395626783370972,3.863509178161621,0.1752331703901291,3.892749547958374,0.11949936300516129,4.016510963439941
183,0,0,1,0.41883569955825806,3.6609230041503906,0.2482561320066452,3.8361899852752686,0.19242267310619354,3.8680994510650635,0.13689811527729034,4.007133483886719
184,0,0,1,0.4317876100540161,3.630781888961792,0.25704020261764526,3.7860591411590576,0.20755939185619354,3.850064754486084,0.15156647562980652,3.9659435749053955
185,0,0,1,0.43770426511764526,3.626415729522705,0.2575783133506775,3.782308340072632,0.21025988459587097,3.835308074951172,0.15947863459587097,4.013621807098389
186,0,0,1,0.4445725977420807,3.627267360687256,0.25905314087867737,3.7645835876464844,0.21193398535251617,3.8263587951660156,0.15487483143806458,3.9884185791015625
187,0,0,1,0.4127471148967743,3.673654079437256,0.24263592064380646,3.8701794147491455,0.18008609116077423,3.879924774169922,0.1290457546710968,4.060540676116943
188,0,0,1,0.43375566601753235,3.6418590545654297,0.2536371946334839,3.8145601749420166,0.20099249482154846,3.8805651664733887,0.14672352373600006,4.0399346351623535
189,0,0,1,0.42836713790893555,3.6388893127441406,0.25421515107154846,3.799752950668335,0.19965720176696777,3.866839647293091,0.1481584757566452,4.025423526763916
190,0,0,1,0.40857431292533875,3.664912700653076,0.2436622977256775,3.8670456409454346,0.17358896136283875,3.897761106491089,0.12143255770206451,4.041358947753906
191,0,0,1,0.413051038980484,3.6681342124938965,0.2441655397415161,3.8619325160980225,0.18091318011283875,3.884219169616699,0.12850764393806458,4.0274505615234375
192,0,0,1,0.41180044412612915,3.664942502975464,0.24287506937980652,3.8600704669952393,0.1770467907190323,3.898744821548462,0.12509964406490326,4.035048484802246
193,0,0,1,0.446254163980484,3.6241612434387207,0.26257073879241943,3.7575855255126953,0.21825174987316132,3.802757740020752,0.15632972121238708,3.9736104011535645
194,0,0,1,0.43187230825424194,3.6448774337768555,0.2521274983882904,3.81805419921875,0.19508330523967743,3.8874189853668213,0.13809390366077423,4.037812232971191
195,0,0,1,0.4514060318470001,3.6151888370513916,0.26369181275367737,3.746920108795166,0.22080276906490326,3.7971386909484863,0.15975764393806458,4.019585609436035
196,0,0,1,0.4371362626552582,3.6413745880126953,0.25418028235435486,3.7993335723876953,0.20233777165412903,3.84614634513855,0.14502950012683868,4.024872779846191
197,0,0,1,0.4485112428665161,3.625424861907959,0.26147958636283875,3.7638909816741943,0.21922831237316132,3.826909065246582,0.15935905277729034,3.9656078815460205
198,0,0,1,0.4095184803009033,3.6689093112945557,0.24364735186100006,3.8697776794433594,0.17540258169174194,3.893932580947876,0.1253587305545807,4.027662754058838
199,0,0,1,0.4375174343585968,3.632542371749878,0.25778260827064514,3.7811665534973145,0.20418128371238708,3.8530991077423096,0.14783960580825806,4.011997699737549
200,0,0,1,0.4155995845794678,3.6701574325561523,0.24186861515045166,3.873619794845581,0.1721540093421936,3.8934359550476074,0.12509964406490326,4.0192766189575195
201,0,0,1,0.4474599361419678,3.6233644485473633,0.2624262571334839,3.7534079551696777,0.21843111515045166,3.8150546550750732,0.15565210580825806,3.975032091140747
202,0,0,1,0.40571436285972595,3.6808059215545654,0.23984573781490326,3.885952949523926,0.17318040132522583,3.8933770656585693,0.1183035671710968,4.044979572296143
203,0,0,1,0.39959341287612915,3.6700375080108643,0.2424415946006775,3.8684518337249756,0.1682577282190323,3.898667573928833,0.11633051186800003,4.042487621307373
204,0,0,1,0.43269190192222595,3.6413586139678955,0.25516679883003235,3.8044636249542236,0.20718072354793549,3.859314203262329,0.14445152878761292,4.014072895050049
205,0,0,1,0.4032704830169678,3.6740097999572754,0.24018454551696777,3.874974012374878,0.1740971803665161,3.8879284858703613,0.12661431729793549,3.9622225761413574
206,0,0,1,0.40304628014564514,3.6696994304656982,0.24248644709587097,3.8702638149261475,0.18071387708187103,3.9000275135040283,0.12713249027729034,4.0172438621521
207,0,0,1,0.4477015733718872,3.6290266513824463,0.26076212525367737,3.7756612300872803,0.21515265107154846,3.843731164932251,0.15575174987316132,4.0081892013549805
208,0,0,1,0.4367401599884033,3.6331491470336914,0.2566814720630646,3.792592763900757,0.20537707209587097,3.8623969554901123,0.15027104318141937,4.046286582946777
209,0,0,1,0.42232340574264526,3.6620302200317383,0.24705536663532257,3.8433799743652344,0.187360480427742,3.8760769367218018,0.13370934128761292,4.034580230712891
210,0,0,1,0.43709641695022583,3.6348958015441895,0.25724947452545166,3.7883055210113525,0.20733019709587097,3.8509082794189453,0.1433354616165161,4.028921127319336
211,0,0,1,0.44921377301216125,3.622666597366333,0.2620774805545807,3.75846004486084,0.21923828125,3.8128721714019775,0.15838249027729034,3.967283248901367
212,0,0,1,0.44047701358795166,3.6311259269714355,0.25651705265045166,3.7795820236206055,0.20474927127361298,3.8218231201171875,0.14504942297935486,3.9670238494873047
213,0,0,1,0.41922682523727417,3.6631407737731934,0.2456752210855484,3.8435750007629395,0.18500876426696777,3.8785953521728516,0.13247369229793549,4.0267791748046875
214,0,0,1,0.4190773367881775,3.6657729148864746,0.2435477077960968,3.8553221225738525,0.17728595435619354,3.88387393951416,0.1252790093421936,4.03977108001709
215,0,0,1,0.40315836668014526,3.6731033325195312,0.24119599163532257,3.886033535003662,0.17134685814380646,3.9078803062438965,0.11716756969690323,4.0306172370910645
216,0,0,1,0.4131556749343872,3.663738250732422,0.24461396038532257,3.844933271408081,0.1829061657190323,3.8801417350769043,0.1326131969690323,4.0046586990356445
217,0,0,1,0.4437978267669678,3.628171682357788,0.2584402859210968,3.7775979042053223,0.20979152619838715,3.8410677909851074,0.15142697095870972,4.036325454711914
218,0,0,1,0.4474599361419678,3.6213324069976807,0.26102617383003235,3.7523908615112305,0.22036431729793549,3.799403190612793,0.16394291818141937,3.966569423675537
219,0,0,1,0.42719873785972595,3.6352248191833496,0.2538265287876129,3.808004856109619,0.19636878371238708,3.8892722129821777,0.14192043244838715,4.035669326782227
220,0,0,1,0.44856104254722595,3.619823932647705,0.26159417629241943,3.749823808670044,0.21982620656490326,3.794832229614258,0.16027583181858063,3.9488933086395264
221,0,0,1,0.4103829562664032,3.6568527221679688,0.24681122601032257,3.8474040031433105,0.1843510866165161,3.9038379192352295,0.13095901906490326,4.013848781585693
222,0,0,1,0.4357212483882904,3.6358933448791504,0.2549326419830322,3.789254665374756,0.20537707209587097,3.842649221420288,0.15055006742477417,3.9866294860839844
223,0,0,1,0.4349464774131775,3.634397029876709,0.25466856360435486,3.7874317169189453,0.20114198327064514,3.8482537269592285,0.1469029039144516,4.017365455627441
224,0,0,1,0.41798368096351624,3.660815715789795,0.24657206237316132,3.8456594944000244,0.18684230744838715,3.880000114440918,0.1326131969690323,4.023444652557373
225,0,0,1,0.4292016923427582,3.641646146774292,0.25325852632522583,3.805410146713257,0.20143096148967743,3.8414466381073,0.14785952866077423,3.9778945446014404
226,0,0,1,0.40772730112075806,3.6694161891937256,0.24406090378761292,3.866854429244995,0.17567163705825806,3.8935844898223877,0.1270926296710968,4.028540134429932
227,0,0,1,0.4218426048755646,3.641796350479126,0.2521175444126129,3.815319776535034,0.19298070669174194,3.8725602626800537,0.14150190353393555,4.018591403961182
228,0,3,0,0.49042370915412903,3.55820369720459,0.29190248250961304,3.5802581310272217,0.28553491830825806,3.600404739379883,0.20970185101032257,3.745295524597168
229,0,0,1,0.4256442189216614,3.655156135559082,0.24701550602912903,3.826472043991089,0.19038982689380646,3.8371193408966064,0.1351243555545807,3.961061954498291
230,0,0,1,0.44456762075424194,3.627885103225708,0.25874918699264526,3.7758607864379883,0.2158203125,3.8380274772644043,0.1526227593421936,4.015147686004639
231,0,0,1,0.40196508169174194,3.680450201034546,0.23949696123600006,3.8903636932373047,0.17308075726032257,3.911048412322998,0.12563775479793549,4.037436485290527
232,0,0,1,0.4122140109539032,3.6630847454071045,0.24387654662132263,3.8594398498535156,0.17764468491077423,3.9074997901916504,0.1312181055545807,4.045716762542725
233,0,0,1,0.4417475461959839,3.6314988136291504,0.2587990164756775,3.7742674350738525,0.21639826893806458,3.8344998359680176,0.15864157676696777,3.99409556388855
234,0,0,1,0.4460000693798065,3.633610486984253,0.2591378390789032,3.784618377685547,0.21438536047935486,3.8420562744140625,0.15623006224632263,4.0188798904418945
235,0,0,1,0.44207388162612915,3.625577688217163,0.2596261203289032,3.7764835357666016,0.2119838148355484,3.826446771621704,0.1501913219690323,3.9998672008514404
236,0,0,1,0.4087985157966614,3.6711721420288086,0.2427006959915161,3.8715691566467285,0.17974728345870972,3.8962745666503906,0.1309988796710968,4.0439677238464355
237,0,0,1,0.4428262412548065,3.6262643337249756,0.25758329033851624,3.767418384552002,0.20796795189380646,3.8184475898742676,0.14849728345870972,3.9541001319885254
238,0,0,1,0.4380381107330322,3.6291630268096924,0.25754842162132263,3.7761893272399902,0.20476920902729034,3.8294806480407715,0.15250319242477417,3.9811813831329346
239,0,0,1,0.4097451865673065,3.6646785736083984,0.2443249672651291,3.868588924407959,0.18077367544174194,3.8960916996002197,0.13006217777729034,4.036162853240967
240,0,0,1,0.4331154227256775,3.6347436904907227,0.2536023259162903,3.7923338413238525,0.20116190612316132,3.846931219100952,0.14917489886283875,4.017100811004639
241,0,0,1,0.4047428071498871,3.673687696456909,0.2435477077960968,3.860825300216675,0.18218868970870972,3.8825137615203857,0.12822863459587097,4.006372451782227
242,0,0,1,0.42778170108795166,3.6407711505889893,0.25372686982154846,3.8130154609680176,0.19904933869838715,3.8791990280151367,0.14698262512683868,4.020474433898926
243,0,0,1,0.391810804605484,3.6764986515045166,0.24044860899448395,3.8812448978424072,0.1789201945066452,3.9131717681884766,0.13103874027729034,4.057642459869385
244,0,0,1,0.4351906180381775,3.6350257396698,0.25558534264564514,3.7908260822296143,0.203962042927742,3.85870623588562,0.14694276452064514,4.006781578063965
245,0,0,1,0.43259724974632263,3.637888193130493,0.25439453125,3.7970151901245117,0.2031349539756775,3.8394899368286133,0.14845742285251617,3.970465898513794
246,0,0,1,0.4383818805217743,3.6379780769348145,0.25664660334587097,3.798971176147461,0.20966199040412903,3.8576996326446533,0.15043048560619354,4.045839786529541
247,0,0,1,0.4064144194126129,3.668642520904541,0.24200811982154846,3.867784023284912,0.1750239133834839,3.9178433418273926,0.12784996628761292,4.0742011070251465
248,0,0,1,0.4502550959587097,3.6203413009643555,0.2627052664756775,3.753537178039551,0.2173549085855484,3.818952798843384,0.1564692258834839,4.007387638092041
249,0,0,1,0.44087809324264526,3.6281840801239014,0.25766798853874207,3.7755777835845947,0.20845623314380646,3.816817283630371,0.15138711035251617,3.991969347000122
250,0,0,1,0.42203444242477417,3.643104314804077,0.25255101919174194,3.813032627105713,0.1974848508834839,3.869563102722168,0.14126275479793549,4.004232406616211
251,0,0,1,0.41507142782211304,3.664005756378174,0.24412068724632263,3.84506893157959,0.17924903333187103,3.867522716522217,0.12986287474632263,4.004297256469727
252,0,0,1,0.4142568111419678,3.670597553253174,0.24371710419654846,3.8710007667541504,0.17895008623600006,3.9200356006622314,0.12741151452064514,4.068668842315674
253,0,0,1,0.41545259952545166,3.6631808280944824,0.24449437856674194,3.853864908218384,0.1819096803665161,3.8912079334259033,0.1296635866165161,4.030126094818115
254,0,0,1,0.44638124108314514,3.6277060508728027,0.26071229577064514,3.7748537063598633,0.21856066584587097,3.8307573795318604,0.16073420643806458,3.9988839626312256
255,0,0,1,0.4337855577468872,3.6327810287475586,0.25704020261764526,3.7889084815979004,0.20196905732154846,3.845421314239502,0.14863678812980652,3.990614175796509
256,0,0,1,0.4401357173919678,3.630432367324829,0.2583705186843872,3.785810708999634,0.21402661502361298,3.858785629272461,0.15732620656490326,4.020142078399658
257,0,0,1,0.3952985405921936,3.667473316192627,0.24412567913532257,3.8615834712982178,0.1888352930545807,3.900475025177002,0.13368940353393555,4.004472255706787
258,0,0,1,0.43349409103393555,3.640608549118042,0.25293466448783875,3.8057913780212402,0.2003348171710968,3.8551034927368164,0.1474011391401291,4.015684127807617
259,0,0,1,0.4165387749671936,3.664674997329712,0.24472357332706451,3.8577070236206055,0.18518812954425812,3.8774752616882324,0.13494499027729034,4.011667251586914
260,0,0,1,0.42264726758003235,3.6596012115478516,0.2460688352584839,3.842144727706909,0.18543726205825806,3.8762426376342773,0.13345025479793549,3.9967143535614014
261,0,0,1,0.4403350055217743,3.6247496604919434,0.26171377301216125,3.770784616470337,0.21342872083187103,3.8188440799713135,0.15591119229793549,3.9902851581573486
262,0,0,1,0.3987090289592743,3.672748327255249,0.24076251685619354,3.875253438949585,0.1726522594690323,3.896744728088379,0.12424266338348389,4.0186076164245605
263,0,0,1,0.44150587916374207,3.6309642791748047,0.25826090574264526,3.7805495262145996,0.20930324494838715,3.8193676471710205,0.15118782222270966,3.981149435043335
264,0,0,1,0.411097913980484,3.6732053756713867,0.24153977632522583,3.878852367401123,0.1687460094690323,3.881953477859497,0.11507493257522583,4.04468297958374
265,0,0,1,0.44209131598472595,3.6323487758636475,0.2582858204841614,3.7787959575653076,0.21648795902729034,3.8310701847076416,0.15640944242477417,4.00815486907959
266,0,0,1,0.4456064701080322,3.62471079826355,0.26159417629241943,3.7718605995178223,0.21844108402729034,3.835317850112915,0.1605747789144516,3.9892020225524902
267,0,0,1,0.41971009969711304,3.6572132110595703,0.24667669832706451,3.8382112979888916,0.18398237228393555,3.882467746734619,0.13201530277729034,4.040156841278076
268,0,0,1,0.43011847138404846,3.6388189792633057,0.25467851758003235,3.7976326942443848,0.2025769203901291,3.8524274826049805,0.14301657676696777,4.004180431365967
269,0,0,1,0.44402453303337097,3.624159097671509,0.2593271732330322,3.7567052841186523,0.21350844204425812,3.791841745376587,0.15361925959587097,3.9586143493652344
270,0,0,1,0.42447832226753235,3.635915517807007,0.2560935318470001,3.7947819232940674,0.2029157280921936,3.870156764984131,0.14473053812980652,4.013082027435303
271,0,0,1,0.43952038884162903,3.6314170360565186,0.25762316584587097,3.7800447940826416,0.20644330978393555,3.8332769870758057,0.1522042453289032,3.985334634780884
272,0,0,1,0.4287183880805969,3.643432855606079,0.25106126070022583,3.8173608779907227,0.19958744943141937,3.8737831115722656,0.14520886540412903,4.0343122482299805
273,0,0,1,0.43271932005882263,3.6410186290740967,0.25359731912612915,3.8084206581115723,0.20461973547935486,3.8839972019195557,0.14987245202064514,4.054521083831787
274,0,0,1,0.4224753677845001,3.637674331665039,0.25324857234954834,3.809770107269287,0.19592036306858063,3.8704543113708496,0.1409837305545807,4.00523042678833
275,0,0,1,0.42213407158851624,3.66103458404541,0.24503746628761292,3.8492069244384766,0.18427136540412903,3.882976531982422,0.1329520046710968,4.058311939239502
276,0,0,1,0.4368198812007904,3.6357996463775635,0.2568010687828064,3.7909624576568604,0.20684191584587097,3.8486294746398926,0.15126752853393555,3.9942028522491455
277,0,0,1,0.45166513323783875,3.621234178543091,0.26208245754241943,3.7562785148620605,0.22164978086948395,3.800116777420044,0.160016730427742,3.948935031890869
278,0,0,1,0.43463507294654846,3.6364047527313232,0.2545190751552582,3.8029873371124268,0.20178969204425812,3.855703592300415,0.14696268737316132,3.9915921688079834
279,0,0,1,0.4415731430053711,3.6288371086120605,0.25678113102912903,3.779284715652466,0.20985132455825806,3.8385963439941406,0.1524832546710968,3.9929420948028564
280,0,0,1,0.43652093410491943,3.6384265422821045,0.2539759874343872,3.80513596534729,0.20245733857154846,3.8777871131896973,0.1414620578289032,4.037052631378174
281,0,0,1,0.43016332387924194,3.643176794052124,0.2520826756954193,3.812211036682129,0.20031489431858063,3.8631978034973145,0.14897559583187103,4.029163837432861
282,0,0,1,0.4180310368537903,3.6615633964538574,0.2453712821006775,3.861189603805542,0.18385283648967743,3.9104607105255127,0.1310786008834839,4.042116641998291
283,0,0,1,0.44400709867477417,3.634748697280884,0.25787726044654846,3.790347099304199,0.21082788705825806,3.8436450958251953,0.1456473171710968,4.017515182495117
284,0,0,1,0.4393758773803711,3.631516933441162,0.25798189640045166,3.7765653133392334,0.213239386677742,3.8443384170532227,0.1552734375,4.010011672973633
285,0,0,1,0.42245545983314514,3.6587862968444824,0.2474987953901291,3.84849214553833,0.18689213693141937,3.880138635635376,0.1309988796710968,4.031796932220459
286,0,0,1,0.4214390218257904,3.6422393321990967,0.2519630789756775,3.818528890609741,0.1964983195066452,3.876971483230591,0.14198023080825806,4.026810646057129
287,0,0,1,0.41792139410972595,3.6643717288970947,0.2448979616165161,3.857177734375,0.17747528851032257,3.885962963104248,0.12490034848451614,4.033508777618408
288,0,0,1,0.4144810140132904,3.668323516845703,0.2434779554605484,3.869687080383301,0.1752232164144516,3.9158895015716553,0.12177136540412903,4.052209377288818
289,0,0,1,0.43625935912132263,3.630631923675537,0.25807657837867737,3.7854316234588623,0.2077287882566452,3.855032205581665,0.1498325914144516,4.007980823516846
290,0,0,1,0.42828992009162903,3.6602120399475098,0.24849529564380646,3.843846559524536,0.1921137571334839,3.875304698944092,0.13229432702064514,4.031033515930176
291,0,0,1,0.41220155358314514,3.6634976863861084,0.24316903948783875,3.859747886657715,0.17890027165412903,3.8888208866119385,0.12121332436800003,4.013646602630615
292,0,0,1,0.4425995349884033,3.6330692768096924,0.2588338851928711,3.786771535873413,0.21426577866077423,3.8460607528686523,0.1551339328289032,4.007836818695068
293,0,0,1,0.41369131207466125,3.6633846759796143,0.243756964802742,3.8603315353393555,0.17768454551696777,3.8895182609558105,0.12545838952064514,4.043844223022461
294,0,0,1,0.4222511649131775,3.6421899795532227,0.2525709569454193,3.8159077167510986,0.1974748820066452,3.867689371109009,0.14459103345870972,4.007719039916992
295,0,0,1,0.44640862941741943,3.628582715988159,0.26055285334587097,3.7718284130096436,0.2160295695066452,3.819364309310913,0.15868143737316132,4.003391265869141
296,0,0,1,0.43965989351272583,3.634089469909668,0.2583456039428711,3.782665729522705,0.21528220176696777,3.849287271499634,0.15124760568141937,4.007379055023193
297,0,0,1,0.41283681988716125,3.6681551933288574,0.24237683415412903,3.870246171951294,0.17797352373600006,3.891601324081421,0.1265345960855484,4.034493446350098
298,0,0,1,0.4371238052845001,3.63493013381958,0.25413045287132263,3.7991178035736084,0.20425103604793549,3.8678832054138184,0.1474609375,4.031625747680664
299,0,0,1,0.4281429350376129,3.641289472579956,0.25231683254241943,3.8087122440338135,0.19458505511283875,3.8633687496185303,0.14120295643806458,4.00225830078125
300,0,0,1,0.42606523633003235,3.6394641399383545,0.25412049889564514,3.805795669555664,0.20335419476032257,3.873915910720825,0.14487005770206451,4.0302653312683105
301,0,0,1,0.4051438868045807,3.6783149242401123,0.24164441227912903,3.8822450637817383,0.17727598547935486,3.921978712081909,0.12250876426696777,4.053033828735352
302,0,0,1,0.4154227077960968,3.6592886447906494,0.24632792174816132,3.852747917175293,0.1806640625,3.8734142780303955,0.1298828125,4.0073652267456055
303,0,3,0,0.4181954562664032,3.660588502883911,0.24513213336467743,3.8447935581207275,0.18246771395206451,3.8622686862945557,0.1263352930545807,4.053163051605225
304,0,0,1,0.4159284234046936,3.672316789627075,0.2426060289144516,3.871683120727539,0.1785116344690323,3.896282196044922,0.12567761540412903,4.040278911590576
305,0,0,1,0.4467499256134033,3.629150867462158,0.26098135113716125,3.7680795192718506,0.21943756937980652,3.8251214027404785,0.15625,3.98431134223938
306,0,0,1,0.40450114011764526,3.6729507446289062,0.24169422686100006,3.8739821910858154,0.1710379421710968,3.8901188373565674,0.123465396463871,4.01226806640625
307,0,0,1,0.4192841053009033,3.662984848022461,0.24616847932338715,3.8538262844085693,0.1809430718421936,3.883247137069702,0.12713249027729034,4.03417444229126
308,0,0,1,0.4092070758342743,3.665546417236328,0.243756964802742,3.8586349487304688,0.17944833636283875,3.898489475250244,0.1286272257566452,4.010691165924072
309,0,0,1,0.4382672905921936,3.6345467567443848,0.25414541363716125,3.7994823455810547,0.20066365599632263,3.856085777282715,0.14128267765045166,4.015940189361572
310,0,0,1,0.4296949505805969,3.6399993896484375,0.25219228863716125,3.8086376190185547,0.1997767835855484,3.8707103729248047,0.14807875454425812,4.044414520263672
311,0,0,1,0.43902960419654846,3.631589412689209,0.25783243775367737,3.7794697284698486,0.20929327607154846,3.8459744453430176,0.1487165093421936,4.020102024078369
312,0,0,1,0.407470703125,3.6707425117492676,0.2432089000940323,3.868887424468994,0.1804647594690323,3.921203851699829,0.1258370578289032,4.069686412811279
313,0,0,1,0.41696229577064514,3.6600029468536377,0.24897858500480652,3.845470428466797,0.18742027878761292,3.871065616607666,0.13265305757522583,3.990384578704834
314,0,0,1,0.40398794412612915,3.67326283454895,0.24180883169174194,3.872908592224121,0.17178530991077423,3.8849120140075684,0.12173150479793549,4.024721622467041
315,0,0,1,0.43598034977912903,3.6354868412017822,0.25601881742477417,3.7925424575805664,0.20609454810619354,3.858137607574463,0.14833784103393555,4.044740200042725
316,0,0,1,0.4348667562007904,3.6376068592071533,0.25585439801216125,3.807248115539551,0.20520766079425812,3.8471810817718506,0.14752072095870972,4.002701759338379
317,0,0,1,0.4417550265789032,3.6282341480255127,0.26009446382522583,3.767920732498169,0.2162388414144516,3.815990686416626,0.1531010866165161,3.975527286529541
318,0,0,1,0.4454843997955322,3.62673282623291,0.25886380672454834,3.7684342861175537,0.21194395422935486,3.813061237335205,0.15128746628761292,3.9768147468566895
319,0,0,1,0.4263218343257904,3.644233226776123,0.2517189383506775,3.8182339668273926,0.19569116830825806,3.8925552368164062,0.14148198068141937,4.04958438873291
320,0,0,1,0.43397489190101624,3.631356954574585,0.25670140981674194,3.790590286254883,0.20603474974632263,3.8523409366607666,0.1491948366165161,3.9923858642578125
321,0,0,1,0.43493154644966125,3.6396827697753906,0.2542998492717743,3.8020336627960205,0.20692163705825806,3.859956741333008,0.1517857164144516,3.9930410385131836
322,0,0,1,0.43319764733314514,3.633823871612549,0.2573590874671936,3.7881052494049072,0.2059948891401291,3.8458786010742188,0.1457270383834839,3.989469289779663
323,0,0,1,0.419677734375,3.6636452674865723,0.24598413705825806,3.8537168502807617,0.1823481321334839,3.883053779602051,0.12655451893806458,4.00960636138916
324,0,0,1,0.431483656167984,3.634303569793701,0.25548070669174194,3.7923784255981445,0.20252710580825806,3.868136167526245,0.1501913219690323,4.029458522796631
325,0,0,1,0.44554418325424194,3.627202272415161,0.25984036922454834,3.763110876083374,0.21440528333187103,3.8326361179351807,0.15640944242477417,3.9921000003814697
326,0,0,1,0.43435606360435486,3.6368250846862793,0.2557547390460968,3.802029848098755,0.20833665132522583,3.877744197845459,0.14652423560619354,4.008296966552734
327,0,0,1,0.4445900321006775,3.626222848892212,0.2606624662876129,3.7682735919952393,0.21718549728393555,3.807800054550171,0.15497449040412903,3.959233522415161
328,0,0,1,0.4270268678665161,3.653653144836426,0.24749381840229034,3.8286595344543457,0.18858617544174194,3.8558521270751953,0.13520407676696777,4.026238441467285
329,0,0,1,0.39837270975112915,3.6711087226867676,0.24214763939380646,3.87893009185791,0.1778041273355484,3.895869493484497,0.1291852593421936,4.0286946296691895
330,0,0,1,0.419276624917984,3.6601803302764893,0.24559549987316132,3.8490424156188965,0.18342433869838715,3.880589008331299,0.12922511994838715,4.047347545623779
331,0,0,1,0.48499780893325806,3.5565690994262695,0.2888283133506775,3.5873827934265137,0.2728993892669678,3.6022419929504395,0.20737005770206451,3.703411817550659
332,0,0,1,0.44746989011764526,3.6275651454925537,0.2598951756954193,3.7715578079223633,0.21385721862316132,3.8104467391967773,0.15441645681858063,3.9727671146392822
333,0,0,1,0.4336460530757904,3.6361098289489746,0.25496751070022583,3.789166212081909,0.2014409303665161,3.841948986053467,0.1478794664144516,3.9830188751220703
334,0,0,1,0.40472784638404846,3.668443441390991,0.2406180202960968,3.8833577632904053,0.17133688926696777,3.894788980484009,0.1270926296710968,4.020071983337402
335,0,0,1,0.43273675441741943,3.634902000427246,0.25578463077545166,3.7955470085144043,0.20066365599632263,3.864875555038452,0.14552773535251617,4.0402631759643555
336,0,0,1,0.4503173828125,3.6240062713623047,0.2614048421382904,3.7641665935516357,0.21780332922935486,3.816854953765869,0.16063456237316132,3.9787840843200684
337,0,0,1,0.4467623829841614,3.6276724338531494,0.2601592242717743,3.7712342739105225,0.21134606003761292,3.8195106983184814,0.15475526452064514,3.9750161170959473
338,0,0,1,0.4478834271430969,3.6210620403289795,0.2636569142341614,3.7527825832366943,0.22519730031490326,3.8122482299804688,0.16202965378761292,3.9746618270874023
339,0,0,1,0.4353625178337097,3.634420156478882,0.25534120202064514,3.7903919219970703,0.20406170189380646,3.826106071472168,0.14574696123600006,3.9625325202941895
340,0,0,1,0.4160953462123871,3.646535873413086,0.2506028711795807,3.821202039718628,0.19303052127361298,3.8739869594573975,0.13626036047935486,4.003656387329102
341,0,0,1,0.40845224261283875,3.6621716022491455,0.24697065353393555,3.853433609008789,0.18048469722270966,3.886594533920288,0.13083943724632263,4.024524211883545
342,0,0,1,0.4229412376880646,3.651703357696533,0.24786251783370972,3.8391661643981934,0.189313605427742,3.9055163860321045,0.13919004797935486,4.038516521453857
343,0,0,1,0.4411870241165161,3.6292293071746826,0.2602289915084839,3.7779970169067383,0.2175741344690323,3.8204634189605713,0.15543287992477417,3.957045793533325
344,0,0,1,0.4423329830169678,3.626185655593872,0.2600994408130646,3.764955997467041,0.21469427645206451,3.8190762996673584,0.1575055718421936,4.013286113739014
345,0,0,1,0.4238181412220001,3.6466989517211914,0.24998505413532257,3.825683116912842,0.19603992998600006,3.8893916606903076,0.14465083181858063,4.028657913208008
346,0,0,1,0.4340994656085968,3.649000644683838,0.2534428834915161,3.7922425270080566,0.20803770422935486,3.810605049133301,0.14775988459587097,3.931750774383545
347,0,0,1,0.44318249821662903,3.6275711059570312,0.25925740599632263,3.7696120738983154,0.21016022562980652,3.8048365116119385,0.15154655277729034,3.949894905090332
348,0,0,1,0.4338901937007904,3.635235071182251,0.2554059624671936,3.790386438369751,0.20461973547935486,3.8614492416381836,0.15148676931858063,4.056308269500732
349,0,0,1,0.42723363637924194,3.6398262977600098,0.25484293699264526,3.8064634799957275,0.2033342570066452,3.8634157180786133,0.14779974520206451,4.0126752853393555
350,0,0,1,0.4339773952960968,3.639120101928711,0.2563127875328064,3.803879976272583,0.2069016993045807,3.8467466831207275,0.1470424085855484,4.015586853027344
351,0,0,1,0.41849687695503235,3.6593804359436035,0.2473493218421936,3.836717367172241,0.19025032222270966,3.870469331741333,0.13428731262683868,4.039922714233398
352,1,1,1,0.3019222319126129,3.622175931930542,0.28863897919654846,3.760974168777466,0.30836454033851624,3.712102174758911,0.23118622601032257,3.7296552658081055
353,1,1,1,0.27487245202064514,3.6474769115448,0.2770049273967743,3.7907583713531494,0.30627191066741943,3.752887487411499,0.24238678812980652,3.7596611976623535
354,1,1,1,0.26497477293014526,3.600067615509033,0.31226083636283875,3.6968183517456055,0.38355985283851624,3.6447222232818604,0.29209181666374207,3.6308679580688477
355,1,1,1,0.2643943130970001,3.623000144958496,0.2871890962123871,3.7390527725219727,0.3403818607330322,3.6937758922576904,0.25464364886283875,3.68756365776062
356,1,1,1,0.2822116017341614,3.6171324253082275,0.2896205186843872,3.7572083473205566,0.32648077607154846,3.6998138427734375,0.2503387928009033,3.6812355518341064
357,1,1,1,0.26497477293014526,3.600067615509033,0.31226083636283875,3.6968183517456055,0.38355985283851624,3.6447222232818604,0.29209181666374207,3.6308679580688477
358,1,1,1,0.35436761379241943,3.636559247970581,0.26321348547935486,3.8025479316711426,0.23823142051696777,3.8234407901763916,0.18309549987316132,3.8963754177093506
359,1,1,1,0.25215739011764526,3.6067399978637695,0.3055145740509033,3.7101666927337646,0.3778599202632904,3.6774704456329346,0.2861925959587097,3.6816155910491943
360,1,1,1,0.2798299789428711,3.6025497913360596,0.29937121272087097,3.7339935302734375,0.3565250337123871,3.6970484256744385,0.2681361436843872,3.682919502258301
361,1,1,1,0.29848432540893555,3.6391489505767822,0.27199259400367737,3.7915735244750977,0.2809908986091614,3.768777847290039,0.2112165093421936,3.816946506500244
362,1,1,1,0.26984015107154846,3.6167049407958984,0.2990822196006775,3.7253568172454834,0.3591059446334839,3.6807169914245605,0.27869898080825806,3.673126459121704
363,1,1,1,0.36638781428337097,3.640017509460449,0.2628198564052582,3.796583890914917,0.24007493257522583,3.8238003253936768,0.17897002398967743,3.900556802749634
364,1,1,1,0.30296605825424194,3.670964479446411,0.2564971148967743,3.8334693908691406,0.25282007455825806,3.811004638671875,0.1967872977256775,3.849605083465576
365,1,1,1,0.3197644352912903,3.650892734527588,0.2665866017341614,3.8027474880218506,0.26636239886283875,3.785896062850952,0.20125159621238708,3.8166964054107666
366,1,1,1,0.2897077202796936,3.6172876358032227,0.29021841287612915,3.7355103492736816,0.3284936845302582,3.7015016078948975,0.2523118555545807,3.6967613697052
367,1,1,1,0.32229799032211304,3.662224769592285,0.25623804330825806,3.843062162399292,0.24460896849632263,3.8277182579040527,0.19152583181858063,3.868678569793701
368,1,1,1,0.29089105129241943,3.652750015258789,0.2695162892341614,3.8069989681243896,0.28003427386283875,3.761796236038208,0.22183911502361298,3.7765698432922363
369,1,1,1,0.3646264970302582,3.668504476547241,0.23323899507522583,3.877488613128662,0.18636399507522583,3.933215618133545,0.1292649805545807,4.09158182144165
370,1,1,1,0.29095083475112915,3.6354055404663086,0.2866559624671936,3.754175901412964,0.3173828125,3.7109262943267822,0.23959662020206451,3.7231740951538086
371,1,3,0,0.39783212542533875,3.6695470809936523,0.24180883169174194,3.8687257766723633,0.19401705265045166,3.909090995788574,0.13725684583187103,4.0548858642578125
372,1,1,1,0.4041125178337097,3.574500322341919,0.2900739312171936,3.6414058208465576,0.30451810359954834,3.6500866413116455,0.23421555757522583,3.7116236686706543
373,1,1,1,0.26963338255882263,3.606672525405884,0.29062697291374207,3.750248670578003,0.33525988459587097,3.7156105041503906,0.25197306275367737,3.7463419437408447
374,1,1,1,0.2548927664756775,3.6240079402923584,0.28729870915412903,3.7478060722351074,0.34455716609954834,3.7078404426574707,0.2744937837123871,3.705728530883789
375,1,1,1,0.27393075823783875,3.594890832901001,0.3164959251880646,3.707235336303711,0.3792450428009033,3.6384990215301514,0.2878069281578064,3.626133918762207
376,1,1,1,0.3020293414592743,3.655963182449341,0.26445910334587097,3.819228410720825,0.2718829810619354,3.799222946166992,0.2050183266401291,3.8083016872406006
377,1,1,1,0.40181559324264526,3.6486434936523438,0.2496960610151291,3.8383917808532715,0.19903938472270966,3.8960649967193604,0.13863201439380646,4.038671493530273
378,1,1,1,0.2517612874507904,3.569350481033325,0.33539441227912903,3.6733715534210205,0.42461535334587097,3.625284433364868,0.331752210855484,3.6255557537078857
379,1,1,1,0.3093859553337097,3.662339925765991,0.2638113796710968,3.8052239418029785,0.2587890625,3.7506353855133057,0.20770886540412903,3.774611473083496
380,1,1,1,0.3410370349884033,3.656970739364624,0.26070231199264526,3.8181521892547607,0.2382214516401291,3.7781310081481934,0.17739556729793549,3.8382203578948975
381,1,1,1,0.3580670952796936,3.652169704437256,0.24122588336467743,3.8463492393493652,0.2273397594690323,3.9351274967193604,0.16521842777729034,4.0568156242370605
382,1,1,1,0.2762550711631775,3.6421802043914795,0.27594366669654846,3.7733240127563477,0.31251993775367737,3.7281742095947266,0.24071268737316132,3.7146050930023193
383,1,1,1,0.3220912218093872,3.664065361022949,0.2582111060619354,3.826875686645508,0.25093668699264526,3.794694662094116,0.19535236060619354,3.8347275257110596
384,1,1,1,0.2897774875164032,3.6381845474243164,0.2799695134162903,3.7683792114257812,0.3064413070678711,3.730846881866455,0.23802216351032257,3.7545006275177
385,1,1,1,0.29723623394966125,3.640324115753174,0.2735919654369354,3.783522367477417,0.29607778787612915,3.740306854248047,0.22574536502361298,3.744945764541626
386,1,1,1,0.30430135130882263,3.6603245735168457,0.2549974024295807,3.846421480178833,0.23833106458187103,3.842956781387329,0.18496890366077423,3.9115397930145264
387,1,1,1,0.28091368079185486,3.6419150829315186,0.27176836133003235,3.7758915424346924,0.2970842719078064,3.7458155155181885,0.2329201102256775,3.7730813026428223
388,1,1,1,0.28133219480514526,3.640296220779419,0.2791473865509033,3.773408889770508,0.3039202094078064,3.7269747257232666,0.24071268737316132,3.7358007431030273
389,1,1,1,0.27408769726753235,3.6233718395233154,0.290283203125,3.7411646842956543,0.3332369923591614,3.6774916648864746,0.25107622146606445,3.6688363552093506
390,1,1,1,0.32802286744117737,3.656317710876465,0.2713199555873871,3.7995409965515137,0.26984015107154846,3.7774658203125,0.2026466727256775,3.799468994140625
391,1,1,1,0.3180205523967743,3.672659397125244,0.24517199397087097,3.8634138107299805,0.22688136994838715,3.856245517730713,0.1782326102256775,3.9117746353149414
392,1,1,1,0.26112332940101624,3.5961341857910156,0.31842413544654846,3.6945343017578125,0.3853934109210968,3.636742115020752,0.2945631444454193,3.6272666454315186
393,1,1,1,0.3594248294830322,3.680133819580078,0.23340341448783875,3.8913650512695312,0.19641859829425812,3.9411497116088867,0.13968829810619354,4.079184055328369
394,1,1,1,0.3142015039920807,3.6432292461395264,0.28127989172935486,3.768129825592041,0.29263991117477417,3.71958327293396,0.21332907676696777,3.722533702850342
395,1,1,1,0.2975575923919678,3.626722574234009,0.2850765287876129,3.750437021255493,0.32202646136283875,3.7228617668151855,0.24182875454425812,3.7034778594970703
396,1,1,1,0.3097347319126129,3.6539530754089355,0.2684251368045807,3.8000147342681885,0.2791473865509033,3.7667510509490967,0.2185307741165161,3.782489776611328
397,1,1,1,0.36360013484954834,3.643005847930908,0.26508191227912903,3.799635410308838,0.24690090119838715,3.814424753189087,0.18245774507522583,3.8950300216674805
398,1,1,1,0.29239076375961304,3.665377378463745,0.2602788209915161,3.838683843612671,0.2633230984210968,3.8082876205444336,0.21035952866077423,3.8234012126922607
399,1,1,1,0.2991445064544678,3.640286922454834,0.27253568172454834,3.774017810821533,0.2912248969078064,3.7424123287200928,0.2214006632566452,3.7534432411193848
400,1,1,1,0.3014962375164032,3.636540174484253,0.28421953320503235,3.7678635120391846,0.30681997537612915,3.727379083633423,0.2292729616165161,3.7367002964019775
401,1,2,0,0.42585596442222595,3.636385440826416,0.25518175959587097,3.8045923709869385,0.2047991007566452,3.848627805709839,0.13934949040412903,4.008581161499023
402,1,1,1,0.32781359553337097,3.644850969314575,0.2729342579841614,3.800872564315796,0.2685048580169678,3.7625904083251953,0.19716596603393555,3.786010265350342
403,1,1,1,0.2756970524787903,3.628868579864502,0.2875278890132904,3.7478859424591064,0.3349509537220001,3.7221908569335938,0.25603872537612915,3.7209465503692627
404,1,1,1,0.31365343928337097,3.6381659507751465,0.27230149507522583,3.790327787399292,0.2669602930545807,3.760209083557129,0.19836176931858063,3.799055576324463
405,1,1,1,0.35896146297454834,3.6654036045074463,0.2294573038816452,3.8741233348846436,0.19576092064380646,3.965691089630127,0.13982780277729034,4.102479934692383
406,1,1,1,0.24937967956066132,3.5903918743133545,0.31320253014564514,3.6990981101989746,0.3999621272087097,3.667987108230591,0.31776148080825806,3.6504640579223633
407,1,1,1,0.27390584349632263,3.640148162841797,0.2754952609539032,3.7679271697998047,0.3223453462123871,3.743755340576172,0.24535633623600006,3.7683372497558594
408,1,1,1,0.3457379937171936,3.6235029697418213,0.2670001685619354,3.769929885864258,0.25973573327064514,3.74743914604187,0.2067522257566452,3.8173317909240723
409,1,1,1,0.2608966529369354,3.588010549545288,0.3176020383834839,3.6990461349487305,0.3964245915412903,3.6667840480804443,0.30899232625961304,3.640479803085327
410,1,1,1,0.24866968393325806,3.5962653160095215,0.31515565514564514,3.7018322944641113,0.3932955861091614,3.661447286605835,0.3087930381298065,3.6421196460723877
411,1,1,1,0.30438604950904846,3.656147003173828,0.26545560359954834,3.825087308883667,0.26564493775367737,3.786630630493164,0.20027503371238708,3.812817096710205
412,1,1,1,0.3792201280593872,3.6647002696990967,0.24735431373119354,3.86171817779541,0.19830197095870972,3.88015079498291,0.13990752398967743,3.9957265853881836
413,1,1,1,0.3243408203125,3.655757188796997,0.26172372698783875,3.8161587715148926,0.2558693289756775,3.7762198448181152,0.18618462979793549,3.8128881454467773
414,1,1,1,0.31606245040893555,3.65193510055542,0.26523634791374207,3.8064208030700684,0.26391103863716125,3.751283884048462,0.20904415845870972,3.772714376449585
415,1,1,1,0.36830106377601624,3.673922300338745,0.24632294476032257,3.871192216873169,0.19916892051696777,3.8776204586029053,0.14289699494838715,3.9564852714538574
416,1,1,1,0.321044921875,3.6557693481445312,0.2537517845630646,3.839580535888672,0.23322902619838715,3.827686309814453,0.18544721603393555,3.8653411865234375
417,1,1,1,0.29239076375961304,3.657266139984131,0.26650190353393555,3.8095834255218506,0.28868383169174194,3.76568865776062,0.22032445669174194,3.7893261909484863
418,1,1,1,0.2746656835079193,3.665079355239868,0.24477338790893555,3.8624789714813232,0.24168924987316132,3.870042085647583,0.20611447095870972,3.9238059520721436
419,1,1,1,0.23846310377120972,3.619675874710083,0.28629225492477417,3.7488338947296143,0.357930064201355,3.749213457107544,0.29719388484954834,3.758047103881836
420,1,1,1,0.37827596068382263,3.608121633529663,0.27467313408851624,3.728196144104004,0.28673070669174194,3.764335870742798,0.20571587979793549,3.849738359451294
421,1,1,1,0.26046067476272583,3.6497020721435547,0.2655104100704193,3.7998085021972656,0.3000936508178711,3.7778515815734863,0.2390585094690323,3.8208420276641846
422,1,1,1,0.2675631642341614,3.583555221557617,0.32983896136283875,3.696707010269165,0.39079439640045166,3.613713502883911,0.29027822613716125,3.611259937286377
423,1,1,1,0.2715192437171936,3.6299843788146973,0.2849220633506775,3.7457025051116943,0.33443278074264526,3.7043890953063965,0.25472337007522583,3.704326629638672
424,1,1,1,0.27135980129241943,3.617051839828491,0.2974878251552582,3.7322256565093994,0.3516222834587097,3.6893951892852783,0.26594388484954834,3.674835205078125
425,1,1,1,0.2966233789920807,3.608564853668213,0.3041294515132904,3.7040793895721436,0.33284837007522583,3.663074016571045,0.23891900479793549,3.671171188354492
426,1,1,1,0.3643549680709839,3.6394448280334473,0.25144490599632263,3.809317111968994,0.2426060289144516,3.86720609664917,0.18008609116077423,3.9259629249572754
427,1,1,1,0.32143354415893555,3.6642303466796875,0.2656349539756775,3.80682373046875,0.26789700984954834,3.7653250694274902,0.2063336968421936,3.784989833831787
428,1,1,1,0.3173105716705322,3.670780658721924,0.2506527006626129,3.8480331897735596,0.22710059583187103,3.8287405967712402,0.18676258623600006,3.8653292655944824
429,1,1,1,0.37911051511764526,3.644028663635254,0.2589833736419678,3.803766965866089,0.22676178812980652,3.8181138038635254,0.16549745202064514,3.9240124225616455
430,1,1,1,0.34404894709587097,3.6490976810455322,0.26453882455825806,3.8045542240142822,0.2532884180545807,3.814265489578247,0.18757972121238708,3.899277448654175
431,1,1,1,0.25228944420814514,3.620681047439575,0.2868203818798065,3.7410449981689453,0.36031168699264526,3.7405552864074707,0.2779615819454193,3.7580840587615967
432,1,1,1,0.28251802921295166,3.6145055294036865,0.2941545844078064,3.7259562015533447,0.34391939640045166,3.689044713973999,0.26761797070503235,3.6555705070495605
433,1,1,1,0.29903239011764526,3.623889923095703,0.29829996824264526,3.7340071201324463,0.3364855647087097,3.6861729621887207,0.24942202866077423,3.679184913635254
434,1,1,1,0.23339344561100006,3.58380126953125,0.31009843945503235,3.685915470123291,0.42246291041374207,3.681330442428589,0.3349011540412903,3.6644251346588135
435,1,1,1,0.2913220524787903,3.6369473934173584,0.2831881642341614,3.75288987159729,0.3177913725376129,3.7142767906188965,0.24139030277729034,3.7220113277435303
436,1,1,1,0.3026147782802582,3.6672730445861816,0.2534777522087097,3.843141794204712,0.24329359829425812,3.814622163772583,0.18690210580825806,3.8583920001983643
437,1,1,1,0.26497477293014526,3.600067615509033,0.31226083636283875,3.6968183517456055,0.38355985283851624,3.6447222232818604,0.29209181666374207,3.6308679580688477
438,1,1,1,0.2591727077960968,3.679412603378296,0.23034916818141937,3.924229860305786,0.2594866156578064,4.019815444946289,0.19770407676696777,4.0861897468566895
439,1,1,1,0.35033929347991943,3.679760217666626,0.22415098547935486,3.90684175491333,0.18794842064380646,3.967128038406372,0.13915018737316132,4.07619571685791
440,1,1,1,0.3688541352748871,3.6091744899749756,0.28770726919174194,3.7244389057159424,0.2815987765789032,3.702820301055908,0.20733019709587097,3.7653560638427734
441,1,1,1,0.27068468928337097,3.6406517028808594,0.2773935794830322,3.7769155502319336,0.31399473547935486,3.7355124950408936,0.24278539419174194,3.7493844032287598
442,1,1,1,0.30544233322143555,3.6534945964813232,0.2597556412220001,3.8247592449188232,0.25951650738716125,3.799792766571045,0.2001355141401291,3.819856643676758
443,1,1,1,0.32264429330825806,3.6539933681488037,0.26247110962867737,3.811272144317627,0.25764310359954834,3.7936182022094727,0.197126105427742,3.812354564666748
444,1,1,1,0.24538622796535492,3.598294496536255,0.30328741669654846,3.708564043045044,0.3921795189380646,3.6887896060943604,0.31754225492477417,3.6706833839416504
445,1,1,1,0.35351312160491943,3.654235601425171,0.2583456039428711,3.833388090133667,0.21382732689380646,3.830925464630127,0.15294164419174194,3.92181396484375
446,1,1,1,0.2817133665084839,3.6631736755371094,0.25257593393325806,3.836150884628296,0.2588587999343872,3.828810214996338,0.21508289873600006,3.8510007858276367
447,1,1,1,0.2652263939380646,3.617927074432373,0.2842295169830322,3.734827995300293,0.34795519709587097,3.707658052444458,0.26739874482154846,3.6975479125976562
448,1,1,1,0.27509167790412903,3.634237051010132,0.27810606360435486,3.76985502243042,0.3166852593421936,3.7490246295928955,0.24083226919174194,3.754882574081421
449,1,1,1,0.31539231538772583,3.6565194129943848,0.2605428695678711,3.8230321407318115,0.2551518678665161,3.7953524589538574,0.2023676633834839,3.8300178050994873
450,1,1,1,0.2806645631790161,3.6504557132720947,0.2652861773967743,3.8046915531158447,0.2839106321334839,3.7817556858062744,0.2267020046710968,3.7849669456481934
451,1,1,1,0.3661586046218872,3.6224493980407715,0.2812250852584839,3.7467710971832275,0.2798748314380646,3.7308268547058105,0.19917888939380646,3.8005802631378174
452,1,1,1,0.25285494327545166,3.6235294342041016,0.2879912555217743,3.751284599304199,0.3468989133834839,3.719148635864258,0.2870495915412903,3.7224884033203125
453,1,1,1,0.24492785334587097,3.6173360347747803,0.2913494408130646,3.7426934242248535,0.3568638265132904,3.712470769882202,0.2941645383834839,3.6953928470611572
454,1,3,0,0.3990926742553711,3.667276382446289,0.24429507553577423,3.855377197265625,0.1853276491165161,3.8951499462127686,0.12394371628761292,4.038269996643066
455,1,1,1,0.2976796627044678,3.65934681892395,0.26312878727912903,3.8108348846435547,0.2721918821334839,3.7876625061035156,0.22116149961948395,3.7956204414367676
456,1,1,1,0.26497477293014526,3.600067615509033,0.31226083636283875,3.6968183517456055,0.38355985283851624,3.6447222232818604,0.29209181666374207,3.6308679580688477
457,1,1,1,0.2774733006954193,3.6280300617218018,0.2834821343421936,3.7591395378112793,0.3196747303009033,3.7237842082977295,0.24410076439380646,3.7242815494537354
458,1,1,1,0.2880510687828064,3.6362149715423584,0.2762525975704193,3.7693932056427,0.31205156445503235,3.725818395614624,0.23692601919174194,3.7215678691864014
459,1,1,1,0.2950190305709839,3.637984275817871,0.28082647919654846,3.779181480407715,0.29809072613716125,3.712308645248413,0.23606903851032257,3.704010248184204
460,1,1,1,0.28653886914253235,3.6722540855407715,0.2509067952632904,3.876563787460327,0.23519212007522583,3.861494779586792,0.18524792790412903,3.9485745429992676
461,1,1,1,0.31153589487075806,3.638681173324585,0.26573461294174194,3.7885212898254395,0.27675580978393555,3.7617111206054688,0.21095742285251617,3.7539916038513184
462,1,1,1,0.31365591287612915,3.6609480381011963,0.2591278553009033,3.8342177867889404,0.2552814185619354,3.8337106704711914,0.20322464406490326,3.8678042888641357
463,1,1,1,0.3400281071662903,3.671236038208008,0.2356206178665161,3.8785789012908936,0.20143096148967743,3.8820619583129883,0.14839763939380646,3.9625301361083984
464,1,1,1,0.24990782141685486,3.5977869033813477,0.31086575984954834,3.709465980529785,0.38648954033851624,3.675596237182617,0.30731824040412903,3.666731595993042
465,1,1,1,0.2942591905593872,3.6365582942962646,0.27095621824264526,3.7896363735198975,0.29662588238716125,3.759028434753418,0.2282366007566452,3.7617011070251465
466,1,1,1,0.3201107084751129,3.6699016094207764,0.2570900321006775,3.8387954235076904,0.24503746628761292,3.8143553733825684,0.1968470960855484,3.8518781661987305
467,1,1,1,0.36823880672454834,3.632950782775879,0.2728196680545807,3.7680070400238037,0.25910794734954834,3.780439853668213,0.18486925959587097,3.8352737426757812
468,1,1,1,0.3816017508506775,3.6300904750823975,0.2663075923919678,3.779958486557007,0.24675142765045166,3.815523862838745,0.18187977373600006,3.9223098754882812
469,1,1,1,0.26827317476272583,3.60729718208313,0.29666075110435486,3.7154734134674072,0.35947462916374207,3.6791317462921143,0.2790776491165161,3.6642861366271973
470,1,1,1,0.3349534571170807,3.597703218460083,0.28518614172935486,3.71024489402771,0.3035714328289032,3.6923253536224365,0.21532206237316132,3.7325990200042725
471,1,1,1,0.30921655893325806,3.6667633056640625,0.25032883882522583,3.8350582122802734,0.24192841351032257,3.8159239292144775,0.18544721603393555,3.8448145389556885
472,1,1,1,0.28356435894966125,3.62304425239563,0.2967703640460968,3.736464023590088,0.3334163725376129,3.6613168716430664,0.2524912357330322,3.6630358695983887
473,1,1,1,0.4955979883670807,3.5468413829803467,0.29473254084587097,3.5553977489471436,0.29649633169174194,3.596222400665283,0.2167370766401291,3.712275743484497
474,1,1,1,0.3125,3.657413959503174,0.26285475492477417,3.812722682952881,0.25986525416374207,3.7803895473480225,0.1979631632566452,3.7918050289154053
475,1,1,1,0.2816685140132904,3.6413004398345947,0.27423468232154846,3.779378652572632,0.30799585580825806,3.739161491394043,0.24314412474632263,3.732377052307129
476,1,1,1,0.29007890820503235,3.6654844284057617,0.2438616007566452,3.8635380268096924,0.23958665132522583,3.886869430541992,0.18476960062980652,3.9819867610931396
477,1,1,1,0.2871442437171936,3.6266679763793945,0.28794142603874207,3.758439779281616,0.3280652165412903,3.7334001064300537,0.24270567297935486,3.735260248184204
478,1,1,1,0.4955979883670807,3.5468413829803467,0.29473254084587097,3.5553977489471436,0.29649633169174194,3.596222400665283,0.2167370766401291,3.712275743484497
479,1,1,1,0.3270687162876129,3.671043872833252,0.25411051511764526,3.850904941558838,0.2399653196334839,3.842531442642212,0.18839684128761292,3.8943192958831787
480,1,1,1,0.3121263086795807,3.6706042289733887,0.25721460580825806,3.8403842449188232,0.2502790093421936,3.845317840576172,0.19652821123600006,3.922015905380249
481,1,1,1,0.32488390803337097,3.6489713191986084,0.2669254243373871,3.7952699661254883,0.26025390625,3.759505271911621,0.19027024507522583,3.7987849712371826
482,1,1,1,0.3368418216705322,3.640155076980591,0.27961575984954834,3.7667319774627686,0.2868502736091614,3.7434170246124268,0.20784837007522583,3.7505033016204834
483,1,1,1,0.48096200823783875,3.5606799125671387,0.29099568724632263,3.581895112991333,0.2875876724720001,3.6021828651428223,0.21328921616077423,3.7259390354156494
484,1,1,1,0.27686044573783875,3.6439883708953857,0.2744738459587097,3.7750871181488037,0.3091717064380646,3.7187843322753906,0.23455436527729034,3.7162885665893555
485,1,1,1,0.31248006224632263,3.6544182300567627,0.2658093571662903,3.8014209270477295,0.2722516655921936,3.7717506885528564,0.21611925959587097,3.7671523094177246
486,1,1,1,0.3130654990673065,3.6446640491485596,0.2710558772087097,3.7907981872558594,0.2650769352912903,3.7754971981048584,0.20188935101032257,3.838104724884033
487,1,1,1,0.3047597408294678,3.6516640186309814,0.27371153235435486,3.7851459980010986,0.28470781445503235,3.7394211292266846,0.2173549085855484,3.762791156768799
488,1,1,1,0.3022361099720001,3.637965679168701,0.2822016477584839,3.775402069091797,0.2943837642669678,3.703676223754883,0.23463408648967743,3.7038986682891846
489,1,1,1,0.27357450127601624,3.624677896499634,0.2752162218093872,3.775150775909424,0.3115134537220001,3.7583250999450684,0.237165167927742,3.781848669052124
490,1,1,1,0.337611585855484,3.658006191253662,0.2615343928337097,3.817873477935791,0.2374441921710968,3.7983884811401367,0.1823381632566452,3.8490545749664307
491,1,1,1,0.45913633704185486,3.5864970684051514,0.2749920189380646,3.662559747695923,0.2606824040412903,3.672935724258423,0.19345901906490326,3.7992169857025146
492,1,1,1,0.2585175037384033,3.6501238346099854,0.2647381126880646,3.8041367530822754,0.29852917790412903,3.7964484691619873,0.23836097121238708,3.817474842071533
493,1,1,1,0.34441763162612915,3.653704881668091,0.2585000693798065,3.8167572021484375,0.25716477632522583,3.8147401809692383,0.19142617285251617,3.8260281085968018
494,1,1,1,0.3803013265132904,3.633509397506714,0.2624362111091614,3.7889580726623535,0.23245176672935486,3.809619665145874,0.17203444242477417,3.9053521156311035
495,1,1,1,0.35823899507522583,3.636230945587158,0.25870436429977417,3.7984516620635986,0.25241151452064514,3.8241217136383057,0.17677773535251617,3.901803731918335
496,1,1,1,0.3194754421710968,3.644845485687256,0.26140981912612915,3.816528797149658,0.25344786047935486,3.837618827819824,0.21613918244838715,3.8724758625030518
497,1,1,1,0.3172632157802582,3.661968469619751,0.25934210419654846,3.8246142864227295,0.2549724876880646,3.7814905643463135,0.18642377853393555,3.8148386478424072
498,1,1,1,0.27432188391685486,3.6174817085266113,0.2926448881626129,3.7337021827697754,0.3426937162876129,3.6974992752075195,0.2639508843421936,3.6927664279937744
499,1,1,1,0.30727091431617737,3.6501731872558594,0.2718779742717743,3.7799952030181885,0.28826528787612915,3.7432937622070312,0.22397162020206451,3.740434169769287
500,1,3,0,0.40668347477912903,3.668163299560547,0.23779296875,3.880065441131592,0.17677773535251617,3.8953776359558105,0.1286272257566452,4.066935062408447
501,1,1,1,0.37645986676216125,3.6499927043914795,0.24406090378761292,3.865445852279663,0.19247248768806458,3.926119565963745,0.13996730744838715,4.086003303527832
502,1,1,1,0.26435697078704834,3.626763343811035,0.2856295704841614,3.75585675239563,0.33066603541374207,3.7168731689453125,0.25603872537612915,3.7376041412353516
503,1,1,1,0.3013467490673065,3.645470142364502,0.27368661761283875,3.7842891216278076,0.2881556749343872,3.7416744232177734,0.2177734375,3.750709295272827
504,1,1,1,0.32026517391204834,3.6362624168395996,0.28435903787612915,3.758077621459961,0.29992425441741943,3.722007989883423,0.22024473547935486,3.7410190105438232
505,1,1,1,0.25824597477912903,3.6364047527313232,0.2726103961467743,3.7765653133392334,0.3173927664756775,3.7468526363372803,0.25003984570503235,3.7564961910247803
506,1,1,1,0.3226492702960968,3.666252374649048,0.24728454649448395,3.856722593307495,0.22073301672935486,3.84908127784729,0.1789301633834839,3.9045443534851074
507,1,1,1,0.30458036065101624,3.640441417694092,0.2827497124671936,3.7727537155151367,0.30292370915412903,3.7271621227264404,0.22646284103393555,3.734577178955078
508,1,1,1,0.27666860818862915,3.609614849090576,0.30344685912132263,3.73234486579895,0.34697863459587097,3.6676909923553467,0.2596261203289032,3.635295867919922
509,1,1,1,0.4155173599720001,3.63871169090271,0.2557098865509033,3.8017613887786865,0.22044403851032257,3.8583762645721436,0.15742585062980652,4.0258259773254395
510,1,1,1,0.26497477293014526,3.600067615509033,0.31226083636283875,3.6968183517456055,0.38355985283851624,3.6447222232818604,0.29209181666374207,3.6308679580688477
511,1,1,1,0.36704298853874207,3.6370763778686523,0.2674037218093872,3.7815871238708496,0.25597894191741943,3.8045389652252197,0.18849648535251617,3.8812644481658936
512,1,1,1,0.26924723386764526,3.60097336769104,0.30597296357154846,3.7165281772613525,0.358119398355484,3.6554343700408936,0.27403539419174194,3.642909049987793
513,1,1,1,0.30143144726753235,3.6350901126861572,0.2808065414428711,3.7677035331726074,0.2917729616165161,3.7065916061401367,0.22371253371238708,3.7309577465057373
514,1,1,1,0.3136484622955322,3.6629652976989746,0.2515943944454193,3.836838483810425,0.24482819437980652,3.820098400115967,0.17665815353393555,3.8722925186157227
515,1,1,1,0.27952855825424194,3.6406397819519043,0.2792021930217743,3.787604570388794,0.3030931055545807,3.7405970096588135,0.23782286047935486,3.748847723007202
516,1,1,1,0.26497477293014526,3.600067615509033,0.31226083636283875,3.6968183517456055,0.38355985283851624,3.6447222232818604,0.29209181666374207,3.6308679580688477
517,1,1,1,0.2662677466869354,3.641922950744629,0.27101102471351624,3.786222457885742,0.31930604577064514,3.7637860774993896,0.2453364133834839,3.760601043701172
518,1,1,1,0.27884596586227417,3.6366868019104004,0.2809012234210968,3.767764091491699,0.32454758882522583,3.7400596141815186,0.25127550959587097,3.7546796798706055
519,1,1,1,0.3137630522251129,3.6365535259246826,0.2852608859539032,3.7654271125793457,0.3047373294830322,3.7157058715820312,0.225446417927742,3.7363860607147217
520,1,1,1,0.34409627318382263,3.6026151180267334,0.3048867881298065,3.7299320697784424,0.3142338991165161,3.6694679260253906,0.22407126426696777,3.7141332626342773
521,1,1,1,0.27481764554977417,3.6220879554748535,0.2940947711467743,3.7309153079986572,0.35119378566741943,3.693300724029541,0.2668008506298065,3.6852917671203613
522,1,1,1,0.29938116669654846,3.630702257156372,0.2857939898967743,3.757479190826416,0.3142438530921936,3.718186140060425,0.23555085062980652,3.72383451461792
523,1,1,1,0.3683932423591614,3.6612229347229004,0.23077267408370972,3.8642399311065674,0.198590949177742,3.9203171730041504,0.14538823068141937,4.041535377502441
524,1,1,1,0.33222058415412903,3.632427453994751,0.27441903948783875,3.7735352516174316,0.28826528787612915,3.793452739715576,0.21621890366077423,3.829385280609131
525,1,1,1,0.2957340180873871,3.6534833908081055,0.26492246985435486,3.8155572414398193,0.2687838673591614,3.7984650135040283,0.20262674987316132,3.8053505420684814
526,1,1,1,0.3072783648967743,3.641352653503418,0.2720623314380646,3.783202648162842,0.2756098508834839,3.7461133003234863,0.20679208636283875,3.7574210166931152
527,1,1,1,0.37510961294174194,3.6419520378112793,0.2621023952960968,3.8019959926605225,0.23162467777729034,3.8098864555358887,0.16898517310619354,3.8919684886932373
528,1,1,1,0.32732531428337097,3.661658763885498,0.25435465574264526,3.8343780040740967,0.23576012253761292,3.8089098930358887,0.18640385568141937,3.860579490661621
529,1,1,1,0.27953603863716125,3.6521103382110596,0.27081671357154846,3.8035471439361572,0.28672072291374207,3.760504722595215,0.22749920189380646,3.7909767627716064
530,1,1,1,0.29467523097991943,3.664792776107788,0.2570900321006775,3.832710027694702,0.25925740599632263,3.833916187286377,0.20436064898967743,3.8946752548217773
531,1,1,1,0.27665865421295166,3.6374073028564453,0.26738879084587097,3.8007304668426514,0.2982700765132904,3.7796337604522705,0.2297711968421936,3.7802932262420654
532,1,1,1,0.25491270422935486,3.6297643184661865,0.2848971486091614,3.7550368309020996,0.3420260548591614,3.7215278148651123,0.26592394709587097,3.727572441101074
533,1,1,1,0.33497586846351624,3.679091453552246,0.24477837979793549,3.8773000240325928,0.2116948366165161,3.851581573486328,0.16047511994838715,3.9035022258758545
534,1,1,1,0.30418676137924194,3.6541361808776855,0.26467832922935486,3.8111329078674316,0.26970064640045166,3.7833733558654785,0.2054966539144516,3.8114635944366455
535,1,1,1,0.37695810198783875,3.646615743637085,0.26464346051216125,3.7966487407684326,0.23896881937980652,3.8132688999176025,0.1722935289144516,3.885251522064209
536,1,1,1,0.37639009952545166,3.6241610050201416,0.2765515446662903,3.745842695236206,0.2659040093421936,3.7643532752990723,0.1879185289144516,3.8437798023223877
537,1,1,1,0.3318294584751129,3.641566276550293,0.27123525738716125,3.792663097381592,0.2715740501880646,3.760209798812866,0.2009725719690323,3.76100754737854
538,1,1,1,0.33132123947143555,3.6472349166870117,0.26809629797935486,3.809786558151245,0.24997009336948395,3.7582619190216064,0.18146125972270966,3.7992312908172607
539,1,1,1,0.2970244586467743,3.637727737426758,0.2753756642341614,3.7765111923217773,0.3002232015132904,3.7384493350982666,0.23377710580825806,3.738704204559326
540,1,1,1,0.3538917899131775,3.6726198196411133,0.24527661502361298,3.86611270904541,0.2129005789756775,3.8720335960388184,0.16501912474632263,3.9782607555389404
541,1,1,1,0.31029027700424194,3.654966115951538,0.26282984018325806,3.806316375732422,0.2713946998119354,3.778557062149048,0.21308991312980652,3.7881593704223633
542,1,1,1,0.36390653252601624,3.644798994064331,0.2570302486419678,3.808866500854492,0.2165278196334839,3.8314695358276367,0.1599370241165161,3.9221184253692627
543,1,1,1,0.29648634791374207,3.6286089420318604,0.2860829830169678,3.7513844966888428,0.3166852593421936,3.6887035369873047,0.2437220960855484,3.6757707595825195
544,1,1,1,0.2512306571006775,3.601104736328125,0.30671536922454834,3.72613263130188,0.37204042077064514,3.6955134868621826,0.31750237941741943,3.6753499507904053
545,1,1,1,0.25888869166374207,3.653050422668457,0.2620675265789032,3.813814163208008,0.29754263162612915,3.8178439140319824,0.24041374027729034,3.83536434173584
546,1,1,1,0.37638261914253235,3.642176866531372,0.26003965735435486,3.801191806793213,0.22562579810619354,3.8320376873016357,0.16691246628761292,3.913313388824463
547,1,1,1,0.2690105736255646,3.6356093883514404,0.271240234375,3.7775309085845947,0.3266701102256775,3.7667622566223145,0.2511160671710968,3.7618253231048584
548,1,1,1,0.2625981569290161,3.6061153411865234,0.30865851044654846,3.7103424072265625,0.3713628053665161,3.6557276248931885,0.2850964665412903,3.6454386711120605
549,1,1,1,0.3180529475212097,3.6492648124694824,0.2727847993373871,3.7935304641723633,0.27521124482154846,3.7528786659240723,0.19941803812980652,3.787127733230591
550,1,1,1,0.24091945588588715,3.610483169555664,0.29555463790893555,3.7335760593414307,0.3690210282802582,3.7081172466278076,0.29908719658851624,3.705070972442627
551,1,1,1,0.4134072959423065,3.6600983142852783,0.2499302476644516,3.827040433883667,0.20196905732154846,3.8436450958251953,0.13970822095870972,3.9694721698760986
552,1,1,1,0.34212571382522583,3.652331590652466,0.2562579810619354,3.8211231231689453,0.22711056470870972,3.8230443000793457,0.17588089406490326,3.8749008178710938
553,1,1,1,0.2971465289592743,3.6415319442749023,0.2774334251880646,3.77746844291687,0.29434388875961304,3.7235424518585205,0.23148517310619354,3.733275890350342
554,1,1,1,0.26497477293014526,3.600067615509033,0.31226083636283875,3.6968183517456055,0.38355985283851624,3.6447222232818604,0.29209181666374207,3.6308679580688477
555,1,1,1,0.30989664793014526,3.661963939666748,0.2608368396759033,3.8315792083740234,0.25938695669174194,3.806300401687622,0.2058354616165161,3.8291053771972656
556,1,1,1,0.3785076439380646,3.6397628784179688,0.26206251978874207,3.7950832843780518,0.23084741830825806,3.8014330863952637,0.1755620241165161,3.8941991329193115
557,1,1,1,0.35965898633003235,3.6368775367736816,0.26475805044174194,3.787609577178955,0.24621331691741943,3.801116943359375,0.1909279227256775,3.816805839538574
558,1,1,1,0.2968650162220001,3.672501802444458,0.25035375356674194,3.8604493141174316,0.23251155018806458,3.839069128036499,0.1898716539144516,3.912459373474121
559,1,1,1,0.2641501724720001,3.640693426132202,0.2760184109210968,3.773132562637329,0.32691922783851624,3.765354871749878,0.2554607689380646,3.789592742919922
560,1,1,1,0.3064213991165161,3.6589267253875732,0.2558145225048065,3.837855100631714,0.23767338693141937,3.823948621749878,0.18813775479793549,3.8726694583892822
561,1,1,1,0.26889100670814514,3.6192893981933594,0.2880610227584839,3.742004632949829,0.3401128053665161,3.7190823554992676,0.26448899507522583,3.687438726425171
562,1,1,1,0.3109928071498871,3.673649311065674,0.23993542790412903,3.878831386566162,0.2099708914756775,3.8717193603515625,0.16942362487316132,3.978708505630493
563,1,1,1,0.246076300740242,3.606456995010376,0.29784658551216125,3.7134780883789062,0.3731265962123871,3.68269944190979,0.2888033986091614,3.6858739852905273
564,1,1,1,0.28105318546295166,3.630038022994995,0.28824037313461304,3.7523465156555176,0.3222556412220001,3.7078449726104736,0.24641261994838715,3.702604293823242
565,1,1,1,0.3130156695842743,3.6475601196289062,0.26549047231674194,3.7920427322387695,0.26734891533851624,3.7708449363708496,0.20900429785251617,3.7914559841156006
566,1,1,1,0.37372449040412903,3.643991231918335,0.2627052664756775,3.8035125732421875,0.23720502853393555,3.823601007461548,0.1729910671710968,3.9285714626312256
567,1,1,1,0.3185063600540161,3.665290117263794,0.25635263323783875,3.835338592529297,0.24801696836948395,3.806259870529175,0.19367824494838715,3.8449268341064453
568,1,1,1,0.2987484037876129,3.6490659713745117,0.2711455523967743,3.799044370651245,0.2878667116165161,3.772085189819336,0.22309470176696777,3.8015007972717285
569,1,1,1,0.26896074414253235,3.6227595806121826,0.291748046875,3.7377679347991943,0.3419961631298065,3.69329833984375,0.2670798599720001,3.675845146179199
570,1,1,1,0.23771324753761292,3.56291127204895,0.33113938570022583,3.665262222290039,0.4250239133834839,3.6201117038726807,0.3309350907802582,3.6269798278808594
571,1,1,1,0.32410913705825806,3.6784472465515137,0.24882911145687103,3.858673334121704,0.22908362746238708,3.854278087615967,0.1796875,3.8999557495117188
572,1,1,1,0.3639638423919678,3.6404056549072266,0.26768773794174194,3.782414436340332,0.2570352256298065,3.795921564102173,0.18716119229793549,3.876584053039551
573,1,1,1,0.3048593997955322,3.6503641605377197,0.27164381742477417,3.797945737838745,0.2688336968421936,3.7237749099731445,0.20497846603393555,3.759747266769409
574,1,1,1,0.30897241830825806,3.6453187465667725,0.2707071006298065,3.791154384613037,0.2778419852256775,3.748116970062256,0.2156010866165161,3.7919209003448486
575,1,1,1,0.3370859622955322,3.5936412811279297,0.30459779500961304,3.705646514892578,0.3228136897087097,3.6447291374206543,0.23022958636283875,3.682652473449707
576,1,1,1,0.2667485475540161,3.587662935256958,0.32241010665893555,3.7002735137939453,0.3905751705169678,3.6292383670806885,0.3000039756298065,3.6123032569885254
577,1,1,1,0.28407254815101624,3.653596878051758,0.26914259791374207,3.803898811340332,0.29556959867477417,3.7839250564575195,0.2270607352256775,3.787062168121338
578,1,1,1,0.3591906428337097,3.67268443107605,0.2275639772415161,3.887176275253296,0.19031010568141937,3.960048198699951,0.1302415430545807,4.088599681854248
579,1,1,1,0.31847646832466125,3.6466257572174072,0.2706622779369354,3.792426824569702,0.27294921875,3.742506742477417,0.2126913219690323,3.743253469467163
580,1,1,1,0.2717982530593872,3.6085498332977295,0.2981903553009033,3.733558416366577,0.35606664419174194,3.683253049850464,0.27570950984954834,3.658522367477417
581,1,1,1,0.33292311429977417,3.630150079727173,0.27536073327064514,3.773296356201172,0.28109055757522583,3.737450361251831,0.21426577866077423,3.7552785873413086
582,1,1,1,0.31522539258003235,3.6704206466674805,0.2557796537876129,3.8428783416748047,0.2399553507566452,3.7914867401123047,0.19031010568141937,3.8080427646636963
583,1,1,1,0.29323530197143555,3.639554262161255,0.2766561508178711,3.768648862838745,0.30849409103393555,3.7341558933258057,0.23164460062980652,3.73569655418396
584,1,1,1,0.34282076358795166,3.6494030952453613,0.2696009874343872,3.7973203659057617,0.25894850492477417,3.763603448867798,0.18755978345870972,3.7871639728546143
585,1,1,1,0.41919443011283875,3.6445729732513428,0.25405073165893555,3.8157641887664795,0.20444037020206451,3.8599629402160645,0.14345502853393555,4.011392116546631
586,1,1,1,0.3820377290248871,3.6335513591766357,0.2634626030921936,3.788437604904175,0.2416394203901291,3.8080332279205322,0.17980708181858063,3.8909332752227783
587,1,1,1,0.26497477293014526,3.600067615509033,0.31226083636283875,3.6968183517456055,0.38355985283851624,3.6447222232818604,0.29209181666374207,3.6308679580688477
588,1,1,1,0.30932366847991943,3.6615068912506104,0.26123544573783875,3.822204351425171,0.2547333240509033,3.7792904376983643,0.20497846603393555,3.80690336227417
589,1,1,1,0.3118647336959839,3.6741461753845215,0.25018933415412903,3.8606762886047363,0.23411591351032257,3.8500893115997314,0.18975207209587097,3.897279739379883
590,1,1,1,0.3584009110927582,3.665144443511963,0.23816664516925812,3.8684964179992676,0.20834662020206451,3.926391839981079,0.14046555757522583,4.062428951263428
591,1,1,1,0.30761468410491943,3.6621205806732178,0.2611607015132904,3.824538230895996,0.2557098865509033,3.794863700866699,0.2036232352256775,3.8285210132598877
592,1,1,1,0.3218844532966614,3.6680984497070312,0.25207269191741943,3.8438093662261963,0.2366071343421936,3.837264060974121,0.18584582209587097,3.894798994064331
593,1,1,1,0.3688541352748871,3.6091744899749756,0.28770726919174194,3.7244389057159424,0.2815987765789032,3.702820301055908,0.20733019709587097,3.7653560638427734
594,1,1,1,0.3629648685455322,3.615825891494751,0.28224149346351624,3.7388033866882324,0.2842394709587097,3.745302200317383,0.2058553844690323,3.798431634902954
595,1,1,1,0.3062644302845001,3.669635772705078,0.24552574753761292,3.868643283843994,0.2117147594690323,3.863692045211792,0.16611526906490326,3.982003688812256
596,1,1,1,0.2740802466869354,3.610463857650757,0.29909220337867737,3.735161304473877,0.3493203818798065,3.676223039627075,0.26837530732154846,3.6598098278045654
597,1,1,1,0.35721510648727417,3.650963544845581,0.2613799273967743,3.815840721130371,0.24429009854793549,3.8197021484375,0.16966278851032257,3.868201494216919
598,1,1,1,0.2587442100048065,3.6254355907440186,0.28220662474632263,3.7477753162384033,0.3323003053665161,3.707829713821411,0.25833067297935486,3.712852954864502
599,1,1,1,0.32403188943862915,3.6687605381011963,0.2501843571662903,3.847609281539917,0.23809191584587097,3.82735538482666,0.19040974974632263,3.8465564250946045
600,1,1,1,0.2875802218914032,3.6155824661254883,0.2972835600376129,3.7322428226470947,0.3359972834587097,3.666884183883667,0.25402581691741943,3.6679742336273193
601,1,1,1,0.35183653235435486,3.65081787109375,0.2596012055873871,3.8159990310668945,0.22862523794174194,3.8246960639953613,0.17472496628761292,3.8903844356536865
602,1,1,1,0.28829020261764526,3.6559946537017822,0.2635323703289032,3.807173013687134,0.2712651491165161,3.7598633766174316,0.21352837979793549,3.779820680618286
603,1,1,1,0.26928213238716125,3.6081392765045166,0.299560546875,3.727092742919922,0.3593152165412903,3.6644017696380615,0.28031328320503235,3.654959201812744
604,1,1,1,0.3462885618209839,3.6551225185394287,0.2579769194126129,3.823937177658081,0.2283063530921936,3.8410370349884033,0.1799067258834839,3.936413049697876
605,1,1,1,0.26497477293014526,3.600067615509033,0.31226083636283875,3.6968183517456055,0.38355985283851624,3.6447222232818604,0.29209181666374207,3.6308679580688477
606,1,1,1,0.2519606053829193,3.5896241664886475,0.312220960855484,3.698981761932373,0.39130261540412903,3.6623969078063965,0.3053850531578064,3.654506206512451
607,1,1,1,0.3731365501880646,3.671518325805664,0.24520188570022583,3.873326063156128,0.18719108402729034,3.9014639854431152,0.1443319469690323,4.051505088806152
608,1,1,1,0.25294461846351624,3.6165618896484375,0.29512614011764526,3.7439939975738525,0.3489915430545807,3.7033579349517822,0.28136956691741943,3.700807571411133
609,1,1,1,0.3349534571170807,3.597703218460083,0.28518614172935486,3.71024489402771,0.3035714328289032,3.6923253536224365,0.21532206237316132,3.7325990200042725
610,1,1,1,0.26099878549575806,3.5898327827453613,0.30865851044654846,3.698671579360962,0.3851044178009033,3.6602494716644287,0.29691484570503235,3.6445159912109375
611,1,1,1,0.3349160850048065,3.64953351020813,0.26067739725112915,3.8189949989318848,0.2622967064380646,3.8138818740844727,0.19234295189380646,3.847062587738037
612,1,1,1,0.31523287296295166,3.660818576812744,0.26109594106674194,3.827070951461792,0.2592673599720001,3.799484968185425,0.2036830335855484,3.8152642250061035
613,1,1,1,0.2556052505970001,3.6210405826568604,0.2846928834915161,3.745305299758911,0.3486427664756775,3.717609405517578,0.2728595435619354,3.716529130935669
614,1,1,1,0.26497477293014526,3.600067615509033,0.31226083636283875,3.6968183517456055,0.38355985283851624,3.6447222232818604,0.29209181666374207,3.6308679580688477
615,1,1,1,0.2836216390132904,3.66019606590271,0.25872427225112915,3.8205173015594482,0.2746432423591614,3.7994630336761475,0.21926817297935486,3.8093981742858887
616,1,1,1,0.31837931275367737,3.6466667652130127,0.2708665430545807,3.7986719608306885,0.2708764970302582,3.7512784004211426,0.2025071680545807,3.786438226699829
617,1,1,1,0.31068888306617737,3.6394362449645996,0.2791473865509033,3.7752294540405273,0.29091596603393555,3.7397751808166504,0.21823181211948395,3.7492237091064453
618,1,1,1,0.3062220811843872,3.6324193477630615,0.2845035493373871,3.763471841812134,0.29638671875,3.7007699012756348,0.22676178812980652,3.7126033306121826
619,1,1,1,0.27281469106674194,3.607990026473999,0.3056192100048065,3.7126951217651367,0.36539381742477417,3.6652393341064453,0.27353712916374207,3.6573405265808105
620,1,1,1,0.39031606912612915,3.633568525314331,0.26279494166374207,3.7821552753448486,0.23951689898967743,3.8206441402435303,0.17540258169174194,3.92057728767395
621,1,1,1,0.3208805024623871,3.6652045249938965,0.2565668821334839,3.83095121383667,0.25114595890045166,3.7842321395874023,0.19417649507522583,3.800882577896118
622,1,1,1,0.31978434324264526,3.6718862056732178,0.2487194985151291,3.8652217388153076,0.23212292790412903,3.9053404331207275,0.18580596148967743,4.02584981918335
623,1,1,1,0.24759097397327423,3.594073534011841,0.30761221051216125,3.6961402893066406,0.38878148794174194,3.6630783081054688,0.3061025142669678,3.6491308212280273
624,1,1,1,0.31245267391204834,3.6348140239715576,0.2873435318470001,3.7649598121643066,0.3111647069454193,3.707967758178711,0.22939252853393555,3.7074718475341797
625,1,1,1,0.2787388265132904,3.624678134918213,0.29323282837867737,3.7422220706939697,0.33284837007522583,3.6872942447662354,0.2628946006298065,3.684102773666382
626,1,1,1,0.3267025053501129,3.651550531387329,0.25549066066741943,3.8341197967529297,0.23190368711948395,3.8056461811065674,0.18405213952064514,3.84580397605896
627,1,1,1,0.3726657032966614,3.636228084564209,0.26815110445022583,3.7748379707336426,0.2512655258178711,3.7848105430603027,0.17869099974632263,3.8344857692718506
628,1,1,1,0.3356759250164032,3.664264678955078,0.25464364886283875,3.835916042327881,0.22828643023967743,3.8352177143096924,0.1768973171710968,3.903447389602661
629,1,1,1,0.31756964325904846,3.6629927158355713,0.25868940353393555,3.8290255069732666,0.24571508169174194,3.7766647338867188,0.1905691921710968,3.797950267791748
630,1,1,1,0.2577850818634033,3.634247303009033,0.27867406606674194,3.7735602855682373,0.3221958577632904,3.739708662033081,0.25589922070503235,3.7383177280426025
631,1,1,1,0.320033460855484,3.6487419605255127,0.26230666041374207,3.808342456817627,0.2615692615509033,3.8134024143218994,0.2011120766401291,3.858388662338257
632,1,1,1,0.3326689898967743,3.6655733585357666,0.2579270899295807,3.8417139053344727,0.23733457922935486,3.8198344707489014,0.1828961968421936,3.8611745834350586
633,1,1,1,0.26449647545814514,3.6395907402038574,0.27451369166374207,3.7826340198516846,0.3135363459587097,3.75276517868042,0.25191324949264526,3.748180389404297
634,1,1,1,0.27744337916374207,3.61905574798584,0.2874332368373871,3.74698805809021,0.3280751705169678,3.680405855178833,0.2585100531578064,3.667334794998169
635,1,1,1,0.3257807493209839,3.675027370452881,0.24359753727912903,3.879793882369995,0.20823700726032257,3.8773508071899414,0.16019611060619354,3.959318161010742
636,1,1,1,0.27585646510124207,3.624675989151001,0.29478734731674194,3.736313581466675,0.34024232625961304,3.6914539337158203,0.2572544515132904,3.6835296154022217
637,1,1,1,0.3123604953289032,3.6550755500793457,0.2579868733882904,3.8257980346679688,0.23888909816741943,3.7961456775665283,0.1955915093421936,3.8266761302948
638,1,1,1,0.32471948862075806,3.6697609424591064,0.2500597834587097,3.8466365337371826,0.23225246369838715,3.846526861190796,0.18580596148967743,3.877829074859619
639,1,1,1,0.35985082387924194,3.630681037902832,0.2704131305217743,3.775228977203369,0.25709500908851624,3.7896900177001953,0.19449536502361298,3.847935199737549
640,1,1,1,0.2869897782802582,3.6476995944976807,0.2719477415084839,3.7970173358917236,0.28833505511283875,3.7442543506622314,0.2241908460855484,3.78824782371521
641,1,1,1,0.37128058075904846,3.6521220207214355,0.24111627042293549,3.8567354679107666,0.19794324040412903,3.928161382675171,0.13865193724632263,4.093718528747559
642,1,1,1,0.26497477293014526,3.600067615509033,0.31226083636283875,3.6968183517456055,0.38355985283851624,3.6447222232818604,0.29209181666374207,3.6308679580688477
643,1,1,1,0.30105528235435486,3.639648914337158,0.2763771414756775,3.7881197929382324,0.28427931666374207,3.7441461086273193,0.2189692258834839,3.7416036128997803
644,1,1,1,0.31797072291374207,3.6574478149414062,0.2691675126552582,3.8021953105926514,0.27145448327064514,3.772071599960327,0.20133130252361298,3.799940586090088
645,1,1,1,0.3391362428665161,3.6479666233062744,0.2603236436843872,3.807973623275757,0.25353753566741943,3.7793498039245605,0.19383768737316132,3.792823314666748
646,1,1,1,0.2868328392505646,3.6573126316070557,0.26544561982154846,3.816784381866455,0.27523118257522583,3.790984869003296,0.22299505770206451,3.7950665950775146
647,1,1,1,0.4955979883670807,3.5468413829803467,0.29473254084587097,3.5553977489471436,0.29649633169174194,3.596222400665283,0.2167370766401291,3.712275743484497
648,1,1,1,0.3029809892177582,3.6577508449554443,0.2611607015132904,3.8146557807922363,0.2649872303009033,3.7801971435546875,0.21035952866077423,3.8241591453552246
649,1,1,1,0.3791753053665161,3.6219546794891357,0.2785395383834839,3.753899574279785,0.27003946900367737,3.7540130615234375,0.18813775479793549,3.8063559532165527
650,1,1,1,0.27556002140045166,3.6326348781585693,0.27652662992477417,3.7866666316986084,0.29343709349632263,3.73189115524292,0.23491309583187103,3.7789089679718018
651,1,1,1,0.3169543147087097,3.6487879753112793,0.2746432423591614,3.7892675399780273,0.2783900499343872,3.743995428085327,0.2052973508834839,3.763906478881836
652,1,1,1,0.26497477293014526,3.600067615509033,0.31226083636283875,3.6968183517456055,0.38355985283851624,3.6447222232818604,0.29209181666374207,3.6308679580688477
653,1,1,1,0.29869359731674194,3.637500286102295,0.2782156765460968,3.7674384117126465,0.29943597316741943,3.7146661281585693,0.2292928844690323,3.7177748680114746
654,1,1,1,0.48496541380882263,3.5518856048583984,0.28965041041374207,3.566312313079834,0.28939133882522583,3.5957438945770264,0.21460458636283875,3.7188892364501953
655,1,1,1,0.3132947087287903,3.6675307750701904,0.24506735801696777,3.8683974742889404,0.21475405991077423,3.911837100982666,0.17635920643806458,4.011752605438232
656,1,1,1,0.29701700806617737,3.620373249053955,0.2864666283130646,3.748169422149658,0.3213687837123871,3.6995348930358887,0.24388153851032257,3.6817030906677246
657,1,1,1,0.26497477293014526,3.600067615509033,0.31226083636283875,3.6968183517456055,0.38355985283851624,3.6447222232818604,0.29209181666374207,3.6308679580688477
658,1,1,1,0.27605825662612915,3.614292621612549,0.2971091568470001,3.7293856143951416,0.35096460580825806,3.6887564659118652,0.2645687162876129,3.6608662605285645
659,1,1,1,0.39339524507522583,3.6446692943573,0.2516392171382904,3.8279972076416016,0.20853595435619354,3.881492853164673,0.14204001426696777,4.059632301330566
660,1,1,1,0.31162306666374207,3.668945074081421,0.2541404068470001,3.834728479385376,0.2442801296710968,3.8121888637542725,0.19312021136283875,3.8260061740875244
661,1,1,1,0.27391332387924194,3.6175568103790283,0.28453344106674194,3.756667375564575,0.3272181749343872,3.7332887649536133,0.24611367285251617,3.7651631832122803
662,1,1,1,0.26497477293014526,3.600067615509033,0.31226083636283875,3.6968183517456055,0.38355985283851624,3.6447222232818604,0.29209181666374207,3.6308679580688477
663,1,1,1,0.36034905910491943,3.658160924911499,0.25193318724632263,3.8416659832000732,0.2146444469690323,3.833101272583008,0.15991708636283875,3.880483627319336
664,1,1,1,0.26497477293014526,3.600067615509033,0.31226083636283875,3.6968183517456055,0.38355985283851624,3.6447222232818604,0.29209181666374207,3.6308679580688477
665,1,1,1,0.27992716431617737,3.6153695583343506,0.2887485921382904,3.756803035736084,0.32201650738716125,3.7000463008880615,0.24314412474632263,3.726311445236206
666,1,1,1,0.3146823048591614,3.660874366760254,0.26218709349632263,3.81186580657959,0.2555703818798065,3.7573206424713135,0.19557158648967743,3.755018949508667
667,1,1,1,0.2424241602420807,3.6285414695739746,0.28246572613716125,3.7679390907287598,0.34162747859954834,3.755155563354492,0.2860132157802582,3.769911527633667
668,1,1,1,0.24061304330825806,3.5852210521698,0.3126743733882904,3.6933789253234863,0.40440648794174194,3.666412115097046,0.3247967064380646,3.6535558700561523
669,1,1,1,0.26497477293014526,3.600067615509033,0.31226083636283875,3.6968183517456055,0.38355985283851624,3.6447222232818604,0.29209181666374207,3.6308679580688477
670,1,1,1,0.26497477293014526,3.600067615509033,0.31226083636283875,3.6968183517456055,0.38355985283851624,3.6447222232818604,0.29209181666374207,3.6308679580688477
671,1,1,1,0.26537835597991943,3.620276927947998,0.29064691066741943,3.7423629760742188,0.35229989886283875,3.702268600463867,0.26773756742477417,3.6907100677490234
672,1,1,1,0.3482566177845001,3.6510841846466064,0.26120057702064514,3.8177742958068848,0.248046875,3.806805372238159,0.18058434128761292,3.8310341835021973
673,1,1,1,0.3268968164920807,3.6570770740509033,0.26642218232154846,3.817044496536255,0.2598254084587097,3.7750632762908936,0.18815767765045166,3.7968435287475586
674,1,1,1,0.3311518430709839,3.6562774181365967,0.2572444975376129,3.8251404762268066,0.23460419476032257,3.8218154907226562,0.18277662992477417,3.875913143157959
675,1,1,1,0.29428908228874207,3.6246676445007324,0.2932477593421936,3.745140790939331,0.32948023080825806,3.684006690979004,0.24445949494838715,3.6562042236328125
676,1,1,1,0.3209851384162903,3.6452975273132324,0.27222177386283875,3.7868988513946533,0.2795758843421936,3.751603841781616,0.20316486060619354,3.7645673751831055
677,1,1,1,0.28633707761764526,3.6287825107574463,0.2864566743373871,3.7519872188568115,0.32252469658851624,3.7103750705718994,0.24996013939380646,3.7269175052642822
678,1,1,1,0.2781484127044678,3.6065328121185303,0.3251703977584839,3.678807258605957,0.37831830978393555,3.6199393272399902,0.27897799015045166,3.6125874519348145
679,1,1,1,0.26497477293014526,3.600067615509033,0.31226083636283875,3.6968183517456055,0.38355985283851624,3.6447222232818604,0.29209181666374207,3.6308679580688477
680,1,1,1,0.2943638265132904,3.6620261669158936,0.25771284103393555,3.8296728134155273,0.2715441584587097,3.792550563812256,0.21641820669174194,3.814439535140991
681,1,1,1,0.24810665845870972,3.6035425662994385,0.30485689640045166,3.707939624786377,0.3812181055545807,3.6797103881835938,0.30082109570503235,3.672452688217163
682,1,1,1,0.36431261897087097,3.59112548828125,0.3077467381954193,3.6741249561309814,0.33056640625,3.6280107498168945,0.24738918244838715,3.673326253890991
683,1,1,1,0.3140271306037903,3.6487984657287598,0.2720772922039032,3.7976267337799072,0.2711355984210968,3.752361297607422,0.20027503371238708,3.786048412322998
684,1,1,1,0.27821317315101624,3.6159908771514893,0.2969347834587097,3.7339417934417725,0.3463408648967743,3.679307222366333,0.26399075984954834,3.6697871685028076
685,1,1,1,0.2698999345302582,3.6518828868865967,0.265625,3.816514015197754,0.29020845890045166,3.8133432865142822,0.2350725382566452,3.8294191360473633
686,1,1,1,0.27341756224632263,3.627696990966797,0.281005859375,3.7718045711517334,0.3111248314380646,3.7479662895202637,0.26391103863716125,3.7462618350982666
687,1,1,1,0.2825205326080322,3.654709577560425,0.2635672390460968,3.8138716220855713,0.2761678695678711,3.7728583812713623,0.22755898535251617,3.791644811630249
688,1,1,1,0.3247867524623871,3.6692540645599365,0.25937697291374207,3.8458642959594727,0.23888909816741943,3.8270137310028076,0.17552216351032257,3.898944139480591
689,1,1,1,0.28286680579185486,3.6323482990264893,0.28122010827064514,3.7617199420928955,0.3164560794830322,3.7187392711639404,0.2433035671710968,3.718217611312866
690,1,1,1,0.3329031765460968,3.6652398109436035,0.24982061982154846,3.8496809005737305,0.22622369229793549,3.830984115600586,0.17115752398967743,3.8943874835968018
691,1,1,1,0.2801588475704193,3.6516032218933105,0.27037328481674194,3.8124942779541016,0.2811603248119354,3.769803285598755,0.22303491830825806,3.8146724700927734
692,1,1,1,0.32199159264564514,3.646754264831543,0.27459341287612915,3.797194719314575,0.27633729577064514,3.7325375080108643,0.20294561982154846,3.7299420833587646
693,1,1,1,0.26805394887924194,3.589317798614502,0.3202427327632904,3.6987740993499756,0.3913325071334839,3.6393520832061768,0.3025350570678711,3.6199605464935303
694,1,1,1,0.24419543147087097,3.6044561862945557,0.2967354953289032,3.7250821590423584,0.3740134537220001,3.6948018074035645,0.29259008169174194,3.7079217433929443
695,1,1,1,0.2910878658294678,3.6554067134857178,0.2763572037220001,3.7852017879486084,0.3057537376880646,3.767754077911377,0.22694116830825806,3.777904510498047
696,1,1,1,0.30679258704185486,3.6589009761810303,0.26256078481674194,3.8158719539642334,0.2607920169830322,3.7862136363983154,0.20657286047935486,3.7966232299804688
697,1,1,1,0.37827596068382263,3.608121633529663,0.27467313408851624,3.728196144104004,0.28673070669174194,3.764335870742798,0.20571587979793549,3.849738359451294
698,2,2,1,0.3887665271759033,3.6700565814971924,0.23397141695022583,3.898315668106079,0.16097337007522583,3.9552433490753174,0.10642538219690323,4.090824127197266
699,2,2,1,0.3624367117881775,3.6763789653778076,0.22404634952545166,3.896101474761963,0.1749441921710968,3.9438369274139404,0.12270806729793549,4.096962928771973
700,2,2,1,0.4212720990180969,3.6310806274414062,0.24554069340229034,3.7935714721679688,0.1953822523355484,3.8526036739349365,0.1343470960855484,4.031152725219727
701,2,1,0,0.4069898724555969,3.6386280059814453,0.2539311647415161,3.8060433864593506,0.21445511281490326,3.838855028152466,0.14696268737316132,4.003661632537842
702,2,2,1,0.4060158133506775,3.6732749938964844,0.23314930498600006,3.8841946125030518,0.16198979318141937,3.922797679901123,0.1145368292927742,4.073429584503174
703,2,2,1,0.3847232758998871,3.6704418659210205,0.22760382294654846,3.8950767517089844,0.16868622601032257,3.950378179550171,0.1148158460855484,4.095122337341309
704,2,2,1,0.3760911524295807,3.6693427562713623,0.22016003727912903,3.898092269897461,0.15920957922935486,3.955185651779175,0.10901626199483871,4.104753017425537
705,2,2,1,0.395350843667984,3.6676182746887207,0.22615393996238708,3.891782283782959,0.1593889445066452,3.958174467086792,0.11373963207006454,4.057823657989502
706,2,2,1,0.40330785512924194,3.6758744716644287,0.23284538090229034,3.8875527381896973,0.16283680498600006,3.9045345783233643,0.11423788219690323,4.043614864349365
707,2,2,1,0.3965192437171936,3.6727755069732666,0.23322902619838715,3.8933775424957275,0.16750039160251617,3.958355665206909,0.11627072095870972,4.128899574279785
708,2,2,1,0.37463876605033875,3.6663320064544678,0.22770348191261292,3.904334783554077,0.15967793762683868,3.961120843887329,0.1086774542927742,4.121584415435791
709,2,2,1,0.4017358720302582,3.670203447341919,0.23742924630641937,3.876985788345337,0.17385801672935486,3.9277238845825195,0.11547353118658066,4.0799102783203125
710,2,2,1,0.39504194259643555,3.677088737487793,0.23322902619838715,3.896923780441284,0.15965799987316132,3.9427037239074707,0.1081194207072258,4.072995185852051
711,2,2,1,0.3963025212287903,3.6751363277435303,0.2320730984210968,3.897698402404785,0.15965799987316132,3.9095618724823,0.11435745656490326,4.059079647064209
712,2,2,1,0.4214041531085968,3.6260647773742676,0.24388153851032257,3.80307674407959,0.18858617544174194,3.8644120693206787,0.12804926931858063,4.041867733001709
713,2,2,1,0.39550530910491943,3.683954954147339,0.228620246052742,3.9091861248016357,0.1569475382566452,3.9383492469787598,0.11039142310619354,4.04946756362915
714,2,2,1,0.40477269887924194,3.647615909576416,0.2348732352256775,3.8564276695251465,0.16856664419174194,3.9223220348358154,0.11290258169174194,4.089497089385986
715,2,2,1,0.39121541380882263,3.6665563583374023,0.23556579649448395,3.886143922805786,0.1658163219690323,3.9329326152801514,0.10726243257522583,4.053140163421631
716,2,2,1,0.3647959232330322,3.6791069507598877,0.2148188352584839,3.9262900352478027,0.15245336294174194,3.9758152961730957,0.10299744457006454,4.102360725402832
717,2,2,1,0.43401476740837097,3.631993532180786,0.25514188408851624,3.793704032897949,0.204938605427742,3.823786735534668,0.14144212007522583,4.001127243041992
718,2,2,1,0.3844018876552582,3.679135799407959,0.23188874125480652,3.8987343311309814,0.16038544476032257,3.925442695617676,0.10712292790412903,4.064930438995361
719,2,2,1,0.39037835597991943,3.6660454273223877,0.22255659103393555,3.891868829727173,0.1610730141401291,3.936154365539551,0.11419802159070969,4.070855140686035
720,2,2,1,0.40297651290893555,3.679743766784668,0.23079758882522583,3.8995726108551025,0.150390625,3.8954412937164307,0.10206074267625809,4.006834506988525
721,2,2,1,0.36800462007522583,3.6665921211242676,0.21777841448783875,3.8914639949798584,0.1604352593421936,3.9547204971313477,0.11423788219690323,4.106943607330322
722,2,2,1,0.3804607689380646,3.673395872116089,0.22989575564861298,3.894562244415283,0.16312579810619354,3.963897466659546,0.10893654078245163,4.092755317687988
723,2,2,1,0.36741918325424194,3.6804351806640625,0.22731484472751617,3.9155688285827637,0.16464045643806458,3.969011068344116,0.10889668017625809,4.133235931396484
724,2,2,1,0.3759142756462097,3.665098190307617,0.22109673917293549,3.8859267234802246,0.16609534621238708,3.9470841884613037,0.11589206010103226,4.0775580406188965
725,2,2,1,0.39505690336227417,3.6593685150146484,0.22989077866077423,3.8850672245025635,0.16192004084587097,3.9360575675964355,0.11330118030309677,4.031310558319092
726,2,2,1,0.39667370915412903,3.667778253555298,0.23733457922935486,3.879833698272705,0.16138193011283875,3.9382524490356445,0.10933513939380646,4.134706497192383
727,2,2,1,0.3986218571662903,3.6713268756866455,0.23514728248119354,3.8914928436279297,0.16412228345870972,3.9323618412017822,0.10859773308038712,4.066801071166992
728,2,2,1,0.4281703233718872,3.6239912509918213,0.24956652522087097,3.7877578735351562,0.18929368257522583,3.836333990097046,0.13181599974632263,4.02388858795166
729,2,2,1,0.3904929459095001,3.6671197414398193,0.22539161145687103,3.8904879093170166,0.15963807702064514,3.9479401111602783,0.11170679330825806,4.07314920425415
730,2,2,1,0.3899972140789032,3.6681017875671387,0.22842593491077423,3.888627052307129,0.16408242285251617,3.932466983795166,0.11501514166593552,4.059261798858643
731,2,2,1,0.4105947017669678,3.673023223876953,0.23402124643325806,3.8815815448760986,0.16243821382522583,3.9247899055480957,0.11166693270206451,4.085489749908447
732,2,2,1,0.3956747055053711,3.6635711193084717,0.2379075586795807,3.8843746185302734,0.17716637253761292,3.9448788166046143,0.115652896463871,4.082371234893799
733,2,2,1,0.3991001546382904,3.673468589782715,0.22911351919174194,3.8943328857421875,0.1591796875,3.9229371547698975,0.11029177159070969,4.0847487449646
734,2,2,1,0.406636118888855,3.6773695945739746,0.23235709965229034,3.8973946571350098,0.1610032618045807,3.916135311126709,0.1130022332072258,4.035097122192383
735,2,2,1,0.3825857937335968,3.6708927154541016,0.2314702272415161,3.8812880516052246,0.17591078579425812,3.9275476932525635,0.11826370656490326,4.074654579162598
736,2,2,1,0.4021718502044678,3.6602284908294678,0.23497289419174194,3.8722009658813477,0.15782445669174194,3.919623613357544,0.10795997828245163,4.056304454803467
737,2,2,1,0.36922532320022583,3.6714189052581787,0.22291533648967743,3.906414747238159,0.16439133882522583,3.970721960067749,0.10680405050516129,4.127635955810547
738,2,2,1,0.3977324664592743,3.6751956939697266,0.23115631937980652,3.8977670669555664,0.16094347834587097,3.9182093143463135,0.10821906477212906,4.053407192230225
739,2,2,1,0.4065015912055969,3.6602931022644043,0.24006995558738708,3.8734614849090576,0.15805365145206451,3.9294495582580566,0.0984933003783226,4.097936153411865
740,2,2,1,0.38525390625,3.649937868118286,0.2214704155921936,3.8639144897460938,0.15878108143806458,3.9682440757751465,0.10991310328245163,4.0877604484558105
741,2,2,1,0.4243238568305969,3.641507148742676,0.24789740145206451,3.8243961334228516,0.1904296875,3.88356876373291,0.12488041818141937,4.027449607849121
742,2,2,1,0.4098946750164032,3.664612293243408,0.2367914915084839,3.8728878498077393,0.16323541104793549,3.935901403427124,0.11399871855974197,4.070804119110107
743,2,2,1,0.39045557379722595,3.6667752265930176,0.22594965994358063,3.888575315475464,0.1619100719690323,3.9556868076324463,0.11242426186800003,4.078709602355957
744,2,2,1,0.39588648080825806,3.674631357192993,0.23243682086467743,3.8954362869262695,0.1593989133834839,3.93735933303833,0.10590720176696777,4.067933559417725
745,2,2,1,0.4054029583930969,3.666832685470581,0.23440489172935486,3.8860690593719482,0.16030572354793549,3.9132840633392334,0.10911590605974197,4.052420139312744
746,2,2,1,0.4258161187171936,3.6242876052856445,0.24608875811100006,3.7857909202575684,0.18578602373600006,3.815114736557007,0.12962372601032257,4.019680023193359
747,2,2,1,0.4036765396595001,3.6700918674468994,0.23326390981674194,3.8941197395324707,0.1550043821334839,3.9388620853424072,0.1071428582072258,4.065662384033203
748,2,2,1,0.39304396510124207,3.672227382659912,0.23162467777729034,3.901329278945923,0.16987204551696777,3.9505484104156494,0.11674904078245163,4.086036205291748
749,2,2,1,0.39576441049575806,3.6635403633117676,0.22811701893806458,3.8711559772491455,0.16513870656490326,3.9154598712921143,0.11379942297935486,4.027670860290527
750,2,2,1,0.3963697850704193,3.6704273223876953,0.22729989886283875,3.8986189365386963,0.15529336035251617,3.9247946739196777,0.10959422588348389,4.039825439453125
751,2,2,1,0.4348742365837097,3.624082088470459,0.25447922945022583,3.7855114936828613,0.19744499027729034,3.8535377979278564,0.13494499027729034,4.055235385894775
752,2,2,1,0.3802838921546936,3.6770827770233154,0.22289042174816132,3.904616117477417,0.15561224520206451,3.9250128269195557,0.10447225719690323,4.01354455947876
753,2,2,1,0.37852758169174194,3.674893379211426,0.22159497439861298,3.9078359603881836,0.1566087305545807,3.9632222652435303,0.11134805530309677,4.113119602203369
754,2,2,1,0.3988759517669678,3.663341999053955,0.23562559485435486,3.8696370124816895,0.1678989976644516,3.904623508453369,0.1134207546710968,4.032155990600586
755,2,2,1,0.37495264410972595,3.676889657974243,0.2316994071006775,3.899533271789551,0.17207428812980652,3.9533820152282715,0.11336096376180649,4.123417854309082
756,2,2,1,0.4294508099555969,3.6307625770568848,0.25328344106674194,3.7931149005889893,0.20068359375,3.848999500274658,0.1349649280309677,4.027318477630615
757,2,2,1,0.35999780893325806,3.685272693634033,0.21905890107154846,3.9199609756469727,0.16020606458187103,3.974186658859253,0.10899633169174194,4.141524791717529
758,2,2,1,0.40299147367477417,3.6676888465881348,0.2323969602584839,3.88802170753479,0.16235849261283875,3.956545829772949,0.11656967550516129,4.069584369659424
759,2,2,1,0.38732659816741943,3.6662957668304443,0.22592474520206451,3.8903493881225586,0.16365393996238708,3.9224867820739746,0.11629065126180649,4.0836334228515625
760,2,2,1,0.41073670983314514,3.6703765392303467,0.23607899248600006,3.8844287395477295,0.1607840359210968,3.9157731533050537,0.10831871628761292,4.051333904266357
761,2,2,1,0.386128306388855,3.6611826419830322,0.23093709349632263,3.8777129650115967,0.17238320410251617,3.9246199131011963,0.11924026906490326,4.065184593200684
762,2,2,1,0.39404794573783875,3.6630609035491943,0.23138053715229034,3.8894248008728027,0.16422194242477417,3.9473299980163574,0.11086973547935486,4.055366039276123
763,2,2,1,0.39080187678337097,3.6606063842773438,0.2209721803665161,3.8770010471343994,0.15850207209587097,3.9642274379730225,0.11525430530309677,4.099602222442627
764,2,2,1,0.40006425976753235,3.671422004699707,0.2323172390460968,3.8987925052642822,0.16262754797935486,3.956801414489746,0.11124840378761292,4.088498592376709
765,2,2,1,0.39662885665893555,3.662584066390991,0.2301996946334839,3.872235059738159,0.16415217518806458,3.919140338897705,0.11168686300516129,4.064953804016113
766,2,2,1,0.43697434663772583,3.635643243789673,0.2542400658130646,3.8045544624328613,0.194684699177742,3.871269941329956,0.13319116830825806,4.045339107513428
767,2,2,1,0.3883779048919678,3.678969621658325,0.22930285334587097,3.9073486328125,0.1576550453901291,3.9589786529541016,0.10371492058038712,4.098001480102539
768,2,2,1,0.40980497002601624,3.6640405654907227,0.23656229674816132,3.8691842555999756,0.1682577282190323,3.9259698390960693,0.11569275707006454,4.063221454620361
769,2,2,1,0.4109160602092743,3.66652512550354,0.23709043860435486,3.8703372478485107,0.16719147562980652,3.9071402549743652,0.11776546388864517,4.047385215759277
770,2,2,1,0.3792026937007904,3.6706039905548096,0.22456951439380646,3.8960330486297607,0.15761518478393555,3.960232734680176,0.10202088207006454,4.105294227600098
771,2,2,1,0.4363315999507904,3.6293857097625732,0.25412049889564514,3.8012468814849854,0.2005540430545807,3.862764596939087,0.13478554785251617,4.049977779388428
772,2,2,1,0.41394540667533875,3.6526801586151123,0.24215759336948395,3.843689441680908,0.17401745915412903,3.919257879257202,0.11973851919174194,4.087716579437256
773,2,2,1,0.4076625108718872,3.6661553382873535,0.23742425441741943,3.8849995136260986,0.15579161047935486,3.916400194168091,0.10590720176696777,4.0562663078308105
774,2,2,1,0.41450342535972595,3.6397993564605713,0.24226222932338715,3.8236637115478516,0.18731066584587097,3.8655104637145996,0.12882652878761292,4.020111560821533
775,2,2,1,0.4071219265460968,3.666005849838257,0.23412586748600006,3.8788890838623047,0.16185028851032257,3.9181134700775146,0.11190608888864517,4.0243988037109375
776,2,2,1,0.3709641993045807,3.6640207767486572,0.23167948424816132,3.864921808242798,0.1852778196334839,3.9284677505493164,0.12860730290412903,4.0743842124938965
777,2,2,1,0.39866918325424194,3.6815264225006104,0.23196348547935486,3.893977165222168,0.16261757910251617,3.9256081581115723,0.10782046616077423,4.04491662979126
778,2,2,1,0.4042694568634033,3.6737492084503174,0.2323869913816452,3.8935272693634033,0.16206951439380646,3.9308903217315674,0.11134805530309677,4.073026657104492
779,2,2,1,0.39873644709587097,3.6658294200897217,0.23253148794174194,3.88478684425354,0.16508887708187103,3.9418723583221436,0.11242426186800003,4.074809551239014
780,2,2,1,0.38209253549575806,3.6677229404449463,0.23696587979793549,3.8971195220947266,0.18008609116077423,3.9618194103240967,0.12203045189380646,4.149763107299805
781,2,2,1,0.3916264772415161,3.6703922748565674,0.2255958914756775,3.900061845779419,0.15782445669174194,3.95548677444458,0.11391900479793549,4.13925838470459
782,2,2,1,0.3955501616001129,3.6564176082611084,0.23134565353393555,3.8726093769073486,0.16763991117477417,3.93859601020813,0.11615114659070969,4.054049491882324
783,2,2,1,0.3900918662548065,3.6716501712799072,0.2227708399295807,3.9073381423950195,0.15379862487316132,3.9541921615600586,0.10512994229793549,4.111469268798828
784,2,2,1,0.3847132921218872,3.6663472652435303,0.2237723171710968,3.8950836658477783,0.15836256742477417,3.9436194896698,0.10594706237316132,4.062264919281006
785,2,2,1,0.4104626774787903,3.667358636856079,0.23532165586948395,3.877535581588745,0.1621791273355484,3.9472196102142334,0.11409837007522583,4.098690032958984
786,2,2,1,0.4039655327796936,3.6652770042419434,0.24071268737316132,3.8797192573547363,0.17221380770206451,3.905855894088745,0.11455675959587097,4.052887916564941
787,2,2,1,0.40173837542533875,3.6713650226593018,0.23136059939861298,3.9047701358795166,0.15230388939380646,3.937516450881958,0.0997488796710968,4.081718444824219
788,2,2,1,0.3998250961303711,3.671518325805664,0.23519212007522583,3.877976417541504,0.16535793244838715,3.915210247039795,0.11686862260103226,4.075034141540527
789,2,2,1,0.3988535404205322,3.6712491512298584,0.22632333636283875,3.900228977203369,0.15733617544174194,3.9323580265045166,0.1104910671710968,4.042387962341309
790,2,2,1,0.4277194142341614,3.6336710453033447,0.24845543503761292,3.8088676929473877,0.1901606321334839,3.8697268962860107,0.13464604318141937,4.016429901123047
791,2,2,1,0.38120564818382263,3.6694724559783936,0.22104690968990326,3.8965625762939453,0.15480507910251617,3.956549644470215,0.11061064898967743,4.1057658195495605
792,2,2,1,0.378315806388855,3.675666332244873,0.2304338663816452,3.902397871017456,0.16613520681858063,3.9473369121551514,0.11226482689380646,4.079176425933838
793,2,2,1,0.3895786702632904,3.6599693298339844,0.2375139445066452,3.8709042072296143,0.16103315353393555,3.9337871074676514,0.1114676296710968,4.081709384918213
794,2,2,1,0.38506704568862915,3.675180673599243,0.22386698424816132,3.9012041091918945,0.15720662474632263,3.9551217555999756,0.10831871628761292,4.1122355461120605
795,2,2,1,0.41771215200424194,3.6344969272613525,0.2353166788816452,3.8154735565185547,0.17651864886283875,3.8659253120422363,0.12189093977212906,4.0222368240356445
796,2,2,1,0.3858717381954193,3.6668646335601807,0.23184888064861298,3.898115396499634,0.1680385023355484,3.952143669128418,0.11292251199483871,4.060007095336914
797,2,2,1,0.3841552734375,3.664954662322998,0.22829140722751617,3.8805081844329834,0.16917450726032257,3.9572362899780273,0.11585219949483871,4.080681324005127
798,2,2,1,0.41318556666374207,3.6502509117126465,0.24153479933738708,3.8345606327056885,0.18697185814380646,3.880882501602173,0.13251355290412903,3.99353289604187
799,2,2,1,0.38484781980514526,3.675966739654541,0.22132094204425812,3.912989616394043,0.1557019203901291,3.974015951156616,0.10774075239896774,4.141509532928467
800,2,2,1,0.4075852930545807,3.660951852798462,0.23914320766925812,3.8609912395477295,0.1662946343421936,3.892198085784912,0.11461655050516129,4.041557788848877
801,2,2,1,0.40811094641685486,3.6657164096832275,0.2378029227256775,3.8762781620025635,0.1697923243045807,3.9430131912231445,0.11631058156490326,4.075051307678223
802,2,2,1,0.4016212821006775,3.667404890060425,0.23554587364196777,3.8773558139801025,0.16845703125,3.927950382232666,0.11379942297935486,4.042907238006592
803,2,2,1,0.3751918077468872,3.6670761108398438,0.23248663544654846,3.882535696029663,0.18466995656490326,3.940103530883789,0.1283482164144516,4.07639741897583
804,2,2,1,0.4073162376880646,3.6692416667938232,0.23668187856674194,3.8928909301757812,0.16446109116077423,3.941589832305908,0.11413823068141937,4.074559211730957
805,2,2,1,0.38577207922935486,3.669374704360962,0.22825653851032257,3.8972103595733643,0.16260762512683868,3.9564898014068604,0.1109095960855484,4.104402542114258
806,2,2,1,0.39405542612075806,3.672398567199707,0.2316197007894516,3.8972184658050537,0.15726642310619354,3.916043519973755,0.10608657449483871,4.04264497756958
807,2,2,1,0.4039406180381775,3.661050319671631,0.23686622083187103,3.872023582458496,0.16730110347270966,3.9257848262786865,0.112723208963871,4.072135925292969
808,2,3,0,0.38319364190101624,3.6801133155822754,0.2333286851644516,3.9141788482666016,0.17179527878761292,3.976102113723755,0.1131417378783226,4.128765106201172
809,2,2,1,0.3827402591705322,3.6800012588500977,0.2205735743045807,3.9172351360321045,0.15226402878761292,3.9484293460845947,0.10375478118658066,4.0620436668396
810,2,2,1,0.3994489312171936,3.672556161880493,0.23134565353393555,3.8970751762390137,0.15641939640045166,3.924316644668579,0.10660474747419357,4.062441349029541
811,2,2,1,0.4034946858882904,3.67880916595459,0.23241190612316132,3.9009132385253906,0.1609335094690323,3.927987575531006,0.11256377398967743,4.069581985473633
812,2,2,1,0.376708984375,3.6808297634124756,0.22328901290893555,3.9133548736572266,0.15755540132522583,3.970273971557617,0.10684390366077423,4.1320648193359375
813,2,2,1,0.38117077946662903,3.6682591438293457,0.2279675453901291,3.8821306228637695,0.18515823781490326,3.921694278717041,0.12503986060619354,4.061842441558838
814,2,2,1,0.4352529048919678,3.627906084060669,0.2545788884162903,3.798199415206909,0.19414660334587097,3.841400146484375,0.1400071680545807,4.023772239685059
815,2,2,1,0.3901715874671936,3.675656795501709,0.2251674085855484,3.921379804611206,0.15140704810619354,3.9516255855560303,0.10604671388864517,4.079120635986328
816,2,2,1,0.39149442315101624,3.679208993911743,0.2325364649295807,3.8991880416870117,0.16049505770206451,3.954923629760742,0.1044921875,4.127789497375488
817,2,2,1,0.38619059324264526,3.684260129928589,0.22720523178577423,3.9125237464904785,0.1586316078901291,3.9118034839630127,0.10977359116077423,4.047748565673828
818,2,2,1,0.4309530258178711,3.6186037063598633,0.2509616017341614,3.772439479827881,0.20076331496238708,3.8335235118865967,0.13647958636283875,3.9924066066741943
819,2,2,1,0.40596848726272583,3.6670758724212646,0.23502770066261292,3.8833181858062744,0.1608537882566452,3.9196505546569824,0.1118861585855484,4.026540756225586
820,2,2,1,0.4137760102748871,3.6681137084960938,0.2424067258834839,3.8661513328552246,0.17364875972270966,3.899116277694702,0.11848293989896774,4.061227798461914
821,2,2,1,0.40525099635124207,3.6460585594177246,0.22690130770206451,3.8502635955810547,0.16054487228393555,3.933896064758301,0.11389907449483871,4.0902886390686035
822,2,2,1,0.4030786454677582,3.671401023864746,0.23335857689380646,3.890810489654541,0.16271723806858063,3.917325019836426,0.11571268737316132,4.065277099609375
823,2,2,1,0.38742873072624207,3.6752381324768066,0.22508768737316132,3.893394708633423,0.161481574177742,3.9468681812286377,0.11615114659070969,4.078586101531982
824,2,2,1,0.4010806977748871,3.677422523498535,0.23492306470870972,3.8962035179138184,0.159040167927742,3.9510650634765625,0.10646524280309677,4.093410491943359
825,2,2,1,0.41205206513404846,3.659748077392578,0.23716019093990326,3.876131772994995,0.16345463693141937,3.9201364517211914,0.11330118030309677,4.063852310180664
826,2,2,1,0.4133225977420807,3.6483054161071777,0.23583485186100006,3.844632625579834,0.16218909621238708,3.8822805881500244,0.11344068497419357,4.013703346252441
827,2,2,1,0.39186811447143555,3.686012029647827,0.23055842518806458,3.9085447788238525,0.15385840833187103,3.9268782138824463,0.10646524280309677,4.088169097900391
828,2,2,1,0.3714425265789032,3.6726291179656982,0.22792768478393555,3.9085166454315186,0.16618502140045166,3.9605443477630615,0.11043127626180649,4.105215549468994
829,2,2,1,0.38938435912132263,3.6676433086395264,0.23260124027729034,3.888505697250366,0.17138671875,3.9508111476898193,0.11591199040412903,4.102476119995117
830,2,2,1,0.433613657951355,3.6297857761383057,0.2515794336795807,3.8055176734924316,0.1869519203901291,3.881882667541504,0.1271524280309677,4.077272891998291
831,2,2,1,0.37435975670814514,3.6736562252044678,0.2202497124671936,3.893699884414673,0.1561802476644516,3.973968029022217,0.10395407676696777,4.132476806640625
832,2,2,1,0.4093814790248871,3.666206121444702,0.2386399805545807,3.881347179412842,0.17153619229793549,3.938828945159912,0.11692840605974197,4.090676784515381
833,2,2,1,0.3861009180545807,3.6819801330566406,0.2273397594690323,3.927478790283203,0.15425701439380646,3.9427647590637207,0.1025390625,4.083964824676514
834,2,2,1,0.37896105647087097,3.6782498359680176,0.22501294314861298,3.9066450595855713,0.15755540132522583,3.9513630867004395,0.1116071417927742,4.055356979370117
835,2,2,1,0.37145745754241943,3.6698455810546875,0.221435546875,3.9029319286346436,0.15120774507522583,3.9706075191497803,0.09992825239896774,4.117869853973389
836,2,2,1,0.3878173828125,3.6651248931884766,0.23255141079425812,3.8858892917633057,0.16467036306858063,3.91025710105896,0.11108896136283875,4.027090072631836
837,2,2,1,0.39137983322143555,3.668771505355835,0.23106664419174194,3.8849620819091797,0.16712172329425812,3.933098793029785,0.11654974520206451,4.057968616485596
838,2,2,1,0.40710946917533875,3.6680822372436523,0.23272082209587097,3.8897833824157715,0.15236367285251617,3.914323091506958,0.10395407676696777,4.032208442687988
839,2,2,1,0.41542768478393555,3.633110761642456,0.23917309939861298,3.809011936187744,0.18878547847270966,3.884138345718384,0.13185586035251617,4.039752006530762
840,2,2,1,0.37838059663772583,3.6569838523864746,0.22167469561100006,3.8717942237854004,0.16660355031490326,3.9621388912200928,0.11967872828245163,4.090424537658691
841,2,2,1,0.37796953320503235,3.670682907104492,0.22637316584587097,3.89857816696167,0.15899035334587097,3.9236602783203125,0.11065050959587097,4.068263530731201
842,2,3,0,0.3986990749835968,3.664386034011841,0.24884405732154846,3.8465280532836914,0.1921037882566452,3.8984334468841553,0.1337890625,4.034261703491211
843,2,2,1,0.4006447196006775,3.678905963897705,0.23221759498119354,3.8968396186828613,0.16722138226032257,3.9223525524139404,0.119140625,4.0714287757873535
844,2,3,0,0.43288373947143555,3.6472091674804688,0.25129544734954834,3.8267903327941895,0.19904933869838715,3.8801000118255615,0.13703761994838715,4.071116924285889
845,2,2,1,0.3902687430381775,3.6746203899383545,0.22719526290893555,3.892388105392456,0.15989716351032257,3.94378662109375,0.11226482689380646,4.069944858551025
846,2,2,1,0.41915208101272583,3.6423141956329346,0.24209283292293549,3.826298236846924,0.1868821680545807,3.8966619968414307,0.12759087979793549,4.035926342010498
847,2,2,1,0.35845571756362915,3.6719648838043213,0.21782824397087097,3.904252052307129,0.16767975687980652,3.9991679191589355,0.12037627398967743,4.14884090423584
848,2,2,1,0.40621012449264526,3.6742959022521973,0.24179388582706451,3.8866658210754395,0.17630939185619354,3.913638114929199,0.1178850457072258,4.053592681884766
849,2,2,1,0.3892747461795807,3.656465530395508,0.23262116312980652,3.8763065338134766,0.17072902619838715,3.9339287281036377,0.11134805530309677,4.068373203277588
850,2,2,1,0.3963000178337097,3.6716201305389404,0.22411610186100006,3.8918209075927734,0.15247328579425812,3.934579372406006,0.11029177159070969,4.095410346984863
851,2,2,1,0.38388124108314514,3.6729183197021484,0.23198840022087097,3.8938381671905518,0.16884565353393555,3.952962636947632,0.11100924760103226,4.094973087310791
852,2,2,1,0.41090112924575806,3.663390636444092,0.23670679330825806,3.8707165718078613,0.1647700071334839,3.9207136631011963,0.11144769936800003,4.03040075302124
853,2,2,1,0.39299914240837097,3.6737494468688965,0.2297462821006775,3.90030574798584,0.16305604577064514,3.9626595973968506,0.11294244229793549,4.093171119689941
854,2,2,1,0.39405789971351624,3.662304401397705,0.22851063311100006,3.8800339698791504,0.16154137253761292,3.927518367767334,0.11316166818141937,4.032934188842773
855,2,2,1,0.4059560298919678,3.670968532562256,0.23569534718990326,3.8837966918945312,0.16879583895206451,3.9252021312713623,0.12007732689380646,4.080331802368164
856,2,2,1,0.39062002301216125,3.65627121925354,0.2390385866165161,3.8793563842773438,0.17542250454425812,3.9362077713012695,0.12169164419174194,4.065672874450684
857,2,2,1,0.37040117383003235,3.675952672958374,0.2183763086795807,3.9185242652893066,0.14479033648967743,3.9558844566345215,0.09703842550516129,4.118915557861328
858,2,2,1,0.34445998072624207,3.671835422515869,0.21148058772087097,3.908658266067505,0.16694235801696777,3.971109628677368,0.1162109375,4.102898120880127
859,2,2,1,0.40317830443382263,3.6741700172424316,0.23478356003761292,3.8885233402252197,0.16624481976032257,3.933764934539795,0.11017218977212906,4.061866760253906
860,2,2,1,0.43993642926216125,3.629211664199829,0.25480806827545166,3.7878220081329346,0.19946786761283875,3.842184066772461,0.13131776452064514,4.010471820831299
861,2,2,1,0.41528069972991943,3.6619014739990234,0.23697583377361298,3.861233711242676,0.16780930757522583,3.9248812198638916,0.11654974520206451,4.089603424072266
862,2,2,1,0.384297251701355,3.6763839721679688,0.22313953936100006,3.9134531021118164,0.15689772367477417,3.9660210609436035,0.10947464406490326,4.104860782623291
863,2,2,1,0.38577207922935486,3.670982599258423,0.22717534005641937,3.893540859222412,0.16890545189380646,3.9779350757598877,0.116629458963871,4.125939846038818
864,2,2,1,0.412353515625,3.667180299758911,0.23879942297935486,3.872621536254883,0.16875597834587097,3.923649311065674,0.11726721376180649,4.086675643920898
865,2,2,1,0.39505690336227417,3.678255081176758,0.2340262234210968,3.8968491554260254,0.16507892310619354,3.9204394817352295,0.1103515625,4.067545413970947
866,2,2,1,0.37998494505882263,3.6772875785827637,0.22444495558738708,3.8943991661071777,0.16352438926696777,3.9487507343292236,0.11318159848451614,4.0938544273376465
867,2,2,1,0.4234369993209839,3.6447157859802246,0.245710089802742,3.826340913772583,0.18636399507522583,3.887338161468506,0.12655451893806458,4.068976402282715
868,2,2,1,0.4084896147251129,3.642674684524536,0.23595941066741943,3.8302505016326904,0.171875,3.895118236541748,0.117606021463871,4.0696492195129395
869,2,2,1,0.4040601849555969,3.6660830974578857,0.23565050959587097,3.8801379203796387,0.16065450012683868,3.928358793258667,0.11098931729793549,4.047944068908691
870,2,2,1,0.39322584867477417,3.6733293533325195,0.23292510211467743,3.895505905151367,0.16282685101032257,3.917747974395752,0.11110889166593552,4.069596290588379
871,2,2,1,0.4344731569290161,3.629744052886963,0.24846041202545166,3.787194013595581,0.18870575726032257,3.858900547027588,0.13233418762683868,4.034638404846191
872,2,2,1,0.4002187252044678,3.681570529937744,0.2301897257566452,3.901233673095703,0.1574956178665161,3.9211008548736572,0.11082987487316132,4.040999889373779
873,2,2,1,0.406982421875,3.6699252128601074,0.2363380789756775,3.887211799621582,0.1614915430545807,3.9203381538391113,0.10487085580825806,4.053781986236572
874,2,2,1,0.42916184663772583,3.6345250606536865,0.24664679169654846,3.79809308052063,0.19083824753761292,3.8460655212402344,0.13767537474632263,4.005211353302002
875,2,2,1,0.3757075071334839,3.669217348098755,0.2325962632894516,3.8845832347869873,0.1786411851644516,3.9537010192871094,0.11884167790412903,4.097769737243652
876,2,2,1,0.40000447630882263,3.6715846061706543,0.23445969820022583,3.887540578842163,0.16933393478393555,3.9582769870758057,0.1125837042927742,4.118782043457031
877,2,2,1,0.3754808008670807,3.6689047813415527,0.22638311982154846,3.894378900527954,0.15767498314380646,3.9398975372314453,0.1021205335855484,4.057572364807129
878,2,2,1,0.39391839504241943,3.66648530960083,0.23529675602912903,3.8867759704589844,0.1674206703901291,3.961728572845459,0.11421795189380646,4.110103130340576
879,2,2,1,0.385009765625,3.674025774002075,0.22564572095870972,3.896197557449341,0.16133210062980652,3.9502780437469482,0.10935506969690323,4.080371856689453
880,2,2,1,0.4159558415412903,3.6582159996032715,0.2385503053665161,3.858243942260742,0.17439612746238708,3.918461799621582,0.122488833963871,4.060527324676514
881,2,2,1,0.40854689478874207,3.6534690856933594,0.2387097328901291,3.8669588565826416,0.1672711968421936,3.9338138103485107,0.11138791590929031,4.069064140319824
882,2,2,1,0.3717763423919678,3.6773791313171387,0.23040397465229034,3.8864693641662598,0.17552216351032257,3.9598047733306885,0.11595184355974197,4.113613128662109
883,2,2,1,0.37190088629722595,3.681868076324463,0.21167489886283875,3.9189813137054443,0.1469029039144516,3.9723918437957764,0.10162229090929031,4.104530334472656
884,2,2,1,0.3771449327468872,3.6729419231414795,0.23606903851032257,3.89174747467041,0.1802455335855484,3.9619083404541016,0.11953921616077423,4.117372512817383
885,2,2,1,0.41301119327545166,3.6635422706604004,0.24350287020206451,3.8606972694396973,0.18274672329425812,3.9067015647888184,0.1238839253783226,4.064350128173828
886,2,2,1,0.40879103541374207,3.6598310470581055,0.23577506840229034,3.8776865005493164,0.16102319955825806,3.921344041824341,0.11352040618658066,4.066011428833008
887,2,2,1,0.4379284679889679,3.632551670074463,0.2584552466869354,3.7943053245544434,0.21049903333187103,3.8343117237091064,0.14373405277729034,4.01220178604126
888,2,2,1,0.40940389037132263,3.669851064682007,0.2369309961795807,3.8813114166259766,0.16780930757522583,3.8987529277801514,0.11114875227212906,4.077999114990234
889,2,2,1,0.3777652680873871,3.6722655296325684,0.23551099002361298,3.895383834838867,0.17568159103393555,3.9544527530670166,0.11421795189380646,4.109579563140869
890,2,2,1,0.4119549095630646,3.661221981048584,0.23898376524448395,3.867757797241211,0.1693040430545807,3.93284273147583,0.1164899542927742,4.06176233291626
891,2,2,1,0.37354013323783875,3.6686317920684814,0.2114008665084839,3.9152703285217285,0.14094386994838715,3.966275453567505,0.10321667790412903,4.135354518890381
892,2,2,1,0.40380859375,3.6631357669830322,0.23163464665412903,3.878769636154175,0.16074417531490326,3.9001922607421875,0.11433752626180649,4.023531436920166
893,2,2,1,0.3917261064052582,3.673128128051758,0.22868004441261292,3.893130302429199,0.1572963148355484,3.923978567123413,0.10983338207006454,4.058247089385986
894,2,2,1,0.4264189898967743,3.638267755508423,0.24623823165893555,3.8146941661834717,0.18306560814380646,3.8700125217437744,0.12300701439380646,4.0558977127075195
895,2,2,1,0.39205247163772583,3.675255537033081,0.232770636677742,3.8932104110717773,0.16640424728393555,3.936882495880127,0.11242426186800003,4.077823162078857
896,2,2,1,0.3958640396595001,3.678715944290161,0.23137056827545166,3.8939855098724365,0.16277702152729034,3.938047170639038,0.10626593977212906,4.098649501800537
897,2,2,1,0.40766748785972595,3.6751914024353027,0.23257632553577423,3.8943421840667725,0.16069434583187103,3.918578624725342,0.10943479090929031,4.059552192687988
898,2,2,1,0.3757847249507904,3.672069549560547,0.2225516140460968,3.90167236328125,0.16470025479793549,3.9554696083068848,0.11744658648967743,4.106736660003662
899,2,2,1,0.4051762819290161,3.6416094303131104,0.24032904207706451,3.8151965141296387,0.18654336035251617,3.8659188747406006,0.12629543244838715,4.028878211975098
900,2,2,1,0.40582647919654846,3.6527175903320312,0.24395129084587097,3.859666585922241,0.1757912039756775,3.91037917137146,0.109793521463871,4.053730487823486
901,2,2,1,0.38031378388404846,3.676734685897827,0.22393673658370972,3.9075090885162354,0.16160115599632263,3.9514706134796143,0.10887674987316132,4.066629886627197
902,2,2,1,0.4088383913040161,3.6660187244415283,0.2366171032190323,3.8770267963409424,0.16276705265045166,3.920962333679199,0.11164700239896774,4.0751519203186035
903,2,2,1,0.36564043164253235,3.6753036975860596,0.22733478248119354,3.9111270904541016,0.16949337720870972,3.9746603965759277,0.1103515625,4.124255180358887
904,2,2,1,0.4329410493373871,3.6382791996002197,0.24946686625480652,3.815115213394165,0.18811781704425812,3.8490307331085205,0.12517936527729034,4.004139423370361
905,2,2,1,0.4029466211795807,3.670198917388916,0.23291015625,3.8864715099334717,0.16065450012683868,3.933072805404663,0.10841836780309677,4.059558868408203
906,2,2,1,0.38525888323783875,3.657475709915161,0.23963648080825806,3.871195077896118,0.17422671616077423,3.944063186645508,0.10989317297935486,4.068008899688721
907,2,2,1,0.3651571273803711,3.673311710357666,0.22051379084587097,3.897916793823242,0.16089364886283875,3.983215570449829,0.11419802159070969,4.1137871742248535
908,2,2,1,0.3997653126716614,3.6767287254333496,0.23348811268806458,3.8917033672332764,0.16338488459587097,3.9272992610931396,0.110770083963871,4.05937385559082
909,2,2,1,0.3965092897415161,3.6764869689941406,0.22921814024448395,3.897380828857422,0.1600864976644516,3.9254279136657715,0.11276306957006454,4.054966449737549
910,2,2,1,0.3773616850376129,3.6804709434509277,0.21482880413532257,3.902984857559204,0.14663384854793549,3.96248722076416,0.10004782676696777,4.107569694519043
911,2,2,1,0.4189178943634033,3.6346211433410645,0.24486307799816132,3.827693462371826,0.18764947354793549,3.8853485584259033,0.1270926296710968,4.0528459548950195
912,2,2,1,0.39237135648727417,3.6759703159332275,0.22737962007522583,3.911736249923706,0.15866151452064514,3.9474313259124756,0.10831871628761292,4.059061527252197
913,2,2,1,0.3680345118045807,3.6712965965270996,0.21699118614196777,3.903125047683716,0.15772481262683868,3.9615869522094727,0.11459662020206451,4.136695861816406
914,2,2,1,0.41524332761764526,3.654479742050171,0.23876953125,3.854179620742798,0.17155611515045166,3.932504653930664,0.1157924085855484,4.090017318725586
915,2,2,1,0.4071941673755646,3.669264793395996,0.23450952768325806,3.881976842880249,0.16277702152729034,3.935537099838257,0.11152742058038712,4.063795566558838
916,2,2,1,0.4068503677845001,3.6678647994995117,0.23384186625480652,3.8785290718078613,0.16096340119838715,3.90212345123291,0.11019212007522583,4.042322158813477
917,2,2,1,0.38233914971351624,3.6697094440460205,0.23164959251880646,3.9020497798919678,0.16777941584587097,3.9576528072357178,0.1143973171710968,4.102090358734131
918,2,2,1,0.406391978263855,3.670916795730591,0.2341408133506775,3.8843445777893066,0.1648198366165161,3.9224908351898193,0.11645009368658066,4.068971633911133
919,2,2,1,0.39464834332466125,3.6807563304901123,0.23541632294654846,3.9036169052124023,0.1653180718421936,3.9379143714904785,0.10831871628761292,4.078564643859863
920,2,2,1,0.4037114381790161,3.6701571941375732,0.238525390625,3.884047269821167,0.16792888939380646,3.9238665103912354,0.11260363459587097,4.083893775939941
921,2,2,1,0.3801543414592743,3.6817238330841064,0.2233986258506775,3.918571710586548,0.15268255770206451,3.9502675533294678,0.1057477667927742,4.0800981521606445
922,2,2,1,0.4012351334095001,3.6695621013641357,0.23327386379241943,3.882761240005493,0.16026586294174194,3.9082882404327393,0.11142776906490326,4.031836986541748
923,2,2,1,0.3716791868209839,3.6741445064544678,0.23425042629241943,3.8994150161743164,0.18015584349632263,3.952984094619751,0.12181121855974197,4.1058573722839355
924,2,2,1,0.38209500908851624,3.673436403274536,0.22365273535251617,3.8970770835876465,0.16012635827064514,3.9553799629211426,0.11264349520206451,4.071656227111816
925,2,2,1,0.39667370915412903,3.677016496658325,0.23103176057338715,3.907330274581909,0.15519371628761292,3.9373955726623535,0.10493063926696777,4.084140777587891
926,2,2,1,0.39772000908851624,3.6602025032043457,0.22810207307338715,3.880255937576294,0.16047511994838715,3.9174740314483643,0.11182636767625809,4.042951583862305
927,2,2,1,0.3837118148803711,3.669949769973755,0.2315599024295807,3.897902011871338,0.1663743555545807,3.9525036811828613,0.11196587979793549,4.084193706512451
928,2,2,1,0.40127500891685486,3.672823190689087,0.2346639782190323,3.8931801319122314,0.16182038187980652,3.9491963386535645,0.11393893510103226,4.076263904571533
929,2,2,1,0.4384790360927582,3.629575729370117,0.2538265287876129,3.7988574504852295,0.20014548301696777,3.8363454341888428,0.13458625972270966,4.042203426361084
930,2,2,1,0.3974335193634033,3.659111261367798,0.22996552288532257,3.869678258895874,0.16756018996238708,3.9393398761749268,0.1130022332072258,4.06966495513916
931,2,2,1,0.37522169947624207,3.666677713394165,0.2323521226644516,3.874512195587158,0.18919403851032257,3.9509639739990234,0.12683354318141937,4.073853015899658
932,2,2,1,0.3923165500164032,3.6699750423431396,0.23000039160251617,3.885598659515381,0.16777941584587097,3.9537923336029053,0.11521444469690323,4.071268081665039
933,2,2,1,0.38534608483314514,3.665440559387207,0.22415098547935486,3.8836355209350586,0.16474011540412903,3.9513065814971924,0.11162707209587097,4.081592559814453
934,2,2,1,0.38042590022087097,3.675232172012329,0.234235480427742,3.897792100906372,0.17072902619838715,3.969357490539551,0.11126833409070969,4.089915752410889
935,2,2,1,0.4279461205005646,3.6338069438934326,0.24984553456306458,3.7918436527252197,0.19318000972270966,3.848447322845459,0.13681839406490326,4.039475440979004
936,2,2,1,0.38177114725112915,3.6731464862823486,0.23053351044654846,3.896345376968384,0.17128705978393555,3.981034278869629,0.1181640625,4.135436058044434
937,2,2,1,0.3889259696006775,3.6757965087890625,0.2311413735151291,3.8991830348968506,0.16403260827064514,3.9517648220062256,0.10833864659070969,4.0680646896362305
938,2,2,1,0.43421903252601624,3.6327173709869385,0.24736925959587097,3.8138294219970703,0.18326491117477417,3.8628132343292236,0.12442202866077423,4.036520957946777
939,2,2,1,0.3923937678337097,3.6856579780578613,0.22701092064380646,3.9184627532958984,0.15244339406490326,3.9141716957092285,0.10194116830825806,4.035972595214844
940,2,2,1,0.3904605805873871,3.6793100833892822,0.22759386897087097,3.9053614139556885,0.15293167531490326,3.9337329864501953,0.10586734116077423,4.074736595153809
941,2,2,1,0.41210439801216125,3.659428596496582,0.239606574177742,3.870971202850342,0.16185028851032257,3.913865327835083,0.10594706237316132,4.064898490905762
942,2,2,1,0.4202257990837097,3.6273934841156006,0.2456154227256775,3.791747808456421,0.1874302476644516,3.860917568206787,0.13062021136283875,4.041959285736084
943,2,2,1,0.38416025042533875,3.6693947315216064,0.2212611585855484,3.8987345695495605,0.1508091539144516,3.954803705215454,0.10166214406490326,4.099196434020996
944,2,2,1,0.41138193011283875,3.6633238792419434,0.23597437143325806,3.875066041946411,0.17178530991077423,3.9419920444488525,0.1194196417927742,4.107142925262451
945,2,2,1,0.38432466983795166,3.6750199794769287,0.22386698424816132,3.9021389484405518,0.15186543762683868,3.9519684314727783,0.1025390625,4.096015453338623
946,2,2,1,0.4038858115673065,3.6739203929901123,0.23665198683738708,3.895172357559204,0.15977758169174194,3.936946392059326,0.1100725457072258,4.072424411773682
947,2,2,1,0.3812081515789032,3.6700432300567627,0.24373704195022583,3.870847702026367,0.18985171616077423,3.9294562339782715,0.12844786047935486,4.0983710289001465
948,2,3,0,0.4157440662384033,3.6621944904327393,0.2420828640460968,3.863523244857788,0.16997168958187103,3.893181800842285,0.11029177159070969,4.023310661315918
949,2,2,1,0.3858642578125,3.681978702545166,0.2308872789144516,3.9029347896575928,0.16412228345870972,3.947783946990967,0.10768096148967743,4.094391822814941
950,2,2,1,0.3859688937664032,3.665877103805542,0.232770636677742,3.8939809799194336,0.16454081237316132,3.9596657752990723,0.10977359116077423,4.118554592132568
951,2,2,1,0.36456671357154846,3.6846044063568115,0.21504303812980652,3.9270620346069336,0.15041054785251617,3.9807207584381104,0.10656488686800003,4.162147045135498
952,2,2,1,0.43255239725112915,3.628284215927124,0.25064772367477417,3.7907803058624268,0.1891741007566452,3.8354403972625732,0.13659916818141937,4.015465259552002
953,2,2,1,0.3956821858882904,3.6748788356781006,0.23198840022087097,3.889843463897705,0.16495934128761292,3.920381784439087,0.11043127626180649,4.04277229309082
954,2,2,1,0.3904157280921936,3.6680428981781006,0.2269810289144516,3.89518404006958,0.16146165132522583,3.951984167098999,0.11222496628761292,4.077606201171875
955,2,2,1,0.3893420100212097,3.6459546089172363,0.22655750811100006,3.8484528064727783,0.17133688926696777,3.9176456928253174,0.1196986585855484,4.078421592712402
956,2,2,1,0.39074456691741943,3.6744937896728516,0.2348981499671936,3.8894898891448975,0.1683274805545807,3.9532322883605957,0.10999282449483871,4.085341453552246
957,2,2,1,0.3935621678829193,3.6779065132141113,0.23305962979793549,3.9002480506896973,0.160505011677742,3.9314584732055664,0.10855787247419357,4.073067665100098
958,2,2,1,0.4087536931037903,3.671215295791626,0.23249660432338715,3.8807406425476074,0.16168087720870972,3.914822816848755,0.11764588207006454,4.046247482299805
959,2,2,1,0.3676483631134033,3.6729843616485596,0.23054347932338715,3.897343873977661,0.17138671875,3.9627304077148438,0.11539380997419357,4.127460956573486
960,2,2,1,0.40417230129241943,3.664320230484009,0.2352917641401291,3.877837657928467,0.1653180718421936,3.91452693939209,0.10927534848451614,4.046507358551025
961,2,2,1,0.4032231569290161,3.662041187286377,0.2370256632566452,3.8763978481292725,0.1630161851644516,3.926034688949585,0.11126833409070969,4.070213317871094
962,2,2,1,0.39764028787612915,3.662715435028076,0.23816664516925812,3.8801488876342773,0.16470025479793549,3.93477725982666,0.10921555757522583,4.083941459655762
963,2,2,1,0.3998873829841614,3.674161195755005,0.23387177288532257,3.8966317176818848,0.15915974974632263,3.9336965084075928,0.108816958963871,4.087179660797119
964,2,2,1,0.36800462007522583,3.6665921211242676,0.21777841448783875,3.8914639949798584,0.1604352593421936,3.9547204971313477,0.11423788219690323,4.106943607330322
965,2,2,1,0.3925805985927582,3.676872730255127,0.23502770066261292,3.8972249031066895,0.16128228604793549,3.9349398612976074,0.11011239886283875,4.090678691864014
966,2,2,1,0.3799276351928711,3.67695689201355,0.2282017320394516,3.9055042266845703,0.1610630601644516,3.9391820430755615,0.10325653851032257,4.110596179962158
967,2,2,1,0.4373704493045807,3.6259255409240723,0.25441446900367737,3.780600070953369,0.19835180044174194,3.833207845687866,0.13313136994838715,4.023952007293701
968,2,2,1,0.37991517782211304,3.677654504776001,0.2215501368045807,3.9182522296905518,0.14599609375,3.945873975753784,0.10301737487316132,4.11685037612915
969,2,2,1,0.40226900577545166,3.6773598194122314,0.23201331496238708,3.8831980228424072,0.16714166104793549,3.925356149673462,0.11615114659070969,4.070521831512451
970,2,2,1,0.3725486099720001,3.6734137535095215,0.22182916104793549,3.9085395336151123,0.1591796875,3.9846625328063965,0.10799983888864517,4.086178302764893
971,2,2,1,0.40033581852912903,3.6710102558135986,0.23645766079425812,3.877807855606079,0.16471022367477417,3.9104604721069336,0.1130022332072258,4.082187175750732
972,2,2,1,0.4093117117881775,3.6496551036834717,0.2366171032190323,3.8592545986175537,0.16956312954425812,3.928302764892578,0.11336096376180649,4.058896064758301
973,2,2,1,0.4005301296710968,3.6729114055633545,0.2392926812171936,3.8884377479553223,0.16206951439380646,3.930767297744751,0.10690369457006454,4.100111961364746
974,2,2,1,0.39776235818862915,3.6730592250823975,0.22883449494838715,3.8929193019866943,0.15804368257522583,3.914628028869629,0.1139787957072258,4.08218240737915
975,2,2,1,0.41629213094711304,3.6470799446105957,0.23669682443141937,3.842756748199463,0.17789381742477417,3.9158637523651123,0.12775032222270966,4.070982933044434
976,2,2,1,0.38718459010124207,3.6804122924804688,0.22625358402729034,3.906848669052124,0.16354432702064514,3.9529004096984863,0.11553332209587097,4.053475856781006
977,2,2,1,0.3884974718093872,3.650494337081909,0.22969646751880646,3.854992389678955,0.17084860801696777,3.909477949142456,0.1222098171710968,4.065557956695557
978,2,2,1,0.41409486532211304,3.6620283126831055,0.23843570053577423,3.867140293121338,0.17011120915412903,3.9147677421569824,0.11535394936800003,4.0784382820129395
979,2,2,1,0.40885084867477417,3.675156593322754,0.23453941941261292,3.8833301067352295,0.16632454097270966,3.913905620574951,0.11577247828245163,4.050783157348633
980,2,2,1,0.3908541798591614,3.662245273590088,0.23525190353393555,3.875931978225708,0.16494937241077423,3.9366278648376465,0.1079799085855484,4.069952011108398
981,2,2,1,0.4081433415412903,3.665529251098633,0.235107421875,3.8699429035186768,0.16387316584587097,3.892915725708008,0.11354033648967743,4.051606178283691
982,2,2,1,0.38274770975112915,3.6780483722686768,0.23192362487316132,3.9173755645751953,0.16163106262683868,3.942971706390381,0.10875717550516129,4.09345817565918
983,2,2,1,0.4126948118209839,3.662602186203003,0.2383161187171936,3.861616849899292,0.17240314185619354,3.9295995235443115,0.12187100946903229,4.080294132232666
984,2,2,1,0.41553232073783875,3.6432390213012695,0.2404536008834839,3.8437421321868896,0.17868104577064514,3.913278579711914,0.12432238459587097,4.0564284324646
985,2,2,1,0.3904431462287903,3.671945571899414,0.22247686982154846,3.9023334980010986,0.15545280277729034,3.9341025352478027,0.1085379421710968,4.065001964569092
986,2,2,1,0.44443556666374207,3.619697332382202,0.2581263780593872,3.767502546310425,0.21152542531490326,3.82413911819458,0.14540815353393555,4.0234375
987,2,2,1,0.37327107787132263,3.666250705718994,0.23171934485435486,3.8930482864379883,0.17244300246238708,3.967350482940674,0.11326131969690323,4.105401992797852
988,2,2,1,0.34986844658851624,3.6698660850524902,0.21885961294174194,3.9144697189331055,0.16567681729793549,3.999217987060547,0.11918048560619354,4.172240734100342
989,2,2,1,0.3931436240673065,3.670808792114258,0.22705575823783875,3.8830835819244385,0.16170081496238708,3.9450299739837646,0.11238440126180649,4.078205585479736
990,2,2,1,0.4229287803173065,3.6315832138061523,0.24681122601032257,3.813751697540283,0.18871571123600006,3.865191698074341,0.13034120202064514,4.028593063354492
991,2,2,1,0.3796237111091614,3.675307035446167,0.22494319081306458,3.9027621746063232,0.16262754797935486,3.9438111782073975,0.11069037020206451,4.052754878997803
992,2,2,1,0.4053008258342743,3.6760547161102295,0.2349081188440323,3.886737108230591,0.166852667927742,3.9212255477905273,0.10999282449483871,4.028628349304199
993,2,2,1,0.42170557379722595,3.641425848007202,0.24754364788532257,3.8293983936309814,0.18007612228393555,3.886945962905884,0.11790496855974197,4.057301998138428
994,2,2,1,0.39600107073783875,3.6748135089874268,0.22615891695022583,3.900663137435913,0.1560307741165161,3.938114643096924,0.10606664419174194,4.083991050720215
995,2,2,1,0.4031035602092743,3.6671199798583984,0.23801717162132263,3.8802201747894287,0.1686762571334839,3.926744222640991,0.11134805530309677,4.04796838760376
996,2,2,1,0.3960658311843872,3.6738979816436768,0.2351422905921936,3.9004745483398438,0.16600565612316132,3.939852237701416,0.11417809128761292,4.0762786865234375
997,2,2,1,0.4010084271430969,3.6547203063964844,0.23777303099632263,3.85174560546875,0.17060944437980652,3.918112277984619,0.11527423560619354,4.056362152099609
998,2,2,1,0.3730020225048065,3.6679201126098633,0.22649772465229034,3.891594648361206,0.17051976919174194,3.9640018939971924,0.11150749027729034,4.119749546051025
999,2,2,1,0.3619110584259033,3.6747524738311768,0.22047393023967743,3.9160678386688232,0.15685786306858063,3.9860236644744873,0.10538902878761292,4.179652214050293
1000,2,2,1,0.3913748562335968,3.665832757949829,0.23082250356674194,3.8871283531188965,0.16750039160251617,3.9450294971466064,0.11441724747419357,4.083609104156494
1001,2,2,1,0.40047281980514526,3.6657543182373047,0.22542151808738708,3.8862364292144775,0.15916971862316132,3.923370599746704,0.11009246855974197,4.038197040557861
1002,2,2,1,0.40191027522087097,3.6807165145874023,0.2328752726316452,3.9106955528259277,0.15730628371238708,3.941720485687256,0.11005261540412903,4.10775089263916
1003,2,2,1,0.39134496450424194,3.6703715324401855,0.23145028948783875,3.8973371982574463,0.15331034362316132,3.951251268386841,0.10034677386283875,4.109036922454834
1004,2,2,1,0.3861706852912903,3.681805372238159,0.2274792641401291,3.9097819328308105,0.16376355290412903,3.918461799621582,0.10981345176696777,4.109982013702393
1005,2,2,1,0.4069550037384033,3.6685562133789062,0.23725485801696777,3.8842663764953613,0.1658860743045807,3.915179967880249,0.1150948628783226,4.053160190582275
1006,2,2,1,0.3827352523803711,3.6652607917785645,0.2219337821006775,3.8916776180267334,0.1557019203901291,3.9500160217285156,0.11148755997419357,4.079728126525879
1007,2,2,1,0.40466058254241943,3.672328472137451,0.23567043244838715,3.882981061935425,0.17080874741077423,3.9481945037841797,0.12254862487316132,4.115791320800781
1008,2,2,1,0.37231194972991943,3.677870035171509,0.22773337364196777,3.911917209625244,0.16544762253761292,3.9827139377593994,0.11248405277729034,4.164245128631592
1009,2,2,1,0.3930066227912903,3.653959274291992,0.21880978345870972,3.8661534786224365,0.15661869943141937,3.9191958904266357,0.1128627210855484,4.090588092803955
1010,2,2,1,0.414882093667984,3.662855625152588,0.23844067752361298,3.867832660675049,0.16826769709587097,3.9130640029907227,0.11672911047935486,4.028342247009277
1011,2,2,1,0.39683064818382263,3.6690585613250732,0.231549933552742,3.8891830444335938,0.15522360801696777,3.917121410369873,0.1042131707072258,4.049722671508789
1012,2,2,1,0.44605985283851624,3.616971492767334,0.25930723547935486,3.7702713012695312,0.2041115164756775,3.8051555156707764,0.13482540845870972,3.981966018676758
1013,2,2,1,0.41735589504241943,3.6449053287506104,0.24933233857154846,3.8240277767181396,0.18559668958187103,3.851973056793213,0.12410315126180649,4.043841361999512
1014,2,2,1,0.40364915132522583,3.6744513511657715,0.23241688311100006,3.8965420722961426,0.16216915845870972,3.928720712661743,0.1141183003783226,4.052217960357666
1015,2,2,1,0.3908367455005646,3.6603946685791016,0.23161470890045166,3.8760271072387695,0.1654575914144516,3.931643009185791,0.11282286047935486,4.062532901763916
1016,2,2,1,0.382099986076355,3.6724302768707275,0.2201450914144516,3.89113712310791,0.1628069132566452,3.9587464332580566,0.11226482689380646,4.0939106941223145
1017,2,2,1,0.390766978263855,3.6641845703125,0.22988080978393555,3.8924314975738525,0.16464045643806458,3.9589638710021973,0.11140783876180649,4.111449241638184
1018,2,2,1,0.38494250178337097,3.6643779277801514,0.23394152522087097,3.8748109340667725,0.17744538187980652,3.926995038986206,0.11947943270206451,4.066722393035889
1019,2,2,1,0.37918776273727417,3.670170545578003,0.2273198366165161,3.8941128253936768,0.16547751426696777,3.969468832015991,0.1135602667927742,4.091961860656738
1020,2,2,1,0.4080212712287903,3.6635854244232178,0.23779794573783875,3.8697173595428467,0.17262236773967743,3.9375975131988525,0.11706791818141937,4.080694675445557
1021,2,2,1,0.3891875445842743,3.6717705726623535,0.2286999672651291,3.9000022411346436,0.1594487428665161,3.9386913776397705,0.1081194207072258,4.052350044250488
1022,2,2,1,0.38567492365837097,3.671048402786255,0.22749920189380646,3.889991283416748,0.16068439185619354,3.9355039596557617,0.10650510340929031,4.039296627044678
1023,2,2,1,0.39785704016685486,3.670795202255249,0.2321528196334839,3.902090311050415,0.16083386540412903,3.9274473190307617,0.10813934355974197,4.087725639343262
1024,2,2,1,0.40512147545814514,3.668950080871582,0.24072265625,3.8816699981689453,0.1721440553665161,3.908827781677246,0.11047113686800003,4.081183433532715
1025,2,2,1,0.3944863975048065,3.6633975505828857,0.23579499125480652,3.8717801570892334,0.17050980031490326,3.937525510787964,0.11415816098451614,4.041550159454346
1026,2,2,1,0.42175790667533875,3.651948928833008,0.2470453977584839,3.8263113498687744,0.19784358143806458,3.852271556854248,0.13612085580825806,4.022108554840088
1027,2,2,1,0.3878597319126129,3.665559768676758,0.22742944955825806,3.892564535140991,0.16041533648967743,3.951733112335205,0.1111886128783226,4.098584175109863
1028,2,2,1,0.3965615928173065,3.6769630908966064,0.23287029564380646,3.905301809310913,0.16131217777729034,3.951754331588745,0.11184629797935486,4.068068504333496
1029,2,2,1,0.39074456691741943,3.6755712032318115,0.22658242285251617,3.9011785984039307,0.1570172905921936,3.942755699157715,0.10933513939380646,4.074371337890625
1030,2,2,1,0.37223222851753235,3.664027452468872,0.2284109890460968,3.882228374481201,0.17498405277729034,3.968963623046875,0.11800462007522583,4.1477789878845215
1031,2,2,1,0.4053157866001129,3.6392250061035156,0.24155472218990326,3.8121118545532227,0.189453125,3.8509361743927,0.1320551633834839,4.028675079345703
1032,2,2,1,0.40311354398727417,3.6687657833099365,0.23379205167293549,3.891758918762207,0.15927933156490326,3.9366867542266846,0.11084980517625809,4.077490329742432
1033,2,2,1,0.380268931388855,3.6709773540496826,0.22131596505641937,3.8964858055114746,0.15706712007522583,3.95400333404541,0.10957429558038712,4.044743537902832
1034,2,2,1,0.4028145968914032,3.6763620376586914,0.23138053715229034,3.8966386318206787,0.15804368257522583,3.9402270317077637,0.1103515625,4.075672626495361
1035,2,2,1,0.4057093858718872,3.6702280044555664,0.23505261540412903,3.8832669258117676,0.1618303507566452,3.9298646450042725,0.11246412247419357,4.085592746734619
1036,2,2,1,0.38701769709587097,3.6661581993103027,0.22291533648967743,3.887326717376709,0.1584821343421936,3.9268736839294434,0.11306201666593552,4.043539524078369
1037,2,2,1,0.39798158407211304,3.674854278564453,0.23083744943141937,3.8961148262023926,0.15887077152729034,3.9151978492736816,0.11485570669174194,4.064202785491943
1038,2,2,1,0.4051513671875,3.6763224601745605,0.23595941066741943,3.8978209495544434,0.15989716351032257,3.9189205169677734,0.105887271463871,4.008657932281494
1039,2,2,1,0.3974509537220001,3.674670934677124,0.23231226205825806,3.8974392414093018,0.16047511994838715,3.9368479251861572,0.1040736585855484,4.072194576263428
1040,2,2,1,0.40591615438461304,3.6662840843200684,0.23461414873600006,3.877229928970337,0.1604253053665161,3.926455020904541,0.10947464406490326,4.085927486419678
1041,2,2,1,0.38739386200904846,3.6743407249450684,0.22476880252361298,3.904792547225952,0.15875118970870972,3.9709999561309814,0.10734215378761292,4.100445747375488
1042,2,2,1,0.3714873492717743,3.673372745513916,0.2248634696006775,3.8957479000091553,0.16691246628761292,3.9554030895233154,0.11166693270206451,4.129573345184326
1043,2,2,1,0.3868906497955322,3.676241636276245,0.2265276163816452,3.9006707668304443,0.15463568270206451,3.952828884124756,0.10516980290412903,4.1180596351623535
1044,2,2,1,0.4152308702468872,3.6556272506713867,0.23987065255641937,3.8586087226867676,0.17357899248600006,3.9402377605438232,0.11894132196903229,4.093331336975098
1045,2,2,1,0.4209158718585968,3.64992094039917,0.24038882553577423,3.844280481338501,0.17601044476032257,3.9052255153656006,0.12109375,4.053653717041016
1046,2,1,0,0.3712407350540161,3.6567955017089844,0.22906368970870972,3.857354164123535,0.199079230427742,3.9448392391204834,0.14231903851032257,4.050553321838379
1047,2,2,1,0.3942547142505646,3.6735751628875732,0.23344825208187103,3.8863277435302734,0.166015625,3.9261703491210938,0.11142776906490326,4.017170429229736
1048,2,2,1,0.399922251701355,3.6696360111236572,0.23014986515045166,3.896237373352051,0.15858179330825806,3.921704053878784,0.10610650479793549,4.044139862060547
1049,2,2,1,0.3802340626716614,3.6805849075317383,0.22899393737316132,3.9052436351776123,0.17179527878761292,3.9588167667388916,0.115652896463871,4.106496810913086
1050,2,2,1,0.4055674076080322,3.678220748901367,0.23363758623600006,3.900899887084961,0.16154137253761292,3.9356610774993896,0.106863833963871,4.0509138107299805
1051,2,2,1,0.41696974635124207,3.663097858428955,0.23741430044174194,3.8658552169799805,0.16868622601032257,3.918773651123047,0.11686862260103226,4.060709476470947
1052,2,2,1,0.4011653959751129,3.6687655448913574,0.23336853086948395,3.88675856590271,0.16247807443141937,3.9193499088287354,0.11284279078245163,4.076474666595459
1053,2,2,1,0.4003208577632904,3.6778931617736816,0.2336176633834839,3.895474433898926,0.16377350687980652,3.908609628677368,0.11140783876180649,4.046690464019775
1054,2,2,1,0.4195307493209839,3.632643222808838,0.24235191941261292,3.794227123260498,0.19257214665412903,3.8449158668518066,0.13277263939380646,4.020864486694336
1055,2,2,1,0.4084547162055969,3.6689984798431396,0.23603913187980652,3.8807363510131836,0.15916971862316132,3.9127278327941895,0.10646524280309677,4.052976608276367
1056,2,2,1,0.39890584349632263,3.676100969314575,0.23300980031490326,3.8967626094818115,0.16430164873600006,3.9539666175842285,0.11250398308038712,4.045704364776611
1057,2,2,1,0.370625376701355,3.6753151416778564,0.22842593491077423,3.903372049331665,0.17052973806858063,3.9736456871032715,0.12061543017625809,4.116986274719238
1058,2,2,1,0.37413305044174194,3.6711080074310303,0.23592454195022583,3.886169195175171,0.1802455335855484,3.958923101425171,0.11700812727212906,4.076818466186523
1059,2,2,1,0.37572991847991943,3.6643106937408447,0.2245396226644516,3.878511428833008,0.15936902165412903,3.945101022720337,0.10596699267625809,4.09328556060791
1060,2,2,1,0.3925058841705322,3.672546148300171,0.23405611515045166,3.885962963104248,0.16658362746238708,3.9324638843536377,0.11011239886283875,4.03095006942749
1061,2,2,1,0.3857944905757904,3.6541802883148193,0.21908880770206451,3.8700308799743652,0.15625996887683868,3.9338691234588623,0.11796475946903229,4.092921257019043
1062,2,2,1,0.42806321382522583,3.636479616165161,0.2521524131298065,3.815958023071289,0.19471460580825806,3.875025510787964,0.13111846148967743,4.050767421722412
1063,2,2,1,0.3787218928337097,3.6849470138549805,0.21740971505641937,3.922631025314331,0.14849728345870972,3.948328971862793,0.10229989886283875,4.111630439758301
1064,2,2,1,0.39129015803337097,3.6615774631500244,0.23428033292293549,3.864762544631958,0.18204918503761292,3.9605889320373535,0.1240234375,4.094648838043213
1065,2,2,1,0.39213716983795166,3.67385196685791,0.2291782945394516,3.891927719116211,0.15805365145206451,3.9370152950286865,0.10805962979793549,4.068424701690674
1066,2,3,0,0.39873892068862915,3.6779210567474365,0.23514728248119354,3.894904136657715,0.1663743555545807,3.9106972217559814,0.11822384595870972,4.072488307952881
1067,2,2,1,0.3963124752044678,3.6642696857452393,0.23112145066261292,3.877638101577759,0.16242824494838715,3.9214110374450684,0.11910076439380646,4.043674468994141
1068,2,2,1,0.4148223102092743,3.6605911254882812,0.23698580265045166,3.858590602874756,0.16833744943141937,3.8965251445770264,0.11870216578245163,4.023505687713623
1069,2,2,1,0.3749576508998871,3.666921377182007,0.2312111258506775,3.8835902214050293,0.1701311320066452,3.9494524002075195,0.11533401906490326,4.070157051086426
1070,3,3,1,0.4215536117553711,3.6685163974761963,0.24611367285251617,3.8537533283233643,0.1936383843421936,3.903355360031128,0.13221460580825806,4.066927909851074
1071,3,3,1,0.4174704849720001,3.671975612640381,0.2439313530921936,3.8647208213806152,0.1841517835855484,3.8925864696502686,0.12589684128761292,4.015355587005615
1072,3,3,1,0.3867810368537903,3.673006772994995,0.2438366860151291,3.8704917430877686,0.18739038705825806,3.9121510982513428,0.12669403851032257,4.0555291175842285
1073,3,3,1,0.411030650138855,3.657411575317383,0.2394670695066452,3.860367774963379,0.16192004084587097,3.8967320919036865,0.10945471376180649,4.027858734130859
1074,3,3,1,0.4265584945678711,3.6508607864379883,0.24802693724632263,3.82782244682312,0.19588050246238708,3.856285333633423,0.13624043762683868,4.016969203948975
1075,3,3,1,0.4276396930217743,3.6281793117523193,0.25893354415893555,3.787219285964966,0.21013033390045166,3.8377199172973633,0.14064492285251617,4.025790214538574
1076,3,3,1,0.41312330961227417,3.655975103378296,0.24721479415893555,3.855069875717163,0.18591557443141937,3.9025566577911377,0.1227678582072258,4.076460838317871
1077,3,3,1,0.4217554032802582,3.653718948364258,0.24841058254241943,3.8366127014160156,0.1908482164144516,3.8615288734436035,0.1259167641401291,4.009496688842773
1078,3,3,1,0.39559251070022583,3.6746160984039307,0.24014966189861298,3.8823418617248535,0.1761997789144516,3.9043660163879395,0.1164899542927742,4.073738098144531
1079,3,3,1,0.4532993733882904,3.6190273761749268,0.26275011897087097,3.7574856281280518,0.2222377210855484,3.8184468746185303,0.15238361060619354,3.9852211475372314
1080,3,3,1,0.443934828042984,3.6271190643310547,0.25822603702545166,3.7919230461120605,0.21465441584587097,3.840118885040283,0.1480189710855484,3.990574836730957
1081,3,3,1,0.41867128014564514,3.6589391231536865,0.24495774507522583,3.8579041957855225,0.17326012253761292,3.8759992122650146,0.11292251199483871,4.03582763671875
1082,3,3,1,0.45229291915893555,3.618278741836548,0.2630440890789032,3.755445718765259,0.2271902859210968,3.8222291469573975,0.15830276906490326,3.9803600311279297
1083,3,3,1,0.4051264524459839,3.6823227405548096,0.24023935198783875,3.8858494758605957,0.17958784103393555,3.899289846420288,0.1256975382566452,4.056762218475342
1084,3,3,1,0.3935895562171936,3.6728148460388184,0.23629821836948395,3.8853583335876465,0.17574138939380646,3.906611442565918,0.11810427159070969,4.036449432373047
1085,3,3,1,0.41570422053337097,3.6701505184173584,0.24386657774448395,3.866891384124756,0.18372328579425812,3.891359806060791,0.12517936527729034,4.0208563804626465
1086,3,3,1,0.39559251070022583,3.6746160984039307,0.24014966189861298,3.8823418617248535,0.1761997789144516,3.9043660163879395,0.1164899542927742,4.073738098144531
1087,3,3,1,0.42641401290893555,3.646799087524414,0.25025907158851624,3.8298161029815674,0.18706153333187103,3.8608033657073975,0.12414301186800003,4.012200832366943
1088,3,3,1,0.3968854546546936,3.6739187240600586,0.2390385866165161,3.8928840160369873,0.17091836035251617,3.9180853366851807,0.1184430792927742,4.064445495605469
1089,3,3,1,0.44347646832466125,3.620751142501831,0.2619130611419678,3.7557404041290283,0.21792291104793549,3.7855868339538574,0.15704719722270966,3.943654775619507
1090,3,3,1,0.4465257227420807,3.631765365600586,0.2588587999343872,3.7790353298187256,0.22010523080825806,3.829998254776001,0.15379862487316132,4.020992755889893
1091,3,3,1,0.42666810750961304,3.6545181274414062,0.2484753578901291,3.833587408065796,0.193359375,3.869511365890503,0.12962372601032257,4.08241081237793
1092,3,3,1,0.41946595907211304,3.6582252979278564,0.2466517835855484,3.844154119491577,0.19091796875,3.873792886734009,0.1339285671710968,4.009077548980713
1093,3,3,1,0.4113669693470001,3.6685984134674072,0.24182377755641937,3.8823940753936768,0.17580117285251617,3.913785219192505,0.1173270046710968,4.058094024658203
1094,3,3,1,0.4081757068634033,3.662443161010742,0.24277044832706451,3.876018524169922,0.16139189898967743,3.9154112339019775,0.10277821868658066,4.093465328216553
1095,3,3,1,0.4403848350048065,3.6319594383239746,0.25866448879241943,3.787961006164551,0.21095742285251617,3.8132734298706055,0.1487165093421936,4.00026798248291
1096,3,3,1,0.41126981377601624,3.6705009937286377,0.24109633266925812,3.8871023654937744,0.16597576439380646,3.9136648178100586,0.10863759368658066,4.099798202514648
1097,3,3,1,0.4276621341705322,3.6591074466705322,0.24914799630641937,3.8300769329071045,0.19842155277729034,3.8661611080169678,0.13632014393806458,4.008040904998779
1098,3,3,1,0.44768911600112915,3.625939130783081,0.25962111353874207,3.776076078414917,0.22249680757522583,3.832273483276367,0.15449616312980652,3.991615056991577
1099,3,3,1,0.42515096068382263,3.6491308212280273,0.25104132294654846,3.82711124420166,0.19756457209587097,3.8724403381347656,0.13538344204425812,4.012218475341797
1100,3,0,0,0.3821847140789032,3.659615993499756,0.2237025648355484,3.8873000144958496,0.1454380601644516,3.9610140323638916,0.09448739886283875,4.098291397094727
1101,3,3,1,0.40974268317222595,3.6792502403259277,0.24104651808738708,3.8881125450134277,0.17705675959587097,3.8918843269348145,0.11826370656490326,4.04415225982666
1102,3,3,1,0.41054487228393555,3.664536714553833,0.24433991312980652,3.8726754188537598,0.17444594204425812,3.886153221130371,0.11549346148967743,4.044003486633301
1103,3,3,1,0.4308309555053711,3.6529526710510254,0.24928252398967743,3.829329252243042,0.19230309128761292,3.8813347816467285,0.12635523080825806,4.0427446365356445
1104,3,3,1,0.4276621341705322,3.6591074466705322,0.24914799630641937,3.8300769329071045,0.19842155277729034,3.8661611080169678,0.13632014393806458,4.008040904998779
1105,3,3,1,0.39967066049575806,3.6815390586853027,0.23384186625480652,3.9072721004486084,0.1652483195066452,3.902369976043701,0.11391900479793549,4.06595516204834
1106,3,3,1,0.4251534640789032,3.6627914905548096,0.24662189185619354,3.859671115875244,0.19050940871238708,3.8892667293548584,0.13450653851032257,4.051414966583252
1107,3,3,1,0.4162871539592743,3.6635208129882812,0.24496272206306458,3.868910789489746,0.17298109829425812,3.8739559650421143,0.11055085808038712,4.019289493560791
1108,3,3,1,0.4417002201080322,3.632096767425537,0.25626295804977417,3.7961230278015137,0.21395686268806458,3.8382468223571777,0.15218430757522583,4.01728630065918
1109,3,3,1,0.43728575110435486,3.6375491619110107,0.2563974857330322,3.8051106929779053,0.20760920643806458,3.8501007556915283,0.1413225382566452,3.996192455291748
1110,3,3,1,0.41547253727912903,3.630553960800171,0.2508121430873871,3.8014461994171143,0.19717593491077423,3.8362560272216797,0.1386120766401291,4.016103744506836
1111,3,3,1,0.4073760211467743,3.6741456985473633,0.2396414577960968,3.8871448040008545,0.1784917116165161,3.927813768386841,0.12236925959587097,4.078664302825928
1112,3,3,1,0.4282076954841614,3.650768518447876,0.2462780922651291,3.8359060287475586,0.18927375972270966,3.8833842277526855,0.1307198703289032,4.011587142944336
1113,3,3,1,0.4392787218093872,3.637583017349243,0.25276029109954834,3.803705930709839,0.20134127140045166,3.8590943813323975,0.1369379758834839,4.008732318878174
1114,3,3,1,0.3845837712287903,3.660430669784546,0.24617844820022583,3.8549251556396484,0.18780891597270966,3.873932123184204,0.12693318724632263,3.9588632583618164
1115,3,3,1,0.43892747163772583,3.621514320373535,0.2603784501552582,3.763122081756592,0.22389189898967743,3.804922580718994,0.16705197095870972,3.9560964107513428
1116,3,3,1,0.4233149290084839,3.6528701782226562,0.2467564195394516,3.835012674331665,0.19096778333187103,3.8721039295196533,0.13578204810619354,4.051812648773193
1117,3,3,1,0.4119549095630646,3.6752638816833496,0.2442801296710968,3.871175765991211,0.18469984829425812,3.890855073928833,0.1259167641401291,4.050332546234131
1118,3,3,1,0.42691972851753235,3.656863212585449,0.24681122601032257,3.836785316467285,0.1900111585855484,3.8756556510925293,0.12581712007522583,4.04672908782959
1119,3,3,1,0.4454769194126129,3.6335325241088867,0.2571049928665161,3.787663221359253,0.2143654227256775,3.8293509483337402,0.15098851919174194,3.9961721897125244
1120,3,3,1,0.4524972140789032,3.615307569503784,0.26160913705825806,3.7495906352996826,0.22690130770206451,3.7943785190582275,0.16216915845870972,3.9837777614593506
1121,3,3,1,0.396748423576355,3.66182541847229,0.23898376524448395,3.864567995071411,0.1780233532190323,3.9094319343566895,0.1199776753783226,4.075913429260254
1122,3,3,1,0.42393773794174194,3.653691530227661,0.24721479415893555,3.8348348140716553,0.18766939640045166,3.873307466506958,0.12784996628761292,4.050350666046143
1123,3,3,1,0.398193359375,3.6478309631347656,0.247663214802742,3.848129987716675,0.18818756937980652,3.8887476921081543,0.12587690353393555,4.038790225982666
1124,3,3,1,0.43501871824264526,3.6268811225891113,0.25879403948783875,3.79313063621521,0.20685186982154846,3.829800605773926,0.14192043244838715,4.0301923751831055
1125,3,3,1,0.43543973565101624,3.6321449279785156,0.2546486258506775,3.794654607772827,0.20518773794174194,3.829780101776123,0.1462053507566452,3.9889585971832275
1126,3,3,1,0.4112374484539032,3.674121856689453,0.24121591448783875,3.882035732269287,0.17492426931858063,3.9024155139923096,0.12135283648967743,4.0385942459106445
1127,3,3,1,0.41812819242477417,3.67138934135437,0.24524672329425812,3.8691439628601074,0.18725086748600006,3.879995822906494,0.12788982689380646,4.0342841148376465
1128,3,3,1,0.433192640542984,3.631824016571045,0.25935208797454834,3.7865829467773438,0.21592992544174194,3.851815938949585,0.15015146136283875,4.0192461013793945
1129,3,3,1,0.4111153781414032,3.673140525817871,0.24370715022087097,3.876270055770874,0.18132174015045166,3.8916244506835938,0.12203045189380646,4.06549072265625
1130,3,3,1,0.44435834884643555,3.6324360370635986,0.2576380968093872,3.7895917892456055,0.21698620915412903,3.840367317199707,0.15148676931858063,4.0138139724731445
1131,3,3,1,0.4240747392177582,3.6600892543792725,0.24739417433738708,3.8396873474121094,0.19480428099632263,3.8673079013824463,0.1325932741165161,4.015782356262207
1132,3,3,1,0.4518719017505646,3.611368179321289,0.2645537555217743,3.730870008468628,0.22312459349632263,3.765709400177002,0.15957827866077423,3.9358062744140625
1133,3,3,1,0.42017099261283875,3.666969060897827,0.24607880413532257,3.856627941131592,0.18397241830825806,3.892535924911499,0.1265345960855484,4.046148777008057
1134,3,3,1,0.42008131742477417,3.658097267150879,0.24378687143325806,3.8451430797576904,0.183454230427742,3.859044075012207,0.1281489133834839,3.9721617698669434
1135,3,3,1,0.41753774881362915,3.6687588691711426,0.24525171518325806,3.8591511249542236,0.18998126685619354,3.8902177810668945,0.1251993030309677,4.0407514572143555
1136,3,3,1,0.4406663477420807,3.636559009552002,0.2576131820678711,3.787250518798828,0.20776864886283875,3.8235011100769043,0.1468431055545807,4.0
1137,3,3,1,0.3748854100704193,3.6787123680114746,0.24141022562980652,3.8817591667175293,0.18163065612316132,3.8924124240875244,0.13436701893806458,3.9832394123077393
1138,3,3,1,0.4222262501716614,3.662076234817505,0.24783262610435486,3.849982976913452,0.18565648794174194,3.868767023086548,0.1261758655309677,4.028431415557861
1139,3,3,1,0.3490886986255646,3.6659815311431885,0.23864495754241943,3.860847234725952,0.2123425453901291,3.8695387840270996,0.1564692258834839,3.9451024532318115
1140,3,3,1,0.4458281695842743,3.632077693939209,0.2580466568470001,3.7832248210906982,0.2194575071334839,3.845797538757324,0.15525349974632263,4.016046047210693
1141,3,3,1,0.42136678099632263,3.6695637702941895,0.24552075564861298,3.8595693111419678,0.18703164160251617,3.865149974822998,0.12599648535251617,3.987504005432129
1142,3,3,1,0.3996307849884033,3.684175491333008,0.2372349351644516,3.9066660404205322,0.16105309128761292,3.9084889888763428,0.11079001426696777,3.992264747619629
1143,3,3,1,0.4844522178173065,3.5642151832580566,0.2875378727912903,3.605614185333252,0.2770846486091614,3.6247572898864746,0.19856105744838715,3.741844892501831
1144,3,3,1,0.37762823700904846,3.668346643447876,0.2342703640460968,3.899423599243164,0.1672114133834839,3.933969020843506,0.10415337979793549,4.090700149536133
1145,3,3,1,0.43790358304977417,3.633634567260742,0.2594716548919678,3.788966417312622,0.21287068724632263,3.831897735595703,0.1501713991165161,3.974386215209961
1146,3,3,1,0.4196503162384033,3.665172576904297,0.24629303812980652,3.8489439487457275,0.18601521849632263,3.873680830001831,0.12366469949483871,3.969057321548462
1147,3,3,1,0.4286785423755646,3.660299301147461,0.2453264445066452,3.850156307220459,0.1930803507566452,3.895798921585083,0.13390864431858063,4.055960655212402
1148,3,3,1,0.4084223508834839,3.660567045211792,0.2451869398355484,3.8555781841278076,0.1845802664756775,3.8806889057159424,0.12810905277729034,4.007622718811035
1149,3,3,1,0.4474499523639679,3.634803295135498,0.25871431827545166,3.7837650775909424,0.21739476919174194,3.82517409324646,0.14835777878761292,4.009403705596924
1150,3,3,1,0.38996729254722595,3.6665048599243164,0.24575494229793549,3.8575541973114014,0.19058911502361298,3.876816987991333,0.13785475492477417,3.973832607269287
1151,3,3,1,0.4286611080169678,3.6553688049316406,0.24901346862316132,3.834827423095703,0.19425621628761292,3.886888265609741,0.12936463952064514,4.048682689666748
1152,3,3,1,0.38028886914253235,3.6613845825195312,0.24255120754241943,3.867340326309204,0.18210896849632263,3.8621068000793457,0.11541374027729034,4.027801990509033
1153,3,3,1,0.422871470451355,3.6630160808563232,0.24549585580825806,3.8610165119171143,0.18509845435619354,3.898573398590088,0.12547831237316132,4.073856353759766
1154,3,3,1,0.37552812695503235,3.682917594909668,0.23248165845870972,3.9178740978240967,0.15735609829425812,3.9319865703582764,0.10534916818141937,4.102156639099121
1155,3,3,1,0.4252854883670807,3.660435914993286,0.24755360186100006,3.839388132095337,0.19110730290412903,3.870997905731201,0.13026148080825806,4.0084147453308105
1156,3,3,1,0.42315050959587097,3.6617133617401123,0.2463827282190323,3.8612942695617676,0.18393255770206451,3.877126455307007,0.12181121855974197,4.003108501434326
1157,3,3,1,0.4285465180873871,3.652759552001953,0.24743901193141937,3.838045120239258,0.19310028851032257,3.9116523265838623,0.13056042790412903,4.082582950592041
1158,3,3,1,0.35534417629241943,3.6762924194335938,0.24524174630641937,3.874321937561035,0.1964285671710968,3.8613028526306152,0.1422991007566452,3.9434173107147217
1159,3,3,1,0.36639776825904846,3.6711814403533936,0.24871452152729034,3.8700268268585205,0.1877889782190323,3.8560891151428223,0.13075971603393555,3.9806432723999023
1160,3,3,1,0.4580526351928711,3.608818292617798,0.2693120241165161,3.7133870124816895,0.24091199040412903,3.7286150455474854,0.17757493257522583,3.865544319152832
1161,3,3,1,0.4122762680053711,3.6659395694732666,0.24406090378761292,3.872856378555298,0.17226362228393555,3.8796205520629883,0.11098931729793549,4.0421977043151855
1162,3,3,1,0.407802015542984,3.6681573390960693,0.23893395066261292,3.8838493824005127,0.16599568724632263,3.9043102264404297,0.11780532449483871,4.036372661590576
1163,3,3,1,0.43741777539253235,3.6371119022369385,0.2558693289756775,3.808544635772705,0.20607461035251617,3.8600096702575684,0.1407645046710968,4.0692338943481445
1164,3,3,1,0.37023428082466125,3.6810617446899414,0.24411071836948395,3.887312650680542,0.18642377853393555,3.886733055114746,0.12928491830825806,4.016802787780762
1165,3,3,1,0.4257638156414032,3.661929130554199,0.24728454649448395,3.84151029586792,0.19313018023967743,3.867137908935547,0.12854750454425812,4.022480487823486
1166,3,3,1,0.4116833806037903,3.6567747592926025,0.24837571382522583,3.849107265472412,0.1914162039756775,3.8873965740203857,0.12880659103393555,4.036360740661621
1167,3,3,1,0.43176019191741943,3.647318124771118,0.2507075071334839,3.8261258602142334,0.19849130511283875,3.878859281539917,0.1349649280309677,4.006054401397705
1168,3,3,1,0.3677828907966614,3.656095266342163,0.24666175246238708,3.848381996154785,0.21123644709587097,3.8788092136383057,0.14221937954425812,3.995936155319214
1169,3,3,1,0.39318349957466125,3.6710891723632812,0.23719507455825806,3.885854721069336,0.16357421875,3.930429458618164,0.11172671616077423,4.063324928283691
1170,3,3,1,0.4205945134162903,3.6455843448638916,0.24908322095870972,3.8321330547332764,0.19351880252361298,3.863954782485962,0.1287069469690323,4.033601760864258
1171,3,3,1,0.4130086898803711,3.665186882019043,0.2464524805545807,3.861293077468872,0.1884865164756775,3.8973300457000732,0.12446188926696777,4.033466815948486
1172,3,3,1,0.4330182671546936,3.651397705078125,0.25136518478393555,3.8134193420410156,0.20335419476032257,3.852060556411743,0.13976801931858063,3.996720314025879
1173,3,3,1,0.43364107608795166,3.648813486099243,0.2519182562828064,3.812701463699341,0.20230786502361298,3.8261256217956543,0.14008688926696777,3.97624135017395
1174,3,3,1,0.4498390555381775,3.6217567920684814,0.26073721051216125,3.7610785961151123,0.21947742998600006,3.8029510974884033,0.14851722121238708,4.0029520988464355
1175,3,3,1,0.43523547053337097,3.6332545280456543,0.2525559961795807,3.7927756309509277,0.1959402859210968,3.837613821029663,0.13289222121238708,4.020545959472656
1176,3,3,1,0.4099046289920807,3.6661155223846436,0.24135541915893555,3.856567859649658,0.18085339665412903,3.88456654548645,0.13251355290412903,4.026019096374512
1177,3,3,1,0.39416006207466125,3.6633968353271484,0.23547112941741943,3.874016046524048,0.17512355744838715,3.925571918487549,0.12083465605974197,4.050634860992432
1178,3,3,1,0.4225800037384033,3.666185140609741,0.24597914516925812,3.855800151824951,0.18772919476032257,3.8798768520355225,0.1284877210855484,4.059872627258301
1179,3,3,1,0.42656847834587097,3.659489154815674,0.24820132553577423,3.846853256225586,0.19246253371238708,3.866366386413574,0.13111846148967743,4.0269036293029785
1180,3,3,1,0.41568678617477417,3.6700048446655273,0.24391640722751617,3.870513677597046,0.17959780991077423,3.876047372817993,0.12069515138864517,4.038474082946777
1181,3,3,1,0.42491430044174194,3.6510753631591797,0.24813655018806458,3.8323962688446045,0.18308553099632263,3.8398191928863525,0.12761080265045166,4.009214401245117
1182,3,3,1,0.4138009250164032,3.648808240890503,0.24993522465229034,3.829176902770996,0.19285115599632263,3.849429130554199,0.1307995766401291,4.038244724273682
1183,3,2,0,0.41051995754241943,3.6677448749542236,0.23363758623600006,3.882197380065918,0.16712172329425812,3.946514844894409,0.11678890138864517,4.098464012145996
1184,3,3,1,0.42483705282211304,3.659907579421997,0.24674145877361298,3.8496627807617188,0.19204400479793549,3.8933167457580566,0.13149712979793549,4.046680927276611
1185,3,3,1,0.4286785423755646,3.660299301147461,0.2453264445066452,3.850156307220459,0.1930803507566452,3.895798921585083,0.13390864431858063,4.055960655212402
1186,3,3,1,0.4219970703125,3.6643013954162598,0.24779774248600006,3.8458399772644043,0.19346898794174194,3.876950740814209,0.13028140366077423,4.029524326324463
1187,3,3,1,0.4155796468257904,3.67549467086792,0.24242664873600006,3.878350019454956,0.18824736773967743,3.9230849742889404,0.13251355290412903,4.061663627624512
1188,3,3,1,0.40486985445022583,3.6510355472564697,0.24827606976032257,3.8417820930480957,0.19550183415412903,3.8747642040252686,0.1345463991165161,4.037031650543213
1189,3,3,1,0.4074607193470001,3.6763410568237305,0.24087710678577423,3.8808770179748535,0.17518335580825806,3.8911263942718506,0.12041613459587097,4.036742687225342
1190,3,3,1,0.4212920367717743,3.6662704944610596,0.2467564195394516,3.855830430984497,0.1924525648355484,3.891575574874878,0.13273277878761292,4.048348426818848
1191,3,3,1,0.4584014117717743,3.6046977043151855,0.26712968945503235,3.72294545173645,0.23098692297935486,3.7499136924743652,0.1595982164144516,3.8862388134002686
1192,3,3,1,0.41935136914253235,3.660508155822754,0.24485310912132263,3.8557069301605225,0.18145129084587097,3.874018430709839,0.12101402878761292,4.005434989929199
1193,3,3,1,0.41423189640045166,3.6690261363983154,0.24412567913532257,3.8794007301330566,0.17924903333187103,3.898599147796631,0.12029655277729034,4.050529956817627
1194,3,3,1,0.41852429509162903,3.6724088191986084,0.244245246052742,3.8670570850372314,0.18808792531490326,3.8929800987243652,0.13143733143806458,4.071872711181641
1195,3,3,1,0.4159657955169678,3.6720948219299316,0.243512824177742,3.8699307441711426,0.18601521849632263,3.90405535697937,0.12980309128761292,4.05312442779541
1196,3,3,1,0.42739057540893555,3.6597301959991455,0.24868960678577423,3.8325085639953613,0.19737523794174194,3.849851131439209,0.1369180530309677,4.004221439361572
1197,3,3,1,0.41574904322624207,3.6654882431030273,0.23968131840229034,3.8701589107513428,0.1729213148355484,3.914539337158203,0.11318159848451614,4.067969799041748
1198,3,3,1,0.41321298480033875,3.659980535507202,0.24497269093990326,3.8583805561065674,0.1761997789144516,3.8983147144317627,0.11890146136283875,4.068220138549805
1199,3,3,1,0.43709391355514526,3.644223690032959,0.25392118096351624,3.8100779056549072,0.2070412039756775,3.8465611934661865,0.1399274468421936,4.023785591125488
1200,3,3,1,0.41036301851272583,3.668813705444336,0.24349290132522583,3.876918315887451,0.18015584349632263,3.873997449874878,0.1184430792927742,4.048964977264404
1201,3,3,1,0.43834951519966125,3.637263536453247,0.2531389594078064,3.804727792739868,0.20114198327064514,3.8325984477996826,0.13761559128761292,3.961042642593384
1202,3,3,1,0.4063969850540161,3.648043632507324,0.24984055757522583,3.8449864387512207,0.1872807741165161,3.86969256401062,0.12599648535251617,4.054096698760986
1203,3,3,1,0.3918008506298065,3.673044204711914,0.23653240501880646,3.8879151344299316,0.16501912474632263,3.9474637508392334,0.11658960580825806,4.081538677215576
1204,3,3,1,0.4541189968585968,3.611656427383423,0.26618802547454834,3.718147039413452,0.2307378053665161,3.7646727561950684,0.16669324040412903,3.9372310638427734
1205,3,3,1,0.39795419573783875,3.6461355686187744,0.2401646226644516,3.840421676635742,0.16388313472270966,3.8980908393859863,0.10620614886283875,4.103021144866943
1206,3,3,1,0.44052186608314514,3.6386451721191406,0.25377172231674194,3.803565502166748,0.20669244229793549,3.852039337158203,0.1408442258834839,4.018253803253174
1207,3,3,1,0.4111153781414032,3.673140525817871,0.24370715022087097,3.876270055770874,0.18132174015045166,3.8916244506835938,0.12203045189380646,4.06549072265625
1208,3,3,1,0.4264987111091614,3.6534929275512695,0.24762335419654846,3.8311636447906494,0.18990154564380646,3.8640918731689453,0.1290457546710968,4.012972831726074
1209,3,3,1,0.44787099957466125,3.6211681365966797,0.26116567850112915,3.757502317428589,0.22494818270206451,3.8020288944244385,0.1609135866165161,3.983898878097534
1210,3,3,1,0.44110730290412903,3.635397434234619,0.2563825249671936,3.7950522899627686,0.2105887234210968,3.8443193435668945,0.14542809128761292,4.02261209487915
1211,3,0,0,0.4251783490180969,3.644477605819702,0.2532086968421936,3.816154956817627,0.19995614886283875,3.8594138622283936,0.1335897594690323,4.006414890289307
1212,3,3,1,0.4279510974884033,3.6610257625579834,0.2487194985151291,3.840341329574585,0.19396723806858063,3.8849730491638184,0.1273716539144516,4.023470401763916
1213,3,3,1,0.44593778252601624,3.627950429916382,0.26060765981674194,3.7882802486419678,0.22046396136283875,3.845055103302002,0.1530412882566452,4.0276079177856445
1214,3,3,1,0.38411539793014526,3.6770999431610107,0.23172931373119354,3.9146616458892822,0.15576171875,3.909794569015503,0.09943000227212906,4.076568603515625
1215,3,3,1,0.4074956178665161,3.677903413772583,0.24078243970870972,3.885237693786621,0.17406727373600006,3.8883674144744873,0.1201171875,4.025883674621582
1216,3,3,1,0.4213169515132904,3.6569771766662598,0.24615353345870972,3.8523802757263184,0.19346898794174194,3.9035797119140625,0.13634008169174194,4.080836296081543
1217,3,3,1,0.4196851849555969,3.6659958362579346,0.24532146751880646,3.8607754707336426,0.18121212720870972,3.872587203979492,0.12246890366077423,4.034011363983154
1218,3,3,1,0.41683274507522583,3.6718504428863525,0.24447943270206451,3.8765997886657715,0.18351402878761292,3.880429983139038,0.12460140138864517,4.02575159072876
1219,3,3,1,0.40865403413772583,3.67769455909729,0.24102160334587097,3.890106201171875,0.18216876685619354,3.9113833904266357,0.1275111585855484,4.089871883392334
1220,3,3,1,0.42440110445022583,3.663438081741333,0.2471051812171936,3.8456497192382812,0.18774911761283875,3.8356776237487793,0.12980309128761292,4.016274929046631
1221,3,3,1,0.3934949040412903,3.6699249744415283,0.2388143688440323,3.8820178508758545,0.17206433415412903,3.916719675064087,0.11798468977212906,4.038006782531738
1222,3,3,1,0.42535024881362915,3.670069456100464,0.24662189185619354,3.84983229637146,0.19025032222270966,3.8688457012176514,0.13014189898967743,4.036447048187256
1223,3,3,1,0.4231480062007904,3.658173084259033,0.24622827768325806,3.84708309173584,0.19072863459587097,3.899216413497925,0.12818877398967743,4.072605609893799
1224,3,3,1,0.44370564818382263,3.6145126819610596,0.25969088077545166,3.7427332401275635,0.2112962305545807,3.784569025039673,0.14387355744838715,3.9793601036071777
1225,3,3,1,0.3935895562171936,3.6728148460388184,0.23629821836948395,3.8853583335876465,0.17574138939380646,3.906611442565918,0.11810427159070969,4.036449432373047
1226,3,3,1,0.3944091796875,3.661935806274414,0.23517218232154846,3.8729448318481445,0.16801856458187103,3.9014294147491455,0.10835857689380646,4.041199207305908
1227,3,3,1,0.4203653037548065,3.6580498218536377,0.2460588663816452,3.847038507461548,0.18306560814380646,3.880300521850586,0.12302694469690323,4.055888652801514
1228,3,3,1,0.41232362389564514,3.641538381576538,0.24490293860435486,3.828535318374634,0.18099290132522583,3.8827836513519287,0.11776546388864517,4.061262607574463
1229,3,0,0,0.41341477632522583,3.6677815914154053,0.2460588663816452,3.862083673477173,0.18265704810619354,3.9070377349853516,0.12896603345870972,4.038015842437744
1230,3,3,1,0.4069923758506775,3.6651036739349365,0.2405233532190323,3.867382049560547,0.17377829551696777,3.9025747776031494,0.12894611060619354,4.03307580947876
1231,3,3,1,0.42344945669174194,3.668276786804199,0.2452566921710968,3.857630491256714,0.19115711748600006,3.893134593963623,0.12978315353393555,4.048065185546875
1232,3,3,1,0.44555413722991943,3.632354736328125,0.25686582922935486,3.795321464538574,0.2131796032190323,3.8472397327423096,0.1439732164144516,4.010382175445557
1233,3,3,1,0.41993680596351624,3.6656086444854736,0.2438366860151291,3.867774248123169,0.18009606003761292,3.8929343223571777,0.12382413446903229,4.030742168426514
1234,3,3,1,0.4236537218093872,3.6597278118133545,0.24850524961948395,3.8466596603393555,0.19138631224632263,3.871134042739868,0.12914539873600006,3.9990739822387695
1235,3,3,1,0.39559251070022583,3.6746160984039307,0.24014966189861298,3.8823418617248535,0.1761997789144516,3.9043660163879395,0.1164899542927742,4.073738098144531
1236,3,3,1,0.4151960015296936,3.6675806045532227,0.24430504441261292,3.8606653213500977,0.18030531704425812,3.8876423835754395,0.12282764166593552,4.068148612976074
1237,3,3,1,0.4190673828125,3.659071207046509,0.24821129441261292,3.8462371826171875,0.1926020383834839,3.8913493156433105,0.12707270681858063,4.049717903137207
1238,3,3,1,0.36737433075904846,3.681867837905884,0.23936742544174194,3.9016692638397217,0.1765485405921936,3.9274144172668457,0.12396364659070969,4.0811896324157715
1239,3,3,1,0.42225366830825806,3.66353178024292,0.24628308415412903,3.858729600906372,0.19521284103393555,3.8823890686035156,0.13641980290412903,4.031994342803955
1240,3,3,1,0.4108562767505646,3.6736862659454346,0.24147002398967743,3.882655143737793,0.171735480427742,3.8759429454803467,0.11611128598451614,4.004119396209717
1241,3,3,1,0.41666582226753235,3.6752583980560303,0.24530652165412903,3.8650119304656982,0.1872807741165161,3.8936893939971924,0.12454161047935486,4.04592752456665
1242,3,3,1,0.4212023615837097,3.66117787361145,0.24588946998119354,3.854531764984131,0.18867585062980652,3.9023449420928955,0.1303013414144516,4.063169002532959
1243,3,3,1,0.3903310298919678,3.683199167251587,0.23124103248119354,3.904785394668579,0.15752550959587097,3.933704376220703,0.10740194469690323,4.081276893615723
1244,3,3,1,0.41444364190101624,3.6722609996795654,0.24181878566741943,3.8753862380981445,0.1810925453901291,3.900181531906128,0.12525908648967743,4.033730983734131
1245,3,3,1,0.4251534640789032,3.6627914905548096,0.24662189185619354,3.859671115875244,0.19050940871238708,3.8892667293548584,0.13450653851032257,4.051414966583252
1246,3,3,1,0.45266661047935486,3.61710262298584,0.2614596486091614,3.7659120559692383,0.2256556898355484,3.8380658626556396,0.15487483143806458,4.010809421539307
1247,3,3,1,0.41833993792533875,3.63601016998291,0.2540108859539032,3.8061041831970215,0.20512793958187103,3.8510565757751465,0.13871173560619354,4.02528715133667
1248,3,3,1,0.407856822013855,3.6760447025299072,0.24036890268325806,3.8885226249694824,0.1702806055545807,3.893082857131958,0.11102917790412903,4.021719455718994
1249,3,3,1,0.42332738637924194,3.6457302570343018,0.25318875908851624,3.8129525184631348,0.19878028333187103,3.8521153926849365,0.1339883655309677,4.049233913421631
1250,3,3,1,0.41882821917533875,3.6589419841766357,0.24702546000480652,3.8503801822662354,0.18755978345870972,3.88253116607666,0.12936463952064514,4.044369220733643
1251,3,3,1,0.41439881920814514,3.668408155441284,0.24515704810619354,3.8615355491638184,0.18448062241077423,3.8774375915527344,0.12288743257522583,4.001135349273682
1252,3,3,1,0.4143489897251129,3.6719815731048584,0.24494777619838715,3.864448070526123,0.18740034103393555,3.8812613487243652,0.13173627853393555,4.056429862976074
1253,3,3,1,0.4543706178665161,3.6203038692474365,0.2630939185619354,3.7493560314178467,0.22762873768806458,3.8150856494903564,0.15864157676696777,3.9964823722839355
1254,3,3,1,0.38411539793014526,3.6770999431610107,0.23172931373119354,3.9146616458892822,0.15576171875,3.909794569015503,0.09943000227212906,4.076568603515625
1255,3,3,1,0.42613500356674194,3.652127504348755,0.2511858344078064,3.817709445953369,0.20506815612316132,3.869964599609375,0.1390306055545807,4.066226959228516
1256,3,3,1,0.4115513265132904,3.6490132808685303,0.24786251783370972,3.8380606174468994,0.19296076893806458,3.8616504669189453,0.12970344722270966,4.013829231262207
1257,3,3,1,0.4408482015132904,3.6438686847686768,0.2541952133178711,3.802304983139038,0.21231265366077423,3.837135076522827,0.15224409103393555,4.023039817810059
1258,3,3,1,0.41552236676216125,3.6686692237854004,0.24460896849632263,3.867743492126465,0.18200932443141937,3.894388198852539,0.1192801296710968,4.037259578704834
1259,3,3,1,0.4291543662548065,3.653106212615967,0.24750378727912903,3.8421943187713623,0.1883470118045807,3.87117075920105,0.1261160671710968,4.0301833152771
1260,3,1,0,0.3647386133670807,3.6779227256774902,0.23962152004241943,3.8827688694000244,0.19170519709587097,3.8597567081451416,0.1388711780309677,3.9342708587646484
1261,3,3,1,0.4627685546875,3.602468729019165,0.27044302225112915,3.7058162689208984,0.24036391079425812,3.7393558025360107,0.16800861060619354,3.9129300117492676
1262,3,3,1,0.4208535850048065,3.663466215133667,0.24542111158370972,3.865704298019409,0.18622449040412903,3.911654472351074,0.1259765625,4.027527332305908
1263,3,3,1,0.41009894013404846,3.681345224380493,0.24043865501880646,3.891725540161133,0.18118223547935486,3.921515703201294,0.12561781704425812,4.0726637840271
1264,3,3,1,0.42012864351272583,3.6635022163391113,0.2446986585855484,3.8672218322753906,0.18403220176696777,3.8979856967926025,0.12747129797935486,4.0437774658203125
1265,3,3,1,0.4487902522087097,3.625835418701172,0.26002469658851624,3.770656108856201,0.22326411306858063,3.8324034214019775,0.15786431729793549,3.988637685775757
1266,3,3,1,0.4063969850540161,3.688121795654297,0.24015465378761292,3.8952696323394775,0.1755121946334839,3.8993356227874756,0.11892139166593552,4.028992652893066
1267,3,3,1,0.432704359292984,3.6444547176361084,0.25016939640045166,3.826329469680786,0.19551178812980652,3.8577470779418945,0.13663902878761292,4.041277885437012
1268,3,3,1,0.3857272267341614,3.665144681930542,0.2383958399295807,3.8697097301483154,0.16987204551696777,3.9301342964172363,0.12615592777729034,4.058925628662109
1269,3,3,1,0.4070870578289032,3.64011549949646,0.24250636994838715,3.8267176151275635,0.16860650479793549,3.861229419708252,0.10736208409070969,4.0230183601379395
1270,3,3,1,0.4261922836303711,3.6569323539733887,0.2466966211795807,3.8496758937835693,0.19354870915412903,3.900839328765869,0.12894611060619354,4.074497699737549
1271,3,3,1,0.4162672162055969,3.6613621711730957,0.24653717875480652,3.85159969329834,0.19449536502361298,3.8852853775024414,0.1353236585855484,4.0360822677612305
1272,3,3,1,0.4209706783294678,3.668063163757324,0.24528160691261292,3.8567917346954346,0.18780891597270966,3.891547679901123,0.1266741007566452,4.052234172821045
1273,3,3,1,0.4171167314052582,3.6714706420898438,0.24405093491077423,3.862786293029785,0.18595543503761292,3.887197971343994,0.1259765625,4.044613361358643
1274,3,3,1,0.4540243148803711,3.6059622764587402,0.2681610584259033,3.719068765640259,0.22915337979793549,3.755566120147705,0.16613520681858063,3.936540365219116
1275,3,3,1,0.4296899735927582,3.6555447578430176,0.25124064087867737,3.827268123626709,0.19794324040412903,3.851590871810913,0.13315130770206451,4.011824607849121
1276,3,3,1,0.4145084321498871,3.668718099594116,0.24619339406490326,3.8592042922973633,0.18382294476032257,3.8693554401397705,0.122488833963871,4.048974990844727
1277,3,3,1,0.4087810814380646,3.6757044792175293,0.2415248304605484,3.8812789916992188,0.18246771395206451,3.90557599067688,0.125,4.044004917144775
1278,3,2,0,0.4187435209751129,3.666107416152954,0.24359753727912903,3.8704259395599365,0.171735480427742,3.906115770339966,0.11025191098451614,4.056760787963867
1279,3,3,1,0.46485868096351624,3.599148988723755,0.2719576954841614,3.7021782398223877,0.24808673560619354,3.73730731010437,0.1760004758834839,3.8937833309173584
1280,3,3,1,0.4111053943634033,3.6700055599212646,0.24258111417293549,3.87499737739563,0.17822265625,3.896169900894165,0.12745137512683868,4.058483123779297
1281,3,3,1,0.42243799567222595,3.6498377323150635,0.24991030991077423,3.839447259902954,0.18220862746238708,3.877549886703491,0.1171875,4.039455890655518
1282,3,3,1,0.42900240421295166,3.661130666732788,0.24786749482154846,3.8435513973236084,0.18852637708187103,3.8659019470214844,0.12424266338348389,3.9906961917877197
1283,3,3,1,0.42184510827064514,3.656697988510132,0.24628806114196777,3.857255458831787,0.18677255511283875,3.9027903079986572,0.1278698891401291,4.084476470947266
1284,3,3,1,0.42147889733314514,3.6624228954315186,0.24528160691261292,3.8572590351104736,0.1812918484210968,3.867036819458008,0.12105388939380646,4.037537097930908
1285,3,3,1,0.42650121450424194,3.6589505672454834,0.248779296875,3.8348119258880615,0.1914162039756775,3.8285698890686035,0.12703284621238708,3.940382719039917
1286,3,3,1,0.3867810368537903,3.673006772994995,0.2438366860151291,3.8704917430877686,0.18739038705825806,3.9121510982513428,0.12669403851032257,4.0555291175842285
1287,3,3,1,0.44562140107154846,3.62929630279541,0.25754842162132263,3.7843339443206787,0.21713568270206451,3.8702616691589355,0.15062977373600006,4.052791595458984
1288,3,3,1,0.41412726044654846,3.666151285171509,0.2439662367105484,3.8609211444854736,0.18188974261283875,3.893935203552246,0.12334582209587097,4.036839485168457
1289,3,3,1,0.41116517782211304,3.650446891784668,0.24951171875,3.8396899700164795,0.18982182443141937,3.8799936771392822,0.12599648535251617,4.051407814025879
1290,3,3,1,0.438252329826355,3.638468027114868,0.2549774646759033,3.8098485469818115,0.21090760827064514,3.862934112548828,0.14736127853393555,3.997159957885742
1291,3,3,1,0.4100067615509033,3.6604387760162354,0.2451620250940323,3.8581037521362305,0.1742566078901291,3.8895750045776367,0.11908083409070969,4.0503764152526855
1292,3,3,1,0.4060581624507904,3.6741678714752197,0.2390585094690323,3.8806378841400146,0.1718849539756775,3.8970375061035156,0.12266820669174194,4.058976650238037
1293,3,3,1,0.4092070758342743,3.6619181632995605,0.24127072095870972,3.8637659549713135,0.18027542531490326,3.8937039375305176,0.12270806729793549,4.0552215576171875
1294,3,3,1,0.44332200288772583,3.6342403888702393,0.2568209767341614,3.790086269378662,0.2195073366165161,3.866215705871582,0.15168605744838715,4.020365238189697
1295,3,3,1,0.4148895740509033,3.6609764099121094,0.2456154227256775,3.8541259765625,0.18194954097270966,3.878525733947754,0.12264827638864517,4.0128374099731445
1296,3,3,1,0.3999197781085968,3.648740768432617,0.2397211790084839,3.8504769802093506,0.16073420643806458,3.908865451812744,0.10010761767625809,4.105912685394287
1297,3,3,1,0.41485968232154846,3.6492602825164795,0.24875935912132263,3.8410680294036865,0.1842912882566452,3.8717963695526123,0.12424266338348389,4.021815776824951
1298,3,3,1,0.42820021510124207,3.6507041454315186,0.2507573366165161,3.832458972930908,0.19373804330825806,3.876298666000366,0.13221460580825806,4.040247440338135
1299,3,3,1,0.4271688461303711,3.6592094898223877,0.24934729933738708,3.84006404876709,0.1960100382566452,3.8622775077819824,0.13913026452064514,4.004440784454346
1300,3,3,1,0.4004977345466614,3.682849884033203,0.23884925246238708,3.8950936794281006,0.17623963952064514,3.913830041885376,0.12643495202064514,4.016866207122803
1301,3,3,1,0.41860151290893555,3.67014217376709,0.24486805498600006,3.866011381149292,0.18542729318141937,3.879460334777832,0.12659437954425812,4.027392864227295
1302,3,3,1,0.42348432540893555,3.664886236190796,0.24706532061100006,3.8458669185638428,0.19347895681858063,3.8833436965942383,0.13299186527729034,4.048104286193848
1303,3,3,1,0.4124930202960968,3.67716121673584,0.24360251426696777,3.8867299556732178,0.18271683156490326,3.898996591567993,0.12635523080825806,4.006939888000488
1304,3,3,1,0.44717592000961304,3.6176156997680664,0.26135003566741943,3.753479242324829,0.2203543484210968,3.787229299545288,0.15913982689380646,3.949655532836914
1305,3,3,1,0.44901445508003235,3.6303610801696777,0.25900331139564514,3.7777349948883057,0.22280572354793549,3.8430609703063965,0.15379862487316132,4.03693151473999
1306,3,3,1,0.4193563461303711,3.6649200916290283,0.24575991928577423,3.862767457962036,0.1873704493045807,3.8824124336242676,0.13000239431858063,4.035566329956055
1307,3,3,1,0.40745824575424194,3.6400458812713623,0.25583943724632263,3.8101775646209717,0.20992107689380646,3.858682155609131,0.14477039873600006,3.9708149433135986
1308,3,3,1,0.4514085352420807,3.6215155124664307,0.2611258327960968,3.7643725872039795,0.22468909621238708,3.8102715015411377,0.15254303812980652,3.9827542304992676
1309,3,3,1,0.42240312695503235,3.657405138015747,0.2458844780921936,3.8398783206939697,0.19150589406490326,3.8740243911743164,0.13075971603393555,4.0073161125183105
1310,3,3,1,0.42077139019966125,3.664353609085083,0.24556061625480652,3.850644111633301,0.19145606458187103,3.8827357292175293,0.1310786008834839,4.028432369232178
1311,3,3,1,0.3673344850540161,3.666133165359497,0.2343849539756775,3.871136426925659,0.201520636677742,3.933985948562622,0.13924983143806458,4.0599684715271
1312,3,3,1,0.42728593945503235,3.6611104011535645,0.2457898110151291,3.861628532409668,0.19332948327064514,3.9015514850616455,0.13091915845870972,4.02877140045166
1313,3,3,1,0.38411539793014526,3.6770999431610107,0.23172931373119354,3.9146616458892822,0.15576171875,3.909794569015503,0.09943000227212906,4.076568603515625
1314,3,3,1,0.4453149735927582,3.629835605621338,0.2586993873119354,3.777820587158203,0.21739476919174194,3.8229739665985107,0.14931440353393555,4.020288467407227
1315,3,3,1,0.4065564274787903,3.6667606830596924,0.24174903333187103,3.8742992877960205,0.16723133623600006,3.9183053970336914,0.11726721376180649,4.056424140930176
1316,3,3,1,0.42695459723472595,3.636784315109253,0.25234174728393555,3.8089287281036377,0.19891980290412903,3.843703031539917,0.13480548560619354,3.9819633960723877
1317,3,3,1,0.42425909638404846,3.6620631217956543,0.24581970274448395,3.8544094562530518,0.19293087720870972,3.8964412212371826,0.13229432702064514,4.052425384521484
1318,3,3,1,0.45975664258003235,3.6100893020629883,0.26749342679977417,3.7264513969421387,0.2384207546710968,3.7689125537872314,0.16892537474632263,3.912930727005005
1319,3,3,1,0.42728593945503235,3.6611104011535645,0.2457898110151291,3.861628532409668,0.19332948327064514,3.9015514850616455,0.13091915845870972,4.02877140045166
1320,3,3,1,0.42620474100112915,3.6571409702301025,0.24950174987316132,3.8242671489715576,0.19632892310619354,3.845853328704834,0.13510443270206451,3.999114990234375
1321,3,3,1,0.44238030910491943,3.6333324909210205,0.25715482234954834,3.7957451343536377,0.2141461968421936,3.8460214138031006,0.14682318270206451,4.00624418258667
1322,3,3,1,0.4503198564052582,3.6225810050964355,0.26007452607154846,3.7799532413482666,0.2220384180545807,3.853783369064331,0.15194514393806458,4.02085542678833
1323,3,0,0,0.4439871609210968,3.623403549194336,0.2602090537548065,3.756208658218384,0.21598970890045166,3.828788995742798,0.14867664873600006,4.005228042602539
1324,3,3,1,0.396449476480484,3.657517433166504,0.24388651549816132,3.8580973148345947,0.17336973547935486,3.8540637493133545,0.11401864886283875,4.030938625335693
1325,3,3,1,0.4134446680545807,3.653205633163452,0.24907325208187103,3.839287757873535,0.19350884854793549,3.8750193119049072,0.12888631224632263,4.025204658508301
1326,3,3,1,0.44735780358314514,3.626274585723877,0.2611108720302582,3.7787466049194336,0.2241908460855484,3.8400747776031494,0.15397799015045166,4.005824565887451
1327,3,3,1,0.38465601205825806,3.6729230880737305,0.2400599867105484,3.8756978511810303,0.1907086968421936,3.9142544269561768,0.13482540845870972,4.048041343688965
1328,3,3,1,0.4474474787712097,3.6274073123931885,0.2584751546382904,3.7724618911743164,0.22023476660251617,3.833944082260132,0.15194514393806458,4.015214920043945
1329,3,3,1,0.4090675711631775,3.669555425643921,0.24178391695022583,3.8760483264923096,0.17218391597270966,3.8977949619293213,0.11497528105974197,4.0351881980896
1330,3,3,1,0.3490886986255646,3.6659815311431885,0.23864495754241943,3.860847234725952,0.2123425453901291,3.8695387840270996,0.1564692258834839,3.9451024532318115
1331,3,3,1,0.44498613476753235,3.6288902759552,0.257568359375,3.7868845462799072,0.20951251685619354,3.832437515258789,0.14265784621238708,4.020955562591553
1332,3,3,1,0.431727796792984,3.637066602706909,0.25209760665893555,3.807676315307617,0.20016542077064514,3.840045690536499,0.14275749027729034,3.9912047386169434
1333,3,3,1,0.4181182086467743,3.652780055999756,0.24593430757522583,3.8392422199249268,0.1857661008834839,3.8596715927124023,0.1292649805545807,3.997070550918579
1334,3,3,1,0.4164416193962097,3.670381546020508,0.24357262253761292,3.858916759490967,0.18669283390045166,3.9052040576934814,0.12741151452064514,4.049741744995117
1335,3,3,1,0.4144884943962097,3.640207052230835,0.2508719265460968,3.8113443851470947,0.19441565871238708,3.887237310409546,0.13297194242477417,4.033873081207275
1336,3,3,1,0.4087611436843872,3.643643379211426,0.2525111436843872,3.8193371295928955,0.20197902619838715,3.8614633083343506,0.1356026828289032,4.029541492462158
1337,3,3,1,0.42941346764564514,3.6568892002105713,0.24963128566741943,3.8277714252471924,0.19905930757522583,3.863886594772339,0.13452646136283875,4.0197038650512695
1338,3,3,1,0.4605214595794678,3.6038506031036377,0.26813116669654846,3.7184057235717773,0.23658721148967743,3.76611065864563,0.16527821123600006,3.95393705368042
1339,3,3,1,0.4307412803173065,3.6438233852386475,0.2528400123119354,3.8190202713012695,0.20692163705825806,3.867565631866455,0.14130261540412903,4.04146671295166
1340,3,3,1,0.39850226044654846,3.679717779159546,0.2385503053665161,3.892038106918335,0.18211893737316132,3.92618727684021,0.12406329810619354,4.056385517120361
1341,3,3,1,0.4412692189216614,3.635796546936035,0.2548130452632904,3.8034491539001465,0.21001075208187103,3.8591222763061523,0.1415417641401291,3.998873472213745
1342,3,3,1,0.4467847943305969,3.622260093688965,0.2585200071334839,3.779536008834839,0.21759405732154846,3.828402519226074,0.1509486585855484,4.012146949768066
1343,3,3,1,0.41490453481674194,3.6487157344818115,0.25173887610435486,3.827313184738159,0.20180962979793549,3.863914728164673,0.1398676633834839,4.014819145202637
1344,3,3,1,0.42411211133003235,3.658080816268921,0.24994519352912903,3.838273763656616,0.1903001368045807,3.8653714656829834,0.13069993257522583,4.055962085723877
1345,3,3,1,0.39179834723472595,3.6713125705718994,0.23769830167293549,3.8814640045166016,0.18231824040412903,3.9418997764587402,0.12266820669174194,4.1020307540893555
1346,3,3,1,0.4169149398803711,3.6739766597747803,0.24360749125480652,3.8757081031799316,0.18390266597270966,3.899322748184204,0.12189093977212906,4.0358076095581055
1347,3,3,1,0.4097103178501129,3.676312208175659,0.2406628578901291,3.8891143798828125,0.18336455523967743,3.9283735752105713,0.13089923560619354,4.089829444885254
1348,3,3,1,0.3818434178829193,3.6654510498046875,0.23167450726032257,3.8783819675445557,0.17833226919174194,3.9248993396759033,0.11471619457006454,4.064280986785889
1349,3,3,1,0.44209131598472595,3.637984037399292,0.25450414419174194,3.8132145404815674,0.21002072095870972,3.8724615573883057,0.1442522257566452,4.0373029708862305
1350,3,3,1,0.44350385665893555,3.6330759525299072,0.25615832209587097,3.7863144874572754,0.2140066921710968,3.8525795936584473,0.15027104318141937,4.043236255645752
1351,3,3,1,0.4126424789428711,3.6710355281829834,0.24053829908370972,3.879404306411743,0.17413704097270966,3.9114162921905518,0.11850287020206451,4.0669355392456055
1352,3,3,1,0.41358914971351624,3.6732282638549805,0.24274054169654846,3.867300271987915,0.18465998768806458,3.904052734375,0.1271723508834839,4.047484874725342
1353,3,3,1,0.43944814801216125,3.6358349323272705,0.25604870915412903,3.787740707397461,0.21001075208187103,3.797912120819092,0.14419244229793549,3.9506564140319824
1354,3,3,1,0.3610391318798065,3.66296124458313,0.24304945766925812,3.8456366062164307,0.21829161047935486,3.8842782974243164,0.14975287020206451,3.972717523574829
1355,3,3,1,0.40478017926216125,3.668073892593384,0.24341318011283875,3.873889446258545,0.17385801672935486,3.8880035877227783,0.11443717777729034,4.060606002807617
1356,3,3,1,0.41121500730514526,3.6614303588867188,0.2471151500940323,3.8487207889556885,0.18978196382522583,3.885009288787842,0.13331075012683868,4.03602933883667
1357,3,3,1,0.3947853446006775,3.678040027618408,0.2416743040084839,3.8829193115234375,0.17965760827064514,3.8944478034973145,0.13125796616077423,4.022927284240723
1358,3,3,1,0.36828362941741943,3.672121047973633,0.24642258882522583,3.8628735542297363,0.20068359375,3.8699538707733154,0.13915018737316132,3.9971354007720947
1359,3,3,1,0.4508504867553711,3.6239867210388184,0.2609514594078064,3.775900363922119,0.2236427664756775,3.8282761573791504,0.15338009595870972,4.011954307556152
1360,3,3,1,0.42713895440101624,3.6544206142425537,0.24746392667293549,3.838625192642212,0.19097775220870972,3.8684580326080322,0.1251993030309677,4.010028839111328
1361,3,3,1,0.41926416754722595,3.672677993774414,0.24486805498600006,3.86153507232666,0.18796834349632263,3.881143093109131,0.1281289905309677,4.007154941558838
1362,3,3,1,0.458251953125,3.6048243045806885,0.26703503727912903,3.717604160308838,0.23640784621238708,3.762434720993042,0.16304607689380646,3.921647787094116
1363,3,3,1,0.4147874414920807,3.6642863750457764,0.24304448068141937,3.872591257095337,0.1768973171710968,3.9158403873443604,0.11822384595870972,4.066587924957275
1364,3,3,1,0.42249032855033875,3.6681957244873047,0.24576489627361298,3.8487815856933594,0.1891741007566452,3.8720500469207764,0.1306401491165161,4.0369181632995605
1365,3,3,1,0.4213543236255646,3.6607916355133057,0.24725964665412903,3.851630210876465,0.1843510866165161,3.8770811557769775,0.12031648308038712,4.02998161315918
1366,3,3,1,0.4499686062335968,3.624512195587158,0.2611357867717743,3.767911434173584,0.2288743555545807,3.830416202545166,0.15874122083187103,3.9884495735168457
1367,3,3,1,0.4199492633342743,3.6688456535339355,0.24570511281490326,3.8546862602233887,0.18829719722270966,3.8760054111480713,0.12663424015045166,4.025023460388184
1368,3,3,1,0.3951440751552582,3.6673874855041504,0.24193836748600006,3.867086887359619,0.17744538187980652,3.8950412273406982,0.12790974974632263,4.027734279632568
1369,3,3,1,0.42303091287612915,3.66562819480896,0.2459641993045807,3.854292392730713,0.19033002853393555,3.8640313148498535,0.12916533648967743,3.992593765258789
1370,3,3,1,0.40289679169654846,3.6577296257019043,0.24679626524448395,3.857872486114502,0.18693199753761292,3.89167857170105,0.1252192258834839,4.054591655731201
1371,3,3,1,0.42218640446662903,3.6656320095062256,0.24514208734035492,3.860450029373169,0.18404217064380646,3.903892993927002,0.12334582209587097,4.043625831604004
1372,3,3,1,0.41460558772087097,3.664992332458496,0.24529655277729034,3.8657784461975098,0.17772440612316132,3.8495655059814453,0.12099409848451614,3.9914345741271973
1373,3,3,1,0.4139578640460968,3.666863203048706,0.2444196343421936,3.859589099884033,0.18257732689380646,3.87856125831604,0.12615592777729034,4.06066370010376
1374,3,3,1,0.42410463094711304,3.660306930541992,0.2458246946334839,3.8500750064849854,0.1867924928665161,3.891704559326172,0.12836813926696777,4.052010536193848
1375,3,3,1,0.3944091796875,3.661935806274414,0.23517218232154846,3.8729448318481445,0.16801856458187103,3.9014294147491455,0.10835857689380646,4.041199207305908
1376,3,3,1,0.42478224635124207,3.6515297889709473,0.24673150479793549,3.8466882705688477,0.19700653851032257,3.8874051570892334,0.1394292116165161,4.070040225982666
1377,3,3,1,0.42691224813461304,3.657604217529297,0.2463030070066452,3.8458549976348877,0.19080835580825806,3.886045455932617,0.12938456237316132,4.059611797332764
1378,3,3,1,0.37926748394966125,3.678851366043091,0.23372727632522583,3.909273147583008,0.17586097121238708,3.9406731128692627,0.11892139166593552,4.113960266113281
1379,3,3,1,0.44193190336227417,3.6289467811584473,0.25597894191741943,3.792802095413208,0.21236248314380646,3.8488104343414307,0.14449138939380646,4.046344757080078
1380,3,3,1,0.4101039171218872,3.6711618900299072,0.24237683415412903,3.880627393722534,0.17289142310619354,3.9122190475463867,0.11322145909070969,4.054743766784668
1381,3,2,0,0.4099295437335968,3.6559929847717285,0.23994538187980652,3.8643839359283447,0.1604452282190323,3.9193217754364014,0.10501036047935486,4.050863742828369
1382,3,3,1,0.4391765892505646,3.639863967895508,0.25431978702545166,3.8046743869781494,0.20440050959587097,3.8403372764587402,0.1368582546710968,4.005096912384033
1383,3,3,1,0.41055482625961304,3.657797336578369,0.24127569794654846,3.864016532897949,0.15907007455825806,3.891937494277954,0.10608657449483871,4.057862281799316
1384,3,3,1,0.43298837542533875,3.633129119873047,0.2550920844078064,3.81091046333313,0.2082768678665161,3.875938892364502,0.14764030277729034,4.074109077453613
1385,3,3,1,0.3965441584587097,3.674825429916382,0.23750896751880646,3.8911032676696777,0.1752331703901291,3.921182870864868,0.1236049085855484,4.064333915710449
1386,3,3,1,0.4244808256626129,3.652010202407837,0.24949178099632263,3.825737953186035,0.1994977593421936,3.8512988090515137,0.13938935101032257,3.990706205368042
1387,3,3,1,0.41172322630882263,3.670077323913574,0.24258111417293549,3.8810155391693115,0.17476482689380646,3.864921808242798,0.12045599520206451,4.000827312469482
1388,3,3,1,0.4578135013580322,3.6108832359313965,0.2679269015789032,3.732640266418457,0.23111645877361298,3.76967191696167,0.15913982689380646,3.9645586013793945
1389,3,1,0,0.3821921646595001,3.633927583694458,0.25866448879241943,3.801675796508789,0.2182716727256775,3.830852746963501,0.16432158648967743,3.887932062149048
1390,3,3,1,0.4262097477912903,3.6617276668548584,0.24773795902729034,3.8576486110687256,0.19376793503761292,3.8857803344726562,0.1320551633834839,4.040295600891113
1391,3,3,1,0.44535982608795166,3.6250901222229004,0.2572345435619354,3.773998498916626,0.21587012708187103,3.8298943042755127,0.14957350492477417,4.01012659072876
1392,3,3,1,0.4209009110927582,3.66790771484375,0.24540118873119354,3.8577752113342285,0.1875,3.903433322906494,0.13038106262683868,4.0629777908325195
1393,3,3,1,0.4248121380805969,3.6591427326202393,0.24723473191261292,3.848874568939209,0.18690210580825806,3.8731071949005127,0.1273716539144516,4.00860595703125
1394,3,3,1,0.41901257634162903,3.6661434173583984,0.24385662376880646,3.8753652572631836,0.18028539419174194,3.8658523559570312,0.12141262739896774,3.9773473739624023
1395,3,3,1,0.40283203125,3.652294397354126,0.24635781347751617,3.843907356262207,0.18716119229793549,3.8430943489074707,0.12713249027729034,3.992788791656494
1396,3,3,1,0.411396861076355,3.679631471633911,0.24174903333187103,3.8829967975616455,0.17895008623600006,3.901381015777588,0.11764588207006454,4.025749683380127
1397,3,3,1,0.4190947711467743,3.674382448196411,0.24171416461467743,3.87296199798584,0.18319514393806458,3.884899854660034,0.12125318497419357,4.010190486907959
1398,3,3,1,0.42722365260124207,3.655684471130371,0.2490583062171936,3.834757089614868,0.18711136281490326,3.866325855255127,0.12398357689380646,4.043079853057861
1399,3,1,0,0.3923588991165161,3.6524672508239746,0.25277024507522583,3.830324172973633,0.2065529227256775,3.861781120300293,0.15144690871238708,3.9738123416900635
1400,3,3,1,0.44202157855033875,3.6408913135528564,0.25732919573783875,3.7945668697357178,0.21873006224632263,3.850432872772217,0.1505301296710968,4.012312889099121
1401,3,3,1,0.41370126605033875,3.673262596130371,0.24241170287132263,3.8738412857055664,0.18607501685619354,3.91104793548584,0.12763074040412903,4.079169273376465
1402,3,3,1,0.39954110980033875,3.6427462100982666,0.2502939701080322,3.827630043029785,0.1893833726644516,3.874664545059204,0.1318359375,4.058351993560791
1403,3,3,1,0.42753008008003235,3.662405252456665,0.24758349359035492,3.847336530685425,0.1884865164756775,3.850436210632324,0.12456154078245163,4.0076799392700195
1404,3,3,1,0.40951600670814514,3.67213773727417,0.24186861515045166,3.882951498031616,0.18135163187980652,3.9036760330200195,0.12798947095870972,4.0672688484191895
1405,3,3,1,0.45406168699264526,3.6132752895355225,0.2650868892669678,3.736260414123535,0.22567561268806458,3.7785136699676514,0.16003666818141937,3.959900379180908
1406,3,3,1,0.44981664419174194,3.6238646507263184,0.2603136897087097,3.761608600616455,0.22200852632522583,3.8245880603790283,0.15463568270206451,3.992138147354126
1407,3,3,1,0.3518315553665161,3.6715664863586426,0.22625358402729034,3.9013874530792236,0.17211414873600006,3.9796202182769775,0.11734693497419357,4.14639949798584
1408,3,3,1,0.4115064740180969,3.6696431636810303,0.23971618711948395,3.8793647289276123,0.17834223806858063,3.8846733570098877,0.1252790093421936,4.05202054977417
1409,3,3,1,0.41851183772087097,3.6599879264831543,0.24657703936100006,3.845602035522461,0.18962252140045166,3.8660991191864014,0.12456154078245163,4.000959873199463
1410,3,3,1,0.4138631820678711,3.672330856323242,0.2433733195066452,3.8736231327056885,0.17510363459587097,3.8680856227874756,0.11264349520206451,4.005484580993652
1411,3,3,1,0.4512241780757904,3.6243810653686523,0.2634526491165161,3.7576026916503906,0.22599449753761292,3.818951368331909,0.15892060101032257,4.009029388427734
1412,3,3,1,0.371913343667984,3.6600687503814697,0.23445969820022583,3.881803035736084,0.17427654564380646,3.929269790649414,0.11585219949483871,4.111130237579346
1413,3,0,0,0.4185168147087097,3.6490988731384277,0.2514747977256775,3.828221559524536,0.1935686320066452,3.872741222381592,0.13645966351032257,4.0017523765563965
1414,3,3,1,0.4085369408130646,3.652984857559204,0.24552574753761292,3.848735809326172,0.1760004758834839,3.873513698577881,0.11772560328245163,4.037920951843262
1415,3,3,1,0.4591836631298065,3.607036590576172,0.26908281445503235,3.713865041732788,0.23467394709587097,3.7558810710906982,0.16511878371238708,3.9174411296844482
1416,3,3,1,0.4264015555381775,3.6603899002075195,0.2477778196334839,3.839935541152954,0.1955217570066452,3.8919525146484375,0.13089923560619354,4.055115699768066
1417,3,3,1,0.44537976384162903,3.635824203491211,0.2575235068798065,3.795689344406128,0.21788305044174194,3.855339527130127,0.15142697095870972,4.0351409912109375
1418,3,3,1,0.4196802079677582,3.667351245880127,0.24254125356674194,3.878715753555298,0.180036261677742,3.9066805839538574,0.1229073628783226,4.080428123474121
1419,3,3,1,0.3933454155921936,3.6611101627349854,0.24381676316261292,3.8685808181762695,0.1789999157190323,3.911874294281006,0.11782525479793549,4.0764546394348145
1420,3,3,1,0.3913250267505646,3.6612067222595215,0.23731963336467743,3.8740944862365723,0.1736985743045807,3.9113073348999023,0.11415816098451614,4.072800159454346
1421,3,3,1,0.4306142330169678,3.6447250843048096,0.25014448165893555,3.8221492767333984,0.19438575208187103,3.8654842376708984,0.13450653851032257,4.065491199493408
1422,3,3,1,0.4200015962123871,3.6596338748931885,0.24535633623600006,3.8457071781158447,0.18762953579425812,3.8347761631011963,0.12631537020206451,3.996371030807495
1423,3,3,1,0.41945600509643555,3.6696560382843018,0.24503247439861298,3.8613228797912598,0.18647360801696777,3.885801315307617,0.12942442297935486,4.031413555145264
1424,3,3,1,0.41037049889564514,3.6756370067596436,0.2399304360151291,3.891267776489258,0.17249281704425812,3.8808202743530273,0.11933992058038712,4.027054309844971
1425,3,3,1,0.44918137788772583,3.619866371154785,0.26035353541374207,3.7654151916503906,0.2195073366165161,3.8130106925964355,0.15473532676696777,3.9851880073547363
1426,3,3,1,0.42155611515045166,3.6704211235046387,0.24570511281490326,3.8623716831207275,0.1826171875,3.8790788650512695,0.11555325239896774,4.025698661804199
1427,3,3,1,0.4075753390789032,3.6819636821746826,0.2414650321006775,3.89404296875,0.16882573068141937,3.862826108932495,0.10995296388864517,3.961754560470581
1428,3,3,1,0.41513869166374207,3.6559829711914062,0.2450474351644516,3.8554959297180176,0.17497408390045166,3.877156972885132,0.11429767310619354,4.0423712730407715
1429,3,3,1,0.3903011381626129,3.672374963760376,0.2336076945066452,3.8931877613067627,0.15703722834587097,3.9362268447875977,0.10341597348451614,4.082867622375488
1430,3,3,1,0.42276185750961304,3.667041778564453,0.24531647562980652,3.8513283729553223,0.18623444437980652,3.86928129196167,0.1223493292927742,4.005864143371582
1431,3,3,1,0.4513661861419678,3.6190240383148193,0.2648128569126129,3.733635663986206,0.23106664419174194,3.773158550262451,0.1595982164144516,3.9188311100006104
1432,3,3,1,0.4109658896923065,3.677367925643921,0.23745416104793549,3.8967645168304443,0.16540776193141937,3.8704137802124023,0.10598692297935486,4.025009632110596
1433,3,3,1,0.39969557523727417,3.663128614425659,0.23978595435619354,3.880002498626709,0.16632454097270966,3.893415689468384,0.10650510340929031,4.065119743347168
1434,3,3,1,0.4056396484375,3.6541359424591064,0.2453264445066452,3.849567413330078,0.19282126426696777,3.883152484893799,0.1425183266401291,4.024332046508789
