index,label,prediction,correct,rate_layer1,com_layer1,rate_layer2,com_layer2,rate_layer3,com_layer3,rate_layer4,com_layer4
0,0,0,1,0.2347760796546936,3.5713119506835938,0.11162707209587097,3.740135669708252,0.19849130511283875,3.7612831592559814,0.1330317258834839,3.755805253982544
1,0,0,1,0.22740204632282257,3.587394952774048,0.111990787088871,3.8197712898254395,0.1779436320066452,3.8086464405059814,0.11158721148967743,3.8485443592071533
2,0,0,1,0.23538891971111298,3.57434344291687,0.12217992544174194,3.7471251487731934,0.19592036306858063,3.7565739154815674,0.12749122083187103,3.7570736408233643
3,0,0,1,0.23910583555698395,3.559736967086792,0.11513472348451614,3.7110092639923096,0.21207349002361298,3.7401089668273926,0.14112325012683868,3.7301228046417236
4,0,0,1,0.24095682799816132,3.557494640350342,0.11738679558038712,3.6971561908721924,0.22011518478393555,3.7245688438415527,0.1469029039144516,3.705874443054199
5,0,0,1,0.2369309961795807,3.5653061866760254,0.11562300473451614,3.7254159450531006,0.21004065871238708,3.771420478820801,0.1371372789144516,3.7668943405151367
6,0,0,1,0.23140046000480652,3.5811424255371094,0.11924026906490326,3.7768678665161133,0.18550701439380646,3.7677266597747803,0.11878188699483871,3.7494966983795166
7,0,0,1,0.23223751783370972,3.5776641368865967,0.1138044074177742,3.7677860260009766,0.19431599974632263,3.7502050399780273,0.13056042790412903,3.758662700653076
8,0,0,1,0.2251599282026291,3.5961873531341553,0.10641541332006454,3.8416049480438232,0.17073899507522583,3.817847490310669,0.10991310328245163,3.826835870742798
9,0,0,1,0.23590460419654846,3.569180727005005,0.11741171032190323,3.745894432067871,0.20202885568141937,3.7755253314971924,0.13458625972270966,3.7749147415161133
10,0,0,1,0.23798230290412903,3.5655410289764404,0.11706293374300003,3.7229623794555664,0.2047991007566452,3.7369112968444824,0.13073979318141937,3.7464938163757324
11,0,0,1,0.24071019887924194,3.5611913204193115,0.11735690385103226,3.7085845470428467,0.21306999027729034,3.7363202571868896,0.13737642765045166,3.7385754585266113
12,0,0,1,0.22185905277729034,3.602092981338501,0.10497548431158066,3.8712801933288574,0.1607142835855484,3.8346974849700928,0.10349569469690323,3.8958213329315186
13,0,0,1,0.2372075319290161,3.5677242279052734,0.11456174403429031,3.7273519039154053,0.20275630056858063,3.73824143409729,0.13069993257522583,3.7146995067596436
14,0,0,1,0.23726731538772583,3.5703635215759277,0.12425262480974197,3.7417995929718018,0.20155054330825806,3.748689889907837,0.13000239431858063,3.752107858657837
15,0,0,1,0.23660464584827423,3.566591262817383,0.11502012610435486,3.7204678058624268,0.205078125,3.7329931259155273,0.1347058266401291,3.724811315536499
16,0,0,1,0.22699347138404846,3.5882656574249268,0.1066545769572258,3.7998225688934326,0.17949816584587097,3.7799923419952393,0.1167689710855484,3.779996633529663
17,0,0,1,0.23792998492717743,3.563288450241089,0.11466138809919357,3.7162907123565674,0.20911391079425812,3.730712413787842,0.13767537474632263,3.735379219055176
18,0,0,1,0.23899373412132263,3.56416916847229,0.11822384595870972,3.7102999687194824,0.21119658648967743,3.735302448272705,0.13600127398967743,3.7277257442474365
19,0,0,1,0.22714544832706451,3.5963828563690186,0.11787009239196777,3.8462188243865967,0.16892537474632263,3.8046839237213135,0.10959422588348389,3.857064962387085
20,0,0,1,0.2235630601644516,3.609126329421997,0.12051080167293549,3.8560383319854736,0.15861168503761292,3.8337626457214355,0.10158243030309677,3.8718855381011963
21,0,0,1,0.23397141695022583,3.5729572772979736,0.11848293989896774,3.749116897583008,0.20042450726032257,3.7566747665405273,0.13285236060619354,3.760876178741455
22,0,0,1,0.23654235899448395,3.565476655960083,0.11515963822603226,3.717474937438965,0.20601482689380646,3.7053303718566895,0.13671875,3.6966471672058105
23,0,0,1,0.23676906526088715,3.5669026374816895,0.11371472477912903,3.7111246585845947,0.2082967907190323,3.706836223602295,0.1383928507566452,3.6938364505767822
24,0,0,1,0.2314104288816452,3.58327054977417,0.11423289775848389,3.793344020843506,0.18556679785251617,3.8037805557250977,0.11947943270206451,3.8338615894317627
25,0,0,1,0.22796256840229034,3.5968680381774902,0.123291015625,3.811072826385498,0.17742545902729034,3.7932040691375732,0.11499521136283875,3.8277297019958496
26,0,0,1,0.22420081496238708,3.5999932289123535,0.115408755838871,3.829944372177124,0.17514349520206451,3.8318161964416504,0.11553332209587097,3.864412546157837
27,0,0,1,0.23867984116077423,3.561591863632202,0.11753128468990326,3.7180466651916504,0.21458466351032257,3.742964506149292,0.14074458181858063,3.739450693130493
28,0,0,1,0.23913323879241943,3.570559501647949,0.1278698891401291,3.726426124572754,0.2077387571334839,3.7445197105407715,0.13600127398967743,3.731682300567627
29,0,0,1,0.22049136459827423,3.6085619926452637,0.11753128468990326,3.8525583744049072,0.16590601205825806,3.847198009490967,0.10983338207006454,3.880239486694336
30,0,0,1,0.23624591529369354,3.569286346435547,0.11679388582706451,3.734311580657959,0.20734015107154846,3.7603211402893066,0.13855229318141937,3.737485647201538
31,0,0,1,0.2386648952960968,3.5626916885375977,0.11565788090229034,3.703183650970459,0.2094029039144516,3.729656457901001,0.13687819242477417,3.743302345275879
32,0,0,1,0.22395667433738708,3.60243821144104,0.1142578125,3.8477673530578613,0.16447106003761292,3.806725263595581,0.10985331237316132,3.855224847793579
33,0,0,1,0.23761609196662903,3.573457956314087,0.1276157945394516,3.747393846511841,0.20147082209587097,3.753190279006958,0.1296835094690323,3.7448902130126953
34,0,0,1,0.2396862953901291,3.561842679977417,0.11857760697603226,3.7090632915496826,0.21762396395206451,3.738129138946533,0.14004702866077423,3.7200796604156494
35,0,0,1,0.22635571658611298,3.6031739711761475,0.12361985445022583,3.835355281829834,0.16829758882522583,3.795665740966797,0.11057078838348389,3.791276216506958
36,0,0,1,0.22694863379001617,3.594419240951538,0.11339086294174194,3.8218209743499756,0.17695710062980652,3.8191800117492676,0.11415816098451614,3.855970621109009
37,0,0,1,0.23807945847511292,3.56585431098938,0.12097915261983871,3.717268705368042,0.20839643478393555,3.727346658706665,0.1355428844690323,3.739744186401367
38,0,0,1,0.233136847615242,3.5756707191467285,0.11375457793474197,3.7545881271362305,0.1999262571334839,3.7666850090026855,0.1320352405309677,3.7551698684692383
39,0,0,1,0.22967404127120972,3.593689441680908,0.12586195766925812,3.810656785964966,0.17405731976032257,3.803572416305542,0.11154735088348389,3.7945327758789062
40,0,0,1,0.2322748899459839,3.5763485431671143,0.11487065255641937,3.7567121982574463,0.19456513226032257,3.7559027671813965,0.1296037882566452,3.750422954559326
41,0,0,1,0.23616120219230652,3.574110984802246,0.11805444955825806,3.7624714374542236,0.19968709349632263,3.771894693374634,0.12864716351032257,3.7739737033843994
42,0,0,1,0.21586266160011292,3.615910053253174,0.10045639425516129,3.915534257888794,0.1420200914144516,3.8365843296051025,0.09149792790412903,3.864081859588623
43,0,0,1,0.23561811447143555,3.572875499725342,0.12162686884403229,3.74519681930542,0.20555643737316132,3.748642683029175,0.13416773080825806,3.740790367126465
44,0,0,1,0.2326759696006775,3.5751194953918457,0.11301219463348389,3.771845579147339,0.19257214665412903,3.7730400562286377,0.12745137512683868,3.7745113372802734
45,0,0,1,0.23608148097991943,3.5675723552703857,0.11723233759403229,3.7374303340911865,0.2008230984210968,3.7395424842834473,0.1319754421710968,3.736635446548462
46,0,0,1,0.22988829016685486,3.5913479328155518,0.12120336294174194,3.7919921875,0.18064412474632263,3.8028464317321777,0.1157924085855484,3.8044750690460205
47,0,0,1,0.22547881305217743,3.6007137298583984,0.11954420059919357,3.8408701419830322,0.17146643996238708,3.8218748569488525,0.1134207546710968,3.891583204269409
48,0,0,1,0.23966138064861298,3.5636889934539795,0.11622588336467743,3.703991174697876,0.21517258882522583,3.722271203994751,0.14162148535251617,3.723754644393921
49,0,0,1,0.22486098110675812,3.5939443111419678,0.10572783648967743,3.8267199993133545,0.16660355031490326,3.77002215385437,0.10746173560619354,3.802855968475342
50,0,0,1,0.23595692217350006,3.571577787399292,0.12038125842809677,3.739870071411133,0.20129145681858063,3.753415822982788,0.13181599974632263,3.7476565837860107
51,0,0,1,0.23044632375240326,3.5727598667144775,0.11054587364196777,3.746337890625,0.1958107352256775,3.764274835586548,0.1316167116165161,3.729557752609253
52,0,0,1,0.2269735485315323,3.589832067489624,0.10740692913532257,3.804471969604492,0.17923907935619354,3.7598822116851807,0.11595184355974197,3.7256789207458496
53,0,0,1,0.2349504679441452,3.572573661804199,0.11578243970870972,3.751828908920288,0.19974689185619354,3.7593913078308105,0.13077965378761292,3.7532763481140137
54,0,0,1,0.2284807413816452,3.5904440879821777,0.10952447354793549,3.8158493041992188,0.17444594204425812,3.782188892364502,0.10841836780309677,3.748897075653076
55,0,0,1,0.2263881117105484,3.5953738689422607,0.11381935328245163,3.82511830329895,0.17290137708187103,3.808483600616455,0.11393893510103226,3.858492136001587
56,0,0,1,0.24128566682338715,3.5611228942871094,0.11812420189380646,3.688375234603882,0.22500796616077423,3.7119574546813965,0.14568717777729034,3.7196991443634033
57,0,0,1,0.23637793958187103,3.5626344680786133,0.11608139425516129,3.7013907432556152,0.21718549728393555,3.728515625,0.14738121628761292,3.7304935455322266
58,0,0,1,0.23397639393806458,3.571699380874634,0.11345065385103226,3.7417216300964355,0.20449018478393555,3.756932020187378,0.13374920189380646,3.759648323059082
59,0,0,1,0.23178412020206451,3.5798580646514893,0.11747150123119354,3.7655341625213623,0.19366829097270966,3.7556469440460205,0.12924505770206451,3.770393133163452
60,0,0,1,0.22661979496479034,3.598414897918701,0.11667430400848389,3.8270914554595947,0.17437618970870972,3.8178181648254395,0.11144769936800003,3.8320815563201904
61,0,0,1,0.24194085597991943,3.5551860332489014,0.11768574267625809,3.692887306213379,0.22082270681858063,3.7228338718414307,0.14526864886283875,3.6994099617004395
62,0,0,1,0.2205212563276291,3.6048080921173096,0.10597197711467743,3.877803325653076,0.16048508882522583,3.8412294387817383,0.10068558156490326,3.8703484535217285
63,0,0,1,0.23218271136283875,3.5778112411499023,0.11671416461467743,3.75935959815979,0.19437579810619354,3.7772481441497803,0.12844786047935486,3.7878975868225098
64,0,0,1,0.23818658292293549,3.5675766468048096,0.12211017310619354,3.731924295425415,0.21536192297935486,3.7369515895843506,0.1431361585855484,3.7055137157440186
65,0,0,1,0.24116858839988708,3.5620875358581543,0.12335578352212906,3.7153244018554688,0.21528220176696777,3.726902484893799,0.1354631632566452,3.732823371887207
66,0,0,1,0.23863749206066132,3.5744903087615967,0.12738659977912903,3.740525007247925,0.20502829551696777,3.7626731395721436,0.13468590378761292,3.739419937133789
67,0,0,1,0.2271902859210968,3.5983266830444336,0.11960897594690323,3.8271265029907227,0.1677694469690323,3.8175933361053467,0.10558832436800003,3.823707103729248
68,0,0,1,0.231305792927742,3.5737979412078857,0.11154236644506454,3.74833607673645,0.20050421357154846,3.7568211555480957,0.13265305757522583,3.772686243057251
69,0,0,1,0.2325688600540161,3.572502851486206,0.10998784005641937,3.771461009979248,0.1928013414144516,3.7611639499664307,0.12703284621238708,3.7386257648468018
70,0,0,1,0.22684399783611298,3.591925859451294,0.1113978773355484,3.8195276260375977,0.17959780991077423,3.816401243209839,0.11294244229793549,3.8233633041381836
71,0,0,1,0.22485600411891937,3.597259044647217,0.11295738816261292,3.8342816829681396,0.16814811527729034,3.7971434593200684,0.10694355517625809,3.8499813079833984
72,0,0,1,0.23129084706306458,3.5780789852142334,0.11441724747419357,3.77699875831604,0.18480946123600006,3.751213312149048,0.12051577866077423,3.7504546642303467
73,0,0,1,0.23882682621479034,3.5705926418304443,0.12548328936100006,3.7346832752227783,0.20556640625,3.735517978668213,0.13653938472270966,3.7377026081085205
74,0,0,1,0.2208949476480484,3.602555513381958,0.10572783648967743,3.8678605556488037,0.1589006632566452,3.828232765197754,0.10090481489896774,3.8810982704162598
75,0,0,1,0.23195600509643555,3.5762600898742676,0.11644012480974197,3.7496790885925293,0.20044443011283875,3.748396635055542,0.1366589516401291,3.758786678314209
76,0,0,1,0.23872967064380646,3.562591314315796,0.11602160334587097,3.7208194732666016,0.21292051672935486,3.7410025596618652,0.13821348547935486,3.735544443130493
77,0,0,1,0.21923328936100006,3.6153383255004883,0.11716756969690323,3.8856098651885986,0.15219427645206451,3.813789129257202,0.10054607689380646,3.8780970573425293
78,0,0,1,0.23285284638404846,3.571547746658325,0.11824377626180649,3.7462077140808105,0.19965720176696777,3.763226270675659,0.13432715833187103,3.7532641887664795
79,0,0,1,0.22112911939620972,3.600531816482544,0.10302734375,3.8678789138793945,0.15587133169174194,3.7822530269622803,0.10122369229793549,3.8166961669921875
80,0,0,1,0.2209397852420807,3.5997610092163086,0.10540895909070969,3.845670223236084,0.16296635568141937,3.7879416942596436,0.10538902878761292,3.7878215312957764
81,0,0,1,0.2354910671710968,3.5676729679107666,0.11292749643325806,3.7109198570251465,0.20923349261283875,3.709815740585327,0.13865193724632263,3.714963436126709
82,0,0,1,0.23189124464988708,3.573660135269165,0.11220503598451614,3.7640318870544434,0.19140625,3.771761655807495,0.12729193270206451,3.7731330394744873
83,0,1,0,0.2584128677845001,3.538856029510498,0.13428731262683868,3.6119027137756348,0.28680044412612915,3.6483442783355713,0.1860451102256775,3.6257097721099854
84,0,0,1,0.2391357421875,3.5602192878723145,0.1158621609210968,3.7133827209472656,0.20797792077064514,3.7341766357421875,0.13550302386283875,3.7290778160095215
85,0,0,1,0.22979611158370972,3.588289499282837,0.11227478832006454,3.801011800765991,0.1823979616165161,3.804250478744507,0.11633051186800003,3.830734968185425
86,0,0,1,0.23228734731674194,3.5743656158447266,0.1172223761677742,3.7580652236938477,0.19337929785251617,3.749922752380371,0.13199537992477417,3.735769271850586
87,0,0,1,0.22259894013404846,3.6025986671447754,0.11097437143325806,3.872670888900757,0.15683792531490326,3.8031005859375,0.09841357916593552,3.8074119091033936
88,0,0,1,0.21962690353393555,3.6067490577697754,0.10584243386983871,3.8731818199157715,0.16079400479793549,3.876239538192749,0.10371492058038712,3.9014220237731934
89,0,0,1,0.23636798560619354,3.574978828430176,0.1277552992105484,3.742443799972534,0.19765424728393555,3.72588849067688,0.12990273535251617,3.72031307220459
90,0,0,1,0.23437249660491943,3.5736775398254395,0.11559311300516129,3.7442240715026855,0.20175980031490326,3.7319602966308594,0.13165657222270966,3.726914882659912
91,0,0,1,0.22003546357154846,3.610060691833496,0.11124341934919357,3.8835043907165527,0.14533840119838715,3.839012622833252,0.09243462979793549,3.86826229095459
92,0,0,1,0.22344347834587097,3.597935199737549,0.10426797717809677,3.8556411266326904,0.15992705523967743,3.821234941482544,0.10433274507522583,3.8924546241760254
93,0,0,1,0.2300676554441452,3.5835344791412354,0.12080476433038712,3.778231382369995,0.19079838693141937,3.7908811569213867,0.12601642310619354,3.8129053115844727
94,0,0,1,0.22432537376880646,3.600137710571289,0.11364994943141937,3.8387110233306885,0.1692342907190323,3.807631254196167,0.11084980517625809,3.855447769165039
95,0,0,1,0.23761358857154846,3.5617215633392334,0.11518454551696777,3.719482660293579,0.205078125,3.733527660369873,0.13739636540412903,3.723817825317383
96,0,0,1,0.22228007018566132,3.5975120067596436,0.10545380413532257,3.8551383018493652,0.1662846803665161,3.811889410018921,0.10664460808038712,3.8293776512145996
97,0,0,1,0.23295001685619354,3.5736300945281982,0.11471619457006454,3.761683464050293,0.19577088952064514,3.770538568496704,0.1317761391401291,3.7664852142333984
98,0,0,1,0.2255610227584839,3.5970046520233154,0.11041135340929031,3.8403429985046387,0.17134685814380646,3.7970340251922607,0.10893654078245163,3.8093669414520264
99,0,0,1,0.23394650220870972,3.5723581314086914,0.11577746272087097,3.7491931915283203,0.20045439898967743,3.778434991836548,0.13073979318141937,3.797560930252075
100,0,0,1,0.23794493079185486,3.5632951259613037,0.11339584738016129,3.7197153568267822,0.20727039873600006,3.736394166946411,0.13679847121238708,3.7195513248443604
101,0,0,1,0.2380121946334839,3.565951347351074,0.11491549760103226,3.719432830810547,0.20727039873600006,3.742067337036133,0.1350446343421936,3.7492620944976807
102,0,0,1,0.23791253566741943,3.56327748298645,0.1158272847533226,3.7128660678863525,0.20970185101032257,3.7334632873535156,0.1375558078289032,3.7294986248016357
103,0,0,1,0.236432746052742,3.568552017211914,0.11595682799816132,3.728440761566162,0.20435068011283875,3.737309217453003,0.1345463991165161,3.7281885147094727
104,0,0,1,0.22616389393806458,3.5923290252685547,0.11240433156490326,3.8112144470214844,0.1785016655921936,3.817004442214966,0.11433752626180649,3.8044273853302
105,0,0,1,0.24145257472991943,3.5559372901916504,0.11815409362316132,3.6825504302978516,0.21893933415412903,3.697601318359375,0.140625,3.6995465755462646
106,0,0,1,0.22417590022087097,3.598715305328369,0.10851303488016129,3.852242946624756,0.16418208181858063,3.8375213146209717,0.10140305757522583,3.858687162399292
107,0,0,1,0.23378705978393555,3.570862293243408,0.11550342291593552,3.746311902999878,0.20604471862316132,3.752091646194458,0.14074458181858063,3.7519116401672363
108,0,0,1,0.22623863816261292,3.599268913269043,0.12228455394506454,3.8267123699188232,0.16826769709587097,3.805460214614868,0.10801976919174194,3.8525829315185547
109,0,0,1,0.22502291202545166,3.6036579608917236,0.11815907806158066,3.8411552906036377,0.16846700012683868,3.8204188346862793,0.10752151906490326,3.8309545516967773
110,0,0,1,0.22156508266925812,3.6004858016967773,0.10662467777729034,3.849719524383545,0.16717155277729034,3.8202788829803467,0.1116071417927742,3.820178508758545
111,0,0,1,0.23917560279369354,3.562708854675293,0.11560805886983871,3.70469331741333,0.2122727930545807,3.7225613594055176,0.1404057741165161,3.714123487472534
112,0,0,1,0.23138053715229034,3.5826354026794434,0.1211635023355484,3.7745702266693115,0.1862444132566452,3.7542002201080322,0.12320630997419357,3.7816240787506104
113,0,0,1,0.2329275906085968,3.5759527683258057,0.12583206593990326,3.7686002254486084,0.19813257455825806,3.7665343284606934,0.13251355290412903,3.754098415374756
114,0,0,1,0.23416075110435486,3.5740792751312256,0.12103395909070969,3.754610538482666,0.19895966351032257,3.738555431365967,0.13233418762683868,3.745331287384033
115,0,0,1,0.23875458538532257,3.567228078842163,0.11940469592809677,3.7145838737487793,0.20777861773967743,3.7318594455718994,0.13663902878761292,3.740081787109375
116,0,0,1,0.23369239270687103,3.571871757507324,0.1134905144572258,3.7532706260681152,0.1957409828901291,3.7470345497131348,0.1286870241165161,3.757472515106201
117,0,0,1,0.23428530991077423,3.573040246963501,0.11278299987316132,3.748056173324585,0.20034478604793549,3.772742986679077,0.1319754421710968,3.760193347930908
118,0,0,1,0.23449456691741943,3.577277660369873,0.12685845792293549,3.767683982849121,0.2004643678665161,3.780782461166382,0.12661431729793549,3.756335496902466
119,0,0,1,0.22683653235435486,3.5942628383636475,0.11085977405309677,3.8112359046936035,0.18063417077064514,3.795332908630371,0.1170479878783226,3.7750723361968994
120,0,0,1,0.22698351740837097,3.5922646522521973,0.10879702866077423,3.8248305320739746,0.17344945669174194,3.780707836151123,0.111746646463871,3.80310320854187
121,0,0,1,0.21702855825424194,3.6154253482818604,0.10773078352212906,3.9038479328155518,0.14923469722270966,3.854700803756714,0.09693877398967743,3.909128189086914
122,0,0,1,0.23804956674575806,3.5696301460266113,0.12749621272087097,3.7295713424682617,0.20994099974632263,3.7412664890289307,0.14461097121238708,3.7347023487091064
123,0,0,1,0.2340959757566452,3.5725672245025635,0.1155831441283226,3.742520809173584,0.19958744943141937,3.7574517726898193,0.1331712305545807,3.7701287269592285
124,0,0,1,0.23736944794654846,3.5708212852478027,0.11732202768325806,3.7335116863250732,0.20708106458187103,3.7410614490509033,0.13213488459587097,3.7227752208709717
125,0,0,1,0.22173698246479034,3.61492919921875,0.12004245072603226,3.8632798194885254,0.15654894709587097,3.79815411567688,0.10116390138864517,3.817572832107544
126,0,0,1,0.21921585500240326,3.614193916320801,0.1167340949177742,3.880362033843994,0.15372887253761292,3.8813767433166504,0.095145083963871,3.93611216545105
127,0,0,1,0.22360041737556458,3.600713014602661,0.10598193854093552,3.8612194061279297,0.16589604318141937,3.8238227367401123,0.10325653851032257,3.8411502838134766
128,0,0,1,0.23082250356674194,3.5826191902160645,0.12092932313680649,3.7799019813537598,0.18221858143806458,3.7627146244049072,0.12075494229793549,3.7544150352478027
129,0,0,1,0.22312459349632263,3.6009557247161865,0.10689373314380646,3.861797332763672,0.16652382910251617,3.8442342281341553,0.10975366830825806,3.8932268619537354
130,0,0,1,0.23634804785251617,3.5698626041412354,0.11570770293474197,3.738922595977783,0.20522759854793549,3.782665729522705,0.1317761391401291,3.7654263973236084
131,0,0,1,0.2276262491941452,3.5922558307647705,0.11022699624300003,3.8360981941223145,0.1750239133834839,3.826463222503662,0.11005261540412903,3.828141927719116
132,0,0,1,0.24020446836948395,3.5626633167266846,0.11685366928577423,3.7043874263763428,0.21194395422935486,3.7328035831451416,0.13675861060619354,3.74045467376709
133,0,0,1,0.23239944875240326,3.5778510570526123,0.11245913803577423,3.7628371715545654,0.20042450726032257,3.779893636703491,0.13191565871238708,3.7836530208587646
134,0,0,1,0.23746411502361298,3.5687787532806396,0.11616609245538712,3.7256271839141846,0.2099708914756775,3.754401683807373,0.1394491344690323,3.7350292205810547
135,0,0,1,0.22591975331306458,3.600302219390869,0.12330596148967743,3.8258039951324463,0.1713269203901291,3.8038737773895264,0.11549346148967743,3.8193271160125732
136,0,0,1,0.2413255274295807,3.560225009918213,0.11687858402729034,3.69281268119812,0.220075324177742,3.7180891036987305,0.14558753371238708,3.73018479347229
137,0,0,1,0.22396911680698395,3.6143956184387207,0.1253587305545807,3.8759937286376953,0.1599469780921936,3.8358981609344482,0.10375478118658066,3.8663082122802734
138,0,0,1,0.21925820410251617,3.620699405670166,0.1197335347533226,3.884232759475708,0.14672352373600006,3.8198859691619873,0.09733737260103226,3.8603603839874268
139,0,0,1,0.2263881117105484,3.598961114883423,0.11466138809919357,3.83626651763916,0.16909478604793549,3.7989275455474854,0.11027184128761292,3.8458340167999268
140,0,0,1,0.23488320410251617,3.569375514984131,0.11282286047935486,3.7421834468841553,0.19979670643806458,3.7672817707061768,0.12996253371238708,3.763993263244629
141,0,0,1,0.2362932413816452,3.56466007232666,0.11217514425516129,3.7397618293762207,0.20711097121238708,3.7634236812591553,0.13915018737316132,3.766542434692383
142,0,0,1,0.238263800740242,3.5667967796325684,0.12055563926696777,3.711646556854248,0.21009047329425812,3.7330076694488525,0.13745614886283875,3.7426416873931885
143,0,0,1,0.2333909571170807,3.5810108184814453,0.12459641695022583,3.757308006286621,0.19366829097270966,3.7506561279296875,0.1270926296710968,3.7378077507019043
144,0,0,1,0.2353515625,3.575831890106201,0.11755619943141937,3.760150909423828,0.19596020877361298,3.767353057861328,0.12627550959587097,3.779356002807617
145,0,0,1,0.2376883327960968,3.565150499343872,0.11494040489196777,3.7177164554595947,0.20408162474632263,3.708544969558716,0.13408800959587097,3.722205638885498
146,0,0,1,0.23532913625240326,3.5686142444610596,0.11305703967809677,3.74985671043396,0.19514308869838715,3.7524893283843994,0.1268933266401291,3.7213759422302246
147,0,0,1,0.22031697630882263,3.6030280590057373,0.10457190126180649,3.862016439437866,0.16195990145206451,3.790315628051758,0.10712292790412903,3.7949767112731934
148,0,0,1,0.2343226820230484,3.5775418281555176,0.11579739302396774,3.744460105895996,0.20015545189380646,3.7737228870391846,0.13147719204425812,3.799302816390991
149,0,0,1,0.23711036145687103,3.5731260776519775,0.1160016730427742,3.7388110160827637,0.20185944437980652,3.742656946182251,0.12824855744838715,3.7595958709716797
150,0,0,1,0.23108159005641937,3.58758282661438,0.12193578481674194,3.802394390106201,0.18371333181858063,3.79252552986145,0.11820392310619354,3.819591999053955
151,0,0,1,0.23943966627120972,3.563659429550171,0.11557318270206451,3.7042593955993652,0.21054886281490326,3.715604066848755,0.13781489431858063,3.727982759475708
152,0,0,1,0.22984345257282257,3.595874786376953,0.12361487001180649,3.8071341514587402,0.17837212979793549,3.8211731910705566,0.11639030277729034,3.815239667892456
153,0,0,1,0.23557327687740326,3.565560817718506,0.11229970306158066,3.731443166732788,0.20812739431858063,3.774538040161133,0.14086414873600006,3.7750425338745117
154,0,0,1,0.23746661841869354,3.5645031929016113,0.11577247828245163,3.7271475791931152,0.20130141079425812,3.7472896575927734,0.13000239431858063,3.752567768096924
155,0,0,1,0.22531189024448395,3.6041219234466553,0.11988799273967743,3.8594465255737305,0.16656368970870972,3.849656105041504,0.10395407676696777,3.8707821369171143
156,0,0,1,0.2315150648355484,3.5790793895721436,0.11776047945022583,3.792849540710449,0.1872907280921936,3.8004255294799805,0.12476083636283875,3.808785915374756
157,0,0,1,0.2243826687335968,3.6037261486053467,0.11906090378761292,3.8370437622070312,0.17030054330825806,3.8266823291778564,0.11322145909070969,3.8957929611206055
158,0,0,1,0.2232416868209839,3.5998036861419678,0.10819415748119354,3.848952293395996,0.1652582883834839,3.806922435760498,0.10313695669174194,3.8104348182678223
159,0,0,1,0.23625338077545166,3.571577787399292,0.12158203125,3.7405951023101807,0.20251713693141937,3.752251148223877,0.13251355290412903,3.7667317390441895
160,0,0,1,0.23061323165893555,3.58105206489563,0.11705795675516129,3.777134656906128,0.18692202866077423,3.780733585357666,0.12418287247419357,3.7940940856933594
161,0,0,1,0.22945481538772583,3.596102237701416,0.12332090735435486,3.8182296752929688,0.16961295902729034,3.814993143081665,0.10871731489896774,3.828047752380371
162,0,0,1,0.2235032618045807,3.595289468765259,0.10371990501880646,3.834077835083008,0.16961295902729034,3.804300546646118,0.11043127626180649,3.79660701751709
163,0,0,1,0.23546864092350006,3.5666584968566895,0.11285275965929031,3.734966993331909,0.20272639393806458,3.75009822845459,0.1337890625,3.7470579147338867
164,0,0,1,0.23838837444782257,3.5652778148651123,0.11743661761283875,3.721680164337158,0.21432557702064514,3.758601427078247,0.14152184128761292,3.7667934894561768
165,0,0,1,0.235578253865242,3.5669660568237305,0.11258868873119354,3.7420010566711426,0.20259685814380646,3.7594807147979736,0.13673867285251617,3.754263162612915
166,0,0,1,0.23703812062740326,3.5717244148254395,0.11879683285951614,3.7436983585357666,0.20342394709587097,3.7374839782714844,0.13283242285251617,3.7435858249664307
167,0,0,1,0.22705078125,3.593076467514038,0.11626574397087097,3.817784547805786,0.17716637253761292,3.838573694229126,0.11292251199483871,3.8757500648498535
168,0,0,1,0.23756875097751617,3.5703530311584473,0.12278778105974197,3.7357165813446045,0.20767895877361298,3.7443020343780518,0.13827326893806458,3.7399826049804688
169,0,0,1,0.22899891436100006,3.589630365371704,0.12164679914712906,3.787630558013916,0.18622449040412903,3.7691030502319336,0.12525908648967743,3.8004772663116455
170,0,0,1,0.23202826082706451,3.5861518383026123,0.12219985574483871,3.7837398052215576,0.18667291104793549,3.8056371212005615,0.11989795416593552,3.8257977962493896
171,0,0,1,0.23835597932338715,3.5637450218200684,0.11854273080825806,3.7229740619659424,0.2133888602256775,3.7376949787139893,0.14166134595870972,3.745779514312744
172,0,0,1,0.23249909281730652,3.579907178878784,0.12054567784070969,3.773042917251587,0.1893833726644516,3.7636938095092773,0.12743143737316132,3.7810447216033936
173,0,0,1,0.23830865323543549,3.562079906463623,0.11497030407190323,3.7119827270507812,0.210797980427742,3.7333364486694336,0.13833306729793549,3.718196153640747
174,0,0,1,0.24081732332706451,3.5553970336914062,0.11636041104793549,3.6916587352752686,0.22076290845870972,3.7305679321289062,0.14692282676696777,3.718529462814331
175,0,0,1,0.22790028154850006,3.592975616455078,0.11896125227212906,3.811819314956665,0.1760004758834839,3.797701358795166,0.11615114659070969,3.829272508621216
176,0,0,1,0.23714026808738708,3.5660994052886963,0.11409837007522583,3.707860231399536,0.21179448068141937,3.721134901046753,0.1405652016401291,3.728909730911255
177,0,0,1,0.23832857608795166,3.561060667037964,0.11711276322603226,3.712529182434082,0.21277104318141937,3.7458786964416504,0.1404854953289032,3.745070219039917
178,0,0,1,0.2421800196170807,3.556129217147827,0.123779296875,3.6976613998413086,0.2201550453901291,3.725252389907837,0.14463089406490326,3.7368059158325195
179,0,0,1,0.22316694259643555,3.598742961883545,0.1064453125,3.857423782348633,0.16593590378761292,3.80482816696167,0.10977359116077423,3.8342411518096924
180,0,0,1,0.2251499742269516,3.603228807449341,0.12120834738016129,3.8446993827819824,0.16377350687980652,3.8102221488952637,0.10381457209587097,3.8350930213928223
181,0,0,1,0.22606424987316132,3.5921051502227783,0.1064104363322258,3.8315305709838867,0.17384804785251617,3.8098130226135254,0.10865752398967743,3.8013572692871094
182,0,0,1,0.22387446463108063,3.6002447605133057,0.10870734602212906,3.860848903656006,0.16163106262683868,3.8070900440216064,0.10132333636283875,3.833988904953003
183,0,0,1,0.22977368533611298,3.5890841484069824,0.11787507683038712,3.793811798095703,0.19088807702064514,3.782470226287842,0.12579719722270966,3.7789924144744873
184,0,0,1,0.23706303536891937,3.571296453475952,0.12530392408370972,3.7272655963897705,0.20518773794174194,3.735515594482422,0.13558274507522583,3.72365140914917
185,0,0,1,0.2344098687171936,3.5693881511688232,0.11601163446903229,3.738919496536255,0.19974689185619354,3.7443251609802246,0.13502471148967743,3.7306272983551025
186,0,0,1,0.2386125773191452,3.565216541290283,0.11928511410951614,3.71095609664917,0.21096739172935486,3.733597755432129,0.13570232689380646,3.7168452739715576
187,0,0,1,0.22057606279850006,3.6052112579345703,0.10254403948783875,3.8651182651519775,0.16031569242477417,3.806128740310669,0.10168207436800003,3.818110466003418
188,0,0,1,0.2330944985151291,3.5735630989074707,0.11270826309919357,3.7618584632873535,0.19382771849632263,3.7831473350524902,0.12872688472270966,3.771017074584961
189,0,0,1,0.23638293147087097,3.577197790145874,0.12627051770687103,3.762577533721924,0.19808274507522583,3.768437385559082,0.13137754797935486,3.7571299076080322
190,0,0,1,0.2215227335691452,3.6000044345855713,0.10936503112316132,3.867152690887451,0.1574457883834839,3.8274049758911133,0.10216039419174194,3.8620758056640625
191,0,0,1,0.22162237763404846,3.599060297012329,0.10493562370538712,3.8605480194091797,0.16267737746238708,3.84820818901062,0.10383450239896774,3.8942418098449707
192,0,0,1,0.22649523615837097,3.5997889041900635,0.11626075953245163,3.8324334621429443,0.16850684583187103,3.8205204010009766,0.10626593977212906,3.85577654838562
193,0,0,1,0.23756128549575806,3.562023401260376,0.11505500227212906,3.7029707431793213,0.20754942297935486,3.704148292541504,0.13915018737316132,3.7121169567108154
194,0,0,1,0.23052604496479034,3.5806450843811035,0.108816958963871,3.7719321250915527,0.1889747977256775,3.7687196731567383,0.12466119229793549,3.7581136226654053
195,0,0,1,0.24121840298175812,3.5587284564971924,0.11762097477912903,3.706951379776001,0.21754424273967743,3.7404608726501465,0.14305643737316132,3.7382278442382812
196,0,0,1,0.23392906785011292,3.575627565383911,0.11191107332706451,3.740528106689453,0.19764429330825806,3.7445294857025146,0.13014189898967743,3.7558958530426025
197,0,0,1,0.2396588921546936,3.5615222454071045,0.11727219820022583,3.7077367305755615,0.21439532935619354,3.7323262691497803,0.1395886391401291,3.7164478302001953
198,0,0,1,0.22403140366077423,3.6021928787231445,0.11388412863016129,3.848055362701416,0.16541773080825806,3.818011999130249,0.10790018737316132,3.8389360904693604
199,0,0,1,0.23779794573783875,3.567833662033081,0.12265326082706451,3.7357516288757324,0.20297552645206451,3.7532525062561035,0.12970344722270966,3.7630608081817627
200,0,0,1,0.22526954114437103,3.6000773906707764,0.1093401238322258,3.843290090560913,0.16453084349632263,3.8239355087280273,0.10166214406490326,3.8590471744537354
201,0,0,1,0.23928022384643555,3.561692476272583,0.118094302713871,3.704202175140381,0.21460458636283875,3.720235824584961,0.13823340833187103,3.728229522705078
202,0,0,1,0.21742963790893555,3.6133389472961426,0.09992825239896774,3.901824951171875,0.14589643478393555,3.8218019008636475,0.08976402878761292,3.8292629718780518
203,0,0,1,0.22347088158130646,3.608719825744629,0.12001753598451614,3.8643722534179688,0.15202486515045166,3.855466604232788,0.09943000227212906,3.8398475646972656
204,0,0,1,0.23342084884643555,3.57144832611084,0.1162458136677742,3.7437744140625,0.20377270877361298,3.765172004699707,0.13492506742477417,3.760118246078491
205,0,0,1,0.2194226235151291,3.6054065227508545,0.10940489172935486,3.870070219039917,0.16272719204425812,3.823943614959717,0.10758130997419357,3.8745832443237305
206,0,0,1,0.21880729496479034,3.604285478591919,0.1061662957072258,3.880185842514038,0.16063456237316132,3.8382134437561035,0.10431281477212906,3.8794422149658203
207,0,0,1,0.23933005332946777,3.563657283782959,0.114676333963871,3.7120697498321533,0.20805762708187103,3.7178025245666504,0.13719706237316132,3.7155723571777344
208,0,0,1,0.2373744398355484,3.5680177211761475,0.12057556957006454,3.7352066040039062,0.2008928507566452,3.7543649673461914,0.12954400479793549,3.754923105239868
209,0,0,1,0.226911261677742,3.590531826019287,0.10797492414712906,3.8177287578582764,0.17747528851032257,3.800224542617798,0.11278299987316132,3.8144547939300537
210,0,0,1,0.2349504679441452,3.572202682495117,0.11656469106674194,3.748236894607544,0.2047293484210968,3.7651009559631348,0.13540337979793549,3.7700912952423096
211,0,0,1,0.23972366750240326,3.5616095066070557,0.11536890268325806,3.710559368133545,0.21304009854793549,3.7338509559631348,0.14066486060619354,3.7317936420440674
212,0,0,1,0.23699577152729034,3.567842483520508,0.11647998541593552,3.740140199661255,0.20126155018806458,3.746100902557373,0.1290457546710968,3.7442471981048584
213,0,0,1,0.22730737924575806,3.5939085483551025,0.11291254311800003,3.8144471645355225,0.17444594204425812,3.79349946975708,0.11011239886283875,3.8133935928344727
214,0,0,1,0.22790776193141937,3.5927813053131104,0.11239437013864517,3.822324752807617,0.17300103604793549,3.823800563812256,0.10829878598451614,3.8406331539154053
215,0,0,1,0.2188645899295807,3.6116626262664795,0.10795997828245163,3.8850839138031006,0.15490473806858063,3.818140983581543,0.09901148080825806,3.850442886352539
216,0,0,1,0.22793516516685486,3.594939708709717,0.11923529207706451,3.801596164703369,0.17683753371238708,3.785134792327881,0.11489556729793549,3.8102340698242188
217,0,0,1,0.23826879262924194,3.5647354125976562,0.11625577509403229,3.7267818450927734,0.2047293484210968,3.7378923892974854,0.13285236060619354,3.71407151222229
218,0,0,1,0.2394770383834839,3.560013771057129,0.1175013929605484,3.6994869709014893,0.21703602373600006,3.7244720458984375,0.14307637512683868,3.6981472969055176
219,0,0,1,0.23356036841869354,3.577336072921753,0.12197066098451614,3.773120880126953,0.19366829097270966,3.765526056289673,0.1298230141401291,3.7625114917755127
220,0,0,1,0.2406529039144516,3.5618321895599365,0.11828363686800003,3.6957454681396484,0.2170161008834839,3.734318971633911,0.1413823366165161,3.720468044281006
221,0,0,1,0.2309495508670807,3.592556953430176,0.12772540748119354,3.811234712600708,0.18114237487316132,3.817856788635254,0.11744658648967743,3.8333616256713867
222,0,0,1,0.2347063273191452,3.5741777420043945,0.11479093134403229,3.7579755783081055,0.20051418244838715,3.770897626876831,0.13243383169174194,3.755455255508423
223,0,0,1,0.23695839941501617,3.574124574661255,0.12086953967809677,3.7544829845428467,0.19787348806858063,3.7584731578826904,0.12599648535251617,3.755615234375
224,0,0,1,0.2248011976480484,3.5937254428863525,0.1059919074177742,3.8212757110595703,0.17044004797935486,3.803788661956787,0.11051099747419357,3.810459852218628
225,0,0,1,0.2334856241941452,3.579676389694214,0.11936483532190323,3.76403546333313,0.19944794476032257,3.7636773586273193,0.13103874027729034,3.7539162635803223
226,0,0,1,0.2258649468421936,3.6001389026641846,0.11910076439380646,3.832329273223877,0.16781927645206451,3.8126001358032227,0.10720264166593552,3.8421640396118164
227,0,0,1,0.23214036226272583,3.5811574459075928,0.12201052159070969,3.7866709232330322,0.1838129758834839,3.7649354934692383,0.12368462979793549,3.7719948291778564
228,0,3,0,0.26036351919174194,3.5393543243408203,0.13511937856674194,3.617426872253418,0.28155890107154846,3.6204919815063477,0.17960777878761292,3.5862183570861816
229,0,0,1,0.22863520681858063,3.5906119346618652,0.10876713693141937,3.8011910915374756,0.1804448366165161,3.775347948074341,0.11232461780309677,3.7851312160491943
230,0,0,1,0.23757123947143555,3.5652506351470947,0.11584721505641937,3.714162826538086,0.21246212720870972,3.722527027130127,0.13793446123600006,3.7172374725341797
231,0,0,1,0.22119887173175812,3.6074941158294678,0.11315170675516129,3.866886854171753,0.1623983532190323,3.8330366611480713,0.10528937727212906,3.8673102855682373
232,0,0,1,0.22734224796295166,3.593872308731079,0.11747647821903229,3.8186869621276855,0.17282167077064514,3.813988447189331,0.11274313926696777,3.8377232551574707
233,0,0,1,0.23721250891685486,3.5646772384643555,0.11657465249300003,3.720134973526001,0.21012036502361298,3.731243371963501,0.14004702866077423,3.724064350128174
234,0,0,1,0.2380894273519516,3.564711093902588,0.1143275648355484,3.7233941555023193,0.2104591727256775,3.739393949508667,0.13956871628761292,3.7412538528442383
235,0,0,1,0.2349330335855484,3.5700607299804688,0.11235949397087097,3.7277727127075195,0.19936822354793549,3.7284951210021973,0.13277263939380646,3.757280111312866
236,0,0,1,0.22407126426696777,3.6061105728149414,0.11371970176696777,3.851165533065796,0.16494937241077423,3.823173999786377,0.10885681957006454,3.844196319580078
237,0,0,1,0.23914819955825806,3.5625650882720947,0.11937479674816132,3.7259068489074707,0.20177973806858063,3.7277889251708984,0.1259765625,3.680272102355957
238,0,0,1,0.23743173480033875,3.5713536739349365,0.12116848677396774,3.7452609539031982,0.20126155018806458,3.739565372467041,0.13237403333187103,3.7369768619537354
239,0,0,1,0.22565069794654846,3.597198009490967,0.11629065126180649,3.8319194316864014,0.17018096148967743,3.815669298171997,0.11220503598451614,3.8357017040252686
240,0,0,1,0.2325788140296936,3.5722854137420654,0.11446209251880646,3.745222568511963,0.19206392765045166,3.7267820835113525,0.12721221148967743,3.738680839538574
241,0,0,1,0.22925053536891937,3.598719835281372,0.1289311647415161,3.806546449661255,0.17909955978393555,3.8185055255889893,0.11427774280309677,3.81949782371521
242,0,0,1,0.23200085759162903,3.575697660446167,0.11621591448783875,3.773419141769409,0.1932995766401291,3.7906999588012695,0.13139747083187103,3.786895275115967
243,0,0,1,0.21534697711467743,3.615777015686035,0.10974369943141937,3.895986557006836,0.15914979577064514,3.895873785018921,0.10592713207006454,3.866039514541626
244,0,0,1,0.23761358857154846,3.5702452659606934,0.12277781963348389,3.747828960418701,0.20271643996238708,3.7799735069274902,0.12972337007522583,3.779228687286377
245,0,0,1,0.23529675602912903,3.5760931968688965,0.11929507553577423,3.7474417686462402,0.20091278851032257,3.7538437843322754,0.13360969722270966,3.7300119400024414
246,0,0,1,0.2340087890625,3.5683200359344482,0.11112384498119354,3.740797281265259,0.19775390625,3.7359535694122314,0.1323939710855484,3.7424356937408447
247,0,0,1,0.22054865956306458,3.61047101020813,0.10840341448783875,3.869375467300415,0.15780451893806458,3.8302602767944336,0.10196109116077423,3.8567240238189697
248,0,0,1,0.24088458716869354,3.5591719150543213,0.11754125356674194,3.7031071186065674,0.21215321123600006,3.72245192527771,0.13703761994838715,3.7116055488586426
249,0,0,1,0.23555085062980652,3.5668625831604004,0.11539879441261292,3.725832223892212,0.203962042927742,3.7393980026245117,0.13394850492477417,3.7405147552490234
250,0,0,1,0.23513731360435486,3.581028938293457,0.1269879937171936,3.772040605545044,0.193708136677742,3.7727763652801514,0.12244898080825806,3.77880859375
251,0,0,1,0.22692371904850006,3.59810733795166,0.11545360088348389,3.832254409790039,0.17129702866077423,3.815124988555908,0.10795997828245163,3.866715908050537
252,0,0,1,0.22353814542293549,3.6001336574554443,0.1072126105427742,3.853053331375122,0.16819794476032257,3.821612596511841,0.10642538219690323,3.8696630001068115
253,0,0,1,0.22557348012924194,3.593813180923462,0.11113879084587097,3.827221393585205,0.17304089665412903,3.8222861289978027,0.10875717550516129,3.8506505489349365
254,0,0,1,0.23851293325424194,3.5611493587493896,0.11512476205825806,3.6980438232421875,0.2133091539144516,3.7192375659942627,0.1414022594690323,3.704439640045166
255,0,0,1,0.23765844106674194,3.5710601806640625,0.12472596019506454,3.742260217666626,0.1997767835855484,3.74755597114563,0.1321149468421936,3.748227596282959
256,0,0,1,0.2343500852584839,3.5677685737609863,0.11228475719690323,3.729099988937378,0.20352359116077423,3.7423129081726074,0.13777503371238708,3.7565455436706543
257,0,0,1,0.2260916531085968,3.602501153945923,0.13203024864196777,3.8132004737854004,0.1799665093421936,3.807918071746826,0.11613121628761292,3.838681936264038
258,0,0,1,0.23216776549816132,3.5781381130218506,0.11291752755641937,3.771080732345581,0.1947544664144516,3.7781927585601807,0.12733179330825806,3.7675693035125732
259,0,0,1,0.22878217697143555,3.5933032035827637,0.11740672588348389,3.813783645629883,0.18238799273967743,3.8039119243621826,0.11768574267625809,3.825232744216919
260,0,0,1,0.22625358402729034,3.592787981033325,0.107421875,3.8220314979553223,0.17234334349632263,3.787510871887207,0.1095145046710968,3.798180103302002
261,0,0,1,0.24059559404850006,3.562131881713867,0.12558294832706451,3.7146201133728027,0.21091756224632263,3.7298026084899902,0.1393694132566452,3.7177176475524902
262,0,0,1,0.2245396226644516,3.607830762863159,0.12266820669174194,3.853574275970459,0.1620396226644516,3.837771415710449,0.10475127398967743,3.842085123062134
263,0,0,1,0.23665696382522583,3.5651607513427734,0.11501016467809677,3.7282416820526123,0.20253705978393555,3.729003667831421,0.13452646136283875,3.733185291290283
264,0,0,1,0.22060097754001617,3.6048717498779297,0.10368004441261292,3.8818299770355225,0.1495535671710968,3.801905632019043,0.09323181957006454,3.8300554752349854
265,0,0,1,0.2361537367105484,3.5660696029663086,0.11491051316261292,3.7082340717315674,0.2131696343421936,3.717557907104492,0.1379145383834839,3.716618537902832
266,0,0,1,0.23827128112316132,3.5621888637542725,0.11658462136983871,3.6998589038848877,0.2112962305545807,3.7196755409240723,0.13974808156490326,3.7250428199768066
267,0,0,1,0.22971390187740326,3.5859081745147705,0.11700812727212906,3.800417423248291,0.17629942297935486,3.789339780807495,0.11419802159070969,3.8214659690856934
268,0,0,1,0.2339116334915161,3.5781519412994385,0.11891143023967743,3.7506914138793945,0.1989397257566452,3.7579143047332764,0.12898597121238708,3.764369487762451
269,0,0,1,0.23901864886283875,3.566215753555298,0.11911072582006454,3.726219415664673,0.21005061268806458,3.75250244140625,0.13315130770206451,3.758120059967041
270,0,0,1,0.238019660115242,3.5757930278778076,0.13157685101032257,3.7377688884735107,0.20132134854793549,3.763401508331299,0.13133768737316132,3.772989273071289
271,0,0,1,0.2354661524295807,3.5668020248413086,0.11461156606674194,3.7370777130126953,0.1988699734210968,3.7541213035583496,0.13081951439380646,3.750152349472046
272,0,0,1,0.22975127398967743,3.5820069313049316,0.10946468263864517,3.77168869972229,0.18654336035251617,3.7580127716064453,0.1255580335855484,3.776031732559204
273,0,0,1,0.23352548480033875,3.5743393898010254,0.114432193338871,3.7620062828063965,0.19848133623600006,3.765136957168579,0.13167649507522583,3.7610111236572266
274,0,0,1,0.2329275906085968,3.5835249423980713,0.12467613816261292,3.7715702056884766,0.18858617544174194,3.76137375831604,0.1257573366165161,3.7310616970062256
275,0,0,1,0.22728246450424194,3.593250274658203,0.10752151906490326,3.821362257003784,0.17041015625,3.7661540508270264,0.10885681957006454,3.789088249206543
276,0,0,1,0.23509496450424194,3.5721793174743652,0.11720743030309677,3.7514452934265137,0.20119179785251617,3.752253532409668,0.13494499027729034,3.7464184761047363
277,0,0,1,0.24132801592350006,3.563243865966797,0.11777044832706451,3.7018656730651855,0.21845105290412903,3.721832036972046,0.13974808156490326,3.7331717014312744
278,0,0,1,0.23577755689620972,3.5723719596862793,0.11919044703245163,3.737187623977661,0.20282605290412903,3.7609806060791016,0.1350446343421936,3.762101650238037
279,0,0,1,0.23717264831066132,3.5670933723449707,0.11678391695022583,3.7291266918182373,0.20316486060619354,3.744899034500122,0.1316167116165161,3.7495458126068115
280,0,0,1,0.2351771742105484,3.571852207183838,0.11463149636983871,3.7475550174713135,0.20030492544174194,3.749664306640625,0.12920519709587097,3.752429485321045
281,0,0,1,0.23344078660011292,3.5742383003234863,0.11738679558038712,3.7608659267425537,0.19638870656490326,3.765932559967041,0.12940450012683868,3.7508084774017334
282,0,0,1,0.2252819985151291,3.5903682708740234,0.10805962979793549,3.82534122467041,0.17498405277729034,3.798234701156616,0.11367984116077423,3.7887446880340576
283,0,0,1,0.23717264831066132,3.566232204437256,0.1128278449177742,3.7274012565612793,0.20573580265045166,3.7370433807373047,0.13590162992477417,3.71799373626709
284,0,0,1,0.23632313311100006,3.5663490295410156,0.11769571155309677,3.7367284297943115,0.20757931470870972,3.760021209716797,0.13705755770206451,3.75410795211792
285,0,0,1,0.22667460143566132,3.5916759967803955,0.10795001685619354,3.824286937713623,0.17951808869838715,3.814487934112549,0.11220503598451614,3.8419182300567627
286,0,0,1,0.23213787376880646,3.5839755535125732,0.12418785691261292,3.769428253173828,0.1946149468421936,3.7656939029693604,0.12950414419174194,3.773314952850342
287,0,0,1,0.22370007634162903,3.599843978881836,0.10576271265745163,3.8507089614868164,0.16300621628761292,3.7975914478302,0.1022600457072258,3.8419411182403564
288,0,0,1,0.22297760844230652,3.600849151611328,0.10624103248119354,3.852881908416748,0.16004663705825806,3.8365607261657715,0.10403379797935486,3.902682065963745
289,0,0,1,0.23680643737316132,3.5692012310028076,0.12097416818141937,3.740609645843506,0.20391222834587097,3.7752528190612793,0.13321109116077423,3.780221462249756
290,0,0,1,0.22890424728393555,3.5879805088043213,0.10646524280309677,3.8050355911254883,0.18041492998600006,3.757746458053589,0.11513472348451614,3.7619872093200684
291,0,0,1,0.22169214487075806,3.6036813259124756,0.10583744943141937,3.8642313480377197,0.15870137512683868,3.8418309688568115,0.10032685101032257,3.9038538932800293
292,0,0,1,0.23725983500480652,3.562937021255493,0.11528419703245163,3.7118160724639893,0.2096918821334839,3.7104976177215576,0.13907046616077423,3.7132415771484375
293,0,0,1,0.22414101660251617,3.598641872406006,0.10869738459587097,3.8596444129943848,0.16440130770206451,3.828948974609375,0.10106424987316132,3.8791165351867676
294,0,0,1,0.23355288803577423,3.5818026065826416,0.12481066584587097,3.762075901031494,0.1949637234210968,3.752568244934082,0.13137754797935486,3.7334647178649902
295,0,0,1,0.23845313489437103,3.563107967376709,0.11570770293474197,3.715066909790039,0.2115652859210968,3.7327964305877686,0.13954877853393555,3.72493577003479
296,0,0,1,0.2364850640296936,3.5682156085968018,0.11664441227912903,3.7408909797668457,0.20984135568141937,3.74954891204834,0.13717713952064514,3.7447333335876465
297,0,0,1,0.22248932719230652,3.601383924484253,0.10544383525848389,3.856825590133667,0.1633649468421936,3.8401854038238525,0.10570790618658066,3.8619909286499023
298,0,0,1,0.23373724520206451,3.5732648372650146,0.11189114302396774,3.739413022994995,0.19844147562980652,3.761373996734619,0.13087929785251617,3.7606213092803955
299,0,0,1,0.2332763671875,3.5797903537750244,0.11845304071903229,3.771515130996704,0.18843670189380646,3.7612903118133545,0.12356504797935486,3.769354820251465
300,0,0,1,0.2306780070066452,3.5803165435791016,0.11748146265745163,3.7614827156066895,0.19593031704425812,3.7554166316986084,0.13028140366077423,3.763806104660034
301,0,0,1,0.21968171000480652,3.60699462890625,0.10612145066261292,3.8806047439575195,0.16171076893806458,3.823699712753296,0.10564811527729034,3.874929189682007
302,0,0,1,0.23015734553337097,3.5905160903930664,0.12092434614896774,3.807086944580078,0.1748146414756775,3.77079176902771,0.11186622828245163,3.7758774757385254
303,0,3,0,0.22424814105033875,3.5941343307495117,0.10432278364896774,3.8347978591918945,0.16504903137683868,3.786029100418091,0.10530930757522583,3.8368659019470215
304,0,0,1,0.2233986258506775,3.599215030670166,0.10441246628761292,3.8406660556793213,0.1696528196334839,3.802584409713745,0.10776068270206451,3.861475944519043
305,0,0,1,0.2389613538980484,3.5618791580200195,0.11646005511283875,3.703174352645874,0.21731504797935486,3.7335381507873535,0.140625,3.731009006500244
306,0,0,1,0.2243129163980484,3.6039249897003174,0.11782525479793549,3.843538522720337,0.16062459349632263,3.809417486190796,0.10275828838348389,3.8184640407562256
307,0,0,1,0.22449976205825806,3.5951218605041504,0.10486088693141937,3.839256763458252,0.1669323891401291,3.829453229904175,0.10660474747419357,3.810431957244873
308,0,0,1,0.2256556898355484,3.5975048542022705,0.11783521622419357,3.8266806602478027,0.17169563472270966,3.8011608123779297,0.11264349520206451,3.8182945251464844
309,0,0,1,0.23542380332946777,3.573200225830078,0.11487563699483871,3.7493059635162354,0.1941366344690323,3.763063430786133,0.12181121855974197,3.7863218784332275
310,0,0,1,0.23425042629241943,3.577411413192749,0.11915557086467743,3.758352518081665,0.1950334757566452,3.7444307804107666,0.12721221148967743,3.7355475425720215
311,0,0,1,0.23775559663772583,3.570596218109131,0.12085458636283875,3.7330970764160156,0.20759925246238708,3.7467479705810547,0.1332310289144516,3.7723259925842285
312,0,0,1,0.2229452282190323,3.602210283279419,0.11267837136983871,3.848198175430298,0.16473014652729034,3.7916641235351562,0.10405372828245163,3.7653706073760986
313,0,0,1,0.22781060636043549,3.592038869857788,0.11468131840229034,3.8099231719970703,0.18209901452064514,3.7876217365264893,0.11961893737316132,3.834888458251953
314,0,0,1,0.22169214487075806,3.6099629402160645,0.11349549144506454,3.8705825805664062,0.1575852930545807,3.8285696506500244,0.10206074267625809,3.8707282543182373
315,0,0,1,0.23395895957946777,3.5742549896240234,0.11536391824483871,3.745659589767456,0.20050421357154846,3.7585110664367676,0.1337292641401291,3.774068593978882
316,0,0,1,0.23260124027729034,3.573183536529541,0.11079998314380646,3.7543394565582275,0.19688695669174194,3.751594305038452,0.13410793244838715,3.7571704387664795
317,0,0,1,0.237409308552742,3.567220687866211,0.11852777749300003,3.7252931594848633,0.2123425453901291,3.7487447261810303,0.13745614886283875,3.74351167678833
318,0,0,1,0.23787766695022583,3.563674211502075,0.11608139425516129,3.7198901176452637,0.2085060477256775,3.747180223464966,0.13488520681858063,3.7566490173339844
319,0,0,1,0.2327631711959839,3.5776009559631348,0.118338443338871,3.7818198204040527,0.18647360801696777,3.7740607261657715,0.12145248800516129,3.7991466522216797
320,0,0,1,0.23437748849391937,3.5719752311706543,0.11850784718990326,3.7487070560455322,0.20123165845870972,3.7499256134033203,0.13614077866077423,3.757868528366089
321,0,0,1,0.23272579908370972,3.574460983276367,0.11198581010103226,3.7449278831481934,0.19808274507522583,3.7486164569854736,0.13349011540412903,3.749626636505127
322,0,0,1,0.23644769191741943,3.5722670555114746,0.12365971505641937,3.7374188899993896,0.20475924015045166,3.731360673904419,0.13494499027729034,3.7431693077087402
323,0,0,1,0.22576779127120972,3.594714403152466,0.10810446739196777,3.830806016921997,0.17138671875,3.829118013381958,0.10799983888864517,3.906440258026123
324,0,0,1,0.23751892149448395,3.5750350952148438,0.12582708895206451,3.757978916168213,0.20015545189380646,3.7566962242126465,0.13251355290412903,3.756504774093628
325,0,0,1,0.23861755430698395,3.561811685562134,0.1166643425822258,3.7174887657165527,0.21020008623600006,3.734189748764038,0.13833306729793549,3.7540700435638428
326,0,0,1,0.23223502933979034,3.57498836517334,0.11156229674816132,3.7472198009490967,0.1955217570066452,3.762601375579834,0.1309988796710968,3.784116744995117
327,0,0,1,0.23798727989196777,3.5647544860839844,0.11717254668474197,3.7187142372131348,0.21298030018806458,3.72900390625,0.13877151906490326,3.697687864303589
328,0,0,1,0.22976373136043549,3.5862905979156494,0.10962910205125809,3.7951643466949463,0.17949816584587097,3.8003108501434326,0.11332111060619354,3.838902473449707
329,0,0,1,0.22406378388404846,3.6072981357574463,0.122000552713871,3.8547332286834717,0.16193000972270966,3.7908923625946045,0.1057477667927742,3.818507432937622
330,0,0,1,0.2255958914756775,3.594339370727539,0.10639050602912903,3.8257386684417725,0.1761997789144516,3.8114466667175293,0.11493542790412903,3.8286805152893066
331,0,0,1,0.25812390446662903,3.543271541595459,0.13583685457706451,3.6373839378356934,0.2688934803009033,3.6658389568328857,0.17010124027729034,3.6205039024353027
332,0,0,1,0.23880191147327423,3.5635061264038086,0.11609135568141937,3.7124035358428955,0.21084780991077423,3.7055153846740723,0.1366589516401291,3.689222574234009
333,0,0,1,0.23630569875240326,3.5747931003570557,0.12211017310619354,3.7434306144714355,0.19775390625,3.752028226852417,0.12665417790412903,3.783477544784546
334,0,0,1,0.22051876783370972,3.6064867973327637,0.11053591221570969,3.8745999336242676,0.15578164160251617,3.8426406383514404,0.10297751426696777,3.8910393714904785
335,0,0,1,0.23554836213588715,3.5736374855041504,0.1208844855427742,3.7556259632110596,0.1978236585855484,3.7672274112701416,0.13091915845870972,3.7596285343170166
336,0,0,1,0.24092942476272583,3.5587058067321777,0.11651984602212906,3.7052083015441895,0.21306999027729034,3.719156265258789,0.14100366830825806,3.6884806156158447
337,0,0,1,0.23958416283130646,3.561811685562134,0.11715760082006454,3.719656467437744,0.20636358857154846,3.727558135986328,0.13508449494838715,3.741811752319336
338,0,0,1,0.24014219641685486,3.556750774383545,0.1193498894572258,3.6929948329925537,0.2218191921710968,3.725965976715088,0.1457270383834839,3.7196390628814697
339,0,0,1,0.23304717242717743,3.5740323066711426,0.1131766140460968,3.7631521224975586,0.19416652619838715,3.7741851806640625,0.13048070669174194,3.7606537342071533
340,0,0,1,0.2314801812171936,3.5887341499328613,0.12623564898967743,3.7915220260620117,0.1853376030921936,3.7767622470855713,0.12015704810619354,3.815060615539551
341,0,0,1,0.22716039419174194,3.5989866256713867,0.1222098171710968,3.83292555809021,0.16641421616077423,3.7755088806152344,0.10823899507522583,3.8433070182800293
342,0,0,1,0.2305833399295807,3.5852653980255127,0.11615114659070969,3.7889928817749023,0.1875,3.797459602355957,0.12083465605974197,3.7971301078796387
343,0,0,1,0.23660215735435486,3.5654916763305664,0.1160365492105484,3.7327494621276855,0.21479392051696777,3.7508697509765625,0.14363440871238708,3.7269320487976074
344,0,0,1,0.2383784055709839,3.565458297729492,0.12026666104793549,3.7261579036712646,0.21067841351032257,3.7443950176239014,0.13917012512683868,3.7403695583343506
345,0,0,1,0.22999541461467743,3.5823206901550293,0.11531907320022583,3.7787859439849854,0.1894630789756775,3.7857255935668945,0.12767060101032257,3.7539806365966797
346,0,0,1,0.23071038722991943,3.58489990234375,0.10881198197603226,3.7736618518829346,0.19703643023967743,3.7663986682891846,0.12830835580825806,3.74153470993042
347,0,0,1,0.2361014187335968,3.565129280090332,0.11447205394506454,3.7266159057617188,0.20307517051696777,3.7363462448120117,0.1339285671710968,3.741220235824585
348,0,0,1,0.23515723645687103,3.5748777389526367,0.11930005997419357,3.7579352855682373,0.19885005056858063,3.781358003616333,0.12852758169174194,3.7791905403137207
349,0,0,1,0.23030681908130646,3.576460123062134,0.11394889652729034,3.7666375637054443,0.19065888226032257,3.7440025806427,0.13516421616077423,3.7297258377075195
350,0,0,1,0.23360520601272583,3.572693109512329,0.11442223191261292,3.750838279724121,0.20267657935619354,3.7617385387420654,0.13634008169174194,3.765385150909424
351,0,0,1,0.22754403948783875,3.5909149646759033,0.1146065816283226,3.811103343963623,0.18063417077064514,3.80261492729187,0.11750637739896774,3.813263177871704
352,1,1,1,0.31717103719711304,3.5502099990844727,0.3634456694126129,3.627513885498047,0.32809510827064514,3.672771453857422,0.19170519709587097,3.6973698139190674
353,1,1,1,0.28787416219711304,3.59515380859375,0.3514927327632904,3.6963682174682617,0.3158382475376129,3.728853225708008,0.19423627853393555,3.7395853996276855
354,1,1,1,0.365132212638855,3.560903787612915,0.49944692850112915,3.6086232662200928,0.4154077470302582,3.6143641471862793,0.23684629797935486,3.6404409408569336
355,1,1,1,0.3281100392341614,3.566451072692871,0.42633429169654846,3.6338658332824707,0.36279296875,3.6547367572784424,0.20416134595870972,3.696017265319824
356,1,1,1,0.33534955978393555,3.5604403018951416,0.42068418860435486,3.6388022899627686,0.35758131742477417,3.6671218872070312,0.20571587979793549,3.6780662536621094
357,1,1,1,0.365132212638855,3.560903787612915,0.49944692850112915,3.6086232662200928,0.4154077470302582,3.6143641471862793,0.23684629797935486,3.6404409408569336
358,1,1,1,0.26112332940101624,3.5855729579925537,0.2321079820394516,3.712139129638672,0.2518335282802582,3.7523741722106934,0.15559230744838715,3.7676444053649902
359,1,1,1,0.34849828481674194,3.565415620803833,0.48053351044654846,3.620861530303955,0.4053431749343872,3.634486436843872,0.22875477373600006,3.6752047538757324
360,1,1,1,0.3462611436843872,3.5516433715820312,0.44429606199264526,3.6278204917907715,0.3852638602256775,3.6587345600128174,0.21829161047935486,3.662649393081665
361,1,1,1,0.28737592697143555,3.5889992713928223,0.3292958736419678,3.6942548751831055,0.29195231199264526,3.7177281379699707,0.17255261540412903,3.7733888626098633
362,1,1,1,0.3404217064380646,3.568950891494751,0.4572604298591614,3.6371958255767822,0.39318597316741943,3.6530399322509766,0.22592474520206451,3.6744883060455322
363,1,1,1,0.25795450806617737,3.578192949295044,0.2139817774295807,3.7037510871887207,0.24427016079425812,3.7209644317626953,0.15168605744838715,3.728419303894043
364,1,1,1,0.26071229577064514,3.6059415340423584,0.2733179032802582,3.7352523803710938,0.25158441066741943,3.779458999633789,0.15529336035251617,3.7972278594970703
365,1,1,1,0.28314581513404846,3.5894577503204346,0.30671536922454834,3.6984193325042725,0.2854950428009033,3.729144811630249,0.16501912474632263,3.7516908645629883
366,1,1,1,0.33133620023727417,3.565657377243042,0.41598573327064514,3.6377291679382324,0.3581891655921936,3.6575045585632324,0.20854590833187103,3.671349287033081
367,1,1,1,0.25671136379241943,3.603895425796509,0.25212252140045166,3.742440938949585,0.24731943011283875,3.768000364303589,0.15395806729793549,3.7759222984313965
368,1,1,1,0.2738809287548065,3.594999074935913,0.30529534816741943,3.6988120079040527,0.27736368775367737,3.7202341556549072,0.1761399805545807,3.741570472717285
369,1,2,0,0.22836115956306458,3.612190008163452,0.15850207209587097,3.8399975299835205,0.18829719722270966,3.8580121994018555,0.10628587007522583,3.846240282058716
370,1,1,1,0.3224325180053711,3.567060947418213,0.3934500515460968,3.6398749351501465,0.340052992105484,3.6540074348449707,0.19575095176696777,3.680920362472534
371,1,1,1,0.22189392149448395,3.607814073562622,0.1121302992105484,3.871628522872925,0.16848692297935486,3.7631890773773193,0.11362005770206451,3.761796236038208
372,1,1,1,0.2877994477748871,3.5564770698547363,0.24468868970870972,3.627774477005005,0.30583345890045166,3.66100811958313,0.19312021136283875,3.6737873554229736
373,1,1,1,0.32940050959587097,3.54959774017334,0.41079896688461304,3.628728151321411,0.3629225194454193,3.689840793609619,0.19858099520206451,3.7185869216918945
374,1,1,1,0.32021284103393555,3.571575164794922,0.4230458736419678,3.6434452533721924,0.36986806988716125,3.6640892028808594,0.22253666818141937,3.6989073753356934
375,1,1,1,0.37793466448783875,3.535588502883911,0.4998853802680969,3.585124969482422,0.41787904500961304,3.6196255683898926,0.23527184128761292,3.622532844543457
376,1,1,1,0.27305135130882263,3.601815700531006,0.3059779405593872,3.72304630279541,0.28065210580825806,3.7447805404663086,0.16310586035251617,3.756964921951294
377,1,1,1,0.22027213871479034,3.5987966060638428,0.11703304201364517,3.8256630897521973,0.18200932443141937,3.812044858932495,0.1252192258834839,3.7844977378845215
378,1,1,1,0.39599359035491943,3.543657064437866,0.5565957427024841,3.579763889312744,0.46187418699264526,3.596094846725464,0.2681361436843872,3.6193697452545166
379,1,1,1,0.2784448564052582,3.5918045043945312,0.2985042631626129,3.685366630554199,0.2674884498119354,3.7027902603149414,0.1646205335855484,3.7238497734069824
380,1,1,1,0.27518385648727417,3.5852019786834717,0.2659189701080322,3.6985628604888916,0.25458386540412903,3.7193126678466797,0.14596620202064514,3.736619234085083
381,1,1,1,0.24362494051456451,3.6069862842559814,0.19885502755641937,3.8273909091949463,0.2397560477256775,3.8747713565826416,0.1400071680545807,3.8743059635162354
382,1,1,1,0.3011648952960968,3.5818512439727783,0.37092435359954834,3.6677322387695312,0.33365553617477417,3.696293592453003,0.1950932741165161,3.6878128051757812
383,1,1,1,0.26311632990837097,3.5928022861480713,0.26207250356674194,3.7088727951049805,0.25685587525367737,3.740184783935547,0.15892060101032257,3.7579634189605713
384,1,1,1,0.30395010113716125,3.5798473358154297,0.3687669336795807,3.6636807918548584,0.32193678617477417,3.675426483154297,0.19202406704425812,3.6910223960876465
385,1,1,1,0.2930758595466614,3.593541383743286,0.34252431988716125,3.6989498138427734,0.30982938408851624,3.727550506591797,0.18156090378761292,3.7473106384277344
386,1,1,1,0.2472272515296936,3.6180028915405273,0.2541354298591614,3.784946918487549,0.23739436268806458,3.8323049545288086,0.14303651452064514,3.858297348022461
387,1,1,1,0.30121472477912903,3.587709903717041,0.369648814201355,3.675347089767456,0.3170240819454193,3.68658447265625,0.18949298560619354,3.7262306213378906
388,1,1,1,0.30000895261764526,3.5811867713928223,0.3616968095302582,3.6593244075775146,0.3143734037876129,3.684544086456299,0.1921635866165161,3.7129225730895996
389,1,1,1,0.33742228150367737,3.5569090843200684,0.4270467758178711,3.618924379348755,0.36123842000961304,3.6460511684417725,0.20282605290412903,3.6684679985046387
390,1,1,1,0.2793043553829193,3.580448627471924,0.2845982015132904,3.6779062747955322,0.2864815890789032,3.6983895301818848,0.16226881742477417,3.718128204345703
391,1,1,1,0.2449253648519516,3.6142196655273438,0.23424047231674194,3.7765724658966064,0.22352319955825806,3.829254150390625,0.14016661047935486,3.8701834678649902
392,1,1,1,0.37447184324264526,3.5480387210845947,0.5041055679321289,3.5902092456817627,0.41841715574264526,3.6067779064178467,0.23748405277729034,3.6317555904388428
393,1,1,1,0.22914092242717743,3.62572979927063,0.16650390625,3.8998444080352783,0.18948301672935486,3.8785696029663086,0.1110491082072258,3.929109811782837
394,1,1,1,0.31196439266204834,3.5732243061065674,0.3611437678337097,3.6483452320098877,0.3163265287876129,3.6608808040618896,0.1792689710855484,3.6912729740142822
395,1,1,1,0.31659308075904846,3.5848617553710938,0.3881337642669678,3.667548179626465,0.3441087305545807,3.678877592086792,0.19808274507522583,3.6767280101776123
396,1,1,1,0.28527334332466125,3.5830881595611572,0.3171735405921936,3.688711643218994,0.2987683415412903,3.722400188446045,0.17966756224632263,3.7526345252990723
397,1,1,1,0.2646235227584839,3.5733652114868164,0.22679667174816132,3.6917550563812256,0.25455397367477417,3.7211978435516357,0.1561902016401291,3.7025647163391113
398,1,1,1,0.2529147267341614,3.612596273422241,0.26708486676216125,3.7399682998657227,0.25294962525367737,3.758272886276245,0.16641421616077423,3.782515048980713
399,1,1,1,0.30126702785491943,3.591982126235962,0.35739198327064514,3.6835076808929443,0.3086535334587097,3.698779582977295,0.17998644709587097,3.728379964828491
400,1,1,1,0.3115309178829193,3.5656251907348633,0.3667789399623871,3.6477572917938232,0.32544443011283875,3.673229455947876,0.18425142765045166,3.6760411262512207
401,1,2,0,0.22471898794174194,3.584763526916504,0.10450214892625809,3.7886908054351807,0.18180006742477417,3.772582769393921,0.1273716539144516,3.770927906036377
402,1,1,1,0.2858538031578064,3.586714744567871,0.30182257294654846,3.685375690460205,0.2832928001880646,3.703084945678711,0.1633051633834839,3.7429826259613037
403,1,1,1,0.31754472851753235,3.591935157775879,0.4168177843093872,3.667618989944458,0.3594447374343872,3.6683762073516846,0.20866549015045166,3.6939828395843506
404,1,1,1,0.2897874414920807,3.5888431072235107,0.3226841390132904,3.690290927886963,0.28065210580825806,3.6913435459136963,0.16792888939380646,3.705554246902466
405,1,2,0,0.22760632634162903,3.627058982849121,0.164794921875,3.895026445388794,0.20129145681858063,3.9009406566619873,0.11252391338348389,3.9291534423828125
406,1,1,1,0.3648407459259033,3.570037603378296,0.5167709589004517,3.6276633739471436,0.4383968412876129,3.6410419940948486,0.2579520046710968,3.652089834213257
407,1,1,1,0.30562418699264526,3.578146457672119,0.38349011540412903,3.6623141765594482,0.3404217064380646,3.6864938735961914,0.19840161502361298,3.718031167984009
408,1,1,1,0.2513452470302582,3.6098005771636963,0.2160295695066452,3.74592924118042,0.22881457209587097,3.7255465984344482,0.1527024805545807,3.7080397605895996
409,1,1,1,0.37585198879241943,3.564757823944092,0.5247378945350647,3.624647378921509,0.4372309446334839,3.6305809020996094,0.2557796537876129,3.6379148960113525
410,1,1,1,0.3610690236091614,3.5612339973449707,0.5050123333930969,3.614692449569702,0.43202924728393555,3.623296022415161,0.2529296875,3.6369080543518066
411,1,1,1,0.27266770601272583,3.602872610092163,0.2982202470302582,3.727503538131714,0.2666015625,3.7305450439453125,0.16284677386283875,3.7305102348327637
412,1,1,1,0.2302868813276291,3.6027650833129883,0.15156647562980652,3.809434652328491,0.1849290430545807,3.8252506256103516,0.12115353345870972,3.8603389263153076
413,1,1,1,0.2758514881134033,3.5874431133270264,0.27929189801216125,3.692962169647217,0.25486287474632263,3.713207721710205,0.15062977373600006,3.7804975509643555
414,1,1,1,0.28549256920814514,3.575432538986206,0.30701929330825806,3.668954849243164,0.28399035334587097,3.6964454650878906,0.16621491312980652,3.6917266845703125
415,1,1,1,0.23490063846111298,3.6047661304473877,0.16769471764564514,3.782660484313965,0.19110730290412903,3.774064064025879,0.11890146136283875,3.755950450897217
416,1,1,1,0.2513352930545807,3.6074061393737793,0.2392926812171936,3.749016284942627,0.23204320669174194,3.778407573699951,0.15258289873600006,3.8119122982025146
417,1,1,1,0.2854427397251129,3.5891916751861572,0.3306361436843872,3.6911845207214355,0.29955556988716125,3.7121851444244385,0.17781409621238708,3.7361578941345215
418,1,1,1,0.23179158568382263,3.6408541202545166,0.24705536663532257,3.806816577911377,0.22791773080825806,3.850515842437744,0.15515385568141937,3.8579318523406982
419,1,1,1,0.31201171875,3.5919883251190186,0.4358507990837097,3.68143630027771,0.39065489172935486,3.715965509414673,0.24021443724632263,3.7211482524871826
420,1,1,1,0.2759835422039032,3.5713653564453125,0.2459193617105484,3.6721842288970947,0.30332228541374207,3.6926639080047607,0.16962292790412903,3.672776460647583
421,1,1,1,0.28374621272087097,3.598825216293335,0.34991827607154846,3.7037875652313232,0.3084641993045807,3.7419803142547607,0.18319514393806458,3.770887613296509
422,1,1,1,0.394862562417984,3.5262300968170166,0.5196558237075806,3.5650689601898193,0.4286511540412903,3.5963363647460938,0.234235480427742,3.603930950164795
423,1,1,1,0.3240443468093872,3.5788474082946777,0.42144152522087097,3.652456045150757,0.361328125,3.6554605960845947,0.2081473171710968,3.700976610183716
424,1,1,1,0.3377685546875,3.5674235820770264,0.4467075765132904,3.6312572956085205,0.3828822374343872,3.642453670501709,0.21466436982154846,3.674867630004883
425,1,1,1,0.3513357937335968,3.554651975631714,0.4229312837123871,3.5976743698120117,0.3589763939380646,3.620863914489746,0.1842912882566452,3.636530876159668
426,1,1,1,0.24328114092350006,3.594081163406372,0.197614386677742,3.7420201301574707,0.24806679785251617,3.7603037357330322,0.15601083636283875,3.7422075271606445
427,1,1,1,0.28526586294174194,3.5806844234466553,0.3003627061843872,3.6772608757019043,0.28121012449264526,3.70637845993042,0.1689453125,3.7214815616607666
428,1,1,1,0.24815399944782257,3.6170403957366943,0.23828622698783875,3.7628018856048584,0.2218889445066452,3.779404401779175,0.15365912020206451,3.804669141769409
429,1,1,1,0.2506626546382904,3.58034348487854,0.18932856619358063,3.7114133834838867,0.2303391993045807,3.73298716545105,0.14449138939380646,3.7228965759277344
430,1,1,1,0.26433703303337097,3.5820727348327637,0.24835079908370972,3.707172155380249,0.2661631107330322,3.728191614151001,0.15682795643806458,3.744058847427368
431,1,1,1,0.3207484483718872,3.584585666656494,0.44024035334587097,3.671337127685547,0.39002710580825806,3.694455862045288,0.22468909621238708,3.7299094200134277
432,1,1,1,0.33860060572624207,3.574453592300415,0.44004103541374207,3.6410131454467773,0.37405332922935486,3.6462156772613525,0.21960698068141937,3.6527814865112305
433,1,1,1,0.33973413705825806,3.5605108737945557,0.4193738102912903,3.6193418502807617,0.3664999008178711,3.629190683364868,0.200055792927742,3.652022361755371
434,1,1,1,0.3624890446662903,3.5681345462799072,0.5359135866165161,3.624795436859131,0.468959242105484,3.6429738998413086,0.26879385113716125,3.6666419506073
435,1,1,1,0.3120615482330322,3.5789053440093994,0.37811902165412903,3.644906997680664,0.3335060477256775,3.6447949409484863,0.19341915845870972,3.683359146118164
436,1,1,1,0.2663075923919678,3.598243236541748,0.2792071998119354,3.724865198135376,0.2529994249343872,3.766000986099243,0.14957350492477417,3.7814791202545166
437,1,1,1,0.365132212638855,3.560903787612915,0.49944692850112915,3.6086232662200928,0.4154077470302582,3.6143641471862793,0.23684629797935486,3.6404409408569336
438,1,1,1,0.21620146930217743,3.688068151473999,0.2343500852584839,3.976060390472412,0.2616390287876129,3.9963057041168213,0.14666374027729034,4.052860260009766
439,1,1,1,0.22770348191261292,3.6323165893554688,0.1691545695066452,3.889042615890503,0.19551178812980652,3.9113659858703613,0.1086774542927742,3.9435174465179443
440,1,1,1,0.30069154500961304,3.5425186157226562,0.28701967000961304,3.6109607219696045,0.29539021849632263,3.6412980556488037,0.16731105744838715,3.6532459259033203
441,1,1,1,0.3018649220466614,3.5872693061828613,0.3772570490837097,3.6740097999572754,0.3290915787220001,3.6835427284240723,0.19286112487316132,3.69877028465271
442,1,1,1,0.2722616195678711,3.5921785831451416,0.29404494166374207,3.712722063064575,0.27068716287612915,3.743962526321411,0.15949855744838715,3.7412221431732178
443,1,1,1,0.27357950806617737,3.5971662998199463,0.2857491672039032,3.71484375,0.2734972834587097,3.7306711673736572,0.1602957546710968,3.7646400928497314
444,1,1,1,0.35343092679977417,3.5708465576171875,0.5044991374015808,3.6342599391937256,0.43474966287612915,3.651233196258545,0.25673627853393555,3.673963785171509
445,1,1,1,0.25416532158851624,3.586754083633423,0.21163006126880646,3.736598014831543,0.21001075208187103,3.746381998062134,0.12800940871238708,3.8197104930877686
446,1,1,1,0.2502864897251129,3.6235580444335938,0.2755749821662903,3.7579236030578613,0.2523915767669678,3.776097536087036,0.16896523535251617,3.786034345626831
447,1,1,1,0.3233019709587097,3.584484100341797,0.43191465735435486,3.6566498279571533,0.3719407618045807,3.661165475845337,0.21591995656490326,3.6890344619750977
448,1,1,1,0.31018564105033875,3.5845508575439453,0.39924463629722595,3.6861350536346436,0.3453045189380646,3.72096848487854,0.19533242285251617,3.7585959434509277
449,1,1,1,0.27392327785491943,3.584184408187866,0.2884795367717743,3.695521593093872,0.27264028787612915,3.7320175170898438,0.16836734116077423,3.7495265007019043
450,1,1,1,0.2748674750328064,3.5976669788360596,0.320556640625,3.69706392288208,0.29029813408851624,3.7373335361480713,0.1720145046710968,3.7359519004821777
451,1,1,1,0.2996751368045807,3.5456972122192383,0.28240591287612915,3.617201805114746,0.2978615164756775,3.6548125743865967,0.1704799085855484,3.67769455909729
452,1,1,1,0.3134267330169678,3.5792930126190186,0.41828760504722595,3.6601152420043945,0.3685925602912903,3.6925032138824463,0.2299904227256775,3.7194106578826904
453,1,1,1,0.31648844480514526,3.587440252304077,0.43376314640045166,3.656022310256958,0.3824736773967743,3.6786513328552246,0.23830117285251617,3.692230463027954
454,1,3,0,0.22505779564380646,3.6071507930755615,0.12206034362316132,3.84031343460083,0.16666334867477417,3.832167387008667,0.1037946417927742,3.838709592819214
455,1,1,1,0.27620524168014526,3.596458911895752,0.3136708736419678,3.7034389972686768,0.28402024507522583,3.7312819957733154,0.17777423560619354,3.7484304904937744
456,1,1,1,0.365132212638855,3.560903787612915,0.49944692850112915,3.6086232662200928,0.4154077470302582,3.6143641471862793,0.23684629797935486,3.6404409408569336
457,1,1,1,0.31753477454185486,3.57106876373291,0.4022241532802582,3.648771286010742,0.3418467044830322,3.67879319190979,0.1932995766401291,3.708629846572876
458,1,1,1,0.3085140287876129,3.5840601921081543,0.3764150142669678,3.6729893684387207,0.32814493775367737,3.7024900913238525,0.1942761391401291,3.6982970237731934
459,1,1,1,0.30735310912132263,3.5657432079315186,0.3567791283130646,3.6376192569732666,0.31659558415412903,3.6766862869262695,0.19106744229793549,3.693230390548706
460,1,1,1,0.23575015366077423,3.6313297748565674,0.24681620299816132,3.8147647380828857,0.22724011540412903,3.843141555786133,0.14351482689380646,3.8975143432617188
461,1,1,1,0.28952088952064514,3.5975167751312256,0.3282196521759033,3.7087361812591553,0.2959482669830322,3.7227180004119873,0.17765465378761292,3.729750871658325
462,1,1,1,0.25907057523727417,3.6028482913970947,0.2652911841869354,3.7393558025360107,0.2710558772087097,3.774787664413452,0.16340480744838715,3.758019208908081
463,1,1,1,0.2392926812171936,3.6212234497070312,0.19690687954425812,3.819357395172119,0.19823221862316132,3.8383853435516357,0.12113361060619354,3.8213229179382324
464,1,1,1,0.3602643609046936,3.5570385456085205,0.5023865699768066,3.6183316707611084,0.42567163705825806,3.643444061279297,0.25045838952064514,3.6644387245178223
465,1,1,1,0.28343480825424194,3.587907552719116,0.3227389454841614,3.6868391036987305,0.3089624345302582,3.7059507369995117,0.1879185289144516,3.690847396850586
466,1,1,1,0.2573092579841614,3.604912519454956,0.25469347834587097,3.7372941970825195,0.24272559583187103,3.7422611713409424,0.15868143737316132,3.771162986755371
467,1,1,1,0.2770572602748871,3.562865734100342,0.24487802386283875,3.6549198627471924,0.26893335580825806,3.6684823036193848,0.15369898080825806,3.689574718475342
468,1,1,1,0.2605403959751129,3.569155693054199,0.20779356360435486,3.691380023956299,0.2550322711467743,3.7289493083953857,0.15812340378761292,3.7354423999786377
469,1,1,1,0.35040655732154846,3.5708892345428467,0.47135084867477417,3.6368470191955566,0.3936045169830322,3.6445984840393066,0.22891421616077423,3.6722967624664307
470,1,1,1,0.30263224244117737,3.5581212043762207,0.3208605647087097,3.6260287761688232,0.3127291798591614,3.6171176433563232,0.1669921875,3.6183314323425293
471,1,1,1,0.2632956802845001,3.5976498126983643,0.27467313408851624,3.7180562019348145,0.2500597834587097,3.7455966472625732,0.1488560289144516,3.8015799522399902
472,1,1,1,0.3420584499835968,3.550999641418457,0.42415696382522583,3.602185010910034,0.3570830523967743,3.6250767707824707,0.20125159621238708,3.646662712097168
473,1,1,1,0.26197782158851624,3.5392353534698486,0.13675861060619354,3.6140336990356445,0.2926299273967743,3.655111312866211,0.1877790093421936,3.622903823852539
474,1,1,1,0.26945650577545166,3.5972800254821777,0.28367146849632263,3.7111568450927734,0.26601362228393555,3.739314556121826,0.15816326439380646,3.746849775314331
475,1,1,1,0.29674795269966125,3.584030866622925,0.36062559485435486,3.673717498779297,0.32531487941741943,3.692948579788208,0.19887994229793549,3.7229180335998535
476,1,1,1,0.24593430757522583,3.645380973815918,0.2627650499343872,3.844855785369873,0.24139030277729034,3.8664960861206055,0.14315608143806458,3.941528558731079
477,1,1,1,0.31336942315101624,3.5747323036193848,0.3801020383834839,3.659998893737793,0.34895169734954834,3.688417434692383,0.19521284103393555,3.7164881229400635
478,1,1,1,0.26197782158851624,3.5392353534698486,0.13675861060619354,3.6140336990356445,0.2926299273967743,3.655111312866211,0.1877790093421936,3.622903823852539
479,1,1,1,0.25250616669654846,3.606997013092041,0.24423529207706451,3.75156569480896,0.23984573781490326,3.7878599166870117,0.15389826893806458,3.8269877433776855
480,1,1,1,0.2559988796710968,3.6097605228424072,0.2586744725704193,3.7528748512268066,0.2561483383178711,3.7847111225128174,0.15676817297935486,3.8389270305633545
481,1,1,1,0.2896628677845001,3.579549789428711,0.31109991669654846,3.6755073070526123,0.2779715359210968,3.6955010890960693,0.1608537882566452,3.7462520599365234
482,1,1,1,0.30032533407211304,3.5741374492645264,0.32266920804977417,3.655734062194824,0.3059530258178711,3.664625644683838,0.16982221603393555,3.6770331859588623
483,1,1,1,0.2621198296546936,3.5411481857299805,0.14497467875480652,3.635288953781128,0.28289419412612915,3.6608192920684814,0.18349409103393555,3.6232213973999023
484,1,1,1,0.3105543553829193,3.569272994995117,0.3815469443798065,3.644911050796509,0.33402422070503235,3.677893877029419,0.1901506632566452,3.685882091522217
485,1,1,1,0.28014639019966125,3.583390474319458,0.30102041363716125,3.67417573928833,0.2821567952632904,3.69486141204834,0.17486447095870972,3.7020742893218994
486,1,1,1,0.28920698165893555,3.5814712047576904,0.3181002736091614,3.6912004947662354,0.2878168821334839,3.727694511413574,0.1605747789144516,3.7904927730560303
487,1,1,1,0.2982526421546936,3.5755882263183594,0.33765146136283875,3.6593377590179443,0.30694952607154846,3.6895108222961426,0.17747528851032257,3.7193710803985596
488,1,1,1,0.31390005350112915,3.5703322887420654,0.3624093234539032,3.6349587440490723,0.3123505115509033,3.668081045150757,0.1906489133834839,3.69903826713562
489,1,1,1,0.30048978328704834,3.575075149536133,0.3627232015132904,3.6720330715179443,0.33214086294174194,3.727550983428955,0.18985171616077423,3.761284828186035
490,1,1,1,0.26287466287612915,3.5867512226104736,0.24295978248119354,3.7070319652557373,0.24012476205825806,3.728181838989258,0.14937420189380646,3.7779853343963623
491,1,1,1,0.2487718164920807,3.549574851989746,0.12564273178577423,3.650672197341919,0.2563974857330322,3.6783909797668457,0.17325015366077423,3.6594960689544678
492,1,1,1,0.27899792790412903,3.6088738441467285,0.34818437695503235,3.7230045795440674,0.3104173243045807,3.747873306274414,0.18901465833187103,3.773935079574585
493,1,1,1,0.2674834430217743,3.601285219192505,0.2563974857330322,3.737135648727417,0.2665417790412903,3.735382080078125,0.15395806729793549,3.7491261959075928
494,1,1,1,0.25353506207466125,3.575989246368408,0.19307038187980652,3.7088000774383545,0.23205316066741943,3.728518009185791,0.14752072095870972,3.712510108947754
495,1,1,1,0.26874402165412903,3.590399980545044,0.247314453125,3.728609800338745,0.26113080978393555,3.73730206489563,0.14471061527729034,3.7529265880584717
496,1,1,1,0.2573167383670807,3.605001449584961,0.26127031445503235,3.751210927963257,0.2644491195678711,3.794257402420044,0.17426657676696777,3.847895622253418
497,1,1,1,0.27265027165412903,3.5912704467773438,0.2762974202632904,3.6996970176696777,0.25826090574264526,3.7065632343292236,0.14961335062980652,3.737311840057373
498,1,1,1,0.33346620202064514,3.5692460536956787,0.4344407618045807,3.6338510513305664,0.377461314201355,3.6537132263183594,0.2113560289144516,3.6718528270721436
499,1,1,1,0.2950464189052582,3.578423500061035,0.3321557939052582,3.6659417152404785,0.30541494488716125,3.6903324127197266,0.17988678812980652,3.6870152950286865
500,1,3,0,0.2246965616941452,3.6034369468688965,0.10888671875,3.890683650970459,0.16289660334587097,3.7562243938446045,0.1042131707072258,3.7175369262695312
501,1,1,1,0.20979651808738708,3.6189470291137695,0.11792489886283875,3.9156243801116943,0.17023079097270966,3.892700433731079,0.11848293989896774,3.899915933609009
502,1,1,1,0.3138452470302582,3.577805995941162,0.39949876070022583,3.6539828777313232,0.3437998294830322,3.681835412979126,0.20141102373600006,3.722640037536621
503,1,1,1,0.2940399646759033,3.5878419876098633,0.3411690890789032,3.6872973442077637,0.3094407618045807,3.719350814819336,0.17641900479793549,3.7198374271392822
504,1,1,1,0.31522291898727417,3.5661211013793945,0.3619309961795807,3.6434383392333984,0.3263113796710968,3.6650583744049072,0.1813616007566452,3.6989011764526367
505,1,1,1,0.30008867383003235,3.5813894271850586,0.38786470890045166,3.6712868213653564,0.3360072374343872,3.7107269763946533,0.1938576102256775,3.74812388420105
506,1,1,1,0.2402866929769516,3.6127543449401855,0.22058354318141937,3.770916223526001,0.2089146226644516,3.791318893432617,0.13893096148967743,3.7984507083892822
507,1,1,1,0.3117401599884033,3.573101043701172,0.3666543662548065,3.6563072204589844,0.3267498314380646,3.6795060634613037,0.18640385568141937,3.708008050918579
508,1,1,1,0.3587671220302582,3.549870729446411,0.46805742383003235,3.60766863822937,0.3828623294830322,3.635902166366577,0.21671715378761292,3.6551406383514404
509,1,1,1,0.23249909281730652,3.580378770828247,0.12664420902729034,3.753835916519165,0.21012036502361298,3.7399697303771973,0.14413264393806458,3.7375552654266357
510,1,1,1,0.365132212638855,3.560903787612915,0.49944692850112915,3.6086232662200928,0.4154077470302582,3.6143641471862793,0.23684629797935486,3.6404409408569336
511,1,1,1,0.26528868079185486,3.570697546005249,0.22846579551696777,3.6841933727264404,0.2668008506298065,3.7061328887939453,0.164899542927742,3.704012632369995
512,1,1,1,0.3626559376716614,3.5451834201812744,0.47688135504722595,3.604323387145996,0.3924286365509033,3.6375410556793213,0.22373245656490326,3.6569571495056152
513,1,1,1,0.31764936447143555,3.5628161430358887,0.3750348687171936,3.6424918174743652,0.3156289756298065,3.6565005779266357,0.18474967777729034,3.6988134384155273
514,1,1,1,0.2590605914592743,3.609391450881958,0.26422491669654846,3.7457525730133057,0.24850524961948395,3.7690272331237793,0.1427973508834839,3.812840223312378
515,1,1,1,0.2980807423591614,3.5903120040893555,0.36383429169654846,3.685688018798828,0.3143036365509033,3.7090137004852295,0.19198420643806458,3.720959186553955
516,1,1,1,0.365132212638855,3.560903787612915,0.49944692850112915,3.6086232662200928,0.4154077470302582,3.6143641471862793,0.23684629797935486,3.6404409408569336
517,1,1,1,0.2951684892177582,3.584066867828369,0.3753935992717743,3.6794791221618652,0.33813974261283875,3.7088968753814697,0.1955915093421936,3.7266149520874023
518,1,1,1,0.3046177327632904,3.5946547985076904,0.39030611515045166,3.6914446353912354,0.3502371609210968,3.7112412452697754,0.20426099002361298,3.7211434841156006
519,1,1,1,0.31451788544654846,3.572007894515991,0.36673906445503235,3.648343801498413,0.3275071680545807,3.6549322605133057,0.18327486515045166,3.6966071128845215
520,1,1,1,0.3445247709751129,3.5164685249328613,0.36918047070503235,3.5653882026672363,0.34244459867477417,3.6184780597686768,0.18466995656490326,3.63565731048584
521,1,1,1,0.32777372002601624,3.59649920463562,0.441670298576355,3.691330671310425,0.38236406445503235,3.6798102855682373,0.2201450914144516,3.7022452354431152
522,1,1,1,0.31642866134643555,3.5739152431488037,0.3831064701080322,3.648346424102783,0.3406209945678711,3.671698570251465,0.189313605427742,3.6877565383911133
523,1,1,1,0.23620106279850006,3.613607883453369,0.17861627042293549,3.8236491680145264,0.21175462007522583,3.858823537826538,0.1261957883834839,3.891345500946045
524,1,1,1,0.2787637412548065,3.5782766342163086,0.29109036922454834,3.6907896995544434,0.30787625908851624,3.7119367122650146,0.18020567297935486,3.717982769012451
525,1,1,1,0.27553263306617737,3.599578619003296,0.3105817437171936,3.713435411453247,0.2744140625,3.755610466003418,0.16360411047935486,3.758801221847534
526,1,1,1,0.29956552386283875,3.5787041187286377,0.34336134791374207,3.668703079223633,0.29871851205825806,3.688394546508789,0.17715640366077423,3.7073912620544434
527,1,1,1,0.25793206691741943,3.577354669570923,0.20580057799816132,3.708606719970703,0.24111127853393555,3.723301410675049,0.14975287020206451,3.7046844959259033
528,1,1,1,0.2577427327632904,3.6051905155181885,0.25191324949264526,3.7408030033111572,0.24090202152729034,3.751685619354248,0.15272241830825806,3.77097749710083
529,1,1,1,0.28202974796295166,3.5909423828125,0.32918626070022583,3.6933507919311523,0.2950613796710968,3.7266464233398438,0.18148118257522583,3.7503843307495117
530,1,1,1,0.2563127875328064,3.6152536869049072,0.27571946382522583,3.759026288986206,0.25966596603393555,3.7972984313964844,0.16394291818141937,3.840505599975586
531,1,1,1,0.2873634696006775,3.6008236408233643,0.35023218393325806,3.718919277191162,0.31185227632522583,3.7754592895507812,0.1863241344690323,3.775484085083008
532,1,1,1,0.31301069259643555,3.5818376541137695,0.4121342897415161,3.6630802154541016,0.36436742544174194,3.6894845962524414,0.21271124482154846,3.720228672027588
533,1,1,1,0.24078741669654846,3.6143460273742676,0.2072056382894516,3.779330015182495,0.20034478604793549,3.790947437286377,0.12557795643806458,3.7727344036102295
534,1,1,1,0.27293676137924194,3.6015024185180664,0.3001783788204193,3.7147409915924072,0.2783203125,3.7286789417266846,0.16812819242477417,3.7508296966552734
535,1,1,1,0.2648676633834839,3.5718586444854736,0.21706093847751617,3.6852059364318848,0.2510662376880646,3.697519302368164,0.1502511203289032,3.6962461471557617
536,1,1,1,0.28395795822143555,3.552854299545288,0.2542201280593872,3.627991199493408,0.2842394709587097,3.663651704788208,0.15951849520206451,3.671039581298828
537,1,1,1,0.29221388697624207,3.570108413696289,0.3080357015132904,3.6727161407470703,0.29195231199264526,3.707761526107788,0.16493940353393555,3.7081923484802246
538,1,1,1,0.28094854950904846,3.587319850921631,0.2835618555545807,3.687324285507202,0.2527801990509033,3.6832892894744873,0.1496332883834839,3.7123069763183594
539,1,1,1,0.30838197469711304,3.5723137855529785,0.36378446221351624,3.655444860458374,0.3240194320678711,3.6838479042053223,0.18993143737316132,3.7095487117767334
540,1,1,1,0.23647759854793549,3.6111414432525635,0.18529774248600006,3.7852916717529297,0.20699138939380646,3.8011746406555176,0.13934949040412903,3.8303775787353516
541,1,1,1,0.2731136381626129,3.592228412628174,0.2971888780593872,3.7029523849487305,0.28741827607154846,3.729050397872925,0.17332987487316132,3.7439346313476562
542,1,1,1,0.26377150416374207,3.5785984992980957,0.2243054360151291,3.7119216918945312,0.22891421616077423,3.732456922531128,0.13221460580825806,3.780524492263794
543,1,1,1,0.32581064105033875,3.565990924835205,0.38418763875961304,3.631789207458496,0.33331671357154846,3.655804395675659,0.1960100382566452,3.6640570163726807
544,1,1,1,0.3401227593421936,3.561701536178589,0.46972155570983887,3.6282472610473633,0.417689710855484,3.6529009342193604,0.2610211968421936,3.6515233516693115
545,1,1,1,0.2725207209587097,3.6169464588165283,0.3406558930873871,3.7427711486816406,0.3143933415412903,3.7913787364959717,0.1872807741165161,3.812812566757202
546,1,1,1,0.2552764117717743,3.5779740810394287,0.19940808415412903,3.716280937194824,0.23291015625,3.734522819519043,0.1459263414144516,3.745288133621216
547,1,1,1,0.29422682523727417,3.6000423431396484,0.38341039419174194,3.6922106742858887,0.3445073366165161,3.707103967666626,0.1995774805545807,3.741861343383789
548,1,1,1,0.36335599422454834,3.552682876586914,0.4867017865180969,3.605018377304077,0.4036790430545807,3.6240434646606445,0.2302495241165161,3.640439748764038
549,1,1,1,0.28662109375,3.585908889770508,0.31333205103874207,3.6864535808563232,0.28910234570503235,3.7030539512634277,0.16655372083187103,3.717721700668335
550,1,1,1,0.3306959569454193,3.5706849098205566,0.46191903948783875,3.638643503189087,0.4049844443798065,3.659555673599243,0.24282525479793549,3.688772201538086
551,1,1,1,0.234601691365242,3.588599443435669,0.12971839308738708,3.7728826999664307,0.1902204155921936,3.7606475353240967,0.12342553585767746,3.7879865169525146
552,1,1,1,0.25657933950424194,3.589059352874756,0.22826151549816132,3.727457284927368,0.2307378053665161,3.753746509552002,0.14632493257522583,3.789430618286133
553,1,1,1,0.3017752468585968,3.5722458362579346,0.3542829155921936,3.65805983543396,0.31363600492477417,3.6960666179656982,0.18644371628761292,3.7150187492370605
554,1,1,1,0.365132212638855,3.560903787612915,0.49944692850112915,3.6086232662200928,0.4154077470302582,3.6143641471862793,0.23684629797935486,3.6404409408569336
555,1,1,1,0.26715710759162903,3.5949795246124268,0.281005859375,3.7205801010131836,0.27403539419174194,3.753636360168457,0.16571667790412903,3.7669272422790527
556,1,1,1,0.2589011490345001,3.57291316986084,0.20258191227912903,3.6916303634643555,0.23328882455825806,3.710905075073242,0.1478794664144516,3.7028300762176514
557,1,1,1,0.26123544573783875,3.5823845863342285,0.22597955167293549,3.703009605407715,0.2539759874343872,3.722132921218872,0.16200971603393555,3.7165703773498535
558,1,1,1,0.23012994229793549,3.638011932373047,0.22268614172935486,3.8005549907684326,0.20616430044174194,3.810720682144165,0.14449138939380646,3.8104827404022217
559,1,1,1,0.29683762788772583,3.5905685424804688,0.3860660493373871,3.69026255607605,0.35326650738716125,3.7260725498199463,0.20400190353393555,3.7371044158935547
560,1,1,1,0.24472357332706451,3.618217706680298,0.24139030277729034,3.76013445854187,0.22026465833187103,3.7806732654571533,0.14839763939380646,3.827692747116089
561,1,1,1,0.32731035351753235,3.5852341651916504,0.43385282158851624,3.6684045791625977,0.36827367544174194,3.69250750541687,0.21492347121238708,3.6987202167510986
562,1,1,1,0.22285056114196777,3.6397924423217773,0.19414660334587097,3.8381667137145996,0.18363361060619354,3.847134828567505,0.12503986060619354,3.85208797454834
563,1,1,1,0.3469661772251129,3.5626566410064697,0.4782565236091614,3.621786117553711,0.4056421220302582,3.640798807144165,0.23335857689380646,3.671705484390259
564,1,1,1,0.31833943724632263,3.577098846435547,0.4021494388580322,3.650613784790039,0.342494398355484,3.6598777770996094,0.1970463991165161,3.683422565460205
565,1,1,1,0.28304117918014526,3.5876688957214355,0.3078015446662903,3.694044589996338,0.2811603248119354,3.7197234630584717,0.17147639393806458,3.738842487335205
566,1,1,1,0.2601243555545807,3.57450008392334,0.20965202152729034,3.6999619007110596,0.24622328579425812,3.714881181716919,0.14933434128761292,3.731616258621216
567,1,1,1,0.2599997818470001,3.5975029468536377,0.2591976225376129,3.722463607788086,0.2539759874343872,3.744497299194336,0.15752550959587097,3.747596263885498
568,1,1,1,0.29018107056617737,3.593015193939209,0.34341615438461304,3.7016756534576416,0.31211134791374207,3.728137731552124,0.18349409103393555,3.7325947284698486
569,1,1,1,0.3233542740345001,3.5753445625305176,0.4197375178337097,3.6396970748901367,0.3651646077632904,3.654604911804199,0.21484375,3.672170639038086
570,1,1,1,0.4014095366001129,3.5363528728485107,0.5721211433410645,3.574246406555176,0.47261637449264526,3.5960402488708496,0.2702288031578064,3.627037286758423
571,1,1,1,0.24665427207946777,3.611833333969116,0.23085737228393555,3.765550136566162,0.22571547329425812,3.8047327995300293,0.14186064898967743,3.8259341716766357
572,1,1,1,0.2730962038040161,3.565948724746704,0.2424665093421936,3.666694164276123,0.2687539756298065,3.7094550132751465,0.16161112487316132,3.7026760578155518
573,1,1,1,0.29213419556617737,3.5736067295074463,0.31736287474632263,3.65812611579895,0.2816486060619354,3.6830596923828125,0.16868622601032257,3.699432849884033
574,1,1,1,0.29906976222991943,3.5722413063049316,0.33859315514564514,3.663522481918335,0.29931640625,3.6901488304138184,0.17372846603393555,3.7297234535217285
575,1,1,1,0.34009286761283875,3.5267367362976074,0.37403836846351624,3.5730042457580566,0.3408900499343872,3.5918617248535156,0.18064412474632263,3.6029345989227295
576,1,1,1,0.38897329568862915,3.5411016941070557,0.5211006999015808,3.5871665477752686,0.42895010113716125,3.613947868347168,0.24382174015045166,3.6177048683166504
577,1,1,1,0.28381097316741943,3.5994699001312256,0.34107938408851624,3.7056796550750732,0.31364595890045166,3.7267990112304688,0.18138153851032257,3.758927583694458
578,1,2,0,0.2204515039920807,3.6205716133117676,0.14862683415412903,3.8924572467803955,0.18993143737316132,3.89286470413208,0.10961415618658066,3.9312727451324463
579,1,1,1,0.2877795100212097,3.5765039920806885,0.3070242702960968,3.6661689281463623,0.2863520383834839,3.698601007461548,0.17436622083187103,3.71368145942688
580,1,1,1,0.33884724974632263,3.555765390396118,0.44572603702545166,3.6274607181549072,0.3865891993045807,3.660806894302368,0.22584502398967743,3.6590187549591064
581,1,1,1,0.2875727415084839,3.5701353549957275,0.29499661922454834,3.6635196208953857,0.2967952787876129,3.6904714107513428,0.18086335062980652,3.6795592308044434
582,1,1,1,0.25567251443862915,3.6094768047332764,0.254638671875,3.735183000564575,0.23874959349632263,3.750448703765869,0.15194514393806458,3.757476329803467
583,1,1,1,0.3007488548755646,3.5799310207366943,0.3594248294830322,3.660303831100464,0.3242685794830322,3.6802186965942383,0.18636399507522583,3.7075178623199463
584,1,1,1,0.28093859553337097,3.5793333053588867,0.27996450662612915,3.688556671142578,0.27257055044174194,3.6996307373046875,0.1520647257566452,3.7335517406463623
585,1,1,1,0.22607173025608063,3.5826528072357178,0.11283780634403229,3.789067029953003,0.1910574734210968,3.7957022190093994,0.12902583181858063,3.794717311859131
586,1,1,1,0.25649213790893555,3.576526403427124,0.20052415132522583,3.707324981689453,0.24926258623600006,3.7325098514556885,0.15411750972270966,3.7345144748687744
587,1,1,1,0.365132212638855,3.560903787612915,0.49944692850112915,3.6086232662200928,0.4154077470302582,3.6143641471862793,0.23684629797935486,3.6404409408569336
588,1,1,1,0.2681386470794678,3.5926527976989746,0.27881357073783875,3.7029967308044434,0.25929728150367737,3.7304868698120117,0.16372369229793549,3.7421789169311523
589,1,1,1,0.24287757277488708,3.6190598011016846,0.23393653333187103,3.768678665161133,0.22494818270206451,3.7817399501800537,0.15070949494838715,3.7975404262542725
590,1,1,1,0.23279057443141937,3.6166045665740967,0.1698869913816452,3.853623390197754,0.20624402165412903,3.880030870437622,0.11162707209587097,3.9132297039031982
591,1,1,1,0.26345762610435486,3.597083806991577,0.27568957209587097,3.721210241317749,0.25860968232154846,3.725994110107422,0.16202965378761292,3.757072687149048
592,1,1,1,0.2547956109046936,3.605483055114746,0.24992027878761292,3.752352476119995,0.24029415845870972,3.776271104812622,0.14931440353393555,3.7917778491973877
593,1,1,1,0.30069154500961304,3.5425186157226562,0.28701967000961304,3.6109607219696045,0.29539021849632263,3.6412980556488037,0.16731105744838715,3.6532459259033203
594,1,1,1,0.2962372303009033,3.5538718700408936,0.28322306275367737,3.6297059059143066,0.30381056666374207,3.660522222518921,0.171875,3.6803107261657715
595,1,1,1,0.22927045822143555,3.637448310852051,0.20865552127361298,3.8290510177612305,0.18022559583187103,3.829813003540039,0.1187220960855484,3.882491111755371
596,1,1,1,0.3395273685455322,3.5553860664367676,0.43187978863716125,3.617604970932007,0.3690110743045807,3.65026593208313,0.21886958181858063,3.6704607009887695
597,1,1,1,0.2675532102584839,3.582003355026245,0.23915815353393555,3.7101874351501465,0.25908800959587097,3.7321152687072754,0.14602598547935486,3.760474920272827
598,1,1,1,0.32268664240837097,3.5718488693237305,0.42286649346351624,3.6417386531829834,0.3585379421710968,3.667454242706299,0.20687180757522583,3.697687864303589
599,1,1,1,0.2538464665412903,3.6005632877349854,0.24525171518325806,3.7383337020874023,0.2457449734210968,3.7766919136047363,0.15617027878761292,3.7808830738067627
600,1,1,1,0.3500353693962097,3.546762704849243,0.43806299567222595,3.6041901111602783,0.36799466609954834,3.6328089237213135,0.20834662020206451,3.6602258682250977
601,1,1,1,0.25886380672454834,3.5846211910247803,0.22654755413532257,3.719677209854126,0.23237204551696777,3.738410711288452,0.14574696123600006,3.7877752780914307
602,1,1,1,0.2917131781578064,3.5803699493408203,0.3318767845630646,3.6731672286987305,0.28360170125961304,3.7100844383239746,0.16753028333187103,3.7357840538024902
603,1,1,1,0.35555094480514526,3.5581939220428467,0.463642954826355,3.620697498321533,0.3907047212123871,3.6480565071105957,0.22710059583187103,3.6590609550476074
604,1,1,1,0.2505605220794678,3.5952653884887695,0.21739476919174194,3.739159345626831,0.23013989627361298,3.7586922645568848,0.14734135568141937,3.7823617458343506
605,1,1,1,0.365132212638855,3.560903787612915,0.49944692850112915,3.6086232662200928,0.4154077470302582,3.6143641471862793,0.23684629797935486,3.6404409408569336
606,1,1,1,0.37217244505882263,3.5569136142730713,0.521728515625,3.611738681793213,0.43641382455825806,3.6297521591186523,0.2508968412876129,3.654778003692627
607,1,1,1,0.22818927466869354,3.611199140548706,0.15466059744358063,3.831223249435425,0.1794184446334839,3.8341572284698486,0.12545838952064514,3.8775217533111572
608,1,1,1,0.3242810368537903,3.572571039199829,0.4351731836795807,3.6438326835632324,0.38063016533851624,3.6660208702087402,0.22979113459587097,3.675628900527954
609,1,1,1,0.30263224244117737,3.5581212043762207,0.3208605647087097,3.6260287761688232,0.3127291798591614,3.6171176433563232,0.1669921875,3.6183314323425293
610,1,1,1,0.3650948703289032,3.563328981399536,0.5084153413772583,3.621896982192993,0.4249342083930969,3.6288957595825195,0.24583466351032257,3.653182029724121
611,1,1,1,0.27022629976272583,3.5951175689697266,0.26674604415893555,3.7230513095855713,0.2693120241165161,3.7488715648651123,0.15664859116077423,3.7249364852905273
612,1,1,1,0.25559529662132263,3.602428913116455,0.25729432702064514,3.7212045192718506,0.2604631781578064,3.7445099353790283,0.16324537992477417,3.7585153579711914
613,1,1,1,0.32083067297935486,3.590376138687134,0.4379384517669678,3.6680963039398193,0.3811981678009033,3.674752950668335,0.224469855427742,3.6986594200134277
614,1,1,1,0.365132212638855,3.560903787612915,0.49944692850112915,3.6086232662200928,0.4154077470302582,3.6143641471862793,0.23684629797935486,3.6404409408569336
615,1,1,1,0.2657819390296936,3.608527660369873,0.30637654662132263,3.732513666152954,0.27750319242477417,3.7604496479034424,0.17526307702064514,3.7491471767425537
616,1,1,1,0.29377591609954834,3.5778636932373047,0.32380521297454834,3.6735446453094482,0.2909657955169678,3.68385910987854,0.169921875,3.7173352241516113
617,1,1,1,0.30140405893325806,3.5762319564819336,0.34023237228393555,3.6634888648986816,0.30445829033851624,3.6804895401000977,0.17875079810619354,3.7073252201080322
618,1,1,1,0.31671515107154846,3.572845458984375,0.3693050444126129,3.644122362136841,0.3186981678009033,3.6622474193573,0.18538743257522583,3.6832938194274902
619,1,1,1,0.3528952896595001,3.5608272552490234,0.4676588177680969,3.6152608394622803,0.39420241117477417,3.622791290283203,0.22024473547935486,3.6500768661499023
620,1,1,1,0.2557721734046936,3.5674545764923096,0.1909628063440323,3.6930623054504395,0.24552574753761292,3.725719451904297,0.1549944132566452,3.73048734664917
621,1,1,1,0.26950135827064514,3.5932888984680176,0.27311861515045166,3.7049949169158936,0.2611706852912903,3.7261626720428467,0.16137196123600006,3.7410151958465576
622,1,1,1,0.23612633347511292,3.626568078994751,0.22323420643806458,3.8226051330566406,0.22905372083187103,3.8736188411712646,0.14275749027729034,3.9350831508636475
623,1,1,1,0.35829877853393555,3.566317081451416,0.5024164915084839,3.6174418926239014,0.4237484037876129,3.630396842956543,0.24856504797935486,3.6496150493621826
624,1,1,1,0.31612473726272583,3.564805507659912,0.36496034264564514,3.64040470123291,0.32831433415412903,3.6637630462646484,0.1843710094690323,3.65798282623291
625,1,1,1,0.33038702607154846,3.5639195442199707,0.4140973687171936,3.627209424972534,0.3544921875,3.6535110473632812,0.2099609375,3.685619354248047
626,1,1,1,0.24527911841869354,3.6093320846557617,0.22402642667293549,3.7549984455108643,0.2155512571334839,3.7552125453948975,0.14126275479793549,3.748448133468628
627,1,1,1,0.2674809694290161,3.570443868637085,0.22768354415893555,3.67439866065979,0.2599748969078064,3.69730544090271,0.1536790430545807,3.696537494659424
628,1,1,1,0.24858497083187103,3.6008176803588867,0.21943756937980652,3.7451751232147217,0.22208824753761292,3.768071174621582,0.14389349520206451,3.7990305423736572
629,1,1,1,0.2680564224720001,3.5948140621185303,0.27023378014564514,3.7122445106506348,0.24594427645206451,3.7235524654388428,0.1529017835855484,3.7059435844421387
630,1,1,1,0.30320271849632263,3.589123249053955,0.38858217000961304,3.6766252517700195,0.3383191227912903,3.7157373428344727,0.20077326893806458,3.742009162902832
631,1,1,1,0.2751813530921936,3.58785080909729,0.2910754084587097,3.710167646408081,0.2779615819454193,3.744640350341797,0.16784916818141937,3.7601521015167236
632,1,1,1,0.25509706139564514,3.598585844039917,0.23995037376880646,3.7385120391845703,0.24543605744838715,3.774015426635742,0.14945392310619354,3.7631683349609375
633,1,1,1,0.28958067297935486,3.5957071781158447,0.3657824397087097,3.680959939956665,0.32681959867477417,3.7097599506378174,0.20099249482154846,3.7341597080230713
634,1,1,1,0.33276116847991943,3.563669204711914,0.4190250337123871,3.6233649253845215,0.35318678617477417,3.6500861644744873,0.21105708181858063,3.6696884632110596
635,1,1,1,0.23233218491077423,3.622335433959961,0.19987145066261292,3.819045305252075,0.19703643023967743,3.8406918048858643,0.12428252398967743,3.8603272438049316
636,1,1,1,0.3285534977912903,3.574383497238159,0.4294533133506775,3.644101142883301,0.3681740164756775,3.6529083251953125,0.2082868218421936,3.6766817569732666
637,1,1,1,0.2661481499671936,3.600482940673828,0.27330297231674194,3.7220206260681152,0.23989556729793549,3.7439560890197754,0.16069434583187103,3.746124267578125
638,1,1,1,0.248883917927742,3.613048553466797,0.24018454551696777,3.7733683586120605,0.23495295643806458,3.7928154468536377,0.15102837979793549,3.798891544342041
639,1,1,1,0.27182069420814514,3.569392681121826,0.24545100331306458,3.6772830486297607,0.26795679330825806,3.71498703956604,0.16464045643806458,3.7370779514312744
640,1,1,1,0.2968226671218872,3.5749032497406006,0.3400430381298065,3.663726329803467,0.28882333636283875,3.683100938796997,0.17681759595870972,3.718101978302002
641,1,1,1,0.22109922766685486,3.6129395961761475,0.13972815871238708,3.8782269954681396,0.18274672329425812,3.8688042163848877,0.11664938926696777,3.863659620285034
642,1,1,1,0.365132212638855,3.560903787612915,0.49944692850112915,3.6086232662200928,0.4154077470302582,3.6143641471862793,0.23684629797935486,3.6404409408569336
643,1,1,1,0.29882314801216125,3.577073812484741,0.34119898080825806,3.661886692047119,0.29684510827064514,3.7029776573181152,0.1755620241165161,3.737314224243164
644,1,1,1,0.2830536365509033,3.582679033279419,0.2970942258834839,3.6722848415374756,0.2875478267669678,3.686131238937378,0.16414222121238708,3.7073822021484375
645,1,1,1,0.2799844443798065,3.580791473388672,0.2755301296710968,3.694141149520874,0.27221181988716125,3.746311902999878,0.15860171616077423,3.7480523586273193
646,1,1,1,0.26550042629241943,3.602426528930664,0.2985491156578064,3.7181575298309326,0.2724509537220001,3.7477781772613525,0.17570152878761292,3.7534029483795166
647,1,1,1,0.26197782158851624,3.5392353534698486,0.13675861060619354,3.6140336990356445,0.2926299273967743,3.655111312866211,0.1877790093421936,3.622903823852539
648,1,1,1,0.2789381444454193,3.585801362991333,0.3068747818470001,3.6975531578063965,0.2756795883178711,3.733020067214966,0.16647401452064514,3.7731354236602783
649,1,1,1,0.28674066066741943,3.5491833686828613,0.25337809324264526,3.627246618270874,0.29020845890045166,3.6744496822357178,0.15975764393806458,3.679765462875366
650,1,1,1,0.2928541600704193,3.577138900756836,0.34888193011283875,3.6653194427490234,0.29761239886283875,3.6824817657470703,0.18211893737316132,3.7068285942077637
651,1,1,1,0.28963297605514526,3.5894064903259277,0.3182397782802582,3.6865763664245605,0.28958067297935486,3.683861017227173,0.16816803812980652,3.7015881538391113
652,1,1,1,0.365132212638855,3.560903787612915,0.49944692850112915,3.6086232662200928,0.4154077470302582,3.6143641471862793,0.23684629797935486,3.6404409408569336
653,1,1,1,0.3102404475212097,3.5758633613586426,0.3683832883834839,3.6523075103759766,0.3187978267669678,3.662665605545044,0.19038982689380646,3.681670665740967
654,1,1,1,0.2573665678501129,3.5420727729797363,0.13371431827545166,3.62119460105896,0.2840401828289032,3.652364492416382,0.1861049085855484,3.633861541748047
655,1,1,1,0.22568558156490326,3.6401889324188232,0.20524254441261292,3.8454349040985107,0.1971958726644516,3.8819546699523926,0.14393335580825806,3.9345057010650635
656,1,1,1,0.32057905197143555,3.5621800422668457,0.39035096764564514,3.6367220878601074,0.34447744488716125,3.667621374130249,0.19636878371238708,3.6773571968078613
657,1,1,1,0.365132212638855,3.560903787612915,0.49944692850112915,3.6086232662200928,0.4154077470302582,3.6143641471862793,0.23684629797935486,3.6404409408569336
658,1,1,1,0.33638590574264526,3.5817461013793945,0.4443857669830322,3.654770612716675,0.3784777522087097,3.6574339866638184,0.21490353345870972,3.6602985858917236
659,1,1,1,0.22248932719230652,3.5988309383392334,0.1268933266401291,3.827626943588257,0.18965241312980652,3.810319423675537,0.12344546616077423,3.799483299255371
660,1,1,1,0.26509934663772583,3.6013927459716797,0.2762775123119354,3.719350814819336,0.25191324949264526,3.754469871520996,0.15720662474632263,3.7607758045196533
661,1,1,1,0.3186134696006775,3.566735029220581,0.39853712916374207,3.656473398208618,0.35676419734954834,3.6922519207000732,0.1974848508834839,3.728327751159668
662,1,1,1,0.365132212638855,3.560903787612915,0.49944692850112915,3.6086232662200928,0.4154077470302582,3.6143641471862793,0.23684629797935486,3.6404409408569336
663,1,1,1,0.25322863459587097,3.593489408493042,0.2067970633506775,3.7435972690582275,0.21967673301696777,3.7738263607025146,0.13438695669174194,3.771170139312744
664,1,1,1,0.365132212638855,3.560903787612915,0.49944692850112915,3.6086232662200928,0.4154077470302582,3.6143641471862793,0.23684629797935486,3.6404409408569336
665,1,1,1,0.3281075656414032,3.5471317768096924,0.39602598547935486,3.6193196773529053,0.34511518478393555,3.667802333831787,0.19758449494838715,3.682570219039917
666,1,1,1,0.28074926137924194,3.5845866203308105,0.29641661047935486,3.679671287536621,0.26908281445503235,3.713402271270752,0.15981744229793549,3.731637477874756
667,1,1,1,0.30165067315101624,3.59210467338562,0.40753546357154846,3.6857593059539795,0.3649752736091614,3.7161853313446045,0.22799743711948395,3.735576868057251
668,1,1,1,0.36490052938461304,3.5625436305999756,0.5237712860107422,3.614565849304199,0.44493383169174194,3.626539707183838,0.2621372640132904,3.6530070304870605
669,1,1,1,0.365132212638855,3.560903787612915,0.49944692850112915,3.6086232662200928,0.4154077470302582,3.6143641471862793,0.23684629797935486,3.6404409408569336
670,1,1,1,0.365132212638855,3.560903787612915,0.49944692850112915,3.6086232662200928,0.4154077470302582,3.6143641471862793,0.23684629797935486,3.6404409408569336
671,1,1,1,0.3262615501880646,3.585611343383789,0.43259724974632263,3.6560628414154053,0.37168166041374207,3.6474971771240234,0.21677693724632263,3.6718764305114746
672,1,1,1,0.26834791898727417,3.5828328132629395,0.24953164160251617,3.705582857131958,0.2594766318798065,3.734513521194458,0.14775988459587097,3.746290683746338
673,1,1,1,0.27362433075904846,3.598142623901367,0.28138452768325806,3.7152721881866455,0.2619479298591614,3.732187032699585,0.15174585580825806,3.723141670227051
674,1,1,1,0.2520677149295807,3.5932180881500244,0.22905871272087097,3.730015516281128,0.23064811527729034,3.7629828453063965,0.14897559583187103,3.7987959384918213
675,1,1,1,0.3334811329841614,3.568129777908325,0.41315069794654846,3.633880376815796,0.3541334569454193,3.648685932159424,0.19981664419174194,3.65759015083313
676,1,1,1,0.2854277789592743,3.5965192317962646,0.31005361676216125,3.7009594440460205,0.28692999482154846,3.7181010246276855,0.16513870656490326,3.7140960693359375
677,1,1,1,0.32362332940101624,3.568169116973877,0.40219923853874207,3.6381947994232178,0.3482043147087097,3.656898260116577,0.20260682702064514,3.6846351623535156
678,1,1,1,0.38535603880882263,3.540724754333496,0.5037418007850647,3.575324058532715,0.415248304605484,3.5852272510528564,0.223493292927742,3.6112003326416016
679,1,1,1,0.365132212638855,3.560903787612915,0.49944692850112915,3.6086232662200928,0.4154077470302582,3.6143641471862793,0.23684629797935486,3.6404409408569336
680,1,1,1,0.2687016725540161,3.6017394065856934,0.29556959867477417,3.7183845043182373,0.2701590359210968,3.7471506595611572,0.16743063926696777,3.7833590507507324
681,1,1,1,0.35027700662612915,3.567352294921875,0.4886549115180969,3.6275198459625244,0.41555723547935486,3.630856990814209,0.24412068724632263,3.6610336303710938
682,1,1,1,0.33622148633003235,3.530623435974121,0.3473523259162903,3.562102794647217,0.34468668699264526,3.596212863922119,0.2020886391401291,3.626725912094116
683,1,1,1,0.28462809324264526,3.599499464035034,0.3141591548919678,3.7065327167510986,0.2721022069454193,3.702519655227661,0.16198979318141937,3.7096457481384277
684,1,1,1,0.3426364064216614,3.5607945919036865,0.446308970451355,3.6295325756073,0.3778798580169678,3.633474826812744,0.2160395383834839,3.6555349826812744
685,1,1,1,0.27003446221351624,3.614351272583008,0.3327138423919678,3.744058609008789,0.3045380115509033,3.7758255004882812,0.18658322095870972,3.7882931232452393
686,1,1,1,0.2938232421875,3.5874955654144287,0.36331114172935486,3.6801750659942627,0.3309949040412903,3.696592092514038,0.20589524507522583,3.7329397201538086
687,1,1,1,0.2606475055217743,3.6086153984069824,0.29268473386764526,3.7148597240448,0.2675282955169678,3.732893705368042,0.17667809128761292,3.7468698024749756
688,1,1,1,0.2569405734539032,3.6006128787994385,0.24274054169654846,3.733553647994995,0.2373046875,3.7588393688201904,0.14405293762683868,3.816131591796875
689,1,1,1,0.3116180896759033,3.5796091556549072,0.3906100392341614,3.6599488258361816,0.34239476919174194,3.6720023155212402,0.1991589516401291,3.6851797103881836
690,1,1,1,0.2543048560619354,3.600930690765381,0.23580993711948395,3.749471664428711,0.23337849974632263,3.7641758918762207,0.14401307702064514,3.819817304611206
691,1,1,1,0.27145448327064514,3.60128116607666,0.30902722477912903,3.700272560119629,0.2717733383178711,3.715726137161255,0.17621970176696777,3.7446279525756836
692,1,1,1,0.30335718393325806,3.568514347076416,0.3252899646759033,3.6592583656311035,0.28955078125,3.659496784210205,0.16633449494838715,3.6607956886291504
693,1,1,1,0.3753935992717743,3.5438263416290283,0.5074288249015808,3.5924806594848633,0.42211416363716125,3.6214354038238525,0.2450573891401291,3.6321568489074707
694,1,1,1,0.3394451439380646,3.562037706375122,0.4654017686843872,3.6250641345977783,0.40134724974632263,3.647184371948242,0.23449456691741943,3.674400806427002
695,1,1,1,0.2974155843257904,3.5805084705352783,0.35640543699264526,3.682030439376831,0.3261220455169678,3.7135698795318604,0.18054448068141937,3.728998899459839
696,1,1,1,0.2677251100540161,3.5987884998321533,0.2873634696006775,3.7103772163391113,0.26139986515045166,3.732273578643799,0.1650390625,3.7224972248077393
697,1,1,1,0.2759835422039032,3.5713653564453125,0.2459193617105484,3.6721842288970947,0.30332228541374207,3.6926639080047607,0.16962292790412903,3.672776460647583
698,2,2,1,0.21769371628761292,3.6156046390533447,0.10965900123119354,3.936616897583008,0.14185068011283875,3.853529930114746,0.09093988686800003,3.8275258541107178
699,2,2,1,0.22534677386283875,3.624392032623291,0.1535395383834839,3.865102529525757,0.1778738796710968,3.8711483478546143,0.10564811527729034,3.911337375640869
700,2,2,1,0.23390913009643555,3.578477621078491,0.11888651549816132,3.775742769241333,0.18023556470870972,3.7625365257263184,0.11916055530309677,3.775547742843628
701,2,1,0,0.22566315531730652,3.5874722003936768,0.12242905050516129,3.7939116954803467,0.1999262571334839,3.7840800285339355,0.13151705265045166,3.76920747756958
702,2,2,1,0.2246542125940323,3.60074520111084,0.10662467777729034,3.8906075954437256,0.1487264782190323,3.8026130199432373,0.10120376199483871,3.8003151416778564
703,2,2,1,0.2194575071334839,3.6167869567871094,0.12146244943141937,3.909508466720581,0.16331513226032257,3.8869364261627197,0.10357541590929031,3.8560707569122314
704,2,2,1,0.2221854031085968,3.6164238452911377,0.13046576082706451,3.9106740951538086,0.15426698327064514,3.8518829345703125,0.09749680757522583,3.81091570854187
705,2,2,1,0.2245396226644516,3.6061666011810303,0.11741171032190323,3.8901336193084717,0.15236367285251617,3.850294351577759,0.0991908460855484,3.8197710514068604
706,2,2,1,0.2219337821006775,3.607727289199829,0.10556839406490326,3.894704580307007,0.15196508169174194,3.821049213409424,0.10116390138864517,3.762608289718628
707,2,2,1,0.2288818359375,3.605409622192383,0.12347038090229034,3.886122465133667,0.15447624027729034,3.8030576705932617,0.09785554558038712,3.8073320388793945
708,2,2,1,0.21235251426696777,3.6315696239471436,0.11361507326364517,3.9825022220611572,0.14165137708187103,3.930988311767578,0.0866350457072258,3.900161027908325
709,2,2,1,0.22354312241077423,3.605268955230713,0.11088966578245163,3.853522539138794,0.15414740145206451,3.805805206298828,0.10138312727212906,3.7548654079437256
710,2,2,1,0.22412358224391937,3.605379819869995,0.115234375,3.8878414630889893,0.15015146136283875,3.8300371170043945,0.0975167378783226,3.843245506286621
711,2,2,1,0.22095473110675812,3.6106796264648438,0.10622110217809677,3.9072659015655518,0.14789938926696777,3.8292009830474854,0.0997488796710968,3.808791160583496
712,2,2,1,0.23426538705825806,3.5750670433044434,0.12477080523967743,3.7502596378326416,0.18475964665412903,3.7218058109283447,0.11451689898967743,3.7220675945281982
713,2,2,1,0.21990592777729034,3.61232328414917,0.10687380284070969,3.9076921939849854,0.14909517765045166,3.82134747505188,0.09701849520206451,3.7773213386535645
714,2,2,1,0.22223272919654846,3.6046342849731445,0.10841338336467743,3.8582656383514404,0.15140704810619354,3.7634592056274414,0.10489077866077423,3.7358920574188232
715,2,2,1,0.22568558156490326,3.611908435821533,0.12538862228393555,3.8935070037841797,0.15844227373600006,3.835094451904297,0.09909119457006454,3.848350763320923
716,2,2,1,0.21539679169654846,3.636256456375122,0.1278599351644516,3.9527316093444824,0.15092872083187103,3.945266008377075,0.0962611585855484,3.9368529319763184
717,2,2,1,0.23462162911891937,3.5718259811401367,0.10957928001880646,3.748283624649048,0.20027503371238708,3.7181808948516846,0.1393694132566452,3.718146800994873
718,2,2,1,0.21303261816501617,3.6251096725463867,0.10496552288532257,3.9410927295684814,0.1369878053665161,3.873936176300049,0.08922592550516129,3.8947956562042236
719,2,2,1,0.22042907774448395,3.6110281944274902,0.11427275836467743,3.8828864097595215,0.15636958181858063,3.7989420890808105,0.104910708963871,3.73024320602417
720,2,2,1,0.2222028374671936,3.6043567657470703,0.10385940968990326,3.91801381111145,0.14219945669174194,3.846390962600708,0.09285315126180649,3.8420262336730957
721,2,2,1,0.21605199575424194,3.625436782836914,0.13011200726032257,3.9136478900909424,0.16187021136283875,3.86678147315979,0.10269849747419357,3.800504446029663
722,2,2,1,0.21966178715229034,3.613208055496216,0.12407325953245163,3.9055898189544678,0.15922950208187103,3.889730215072632,0.09948979318141937,3.882211446762085
723,2,2,1,0.21036949753761292,3.6340770721435547,0.1178850457072258,3.9856297969818115,0.14358457922935486,3.935595750808716,0.08539938926696777,3.90735125541687
724,2,2,1,0.22569306194782257,3.6224074363708496,0.14434689283370972,3.8806047439575195,0.1710379421710968,3.8794569969177246,0.10668446868658066,3.861759662628174
725,2,2,1,0.22708067297935486,3.6058123111724854,0.12384406477212906,3.875563144683838,0.15853196382522583,3.8386447429656982,0.100027896463871,3.771866798400879
726,2,2,1,0.22225017845630646,3.6101016998291016,0.11259366571903229,3.9158332347869873,0.14617545902729034,3.8220736980438232,0.09687898308038712,3.852705240249634
727,2,2,1,0.221296027302742,3.6096925735473633,0.10770587623119354,3.9070639610290527,0.14750079810619354,3.8049588203430176,0.09462691098451614,3.797177791595459
728,2,2,1,0.23340341448783875,3.5745651721954346,0.11253387480974197,3.7686619758605957,0.17490433156490326,3.719804048538208,0.12065529078245163,3.7307565212249756
729,2,2,1,0.22677923738956451,3.6106820106506348,0.12808413803577423,3.8737308979034424,0.15788424015045166,3.8441050052642822,0.10048628598451614,3.843316078186035
730,2,2,1,0.21923328936100006,3.611929178237915,0.11149752885103226,3.8812673091888428,0.1522739976644516,3.805837392807007,0.10231982916593552,3.745617389678955
731,2,2,1,0.22499550879001617,3.60255765914917,0.107421875,3.865445375442505,0.15681800246238708,3.7950053215026855,0.10503029078245163,3.7407970428466797
732,2,2,1,0.2260493040084839,3.6046199798583984,0.12560786306858063,3.887782573699951,0.16808833181858063,3.8505454063415527,0.1018415167927742,3.8011741638183594
733,2,2,1,0.22070810198783875,3.61061692237854,0.10990811884403229,3.904982089996338,0.1465541273355484,3.8346364498138428,0.09777582436800003,3.8061556816101074
734,2,2,1,0.22045399248600006,3.6082470417022705,0.10181660205125809,3.890237331390381,0.15265266597270966,3.8003785610198975,0.10437260568141937,3.7880465984344482
735,2,2,1,0.22801737487316132,3.612359046936035,0.14281727373600006,3.860661506652832,0.17932875454425812,3.8500778675079346,0.10678412020206451,3.8600223064422607
736,2,2,1,0.22319185733795166,3.6057863235473633,0.10746671259403229,3.8845102787017822,0.14672352373600006,3.8017523288726807,0.0950055792927742,3.8026010990142822
737,2,2,1,0.22485102713108063,3.6246607303619385,0.1433802992105484,3.8992249965667725,0.16675302386283875,3.8993067741394043,0.10148277878761292,3.9151611328125
738,2,2,1,0.2220110148191452,3.612161636352539,0.10733218491077423,3.9185311794281006,0.1457868218421936,3.7972660064697266,0.09658003598451614,3.7560875415802
739,2,2,1,0.2225266993045807,3.6046080589294434,0.10976362973451614,3.8876078128814697,0.1454480141401291,3.8289942741394043,0.09462691098451614,3.810025215148926
740,2,2,1,0.23006018996238708,3.612032651901245,0.14193537831306458,3.878084659576416,0.16575653851032257,3.849825620651245,0.10098452866077423,3.845668077468872
741,2,2,1,0.22958435118198395,3.5809326171875,0.11040138453245163,3.7969131469726562,0.17971739172935486,3.753756523132324,0.123046875,3.732426404953003
742,2,2,1,0.2255161851644516,3.6018736362457275,0.10799983888864517,3.8733623027801514,0.1546556055545807,3.8387887477874756,0.1011439710855484,3.8143842220306396
743,2,2,1,0.21708336472511292,3.6198487281799316,0.11203064769506454,3.922748565673828,0.14752072095870972,3.8657119274139404,0.09562340378761292,3.82263445854187
744,2,2,1,0.22046396136283875,3.6123440265655518,0.10554846376180649,3.898036241531372,0.14220942556858063,3.8304953575134277,0.09369020909070969,3.787066698074341
745,2,2,1,0.22192880511283875,3.6038906574249268,0.10624600946903229,3.8783531188964844,0.1496930718421936,3.8236587047576904,0.09596221148967743,3.8240914344787598
746,2,2,1,0.23301228880882263,3.5819764137268066,0.11688356846570969,3.7921905517578125,0.17742545902729034,3.749283790588379,0.11904097348451614,3.7363133430480957
747,2,2,1,0.22388441860675812,3.6057817935943604,0.11015225946903229,3.8898589611053467,0.1472616344690323,3.818446397781372,0.09245456010103226,3.791334390640259
748,2,2,1,0.22871741652488708,3.606879472732544,0.12446188926696777,3.8845877647399902,0.16708186268806458,3.820957899093628,0.10196109116077423,3.794175148010254
749,2,2,1,0.22266870737075806,3.6091675758361816,0.11585219949483871,3.8759677410125732,0.15760523080825806,3.814175605773926,0.10313695669174194,3.7714009284973145
750,2,2,1,0.22378228604793549,3.612715482711792,0.11650988459587097,3.9012999534606934,0.14884606003761292,3.837249755859375,0.09295280277729034,3.797384262084961
751,2,2,1,0.2351422905921936,3.5684938430786133,0.114501953125,3.7525782585144043,0.18811781704425812,3.7268247604370117,0.1300821155309677,3.729431629180908
752,2,2,1,0.21392697095870972,3.6204349994659424,0.10699338465929031,3.9237682819366455,0.14379383623600006,3.855855941772461,0.09516501426696777,3.8550784587860107
753,2,2,1,0.21455226838588715,3.6245718002319336,0.1153390035033226,3.9491121768951416,0.14996212720870972,3.898066282272339,0.09679926186800003,3.851966142654419
754,2,2,1,0.2232068032026291,3.604919910430908,0.11213528364896774,3.8721673488616943,0.15632972121238708,3.803480386734009,0.10369499027729034,3.770517110824585
755,2,2,1,0.2222302407026291,3.6210975646972656,0.1315668821334839,3.918617010116577,0.16247807443141937,3.901257276535034,0.10018733888864517,3.911478042602539
756,2,2,1,0.2308349609375,3.583148956298828,0.110281802713871,3.781331777572632,0.1851980984210968,3.733656167984009,0.1280691921710968,3.723155975341797
757,2,2,1,0.22038424015045166,3.6285042762756348,0.14455117285251617,3.9106922149658203,0.15963807702064514,3.8911361694335938,0.09578283876180649,3.8859758377075195
758,2,2,1,0.22391431033611298,3.606724500656128,0.11107899993658066,3.8839597702026367,0.1547253578901291,3.8150317668914795,0.10251913219690323,3.7960731983184814
759,2,2,1,0.22030951082706451,3.6220006942749023,0.12078483402729034,3.9097020626068115,0.1584921032190323,3.8521220684051514,0.10540895909070969,3.826054096221924
760,2,2,1,0.22360540926456451,3.6060473918914795,0.10272341221570969,3.893146514892578,0.1458565890789032,3.769146680831909,0.09546396136283875,3.7628393173217773
761,2,2,1,0.21819694340229034,3.6127007007598877,0.11745157092809677,3.891019344329834,0.16662348806858063,3.844566822052002,0.1065848171710968,3.8083395957946777
762,2,2,1,0.21886958181858063,3.615598201751709,0.11136798560619354,3.906630277633667,0.15385840833187103,3.8411269187927246,0.09853316098451614,3.838996648788452
763,2,2,1,0.22517737746238708,3.6068615913391113,0.12247388809919357,3.8702657222747803,0.16073420643806458,3.830254077911377,0.10712292790412903,3.8026046752929688
764,2,2,1,0.22076290845870972,3.6099462509155273,0.10926538705825806,3.9025535583496094,0.14957350492477417,3.8344438076019287,0.09935028851032257,3.7673017978668213
765,2,2,1,0.2185232937335968,3.6141910552978516,0.11151247471570969,3.915329933166504,0.15144690871238708,3.8628108501434326,0.10122369229793549,3.8180744647979736
766,2,2,1,0.2356206178665161,3.5725207328796387,0.10973373800516129,3.7549490928649902,0.18513831496238708,3.684051990509033,0.12996253371238708,3.6798036098480225
767,2,2,1,0.21754175424575806,3.6168019771575928,0.106201171875,3.923434257507324,0.13914021849632263,3.845806837081909,0.09131855517625809,3.8201658725738525
768,2,2,1,0.22662726044654846,3.598944664001465,0.10897141695022583,3.849435329437256,0.15545280277729034,3.806410312652588,0.10423310101032257,3.771510601043701
769,2,2,1,0.22551119327545166,3.598738431930542,0.10667450726032257,3.854647397994995,0.1570272594690323,3.797563076019287,0.10666453838348389,3.739349842071533
770,2,2,1,0.22046396136283875,3.6201975345611572,0.12450673431158066,3.918164014816284,0.15077924728393555,3.8973629474639893,0.09568319469690323,3.8991875648498535
771,2,2,1,0.23470383882522583,3.568462610244751,0.1109095960855484,3.7619946002960205,0.18706153333187103,3.717984199523926,0.1253587305545807,3.721144676208496
772,2,2,1,0.22984842956066132,3.5966529846191406,0.118896484375,3.8319993019104004,0.1696428507566452,3.7881226539611816,0.10973373800516129,3.743370771408081
773,2,2,1,0.22464673221111298,3.6053783893585205,0.11163703352212906,3.8878872394561768,0.14845742285251617,3.8460867404937744,0.09518494457006454,3.8601338863372803
774,2,2,1,0.22855298221111298,3.5848076343536377,0.11497030407190323,3.7998266220092773,0.17224369943141937,3.7458488941192627,0.11559311300516129,3.704310417175293
775,2,2,1,0.227155402302742,3.5989997386932373,0.11194096505641937,3.8735477924346924,0.15690767765045166,3.826368570327759,0.10138312727212906,3.800471782684326
776,2,2,1,0.2301722913980484,3.6101326942443848,0.15536810457706451,3.8345251083374023,0.19117705523967743,3.8558249473571777,0.11906090378761292,3.8943755626678467
777,2,2,1,0.22022730112075806,3.607131242752075,0.10369499027729034,3.9115893840789795,0.14548787474632263,3.8206164836883545,0.09610172361135483,3.774989604949951
778,2,2,1,0.22313953936100006,3.61039400100708,0.10259386897087097,3.9028215408325195,0.1485770046710968,3.8358819484710693,0.1008649542927742,3.838174343109131
779,2,2,1,0.21705347299575806,3.612359046936035,0.10274334251880646,3.9112069606781006,0.1450892835855484,3.80961537361145,0.09817442297935486,3.7553796768188477
780,2,2,1,0.22726501524448395,3.6178500652313232,0.14438177645206451,3.8919179439544678,0.18090321123600006,3.89754319190979,0.1017020046710968,3.902214288711548
781,2,2,1,0.22054865956306458,3.611962080001831,0.11386917531490326,3.920057773590088,0.15124760568141937,3.818026065826416,0.10020726919174194,3.737271308898926
782,2,2,1,0.23096948862075806,3.605783462524414,0.13536351919174194,3.8606081008911133,0.16845703125,3.829754590988159,0.10383450239896774,3.836660385131836
783,2,2,1,0.21866779029369354,3.6248362064361572,0.11259865015745163,3.9162352085113525,0.14553770422935486,3.8350565433502197,0.09153778851032257,3.8338775634765625
784,2,2,1,0.21941016614437103,3.619088649749756,0.1207100972533226,3.8979651927948,0.15639947354793549,3.858999729156494,0.09901148080825806,3.8764090538024902
785,2,2,1,0.22518981993198395,3.6005001068115234,0.10634566098451614,3.868253469467163,0.14812858402729034,3.8020853996276855,0.0966796875,3.801071882247925
786,2,2,1,0.22140814363956451,3.6022727489471436,0.10847317427396774,3.880988359451294,0.15588130056858063,3.823946714401245,0.10457190126180649,3.8164665699005127
787,2,2,1,0.22123873233795166,3.616032600402832,0.10244937241077423,3.947038173675537,0.12802933156490326,3.834604501724243,0.08539938926696777,3.7922987937927246
788,2,2,1,0.2204938530921936,3.6099674701690674,0.10747668147087097,3.888136863708496,0.15437659621238708,3.829202175140381,0.10526944696903229,3.808405876159668
789,2,2,1,0.2227434366941452,3.6063125133514404,0.11548349261283875,3.8902838230133057,0.1519252210855484,3.8171980381011963,0.09861288219690323,3.7491915225982666
790,2,2,1,0.23512983322143555,3.575082302093506,0.11646503955125809,3.771507978439331,0.18242785334587097,3.7595455646514893,0.1266741007566452,3.712712287902832
791,2,2,1,0.2173200249671936,3.622601270675659,0.11835339665412903,3.9253177642822266,0.15782445669174194,3.884960174560547,0.09875238686800003,3.8520686626434326
792,2,2,1,0.21681182086467743,3.6226015090942383,0.12369957566261292,3.9414749145507812,0.15649911761283875,3.890289783477783,0.0966796875,3.9084725379943848
793,2,2,1,0.22456203401088715,3.608069658279419,0.12328603118658066,3.8800113201141357,0.15238361060619354,3.8551530838012695,0.09952965378761292,3.9034841060638428
794,2,2,1,0.2142857164144516,3.6212565898895264,0.10397400707006454,3.9426872730255127,0.13879145681858063,3.8531734943389893,0.0906808003783226,3.8057143688201904
795,2,2,1,0.23190119862556458,3.579726457595825,0.11791493743658066,3.789191246032715,0.1752232164144516,3.7365787029266357,0.1142578125,3.7127158641815186
796,2,2,1,0.22377729415893555,3.6097676753997803,0.1331612765789032,3.8818752765655518,0.16947345435619354,3.8796966075897217,0.10297751426696777,3.8145925998687744
797,2,2,1,0.22265125811100006,3.6145410537719727,0.1276407092809677,3.894761562347412,0.16750039160251617,3.8558509349823,0.10483099520206451,3.804943084716797
798,2,2,1,0.2283163219690323,3.5937719345092773,0.11540377885103226,3.8160347938537598,0.18237802386283875,3.774286985397339,0.1233258917927742,3.71073055267334
799,2,2,1,0.21889448165893555,3.625065326690674,0.11612124741077423,3.9117393493652344,0.1478196680545807,3.8563435077667236,0.09380979090929031,3.839388132095337
800,2,2,1,0.2254813015460968,3.5975804328918457,0.11318658292293549,3.8452701568603516,0.15927933156490326,3.7840964794158936,0.10516980290412903,3.743225336074829
801,2,2,1,0.22379224002361298,3.5999531745910645,0.10480109602212906,3.872016668319702,0.15267258882522583,3.8186802864074707,0.10349569469690323,3.790102005004883
802,2,2,1,0.22533680498600006,3.6062331199645996,0.1120256707072258,3.9070894718170166,0.15516382455825806,3.8239033222198486,0.1015625,3.761970281600952
803,2,2,1,0.2277483195066452,3.6105666160583496,0.14985749125480652,3.8352229595184326,0.18896484375,3.8324105739593506,0.11316166818141937,3.8689680099487305
804,2,2,1,0.22487592697143555,3.602457046508789,0.10786032676696777,3.88271427154541,0.14903539419174194,3.821208953857422,0.10042649507522583,3.79876971244812
805,2,2,1,0.22030700743198395,3.6200740337371826,0.11957907676696777,3.924041748046875,0.15675820410251617,3.865297794342041,0.09825414419174194,3.8833670616149902
806,2,2,1,0.21894928812980652,3.618616819381714,0.10299744457006454,3.9252612590789795,0.13614077866077423,3.814009666442871,0.08990354090929031,3.754821538925171
807,2,2,1,0.22328901290893555,3.6036036014556885,0.10967893153429031,3.8832054138183594,0.1570272594690323,3.8312602043151855,0.10082509368658066,3.8513541221618652
808,2,2,1,0.21326430141925812,3.626673460006714,0.1084333136677742,3.9553370475769043,0.1476004421710968,3.8703079223632812,0.09359055757522583,3.817291259765625
809,2,2,1,0.22136080265045166,3.6183149814605713,0.1181989386677742,3.90570330619812,0.14745096862316132,3.8611881732940674,0.09149792790412903,3.8220431804656982
810,2,2,1,0.22234733402729034,3.6132748126983643,0.10725247114896774,3.919492721557617,0.1390904039144516,3.8314945697784424,0.09267378598451614,3.8010752201080322
811,2,2,1,0.2216971218585968,3.608027696609497,0.1026785671710968,3.8920321464538574,0.14221937954425812,3.792670965194702,0.09721779078245163,3.777777671813965
812,2,2,1,0.21978634595870972,3.625339984893799,0.1263352930545807,3.9308645725250244,0.14658401906490326,3.8855879306793213,0.089285708963871,3.8888392448425293
813,2,2,1,0.23136559128761292,3.6126928329467773,0.1467733532190323,3.8745672702789307,0.18705157935619354,3.8922805786132812,0.11232461780309677,3.8685238361358643
814,2,2,1,0.23684629797935486,3.5681588649749756,0.11246412247419357,3.7523038387298584,0.18287627398967743,3.698779344558716,0.1288464516401291,3.7105956077575684
815,2,2,1,0.21773606538772583,3.618814468383789,0.10656488686800003,3.9373013973236084,0.14386360347270966,3.8460206985473633,0.09442761540412903,3.8111016750335693
816,2,2,1,0.2179204225540161,3.60775089263916,0.10685885697603226,3.922926187515259,0.14496970176696777,3.876890182495117,0.0930524542927742,3.8672091960906982
817,2,2,1,0.21851083636283875,3.616825580596924,0.10984832793474197,3.923118829727173,0.14588648080825806,3.8372268676757812,0.09837372601032257,3.799837827682495
818,2,2,1,0.233136847615242,3.5717170238494873,0.11340580880641937,3.745310068130493,0.18634407222270966,3.730802059173584,0.12844786047935486,3.7106285095214844
819,2,2,1,0.22185656428337097,3.606546401977539,0.10600685328245163,3.883812665939331,0.1497030407190323,3.807694911956787,0.09875238686800003,3.800201892852783
820,2,2,1,0.22421076893806458,3.6024222373962402,0.10085498541593552,3.8795573711395264,0.15683792531490326,3.778067111968994,0.1026785671710968,3.7833850383758545
821,2,2,1,0.22965161502361298,3.599301338195801,0.1235700324177742,3.8369016647338867,0.15932916104793549,3.799424648284912,0.10921555757522583,3.767153263092041
822,2,2,1,0.2195272594690323,3.6071152687072754,0.10251414775848389,3.885735034942627,0.15047034621238708,3.8126490116119385,0.10341597348451614,3.7729814052581787
823,2,2,1,0.2197265625,3.620022773742676,0.11843809485435486,3.9137184619903564,0.15718670189380646,3.860022783279419,0.10235968977212906,3.8234033584594727
824,2,2,1,0.2210693359375,3.6048524379730225,0.10429786890745163,3.8946638107299805,0.14051538705825806,3.7936315536499023,0.09267378598451614,3.7608602046966553
825,2,2,1,0.22431789338588715,3.5971035957336426,0.10726243257522583,3.877229690551758,0.15235371887683868,3.791222333908081,0.10080516338348389,3.806643009185791
826,2,2,1,0.22866758704185486,3.5973808765411377,0.10925043374300003,3.8746750354766846,0.14797911047935486,3.7478787899017334,0.1043526753783226,3.7014896869659424
827,2,2,1,0.21821437776088715,3.6219561100006104,0.10841836780309677,3.9495863914489746,0.13883131742477417,3.8458943367004395,0.08810985088348389,3.796652317047119
828,2,2,1,0.218610480427742,3.62139892578125,0.134765625,3.9193286895751953,0.16146165132522583,3.9000184535980225,0.097098208963871,3.950533628463745
829,2,2,1,0.2164555788040161,3.6155121326446533,0.10897640138864517,3.9262070655822754,0.1513073891401291,3.8550448417663574,0.09962930530309677,3.8351669311523438
830,2,2,1,0.23396144807338715,3.5748343467712402,0.11309191584587097,3.7687461376190186,0.1835339516401291,3.7357475757598877,0.1261758655309677,3.736692428588867
831,2,2,1,0.2169438600540161,3.61838698387146,0.11993283033370972,3.914461374282837,0.14971300959587097,3.8935701847076416,0.09564333409070969,3.889143466949463
832,2,2,1,0.22207330167293549,3.608837604522705,0.10043147951364517,3.9005308151245117,0.1501813530921936,3.7503151893615723,0.1001674085855484,3.716275453567505
833,2,2,1,0.21791791915893555,3.6288840770721436,0.10850805044174194,3.952704668045044,0.13803412020206451,3.8461594581604004,0.08840879797935486,3.8020739555358887
834,2,2,1,0.22208575904369354,3.6216249465942383,0.12348532676696777,3.916478395462036,0.14980268478393555,3.861438274383545,0.09237483888864517,3.832146644592285
835,2,2,1,0.22983597218990326,3.6215288639068604,0.15272241830825806,3.888000726699829,0.1585618555545807,3.890648603439331,0.08926578611135483,3.951551675796509
836,2,2,1,0.21847845613956451,3.61368989944458,0.114013671875,3.9036402702331543,0.1507493555545807,3.83044695854187,0.10172193497419357,3.7952585220336914
837,2,2,1,0.22607173025608063,3.6100478172302246,0.12645985186100006,3.8896024227142334,0.16368383169174194,3.8523073196411133,0.10108418017625809,3.784700393676758
838,2,2,1,0.22509516775608063,3.6017043590545654,0.1058175191283226,3.874894142150879,0.1459362953901291,3.784363269805908,0.09546396136283875,3.772651433944702
839,2,2,1,0.23077267408370972,3.579657554626465,0.11805444955825806,3.7881741523742676,0.17638911306858063,3.756115436553955,0.11764588207006454,3.7236998081207275
840,2,2,1,0.2281842827796936,3.6150553226470947,0.1438436657190323,3.87516450881958,0.17309071123600006,3.866666555404663,0.11080994457006454,3.8597121238708496
841,2,2,1,0.2209572196006775,3.625994920730591,0.1292550265789032,3.89966082572937,0.15184549987316132,3.8770835399627686,0.0993303582072258,3.862961530685425
842,2,3,0,0.22976373136043549,3.598705291748047,0.13607102632522583,3.8072867393493652,0.18310546875,3.813877582550049,0.11766581237316132,3.8363821506500244
843,2,2,1,0.21997816860675812,3.611295461654663,0.10374481976032257,3.8779656887054443,0.15587133169174194,3.8288581371307373,0.10634566098451614,3.8032233715057373
844,2,2,1,0.2330247461795807,3.5775513648986816,0.1070382222533226,3.785085916519165,0.19234295189380646,3.7190446853637695,0.1301020383834839,3.687040328979492
845,2,2,1,0.2192831188440323,3.61384654045105,0.11177156120538712,3.9160165786743164,0.15082907676696777,3.8650238513946533,0.0973772332072258,3.8833401203155518
846,2,2,1,0.23060327768325806,3.584944725036621,0.11691346019506454,3.810696840286255,0.17789381742477417,3.7693254947662354,0.11975844949483871,3.765185594558716
847,2,2,1,0.21693389117717743,3.623525857925415,0.14118801057338715,3.911917209625244,0.17112763226032257,3.9064810276031494,0.10750158876180649,3.9180572032928467
848,2,2,1,0.2196667641401291,3.6118104457855225,0.09735231846570969,3.907876491546631,0.15140704810619354,3.7631959915161133,0.10172193497419357,3.7276644706726074
849,2,2,1,0.22857291996479034,3.607023239135742,0.13642477989196777,3.866147994995117,0.16953323781490326,3.837829828262329,0.10447225719690323,3.795116424560547
850,2,2,1,0.22128607332706451,3.613412857055664,0.11314672231674194,3.9142630100250244,0.14831791818141937,3.825517416000366,0.09504543989896774,3.7462780475616455
851,2,2,1,0.22686144709587097,3.613063335418701,0.1350346803665161,3.890303373336792,0.16934390366077423,3.8886666297912598,0.10301737487316132,3.905397653579712
852,2,2,1,0.22435526549816132,3.5973927974700928,0.10531429201364517,3.8577375411987305,0.15196508169174194,3.808983564376831,0.10210060328245163,3.793870687484741
853,2,2,1,0.22381964325904846,3.617543935775757,0.12292230874300003,3.9091646671295166,0.15621013939380646,3.882049083709717,0.0962611585855484,3.8616976737976074
854,2,2,1,0.2240089774131775,3.610271453857422,0.11825374513864517,3.889188528060913,0.15732620656490326,3.8794021606445312,0.10098452866077423,3.8588907718658447
855,2,2,1,0.22188147902488708,3.607938051223755,0.1045270636677742,3.888078451156616,0.15580157935619354,3.817396879196167,0.10744180530309677,3.769059658050537
856,2,2,1,0.22759635746479034,3.613842010498047,0.13467593491077423,3.876063585281372,0.1717454493045807,3.8457210063934326,0.10648517310619354,3.8115291595458984
857,2,2,1,0.21901406347751617,3.6300134658813477,0.13257333636283875,3.9315242767333984,0.14141222834587097,3.9358749389648438,0.08266900479793549,3.920684576034546
858,2,2,1,0.22397162020206451,3.6336536407470703,0.15987224876880646,3.9352073669433594,0.17252272367477417,3.9806504249572754,0.10118383169174194,4.014575481414795
859,2,2,1,0.22150778770446777,3.61132550239563,0.10624103248119354,3.913332939147949,0.14888592064380646,3.782745361328125,0.10110411047935486,3.7480781078338623
860,2,2,1,0.23767587542533875,3.568460702896118,0.11249402165412903,3.7506864070892334,0.19379782676696777,3.678990125656128,0.1267338991165161,3.663940906524658
861,2,2,1,0.2266596555709839,3.6024532318115234,0.1091657355427742,3.85992693901062,0.15965799987316132,3.795905590057373,0.10503029078245163,3.719924211502075
862,2,2,1,0.2167096734046936,3.6187679767608643,0.11476602405309677,3.9181644916534424,0.1526128053665161,3.888214111328125,0.0982142835855484,3.890219211578369
863,2,2,1,0.2179652601480484,3.616483688354492,0.11763093620538712,3.919691562652588,0.15734614431858063,3.8920202255249023,0.0977957546710968,3.8343183994293213
864,2,2,1,0.22470404207706451,3.600057601928711,0.1028180792927742,3.8616979122161865,0.1577845960855484,3.7872300148010254,0.11098931729793549,3.8114562034606934
865,2,2,1,0.21792788803577423,3.620979070663452,0.10769092291593552,3.9473953247070312,0.14331552386283875,3.855583429336548,0.09257413446903229,3.8122713565826416
866,2,2,1,0.2151750773191452,3.618237257003784,0.11434749513864517,3.9189107418060303,0.14778977632522583,3.820443630218506,0.09879224747419357,3.739358425140381
867,2,2,1,0.23045380413532257,3.5851619243621826,0.10866250842809677,3.7830252647399902,0.17155611515045166,3.717646360397339,0.11441724747419357,3.6977877616882324
868,2,2,1,0.22752909362316132,3.5911948680877686,0.11542868614196777,3.8276426792144775,0.16592593491077423,3.7567713260650635,0.11595184355974197,3.7768993377685547
869,2,2,1,0.22517487406730652,3.606989860534668,0.11507991701364517,3.883361577987671,0.15334023535251617,3.854887008666992,0.10134326666593552,3.8861355781555176
870,2,2,1,0.2179054617881775,3.6199910640716553,0.10377471148967743,3.920395612716675,0.14583665132522583,3.8096344470977783,0.09460698068141937,3.817779541015625
871,2,2,1,0.2378901243209839,3.571394205093384,0.11632055044174194,3.762700319290161,0.18124201893806458,3.7439520359039307,0.12362483888864517,3.690955877304077
872,2,2,1,0.22065578401088715,3.6065618991851807,0.10665955394506454,3.896949529647827,0.14729152619838715,3.802313804626465,0.09701849520206451,3.765406847000122
873,2,2,1,0.22298508882522583,3.609018087387085,0.10389429330825806,3.9000096321105957,0.14437180757522583,3.81225848197937,0.0966796875,3.802927255630493
874,2,2,1,0.23434759676456451,3.5678811073303223,0.11441226303577423,3.740539073944092,0.18774911761283875,3.741945743560791,0.13038106262683868,3.722867727279663
875,2,2,1,0.22709064185619354,3.6115450859069824,0.14573201537132263,3.8885090351104736,0.17918924987316132,3.856523275375366,0.11029177159070969,3.8398988246917725
876,2,2,1,0.22166971862316132,3.6117217540740967,0.10582250356674194,3.9100711345672607,0.15190528333187103,3.7885069847106934,0.1036551296710968,3.729282855987549
877,2,2,1,0.21980129182338715,3.6255242824554443,0.12940947711467743,3.9399375915527344,0.15334023535251617,3.897777557373047,0.09741708636283875,3.8917758464813232
878,2,2,1,0.21934041380882263,3.611323833465576,0.11217015981674194,3.9122729301452637,0.15391820669174194,3.8870904445648193,0.10188137739896774,3.889280080795288
879,2,2,1,0.21488361060619354,3.618751049041748,0.11009745299816132,3.9362809658050537,0.15072943270206451,3.8710830211639404,0.09747687727212906,3.8765077590942383
880,2,2,1,0.22971639037132263,3.5875608921051025,0.11170679330825806,3.8192684650421143,0.16168087720870972,3.7748537063598633,0.10997289419174194,3.7274374961853027
881,2,2,1,0.2289167046546936,3.6004526615142822,0.12119339406490326,3.859398126602173,0.16477997601032257,3.835752248764038,0.10227997601032257,3.8298909664154053
882,2,2,1,0.21994827687740326,3.6127376556396484,0.13099390268325806,3.9076108932495117,0.16206951439380646,3.877520799636841,0.10024712979793549,3.8580517768859863
883,2,2,1,0.21917101740837097,3.6266636848449707,0.12340561300516129,3.922924757003784,0.14990234375,3.884331464767456,0.09275350719690323,3.863558292388916
884,2,2,1,0.22705078125,3.6226136684417725,0.14291693270206451,3.8988635540008545,0.1771165430545807,3.886688470840454,0.10674425959587097,3.8945107460021973
885,2,2,1,0.22543147206306458,3.5922091007232666,0.10559330880641937,3.8463642597198486,0.1687360405921936,3.7462942600250244,0.11623086780309677,3.737654209136963
886,2,2,1,0.22321677207946777,3.5999374389648438,0.10481106489896774,3.871553421020508,0.14908522367477417,3.7948665618896484,0.10259885340929031,3.785353422164917
887,2,2,1,0.2364676296710968,3.56954288482666,0.11020208895206451,3.732661247253418,0.19605986773967743,3.6882338523864746,0.13327088952064514,3.6979212760925293
888,2,2,1,0.22494567930698395,3.5994906425476074,0.10480109602212906,3.875772476196289,0.1541673243045807,3.8011763095855713,0.1014229878783226,3.753389596939087
889,2,2,1,0.22360540926456451,3.619483709335327,0.13471081852912903,3.917076587677002,0.1665736585855484,3.9008734226226807,0.09650031477212906,3.8802146911621094
890,2,2,1,0.2266073375940323,3.5917086601257324,0.10924545675516129,3.8332574367523193,0.15470543503761292,3.8013527393341064,0.10311702638864517,3.7788944244384766
891,2,2,1,0.2143479883670807,3.623598098754883,0.11843809485435486,3.928147792816162,0.14198023080825806,3.8545761108398438,0.08934549987316132,3.809948682785034
892,2,2,1,0.22178681194782257,3.603929042816162,0.1081194207072258,3.8952994346618652,0.15292170643806458,3.8249053955078125,0.10122369229793549,3.7692458629608154
893,2,2,1,0.2197788804769516,3.6122806072235107,0.10863260924816132,3.9278998374938965,0.1448003053665161,3.8518340587615967,0.09576291590929031,3.8195629119873047
894,2,2,1,0.23112642765045166,3.5828661918640137,0.10771583765745163,3.788935661315918,0.1730707883834839,3.7276601791381836,0.11754623800516129,3.7188878059387207
895,2,2,1,0.22126862406730652,3.6144180297851562,0.11583226919174194,3.924853801727295,0.15495455265045166,3.8724758625030518,0.09677933156490326,3.847405195236206
896,2,2,1,0.21896423399448395,3.611008644104004,0.10714783519506454,3.916391611099243,0.14424225687980652,3.8616926670074463,0.09187659621238708,3.832104206085205
897,2,2,1,0.2228231579065323,3.6092147827148438,0.10546376556158066,3.8881750106811523,0.1501713991165161,3.7901127338409424,0.09927056729793549,3.7319815158843994
898,2,2,1,0.22418087720870972,3.615082025527954,0.1354282945394516,3.8880467414855957,0.16477997601032257,3.860365152359009,0.10612643510103226,3.885070323944092
899,2,2,1,0.22458943724632263,3.5890274047851562,0.11738679558038712,3.8112478256225586,0.16977240145206451,3.7561776638031006,0.11684869229793549,3.7397236824035645
900,2,2,1,0.22007782757282257,3.601815700531006,0.10418327152729034,3.878574848175049,0.15518374741077423,3.794708728790283,0.10624600946903229,3.7368223667144775
901,2,2,1,0.22055365145206451,3.618194580078125,0.12139269709587097,3.9145870208740234,0.15426698327064514,3.8487823009490967,0.09592235088348389,3.8497817516326904
902,2,2,1,0.22389936447143555,3.600878953933716,0.10656987130641937,3.878021478652954,0.1522042453289032,3.7959930896759033,0.10150270909070969,3.783428192138672
903,2,2,1,0.21798767149448395,3.6239171028137207,0.13734155893325806,3.913731098175049,0.16492944955825806,3.8746299743652344,0.09775589406490326,3.9033639430999756
904,2,2,1,0.23487822711467743,3.57440447807312,0.10961415618658066,3.7751364707946777,0.1786511391401291,3.6701250076293945,0.12280771136283875,3.65157413482666
905,2,2,1,0.2232317179441452,3.6101198196411133,0.10627590864896774,3.908813953399658,0.14757055044174194,3.8002564907073975,0.09939014166593552,3.777822256088257
906,2,2,1,0.22951211035251617,3.6046369075775146,0.14156170189380646,3.877763032913208,0.17444594204425812,3.8646178245544434,0.10481106489896774,3.8718388080596924
907,2,2,1,0.22414101660251617,3.624438762664795,0.1439034640789032,3.9220967292785645,0.16987204551696777,3.8931777477264404,0.1070033460855484,3.8768858909606934
908,2,2,1,0.22108179330825806,3.6068804264068604,0.10596200823783875,3.887995481491089,0.1458665430545807,3.8228583335876465,0.09755659848451614,3.8275792598724365
909,2,2,1,0.21807238459587097,3.611314296722412,0.1030622199177742,3.915735960006714,0.14461097121238708,3.793963670730591,0.09869260340929031,3.7197091579437256
910,2,2,1,0.2147839516401291,3.628154754638672,0.11202068626880646,3.9461371898651123,0.13946907222270966,3.8223063945770264,0.0885881707072258,3.796175479888916
911,2,2,1,0.227887824177742,3.5843827724456787,0.11118362843990326,3.811875343322754,0.1767677664756775,3.794745922088623,0.12035634368658066,3.7362146377563477
912,2,2,1,0.21787308156490326,3.615154981613159,0.10671934485435486,3.9139082431793213,0.14672352373600006,3.8393099308013916,0.09935028851032257,3.8254764080047607
913,2,2,1,0.2192631959915161,3.623741626739502,0.1376604288816452,3.9229071140289307,0.16215918958187103,3.907884120941162,0.10018733888864517,3.874079942703247
914,2,2,1,0.22928790748119354,3.596764326095581,0.11166194826364517,3.845120668411255,0.16357421875,3.810173511505127,0.10901626199483871,3.8405849933624268
915,2,2,1,0.22402891516685486,3.604534864425659,0.10640046745538712,3.8893935680389404,0.15194514393806458,3.8212225437164307,0.10024712979793549,3.841749429702759
916,2,2,1,0.22382214665412903,3.6025776863098145,0.10845324397087097,3.877107620239258,0.1494140625,3.813525438308716,0.09871252626180649,3.806178092956543
917,2,2,1,0.21992336213588715,3.6197283267974854,0.12299206852912903,3.939558506011963,0.1569475382566452,3.8903491497039795,0.0983537957072258,3.8867275714874268
918,2,2,1,0.2244100719690323,3.5995116233825684,0.10610152035951614,3.866729259490967,0.15564213693141937,3.7858376502990723,0.10660474747419357,3.78725004196167
919,2,2,1,0.22147290408611298,3.6098694801330566,0.11020706593990326,3.9032957553863525,0.1448202282190323,3.86059308052063,0.09390943497419357,3.8357386589050293
920,2,2,1,0.22170709073543549,3.6051464080810547,0.10489077866077423,3.884096622467041,0.14846739172935486,3.809584617614746,0.09925063699483871,3.804819345474243
921,2,2,1,0.21715809404850006,3.630281448364258,0.11623086780309677,3.955889940261841,0.13736647367477417,3.8877766132354736,0.0842633917927742,3.7906811237335205
922,2,2,1,0.22125118970870972,3.609365940093994,0.10284299403429031,3.9021849632263184,0.14673349261283875,3.8170459270477295,0.09739716351032257,3.7652957439422607
923,2,2,1,0.22423319518566132,3.6237266063690186,0.1433354616165161,3.8936665058135986,0.16989198327064514,3.8575868606567383,0.10222018510103226,3.8680055141448975
924,2,2,1,0.22130101919174194,3.612009286880493,0.11947444826364517,3.893406629562378,0.15877112746238708,3.8270256519317627,0.10259885340929031,3.7836053371429443
925,2,2,1,0.22018744051456451,3.616790294647217,0.1065150648355484,3.920058012008667,0.14052534103393555,3.8308041095733643,0.09002311527729034,3.8111579418182373
926,2,2,1,0.22789530456066132,3.606062650680542,0.12183613330125809,3.8737986087799072,0.15919961035251617,3.8263020515441895,0.10140305757522583,3.8219339847564697
927,2,2,1,0.21541175246238708,3.6218831539154053,0.11357521265745163,3.938627004623413,0.1546456515789032,3.8686771392822266,0.1005859375,3.802060604095459
928,2,2,1,0.21868771314620972,3.6102662086486816,0.10169702768325806,3.905590057373047,0.14201012253761292,3.806048631668091,0.09560347348451614,3.7235772609710693
929,2,2,1,0.23579001426696777,3.571274518966675,0.11055085808038712,3.7464394569396973,0.1940569132566452,3.6773133277893066,0.13077965378761292,3.679670810699463
930,2,2,1,0.2241310477256775,3.6034812927246094,0.1210588738322258,3.8624110221862793,0.1623186320066452,3.8349807262420654,0.10576769709587097,3.782362937927246
931,2,2,1,0.23234961926937103,3.6113524436950684,0.15565210580825806,3.867253541946411,0.19247248768806458,3.8695313930511475,0.11240433156490326,3.8856382369995117
932,2,2,1,0.22369010746479034,3.6083571910858154,0.12581712007522583,3.8877713680267334,0.16603554785251617,3.8619613647460938,0.10289780050516129,3.813286781311035
933,2,2,1,0.2266596555709839,3.6105096340179443,0.12795957922935486,3.892570734024048,0.16452088952064514,3.8124773502349854,0.10556839406490326,3.8051726818084717
934,2,2,1,0.2167196422815323,3.61995792388916,0.11611627042293549,3.922849178314209,0.1554129421710968,3.869581937789917,0.09893175959587097,3.8374295234680176
935,2,2,1,0.23211295902729034,3.5783605575561523,0.11295738816261292,3.781527042388916,0.18074378371238708,3.7426397800445557,0.12505978345870972,3.7298805713653564
936,2,2,1,0.22771094739437103,3.60890531539917,0.13710737228393555,3.8673596382141113,0.17597058415412903,3.83447527885437,0.10899633169174194,3.8752970695495605
937,2,2,1,0.2187948375940323,3.617983341217041,0.11213528364896774,3.9255309104919434,0.14930444955825806,3.874457836151123,0.09526466578245163,3.8905856609344482
938,2,2,1,0.23495295643806458,3.575833320617676,0.11177654564380646,3.7768566608428955,0.17938855290412903,3.710254430770874,0.11943957209587097,3.7096612453460693
939,2,2,1,0.21828413009643555,3.619577407836914,0.10693359375,3.9531731605529785,0.1378348171710968,3.844057321548462,0.08922592550516129,3.820862293243408
940,2,2,1,0.2181047648191452,3.619070529937744,0.10723752528429031,3.9406681060791016,0.14161153137683868,3.87516713142395,0.09656010568141937,3.8899896144866943
941,2,2,1,0.22371502220630646,3.607309579849243,0.10266362130641937,3.8865809440612793,0.14511917531490326,3.7991485595703125,0.0966796875,3.761080265045166
942,2,2,1,0.23160973191261292,3.5816285610198975,0.1187569722533226,3.7857773303985596,0.17660833895206451,3.7572646141052246,0.1160714253783226,3.752232074737549
943,2,2,1,0.22114406526088715,3.6187520027160645,0.11813914775848389,3.925055980682373,0.1433354616165161,3.868464946746826,0.0887276753783226,3.8007636070251465
944,2,2,1,0.22078782320022583,3.6023402214050293,0.10307716578245163,3.8630123138427734,0.15803371369838715,3.8082475662231445,0.11025191098451614,3.7736804485321045
945,2,2,1,0.22182168066501617,3.6202986240386963,0.11769571155309677,3.9166877269744873,0.14080436527729034,3.858952522277832,0.09243462979793549,3.877964735031128
946,2,2,1,0.2230573296546936,3.6081619262695312,0.10754643380641937,3.9036831855773926,0.14277741312980652,3.8105108737945557,0.09893175959587097,3.794520616531372
947,2,2,1,0.23028190433979034,3.606921434402466,0.14822325110435486,3.8454065322875977,0.18578602373600006,3.840538501739502,0.11346061527729034,3.8482346534729004
948,2,3,0,0.22489337623119354,3.5995302200317383,0.10305225104093552,3.870086431503296,0.1574358195066452,3.758718967437744,0.09927056729793549,3.732985258102417
949,2,2,1,0.2166997194290161,3.622624635696411,0.10866748541593552,3.954011917114258,0.14352479577064514,3.8707213401794434,0.0929129421710968,3.8738739490509033
950,2,2,1,0.21261408925056458,3.6132872104644775,0.10587232559919357,3.931102752685547,0.14344507455825806,3.866481304168701,0.09476642310619354,3.8065195083618164
951,2,2,1,0.2223249077796936,3.625483274459839,0.14180085062980652,3.9188334941864014,0.15289181470870972,3.9247865676879883,0.08878746628761292,3.860381603240967
952,2,2,1,0.23610639572143555,3.57584810256958,0.11420798301696777,3.76755952835083,0.18340441584587097,3.727628469467163,0.1298828125,3.726254463195801
953,2,2,1,0.21926817297935486,3.6109230518341064,0.10504025965929031,3.905416965484619,0.1493542641401291,3.858887195587158,0.10006775707006454,3.8261301517486572
954,2,2,1,0.2192133665084839,3.6084506511688232,0.11436742544174194,3.886512041091919,0.15093868970870972,3.8465042114257812,0.09648038446903229,3.8202850818634033
955,2,2,1,0.22322674095630646,3.59987735748291,0.12343550473451614,3.85848069190979,0.16702207922935486,3.7930314540863037,0.11011239886283875,3.7484161853790283
956,2,2,1,0.21875,3.6102633476257324,0.10868243873119354,3.9179847240448,0.1520647257566452,3.8508520126342773,0.0969587042927742,3.7891058921813965
957,2,2,1,0.22010771930217743,3.6142406463623047,0.10865752398967743,3.914985418319702,0.14555762708187103,3.845895767211914,0.09494578838348389,3.845507860183716
958,2,2,1,0.22347088158130646,3.6061670780181885,0.10591218620538712,3.8895423412323,0.15289181470870972,3.825914144515991,0.10202088207006454,3.7935142517089844
959,2,2,1,0.2222825586795807,3.6118059158325195,0.14283721148967743,3.8903307914733887,0.16895528137683868,3.8594515323638916,0.10431281477212906,3.8028275966644287
960,2,2,1,0.22142308950424194,3.602850914001465,0.10617127269506454,3.8689756393432617,0.15013153851032257,3.767622470855713,0.10032685101032257,3.7532777786254883
961,2,2,1,0.22455456852912903,3.6020102500915527,0.11379942297935486,3.8617775440216064,0.15837252140045166,3.8000378608703613,0.10130341351032257,3.7993311882019043
962,2,2,1,0.21650290489196777,3.6109704971313477,0.10356544703245163,3.9239392280578613,0.14339524507522583,3.8522584438323975,0.09183673560619354,3.751519203186035
963,2,2,1,0.22226263582706451,3.6104822158813477,0.10877710580825806,3.9144833087921143,0.14838767051696777,3.810220956802368,0.09717793017625809,3.7871205806732178
964,2,2,1,0.21605199575424194,3.625436782836914,0.13011200726032257,3.9136478900909424,0.16187021136283875,3.86678147315979,0.10269849747419357,3.800504446029663
965,2,2,1,0.21734493970870972,3.616546630859375,0.10310208052396774,3.930556297302246,0.1367885023355484,3.843811511993408,0.08892697840929031,3.8160018920898438
966,2,2,1,0.21851831674575806,3.619494915008545,0.11769571155309677,3.934298515319824,0.14698262512683868,3.8605422973632812,0.0926339253783226,3.844449281692505
967,2,2,1,0.2362060546875,3.5707852840423584,0.11583725363016129,3.75061297416687,0.19047950208187103,3.729950189590454,0.12647481262683868,3.7179324626922607
968,2,2,1,0.2132045179605484,3.6284615993499756,0.1129324734210968,3.9718520641326904,0.13551299273967743,3.8737406730651855,0.08779097348451614,3.8665153980255127
969,2,2,1,0.22072304785251617,3.604830741882324,0.10494060814380646,3.8831543922424316,0.15571188926696777,3.8073084354400635,0.10489077866077423,3.774843215942383
970,2,2,1,0.22186651825904846,3.621251106262207,0.1333456188440323,3.921832323074341,0.15767498314380646,3.894773483276367,0.09875238686800003,3.870433807373047
971,2,2,1,0.2212536782026291,3.6118812561035156,0.10737204551696777,3.9124362468719482,0.14750079810619354,3.823740005493164,0.0986328125,3.7852091789245605
972,2,2,1,0.23094706237316132,3.591430902481079,0.12268813699483871,3.851283311843872,0.16906489431858063,3.784038782119751,0.10911590605974197,3.72219181060791
973,2,2,1,0.2181321680545807,3.6146185398101807,0.09915098547935486,3.918592929840088,0.13709741830825806,3.7631924152374268,0.09273357689380646,3.7253384590148926
974,2,2,1,0.21954220533370972,3.6174001693725586,0.10702826082706451,3.9266793727874756,0.14542809128761292,3.803138256072998,0.09759645909070969,3.798448085784912
975,2,2,1,0.23014239966869354,3.587231159210205,0.1160365492105484,3.8185839653015137,0.17302095890045166,3.7751541137695312,0.11894132196903229,3.7525134086608887
976,2,2,1,0.21837879717350006,3.6188526153564453,0.1155482679605484,3.915268898010254,0.1545758843421936,3.848053216934204,0.1011439710855484,3.7822659015655518
977,2,2,1,0.22075793147087097,3.60359525680542,0.11961893737316132,3.8723342418670654,0.16544762253761292,3.8393664360046387,0.11304208636283875,3.799717903137207
978,2,2,1,0.22271603345870972,3.599015712738037,0.10192123800516129,3.8669826984405518,0.15573182702064514,3.7992706298828125,0.10821906477212906,3.752486228942871
979,2,2,1,0.2227708399295807,3.598834753036499,0.10531429201364517,3.858210802078247,0.15731623768806458,3.7981884479522705,0.10642538219690323,3.7825841903686523
980,2,2,1,0.21894431114196777,3.6135447025299072,0.11551837623119354,3.9133923053741455,0.15229392051696777,3.8249034881591797,0.09632094949483871,3.8084006309509277
981,2,2,1,0.22241708636283875,3.598745584487915,0.10419821739196777,3.8587958812713623,0.15079918503761292,3.786294937133789,0.10180165618658066,3.7284650802612305
982,2,2,1,0.21857312321662903,3.6315693855285645,0.11216019093990326,3.9695260524749756,0.14030611515045166,3.8676135540008545,0.08093510568141937,3.746121644973755
983,2,2,1,0.22491827607154846,3.600449800491333,0.10538902878761292,3.8536782264709473,0.15916971862316132,3.8028547763824463,0.11114875227212906,3.7530930042266846
984,2,2,1,0.22868502140045166,3.591550827026367,0.11315668374300003,3.8140549659729004,0.1692342907190323,3.7604074478149414,0.11483577638864517,3.730128526687622
985,2,2,1,0.22227758169174194,3.6171658039093018,0.11576749384403229,3.903938055038452,0.15369898080825806,3.833895206451416,0.09825414419174194,3.830831527709961
986,2,2,1,0.23988062143325806,3.5597050189971924,0.11612124741077423,3.7026517391204834,0.19879025220870972,3.6892576217651367,0.13450653851032257,3.6906208992004395
987,2,2,1,0.22405631840229034,3.623640775680542,0.14233896136283875,3.907834053039551,0.17609016597270966,3.9173221588134766,0.10917569696903229,3.959291696548462
988,2,2,1,0.22030700743198395,3.628272294998169,0.15526346862316132,3.926673412322998,0.16989198327064514,3.962167978286743,0.10307716578245163,4.029969215393066
989,2,2,1,0.2216198891401291,3.6087005138397217,0.11135801672935486,3.886935234069824,0.1535395383834839,3.841381072998047,0.10134326666593552,3.853883981704712
990,2,2,1,0.2311314195394516,3.5848584175109863,0.11076012253761292,3.797166109085083,0.17637914419174194,3.7344632148742676,0.12019690126180649,3.691925048828125
991,2,2,1,0.2130650132894516,3.616105079650879,0.11378946155309677,3.9217095375061035,0.1530412882566452,3.8642401695251465,0.09592235088348389,3.850820779800415
992,2,2,1,0.22099459171295166,3.6069283485412598,0.1045968160033226,3.899919033050537,0.1513073891401291,3.797089099884033,0.10130341351032257,3.766083002090454
993,2,2,1,0.22874730825424194,3.5911173820495605,0.10746173560619354,3.818620204925537,0.16898517310619354,3.743306875228882,0.11354033648967743,3.7209057807922363
994,2,2,1,0.21881476044654846,3.614989757537842,0.10738201439380646,3.9184298515319824,0.1402064710855484,3.8271498680114746,0.09131855517625809,3.7839372158050537
995,2,2,1,0.22234982252120972,3.6009209156036377,0.11212033778429031,3.8800160884857178,0.15552255511283875,3.8079707622528076,0.10104431957006454,3.789151906967163
996,2,2,1,0.21951231360435486,3.6108224391937256,0.11066047102212906,3.933093309402466,0.15195511281490326,3.8689093589782715,0.09950972348451614,3.8369717597961426
997,2,2,1,0.23171934485435486,3.6000494956970215,0.125732421875,3.864830493927002,0.16535793244838715,3.8407256603240967,0.10489077866077423,3.83697509765625
998,2,2,1,0.22414101660251617,3.62506103515625,0.13287727534770966,3.915519952774048,0.16212929785251617,3.908973455429077,0.09534438699483871,3.884615421295166
999,2,2,1,0.2227185219526291,3.623807430267334,0.14126773178577423,3.92029070854187,0.16457070410251617,3.889554977416992,0.09398915618658066,3.913910150527954
1000,2,2,1,0.21559111773967743,3.6134965419769287,0.10876215249300003,3.922122001647949,0.15147680044174194,3.867311477661133,0.09827407449483871,3.794159412384033
1001,2,2,1,0.22553610801696777,3.6099390983581543,0.11674405634403229,3.8740129470825195,0.15615034103393555,3.82316517829895,0.0984933003783226,3.784904956817627
1002,2,2,1,0.2201899290084839,3.6155385971069336,0.10279316455125809,3.9197323322296143,0.14231903851032257,3.846450090408325,0.09466677159070969,3.848210573196411
1003,2,2,1,0.22016750276088715,3.6153411865234375,0.10894650965929031,3.9313089847564697,0.1355229616165161,3.830514669418335,0.08545918017625809,3.810401201248169
1004,2,2,1,0.21251195669174194,3.623593330383301,0.09951470792293549,3.9562909603118896,0.13348014652729034,3.8044793605804443,0.08508051186800003,3.772077798843384
1005,2,2,1,0.22369757294654846,3.600151538848877,0.10607162863016129,3.876978635787964,0.1550741344690323,3.8157691955566406,0.10562818497419357,3.776792526245117
1006,2,2,1,0.2252371609210968,3.612639904022217,0.13248366117477417,3.871643543243408,0.16012635827064514,3.8675711154937744,0.10162229090929031,3.8754658699035645
1007,2,2,1,0.21966427564620972,3.608494520187378,0.10120376199483871,3.885781764984131,0.1552136391401291,3.8239598274230957,0.10913583636283875,3.8029582500457764
1008,2,2,1,0.21980378031730652,3.626446485519409,0.13286231458187103,3.9339232444763184,0.16432158648967743,3.8964827060699463,0.09887196868658066,3.95605731010437
1009,2,2,1,0.22830884158611298,3.612384796142578,0.13465102016925812,3.863496780395508,0.16223891079425812,3.8235366344451904,0.10447225719690323,3.79893159866333
1010,2,2,1,0.2258823961019516,3.600235939025879,0.10801976919174194,3.847832202911377,0.16007652878761292,3.7953810691833496,0.10905612260103226,3.7843568325042725
1011,2,2,1,0.22060346603393555,3.6132102012634277,0.10725744813680649,3.904956579208374,0.13997727632522583,3.7956860065460205,0.09488599747419357,3.796051263809204
1012,2,2,1,0.2405407875776291,3.559701681137085,0.11489058285951614,3.724402666091919,0.1981823891401291,3.702634811401367,0.13464604318141937,3.6807281970977783
1013,2,2,1,0.22509765625,3.5939948558807373,0.10391421616077423,3.833621025085449,0.15812340378761292,3.7176077365875244,0.11178650707006454,3.7218756675720215
1014,2,2,1,0.22257652878761292,3.6050546169281006,0.10856784135103226,3.879990816116333,0.15333028137683868,3.8364202976226807,0.10289780050516129,3.829556465148926
1015,2,2,1,0.23104172945022583,3.60693097114563,0.14123286306858063,3.8390250205993652,0.16523835062980652,3.8384995460510254,0.10102438926696777,3.8636813163757324
1016,2,2,1,0.22295519709587097,3.613044261932373,0.1236049085855484,3.891728401184082,0.15879105031490326,3.875808000564575,0.10148277878761292,3.8809897899627686
1017,2,2,1,0.22746680676937103,3.614706516265869,0.13211993873119354,3.8730249404907227,0.15916971862316132,3.841920852661133,0.09359055757522583,3.8507239818573
1018,2,2,1,0.23117126524448395,3.602226495742798,0.1429617702960968,3.869689464569092,0.18112245202064514,3.875990390777588,0.11212531477212906,3.8314967155456543
1019,2,2,1,0.21741220355033875,3.616711139678955,0.11866230517625809,3.920137643814087,0.15675820410251617,3.854046106338501,0.1015625,3.7919936180114746
1020,2,2,1,0.22346340119838715,3.600367784500122,0.10650011897087097,3.856140375137329,0.15641939640045166,3.7683634757995605,0.0977957546710968,3.7442429065704346
1021,2,2,1,0.21794532239437103,3.616048574447632,0.10905612260103226,3.945586681365967,0.14759047329425812,3.8666532039642334,0.09929049760103226,3.842834234237671
1022,2,2,1,0.2163609117269516,3.615309238433838,0.10990811884403229,3.934131145477295,0.14512914419174194,3.8882861137390137,0.0950055792927742,3.8649046421051025
1023,2,2,1,0.21824677288532257,3.6196720600128174,0.10462671518325806,3.937854290008545,0.14175103604793549,3.8151142597198486,0.09394929558038712,3.761561393737793
1024,2,2,1,0.22033442556858063,3.6078083515167236,0.10059091448783875,3.8887016773223877,0.14469069242477417,3.78629469871521,0.09454718977212906,3.755059003829956
1025,2,2,1,0.23030433058738708,3.603206157684326,0.13589166104793549,3.8514702320098877,0.17691725492477417,3.8323757648468018,0.10389429330825806,3.8478803634643555
1026,2,2,1,0.22741200029850006,3.586350440979004,0.10560327768325806,3.786930799484253,0.1828961968421936,3.747520923614502,0.1287069469690323,3.7345926761627197
1027,2,2,1,0.21976891160011292,3.6148135662078857,0.11446209251880646,3.92573881149292,0.14895567297935486,3.821113109588623,0.09396922588348389,3.7855780124664307
1028,2,2,1,0.21871262788772583,3.6120760440826416,0.1033412367105484,3.932548999786377,0.1452387571334839,3.8614065647125244,0.09713806957006454,3.804677963256836
1029,2,2,1,0.218122199177742,3.6141669750213623,0.10776565968990326,3.905543565750122,0.14428211748600006,3.8508875370025635,0.09602200239896774,3.8628060817718506
1030,2,2,1,0.228131964802742,3.610304117202759,0.1554826945066452,3.863103151321411,0.18000636994838715,3.884798526763916,0.10738201439380646,3.870638370513916
1031,2,2,1,0.2245047390460968,3.584866523742676,0.11510483175516129,3.810405969619751,0.17394770681858063,3.7399747371673584,0.11993781477212906,3.7143568992614746
1032,2,2,1,0.2227708399295807,3.6097829341888428,0.10684390366077423,3.8966610431671143,0.1496233195066452,3.8037962913513184,0.09881217777729034,3.703307867050171
1033,2,2,1,0.21716557443141937,3.6266231536865234,0.11622588336467743,3.9242937564849854,0.14849728345870972,3.8633739948272705,0.09984853118658066,3.8155689239501953
1034,2,2,1,0.2206433266401291,3.606494426727295,0.10549365729093552,3.903698205947876,0.1507493555545807,3.8434691429138184,0.09781568497419357,3.8070497512817383
1035,2,2,1,0.2224818617105484,3.6019415855407715,0.10401885211467743,3.876610517501831,0.15120774507522583,3.8145511150360107,0.10112404078245163,3.7830114364624023
1036,2,2,1,0.22070561349391937,3.6140666007995605,0.12498006969690323,3.887258768081665,0.16056481003761292,3.8553342819213867,0.10014747828245163,3.8039801120758057
1037,2,2,1,0.22157256305217743,3.6106183528900146,0.1069684699177742,3.8988773822784424,0.14967314898967743,3.789081335067749,0.10220025479793549,3.735569477081299
1038,2,2,1,0.22130101919174194,3.6084744930267334,0.10203583538532257,3.901411294937134,0.1447405070066452,3.780172109603882,0.09697863459587097,3.7435264587402344
1039,2,2,1,0.21988599002361298,3.6149165630340576,0.10739696025848389,3.924379587173462,0.14210976660251617,3.8338124752044678,0.09191644936800003,3.821335554122925
1040,2,2,1,0.22577527165412903,3.601271152496338,0.10944973677396774,3.871898651123047,0.14761041104793549,3.815162420272827,0.09675940126180649,3.828012466430664
1041,2,2,1,0.2205561399459839,3.61057448387146,0.11427774280309677,3.900418519973755,0.15110810101032257,3.874901056289673,0.09771604090929031,3.866408348083496
1042,2,2,1,0.22436772286891937,3.619533061981201,0.14269770681858063,3.9019553661346436,0.1711076945066452,3.8794479370117188,0.10815927386283875,3.873410701751709
1043,2,2,1,0.2172328382730484,3.62113094329834,0.11252391338348389,3.928312063217163,0.14025630056858063,3.8420603275299072,0.0891462042927742,3.8068411350250244
1044,2,2,1,0.23068298399448395,3.5889976024627686,0.1165248304605484,3.853551149368286,0.16114278137683868,3.8039700984954834,0.10522958636283875,3.761931896209717
1045,2,2,1,0.2312983274459839,3.5884430408477783,0.11238938570022583,3.813361644744873,0.16907484829425812,3.7781577110290527,0.11485570669174194,3.7412805557250977
1046,2,1,0,0.23127590119838715,3.610775947570801,0.17138671875,3.8316762447357178,0.20914380252361298,3.8845531940460205,0.12603634595870972,3.887096881866455
1047,2,2,1,0.2199358195066452,3.6128742694854736,0.10918566584587097,3.897919178009033,0.14874641597270966,3.8268909454345703,0.09939014166593552,3.7924604415893555
1048,2,2,1,0.2217320054769516,3.6160888671875,0.11004763096570969,3.907456874847412,0.14443159103393555,3.841313600540161,0.09329161047935486,3.8004698753356934
1049,2,2,1,0.22177185118198395,3.6205501556396484,0.12662926316261292,3.8939208984375,0.15902024507522583,3.863767385482788,0.09659996628761292,3.8795130252838135
1050,2,2,1,0.22219786047935486,3.611736536026001,0.10500537604093552,3.901637077331543,0.14423230290412903,3.8277602195739746,0.09466677159070969,3.8229472637176514
1051,2,2,1,0.2280796617269516,3.5886971950531006,0.10729730874300003,3.842256784439087,0.16158123314380646,3.8112857341766357,0.10823899507522583,3.7646842002868652
1052,2,2,1,0.2225864976644516,3.6181671619415283,0.10757134854793549,3.9116721153259277,0.14405293762683868,3.7910211086273193,0.09376993030309677,3.6814026832580566
1053,2,2,1,0.21669472754001617,3.6126484870910645,0.0976911261677742,3.9167134761810303,0.14231903851032257,3.7975072860717773,0.0959821417927742,3.7906975746154785
1054,2,2,1,0.2310541868209839,3.576913595199585,0.11730707436800003,3.7598114013671875,0.18678252398967743,3.75,0.12135283648967743,3.7539825439453125
1055,2,2,1,0.22397659718990326,3.608724594116211,0.1049455925822258,3.89963436126709,0.1451590359210968,3.839362859725952,0.09464684128761292,3.7767951488494873
1056,2,2,1,0.22285804152488708,3.613579750061035,0.10732222348451614,3.905988931655884,0.15113799273967743,3.834970712661743,0.10056600719690323,3.817479133605957
1057,2,2,1,0.22389936447143555,3.621429681777954,0.1438336968421936,3.8888041973114014,0.170270636677742,3.8576695919036865,0.10495056957006454,3.8385870456695557
1058,2,2,1,0.22838856279850006,3.6132290363311768,0.14908522367477417,3.8960964679718018,0.18130181729793549,3.921842336654663,0.10612643510103226,4.004694938659668
1059,2,2,1,0.218488410115242,3.6125330924987793,0.12701290845870972,3.909461736679077,0.15748564898967743,3.8889522552490234,0.09771604090929031,3.8866000175476074
1060,2,2,1,0.21729262173175812,3.616913080215454,0.10447225719690323,3.9096240997314453,0.14609573781490326,3.8114726543426514,0.10082509368658066,3.7845423221588135
1061,2,2,1,0.22110919654369354,3.6100614070892334,0.12752610445022583,3.8705215454101562,0.16128228604793549,3.8481926918029785,0.10734215378761292,3.808206558227539
1062,2,2,1,0.23043137788772583,3.579597234725952,0.10845324397087097,3.767629861831665,0.17841199040412903,3.7349753379821777,0.12286750227212906,3.712895393371582
1063,2,2,1,0.21560606360435486,3.631213426589966,0.11385422945022583,3.9442474842071533,0.13743622601032257,3.847592830657959,0.0877511128783226,3.7901430130004883
1064,2,2,1,0.22835369408130646,3.6063952445983887,0.1373465359210968,3.857215404510498,0.18251752853393555,3.836263418197632,0.11375956237316132,3.769796848297119
1065,2,2,1,0.219709113240242,3.6131439208984375,0.10947464406490326,3.9222192764282227,0.14824816584587097,3.8591113090515137,0.09901148080825806,3.8397746086120605
1066,2,3,0,0.21846599876880646,3.6158573627471924,0.10007274150848389,3.9076921939849854,0.14940409362316132,3.7913691997528076,0.10341597348451614,3.8101754188537598
1067,2,2,1,0.22199855744838715,3.6080551147460938,0.11303212493658066,3.890681505203247,0.15599091351032257,3.8379967212677,0.10291773080825806,3.7769172191619873
1068,2,2,1,0.22586245834827423,3.5975756645202637,0.10829878598451614,3.8460159301757812,0.16088367998600006,3.8018581867218018,0.10795997828245163,3.74893856048584
1069,2,2,1,0.22889429330825806,3.6161949634552,0.15216438472270966,3.866666555404663,0.17887037992477417,3.897604465484619,0.10708306729793549,3.920156240463257
1070,3,3,1,0.22440758347511292,3.595344066619873,0.10303232073783875,3.8189468383789062,0.18111248314380646,3.7814581394195557,0.11656967550516129,3.786288261413574
1071,3,3,1,0.2225092649459839,3.599493980407715,0.10210060328245163,3.8496973514556885,0.17333984375,3.8114399909973145,0.11096938699483871,3.8424928188323975
1072,3,3,1,0.22158502042293549,3.610752582550049,0.12827347218990326,3.841444969177246,0.17141661047935486,3.820486068725586,0.10768096148967743,3.8413844108581543
1073,3,3,1,0.22712799906730652,3.601452112197876,0.1096888929605484,3.8617305755615234,0.14809869229793549,3.784820318222046,0.09733737260103226,3.772113084793091
1074,3,3,1,0.2295171022415161,3.588038682937622,0.10561822354793549,3.778658390045166,0.1911371946334839,3.7442781925201416,0.12480069696903229,3.7181410789489746
1075,3,3,1,0.22882452607154846,3.5781800746917725,0.10712790489196777,3.775266170501709,0.1809430718421936,3.7113118171691895,0.12344546616077423,3.71956729888916
1076,3,3,1,0.22145049273967743,3.6006839275360107,0.10084502398967743,3.8572628498077393,0.16084381937980652,3.7343411445617676,0.10897640138864517,3.728419780731201
1077,3,3,1,0.22586743533611298,3.5922131538391113,0.10534418374300003,3.816582202911377,0.18054448068141937,3.7993156909942627,0.11493542790412903,3.835789918899536
1078,3,3,1,0.21382233500480652,3.6172900199890137,0.09627112001180649,3.924386739730835,0.13726681470870972,3.786787748336792,0.08846858888864517,3.7285425662994385
1079,3,3,1,0.24126574397087097,3.559093713760376,0.11580735445022583,3.6848514080047607,0.22235730290412903,3.7008605003356934,0.14473053812980652,3.701735019683838
1080,3,3,1,0.2382289320230484,3.5681657791137695,0.11200574040412903,3.727313280105591,0.21117664873600006,3.7298507690429688,0.14200015366077423,3.7205615043640137
1081,3,3,1,0.2270756959915161,3.594679117202759,0.10251414775848389,3.857205390930176,0.1619798243045807,3.7404491901397705,0.10373485088348389,3.7502400875091553
1082,3,3,1,0.24178142845630646,3.552759885787964,0.11503009498119354,3.673279285430908,0.22236725687980652,3.7006049156188965,0.14750079810619354,3.694500684738159
1083,3,3,1,0.21809729933738708,3.614762544631958,0.09935526549816132,3.9029135704040527,0.15030093491077423,3.7310216426849365,0.09133848547935486,3.6779401302337646
1084,3,3,1,0.2136479616165161,3.61686110496521,0.09624122828245163,3.917633056640625,0.14311622083187103,3.761871576309204,0.10126355290412903,3.742964029312134
1085,3,3,1,0.22151775658130646,3.6020421981811523,0.10132333636283875,3.851740837097168,0.17212411761283875,3.775719404220581,0.11334104090929031,3.7343063354492188
1086,3,3,1,0.21382233500480652,3.6172900199890137,0.09627112001180649,3.924386739730835,0.13726681470870972,3.786787748336792,0.08846858888864517,3.7285425662994385
1087,3,3,1,0.22732730209827423,3.5863168239593506,0.10529934614896774,3.810305595397949,0.17684748768806458,3.753648519515991,0.11555325239896774,3.7752673625946045
1088,3,3,1,0.21755170822143555,3.611105442047119,0.1060965359210968,3.8999247550964355,0.157575324177742,3.8527793884277344,0.101004458963871,3.9068665504455566
1089,3,3,1,0.23767587542533875,3.5694565773010254,0.11775549501180649,3.7314884662628174,0.20888471603393555,3.7355213165283203,0.13245375454425812,3.7213361263275146
1090,3,3,1,0.23756128549575806,3.5635125637054443,0.11261359602212906,3.702327251434326,0.21635840833187103,3.711864471435547,0.14363440871238708,3.711946725845337
1091,3,3,1,0.22772589325904846,3.588977336883545,0.10575275123119354,3.80127215385437,0.1803950071334839,3.797823667526245,0.11168686300516129,3.849036455154419
1092,3,3,1,0.22399403154850006,3.592038869857788,0.10324158519506454,3.8122193813323975,0.184430792927742,3.779554843902588,0.12412308156490326,3.7888567447662354
1093,3,3,1,0.2220633327960968,3.6068904399871826,0.09939512610435486,3.880495309829712,0.15169602632522583,3.750312089920044,0.09604193270206451,3.778792381286621
1094,3,3,1,0.22203592956066132,3.6070327758789062,0.1059221550822258,3.888188600540161,0.14576689898967743,3.799630880355835,0.09386957436800003,3.7518045902252197
1095,3,3,1,0.2364501953125,3.568331003189087,0.11085478961467743,3.7520337104797363,0.2017299085855484,3.6898834705352783,0.13833306729793549,3.6669068336486816
1096,3,3,1,0.22252172231674194,3.6081817150115967,0.09899155050516129,3.894151449203491,0.15040059387683868,3.7580997943878174,0.09339126199483871,3.7475459575653076
1097,3,3,1,0.22805972397327423,3.586432933807373,0.10619618743658066,3.787604331970215,0.19358856976032257,3.7654294967651367,0.12948420643806458,3.768354654312134
1098,3,3,1,0.24030910432338715,3.5657668113708496,0.11361507326364517,3.7113537788391113,0.21860052645206451,3.713224172592163,0.14730149507522583,3.711541175842285
1099,3,3,1,0.22683404386043549,3.5858347415924072,0.10690369457006454,3.789243221282959,0.18416175246238708,3.762025833129883,0.1209542378783226,3.7666831016540527
1100,3,0,0,0.21789051592350006,3.6153573989868164,0.12224967777729034,3.9058525562286377,0.1291254758834839,3.8775274753570557,0.07537467777729034,3.939185619354248
1101,3,3,1,0.22152024507522583,3.609963893890381,0.09951969236135483,3.899669647216797,0.15308114886283875,3.750943899154663,0.10158243030309677,3.7164998054504395
1102,3,3,1,0.21994329988956451,3.6060009002685547,0.10130839049816132,3.8678011894226074,0.15923947095870972,3.7977471351623535,0.09839364886283875,3.8383634090423584
1103,3,3,1,0.22990821301937103,3.5864531993865967,0.10656987130641937,3.7988219261169434,0.18855628371238708,3.7897157669067383,0.11979831010103226,3.795375108718872
1104,3,3,1,0.22805972397327423,3.586432933807373,0.10619618743658066,3.787604331970215,0.19358856976032257,3.7654294967651367,0.12948420643806458,3.768354654312134
1105,3,3,1,0.21872259676456451,3.618882179260254,0.09897659718990326,3.9486031532287598,0.14305643737316132,3.73042631149292,0.09622129797935486,3.6412594318389893
1106,3,3,1,0.22846828401088715,3.5872814655303955,0.10324656963348389,3.826754093170166,0.18007612228393555,3.761773109436035,0.11581233888864517,3.78936505317688
1107,3,3,1,0.22428551316261292,3.5973563194274902,0.1020159050822258,3.8610501289367676,0.1600266993045807,3.756335973739624,0.10094467550516129,3.792102575302124
1108,3,3,1,0.23732461035251617,3.566772222518921,0.11126334965229034,3.7213737964630127,0.2080078125,3.6848232746124268,0.14259804785251617,3.6758909225463867
1109,3,3,1,0.23585976660251617,3.5735561847686768,0.11020208895206451,3.7412967681884766,0.20094268023967743,3.720456123352051,0.13339045643806458,3.7197072505950928
1110,3,3,1,0.2238072007894516,3.5877468585968018,0.10842334479093552,3.802628517150879,0.1713169664144516,3.7642507553100586,0.11334104090929031,3.778266191482544
1111,3,3,1,0.22177933156490326,3.6054434776306152,0.10182158648967743,3.8976316452026367,0.15762515366077423,3.7781009674072266,0.10164221376180649,3.7717647552490234
1112,3,3,1,0.23087731003761292,3.5831823348999023,0.10524951666593552,3.8195416927337646,0.181989386677742,3.7360785007476807,0.11920040845870972,3.7558937072753906
1113,3,3,1,0.23545120656490326,3.5745301246643066,0.11062061041593552,3.756598472595215,0.1986706703901291,3.7348146438598633,0.13277263939380646,3.724106788635254
1114,3,3,1,0.23244927823543549,3.604574203491211,0.15169602632522583,3.804670572280884,0.18556679785251617,3.7986252307891846,0.11069037020206451,3.8215701580047607
1115,3,3,1,0.23604412376880646,3.5724644660949707,0.11194594949483871,3.708251714706421,0.20474927127361298,3.6560568809509277,0.14654415845870972,3.661498785018921
1116,3,3,1,0.22867007553577423,3.5907506942749023,0.10631078481674194,3.8287482261657715,0.17492426931858063,3.7449584007263184,0.11583226919174194,3.703716516494751
1117,3,3,1,0.22004543244838715,3.603353500366211,0.10133330523967743,3.8657684326171875,0.16606543958187103,3.8373236656188965,0.1092354878783226,3.8489327430725098
1118,3,3,1,0.23011000454425812,3.5913844108581543,0.10450214892625809,3.825212240219116,0.1790696680545807,3.7430717945098877,0.11164700239896774,3.7315244674682617
1119,3,3,1,0.23868481814861298,3.5647740364074707,0.11194096505641937,3.734410524368286,0.21186423301696777,3.7273881435394287,0.14227917790412903,3.7475836277008057
1120,3,3,1,0.24256865680217743,3.55907940864563,0.11564791947603226,3.693765878677368,0.22470901906490326,3.695787191390991,0.14911511540412903,3.661587715148926
1121,3,2,0,0.216779425740242,3.6137077808380127,0.1017020046710968,3.917989492416382,0.1419602930545807,3.8031728267669678,0.09239476919174194,3.7223899364471436
1122,3,3,1,0.22651515901088715,3.5894088745117188,0.104666568338871,3.812443494796753,0.17985689640045166,3.772231101989746,0.11511479318141937,3.7906856536865234
1123,3,3,1,0.21470174193382263,3.605130910873413,0.10157744586467743,3.9105312824249268,0.14500956237316132,3.780648708343506,0.09911112487316132,3.7239091396331787
1124,3,3,1,0.23342084884643555,3.5725903511047363,0.11015225946903229,3.7525782585144043,0.18832708895206451,3.6949045658111572,0.12595662474632263,3.7284810543060303
1125,3,3,1,0.23374471068382263,3.576251983642578,0.1093401238322258,3.7616770267486572,0.19787348806858063,3.7257893085479736,0.1363002210855484,3.7093143463134766
1126,3,3,1,0.22274094820022583,3.6061625480651855,0.100272037088871,3.886807441711426,0.1589803844690323,3.7799298763275146,0.1040736585855484,3.765798568725586
1127,3,3,1,0.22280572354793549,3.5986404418945312,0.10191625356674194,3.845416784286499,0.1732700914144516,3.7620198726654053,0.11274313926696777,3.759589910507202
1128,3,3,1,0.23409099876880646,3.572622060775757,0.11730209738016129,3.742598533630371,0.20636358857154846,3.727558135986328,0.1370774805545807,3.6955509185791016
1129,3,3,1,0.21944007277488708,3.605926036834717,0.10064074397087097,3.8783109188079834,0.1566685289144516,3.7950642108917236,0.09982860088348389,3.803553581237793
1130,3,3,1,0.23879194259643555,3.5682241916656494,0.11112384498119354,3.705510377883911,0.2114955335855484,3.6872880458831787,0.14265784621238708,3.6686224937438965
1131,3,3,1,0.22585996985435486,3.5914053916931152,0.10447724163532257,3.815871000289917,0.18310546875,3.773714303970337,0.12121332436800003,3.7446563243865967
1132,3,3,1,0.24153977632522583,3.561636209487915,0.11786511540412903,3.698342800140381,0.22176936268806458,3.714176654815674,0.14512914419174194,3.6991212368011475
1133,3,3,1,0.22429049015045166,3.5944552421569824,0.10311204195022583,3.840879440307617,0.1754324734210968,3.7724509239196777,0.11553332209587097,3.784888744354248
1134,3,3,1,0.22682656347751617,3.596836805343628,0.10366011410951614,3.843162775039673,0.17029057443141937,3.7618935108184814,0.11011239886283875,3.7768325805664062
1135,3,3,1,0.22277332842350006,3.59372878074646,0.10173190385103226,3.822068691253662,0.17576131224632263,3.791869878768921,0.11447703838348389,3.820160150527954
1136,3,0,0,0.2346814125776291,3.5759053230285645,0.11195093393325806,3.7566425800323486,0.19646842777729034,3.7334144115448,0.12890625,3.762986898422241
1137,3,3,1,0.23149263858795166,3.612152099609375,0.15395307540893555,3.824298620223999,0.16737085580825806,3.804060459136963,0.11051099747419357,3.8270514011383057
1138,3,3,1,0.22515246272087097,3.597435235977173,0.10308713465929031,3.833784341812134,0.17148636281490326,3.78592586517334,0.11148755997419357,3.8267786502838135
1139,3,3,1,0.24222485721111298,3.61214017868042,0.19442561268806458,3.7969093322753906,0.2165776491165161,3.7706358432769775,0.12800940871238708,3.7891950607299805
1140,3,3,1,0.23902861773967743,3.561981439590454,0.11234952509403229,3.715996265411377,0.21355827152729034,3.704913377761841,0.14309629797935486,3.6896936893463135
1141,3,3,1,0.22544892132282257,3.5958871841430664,0.10363519936800003,3.837355852127075,0.17652861773967743,3.7892181873321533,0.1116071417927742,3.7801785469055176
1142,3,3,1,0.21815459430217743,3.6142241954803467,0.09756656736135483,3.942089557647705,0.14459103345870972,3.7787044048309326,0.09173708409070969,3.730827808380127
1143,3,3,1,0.2572195827960968,3.5427119731903076,0.13181599974632263,3.6259071826934814,0.2751016318798065,3.656210422515869,0.17783401906490326,3.632858991622925
1144,3,3,1,0.21203364431858063,3.622497320175171,0.1143624410033226,3.937480926513672,0.14512914419174194,3.8730430603027344,0.08880739659070969,3.850538492202759
1145,3,3,1,0.23451948165893555,3.570056676864624,0.11075513809919357,3.736605405807495,0.20254702866077423,3.735511064529419,0.13645966351032257,3.7308309078216553
1146,3,3,1,0.22394171357154846,3.596994161605835,0.102957583963871,3.82500958442688,0.1748744398355484,3.7731494903564453,0.11274313926696777,3.7944140434265137
1147,3,3,1,0.23147271573543549,3.594177484512329,0.10536909848451614,3.823765754699707,0.18284638226032257,3.752629518508911,0.12013711780309677,3.68861985206604
1148,3,3,1,0.22129353880882263,3.599083662033081,0.1003069207072258,3.8681204319000244,0.14978276193141937,3.6941654682159424,0.10453204810619354,3.7113442420959473
1149,3,3,1,0.23966388404369354,3.561427354812622,0.11252889782190323,3.7242860794067383,0.2138671875,3.72174072265625,0.14303651452064514,3.703636646270752
1150,3,3,1,0.23052604496479034,3.599189519882202,0.1429269015789032,3.8066303730010986,0.17846180498600006,3.803004026412964,0.11563296616077423,3.8090314865112305
1151,3,3,1,0.22900390625,3.584373950958252,0.10666453838348389,3.7882566452026367,0.18609493970870972,3.775475263595581,0.11935985088348389,3.765737295150757
1152,3,3,1,0.20413891971111298,3.635368585586548,0.09219547361135483,3.98459792137146,0.12118343263864517,3.8243565559387207,0.080078125,3.7837233543395996
1153,3,3,1,0.22629593312740326,3.593942880630493,0.10341597348451614,3.8276162147521973,0.17992664873600006,3.8217766284942627,0.11678890138864517,3.8701364994049072
1154,3,3,1,0.20860819518566132,3.6304380893707275,0.10763611644506454,3.9742164611816406,0.12356504797935486,3.91080641746521,0.07674983888864517,3.9605298042297363
1155,3,3,1,0.22689133882522583,3.590825319290161,0.10512495785951614,3.806720733642578,0.18448062241077423,3.767244577407837,0.11758609116077423,3.767796516418457
1156,3,3,1,0.2284458726644516,3.5920064449310303,0.10340102761983871,3.849853038787842,0.1736088991165161,3.797095537185669,0.11178650707006454,3.823319673538208
1157,3,3,1,0.23126843571662903,3.5880343914031982,0.10595204681158066,3.8037149906158447,0.1831154227256775,3.778841972351074,0.11627072095870972,3.7603702545166016
1158,3,3,1,0.23614874482154846,3.6102731227874756,0.17957788705825806,3.7942399978637695,0.1847895383834839,3.7530736923217773,0.11352040618658066,3.7759830951690674
1159,3,3,1,0.23713278770446777,3.6096105575561523,0.168805792927742,3.8086185455322266,0.1792091727256775,3.7797486782073975,0.11252391338348389,3.8363442420959473
1160,3,3,1,0.24447692930698395,3.555163860321045,0.11968371272087097,3.6507222652435303,0.239606574177742,3.650280714035034,0.16248804330825806,3.640132427215576
1161,3,3,1,0.21965430676937103,3.6044957637786865,0.09991828352212906,3.8768324851989746,0.15322065353393555,3.799297571182251,0.09426817297935486,3.789429187774658
1162,3,3,1,0.22158999741077423,3.6022956371307373,0.10216039419174194,3.88543701171875,0.14352479577064514,3.776921510696411,0.09956951439380646,3.7570056915283203
1163,3,3,1,0.23487822711467743,3.5721664428710938,0.10905113816261292,3.730433702468872,0.19877032935619354,3.715646505355835,0.13111846148967743,3.7215383052825928
1164,3,3,1,0.22307726740837097,3.619788885116577,0.1461007297039032,3.863213062286377,0.1702108532190323,3.839353561401367,0.10401386767625809,3.8833110332489014
1165,3,3,1,0.2267020046710968,3.5930769443511963,0.1045619398355484,3.8103020191192627,0.1845802664756775,3.7648329734802246,0.11947943270206451,3.796330213546753
1166,3,3,1,0.2192731499671936,3.599320650100708,0.1027483269572258,3.8504509925842285,0.16403260827064514,3.808152675628662,0.10945471376180649,3.780954122543335
1167,3,3,1,0.23061323165893555,3.579961061477661,0.10682398080825806,3.767117500305176,0.19499361515045166,3.7627758979797363,0.12934470176696777,3.737596273422241
1168,3,3,1,0.2479870766401291,3.597856283187866,0.1940220445394516,3.7831335067749023,0.2208426296710968,3.7867069244384766,0.1190011128783226,3.7980237007141113
1169,3,3,1,0.21866030991077423,3.6131227016448975,0.11585219949483871,3.9059436321258545,0.14715202152729034,3.8904314041137695,0.09243462979793549,3.9529969692230225
1170,3,3,1,0.22732730209827423,3.594031810760498,0.10381457209587097,3.819399118423462,0.17346937954425812,3.731215476989746,0.11431760340929031,3.7337865829467773
1171,3,3,1,0.21897919476032257,3.598475456237793,0.10015246272087097,3.848266363143921,0.16681282222270966,3.7790920734405518,0.11156728118658066,3.8183279037475586
1172,3,3,1,0.23107410967350006,3.5808095932006836,0.10830874741077423,3.768332004547119,0.2006237953901291,3.7569661140441895,0.13042090833187103,3.737010955810547
1173,3,3,1,0.23056839406490326,3.5854005813598633,0.10712292790412903,3.7785582542419434,0.19975684583187103,3.770028829574585,0.1311383843421936,3.7899696826934814
1174,3,3,1,0.2412732094526291,3.5586531162261963,0.1137346550822258,3.6965434551239014,0.21622887253761292,3.722337484359741,0.14172114431858063,3.707354784011841
1175,3,3,1,0.2369135618209839,3.5710575580596924,0.11433752626180649,3.7546191215515137,0.1931501030921936,3.7412164211273193,0.12503986060619354,3.744022846221924
1176,3,3,1,0.22085508704185486,3.602980136871338,0.10641541332006454,3.8465211391448975,0.16641421616077423,3.8183233737945557,0.10841836780309677,3.795036792755127
1177,3,3,1,0.21976391971111298,3.6093521118164062,0.11025689542293549,3.884314775466919,0.16292649507522583,3.7892355918884277,0.11011239886283875,3.7858822345733643
1178,3,3,1,0.2258051633834839,3.5920233726501465,0.10363022238016129,3.835953712463379,0.17832230031490326,3.7830679416656494,0.11274313926696777,3.8078486919403076
1179,3,3,1,0.2275839000940323,3.5890820026397705,0.10547372698783875,3.8069818019866943,0.18433114886283875,3.797816038131714,0.1177455335855484,3.7799594402313232
1180,3,3,1,0.22152522206306458,3.6027755737304688,0.10111407935619354,3.8722774982452393,0.16375358402729034,3.8050873279571533,0.10479113459587097,3.7879421710968018
1181,3,3,1,0.22732481360435486,3.591791868209839,0.10492067784070969,3.823962450027466,0.17492426931858063,3.788823127746582,0.11491549760103226,3.8394033908843994
1182,3,3,1,0.21926069259643555,3.6009793281555176,0.10187140852212906,3.8457889556884766,0.16282685101032257,3.77178692817688,0.10963408648967743,3.8036720752716064
1183,3,3,1,0.22416344285011292,3.6003823280334473,0.10676418989896774,3.864103078842163,0.15648914873600006,3.788970947265625,0.10568797588348389,3.7461814880371094
1184,3,3,1,0.22944983839988708,3.5964410305023193,0.1048060804605484,3.829712390899658,0.18029536306858063,3.738130807876587,0.11375956237316132,3.6872808933258057
1185,3,3,1,0.23147271573543549,3.594177484512329,0.10536909848451614,3.823765754699707,0.18284638226032257,3.752629518508911,0.12013711780309677,3.68861985206604
1186,3,3,1,0.22955694794654846,3.5907580852508545,0.11067541688680649,3.8122270107269287,0.18256735801696777,3.811964511871338,0.11770567297935486,3.8493058681488037
1187,3,3,1,0.22483108937740326,3.6045384407043457,0.10038165748119354,3.8635528087615967,0.17586097121238708,3.773855447769165,0.11615114659070969,3.768359661102295
1188,3,3,1,0.21920588612556458,3.6001977920532227,0.10313695669174194,3.850869655609131,0.15962810814380646,3.7698357105255127,0.1145368292927742,3.738124132156372
1189,3,3,1,0.22040167450904846,3.61186146736145,0.09820929914712906,3.8991425037384033,0.15868143737316132,3.761303663253784,0.10447225719690323,3.7516214847564697
1190,3,3,1,0.22468410432338715,3.590398073196411,0.10364018380641937,3.8107783794403076,0.18084342777729034,3.7485673427581787,0.11824377626180649,3.747514009475708
1191,3,3,1,0.24480827152729034,3.5521838665008545,0.11829360574483871,3.663886785507202,0.22590480744838715,3.6489193439483643,0.14445152878761292,3.646937131881714
1192,3,3,1,0.22661231458187103,3.599215030670166,0.10230986773967743,3.8545825481414795,0.16633449494838715,3.7851665019989014,0.10511001199483871,3.7696244716644287
1193,3,3,1,0.22191385924816132,3.6000583171844482,0.10319674760103226,3.8683855533599854,0.16388313472270966,3.8202602863311768,0.10748166590929031,3.8472094535827637
1194,3,3,1,0.22519232332706451,3.5972630977630615,0.10226502269506454,3.8541290760040283,0.17577128112316132,3.7706220149993896,0.116629458963871,3.693779945373535
1195,3,3,1,0.224836066365242,3.5970680713653564,0.10084502398967743,3.8435275554656982,0.1716557741165161,3.751828670501709,0.11326131969690323,3.7328875064849854
1196,3,3,1,0.22789281606674194,3.5871574878692627,0.10619120299816132,3.797682046890259,0.19148597121238708,3.765195608139038,0.12328603118658066,3.766892910003662
1197,3,3,1,0.22634825110435486,3.590625047683716,0.10566306114196777,3.8479275703430176,0.16117267310619354,3.7805118560791016,0.10357541590929031,3.7621705532073975
1198,3,3,1,0.221418097615242,3.603775978088379,0.10166214406490326,3.877229928970337,0.15690767765045166,3.8281469345092773,0.10377471148967743,3.8803534507751465
1199,3,3,1,0.23522698879241943,3.5757133960723877,0.10940489172935486,3.770789623260498,0.20189930498600006,3.7267656326293945,0.13737642765045166,3.721601724624634
1200,3,3,1,0.2191411256790161,3.609424114227295,0.09865274280309677,3.8775758743286133,0.15810346603393555,3.7863986492156982,0.09847337007522583,3.7810158729553223
1201,3,3,1,0.23468640446662903,3.577049970626831,0.10922552645206451,3.7471489906311035,0.19813257455825806,3.7202634811401367,0.12671396136283875,3.7467756271362305
1202,3,3,1,0.21831901371479034,3.5978434085845947,0.1017717644572258,3.8796141147613525,0.14699257910251617,3.758321523666382,0.10104431957006454,3.747929096221924
1203,3,3,1,0.21605448424816132,3.616677761077881,0.11253885924816132,3.91703200340271,0.14561742544174194,3.907205820083618,0.09396922588348389,3.9616119861602783
1204,3,3,1,0.2410639524459839,3.560574531555176,0.11768075823783875,3.69494891166687,0.2209223508834839,3.7041947841644287,0.14211973547935486,3.720656394958496
1205,3,3,1,0.22269859910011292,3.60617733001709,0.11374461650848389,3.897674083709717,0.13965840637683868,3.834677219390869,0.09070073068141937,3.8191606998443604
1206,3,3,1,0.2367117702960968,3.5679659843444824,0.1098284050822258,3.746359348297119,0.2041713148355484,3.7215092182159424,0.1347058266401291,3.6959609985351562
1207,3,3,1,0.21944007277488708,3.605926036834717,0.10064074397087097,3.8783109188079834,0.1566685289144516,3.7950642108917236,0.09982860088348389,3.803553581237793
1208,3,3,1,0.22881457209587097,3.589397668838501,0.10674425959587097,3.8070855140686035,0.18573620915412903,3.7985942363739014,0.11738679558038712,3.8580644130706787
1209,3,3,1,0.23953931033611298,3.560596227645874,0.11415816098451614,3.698498487472534,0.22037427127361298,3.6984400749206543,0.14632493257522583,3.710705518722534
1210,3,3,1,0.23530921339988708,3.5710973739624023,0.11124341934919357,3.7428674697875977,0.2068120241165161,3.723330497741699,0.13709741830825806,3.723361015319824
1211,3,3,1,0.22878217697143555,3.582501173019409,0.11190110445022583,3.7872567176818848,0.18872568011283875,3.7740113735198975,0.12224967777729034,3.770948886871338
1212,3,3,1,0.22825154662132263,3.586977005004883,0.10511499643325806,3.804664134979248,0.1863241344690323,3.780350923538208,0.11726721376180649,3.7912983894348145
1213,3,3,1,0.2391980141401291,3.5603649616241455,0.11291254311800003,3.7099549770355225,0.21067841351032257,3.7007851600646973,0.14008688926696777,3.681889295578003
1214,3,3,1,0.21084283292293549,3.6267929077148438,0.09735231846570969,3.9691386222839355,0.12205038219690323,3.821930170059204,0.07866310328245163,3.732455015182495
1215,3,3,1,0.22175940871238708,3.6047563552856445,0.09962930530309677,3.894228935241699,0.15453602373600006,3.7893989086151123,0.1003069207072258,3.772700071334839
1216,3,3,1,0.22722765803337097,3.5889968872070312,0.10465660691261292,3.8180432319641113,0.18252749741077423,3.761314630508423,0.12509964406490326,3.728851318359375
1217,3,3,1,0.2246442437171936,3.5963358879089355,0.10259885340929031,3.8424630165100098,0.17329998314380646,3.796388864517212,0.11013232916593552,3.8304378986358643
1218,3,3,1,0.22511011362075806,3.595555543899536,0.10092474520206451,3.851747512817383,0.16833744943141937,3.7516722679138184,0.11222496628761292,3.732196807861328
1219,3,3,1,0.22106684744358063,3.601670026779175,0.09910614788532257,3.886632204055786,0.15857182443141937,3.765977621078491,0.10724250227212906,3.769745349884033
1220,3,3,1,0.227033331990242,3.5935721397399902,0.10492067784070969,3.8282837867736816,0.1745954155921936,3.780149459838867,0.10845822840929031,3.774531364440918
1221,3,3,1,0.2169114649295807,3.611898422241211,0.11116868257522583,3.8830225467681885,0.15048030018806458,3.858751058578491,0.10082509368658066,3.8770508766174316
1222,3,3,1,0.22650519013404846,3.592118501663208,0.1037946417927742,3.8178763389587402,0.18155093491077423,3.784675359725952,0.11645009368658066,3.7922301292419434
1223,3,3,1,0.22765864431858063,3.5943052768707275,0.10285793989896774,3.8199961185455322,0.17639906704425812,3.7302565574645996,0.1143973171710968,3.7020905017852783
1224,3,3,1,0.23908840119838715,3.5672695636749268,0.11661949753761292,3.7342989444732666,0.20338408648967743,3.7219009399414062,0.12976323068141937,3.7315311431884766
1225,3,3,1,0.2136479616165161,3.61686110496521,0.09624122828245163,3.917633056640625,0.14311622083187103,3.761871576309204,0.10126355290412903,3.742964029312134
1226,3,3,1,0.21760651469230652,3.605410575866699,0.10602179914712906,3.905399799346924,0.15307117998600006,3.8354272842407227,0.09895168989896774,3.758308172225952
1227,3,3,1,0.2244001030921936,3.594320297241211,0.10347077995538712,3.835797071456909,0.1757214516401291,3.800895929336548,0.11112882196903229,3.838773250579834
1228,3,3,1,0.22539909183979034,3.592061996459961,0.10964404791593552,3.8508589267730713,0.15567202866077423,3.761298179626465,0.10138312727212906,3.72577166557312
1229,3,0,0,0.2296391725540161,3.5962746143341064,0.12025171518325806,3.82332706451416,0.1770467907190323,3.7979962825775146,0.11348054558038712,3.8154196739196777
1230,3,3,1,0.22192133963108063,3.6001954078674316,0.1113978773355484,3.857947826385498,0.16082389652729034,3.8354296684265137,0.105887271463871,3.8554489612579346
1231,3,3,1,0.22612902522087097,3.5923874378204346,0.1038643941283226,3.8133933544158936,0.18281647562980652,3.7699224948883057,0.12065529078245163,3.7621407508850098
1232,3,3,1,0.2384655922651291,3.5640709400177,0.11126334965229034,3.7260310649871826,0.21052893996238708,3.7025134563446045,0.14046555757522583,3.6946651935577393
1233,3,3,1,0.2254987359046936,3.592076539993286,0.103759765625,3.8363025188446045,0.17254264652729034,3.7867166996002197,0.11011239886283875,3.840723991394043
1234,3,3,1,0.22597207129001617,3.5901308059692383,0.1045619398355484,3.8185932636260986,0.17994658648967743,3.7731752395629883,0.11668924987316132,3.770965099334717
1235,3,3,1,0.21382233500480652,3.6172900199890137,0.09627112001180649,3.924386739730835,0.13726681470870972,3.786787748336792,0.08846858888864517,3.7285425662994385
1236,3,3,1,0.22164978086948395,3.6023354530334473,0.10167709738016129,3.865438222885132,0.16015625,3.8063712120056152,0.10092474520206451,3.8019351959228516
1237,3,3,1,0.22227509319782257,3.5962812900543213,0.10256396979093552,3.823657989501953,0.17294123768806458,3.781619071960449,0.1162109375,3.750471591949463
1238,3,3,1,0.2178606241941452,3.623377561569214,0.1360311657190323,3.8870046138763428,0.15397799015045166,3.858982563018799,0.09707828611135483,3.881749153137207
1239,3,3,1,0.2283337563276291,3.5898423194885254,0.10401386767625809,3.8182601928710938,0.1887555718421936,3.783602476119995,0.12685346603393555,3.7313432693481445
1240,3,3,1,0.22405631840229034,3.6016921997070312,0.10049624741077423,3.8950421810150146,0.16069434583187103,3.769378662109375,0.10214046388864517,3.727609872817993
1241,3,3,1,0.22222775220870972,3.6008923053741455,0.10184650123119354,3.845212936401367,0.17373843491077423,3.791109800338745,0.1123046875,3.789884567260742
1242,3,3,1,0.22791773080825806,3.592798948287964,0.10374979674816132,3.838592052459717,0.17261239886283875,3.804583787918091,0.11208545416593552,3.799253225326538
1243,3,3,1,0.21557368338108063,3.623103380203247,0.10141800343990326,3.9356422424316406,0.13484534621238708,3.8344664573669434,0.08948501199483871,3.818040132522583
1244,3,3,1,0.22412358224391937,3.6020896434783936,0.1008649542927742,3.8715667724609375,0.16704200208187103,3.776650905609131,0.10931520909070969,3.796900749206543
1245,3,3,1,0.22846828401088715,3.5872814655303955,0.10324656963348389,3.826754093170166,0.18007612228393555,3.761773109436035,0.11581233888864517,3.78936505317688
1246,3,3,1,0.2426408976316452,3.557342052459717,0.11485570669174194,3.693432331085205,0.22290536761283875,3.7037863731384277,0.14748086035251617,3.7056756019592285
1247,3,3,1,0.2244623899459839,3.588361978530884,0.10498544573783875,3.8071281909942627,0.16977240145206451,3.745847225189209,0.1177455335855484,3.7322275638580322
1248,3,3,1,0.2218640297651291,3.606863021850586,0.09921077638864517,3.899106025695801,0.15009167790412903,3.7423980236053467,0.09440768510103226,3.6985433101654053
1249,3,3,1,0.22622369229793549,3.5874593257904053,0.10961415618658066,3.7981817722320557,0.18083345890045166,3.7827188968658447,0.11320152878761292,3.7848591804504395
1250,3,3,1,0.223371222615242,3.5941803455352783,0.10292769223451614,3.834446668624878,0.17451569437980652,3.7770228385925293,0.11449696868658066,3.78572678565979
1251,3,3,1,0.22022230923175812,3.6006176471710205,0.10103435814380646,3.848259210586548,0.1667829155921936,3.7785744667053223,0.10632573068141937,3.7703843116760254
1252,3,3,1,0.22081024944782257,3.599785566329956,0.10146783292293549,3.842965841293335,0.17435626685619354,3.806138277053833,0.11479591578245163,3.8227429389953613
1253,3,3,1,0.24269072711467743,3.5555338859558105,0.1150599867105484,3.6761789321899414,0.22589483857154846,3.6802241802215576,0.15005181729793549,3.64909029006958
1254,3,3,1,0.21084283292293549,3.6267929077148438,0.09735231846570969,3.9691386222839355,0.12205038219690323,3.821930170059204,0.07866310328245163,3.732455015182495
1255,3,3,1,0.22668954730033875,3.587636709213257,0.10575275123119354,3.7766785621643066,0.19457508623600006,3.779780864715576,0.1292649805545807,3.75470232963562
1256,3,3,1,0.22249183058738708,3.5944910049438477,0.1048409566283226,3.854814291000366,0.1623286008834839,3.7735421657562256,0.10778061300516129,3.7662723064422607
1257,3,3,1,0.23742425441741943,3.5707106590270996,0.11030671745538712,3.7484078407287598,0.20880499482154846,3.7332727909088135,0.14309629797935486,3.72033429145813
1258,3,3,1,0.2223772257566452,3.598001480102539,0.10325155407190323,3.8614583015441895,0.16548748314380646,3.8212199211120605,0.10471141338348389,3.8616292476654053
1259,3,3,1,0.2302495241165161,3.5832252502441406,0.10510004311800003,3.806580066680908,0.1843610405921936,3.781201124191284,0.11814413219690323,3.7712550163269043
1260,3,1,0,0.2297986000776291,3.6130764484405518,0.15914979577064514,3.815603256225586,0.1814413219690323,3.8134336471557617,0.11694833636283875,3.8217451572418213
1261,3,3,1,0.24573251605033875,3.5535640716552734,0.12063037604093552,3.662508726119995,0.2406529039144516,3.692629337310791,0.15475526452064514,3.6786863803863525
1262,3,3,1,0.22700592875480652,3.5893197059631348,0.10293267667293549,3.8426835536956787,0.17168566584587097,3.7651634216308594,0.10981345176696777,3.7960071563720703
1263,3,3,1,0.22183911502361298,3.601989984512329,0.09923569113016129,3.8848721981048584,0.16669324040412903,3.8323769569396973,0.10716278851032257,3.8155105113983154
1264,3,3,1,0.22729989886283875,3.591801881790161,0.10343590378761292,3.8459055423736572,0.17699696123600006,3.7418646812438965,0.11762595176696777,3.7033209800720215
1265,3,3,1,0.23958167433738708,3.5624310970306396,0.11434749513864517,3.699869394302368,0.22492824494838715,3.726032257080078,0.15200494229793549,3.72531795501709
1266,3,3,1,0.2211390882730484,3.609280586242676,0.09911112487316132,3.9126784801483154,0.15552255511283875,3.7504324913024902,0.10036670416593552,3.740865707397461
1267,3,3,1,0.23132821917533875,3.580947160720825,0.10816924273967743,3.7749884128570557,0.19114716351032257,3.758315086364746,0.1212332546710968,3.781851053237915
1268,3,3,1,0.22619380056858063,3.607152223587036,0.1359265297651291,3.855027198791504,0.16633449494838715,3.8483705520629883,0.1072823628783226,3.9030280113220215
1269,3,3,1,0.22784049808979034,3.5977890491485596,0.12104890495538712,3.8748302459716797,0.15633967518806458,3.7864747047424316,0.09215561300516129,3.739619493484497
1270,3,3,1,0.22937509417533875,3.587327480316162,0.10503527522087097,3.79702091217041,0.18846659362316132,3.76471209526062,0.12195073068141937,3.7292041778564453
1271,3,3,1,0.2242182493209839,3.596857786178589,0.10186144709587097,3.8342301845550537,0.17925900220870972,3.7589638233184814,0.12428252398967743,3.7487170696258545
1272,3,3,1,0.22516241669654846,3.594620704650879,0.1038643941283226,3.830854892730713,0.1745954155921936,3.7869412899017334,0.11138791590929031,3.7643585205078125
1273,3,3,1,0.22234733402729034,3.5978689193725586,0.10190130770206451,3.850088119506836,0.1748046875,3.8296658992767334,0.11282286047935486,3.857975721359253
1274,3,3,1,0.24193836748600006,3.558054208755493,0.12103894352912903,3.696826219558716,0.2216198891401291,3.7159173488616943,0.1431361585855484,3.715538740158081
1275,3,3,1,0.22864267230033875,3.583150863647461,0.10678909718990326,3.7919564247131348,0.1872907280921936,3.765735626220703,0.12147241830825806,3.772108316421509
1276,3,3,1,0.22081024944782257,3.600372314453125,0.10179169476032257,3.8497307300567627,0.16649393737316132,3.8071582317352295,0.10698341578245163,3.8245155811309814
1277,3,3,1,0.22134585678577423,3.6054024696350098,0.09908123314380646,3.877552032470703,0.15850207209587097,3.7718470096588135,0.10762117058038712,3.7524073123931885
1278,3,2,0,0.22722266614437103,3.5974080562591553,0.10259386897087097,3.8688747882843018,0.1595384180545807,3.7695815563201904,0.1023995503783226,3.7713117599487305
1279,3,3,1,0.24794721603393555,3.5469717979431152,0.12109375,3.636068105697632,0.24615353345870972,3.668083667755127,0.1611328125,3.6880643367767334
1280,3,3,1,0.22215551137924194,3.6042838096618652,0.10003288090229034,3.8675599098205566,0.1626674085855484,3.76090407371521,0.1090959832072258,3.7444281578063965
1281,3,3,1,0.22530940175056458,3.589909553527832,0.10517477989196777,3.82651948928833,0.16983218491077423,3.802440881729126,0.10702327638864517,3.8530726432800293
1282,3,3,1,0.22915835678577423,3.586698055267334,0.10584243386983871,3.8072307109832764,0.1838827282190323,3.798677682876587,0.11501514166593552,3.7993414402008057
1283,3,3,1,0.22867755591869354,3.5967013835906982,0.10408860445022583,3.8441433906555176,0.17030054330825806,3.758104085922241,0.10750158876180649,3.7413792610168457
1284,3,3,1,0.22567063570022583,3.595367908477783,0.10316187143325806,3.8426949977874756,0.17364875972270966,3.80259370803833,0.10907605290412903,3.8238625526428223
1285,3,3,1,0.2278454750776291,3.5911173820495605,0.10628088563680649,3.8135576248168945,0.18372328579425812,3.775017738342285,0.11433752626180649,3.7495205402374268
1286,3,3,1,0.22158502042293549,3.610752582550049,0.12827347218990326,3.841444969177246,0.17141661047935486,3.820486068725586,0.10768096148967743,3.8413844108581543
1287,3,3,1,0.2390585094690323,3.5680179595947266,0.11201570183038712,3.718975067138672,0.21201370656490326,3.6954784393310547,0.1411830335855484,3.682382822036743
1288,3,3,1,0.2208700329065323,3.603649854660034,0.10029695183038712,3.859811305999756,0.1659558266401291,3.801729202270508,0.10803969949483871,3.8354547023773193
1289,3,3,1,0.2206433266401291,3.598906993865967,0.10685885697603226,3.8482306003570557,0.16248804330825806,3.797436475753784,0.10243941098451614,3.8149805068969727
1290,3,3,1,0.23571527004241943,3.571836233139038,0.10923050343990326,3.7465219497680664,0.204450324177742,3.714773178100586,0.13885124027729034,3.7178125381469727
1291,3,3,1,0.21953971683979034,3.6042325496673584,0.10071049630641937,3.8876960277557373,0.14971300959587097,3.780484676361084,0.10451211780309677,3.768115997314453
1292,3,3,1,0.21899165213108063,3.6067118644714355,0.10099449753761292,3.8872225284576416,0.1575852930545807,3.8195269107818604,0.10341597348451614,3.826748847961426
1293,3,3,1,0.2243751883506775,3.597761631011963,0.10855288803577423,3.8387112617492676,0.17192481458187103,3.7939488887786865,0.11567282676696777,3.800654649734497
1294,3,3,1,0.23778051137924194,3.5630664825439453,0.11148755997419357,3.709599494934082,0.21301020681858063,3.71748685836792,0.14172114431858063,3.7121360301971436
1295,3,3,1,0.22181421518325806,3.5999910831451416,0.10125856846570969,3.8427889347076416,0.16980229318141937,3.7830398082733154,0.10875717550516129,3.8064870834350586
1296,3,3,1,0.2269536256790161,3.599444627761841,0.12177136540412903,3.8765957355499268,0.14575693011283875,3.814452648162842,0.08727280050516129,3.8159396648406982
1297,3,3,1,0.2223348766565323,3.5954596996307373,0.10855288803577423,3.8452746868133545,0.1662946343421936,3.7981183528900146,0.10782046616077423,3.8033270835876465
1298,3,3,1,0.2291782945394516,3.585646867752075,0.10691366344690323,3.799142599105835,0.1853475719690323,3.769354820251465,0.11908083409070969,3.8127195835113525
1299,3,3,1,0.22793516516685486,3.5841848850250244,0.10546376556158066,3.7907590866088867,0.18808792531490326,3.7775893211364746,0.12260841578245163,3.7963263988494873
1300,3,3,1,0.21715311706066132,3.6150147914886475,0.09663982689380646,3.9070427417755127,0.14943398535251617,3.7290611267089844,0.10024712979793549,3.697813034057617
1301,3,3,1,0.22359046339988708,3.5973973274230957,0.10225007683038712,3.8422181606292725,0.17078882455825806,3.790827989578247,0.1083984375,3.7970216274261475
1302,3,3,1,0.22525210678577423,3.5920612812042236,0.10367007553577423,3.810640573501587,0.18315528333187103,3.7751359939575195,0.1217912957072258,3.7965962886810303
1303,3,3,1,0.22324666380882263,3.6068315505981445,0.09981365501880646,3.8887834548950195,0.16303610801696777,3.8019070625305176,0.1096540167927742,3.7855324745178223
1304,3,3,1,0.23879194259643555,3.563936471939087,0.11490054428577423,3.709162712097168,0.21528220176696777,3.698481798171997,0.14764030277729034,3.6879050731658936
1305,3,3,1,0.24017956852912903,3.558427572250366,0.11271324753761292,3.6967110633850098,0.21884964406490326,3.7124123573303223,0.1468431055545807,3.7092833518981934
1306,3,3,1,0.22632582485675812,3.5984325408935547,0.10234972834587097,3.839158773422241,0.17521324753761292,3.766080856323242,0.12191087007522583,3.778813123703003
1307,3,3,1,0.24060556292533875,3.5812840461730957,0.14890584349632263,3.7503514289855957,0.2060646414756775,3.758450508117676,0.12922511994838715,3.767273187637329
1308,3,3,1,0.24106892943382263,3.5598397254943848,0.11414321511983871,3.6984591484069824,0.2198660671710968,3.7012782096862793,0.14419244229793549,3.719557762145996
1309,3,3,1,0.22843590378761292,3.589458703994751,0.10493063926696777,3.8209877014160156,0.1838129758834839,3.7894394397735596,0.11933992058038712,3.8116233348846436
1310,3,3,1,0.22451968491077423,3.594458818435669,0.10285793989896774,3.8276495933532715,0.18260721862316132,3.7876124382019043,0.12071508169174194,3.8132739067077637
1311,3,3,1,0.23116131126880646,3.618870496749878,0.16494937241077423,3.862260580062866,0.204938605427742,3.840367555618286,0.11517458409070969,3.89894437789917
1312,3,3,1,0.22997798025608063,3.589340925216675,0.10454200953245163,3.81512713432312,0.1883470118045807,3.772763252258301,0.12446188926696777,3.7465171813964844
1313,3,3,1,0.21084283292293549,3.6267929077148438,0.09735231846570969,3.9691386222839355,0.12205038219690323,3.821930170059204,0.07866310328245163,3.732455015182495
1314,3,3,1,0.23939234018325806,3.56614351272583,0.11203563213348389,3.708796501159668,0.2121332883834839,3.7066421508789062,0.13901068270206451,3.7082436084747314
1315,3,3,1,0.21982620656490326,3.6049864292144775,0.1034807488322258,3.88930606842041,0.14895567297935486,3.8375701904296875,0.09855309128761292,3.877047538757324
1316,3,3,1,0.2307378053665161,3.583308219909668,0.10873724520206451,3.8035647869110107,0.17422671616077423,3.7228894233703613,0.1177455335855484,3.715470552444458
1317,3,3,1,0.2294224351644516,3.588118314743042,0.1048409566283226,3.818790912628174,0.18127192556858063,3.764333963394165,0.11639030277729034,3.725684881210327
1318,3,3,1,0.2451695054769516,3.549398899078369,0.11752630770206451,3.6397321224212646,0.23490314185619354,3.651465654373169,0.15519371628761292,3.6581482887268066
1319,3,3,1,0.22997798025608063,3.589340925216675,0.10454200953245163,3.81512713432312,0.1883470118045807,3.772763252258301,0.12446188926696777,3.7465171813964844
1320,3,3,1,0.226806640625,3.590507745742798,0.10517477989196777,3.7921266555786133,0.1847895383834839,3.7247626781463623,0.12121332436800003,3.718020439147949
1321,3,3,1,0.23732709884643555,3.5643835067749023,0.11146265268325806,3.7318403720855713,0.20502829551696777,3.724179744720459,0.13620057702064514,3.7278313636779785
1322,3,3,1,0.2409842312335968,3.557513952255249,0.11368482559919357,3.7055704593658447,0.21867027878761292,3.700282573699951,0.1448102593421936,3.703413248062134
1323,3,0,0,0.23864994943141937,3.565681219100952,0.11943957209587097,3.7218003273010254,0.21140584349632263,3.7218949794769287,0.13418765366077423,3.7166197299957275
1324,3,3,1,0.2126215696334839,3.6131954193115234,0.10039161890745163,3.9272916316986084,0.13559271395206451,3.8172998428344727,0.08597736060619354,3.784886360168457
1325,3,3,1,0.2232591211795807,3.5993216037750244,0.11032166332006454,3.8394453525543213,0.17251275479793549,3.765711545944214,0.10959422588348389,3.7115838527679443
1326,3,3,1,0.23927275836467743,3.558367967605591,0.11225485801696777,3.6901464462280273,0.21919842064380646,3.7197799682617188,0.14618542790412903,3.7007498741149902
1327,3,3,1,0.224225714802742,3.614192485809326,0.12885642051696777,3.8565075397491455,0.17206433415412903,3.7645797729492188,0.116629458963871,3.7725563049316406
1328,3,3,1,0.2405133843421936,3.5600762367248535,0.11305703967809677,3.708298444747925,0.21579040586948395,3.6913414001464844,0.14516900479793549,3.6900055408477783
1329,3,3,1,0.21893185377120972,3.606672763824463,0.09991330653429031,3.888345956802368,0.15455596148967743,3.8417794704437256,0.09843350946903229,3.9018020629882812
1330,3,3,1,0.24222485721111298,3.61214017868042,0.19442561268806458,3.7969093322753906,0.2165776491165161,3.7706358432769775,0.12800940871238708,3.7891950607299805
1331,3,3,1,0.23900121450424194,3.5630362033843994,0.11177654564380646,3.7312562465667725,0.20482899248600006,3.6971054077148438,0.13460618257522583,3.6673083305358887
1332,3,3,1,0.23218022286891937,3.5768730640411377,0.11011738330125809,3.7687435150146484,0.18873564898967743,3.733685255050659,0.1267338991165161,3.7458720207214355
1333,3,3,1,0.22769849002361298,3.5952625274658203,0.10847317427396774,3.8473198413848877,0.16855667531490326,3.7486255168914795,0.11102917790412903,3.7255430221557617
1334,3,3,1,0.22183164954185486,3.596170425415039,0.10175681114196777,3.837536096572876,0.17471499741077423,3.777961492538452,0.11652981489896774,3.772361993789673
1335,3,0,0,0.23392906785011292,3.5850629806518555,0.13227438926696777,3.7822811603546143,0.18855628371238708,3.7746009826660156,0.11772560328245163,3.8065006732940674
1336,3,3,1,0.2203717827796936,3.5955865383148193,0.10432776063680649,3.844644069671631,0.16277702152729034,3.762963056564331,0.11210538446903229,3.750577688217163
1337,3,3,1,0.2292231321334839,3.588064670562744,0.10620614886283875,3.7814316749572754,0.19493383169174194,3.784224510192871,0.12565767765045166,3.796510696411133
1338,3,3,1,0.24631546437740326,3.549887180328369,0.11991290748119354,3.668093204498291,0.23241190612316132,3.6848604679107666,0.15031090378761292,3.682577610015869
1339,3,3,1,0.2310193032026291,3.581217050552368,0.1068289577960968,3.7605056762695312,0.19158561527729034,3.7396233081817627,0.12864716351032257,3.735244035720825
1340,3,3,1,0.21587511897087097,3.616128444671631,0.09680424630641937,3.918318033218384,0.14873644709587097,3.729398250579834,0.10206074267625809,3.6656901836395264
1341,3,3,1,0.23687370121479034,3.5706803798675537,0.11008749157190323,3.7576375007629395,0.20311503112316132,3.722661018371582,0.13315130770206451,3.701841115951538
1342,3,3,1,0.23964643478393555,3.562549352645874,0.11327626556158066,3.7200350761413574,0.21444514393806458,3.6978158950805664,0.14198023080825806,3.70676589012146
1343,3,3,1,0.22375239431858063,3.595261335372925,0.10353555530309677,3.821174144744873,0.16798867285251617,3.7207260131835938,0.11888153105974197,3.759094715118408
1344,3,3,1,0.22922562062740326,3.590796947479248,0.1128627210855484,3.7989580631256104,0.18232819437980652,3.778761625289917,0.11525430530309677,3.810997724533081
1345,3,3,1,0.22063586115837097,3.6084232330322266,0.11669921875,3.8840832710266113,0.1674107164144516,3.793809413909912,0.111328125,3.7674543857574463
1346,3,3,1,0.22546137869358063,3.599290609359741,0.10161232203245163,3.868490695953369,0.16871611773967743,3.8129465579986572,0.10568797588348389,3.8123703002929688
1347,3,3,1,0.22400151193141937,3.602306604385376,0.10364516824483871,3.8775599002838135,0.1634446680545807,3.752164363861084,0.10977359116077423,3.7155046463012695
1348,3,3,1,0.22415845096111298,3.6152102947235107,0.1317063868045807,3.880570411682129,0.16959303617477417,3.8296608924865723,0.09753666818141937,3.825500726699829
1349,3,3,1,0.23704060912132263,3.571234941482544,0.1103864386677742,3.7470548152923584,0.20615433156490326,3.7210943698883057,0.13715720176696777,3.6788723468780518
1350,3,3,1,0.23795489966869354,3.56359601020813,0.11106903105974197,3.721648931503296,0.2072405070066452,3.7000529766082764,0.13932955265045166,3.6697182655334473
1351,3,3,1,0.2245396226644516,3.6007633209228516,0.10168207436800003,3.878037929534912,0.15523357689380646,3.7698676586151123,0.10355548560619354,3.7667436599731445
1352,3,3,1,0.2241385281085968,3.6030497550964355,0.10074537247419357,3.865281820297241,0.16647401452064514,3.772237539291382,0.1099330335855484,3.773023843765259
1353,3,3,1,0.23661461472511292,3.566883087158203,0.11036152392625809,3.7381489276885986,0.20516780018806458,3.72198748588562,0.13875159621238708,3.685866117477417
1354,3,3,1,0.24517448246479034,3.609327793121338,0.1945202797651291,3.7893495559692383,0.22145049273967743,3.7858524322509766,0.122488833963871,3.816303253173828
1355,3,3,1,0.21578045189380646,3.609529495239258,0.09992825239896774,3.9007279872894287,0.14070472121238708,3.794050931930542,0.08972416818141937,3.7701022624969482
1356,3,3,1,0.22000806033611298,3.599945545196533,0.10405372828245163,3.857067584991455,0.1614118218421936,3.8032472133636475,0.10788025707006454,3.774247169494629
1357,3,3,1,0.22796256840229034,3.604255437850952,0.12920519709587097,3.835994243621826,0.1676996946334839,3.8052172660827637,0.10682398080825806,3.7852611541748047
1358,3,3,1,0.23036660254001617,3.611478090286255,0.15937897562980652,3.8189945220947266,0.18807795643806458,3.8130762577056885,0.110770083963871,3.826016664505005
1359,3,3,1,0.24145257472991943,3.5588057041168213,0.11424285918474197,3.7049152851104736,0.22118143737316132,3.7118399143218994,0.1462053507566452,3.679389238357544
1360,3,3,1,0.23021961748600006,3.5876076221466064,0.10609155893325806,3.8022823333740234,0.18183991312980652,3.7564663887023926,0.11503507196903229,3.7285170555114746
1361,3,3,1,0.22375737130641937,3.596517324447632,0.102713443338871,3.8369147777557373,0.17845185101032257,3.797520637512207,0.11611128598451614,3.80192232131958
1362,3,3,1,0.2447609305381775,3.560422897338867,0.1181989386677742,3.675546884536743,0.23129583895206451,3.6826934814453125,0.14853714406490326,3.692204475402832
1363,3,3,1,0.22434529662132263,3.6020054817199707,0.10193119943141937,3.8774561882019043,0.15406768023967743,3.7011189460754395,0.10070551186800003,3.7280824184417725
1364,3,3,1,0.22539909183979034,3.593012571334839,0.1037946417927742,3.8282930850982666,0.18308553099632263,3.804386854171753,0.12051577866077423,3.8220605850219727
1365,3,3,1,0.22400400042533875,3.5954935550689697,0.10328643023967743,3.846454381942749,0.1683972328901291,3.7777974605560303,0.10608657449483871,3.7967312335968018
1366,3,3,1,0.24076251685619354,3.558182716369629,0.11389409005641937,3.68380069732666,0.2218191921710968,3.6925876140594482,0.14985251426696777,3.7107326984405518
1367,3,3,1,0.22416344285011292,3.594247579574585,0.10291274636983871,3.82924222946167,0.1765585094690323,3.801839828491211,0.11373963207006454,3.7874538898468018
1368,3,3,1,0.2241833657026291,3.6067075729370117,0.12658940255641937,3.845357656478882,0.16673310101032257,3.830922842025757,0.10869738459587097,3.8610193729400635
1369,3,3,1,0.22577527165412903,3.592576265335083,0.10401885211467743,3.820951223373413,0.18047472834587097,3.7942686080932617,0.11688855290412903,3.8132991790771484
1370,3,3,1,0.21796774864196777,3.603527069091797,0.10241449624300003,3.89491605758667,0.14761041104793549,3.787078857421875,0.10550861060619354,3.767472505569458
1371,3,3,1,0.22816187143325806,3.5931146144866943,0.10279814898967743,3.8377277851104736,0.17563177645206451,3.774184465408325,0.11308194696903229,3.758018970489502
1372,3,3,1,0.22167719900608063,3.6032164096832275,0.10101941227912903,3.879457473754883,0.1614018678665161,3.7857627868652344,0.10321667790412903,3.8026645183563232
1373,3,3,1,0.22045649588108063,3.6007933616638184,0.10165716707706451,3.8534038066864014,0.16158123314380646,3.810854196548462,0.10485092550516129,3.81581449508667
1374,3,3,1,0.22743940353393555,3.591548442840576,0.10482102632522583,3.8127198219299316,0.18106265366077423,3.792294979095459,0.11381935328245163,3.8045876026153564
1375,3,3,1,0.21760651469230652,3.605410575866699,0.10602179914712906,3.905399799346924,0.15307117998600006,3.8354272842407227,0.09895168989896774,3.758308172225952
1376,3,3,1,0.22878217697143555,3.5863778591156006,0.10378965735435486,3.7986655235290527,0.1892338991165161,3.7534492015838623,0.12781010568141937,3.727740526199341
1377,3,3,1,0.23015983402729034,3.5869810581207275,0.10478615015745163,3.826446771621704,0.18016581237316132,3.7327985763549805,0.12121332436800003,3.7459716796875
1378,3,3,1,0.2136404812335968,3.6220483779907227,0.11079998314380646,3.9526937007904053,0.14841756224632263,3.8386597633361816,0.10118383169174194,3.868032217025757
1379,3,3,1,0.237165167927742,3.573455810546875,0.11203064769506454,3.7250165939331055,0.20650310814380646,3.7215654850006104,0.1335698366165161,3.7508206367492676
1380,3,3,1,0.2196294069290161,3.6074228286743164,0.09933533519506454,3.8994834423065186,0.1483079493045807,3.7913055419921875,0.09311224520206451,3.7386558055877686
1381,3,2,0,0.2246268093585968,3.6007630825042725,0.1090262234210968,3.866419792175293,0.15007174015045166,3.7954182624816895,0.09600207209587097,3.794477939605713
1382,3,3,1,0.23645268380641937,3.5722339153289795,0.10969885438680649,3.7461960315704346,0.1994280070066452,3.7164342403411865,0.13109852373600006,3.7236242294311523
1383,3,3,1,0.22114905714988708,3.6030235290527344,0.1009347066283226,3.8881924152374268,0.14094386994838715,3.7550904750823975,0.09434789419174194,3.7841148376464844
1384,3,3,1,0.23230478167533875,3.5687782764434814,0.10950454324483871,3.748020648956299,0.18935346603393555,3.6991896629333496,0.12531886994838715,3.7258269786834717
1385,3,3,1,0.21750935912132263,3.611384630203247,0.10216039419174194,3.90089750289917,0.15861168503761292,3.7744550704956055,0.10676418989896774,3.7614336013793945
1386,3,3,1,0.22893165051937103,3.587496519088745,0.10582250356674194,3.80328631401062,0.18082350492477417,3.7254490852355957,0.123046875,3.7403628826141357
1387,3,3,1,0.2215576171875,3.603564500808716,0.09951470792293549,3.898763418197632,0.15691764652729034,3.7843399047851562,0.09982860088348389,3.8195247650146484
1388,3,3,1,0.24490542709827423,3.5550875663757324,0.11855269223451614,3.688072681427002,0.2286551296710968,3.7042622566223145,0.14827805757522583,3.695295810699463
1389,3,1,0,0.2544667720794678,3.5804200172424316,0.1976492702960968,3.7309234142303467,0.22941246628761292,3.763878107070923,0.14538823068141937,3.7705278396606445
1390,3,3,1,0.2304164320230484,3.5895817279815674,0.10506516695022583,3.824014902114868,0.18508848547935486,3.7662861347198486,0.12201052159070969,3.7432212829589844
1391,3,3,1,0.23896633088588715,3.5633580684661865,0.11236945539712906,3.708996534347534,0.212751105427742,3.684262275695801,0.14329560101032257,3.6819193363189697
1392,3,3,1,0.22500547766685486,3.591425895690918,0.10286291688680649,3.8291594982147217,0.17793366312980652,3.783546209335327,0.11726721376180649,3.7926580905914307
1393,3,3,1,0.2273048758506775,3.5885884761810303,0.10399892181158066,3.814545154571533,0.17894013226032257,3.7799744606018066,0.1173270046710968,3.7902157306671143
1394,3,3,1,0.22676926851272583,3.601557731628418,0.10293267667293549,3.84989595413208,0.1654675453901291,3.712315559387207,0.10726243257522583,3.710702419281006
1395,3,3,1,0.21606694161891937,3.6115000247955322,0.10022719949483871,3.8879499435424805,0.14802893996238708,3.778189182281494,0.10006775707006454,3.7936666011810303
1396,3,3,1,0.2197614312171936,3.6045072078704834,0.09958944469690323,3.879077434539795,0.16542768478393555,3.8267574310302734,0.10712292790412903,3.864744186401367
1397,3,3,1,0.22591477632522583,3.592982292175293,0.10193119943141937,3.859077215194702,0.17626953125,3.799649477005005,0.11232461780309677,3.7698721885681152
1398,3,3,1,0.22781060636043549,3.5883865356445312,0.10488081723451614,3.8174822330474854,0.18139149248600006,3.7840466499328613,0.11362005770206451,3.820206880569458
1399,3,3,1,0.23087231814861298,3.59158992767334,0.1419602930545807,3.785202980041504,0.1863141655921936,3.7575011253356934,0.12956392765045166,3.7281956672668457
1400,3,3,1,0.23704060912132263,3.5633420944213867,0.11107401549816132,3.73475980758667,0.2121831178665161,3.710421323776245,0.1448102593421936,3.6928157806396484
1401,3,3,1,0.2231096476316452,3.60139799118042,0.10015744715929031,3.865933656692505,0.1666434109210968,3.7555463314056396,0.10855787247419357,3.7706995010375977
1402,3,3,1,0.2169288992881775,3.600445508956909,0.10678412020206451,3.882978677749634,0.1512376368045807,3.7983791828155518,0.10586734116077423,3.7573418617248535
1403,3,3,1,0.2279301881790161,3.590679168701172,0.10537905991077423,3.8108747005462646,0.18200932443141937,3.7502875328063965,0.1141183003783226,3.7378623485565186
1404,3,3,1,0.22200354933738708,3.608142375946045,0.09970404207706451,3.8824145793914795,0.1575055718421936,3.7372517585754395,0.09827407449483871,3.683431386947632
1405,3,3,1,0.2415173500776291,3.5597286224365234,0.11731704324483871,3.6988449096679688,0.222028449177742,3.703559160232544,0.1448102593421936,3.708918333053589
1406,3,3,1,0.23986317217350006,3.559600353240967,0.1147112175822258,3.6898319721221924,0.22185905277729034,3.719277858734131,0.14680324494838715,3.7333695888519287
1407,3,3,1,0.2186279296875,3.630157709121704,0.14999201893806458,3.890247106552124,0.17253267765045166,3.8757076263427734,0.09867267310619354,3.9210259914398193
1408,3,3,1,0.22307227551937103,3.6053738594055176,0.10085498541593552,3.8706648349761963,0.1623784303665161,3.7559988498687744,0.10233975946903229,3.7524828910827637
1409,3,3,1,0.2235456109046936,3.5948312282562256,0.1040736585855484,3.825258493423462,0.1732700914144516,3.7642626762390137,0.11276306957006454,3.768646240234375
1410,3,3,1,0.22055365145206451,3.604448080062866,0.10081014782190323,3.8785648345947266,0.1593989133834839,3.8090147972106934,0.0969587042927742,3.820760488510132
1411,3,3,1,0.2410016655921936,3.563344955444336,0.11452188342809677,3.689406156539917,0.22262634336948395,3.7112483978271484,0.14702247083187103,3.7271249294281006
1412,3,3,1,0.22091986238956451,3.6197521686553955,0.13377411663532257,3.9057693481445312,0.16667330265045166,3.8590219020843506,0.099609375,3.861144542694092
1413,3,0,0,0.22674435377120972,3.586055278778076,0.11253387480974197,3.7995219230651855,0.18092314898967743,3.7626678943634033,0.12288743257522583,3.7596497535705566
1414,3,3,1,0.2199632227420807,3.6038167476654053,0.10220025479793549,3.8734400272369385,0.14926458895206451,3.7796247005462646,0.09893175959587097,3.808823585510254
1415,3,3,1,0.24454669654369354,3.5573179721832275,0.1201520636677742,3.670039415359497,0.23119617998600006,3.688246250152588,0.14947384595870972,3.679333448410034
1416,3,3,1,0.22710558772087097,3.586637020111084,0.1049455925822258,3.794236421585083,0.19041971862316132,3.775655508041382,0.12316644936800003,3.8226537704467773
1417,3,3,1,0.2384282350540161,3.5642220973968506,0.11161710321903229,3.7204713821411133,0.21260163187980652,3.7209279537200928,0.14379383623600006,3.7106029987335205
1418,3,3,1,0.22680164873600006,3.600252628326416,0.10196109116077423,3.8692827224731445,0.16675302386283875,3.7570815086364746,0.10708306729793549,3.76456356048584
1419,3,3,1,0.2156384438276291,3.6094918251037598,0.11189114302396774,3.884089708328247,0.14542809128761292,3.8584349155426025,0.0894252210855484,3.8783152103424072
1420,3,3,1,0.21320700645446777,3.6169683933258057,0.10003786534070969,3.919663429260254,0.14393335580825806,3.7935473918914795,0.10034677386283875,3.7294936180114746
1421,3,3,1,0.23057088255882263,3.5839247703552246,0.10803969949483871,3.783527135848999,0.18872568011283875,3.7439146041870117,0.12203045189380646,3.7568185329437256
1422,3,3,1,0.22634825110435486,3.596799373626709,0.10473134368658066,3.8330161571502686,0.17093829810619354,3.7235047817230225,0.10387436300516129,3.695702314376831
1423,3,3,1,0.22650769352912903,3.5961153507232666,0.10279316455125809,3.8492560386657715,0.1726323366165161,3.7631032466888428,0.11338089406490326,3.7579538822174072
1424,3,3,1,0.22355309128761292,3.6066126823425293,0.10127351433038712,3.8971760272979736,0.15442641079425812,3.7460153102874756,0.10299744457006454,3.737809658050537
1425,3,3,1,0.24081481993198395,3.559478521347046,0.11285773664712906,3.690962791442871,0.21242226660251617,3.6756579875946045,0.14419244229793549,3.6779544353485107
1426,3,3,1,0.22514498233795166,3.5953195095062256,0.10382453352212906,3.844514846801758,0.1733497977256775,3.8009886741638184,0.1065848171710968,3.834517478942871
1427,3,3,1,0.22193129360675812,3.6096649169921875,0.09862284362316132,3.912498712539673,0.15070949494838715,3.7542316913604736,0.09283322840929031,3.7097465991973877
1428,3,3,1,0.22351323068141937,3.5998997688293457,0.10263372957706451,3.8609156608581543,0.15588130056858063,3.7568881511688232,0.09950972348451614,3.7424395084381104
1429,3,3,1,0.21567830443382263,3.622708559036255,0.10115393251180649,3.9398088455200195,0.1310586780309677,3.8145530223846436,0.0806361585855484,3.7671773433685303
1430,3,3,1,0.2259770631790161,3.5951449871063232,0.10460180044174194,3.8234734535217285,0.17568159103393555,3.797560930252075,0.1079799085855484,3.8289036750793457
1431,3,3,1,0.24123334884643555,3.560046672821045,0.11724728345870972,3.6667516231536865,0.2314453125,3.676095724105835,0.15202486515045166,3.6642632484436035
1432,3,3,1,0.22290536761283875,3.6080737113952637,0.10045639425516129,3.9135501384735107,0.1467036008834839,3.776864528656006,0.08962451666593552,3.7104735374450684
1433,3,3,1,0.21770118176937103,3.6136839389801025,0.103445865213871,3.9132068157196045,0.14273756742477417,3.8334264755249023,0.09042171388864517,3.821467876434326
1434,3,3,1,0.23374471068382263,3.5918338298797607,0.13022659718990326,3.792975425720215,0.19163544476032257,3.759190797805786,0.13217474520206451,3.7273824214935303
