index,label,prediction,correct,rate_layer1,com_layer1,rate_layer2,com_layer2,rate_layer3,com_layer3,rate_layer4,com_layer4
0,0,0,1,0.227643683552742,3.5858192443847656,0.10548369586467743,3.7596240043640137,0.1842912882566452,3.808532476425171,0.12794961035251617,3.8285045623779297
1,0,0,1,0.22060845792293549,3.604840040206909,0.10657485574483871,3.8443665504455566,0.16515864431858063,3.852419376373291,0.10650510340929031,3.915980577468872
2,0,0,1,0.2284458726644516,3.588669538497925,0.11649493873119354,3.77156662940979,0.18329480290412903,3.8055343627929688,0.12470105290412903,3.8556816577911377
3,0,0,1,0.23236706852912903,3.579132556915283,0.10850805044174194,3.7202682495117188,0.19681720435619354,3.7687206268310547,0.13634008169174194,3.814208507537842
4,0,0,1,0.23474369943141937,3.5823745727539062,0.1109095960855484,3.6990115642547607,0.2033442258834839,3.7311084270477295,0.14052534103393555,3.7611687183380127
5,0,0,1,0.23023207485675812,3.5820140838623047,0.1092703640460968,3.7278738021850586,0.19408680498600006,3.772963047027588,0.13179607689380646,3.8156661987304688
6,0,0,1,0.22468659281730652,3.5971548557281494,0.11376953125,3.7995095252990723,0.1720942258834839,3.8117544651031494,0.11515465378761292,3.8605053424835205
7,0,0,1,0.22529944777488708,3.595784902572632,0.10765604674816132,3.790947437286377,0.18090321123600006,3.801255941390991,0.12615592777729034,3.856872081756592
8,0,0,1,0.21839125454425812,3.6120071411132812,0.10113400965929031,3.8709232807159424,0.1588309109210968,3.867494821548462,0.10405372828245163,3.8590307235717773
9,0,0,1,0.2294573038816452,3.590406656265259,0.11158222705125809,3.75999116897583,0.1897321343421936,3.80619740486145,0.13131776452064514,3.8263773918151855
10,0,0,1,0.23213288187980652,3.591038942337036,0.11180643737316132,3.7352941036224365,0.19219347834587097,3.772541046142578,0.12854750454425812,3.838914632797241
11,0,0,1,0.234619140625,3.5833847522735596,0.11156728118658066,3.7102537155151367,0.1982521414756775,3.7426488399505615,0.1326729953289032,3.812227725982666
12,0,0,1,0.21497328579425812,3.617032766342163,0.09950972348451614,3.896655321121216,0.1500418484210968,3.873015880584717,0.09996811300516129,3.9222488403320312
13,0,0,1,0.23079510033130646,3.585667610168457,0.1088518425822258,3.7388200759887695,0.18878547847270966,3.763420343399048,0.12605628371238708,3.808063268661499
14,0,0,1,0.23072035610675812,3.5864834785461426,0.11856763809919357,3.747657299041748,0.1884068101644516,3.775850296020508,0.12543845176696777,3.7975850105285645
15,0,0,1,0.23000288009643555,3.5849878787994385,0.109061099588871,3.7374937534332275,0.19067880511283875,3.7790958881378174,0.13018175959587097,3.791334867477417
16,0,0,1,0.22045399248600006,3.608100175857544,0.10131337493658066,3.825218915939331,0.16907484829425812,3.8527140617370605,0.11266342550516129,3.8632583618164062
17,0,0,1,0.23147520422935486,3.5836563110351562,0.10830377042293549,3.7246170043945312,0.19390743970870972,3.772907257080078,0.1320551633834839,3.828101396560669
18,0,0,1,0.23236456513404846,3.582869529724121,0.11236945539712906,3.726865530014038,0.19680723547935486,3.771746873855591,0.1310586780309677,3.800790786743164
19,0,0,1,0.22031697630882263,3.612424612045288,0.11232959479093552,3.873453140258789,0.1592494398355484,3.888054609298706,0.10676418989896774,3.9628522396087646
20,0,0,1,0.2168840616941452,3.622715711593628,0.11531408876180649,3.8753888607025146,0.14751075208187103,3.8323311805725098,0.09739716351032257,3.8819315433502197
21,0,0,1,0.22737464308738708,3.591508626937866,0.11279296875,3.76216983795166,0.18747010827064514,3.8128421306610107,0.12824855744838715,3.8604507446289062
22,0,0,1,0.2299206703901291,3.5833983421325684,0.10921555757522583,3.7346715927124023,0.19033999741077423,3.7668185234069824,0.1315569132566452,3.815027952194214
23,0,0,1,0.23038654029369354,3.586273670196533,0.10772580653429031,3.7281808853149414,0.19497369229793549,3.7758867740631104,0.13464604318141937,3.8074305057525635
24,0,0,1,0.22484852373600006,3.601921319961548,0.10888671875,3.8092339038848877,0.17317043244838715,3.8632752895355225,0.11585219949483871,3.967658758163452
25,0,0,1,0.22136828303337097,3.6125435829162598,0.11812420189380646,3.841867685317993,0.16809828579425812,3.8465824127197266,0.11176657676696777,3.9126248359680176
26,0,0,1,0.21740971505641937,3.614426374435425,0.11050103604793549,3.869871139526367,0.1646902859210968,3.931203603744507,0.11138791590929031,4.000536918640137
27,0,0,1,0.2320730984210968,3.5830113887786865,0.11115872114896774,3.728821039199829,0.1997169852256775,3.780510902404785,0.13500477373600006,3.8002657890319824
28,0,0,1,0.23273077607154846,3.591404438018799,0.1225237175822258,3.744215250015259,0.1942063868045807,3.7683820724487305,0.13217474520206451,3.8152894973754883
29,0,0,1,0.21360062062740326,3.621184825897217,0.1124441921710968,3.882444143295288,0.15644928812980652,3.9243948459625244,0.10748166590929031,3.981642961502075
30,0,0,1,0.22937260568141937,3.5853679180145264,0.11034159362316132,3.747990608215332,0.19233298301696777,3.787213087081909,0.13315130770206451,3.8289177417755127
31,0,0,1,0.23206812143325806,3.582669496536255,0.11007752269506454,3.7264292240142822,0.19467474520206451,3.7651002407073975,0.13185586035251617,3.83207368850708
32,0,0,1,0.21728764474391937,3.617741107940674,0.10906608402729034,3.8624942302703857,0.15322065353393555,3.850741386413574,0.10538902878761292,3.9275717735290527
33,0,0,1,0.23107659816741943,3.5960476398468018,0.12173150479793549,3.7616240978240967,0.18971221148967743,3.7862696647644043,0.12581712007522583,3.81672739982605
34,0,0,1,0.2333012819290161,3.5832629203796387,0.11259865015745163,3.7183945178985596,0.2025071680545807,3.7605059146881104,0.13576211035251617,3.804169178009033
35,0,0,1,0.2194226235151291,3.617872714996338,0.11820890009403229,3.86018967628479,0.1581433266401291,3.8385002613067627,0.1083984375,3.89097261428833
36,0,0,1,0.2204340696334839,3.61189603805542,0.10832370072603226,3.856354236602783,0.16529814898967743,3.8755123615264893,0.11011239886283875,3.9652488231658936
37,0,0,1,0.2318289577960968,3.586397647857666,0.11545858532190323,3.7342164516448975,0.1962990164756775,3.7655210494995117,0.13319116830825806,3.800837993621826
38,0,0,1,0.22611407935619354,3.593550205230713,0.10755141824483871,3.766746997833252,0.18764947354793549,3.8201370239257812,0.12896603345870972,3.8579816818237305
39,0,0,1,0.22288793325424194,3.6094961166381836,0.12078483402729034,3.8426284790039062,0.16187021136283875,3.832430362701416,0.10634566098451614,3.8545727729797363
40,0,0,1,0.2254987359046936,3.5931923389434814,0.10898636281490326,3.7704124450683594,0.18141143023967743,3.817138195037842,0.12501992285251617,3.8676869869232178
41,0,0,1,0.22941993176937103,3.5917515754699707,0.11220503598451614,3.7650532722473145,0.18601521849632263,3.8205924034118652,0.1227678582072258,3.862013101577759
42,0,0,1,0.20858576893806458,3.6277709007263184,0.09554368257522583,3.9562995433807373,0.13053053617477417,3.8787693977355957,0.08512037247419357,3.861859083175659
43,0,0,1,0.2289067506790161,3.590085506439209,0.11504005640745163,3.7487547397613525,0.19079838693141937,3.7621560096740723,0.1286272257566452,3.8146886825561523
44,0,0,1,0.22596709430217743,3.5930874347686768,0.10683394223451614,3.7771196365356445,0.17903977632522583,3.80208158493042,0.12218988686800003,3.8696787357330322
45,0,0,1,0.22925551235675812,3.585449695587158,0.11092454195022583,3.7521448135375977,0.18817761540412903,3.7911460399627686,0.12769052386283875,3.8156702518463135
46,0,0,1,0.22343848645687103,3.612041473388672,0.11648496985435486,3.8323280811309814,0.1692143678665161,3.8462398052215576,0.11136798560619354,3.8770580291748047
47,0,0,1,0.21900659799575806,3.617647409439087,0.11409837007522583,3.8436243534088135,0.16053491830825806,3.8592798709869385,0.10931520909070969,3.9589791297912598
48,0,0,1,0.23328383266925812,3.5803380012512207,0.1100027859210968,3.7010598182678223,0.19959741830825806,3.7360458374023438,0.13468590378761292,3.7854394912719727
49,0,0,1,0.2181047648191452,3.609315872192383,0.10061084479093552,3.8496012687683105,0.15546277165412903,3.831421136856079,0.10277821868658066,3.8772542476654053
50,0,0,1,0.22934021055698395,3.5883400440216064,0.11393395066261292,3.7406742572784424,0.18830715119838715,3.7794888019561768,0.1286870241165161,3.836146831512451
51,0,0,1,0.2233189195394516,3.59291410446167,0.10448720306158066,3.773019790649414,0.18212890625,3.82146954536438,0.126953125,3.833751916885376
52,0,0,1,0.2200329750776291,3.6043951511383057,0.10192621499300003,3.82837176322937,0.16690249741077423,3.8248252868652344,0.11158721148967743,3.8556885719299316
53,0,0,1,0.22836115956306458,3.5880260467529297,0.10974369943141937,3.7582857608795166,0.18476960062980652,3.7832489013671875,0.12539859116077423,3.8299427032470703
54,0,0,1,0.22183164954185486,3.605278253555298,0.10419821739196777,3.840864419937134,0.16260762512683868,3.8400540351867676,0.10511001199483871,3.9029200077056885
55,0,0,1,0.21961943805217743,3.611114263534546,0.10903120785951614,3.858017683029175,0.16052494943141937,3.864609956741333,0.1096540167927742,3.9383859634399414
56,0,0,1,0.23527184128761292,3.5801568031311035,0.11258868873119354,3.6863300800323486,0.2113560289144516,3.7299859523773193,0.142578125,3.78627347946167
57,0,0,1,0.22947224974632263,3.584017276763916,0.10938496142625809,3.719595432281494,0.20078323781490326,3.7381012439727783,0.14038583636283875,3.773850202560425
58,0,0,1,0.22706323862075806,3.589050531387329,0.10742685198783875,3.759936809539795,0.19053930044174194,3.802886962890625,0.12978315353393555,3.8475122451782227
59,0,0,1,0.22481116652488708,3.5972230434417725,0.11179647594690323,3.7878153324127197,0.18181999027729034,3.8163981437683105,0.12599648535251617,3.8956027030944824
60,0,0,1,0.22015255689620972,3.613074541091919,0.11183135211467743,3.843350410461426,0.16274712979793549,3.8337619304656982,0.1075613796710968,3.8932740688323975
61,0,0,1,0.23554836213588715,3.576641082763672,0.11114875227212906,3.695176601409912,0.20491868257522583,3.740809202194214,0.13934949040412903,3.7625858783721924
62,0,0,1,0.2135109305381775,3.6192054748535156,0.10069555044174194,3.9011874198913574,0.14862683415412903,3.8772377967834473,0.09701849520206451,3.9163928031921387
63,0,0,1,0.2251325249671936,3.59243106842041,0.11095941811800003,3.771486282348633,0.18085339665412903,3.81034779548645,0.1238839253783226,3.8542470932006836
64,0,0,1,0.23189373314380646,3.58563232421875,0.11625079810619354,3.734313488006592,0.20222815871238708,3.7599782943725586,0.1395886391401291,3.786550521850586
65,0,0,1,0.23498784005641937,3.5835931301116943,0.11722736060619354,3.724966049194336,0.2001355141401291,3.743626832962036,0.13036112487316132,3.784130811691284
66,0,0,1,0.23205316066741943,3.5922939777374268,0.12170659005641937,3.750767707824707,0.19233298301696777,3.793689489364624,0.13137754797935486,3.8266079425811768
67,0,0,1,0.22041663527488708,3.6141369342803955,0.11432258039712906,3.85286545753479,0.15531329810619354,3.83202862739563,0.1005859375,3.8367347717285156
68,0,0,1,0.22401148080825806,3.591547966003418,0.10539401322603226,3.767786979675293,0.18711136281490326,3.818235158920288,0.12727199494838715,3.8654870986938477
69,0,3,0,0.2258225977420807,3.595242977142334,0.10366509854793549,3.789964437484741,0.17792370915412903,3.8121533393859863,0.12215002626180649,3.860825538635254
70,0,0,1,0.22017498314380646,3.6093685626983643,0.10606664419174194,3.843573808670044,0.16717155277729034,3.862064838409424,0.10817920416593552,3.914701461791992
71,0,0,1,0.21884964406490326,3.6195247173309326,0.10806460678577423,3.854257822036743,0.15621013939380646,3.8226587772369385,0.10172193497419357,3.8977272510528564
72,0,0,1,0.22441256046295166,3.59207820892334,0.1082938015460968,3.7864274978637695,0.17080874741077423,3.7952277660369873,0.1157924085855484,3.84836483001709
73,0,0,1,0.23268842697143555,3.5922293663024902,0.11968371272087097,3.7396860122680664,0.1941266655921936,3.775678873062134,0.13229432702064514,3.8061163425445557
74,0,0,1,0.21411381661891937,3.6207664012908936,0.1004813015460968,3.8969109058380127,0.14652423560619354,3.8810527324676514,0.0962611585855484,3.9645962715148926
75,0,0,1,0.22494319081306458,3.5912463665008545,0.11054587364196777,3.7609410285949707,0.18769928812980652,3.7932682037353516,0.13255341351032257,3.812810182571411
76,0,0,1,0.23253397643566132,3.58709454536438,0.10951948910951614,3.722487688064575,0.19749481976032257,3.7693123817443848,0.13354989886283875,3.8046560287475586
77,0,0,1,0.2124646157026291,3.6314709186553955,0.11207549273967743,3.9105095863342285,0.14259804785251617,3.8617050647735596,0.09614157676696777,3.9243366718292236
78,0,0,1,0.22623863816261292,3.5919902324676514,0.11138293147087097,3.7468128204345703,0.1847795695066452,3.76875376701355,0.12878666818141937,3.807335138320923
79,0,0,1,0.21487115323543549,3.6246652603149414,0.09798508882522583,3.8995728492736816,0.14624521136283875,3.8535022735595703,0.09873245656490326,3.9271295070648193
80,0,0,1,0.21396932005882263,3.616609811782837,0.10006775707006454,3.8685519695281982,0.15154655277729034,3.8651368618011475,0.10068558156490326,3.9249801635742188
81,0,0,1,0.22862274944782257,3.58483624458313,0.10691864788532257,3.7326064109802246,0.1944056898355484,3.7745656967163086,0.13315130770206451,3.780122756958008
82,0,0,1,0.22484354674816132,3.5943892002105713,0.10629085451364517,3.7948718070983887,0.1775251030921936,3.8092057704925537,0.12163185328245163,3.85908579826355
83,0,1,0,0.2556924521923065,3.5738184452056885,0.12979811429977417,3.5442018508911133,0.2778818607330322,3.5910491943359375,0.18905451893806458,3.634092330932617
84,0,0,1,0.23268096148967743,3.5844218730926514,0.10966397821903229,3.731985569000244,0.19279137253761292,3.765389919281006,0.13012196123600006,3.781743049621582
85,0,0,1,0.2230672985315323,3.603712320327759,0.10702826082706451,3.8271961212158203,0.17016102373600006,3.849496364593506,0.11224489659070969,3.873046875
86,0,0,1,0.2253866344690323,3.5928795337677,0.11139289289712906,3.781097650527954,0.18140146136283875,3.7974071502685547,0.12753108143806458,3.856696367263794
87,0,0,1,0.21582280099391937,3.6190826892852783,0.10578762739896774,3.9037301540374756,0.14644451439380646,3.854994535446167,0.09494578838348389,3.882241725921631
88,0,0,1,0.21258419752120972,3.6230413913726807,0.10054109245538712,3.910104513168335,0.14985251426696777,3.9238595962524414,0.10022719949483871,3.9827003479003906
89,0,0,1,0.22983846068382263,3.5963103771209717,0.12260841578245163,3.768164873123169,0.18509845435619354,3.782557249069214,0.12613600492477417,3.833622932434082
90,0,0,1,0.2277757227420807,3.59128737449646,0.11004264652729034,3.7558634281158447,0.18929368257522583,3.7913243770599365,0.12898597121238708,3.841470956802368
91,0,0,1,0.21319206058979034,3.6242682933807373,0.10614636540412903,3.908374071121216,0.13436701893806458,3.857905626296997,0.08878746628761292,3.9077441692352295
92,0,0,1,0.21678192913532257,3.616056442260742,0.09904635697603226,3.886463165283203,0.14665377140045166,3.8645105361938477,0.09755659848451614,3.9223697185516357
93,0,0,1,0.22296765446662903,3.598674774169922,0.11515465378761292,3.796642541885376,0.17942841351032257,3.8312785625457764,0.12171157449483871,3.873915195465088
94,0,0,1,0.21776844561100006,3.616194248199463,0.10863759368658066,3.8625481128692627,0.15824298560619354,3.857052803039551,0.1075613796710968,3.9538631439208984
95,0,0,1,0.2311662882566452,3.5869364738464355,0.10893654078245163,3.7458837032318115,0.19102758169174194,3.7770473957061768,0.1320551633834839,3.7991247177124023
96,0,0,1,0.21528469026088715,3.617262840270996,0.09977379441261292,3.8809988498687744,0.15308114886283875,3.8445515632629395,0.10138312727212906,3.8885393142700195
97,0,0,1,0.22611157596111298,3.591893196105957,0.10869240015745163,3.780059576034546,0.1820591539144516,3.814887762069702,0.1251395046710968,3.8313424587249756
98,0,0,1,0.21926568448543549,3.6139180660247803,0.1053292378783226,3.853689670562744,0.15941883623600006,3.846355676651001,0.10516980290412903,3.919461727142334
99,0,0,1,0.2270258665084839,3.5911993980407715,0.1100027859210968,3.7690913677215576,0.1845005601644516,3.7960572242736816,0.12372449040412903,3.858086347579956
100,0,0,1,0.2310965359210968,3.5848281383514404,0.10687878727912903,3.740058660507202,0.19278140366077423,3.7923085689544678,0.1325334757566452,3.843158006668091
101,0,0,1,0.2314104288816452,3.5830228328704834,0.1087820827960968,3.7251408100128174,0.19164539873600006,3.7469842433929443,0.12940450012683868,3.817957878112793
102,0,0,1,0.23089972138404846,3.5801587104797363,0.10938994586467743,3.7308130264282227,0.19263193011283875,3.7657649517059326,0.12924505770206451,3.770393133163452
103,0,0,1,0.23026695847511292,3.5894126892089844,0.11063556373119354,3.747083902359009,0.19125677645206451,3.7850258350372314,0.13115832209587097,3.8162894248962402
104,0,0,1,0.21937529742717743,3.608546495437622,0.10706812143325806,3.8412675857543945,0.16689252853393555,3.866670608520508,0.11176657676696777,3.937767505645752
105,0,0,1,0.23549604415893555,3.5795938968658447,0.11252889782190323,3.6979854106903076,0.20621411502361298,3.753793478012085,0.1381138414144516,3.807359218597412
106,0,0,1,0.21769371628761292,3.616485834121704,0.1034807488322258,3.8813135623931885,0.15232381224632263,3.879824638366699,0.09739716351032257,3.9441375732421875
107,0,0,1,0.22702087461948395,3.588238477706909,0.10876713693141937,3.744434356689453,0.19137635827064514,3.7713615894317627,0.13464604318141937,3.803138017654419
108,0,0,1,0.21992585062980652,3.6189849376678467,0.1173967644572258,3.8498005867004395,0.15705715119838715,3.8344013690948486,0.1032366082072258,3.891505718231201
109,0,0,1,0.2185232937335968,3.618591547012329,0.1135602667927742,3.879124164581299,0.15830276906490326,3.850308418273926,0.10536909848451614,3.909400463104248
110,0,0,1,0.21476900577545166,3.6155781745910645,0.10116888582706451,3.8753015995025635,0.1544363796710968,3.857400894165039,0.10716278851032257,3.947740316390991
111,0,0,1,0.23254144191741943,3.582779884338379,0.10936503112316132,3.714350700378418,0.19659797847270966,3.7428152561187744,0.1347058266401291,3.779405355453491
112,0,0,1,0.22456951439380646,3.5999512672424316,0.11531907320022583,3.7904083728790283,0.17372846603393555,3.8061258792877197,0.11818399280309677,3.8797638416290283
113,0,0,1,0.22636817395687103,3.5957233905792236,0.11967872828245163,3.7764363288879395,0.1858258843421936,3.80475115776062,0.12900589406490326,3.85478138923645
114,0,0,1,0.22722017765045166,3.591559886932373,0.11525430530309677,3.7738630771636963,0.1873704493045807,3.7773759365081787,0.1292649805545807,3.825161933898926
115,0,0,1,0.2320805788040161,3.5843665599823,0.11341577768325806,3.73439359664917,0.1939174085855484,3.770143985748291,0.13133768737316132,3.811532735824585
116,0,0,1,0.22712799906730652,3.5913283824920654,0.10733716934919357,3.7623822689056396,0.18051458895206451,3.7744410037994385,0.1220703125,3.81665301322937
117,0,0,1,0.22747179865837097,3.5886824131011963,0.10663464665412903,3.7585740089416504,0.1863938868045807,3.8096230030059814,0.1268933266401291,3.8376002311706543
118,0,0,1,0.22796007990837097,3.5966012477874756,0.12116848677396774,3.781076431274414,0.18801817297935486,3.8228747844696045,0.12288743257522583,3.870256185531616
119,0,0,1,0.22001305222511292,3.608186721801758,0.10520467907190323,3.8282737731933594,0.16794881224632263,3.832740068435669,0.112723208963871,3.868281364440918
120,0,0,1,0.2202596813440323,3.6072115898132324,0.10360530763864517,3.8483216762542725,0.16060467064380646,3.828752279281616,0.10534916818141937,3.900113582611084
121,0,0,1,0.21007801592350006,3.630687713623047,0.10241449624300003,3.9294087886810303,0.13960857689380646,3.9086365699768066,0.09287308156490326,3.9369099140167236
122,0,0,1,0.23125098645687103,3.5849008560180664,0.12081971019506454,3.730133295059204,0.19522280991077423,3.7496299743652344,0.13827326893806458,3.7543959617614746
123,0,0,1,0.2271479368209839,3.5907938480377197,0.1092006117105484,3.7581329345703125,0.1861746609210968,3.802440643310547,0.1282884180545807,3.8561441898345947
124,0,0,1,0.23138302564620972,3.58860445022583,0.11183135211467743,3.732323408126831,0.19394730031490326,3.7631916999816895,0.1282884180545807,3.8076744079589844
125,0,0,1,0.21479392051696777,3.6302828788757324,0.11507991701364517,3.886695146560669,0.1466238796710968,3.815821647644043,0.09859295189380646,3.8680007457733154
126,0,0,1,0.21255430579185486,3.6271374225616455,0.11227478832006454,3.90698504447937,0.14136239886283875,3.8925702571868896,0.08952487260103226,3.9354407787323
127,0,0,1,0.21688655018806458,3.617321491241455,0.10111905634403229,3.8885440826416016,0.15509407222270966,3.8655872344970703,0.099609375,3.905362129211426
128,0,0,1,0.22424814105033875,3.600966453552246,0.11546356230974197,3.807068347930908,0.17122727632522583,3.8286097049713135,0.11776546388864517,3.862074851989746
129,0,0,1,0.21606196463108063,3.615169048309326,0.1016322523355484,3.8885674476623535,0.15377870202064514,3.8673534393310547,0.10516980290412903,3.9630472660064697
130,0,0,1,0.2299729883670807,3.5867862701416016,0.10985331237316132,3.7472786903381348,0.1903001368045807,3.8151018619537354,0.12729193270206451,3.8532958030700684
131,0,0,1,0.22061841189861298,3.60544490814209,0.10491569340229034,3.8594765663146973,0.16244818270206451,3.852656126022339,0.10572783648967743,3.9036757946014404
132,0,0,1,0.23384685814380646,3.5824241638183594,0.1109095960855484,3.714240789413452,0.19539222121238708,3.753671884536743,0.1303013414144516,3.802539110183716
133,0,0,1,0.22532685101032257,3.595170736312866,0.10640545189380646,3.785352945327759,0.18710139393806458,3.8254153728485107,0.1279296875,3.883315086364746
134,0,0,1,0.23114636540412903,3.588754415512085,0.11043626070022583,3.7330024242401123,0.19529256224632263,3.7775282859802246,0.1331712305545807,3.7954206466674805
135,0,0,1,0.21944256126880646,3.6168062686920166,0.11827865988016129,3.858123779296875,0.15951849520206451,3.8278985023498535,0.11065050959587097,3.875720500946045
136,0,0,1,0.2349604368209839,3.5795366764068604,0.11078503727912903,3.6948955059051514,0.2038922905921936,3.7369141578674316,0.13998724520206451,3.7908599376678467
137,0,0,1,0.2171730399131775,3.625098943710327,0.12020188570022583,3.8923938274383545,0.15131735801696777,3.8859400749206543,0.10186144709587097,3.932889938354492
138,0,0,1,0.2123325914144516,3.6346795558929443,0.11462651193141937,3.907806634902954,0.13672871887683868,3.846877098083496,0.09369020909070969,3.8917250633239746
139,0,0,1,0.21972905099391937,3.6138932704925537,0.10920559614896774,3.859065532684326,0.15831273794174194,3.8618366718292236,0.10778061300516129,3.9602441787719727
140,0,0,1,0.228498175740242,3.5903663635253906,0.10716278851032257,3.75785756111145,0.18566645681858063,3.7912731170654297,0.12454161047935486,3.8284525871276855
141,0,0,1,0.22902631759643555,3.582815647125244,0.10489077866077423,3.7341344356536865,0.19207389652729034,3.796887159347534,0.13339045643806458,3.8363962173461914
142,0,0,1,0.2316296547651291,3.5836756229400635,0.11483079195022583,3.732286214828491,0.19632892310619354,3.7740330696105957,0.1335897594690323,3.8245561122894287
143,0,0,1,0.22640056908130646,3.5979928970336914,0.11860251426696777,3.766005754470825,0.18156090378761292,3.7917673587799072,0.123465396463871,3.8196933269500732
144,0,0,1,0.22876723110675812,3.593472719192505,0.1117117702960968,3.7649524211883545,0.18272680044174194,3.8077657222747803,0.1216517835855484,3.850425958633423
145,0,0,1,0.23135562241077423,3.5857346057891846,0.10942482203245163,3.7310354709625244,0.19024035334587097,3.7486250400543213,0.12900589406490326,3.7945311069488525
146,0,0,1,0.22858786582946777,3.5863420963287354,0.10686881840229034,3.7582170963287354,0.18183991312980652,3.795539140701294,0.12336575239896774,3.849919319152832
147,0,0,1,0.2134411782026291,3.6191043853759766,0.09955954551696777,3.896406650543213,0.15209461748600006,3.8828539848327637,0.10375478118658066,3.928544044494629
148,0,0,1,0.22761130332946777,3.5922727584838867,0.11021703481674194,3.7685909271240234,0.18608497083187103,3.797044038772583,0.12679368257522583,3.855391502380371
149,0,0,1,0.23078513145446777,3.58907151222229,0.11053092777729034,3.7430129051208496,0.1874402016401291,3.780914306640625,0.12404336780309677,3.8409383296966553
150,0,0,1,0.22440758347511292,3.605091094970703,0.11664938926696777,3.8323936462402344,0.17164580523967743,3.8501017093658447,0.11463648080825806,3.904381036758423
151,0,0,1,0.23305962979793549,3.5808749198913574,0.10975366830825806,3.714726686477661,0.19732540845870972,3.7670438289642334,0.1336495578289032,3.843125581741333
152,0,0,1,0.22310218214988708,3.6101949214935303,0.11852280050516129,3.83050274848938,0.164899542927742,3.8357505798339844,0.11100924760103226,3.881328582763672
153,0,0,1,0.22875477373600006,3.582658052444458,0.1055385023355484,3.7327919006347656,0.19278140366077423,3.7804713249206543,0.13442681729793549,3.7955522537231445
154,0,0,1,0.2312260866165161,3.590221405029297,0.11057577282190323,3.752399444580078,0.1872209757566452,3.7820417881011963,0.12420280277729034,3.82830548286438
155,0,0,1,0.218732550740242,3.617532730102539,0.11477598547935486,3.880838632583618,0.15484493970870972,3.8763113021850586,0.10066565126180649,3.9243714809417725
156,0,0,1,0.22473393380641937,3.5977275371551514,0.11179149150848389,3.8037617206573486,0.17495416104793549,3.8488922119140625,0.12077487260103226,3.895049571990967
157,0,0,1,0.21760153770446777,3.618819236755371,0.11377949267625809,3.8564984798431396,0.1592494398355484,3.8514485359191895,0.1089564710855484,3.9350650310516357
158,0,0,1,0.2160744071006775,3.6139345169067383,0.10292769223451614,3.883193016052246,0.15278220176696777,3.836094379425049,0.09767618030309677,3.841256856918335
159,0,0,1,0.22956691682338715,3.5905263423919678,0.11520447582006454,3.749502658843994,0.1889050453901291,3.7962229251861572,0.1273118555545807,3.8248279094696045
160,0,0,1,0.22360290586948395,3.597163438796997,0.11157724261283875,3.7999911308288574,0.17526307702064514,3.8223788738250732,0.1202566921710968,3.8786873817443848
161,0,0,1,0.22262884676456451,3.609657049179077,0.11859753727912903,3.844935417175293,0.1570272594690323,3.8193299770355225,0.10297751426696777,3.85504150390625
162,0,0,1,0.21670469641685486,3.614574670791626,0.09812460094690323,3.8646795749664307,0.158203125,3.8683547973632812,0.10656488686800003,3.937535047531128
163,0,0,1,0.2287946343421936,3.586073637008667,0.10674924403429031,3.7542123794555664,0.18880540132522583,3.7946903705596924,0.1296037882566452,3.849146604537964
164,0,0,1,0.2317517250776291,3.583744525909424,0.11106405407190323,3.7292628288269043,0.19975684583187103,3.7739200592041016,0.13576211035251617,3.8012330532073975
165,0,0,1,0.22884197533130646,3.5880534648895264,0.105712890625,3.7417635917663574,0.18762953579425812,3.779913902282715,0.13036112487316132,3.8195993900299072
166,0,0,1,0.2304438352584839,3.585944175720215,0.11252889782190323,3.7500553131103516,0.19031010568141937,3.7875170707702637,0.12900589406490326,3.830681324005127
167,0,0,1,0.22053371369838715,3.6102638244628906,0.111328125,3.8478338718414307,0.16585618257522583,3.8826003074645996,0.10981345176696777,3.9506351947784424
168,0,0,1,0.23114386200904846,3.5852580070495605,0.11681381613016129,3.7413947582244873,0.19467474520206451,3.7774364948272705,0.1349051296710968,3.814448118209839
169,0,0,1,0.22224768996238708,3.6051316261291504,0.11631058156490326,3.8068454265594482,0.1757114976644516,3.837066888809204,0.12236925959587097,3.88175892829895
170,0,0,1,0.22565320134162903,3.6022589206695557,0.11759107559919357,3.809499502182007,0.17546236515045166,3.8435938358306885,0.11652981489896774,3.900974750518799
171,0,0,1,0.23178909718990326,3.583596706390381,0.11243921518325806,3.725749969482422,0.19780372083187103,3.755113363265991,0.13576211035251617,3.801967144012451
172,0,0,1,0.2258400321006775,3.5987601280212402,0.11477598547935486,3.7889389991760254,0.17612005770206451,3.8004980087280273,0.121512271463871,3.8541905879974365
173,0,0,1,0.23159976303577423,3.5800507068634033,0.10872229188680649,3.7290682792663574,0.19551178812980652,3.7714576721191406,0.13341039419174194,3.805497407913208
174,0,0,1,0.234375,3.577604055404663,0.10997289419174194,3.7030627727508545,0.2043805718421936,3.7326183319091797,0.14024633169174194,3.7791671752929688
175,0,0,1,0.2214006632566452,3.6114861965179443,0.11351043730974197,3.8356597423553467,0.16409239172935486,3.870346784591675,0.11112882196903229,3.938845157623291
176,0,0,1,0.2305908203125,3.585700273513794,0.10831373184919357,3.718616247177124,0.19602997601032257,3.7391724586486816,0.1349051296710968,3.7877087593078613
177,0,0,1,0.23153498768806458,3.5801162719726562,0.11054089665412903,3.717749834060669,0.19689692556858063,3.7540361881256104,0.13354989886283875,3.7664527893066406
178,0,0,1,0.2359793484210968,3.5774037837982178,0.11731205880641937,3.7062220573425293,0.20422114431858063,3.7425100803375244,0.13873165845870972,3.782071590423584
179,0,0,1,0.21619898080825806,3.6157126426696777,0.10095962136983871,3.873908042907715,0.15469546616077423,3.8589282035827637,0.10562818497419357,3.9000000953674316
180,0,0,1,0.2182094007730484,3.6206231117248535,0.11590202152729034,3.867251396179199,0.15303131937980652,3.85745906829834,0.09939014166593552,3.889312267303467
181,0,0,1,0.2189169079065323,3.608330011367798,0.10074038803577423,3.864978551864624,0.1614217907190323,3.8524601459503174,0.1047712042927742,3.881301164627075
182,0,0,1,0.2171630859375,3.615640640258789,0.10371492058038712,3.886385440826416,0.14931440353393555,3.8366925716400146,0.09648038446903229,3.881636142730713
183,0,0,1,0.22291284799575806,3.6081650257110596,0.11228973418474197,3.822514057159424,0.17691725492477417,3.822462558746338,0.11935985088348389,3.8660879135131836
184,0,0,1,0.23074278235435486,3.5936279296875,0.12013711780309677,3.7529447078704834,0.19345901906490326,3.775677442550659,0.1326729953289032,3.8156826496124268
185,0,0,1,0.22780312597751617,3.586426258087158,0.10969387739896774,3.751589775085449,0.18479950726032257,3.7761120796203613,0.12984295189380646,3.801995277404785
186,0,0,1,0.23215779662132263,3.583571195602417,0.11354033648967743,3.7214763164520264,0.19641859829425812,3.758814811706543,0.13101881742477417,3.8005781173706055
187,0,0,1,0.21374012529850006,3.620126485824585,0.09763133525848389,3.903801918029785,0.14967314898967743,3.83408784866333,0.09691884368658066,3.85091495513916
188,0,0,1,0.2264927476644516,3.594350814819336,0.1070033460855484,3.784177780151367,0.1814413219690323,3.823758840560913,0.12448181957006454,3.8584694862365723
189,0,0,1,0.22984594106674194,3.595088005065918,0.12072006613016129,3.7766313552856445,0.18593549728393555,3.813709259033203,0.12641501426696777,3.8489673137664795
190,0,0,1,0.21486616134643555,3.6182100772857666,0.10400390625,3.8909647464752197,0.14629504084587097,3.8737823963165283,0.09733737260103226,3.945127010345459
191,0,0,1,0.21487364172935486,3.6163103580474854,0.09959940612316132,3.8894448280334473,0.15090879797935486,3.8961305618286133,0.10006775707006454,3.9553873538970947
192,0,0,1,0.21961943805217743,3.6139729022979736,0.11121352761983871,3.855113983154297,0.15775470435619354,3.8689911365509033,0.10437260568141937,3.9444339275360107
193,0,0,1,0.23121362924575806,3.582226276397705,0.10922054201364517,3.7183523178100586,0.1926518678665161,3.76139235496521,0.13245375454425812,3.812819719314575
194,0,0,1,0.22319185733795166,3.5929501056671143,0.10280811041593552,3.7921876907348633,0.17475485801696777,3.832582473754883,0.11916055530309677,3.8824217319488525
195,0,0,1,0.2347337305545807,3.57829213142395,0.11096440255641937,3.6989357471466064,0.199567511677742,3.713486909866333,0.1354631632566452,3.7640135288238525
196,0,0,1,0.22673189640045166,3.588900327682495,0.10614138096570969,3.76486873626709,0.18293605744838715,3.798398494720459,0.12422273308038712,3.8686025142669678
197,0,0,1,0.23317421972751617,3.5769248008728027,0.11127829551696777,3.713127851486206,0.19979670643806458,3.758004903793335,0.1355229616165161,3.8005881309509277
198,0,0,1,0.2169886976480484,3.6173179149627686,0.10870734602212906,3.8783113956451416,0.1539480984210968,3.868405818939209,0.1037946417927742,3.9016897678375244
199,0,0,1,0.23164710402488708,3.586481809616089,0.11727718263864517,3.7464101314544678,0.1903599351644516,3.799612522125244,0.12677375972270966,3.8592989444732666
200,0,0,1,0.21855567395687103,3.6155476570129395,0.10469646751880646,3.884357213973999,0.15309111773967743,3.8723556995391846,0.09939014166593552,3.932424306869507
201,0,0,1,0.23293755948543549,3.5808584690093994,0.11200075596570969,3.7040348052978516,0.19978675246238708,3.7436280250549316,0.13486526906490326,3.7966601848602295
202,0,0,1,0.2107182741165161,3.6288187503814697,0.09495077282190323,3.9267985820770264,0.13382892310619354,3.8229336738586426,0.08462212979793549,3.8087611198425293
203,0,0,1,0.21687409281730652,3.6247315406799316,0.11507493257522583,3.884265661239624,0.14109334349632263,3.8528850078582764,0.0954241082072258,3.8746867179870605
204,0,0,1,0.22643046081066132,3.5905754566192627,0.11018713563680649,3.7659506797790527,0.19005101919174194,3.786860227584839,0.1301020383834839,3.827052593231201
205,0,0,1,0.21236994862556458,3.62077260017395,0.10409358888864517,3.899195909500122,0.1515864133834839,3.877530813217163,0.10333625227212906,3.963162899017334
206,0,0,1,0.21173468232154846,3.619187593460083,0.10043147951364517,3.8997371196746826,0.14904536306858063,3.8916895389556885,0.09982860088348389,3.941305637359619
207,0,0,1,0.2325538992881775,3.5814738273620605,0.1083984375,3.724397897720337,0.19246253371238708,3.7616753578186035,0.13231424987316132,3.7806899547576904
208,0,0,1,0.2310890555381775,3.587844133377075,0.11496531963348389,3.753575563430786,0.18651346862316132,3.772399425506592,0.12436224520206451,3.8270833492279053
209,0,0,1,0.2205984890460968,3.6085827350616455,0.10286790132522583,3.8457329273223877,0.16616509854793549,3.84521746635437,0.11025191098451614,3.910701274871826
210,0,0,1,0.2279052734375,3.588623046875,0.10997289419174194,3.7555272579193115,0.19044961035251617,3.803264856338501,0.13000239431858063,3.856661081314087
211,0,0,1,0.23330874741077423,3.5834152698516846,0.1093401238322258,3.7207107543945312,0.1964285671710968,3.746854782104492,0.13390864431858063,3.7751152515411377
212,0,0,1,0.23054099082946777,3.5867886543273926,0.11083984375,3.7446281909942627,0.18693199753761292,3.7706167697906494,0.12494020909070969,3.821821689605713
213,0,0,1,0.22069066762924194,3.6066691875457764,0.10800482332706451,3.852147340774536,0.1630859375,3.8541488647460938,0.10628587007522583,3.9261202812194824
214,0,0,1,0.22136080265045166,3.611067295074463,0.10758629441261292,3.8656046390533447,0.16007652878761292,3.8458664417266846,0.10381457209587097,3.9057400226593018
215,0,0,1,0.21203364431858063,3.627114772796631,0.1030622199177742,3.9148175716400146,0.14464086294174194,3.848845958709717,0.09568319469690323,3.892730712890625
216,0,0,1,0.22144800424575806,3.6129305362701416,0.11410833895206451,3.837437868118286,0.16771961748600006,3.8724377155303955,0.11222496628761292,3.9651927947998047
217,0,0,1,0.2323869913816452,3.588312864303589,0.11085478961467743,3.740257978439331,0.19091796875,3.7537970542907715,0.12725207209587097,3.769773006439209
218,0,0,1,0.2330421805381775,3.582115650177002,0.11126833409070969,3.714132070541382,0.2014409303665161,3.7539944648742676,0.13785475492477417,3.771143674850464
219,0,0,1,0.22678670287132263,3.594667911529541,0.11633051186800003,3.7990834712982178,0.18036511540412903,3.7929282188415527,0.12462133169174194,3.8274428844451904
220,0,0,1,0.23390913009643555,3.578253984451294,0.11182138323783875,3.700040102005005,0.19941803812980652,3.7382071018218994,0.13478554785251617,3.766227960586548
221,0,0,1,0.22434280812740326,3.6111955642700195,0.1226632222533226,3.832852602005005,0.16860650479793549,3.8496453762054443,0.11162707209587097,3.9068024158477783
222,0,0,1,0.22780312597751617,3.58748722076416,0.10826390981674194,3.7550277709960938,0.18599529564380646,3.8038039207458496,0.12701290845870972,3.839008331298828
223,0,0,1,0.23067551851272583,3.592191696166992,0.1154436394572258,3.7576608657836914,0.18475964665412903,3.7850708961486816,0.12246890366077423,3.8258748054504395
224,0,0,1,0.2177211195230484,3.608959436416626,0.1006556898355484,3.8584299087524414,0.16010642051696777,3.8750855922698975,0.10704320669174194,3.9203128814697266
225,0,0,1,0.22658990323543549,3.594865560531616,0.1136300191283226,3.7816364765167236,0.1863042116165161,3.7990479469299316,0.1270926296710968,3.8527519702911377
226,0,0,1,0.2192133665084839,3.6156442165374756,0.11404356360435486,3.8574423789978027,0.15599091351032257,3.8319919109344482,0.10305723547935486,3.9089150428771973
227,0,0,1,0.22600695490837097,3.6021318435668945,0.11695332080125809,3.801175832748413,0.17072902619838715,3.7882449626922607,0.11826370656490326,3.844118595123291
228,0,3,0,0.2582758665084839,3.579364061355591,0.13171137869358063,3.5596747398376465,0.27167370915412903,3.558889389038086,0.18042489886283875,3.600243091583252
229,0,0,1,0.22228007018566132,3.608954906463623,0.10377969592809677,3.8359978199005127,0.16612523794174194,3.7952733039855957,0.10594706237316132,3.8060572147369385
230,0,0,1,0.2306256890296936,3.578763246536255,0.1094098761677742,3.7272188663482666,0.1985112428665161,3.7700917720794678,0.1341477930545807,3.814143419265747
231,0,0,1,0.21435795724391937,3.6209890842437744,0.10838348418474197,3.8944973945617676,0.15090879797935486,3.8569071292877197,0.09976880997419357,3.915301561355591
232,0,0,1,0.2205561399459839,3.610642433166504,0.11264847218990326,3.84802508354187,0.16159120202064514,3.852368116378784,0.10913583636283875,3.9183709621429443
233,0,0,1,0.23061323165893555,3.585610866546631,0.10984832793474197,3.735564947128296,0.19470463693141937,3.7656993865966797,0.1339285671710968,3.8038690090179443
234,0,0,1,0.23137056827545166,3.5843076705932617,0.10761618614196777,3.733459949493408,0.1942063868045807,3.760223627090454,0.13349011540412903,3.7726187705993652
235,0,0,1,0.22830884158611298,3.590266704559326,0.106689453125,3.7386634349823,0.1853475719690323,3.7760214805603027,0.12852758169174194,3.837649345397949
236,0,0,1,0.21713568270206451,3.615844488143921,0.10826390981674194,3.8661696910858154,0.15177574753761292,3.8442649841308594,0.10208067297935486,3.8631393909454346
237,0,0,1,0.2331891655921936,3.5809688568115234,0.11378946155309677,3.735309600830078,0.18916413187980652,3.7713217735290527,0.12334582209587097,3.7833251953125
238,0,0,1,0.23107659816741943,3.5896222591400146,0.11532904207706451,3.748995542526245,0.1863042116165161,3.7692553997039795,0.1257772594690323,3.8092219829559326
239,0,0,1,0.21882972121238708,3.6107239723205566,0.1109444722533226,3.859837532043457,0.15887077152729034,3.882519006729126,0.10795997828245163,3.957540988922119
240,0,0,1,0.22562579810619354,3.5866310596466064,0.10849808156490326,3.7552809715270996,0.17911949753761292,3.784700870513916,0.12280771136283875,3.833820104598999
241,0,0,1,0.22271603345870972,3.6176846027374268,0.12407325953245163,3.843024730682373,0.1687460094690323,3.872446060180664,0.11198581010103226,3.9318385124206543
242,0,0,1,0.22514498233795166,3.5948879718780518,0.11015225946903229,3.787452459335327,0.17889030277729034,3.8223040103912354,0.12529894709587097,3.867981433868408
243,0,0,1,0.20845374464988708,3.626865863800049,0.10440249741077423,3.9248831272125244,0.14600606262683868,3.9048593044281006,0.09996811300516129,3.880183458328247
244,0,0,1,0.2313157618045807,3.5881617069244385,0.11674405634403229,3.7502026557922363,0.18901465833187103,3.822648763656616,0.12442202866077423,3.861604928970337
245,0,0,1,0.22813944518566132,3.5908470153808594,0.11343072354793549,3.761047124862671,0.186872199177742,3.7766222953796387,0.12769052386283875,3.7711877822875977
246,0,0,1,0.2270433008670807,3.587928056716919,0.1045619398355484,3.7557895183563232,0.18267697095870972,3.7752017974853516,0.12741151452064514,3.832473039627075
247,0,0,1,0.2140066921710968,3.6263620853424072,0.10386937856674194,3.9090516567230225,0.14663384854793549,3.85463809967041,0.09733737260103226,3.9138002395629883
248,0,0,1,0.23476113379001617,3.579498052597046,0.11164700239896774,3.710415840148926,0.19759446382522583,3.7582833766937256,0.13335059583187103,3.8025705814361572
249,0,0,1,0.22906866669654846,3.58259916305542,0.10987822711467743,3.731963872909546,0.18986168503761292,3.768383026123047,0.12872688472270966,3.7852609157562256
250,0,0,1,0.228254035115242,3.5946433544158936,0.12110869586467743,3.7839717864990234,0.1806740164756775,3.8222382068634033,0.11643016338348389,3.8909618854522705
251,0,0,1,0.22027213871479034,3.6116671562194824,0.10999282449483871,3.8411850929260254,0.15808354318141937,3.825138568878174,0.1032366082072258,3.8918919563293457
252,0,0,1,0.21654027700424194,3.613614559173584,0.10179667174816132,3.889775276184082,0.1576450914144516,3.8799619674682617,0.10455197840929031,3.9399542808532715
253,0,0,1,0.21920090913772583,3.6146790981292725,0.10657984018325806,3.870880365371704,0.16056481003761292,3.8586854934692383,0.1037946417927742,3.9110982418060303
254,0,0,1,0.23188625276088715,3.5821919441223145,0.10869240015745163,3.712674856185913,0.19660793244838715,3.7469842433929443,0.1353236585855484,3.753166437149048
255,0,0,1,0.2314378321170807,3.5921034812927246,0.11923529207706451,3.751619338989258,0.18664301931858063,3.779391288757324,0.12852758169174194,3.808342456817627
256,0,0,1,0.2277582883834839,3.587996482849121,0.10615134239196777,3.748838186264038,0.18810786306858063,3.7778778076171875,0.1307198703289032,3.7995121479034424
257,0,0,1,0.219587042927742,3.6205639839172363,0.1274164915084839,3.8469088077545166,0.16914460062980652,3.8619065284729004,0.11130819469690323,3.926589012145996
258,0,0,1,0.22549127042293549,3.5946261882781982,0.10729730874300003,3.784583330154419,0.1798967570066452,3.800199508666992,0.121512271463871,3.8492701053619385
259,0,0,1,0.2222202867269516,3.6096456050872803,0.11232959479093552,3.8463516235351562,0.1718052476644516,3.8741953372955322,0.11346061527729034,3.9258739948272705
260,0,0,1,0.2193603515625,3.6089742183685303,0.10213049501180649,3.849400043487549,0.15971778333187103,3.835787296295166,0.10550861060619354,3.8832640647888184
261,0,0,1,0.2341482937335968,3.585089683532715,0.11931999027729034,3.734090566635132,0.1965780407190323,3.774420738220215,0.13442681729793549,3.7906596660614014
262,0,0,1,0.21763890981674194,3.6221468448638916,0.11742665618658066,3.8799219131469727,0.1512276828289032,3.8819847106933594,0.10208067297935486,3.924053192138672
263,0,0,1,0.22975127398967743,3.5834271907806396,0.10844327509403229,3.7314956188201904,0.18703164160251617,3.760828971862793,0.12777024507522583,3.791764259338379
264,0,0,1,0.21378746628761292,3.6218886375427246,0.09852319955825806,3.9083645343780518,0.1390206515789032,3.8718371391296387,0.08898676186800003,3.902799606323242
265,0,0,1,0.2291882485151291,3.5858170986175537,0.108816958963871,3.724771022796631,0.20027503371238708,3.7638072967529297,0.1350446343421936,3.8124263286590576
266,0,0,1,0.23170439898967743,3.5845842361450195,0.110525943338871,3.725104808807373,0.19711615145206451,3.764824867248535,0.1356026828289032,3.7857143878936768
267,0,0,1,0.22316445410251617,3.6066086292266846,0.11201570183038712,3.838982343673706,0.16569674015045166,3.8572287559509277,0.11079001426696777,3.939377546310425
268,0,0,1,0.22661231458187103,3.5913877487182617,0.11271324753761292,3.7604544162750244,0.1874302476644516,3.8182785511016846,0.12697304785251617,3.8742740154266357
269,0,0,1,0.23290765285491943,3.587564468383789,0.11323142051696777,3.7223005294799805,0.19549186527729034,3.7523703575134277,0.12854750454425812,3.8144185543060303
270,0,0,1,0.23114636540412903,3.5921170711517334,0.12584203481674194,3.750128746032715,0.18870575726032257,3.788878917694092,0.12735171616077423,3.823317766189575
271,0,0,1,0.22888681292533875,3.586033582687378,0.10848313570022583,3.7449593544006348,0.18481943011283875,3.785949230194092,0.12503986060619354,3.8079376220703125
272,0,0,1,0.2225690484046936,3.5966129302978516,0.10377969592809677,3.794997453689575,0.17535275220870972,3.835028648376465,0.12175143510103226,3.9011294841766357
273,0,0,1,0.22668954730033875,3.5921313762664795,0.1080496609210968,3.7676842212677,0.18608497083187103,3.820981025695801,0.1272321343421936,3.842888355255127
274,0,0,1,0.2258649468421936,3.5957822799682617,0.11870715022087097,3.775991678237915,0.17646881937980652,3.813936471939087,0.12161192297935486,3.8533267974853516
275,0,0,1,0.2204066663980484,3.6066031455993652,0.10237463563680649,3.8466930389404297,0.15777462720870972,3.826185703277588,0.10401386767625809,3.9317877292633057
276,0,0,1,0.22873236238956451,3.589489698410034,0.1110491082072258,3.7526919841766357,0.18781886994838715,3.7777483463287354,0.13004225492477417,3.808582305908203
277,0,0,1,0.2349155992269516,3.577833890914917,0.11150749027729034,3.688605785369873,0.2028459757566452,3.72976016998291,0.13528379797935486,3.80671763420105
278,0,0,1,0.22857291996479034,3.58719801902771,0.11281787604093552,3.761868953704834,0.1876395046710968,3.799309730529785,0.12900589406490326,3.831608295440674
279,0,0,1,0.23075275123119354,3.586627960205078,0.111258365213871,3.7553067207336426,0.18915417790412903,3.792856454849243,0.12629543244838715,3.8486666679382324
280,0,0,1,0.2283063530921936,3.590589761734009,0.1088518425822258,3.764864683151245,0.1873006969690323,3.7850074768066406,0.12466119229793549,3.84140682220459
281,0,0,1,0.2265799343585968,3.5933525562286377,0.11095941811800003,3.763179063796997,0.18300580978393555,3.78546142578125,0.12422273308038712,3.8090806007385254
282,0,0,1,0.2183837890625,3.6067121028900146,0.10258888453245163,3.8527441024780273,0.16225884854793549,3.856783151626587,0.10929527878761292,3.9318015575408936
283,0,0,1,0.230224609375,3.5849978923797607,0.10655990988016129,3.7473700046539307,0.18884526193141937,3.7785868644714355,0.12844786047935486,3.796121120452881
284,0,0,1,0.22980108857154846,3.584601640701294,0.1116420179605484,3.737805128097534,0.19404694437980652,3.7781543731689453,0.13352997601032257,3.808955192565918
285,0,0,1,0.22006037831306458,3.6097311973571777,0.10252909362316132,3.8520750999450684,0.16638432443141937,3.876864194869995,0.10746173560619354,3.9132046699523926
286,0,0,1,0.22551368176937103,3.5977044105529785,0.1190359890460968,3.796952724456787,0.18152104318141937,3.80171275138855,0.12517936527729034,3.8546409606933594
287,0,0,1,0.21709083020687103,3.613091230392456,0.10081014782190323,3.8759453296661377,0.15177574753761292,3.861860752105713,0.09855309128761292,3.9387259483337402
288,0,0,1,0.21598473191261292,3.613128423690796,0.1009695827960968,3.8872933387756348,0.14709223806858063,3.846148729324341,0.09901148080825806,3.9158616065979004
289,0,0,1,0.2303566336631775,3.5900590419769287,0.11519451439380646,3.7583909034729004,0.19054926931858063,3.8270578384399414,0.12866708636283875,3.867100477218628
290,0,0,1,0.2221779227256775,3.603336811065674,0.10096460580825806,3.8259475231170654,0.1669921875,3.79597806930542,0.11011239886283875,3.839276075363159
291,0,0,1,0.21504803001880646,3.6168880462646484,0.10065070539712906,3.880401849746704,0.14490991830825806,3.8383991718292236,0.0934709832072258,3.9223880767822266
292,0,0,1,0.23071786761283875,3.585172653198242,0.1094098761677742,3.741199493408203,0.1978236585855484,3.776496171951294,0.13622049987316132,3.807607889175415
293,0,0,1,0.2173200249671936,3.6133503913879395,0.10353057086467743,3.8784830570220947,0.15258289873600006,3.868730306625366,0.09731744229793549,3.922793388366699
294,0,0,1,0.22658491134643555,3.600222110748291,0.11922033876180649,3.779630661010742,0.18397241830825806,3.808525562286377,0.1281289905309677,3.853320837020874
295,0,0,1,0.23181650042533875,3.5817008018493652,0.10956931114196777,3.7317538261413574,0.19735530018806458,3.7802069187164307,0.13604113459587097,3.825813055038452
296,0,0,1,0.2297114133834839,3.5875086784362793,0.11023696511983871,3.736316442489624,0.19633887708187103,3.79272198677063,0.1328125,3.8256301879882812
297,0,0,1,0.21538683772087097,3.6163222789764404,0.100027896463871,3.8891212940216064,0.150390625,3.8883514404296875,0.099609375,3.921168565750122
298,0,0,1,0.22689133882522583,3.5896832942962646,0.10626593977212906,3.771005153656006,0.18510840833187103,3.827519416809082,0.12665417790412903,3.869079351425171
299,0,0,1,0.22691625356674194,3.598785877227783,0.11319654434919357,3.793168783187866,0.17727598547935486,3.824957847595215,0.11916055530309677,3.8748955726623535
300,0,0,1,0.22387446463108063,3.5968620777130127,0.11166693270206451,3.7730679512023926,0.18356385827064514,3.794419527053833,0.1276506632566452,3.854332447052002
301,0,0,1,0.21271872520446777,3.6211249828338623,0.10064572840929031,3.9110395908355713,0.15047034621238708,3.8572847843170166,0.10188137739896774,3.922926425933838
302,0,0,1,0.22357800602912903,3.6087846755981445,0.11615114659070969,3.842999219894409,0.16423189640045166,3.843031406402588,0.10865752398967743,3.8802273273468018
303,0,3,0,0.21770118176937103,3.612287759780884,0.09913603961467743,3.8669145107269287,0.15249322354793549,3.827680826187134,0.10008768737316132,3.8944642543792725
304,0,0,1,0.21637585759162903,3.614414930343628,0.09921576082706451,3.884397029876709,0.15882094204425812,3.8812272548675537,0.10401386767625809,3.9586126804351807
305,0,0,1,0.23255141079425812,3.5797231197357178,0.11013731360435486,3.7150871753692627,0.2008928507566452,3.7681548595428467,0.13522401452064514,3.820486307144165
306,0,0,1,0.21757164597511292,3.6216063499450684,0.11281787604093552,3.8758997917175293,0.15076929330825806,3.852808952331543,0.10062579810619354,3.8958208560943604
307,0,0,1,0.21742714941501617,3.6116273403167725,0.09949976205825806,3.86529803276062,0.15608058869838715,3.8737151622772217,0.103515625,3.919715166091919
308,0,0,1,0.21903648972511292,3.6165850162506104,0.11283780634403229,3.8560073375701904,0.15958824753761292,3.860443353652954,0.10921555757522583,3.9133212566375732
309,0,0,1,0.2286626100540161,3.5900073051452637,0.10910096019506454,3.766726016998291,0.17896005511283875,3.8156356811523438,0.1167689710855484,3.881549835205078
310,0,0,1,0.22771094739437103,3.594595432281494,0.11372468620538712,3.776385545730591,0.1830357164144516,3.8024826049804688,0.12256855517625809,3.8406503200531006
311,0,0,1,0.23099438846111298,3.5864455699920654,0.114920474588871,3.7481465339660645,0.19422632455825806,3.795187473297119,0.12894611060619354,3.851468324661255
312,0,0,1,0.21634845435619354,3.616668939590454,0.10753647238016129,3.883890151977539,0.15481504797935486,3.8834962844848633,0.10116390138864517,3.9438533782958984
313,0,0,1,0.22083017230033875,3.607335090637207,0.109061099588871,3.8362648487091064,0.16981226205825806,3.851534605026245,0.11449696868658066,3.9361183643341064
314,0,0,1,0.21488361060619354,3.6243855953216553,0.10869738459587097,3.899477481842041,0.1452387571334839,3.835334539413452,0.09648038446903229,3.9068374633789062
315,0,0,1,0.22680164873600006,3.5861270427703857,0.10940489172935486,3.7670552730560303,0.18704161047935486,3.8132126331329346,0.12826849520206451,3.8820695877075195
316,0,0,1,0.2253667116165161,3.59067702293396,0.10419324040412903,3.7738139629364014,0.18210896849632263,3.796114921569824,0.1273716539144516,3.828352451324463
317,0,0,1,0.23105169832706451,3.5874645709991455,0.11236945539712906,3.7314326763153076,0.1969965696334839,3.766958475112915,0.13097895681858063,3.7906270027160645
318,0,0,1,0.23138302564620972,3.586182117462158,0.10946468263864517,3.72712779045105,0.19208386540412903,3.77152943611145,0.1277901828289032,3.8086400032043457
319,0,0,1,0.22625607252120972,3.5976481437683105,0.11252391338348389,3.792375087738037,0.17246292531490326,3.7914717197418213,0.11533401906490326,3.8608951568603516
320,0,0,1,0.22757641971111298,3.587722063064575,0.11245913803577423,3.760223388671875,0.18845662474632263,3.7851099967956543,0.13245375454425812,3.8165814876556396
321,0,0,1,0.22559340298175812,3.5925791263580322,0.10583246499300003,3.7734570503234863,0.18514826893806458,3.811894416809082,0.12838807702064514,3.835299491882324
322,0,0,1,0.2298833131790161,3.5916426181793213,0.11812420189380646,3.7518980503082275,0.19178491830825806,3.7711732387542725,0.13145726919174194,3.8139781951904297
323,0,0,1,0.21934540569782257,3.6148080825805664,0.10322663933038712,3.8599767684936523,0.16015625,3.8768043518066406,0.10275828838348389,3.956167459487915
324,0,0,1,0.23153997957706451,3.591153621673584,0.12031648308038712,3.7541825771331787,0.18877550959587097,3.788323402404785,0.12978315353393555,3.824017286300659
325,0,0,1,0.23210547864437103,3.5816311836242676,0.11016222834587097,3.718996047973633,0.19432596862316132,3.765037775039673,0.13026148080825806,3.7986536026000977
326,0,0,1,0.2251424938440323,3.5907671451568604,0.10516980290412903,3.767244577407837,0.18236805498600006,3.8117589950561523,0.12631537020206451,3.8688859939575195
327,0,0,1,0.23184141516685486,3.5857536792755127,0.11127829551696777,3.727769374847412,0.1982521414756775,3.7489821910858154,0.1336495578289032,3.760363817214966
328,0,0,1,0.2234335094690323,3.6026558876037598,0.10482601076364517,3.823755979537964,0.1658063530921936,3.822465181350708,0.10704320669174194,3.904487133026123
329,0,0,1,0.21739476919174194,3.624610424041748,0.11672911047935486,3.879246950149536,0.15139707922935486,3.819193124771118,0.1023995503783226,3.8950953483581543
330,0,0,1,0.218610480427742,3.611461877822876,0.10124362260103226,3.8513288497924805,0.16314572095870972,3.861531972885132,0.10891661047935486,3.933760404586792
331,0,0,1,0.25634765625,3.5872302055358887,0.1325434446334839,3.576874017715454,0.2601941227912903,3.5993258953094482,0.17261239886283875,3.6404571533203125
332,0,0,1,0.23265106976032257,3.5870347023010254,0.11040138453245163,3.7327828407287598,0.1960200071334839,3.7678308486938477,0.13249361515045166,3.8002407550811768
333,0,0,1,0.22978614270687103,3.591296434402466,0.116629458963871,3.7567498683929443,0.18475964665412903,3.7967207431793213,0.1220703125,3.8473470211029053
334,0,0,1,0.2139294594526291,3.624107599258423,0.10518474876880646,3.8986783027648926,0.14615553617477417,3.8911843299865723,0.09929049760103226,3.9433963298797607
335,0,0,1,0.2288917899131775,3.5913102626800537,0.11474110931158066,3.763819456100464,0.18544721603393555,3.8077914714813232,0.12637515366077423,3.820375442504883
336,0,0,1,0.23434509336948395,3.580144166946411,0.11037149280309677,3.721153736114502,0.19871053099632263,3.7498621940612793,0.13661909103393555,3.7846827507019043
337,0,0,1,0.23323151469230652,3.584035634994507,0.11104412376880646,3.7319962978363037,0.19143614172935486,3.774348020553589,0.12906569242477417,3.8040456771850586
338,0,0,1,0.23361517488956451,3.5775632858276367,0.11273816227912903,3.7033631801605225,0.20651307702064514,3.7501931190490723,0.14070472121238708,3.7947592735290527
339,0,0,1,0.22614148259162903,3.592332601547241,0.10697843134403229,3.772996187210083,0.17950813472270966,3.7831132411956787,0.12581712007522583,3.819420337677002
340,0,0,1,0.22459691762924194,3.6029059886932373,0.12062539905309677,3.806154489517212,0.17380818724632263,3.8411879539489746,0.11557318270206451,3.896533966064453
341,0,0,1,0.22089743614196777,3.6168038845062256,0.11718251556158066,3.8503763675689697,0.15606066584587097,3.8175084590911865,0.10397400707006454,3.888441562652588
342,0,0,1,0.2234509438276291,3.6007134914398193,0.11034159362316132,3.797119140625,0.17454560101032257,3.8468258380889893,0.11656967550516129,3.9170799255371094
343,0,0,1,0.229352667927742,3.5811173915863037,0.1087820827960968,3.7248659133911133,0.19833186268806458,3.7533035278320312,0.1369379758834839,3.7483627796173096
344,0,0,1,0.23186881840229034,3.5856199264526367,0.11389907449483871,3.7255029678344727,0.19557158648967743,3.7571587562561035,0.1346261203289032,3.7837157249450684
345,0,0,1,0.22293277084827423,3.5986008644104004,0.109549380838871,3.7908308506011963,0.1780034303665161,3.825225353240967,0.12525908648967743,3.8677804470062256
346,0,0,1,0.2245570570230484,3.603534460067749,0.10350565612316132,3.7763068675994873,0.18493901193141937,3.782315969467163,0.125,3.7973532676696777
347,0,0,1,0.22984842956066132,3.588632583618164,0.108816958963871,3.7441391944885254,0.18956273794174194,3.775745153427124,0.13054049015045166,3.820610761642456
348,0,0,1,0.22909857332706451,3.5967791080474854,0.11368981003761292,3.7629940509796143,0.1868124157190323,3.8044486045837402,0.1259167641401291,3.863247871398926
349,0,0,1,0.22335627675056458,3.5945658683776855,0.10753647238016129,3.7835333347320557,0.17779415845870972,3.7739603519439697,0.12944434583187103,3.8113932609558105
350,0,0,1,0.22670698165893555,3.5919430255889893,0.10820910334587097,3.7671515941619873,0.18947304785251617,3.801882743835449,0.1316964328289032,3.8609261512756348
351,0,0,1,0.220947265625,3.6079039573669434,0.10915576666593552,3.8213438987731934,0.16890545189380646,3.842005968093872,0.11212531477212906,3.8896195888519287
352,1,1,1,0.3109828233718872,3.5910792350769043,0.3574816584587097,3.6437671184539795,0.32099011540412903,3.680677890777588,0.18618462979793549,3.718796730041504
353,1,1,1,0.2827497124671936,3.620002031326294,0.34645047783851624,3.708746910095215,0.30996888875961304,3.729891300201416,0.18811781704425812,3.737366199493408
354,1,1,1,0.3604138493537903,3.5869996547698975,0.4951072037220001,3.6249070167541504,0.41153138875961304,3.6189403533935547,0.23009008169174194,3.638284921646118
355,1,1,1,0.3232421875,3.6002066135406494,0.4217952787876129,3.6536571979522705,0.35815927386283875,3.660369396209717,0.19927853345870972,3.70097017288208
356,1,1,1,0.3301927149295807,3.602691888809204,0.4166683256626129,3.659547805786133,0.35391420125961304,3.6765120029449463,0.20077326893806458,3.6916816234588623
357,1,1,1,0.3604138493537903,3.5869996547698975,0.4951072037220001,3.6249070167541504,0.41153138875961304,3.6189403533935547,0.23009008169174194,3.638284921646118
358,1,1,1,0.25465112924575806,3.6035375595092773,0.22607919573783875,3.725355386734009,0.24123086035251617,3.7585508823394775,0.14993223547935486,3.784926176071167
359,1,1,1,0.3435830771923065,3.593791961669922,0.47546136379241943,3.6339192390441895,0.40182557702064514,3.639867067337036,0.22311462461948395,3.668959379196167
360,1,1,1,0.3413708806037903,3.593327045440674,0.4398367702960968,3.6460120677948,0.37950414419174194,3.6660540103912354,0.21305005252361298,3.6743686199188232
361,1,1,1,0.28189772367477417,3.6149916648864746,0.3234713673591614,3.7094204425811768,0.2861925959587097,3.7226672172546387,0.16828761994838715,3.77984356880188
362,1,1,1,0.3363037109375,3.599036931991577,0.4528011381626129,3.652703046798706,0.38863199949264526,3.654230833053589,0.21968670189380646,3.6761317253112793
363,1,1,1,0.25135770440101624,3.60158371925354,0.2076341211795807,3.720970392227173,0.23484334349632263,3.7528748512268066,0.14809869229793549,3.8060827255249023
364,1,1,1,0.25538602471351624,3.626938819885254,0.2687390446662903,3.7517473697662354,0.24591436982154846,3.791109561920166,0.15146683156490326,3.8090789318084717
365,1,1,1,0.27796903252601624,3.611441135406494,0.3017129600048065,3.7153167724609375,0.2785993218421936,3.7416839599609375,0.15961813926696777,3.759145975112915
366,1,1,1,0.3260771930217743,3.5984721183776855,0.4112723171710968,3.661949872970581,0.35326650738716125,3.6688103675842285,0.20328442752361298,3.6828432083129883
367,1,1,1,0.2509441673755646,3.6275525093078613,0.2466517835855484,3.7622616291046143,0.24048349261283875,3.7845687866210938,0.14961335062980652,3.814706325531006
368,1,1,1,0.2681635618209839,3.6245737075805664,0.29977479577064514,3.717149257659912,0.2715342044830322,3.7393665313720703,0.17026068270206451,3.760037422180176
369,1,2,0,0.22232739627361298,3.634025812149048,0.15235869586467743,3.862748861312866,0.17873086035251617,3.8978590965270996,0.10357541590929031,3.9365017414093018
370,1,1,1,0.3169842064380646,3.596039056777954,0.38873663544654846,3.658271551132202,0.3357282280921936,3.6639161109924316,0.191266730427742,3.692403793334961
371,1,1,1,0.21497079730033875,3.626218318939209,0.10569794476032257,3.900914430618286,0.1588309109210968,3.842775583267212,0.1106305792927742,3.859304666519165
372,1,1,1,0.28390565514564514,3.5835981369018555,0.23997029662132263,3.6146419048309326,0.29642656445503235,3.6193230152130127,0.19128666818141937,3.666388750076294
373,1,1,1,0.3239671289920807,3.5953030586242676,0.40589624643325806,3.6494076251983643,0.35633569955825806,3.688274383544922,0.19343909621238708,3.727694272994995
374,1,1,1,0.3151705861091614,3.605278491973877,0.41810327768325806,3.658320903778076,0.364955335855484,3.666530132293701,0.21627868711948395,3.7036490440368652
375,1,1,1,0.37202295660972595,3.5812244415283203,0.4955954849720001,3.607964277267456,0.4133749008178711,3.617626428604126,0.22939252853393555,3.632580280303955
376,1,1,1,0.26808133721351624,3.6234922409057617,0.3005121946334839,3.7404251098632812,0.2730189561843872,3.7502007484436035,0.1572265625,3.7533273696899414
377,1,1,1,0.21288813650608063,3.6114680767059326,0.11042629927396774,3.834453821182251,0.17057955265045166,3.853487491607666,0.12189093977212906,3.875081777572632
378,1,1,1,0.39083176851272583,3.5829758644104004,0.5517677664756775,3.6027612686157227,0.4580675959587097,3.601548910140991,0.26044324040412903,3.617462396621704
379,1,1,1,0.27278727293014526,3.6162338256835938,0.2938755452632904,3.707080125808716,0.26187819242477417,3.7030441761016846,0.16109295189380646,3.7340097427368164
380,1,1,1,0.2695138156414032,3.6097240447998047,0.2614148259162903,3.7206435203552246,0.2489536851644516,3.7530720233917236,0.1424386203289032,3.799776077270508
381,1,1,1,0.23836097121238708,3.620025157928467,0.19346898794174194,3.8380117416381836,0.22892418503761292,3.8980541229248047,0.13548310101032257,3.9342453479766846
382,1,1,1,0.29605287313461304,3.6093926429748535,0.3660564720630646,3.6854591369628906,0.32745733857154846,3.7033262252807617,0.18935346603393555,3.6979265213012695
383,1,1,1,0.2578149735927582,3.6215152740478516,0.2573590874671936,3.7337424755096436,0.25017935037612915,3.7583446502685547,0.15411750972270966,3.7888271808624268
384,1,1,1,0.2989427149295807,3.611168622970581,0.3636399805545807,3.6824371814727783,0.3175223171710968,3.680830955505371,0.1873006969690323,3.7021706104278564
385,1,1,1,0.28795889019966125,3.613518476486206,0.33698880672454834,3.7203667163848877,0.30303332209587097,3.741663932800293,0.17504383623600006,3.749971628189087
386,1,1,1,0.24184869229793549,3.6368355751037598,0.2490682750940323,3.796715259552002,0.23041892051696777,3.837477922439575,0.13799425959587097,3.8655402660369873
387,1,1,1,0.2966557741165161,3.6172237396240234,0.36557814478874207,3.7011842727661133,0.31315767765045166,3.6970980167388916,0.1841517835855484,3.7376623153686523
388,1,1,1,0.29459550976753235,3.611570119857788,0.35653001070022583,3.676607370376587,0.3090720474720001,3.687483787536621,0.18692202866077423,3.727369546890259
389,1,1,1,0.3324422836303711,3.5950915813446045,0.42285653948783875,3.643038034439087,0.3563855290412903,3.6480817794799805,0.1972058266401291,3.661344051361084
390,1,1,1,0.2732207477092743,3.608527183532715,0.27886340022087097,3.7014238834381104,0.2785295844078064,3.723444700241089,0.15772481262683868,3.7542331218719482
391,1,1,1,0.2394047975540161,3.6348764896392822,0.22932776808738708,3.7911009788513184,0.21670718491077423,3.8401618003845215,0.1347058266401291,3.880603551864624
392,1,1,1,0.3691306412220001,3.5838282108306885,0.499775767326355,3.6106553077697754,0.41480985283851624,3.6118385791778564,0.23128587007522583,3.631538152694702
393,1,1,1,0.22364526987075806,3.6397690773010254,0.16152642667293549,3.91341495513916,0.18168048560619354,3.8935389518737793,0.10710299760103226,3.988090753555298
394,1,1,1,0.30681750178337097,3.6005895137786865,0.35597196221351624,3.6684162616729736,0.3100486099720001,3.659381628036499,0.17578125,3.694784641265869
395,1,1,1,0.3118821680545807,3.6066362857818604,0.38320112228393555,3.6805226802825928,0.3381696343421936,3.6878535747528076,0.19240273535251617,3.692976951599121
396,1,1,1,0.2803157866001129,3.6082241535186768,0.3119668662548065,3.705859899520874,0.2922711968421936,3.7409818172454834,0.17464524507522583,3.766974687576294
397,1,1,1,0.25806161761283875,3.59930682182312,0.2206333726644516,3.705997943878174,0.24481824040412903,3.743039608001709,0.15397799015045166,3.772456645965576
398,1,1,1,0.24690838158130646,3.6370837688446045,0.26119059324264526,3.761035442352295,0.24692083895206451,3.774526834487915,0.16095344722270966,3.804730176925659
399,1,1,1,0.2964315414428711,3.611496686935425,0.35275331139564514,3.702636957168579,0.3038006126880646,3.7055466175079346,0.1747448891401291,3.7408759593963623
400,1,1,1,0.3062295615673065,3.6000993251800537,0.36179646849632263,3.6686313152313232,0.3194853961467743,3.690028429031372,0.18002630770206451,3.7039742469787598
401,1,2,0,0.21728016436100006,3.6045427322387695,0.09830396622419357,3.8101367950439453,0.16878587007522583,3.7708702087402344,0.12155213207006454,3.806689739227295
402,1,1,1,0.28020864725112915,3.6097636222839355,0.2963717579841614,3.7005867958068848,0.2765664756298065,3.721841812133789,0.15906010568141937,3.746898889541626
403,1,1,1,0.31333455443382263,3.609962224960327,0.41242823004722595,3.68306040763855,0.3551996946334839,3.6768131256103516,0.20296555757522583,3.7114100456237793
404,1,1,1,0.2842843234539032,3.60849666595459,0.3173130452632904,3.705618143081665,0.27488240599632263,3.697190523147583,0.16422194242477417,3.742839813232422
405,1,1,1,0.22220034897327423,3.640812635421753,0.1599818617105484,3.9007132053375244,0.19116708636283875,3.9251458644866943,0.10861766338348389,4.001284599304199
406,1,1,1,0.36017218232154846,3.590879440307617,0.5119479298591614,3.6403989791870117,0.4340720474720001,3.6417126655578613,0.2505779564380646,3.661655902862549
407,1,1,1,0.30083605647087097,3.609135627746582,0.37859731912612915,3.682875871658325,0.3358179032802582,3.6906824111938477,0.19397719204425812,3.715606689453125
408,1,1,1,0.24596668779850006,3.631744146347046,0.2110770046710968,3.7428476810455322,0.22010523080825806,3.6849420070648193,0.14923469722270966,3.691372871398926
409,1,1,1,0.371547132730484,3.592710256576538,0.5200693607330322,3.641780138015747,0.43285635113716125,3.6315438747406006,0.24898357689380646,3.6412391662597656
410,1,1,1,0.35613390803337097,3.59214448928833,0.49990034103393555,3.6306164264678955,0.42848172783851624,3.626270294189453,0.24579480290412903,3.63431453704834
411,1,1,1,0.2674809694290161,3.6244633197784424,0.2929189205169678,3.742643356323242,0.2613699734210968,3.741469383239746,0.1591198891401291,3.7555110454559326
412,1,1,1,0.22400400042533875,3.6251320838928223,0.14624521136283875,3.838682174682617,0.17400749027729034,3.860898017883301,0.115234375,3.907644510269165
413,1,1,1,0.27047792077064514,3.616576910018921,0.2747279405593872,3.714176893234253,0.2478475719690323,3.707582712173462,0.14496970176696777,3.7462193965911865
414,1,1,1,0.28026098012924194,3.609400987625122,0.3028838336467743,3.698206901550293,0.27759286761283875,3.7167317867279053,0.16115273535251617,3.7200098037719727
415,1,1,1,0.2281942516565323,3.6253888607025146,0.1620396226644516,3.812649965286255,0.18127192556858063,3.800285816192627,0.11475605517625809,3.8108718395233154
416,1,1,1,0.24522680044174194,3.6337316036224365,0.2335827797651291,3.7693521976470947,0.2246791273355484,3.786180019378662,0.1478794664144516,3.820889472961426
417,1,1,1,0.2804403305053711,3.6168196201324463,0.3262765109539032,3.7091853618621826,0.2938855290412903,3.7229418754577637,0.17346937954425812,3.755744457244873
418,1,1,1,0.2263706773519516,3.6574883460998535,0.24078741669654846,3.8158586025238037,0.22257652878761292,3.864478826522827,0.14993223547935486,3.883291244506836
419,1,1,1,0.30762216448783875,3.6113522052764893,0.4307935833930969,3.6913673877716064,0.38687819242477417,3.7189624309539795,0.23365752398967743,3.7177584171295166
420,1,1,1,0.27054518461227417,3.5906224250793457,0.23921296000480652,3.6898210048675537,0.2889927327632904,3.708009958267212,0.16501912474632263,3.720289945602417
421,1,1,1,0.2788683772087097,3.624316692352295,0.3450504243373871,3.718048334121704,0.3035813868045807,3.7440340518951416,0.17897002398967743,3.792316198348999
422,1,1,1,0.3885398209095001,3.5727641582489014,0.5148427486419678,3.584432601928711,0.4241769015789032,3.592125415802002,0.22885443270206451,3.610206365585327
423,1,1,1,0.31949537992477417,3.6022627353668213,0.41657862067222595,3.6656699180603027,0.3570232689380646,3.6610193252563477,0.20260682702064514,3.701357364654541
424,1,1,1,0.3331149220466614,3.59507155418396,0.4422781765460968,3.648923635482788,0.377949595451355,3.6466197967529297,0.20936304330825806,3.6726319789886475
425,1,1,1,0.34518495202064514,3.584158420562744,0.4178890287876129,3.6140666007995605,0.35362523794174194,3.6258065700531006,0.17992664873600006,3.645658016204834
426,1,1,1,0.23760363459587097,3.616182327270508,0.19189453125,3.7606585025787354,0.23832111060619354,3.792607545852661,0.1517857164144516,3.797268867492676
427,1,1,1,0.27943888306617737,3.608973979949951,0.29486706852912903,3.696169376373291,0.27500197291374207,3.717940330505371,0.16549745202064514,3.7268786430358887
428,1,1,1,0.24215759336948395,3.6366610527038574,0.23330377042293549,3.78001070022583,0.2159598171710968,3.786498785018921,0.1502511203289032,3.8131051063537598
429,1,1,1,0.2437669336795807,3.5998058319091797,0.18305563926696777,3.730048894882202,0.22038424015045166,3.7554712295532227,0.1404256969690323,3.778172016143799
430,1,1,1,0.25838297605514526,3.6069495677948,0.24259106814861298,3.722360372543335,0.2572345435619354,3.7587356567382812,0.15174585580825806,3.789598226547241
431,1,1,1,0.31694933772087097,3.608319044113159,0.436000257730484,3.6896934509277344,0.385951429605484,3.7091994285583496,0.21880978345870972,3.741870880126953
432,1,1,1,0.3341836631298065,3.597104549407959,0.43576112389564514,3.6574394702911377,0.3697185814380646,3.656972646713257,0.21378746628761292,3.6699914932250977
433,1,1,1,0.3340964615345001,3.5913772583007812,0.41407743096351624,3.6381893157958984,0.3600027859210968,3.635535717010498,0.19471460580825806,3.660900831222534
434,1,1,1,0.3589290678501129,3.5916004180908203,0.5315539240837097,3.638740301132202,0.4656708240509033,3.649419069290161,0.26153936982154846,3.6654727458953857
435,1,1,1,0.30688226222991943,3.6034095287323,0.37285754084587097,3.661116600036621,0.3290218412876129,3.651432514190674,0.18859614431858063,3.692275285720825
436,1,1,1,0.2608742117881775,3.6246836185455322,0.2746432423591614,3.738598108291626,0.2473493218421936,3.772339105606079,0.1447504758834839,3.7984304428100586
437,1,1,1,0.3604138493537903,3.5869996547698975,0.4951072037220001,3.6249070167541504,0.41153138875961304,3.6189403533935547,0.23009008169174194,3.638284921646118
438,1,1,1,0.21266640722751617,3.698650598526001,0.23056839406490326,3.98580265045166,0.25513193011283875,4.021598815917969,0.14319594204425812,4.091301441192627
439,1,1,1,0.22264379262924194,3.6439449787139893,0.16503407061100006,3.9051413536071777,0.1868821680545807,3.9181509017944336,0.10556839406490326,3.9696054458618164
440,1,1,1,0.29491937160491943,3.5887584686279297,0.28171834349632263,3.6371545791625977,0.2865014970302582,3.661994457244873,0.16549745202064514,3.6954479217529297
441,1,1,1,0.2968052327632904,3.6157126426696777,0.37140265107154846,3.6874916553497314,0.3241689205169678,3.690356969833374,0.18783880770206451,3.712785243988037
442,1,1,1,0.2670300602912903,3.6215527057647705,0.2886240482330322,3.7335829734802246,0.2634127736091614,3.746425151824951,0.15497449040412903,3.7644033432006836
443,1,1,1,0.2680564224720001,3.6178717613220215,0.28016382455825806,3.7265872955322266,0.26635244488716125,3.7461559772491455,0.15644928812980652,3.78254771232605
444,1,1,1,0.34942004084587097,3.5981249809265137,0.5002939701080322,3.652956247329712,0.4305345118045807,3.6628167629241943,0.2488241344690323,3.668642282485962
445,1,1,1,0.2475336790084839,3.6124675273895264,0.20554646849632263,3.749333381652832,0.20162029564380646,3.7601938247680664,0.1238839253783226,3.845881700515747
446,1,1,1,0.24471111595630646,3.641551971435547,0.2702188193798065,3.7654240131378174,0.24674145877361298,3.7803804874420166,0.16432158648967743,3.802546977996826
447,1,1,1,0.31964734196662903,3.6028571128845215,0.42839205265045166,3.669097423553467,0.36833345890045166,3.6641507148742676,0.2112962305545807,3.7009055614471436
448,1,1,1,0.30619966983795166,3.6084320545196533,0.3952536880970001,3.6986095905303955,0.34080037474632263,3.7230117321014404,0.19040974974632263,3.7689971923828125
449,1,1,1,0.2683553695678711,3.612179756164551,0.28371134400367737,3.7199957370758057,0.26601362228393555,3.7405507564544678,0.16394291818141937,3.768174171447754
450,1,1,1,0.2697255611419678,3.620181083679199,0.3161720633506775,3.7124037742614746,0.28518614172935486,3.752751588821411,0.16711176931858063,3.765056610107422
451,1,1,1,0.2930808365345001,3.581350564956665,0.27648675441741943,3.6394615173339844,0.28700971603393555,3.657454252243042,0.1644810289144516,3.6808433532714844
452,1,1,1,0.3088628053665161,3.611187219619751,0.4132603108882904,3.677537679672241,0.3638392686843872,3.6984004974365234,0.22423070669174194,3.723402261734009
453,1,1,1,0.3122408986091614,3.6123220920562744,0.4296277165412903,3.6714987754821777,0.37894609570503235,3.683706760406494,0.23176418244838715,3.6947286128997803
454,1,3,0,0.21819943189620972,3.61893892288208,0.1167689710855484,3.8707971572875977,0.15683792531490326,3.901899814605713,0.10140305757522583,3.999410390853882
455,1,1,1,0.27116549015045166,3.619781732559204,0.3089873492717743,3.717794179916382,0.27897799015045166,3.7413558959960938,0.17275190353393555,3.7736501693725586
456,1,1,1,0.3604138493537903,3.5869996547698975,0.4951072037220001,3.6249070167541504,0.41153138875961304,3.6189403533935547,0.23009008169174194,3.638284921646118
457,1,1,1,0.313075453042984,3.6052231788635254,0.3983428180217743,3.6729540824890137,0.3377411365509033,3.6951286792755127,0.18859614431858063,3.725351333618164
458,1,1,1,0.30388033390045166,3.60980486869812,0.37211015820503235,3.6995205879211426,0.32402941584587097,3.7181782722473145,0.18899473547935486,3.7182326316833496
459,1,1,1,0.3013218343257904,3.6032426357269287,0.3517368733882904,3.657482862472534,0.3108159303665161,3.6775031089782715,0.18463009595870972,3.7017486095428467
460,1,1,1,0.23020218312740326,3.6525728702545166,0.24119599163532257,3.827366828918457,0.22006537020206451,3.8513402938842773,0.14012674987316132,3.916796922683716
461,1,1,1,0.284912109375,3.6161534786224365,0.32378527522087097,3.7217819690704346,0.28925183415412903,3.719364643096924,0.17323023080825806,3.74804425239563
462,1,1,1,0.2533282935619354,3.622983932495117,0.26009446382522583,3.756561040878296,0.26230666041374207,3.7809901237487793,0.15738600492477417,3.7891604900360107
463,1,1,1,0.2336350977420807,3.639113664627075,0.19267676770687103,3.8444571495056152,0.19037985801696777,3.864799737930298,0.11772560328245163,3.876248598098755
464,1,1,1,0.35547372698783875,3.5913519859313965,0.49742406606674194,3.6369409561157227,0.42107778787612915,3.6502745151519775,0.24308434128761292,3.6647536754608154
465,1,1,1,0.2779889702796936,3.6112451553344727,0.31787607073783875,3.698960781097412,0.3027842044830322,3.7279908657073975,0.18355388939380646,3.7292072772979736
466,1,1,1,0.2516367435455322,3.6291518211364746,0.24979571998119354,3.7597885131835938,0.23575015366077423,3.757164478302002,0.15449616312980652,3.8105006217956543
467,1,1,1,0.27052775025367737,3.5910563468933105,0.23873962461948395,3.673762321472168,0.26050302386283875,3.7089357376098633,0.1501713991165161,3.7384207248687744
468,1,1,1,0.25369948148727417,3.5911898612976074,0.20114198327064514,3.708719253540039,0.2440708726644516,3.7423346042633057,0.15306122601032257,3.7649738788604736
469,1,1,1,0.3465252220630646,3.5957095623016357,0.46777841448783875,3.6481971740722656,0.3897281587123871,3.6479415893554688,0.22281567752361298,3.6814846992492676
470,1,1,1,0.29720383882522583,3.5922799110412598,0.31535494327545166,3.654195547103882,0.3039301633834839,3.662262201309204,0.16304607689380646,3.678156614303589
471,1,1,1,0.2583954334259033,3.624804735183716,0.27086156606674194,3.745525360107422,0.2442103773355484,3.770963430404663,0.14351482689380646,3.805304765701294
472,1,1,1,0.3364357352256775,3.5939369201660156,0.41996172070503235,3.6275033950805664,0.35285794734954834,3.63258957862854,0.19519291818141937,3.6570348739624023
473,1,1,1,0.2614397406578064,3.5934689044952393,0.13388372957706451,3.5390570163726807,0.2870396077632904,3.5789966583251953,0.1923230141401291,3.6298446655273438
474,1,1,1,0.26383379101753235,3.6174874305725098,0.2789730131626129,3.7287778854370117,0.2600346803665161,3.753094434738159,0.15338009595870972,3.7767672538757324
475,1,1,1,0.2917829155921936,3.609431028366089,0.35611647367477417,3.6920559406280518,0.32035234570503235,3.7053005695343018,0.19345901906490326,3.7274131774902344
476,1,1,1,0.2407575249671936,3.652811288833618,0.2572893500328064,3.8487963676452637,0.23434509336948395,3.875196695327759,0.13917012512683868,3.9662036895751953
477,1,1,1,0.30804815888404846,3.598780393600464,0.37491029500961304,3.6712915897369385,0.3427236080169678,3.6995317935943604,0.18953284621238708,3.7292323112487793
478,1,1,1,0.2614397406578064,3.5934689044952393,0.13388372957706451,3.5390570163726807,0.2870396077632904,3.5789966583251953,0.1923230141401291,3.6298446655273438
479,1,1,1,0.24702546000480652,3.626495122909546,0.23913323879241943,3.7684967517852783,0.232770636677742,3.8007192611694336,0.1492147594690323,3.8573527336120605
480,1,1,1,0.2503512501716614,3.630849838256836,0.2532884180545807,3.7683138847351074,0.24935227632522583,3.797706127166748,0.15148676931858063,3.851335287094116
481,1,1,1,0.28419214487075806,3.606616497039795,0.3061174750328064,3.69651198387146,0.2721121609210968,3.7094883918762207,0.15754543244838715,3.7838077545166016
482,1,1,1,0.2947848439216614,3.5988388061523438,0.3181600570678711,3.6758174896240234,0.2996751368045807,3.6962392330169678,0.16585618257522583,3.724104881286621
483,1,1,1,0.2604656517505646,3.5819249153137207,0.1412179172039032,3.5679709911346436,0.2756696343421936,3.581477642059326,0.18829719722270966,3.628810405731201
484,1,1,1,0.3054647445678711,3.6031675338745117,0.376973032951355,3.6621992588043213,0.3290517330169678,3.6791739463806152,0.1849888414144516,3.7067441940307617
485,1,1,1,0.27474039793014526,3.611626386642456,0.29655611515045166,3.6995296478271484,0.2757892310619354,3.717625379562378,0.17002151906490326,3.743406295776367
486,1,1,1,0.28380101919174194,3.608664035797119,0.31354132294654846,3.710944175720215,0.2822962999343872,3.729429244995117,0.1570272594690323,3.7885518074035645
487,1,1,1,0.29287657141685486,3.6064748764038086,0.33288323879241943,3.6807861328125,0.3006616532802582,3.6883203983306885,0.17317043244838715,3.731499671936035
488,1,1,1,0.3078887164592743,3.6045117378234863,0.3577706515789032,3.656616449356079,0.3067303001880646,3.663428783416748,0.18518812954425812,3.702432155609131
489,1,1,1,0.29514357447624207,3.6062309741973877,0.35769590735435486,3.6896824836730957,0.3241489827632904,3.727689027786255,0.18391261994838715,3.7832682132720947
490,1,1,1,0.2563750445842743,3.614239454269409,0.23746411502361298,3.7319555282592773,0.23313935101032257,3.7593605518341064,0.14630500972270966,3.8380329608917236
491,1,1,1,0.2447858452796936,3.590083360671997,0.12038125842809677,3.617441415786743,0.24384167790412903,3.631589651107788,0.17330995202064514,3.675942897796631
492,1,1,1,0.2743866443634033,3.6279678344726562,0.3431670367717743,3.7347803115844727,0.3053053319454193,3.7535738945007324,0.1838727593421936,3.7905917167663574
493,1,1,1,0.2623191177845001,3.6186881065368652,0.25141003727912903,3.7531659603118896,0.25889867544174194,3.7642507553100586,0.15001195669174194,3.7756078243255615
494,1,1,1,0.2467215359210968,3.5997517108917236,0.18666791915893555,3.731109142303467,0.2209123820066452,3.7585365772247314,0.14247846603393555,3.7683591842651367
495,1,1,1,0.26364198327064514,3.6098103523254395,0.24251633882522583,3.7520852088928223,0.2521723508834839,3.776179552078247,0.14112325012683868,3.8125970363616943
496,1,1,1,0.2521449327468872,3.62555193901062,0.25660672783851624,3.7705330848693848,0.25699537992477417,3.8015122413635254,0.16998165845870972,3.857896566390991
497,1,1,1,0.26701509952545166,3.6196377277374268,0.2715192437171936,3.7144691944122314,0.25220224261283875,3.7171361446380615,0.14602598547935486,3.7521495819091797
498,1,1,1,0.32865065336227417,3.597856283187866,0.43006616830825806,3.652277708053589,0.37328603863716125,3.659583568572998,0.2065529227256775,3.679370880126953
499,1,1,1,0.28956323862075806,3.6029698848724365,0.3275071680545807,3.68388295173645,0.29802095890045166,3.69461989402771,0.17464524507522583,3.692342758178711
500,1,3,0,0.21828912198543549,3.6322882175445557,0.10371492058038712,3.9238085746765137,0.15188536047935486,3.7796220779418945,0.10032685101032257,3.7794992923736572
501,1,1,1,0.20251215994358063,3.6293516159057617,0.11079998314380646,3.924048900604248,0.15766501426696777,3.924788236618042,0.11182636767625809,3.9852075576782227
502,1,1,1,0.30859124660491943,3.6058237552642822,0.3949398100376129,3.6716625690460205,0.3392059803009033,3.6847238540649414,0.1958107352256775,3.7236640453338623
503,1,1,1,0.2889902591705322,3.6123721599578857,0.3360172212123871,3.7005932331085205,0.30240553617477417,3.717434883117676,0.17179527878761292,3.7234339714050293
504,1,1,1,0.30990663170814514,3.594353675842285,0.3570232689380646,3.663461446762085,0.32035234570503235,3.6752829551696777,0.1769770383834839,3.7018017768859863
505,1,1,1,0.29569414258003235,3.6138219833374023,0.383564829826355,3.690347194671631,0.33101481199264526,3.714371681213379,0.18865592777729034,3.7588210105895996
506,1,1,1,0.234601691365242,3.6294400691986084,0.21546156704425812,3.78251314163208,0.20225805044174194,3.8123366832733154,0.13446667790412903,3.837557315826416
507,1,1,1,0.30656588077545166,3.6050074100494385,0.36171674728393555,3.677029609680176,0.32069116830825806,3.684015989303589,0.18168048560619354,3.7016234397888184
508,1,1,1,0.3536650836467743,3.5911498069763184,0.4639618396759033,3.6276915073394775,0.37872686982154846,3.6330578327178955,0.2105189710855484,3.6647732257843018
509,1,1,1,0.22546635568141937,3.595045566558838,0.12030652165412903,3.762155294418335,0.19773396849632263,3.781585454940796,0.13980787992477417,3.8248040676116943
510,1,1,1,0.3604138493537903,3.5869996547698975,0.4951072037220001,3.6249070167541504,0.41153138875961304,3.6189403533935547,0.23009008169174194,3.638284921646118
511,1,1,1,0.25872427225112915,3.5939972400665283,0.22178930044174194,3.698431968688965,0.25729432702064514,3.739736557006836,0.16081392765045166,3.7922914028167725
512,1,1,1,0.35749661922454834,3.5871973037719727,0.4726911187171936,3.625607490539551,0.3876454830169678,3.6333513259887695,0.21761399507522583,3.649967908859253
513,1,1,1,0.3123679459095001,3.5995359420776367,0.3706154227256775,3.6647531986236572,0.31213128566741943,3.6738498210906982,0.180524542927742,3.712850570678711
514,1,1,1,0.25352758169174194,3.62834095954895,0.25966596603393555,3.758289098739624,0.24231703579425812,3.776905059814453,0.13821348547935486,3.824657440185547
515,1,1,1,0.29331251978874207,3.614483118057251,0.3592105805873871,3.694500207901001,0.3097895383834839,3.709469795227051,0.1862444132566452,3.7255215644836426
516,1,1,1,0.3604138493537903,3.5869996547698975,0.4951072037220001,3.6249070167541504,0.41153138875961304,3.6189403533935547,0.23009008169174194,3.638284921646118
517,1,1,1,0.29067182540893555,3.6132776737213135,0.37036630511283875,3.6954152584075928,0.33262914419174194,3.715667963027954,0.19027024507522583,3.73593807220459
518,1,1,1,0.30079370737075806,3.6142568588256836,0.38601621985435486,3.7060470581054688,0.34587252140045166,3.721484422683716,0.19929847121238708,3.734800100326538
519,1,1,1,0.30928879976272583,3.599785804748535,0.3613879084587097,3.66758131980896,0.3211495578289032,3.666966676712036,0.17827247083187103,3.7019565105438232
520,1,1,1,0.33734753727912903,3.57426118850708,0.3632912039756775,3.5954136848449707,0.33325693011283875,3.615405321121216,0.18030531704425812,3.665966510772705
521,1,1,1,0.32463228702545166,3.6160309314727783,0.43873563408851624,3.705721378326416,0.37711256742477417,3.69773268699646,0.21326929330825806,3.709559917449951
522,1,1,1,0.3114437162876129,3.600835084915161,0.3780691921710968,3.667422294616699,0.33414381742477417,3.6801860332489014,0.18500876426696777,3.7067759037017822
523,1,1,1,0.23055842518806458,3.62711238861084,0.17355409264564514,3.8521804809570312,0.2013113796710968,3.889169454574585,0.1219308003783226,3.957829236984253
524,1,1,1,0.27289441227912903,3.5998430252075195,0.28444376587867737,3.700695514678955,0.2985690236091614,3.72929048538208,0.17428651452064514,3.73905086517334
525,1,1,1,0.2703533470630646,3.6216342449188232,0.3055843412876129,3.7319180965423584,0.26916253566741943,3.7655398845672607,0.15874122083187103,3.765348434448242
526,1,1,1,0.29436632990837097,3.6041417121887207,0.33854830265045166,3.684685230255127,0.29377591609954834,3.692445993423462,0.17398756742477417,3.7232532501220703
527,1,1,1,0.2512281835079193,3.599484443664551,0.1991489976644516,3.7231924533843994,0.23218271136283875,3.7801287174224854,0.14566725492477417,3.7732932567596436
528,1,1,1,0.2522072196006775,3.6250221729278564,0.24754364788532257,3.7610249519348145,0.23267099261283875,3.7518951892852783,0.14730149507522583,3.8034095764160156
529,1,1,1,0.27673837542533875,3.6207408905029297,0.32414400577545166,3.707733154296875,0.2884446680545807,3.7284598350524902,0.17576131224632263,3.7555277347564697
530,1,1,1,0.2509765625,3.6320972442626953,0.2707868218421936,3.7714176177978516,0.25345781445503235,3.800668478012085,0.15902024507522583,3.8470985889434814
531,1,1,1,0.28283441066741943,3.6207501888275146,0.34587252140045166,3.740802049636841,0.30604273080825806,3.790440320968628,0.180524542927742,3.7884743213653564
532,1,1,1,0.3083595633506775,3.6119260787963867,0.40781447291374207,3.6802566051483154,0.3596540093421936,3.6936440467834473,0.20659278333187103,3.714547634124756
533,1,1,1,0.2348283976316452,3.6364920139312744,0.20207369327545166,3.7962868213653564,0.19410674273967743,3.8131320476531982,0.12201052159070969,3.806272506713867
534,1,1,1,0.2676827609539032,3.6236109733581543,0.2949916124343872,3.733827590942383,0.2723214328289032,3.735106945037842,0.16328522562980652,3.745148181915283
535,1,1,1,0.2582210600376129,3.5955891609191895,0.21076808869838715,3.707224130630493,0.2411511391401291,3.742727279663086,0.14656409621238708,3.772096872329712
536,1,1,1,0.2773935794830322,3.5825700759887695,0.24831591546535492,3.6568281650543213,0.2748126685619354,3.6905503273010254,0.15517377853393555,3.723478078842163
537,1,1,1,0.2867506444454193,3.605226516723633,0.30350664258003235,3.703537702560425,0.2835519015789032,3.720752000808716,0.15909996628761292,3.7201552391052246
538,1,1,1,0.27484753727912903,3.6112611293792725,0.27777722477912903,3.7014403343200684,0.24671156704425812,3.6978349685668945,0.1453683078289032,3.7286810874938965
539,1,1,1,0.3034070134162903,3.6030380725860596,0.3591557741165161,3.6723129749298096,0.3179308772087097,3.6955649852752686,0.1849290430545807,3.7193663120269775
540,1,1,1,0.23049116134643555,3.63234281539917,0.18028539419174194,3.81676983833313,0.19819235801696777,3.828598737716675,0.13404814898967743,3.8782336711883545
541,1,1,1,0.26827067136764526,3.6151866912841797,0.2928043305873871,3.7214932441711426,0.2803431749343872,3.7411935329437256,0.1690848171710968,3.760136842727661
542,1,1,1,0.2572718858718872,3.5992486476898193,0.21818697452545166,3.7205591201782227,0.2204241007566452,3.7706148624420166,0.12739157676696777,3.839486837387085
543,1,1,1,0.32026517391204834,3.6020209789276123,0.379603773355484,3.6514804363250732,0.3285634517669678,3.667475461959839,0.19144611060619354,3.679575204849243
544,1,1,1,0.33525240421295166,3.5968432426452637,0.4642607867717743,3.646637201309204,0.4130261540412903,3.657860517501831,0.2544044852256775,3.6648647785186768
545,1,1,1,0.2678247392177582,3.6334657669067383,0.3355737626552582,3.7522828578948975,0.30925142765045166,3.7936456203460693,0.18126195669174194,3.8050577640533447
546,1,1,1,0.24849030375480652,3.598660707473755,0.19357362389564514,3.73771595954895,0.22220782935619354,3.7775237560272217,0.14130261540412903,3.8105783462524414
547,1,1,1,0.29044511914253235,3.618619680404663,0.37942442297935486,3.709869623184204,0.33960458636283875,3.721625566482544,0.19361846148967743,3.760267734527588
548,1,1,1,0.35826390981674194,3.5887420177459717,0.4826510548591614,3.6247754096984863,0.4000518023967743,3.6282567977905273,0.22478874027729034,3.6519196033477783
549,1,1,1,0.28129732608795166,3.609981060028076,0.30866849422454834,3.7059128284454346,0.28268495202064514,3.7161943912506104,0.16334502398967743,3.745363473892212
550,1,1,1,0.32620924711227417,3.6031250953674316,0.45728036761283875,3.65771746635437,0.4012475907802582,3.669174909591675,0.23567043244838715,3.6891331672668457
551,1,1,1,0.22810456156730652,3.609318256378174,0.12460638582706451,3.7987124919891357,0.17789381742477417,3.8081448078155518,0.11892139166593552,3.865929365158081
552,1,1,1,0.25028151273727417,3.615318775177002,0.22280572354793549,3.7476630210876465,0.22304487228393555,3.788142681121826,0.14219945669174194,3.840784788131714
553,1,1,1,0.2966059446334839,3.60629940032959,0.34989336133003235,3.679302215576172,0.30738797783851624,3.6968910694122314,0.18074378371238708,3.7077958583831787
554,1,1,1,0.3604138493537903,3.5869996547698975,0.4951072037220001,3.6249070167541504,0.41153138875961304,3.6189403533935547,0.23009008169174194,3.638284921646118
555,1,1,1,0.2615991532802582,3.619124174118042,0.2752859890460968,3.7362220287323,0.26578444242477417,3.760272979736328,0.15985730290412903,3.788555145263672
556,1,1,1,0.25200793147087097,3.5952272415161133,0.19692182540893555,3.7149507999420166,0.2241310477256775,3.7439088821411133,0.14441166818141937,3.758763551712036
557,1,1,1,0.25464364886283875,3.6024887561798096,0.2199457883834839,3.7126224040985107,0.24360251426696777,3.7487523555755615,0.15565210580825806,3.7472472190856934
558,1,1,1,0.22380469739437103,3.6547303199768066,0.21643315255641937,3.8192408084869385,0.19989636540412903,3.8273677825927734,0.1397879421710968,3.850156784057617
559,1,1,1,0.29248046875,3.6149449348449707,0.38145726919174194,3.704937219619751,0.3479253053665161,3.7273664474487305,0.19854113459587097,3.745532989501953
560,1,1,1,0.23895138502120972,3.6397509574890137,0.23590460419654846,3.7812743186950684,0.21424585580825806,3.7882325649261475,0.14283721148967743,3.8338217735290527
561,1,1,1,0.322998046875,3.607231616973877,0.4295479953289032,3.684173822402954,0.3640385866165161,3.6958556175231934,0.2079480141401291,3.700594186782837
562,1,1,1,0.2166050523519516,3.657987117767334,0.18848153948783875,3.8475773334503174,0.17732581496238708,3.8573193550109863,0.12069515138864517,3.8892006874084473
563,1,1,1,0.3426413834095001,3.5983176231384277,0.4738071858882904,3.6401493549346924,0.4029017686843872,3.6497082710266113,0.22765864431858063,3.681694746017456
564,1,1,1,0.31347158551216125,3.6016688346862793,0.397216796875,3.6633217334747314,0.33814969658851624,3.6717746257781982,0.19140625,3.682215690612793
565,1,1,1,0.27758538722991943,3.611675977706909,0.30273935198783875,3.7116241455078125,0.2760981321334839,3.741112470626831,0.16709183156490326,3.77242374420166
566,1,1,1,0.2534005343914032,3.5972256660461426,0.20296058058738708,3.7134649753570557,0.23672671616077423,3.748274087905884,0.14646443724632263,3.787454128265381
567,1,1,1,0.25435715913772583,3.6243131160736084,0.25414541363716125,3.7402565479278564,0.24632294476032257,3.746713161468506,0.15316087007522583,3.7885491847991943
568,1,1,1,0.28574416041374207,3.6156845092773438,0.3380301296710968,3.7086846828460693,0.30701929330825806,3.7310938835144043,0.17900988459587097,3.747828960418701
569,1,1,1,0.31836435198783875,3.602837324142456,0.41510382294654846,3.657940626144409,0.36087968945503235,3.665332078933716,0.20998086035251617,3.674069881439209
570,1,1,1,0.39630749821662903,3.5771777629852295,0.5677165985107422,3.5953502655029297,0.46941763162612915,3.6019487380981445,0.26271525025367737,3.629343032836914
571,1,1,1,0.24101412296295166,3.63480281829834,0.2260144203901291,3.7862749099731445,0.21870017051696777,3.813049554824829,0.13675861060619354,3.812591075897217
572,1,1,1,0.26656419038772583,3.5943028926849365,0.23610390722751617,3.6929116249084473,0.25903818011283875,3.7392959594726562,0.15760523080825806,3.784269094467163
573,1,1,1,0.2860032618045807,3.6092820167541504,0.3123604953289032,3.6820647716522217,0.27453362941741943,3.6851541996002197,0.1637834757566452,3.712460517883301
574,1,1,1,0.29381826519966125,3.607515573501587,0.3335857689380646,3.683952569961548,0.2936762571334839,3.6999423503875732,0.17010124027729034,3.7356765270233154
575,1,1,1,0.33359572291374207,3.5774261951446533,0.36864736676216125,3.6007919311523438,0.3330675959587097,3.605552911758423,0.17691725492477417,3.632871389389038
576,1,1,1,0.3829769194126129,3.5779483318328857,0.5163623690605164,3.6025898456573486,0.4248545169830322,3.6129472255706787,0.2374441921710968,3.6258182525634766
577,1,1,1,0.2791324555873871,3.6186654567718506,0.3361367881298065,3.718531370162964,0.30787625908851624,3.7346582412719727,0.17705675959587097,3.7828681468963623
578,1,2,0,0.21448999643325806,3.639620065689087,0.14350983500480652,3.9330625534057617,0.17834223806858063,3.9338996410369873,0.10417331010103226,3.9774248600006104
579,1,1,1,0.28202226758003235,3.60670804977417,0.30221620202064514,3.6880440711975098,0.2800143361091614,3.7175087928771973,0.17049983143806458,3.739450693130493
580,1,1,1,0.33404913544654846,3.597538948059082,0.4416952133178711,3.65181040763855,0.3817562162876129,3.6629340648651123,0.2194475382566452,3.667695999145508
581,1,1,1,0.2817034125328064,3.599391460418701,0.2901436984539032,3.6760599613189697,0.2887934446334839,3.6973533630371094,0.1760602593421936,3.7011547088623047
582,1,1,1,0.2500174343585968,3.629789113998413,0.2498953640460968,3.7500150203704834,0.23190368711948395,3.755758047103882,0.14646443724632263,3.7689480781555176
583,1,1,1,0.29569414258003235,3.604959011077881,0.35435765981674194,3.67659330368042,0.31805044412612915,3.688786506652832,0.18118223547935486,3.7264328002929688
584,1,1,1,0.27530840039253235,3.6071159839630127,0.27435925602912903,3.7079451084136963,0.26490750908851624,3.7207717895507812,0.14933434128761292,3.770719289779663
585,1,1,1,0.21919342875480652,3.6029255390167236,0.10653001070022583,3.8082876205444336,0.17826251685619354,3.8288893699645996,0.12338568270206451,3.8407366275787354
586,1,1,1,0.24993273615837097,3.5967307090759277,0.19453522562980652,3.718317747116089,0.23948700726032257,3.7566678524017334,0.1501913219690323,3.795116662979126
587,1,1,1,0.3604138493537903,3.5869996547698975,0.4951072037220001,3.6249070167541504,0.41153138875961304,3.6189403533935547,0.23009008169174194,3.638284921646118
588,1,1,1,0.26234403252601624,3.6197309494018555,0.2737264633178711,3.716043472290039,0.2534279227256775,3.7452027797698975,0.15884087979793549,3.7726473808288574
589,1,1,1,0.23687370121479034,3.638463258743286,0.22913344204425812,3.787400960922241,0.21893933415412903,3.803422689437866,0.14783960580825806,3.8399839401245117
590,1,1,1,0.2271379679441452,3.6318068504333496,0.16478495299816132,3.8803555965423584,0.1954520046710968,3.897216320037842,0.10760124027729034,3.9579551219940186
591,1,1,1,0.25793206691741943,3.623473882675171,0.27030351758003235,3.740373373031616,0.25276029109954834,3.74965500831604,0.15730628371238708,3.7929811477661133
592,1,1,1,0.24909567832946777,3.6255087852478027,0.24467872083187103,3.764396905899048,0.23414580523967743,3.7941014766693115,0.14568717777729034,3.8404924869537354
593,1,1,1,0.29491937160491943,3.5887584686279297,0.28171834349632263,3.6371545791625977,0.2865014970302582,3.661994457244873,0.16549745202064514,3.6954479217529297
594,1,1,1,0.28980985283851624,3.581078290939331,0.2766810655593872,3.641875743865967,0.2938855290412903,3.662179470062256,0.16719147562980652,3.6950769424438477
595,1,1,1,0.22306232154369354,3.6533243656158447,0.2031000852584839,3.8375487327575684,0.17439612746238708,3.826809883117676,0.11507493257522583,3.8881192207336426
596,1,1,1,0.3346445560455322,3.5968704223632812,0.4274404048919678,3.6377739906311035,0.36388909816741943,3.647150754928589,0.2120535671710968,3.6633458137512207
597,1,1,1,0.26129522919654846,3.6058292388916016,0.2329201102256775,3.7368016242980957,0.24760840833187103,3.763159990310669,0.14050541818141937,3.824680805206299
598,1,1,1,0.31841665506362915,3.605914831161499,0.4189004600048065,3.6606364250183105,0.35424306988716125,3.669188976287842,0.20113201439380646,3.6932222843170166
599,1,1,1,0.2482212632894516,3.6251330375671387,0.24032904207706451,3.7529594898223877,0.23976601660251617,3.7813057899475098,0.1517259180545807,3.7841849327087402
600,1,1,1,0.34454718232154846,3.5893466472625732,0.4337681233882904,3.6274709701538086,0.36365991830825806,3.6315557956695557,0.20296555757522583,3.654163360595703
601,1,1,1,0.25238409638404846,3.6100051403045654,0.22120635211467743,3.7401175498962402,0.22457946836948395,3.7830679416656494,0.14144212007522583,3.840355157852173
602,1,1,1,0.28647658228874207,3.6160495281219482,0.32773634791374207,3.6957340240478516,0.2793566584587097,3.7223727703094482,0.16177056729793549,3.7437477111816406
603,1,1,1,0.35059839487075806,3.594160556793213,0.45963209867477417,3.639338731765747,0.38709741830825806,3.6495907306671143,0.22193877398967743,3.6670258045196533
604,1,1,1,0.24394629895687103,3.6152243614196777,0.2117845118045807,3.758528232574463,0.22198858857154846,3.7907259464263916,0.1439134180545807,3.856529474258423
605,1,1,1,0.3604138493537903,3.5869996547698975,0.4951072037220001,3.6249070167541504,0.41153138875961304,3.6189403533935547,0.23009008169174194,3.638284921646118
606,1,1,1,0.3677256107330322,3.590333938598633,0.5168905258178711,3.6309595108032227,0.43215879797935486,3.635929822921753,0.2440808266401291,3.655017614364624
607,1,1,1,0.22162237763404846,3.625476360321045,0.1493443101644516,3.855041027069092,0.16919443011283875,3.869426965713501,0.12205038219690323,3.932560443878174
608,1,1,1,0.3192063868045807,3.6030421257019043,0.42944833636283875,3.657114267349243,0.37558791041374207,3.6730518341064453,0.22291533648967743,3.6732230186462402
609,1,1,1,0.29720383882522583,3.5922799110412598,0.31535494327545166,3.654195547103882,0.3039301633834839,3.662262201309204,0.16304607689380646,3.678156614303589
610,1,1,1,0.3616968095302582,3.593754291534424,0.5051767826080322,3.6396327018737793,0.4219547212123871,3.638319492340088,0.23935745656490326,3.644129991531372
611,1,1,1,0.26434698700904846,3.6183054447174072,0.2619130611419678,3.748910903930664,0.2608219087123871,3.76942777633667,0.15216438472270966,3.7609691619873047
612,1,1,1,0.24947434663772583,3.6239402294158936,0.251953125,3.7388863563537598,0.2538564205169678,3.7775073051452637,0.15951849520206451,3.7914793491363525
613,1,1,1,0.3168970048427582,3.609182119369507,0.4338877201080322,3.682452440261841,0.3773218095302582,3.6846957206726074,0.2185307741165161,3.717647075653076
614,1,1,1,0.3604138493537903,3.5869996547698975,0.4951072037220001,3.6249070167541504,0.41153138875961304,3.6189403533935547,0.23009008169174194,3.638284921646118
615,1,1,1,0.26073721051216125,3.629626750946045,0.3006766140460968,3.7455713748931885,0.27088648080825806,3.764861583709717,0.17059949040412903,3.778738260269165
616,1,1,1,0.28851690888404846,3.6064257621765137,0.3184191584587097,3.694514036178589,0.2848971486091614,3.696747064590454,0.16633449494838715,3.727773666381836
617,1,1,1,0.29585856199264526,3.6080667972564697,0.33495596051216125,3.6889195442199707,0.29884806275367737,3.696298837661743,0.1753627210855484,3.7339470386505127
618,1,1,1,0.3111073970794678,3.5988340377807617,0.36457669734954834,3.6606216430664062,0.31279894709587097,3.659987211227417,0.18000636994838715,3.683680295944214
619,1,1,1,0.3480224609375,3.593891143798828,0.46300023794174194,3.635312080383301,0.3900569975376129,3.6290268898010254,0.2147839516401291,3.6506447792053223
620,1,1,1,0.24906578660011292,3.5914459228515625,0.1843959242105484,3.7117457389831543,0.2329201102256775,3.758749008178711,0.1495535671710968,3.785447835922241
621,1,1,1,0.2639783024787903,3.6201694011688232,0.26849988102912903,3.7294623851776123,0.25371691584587097,3.7231452465057373,0.15730628371238708,3.731534242630005
622,1,1,1,0.23094457387924194,3.6358909606933594,0.2181321680545807,3.8310415744781494,0.22103196382522583,3.882061243057251,0.13871173560619354,3.9650862216949463
623,1,1,1,0.35387933254241943,3.5932769775390625,0.4980717897415161,3.63310170173645,0.41962292790412903,3.6332225799560547,0.24222736060619354,3.6687510013580322
624,1,1,1,0.31056928634643555,3.5986924171447754,0.35958924889564514,3.6673178672790527,0.3221460282802582,3.6886909008026123,0.17978714406490326,3.696485996246338
625,1,1,1,0.32492873072624207,3.5979037284851074,0.409199595451355,3.643714666366577,0.34938016533851624,3.6573686599731445,0.2041015625,3.6898739337921143
626,1,1,1,0.23900121450424194,3.6305179595947266,0.21819694340229034,3.7680680751800537,0.20834662020206451,3.773914337158203,0.1372767835855484,3.772357702255249
627,1,1,1,0.26088419556617737,3.5970053672790527,0.2207280397415161,3.6898488998413086,0.24948181211948395,3.720522403717041,0.14901545643806458,3.7442824840545654
628,1,1,1,0.24216756224632263,3.6232717037200928,0.21374760568141937,3.7548484802246094,0.2156010866165161,3.791088819503784,0.1405652016401291,3.8504183292388916
629,1,1,1,0.26221200823783875,3.6230831146240234,0.26528120040893555,3.728602886199951,0.23929767310619354,3.735779047012329,0.14863678812980652,3.7339768409729004
630,1,1,1,0.29843947291374207,3.6162726879119873,0.3839634358882904,3.691706895828247,0.3334263265132904,3.7187387943267822,0.19463488459587097,3.7503583431243896
631,1,1,1,0.2698476314544678,3.6124870777130127,0.2858637571334839,3.728099822998047,0.2704480290412903,3.756521701812744,0.16362403333187103,3.799025535583496
632,1,1,1,0.24920529127120972,3.617856025695801,0.23421555757522583,3.754786491394043,0.2369559109210968,3.7814037799835205,0.14469069242477417,3.7977962493896484
633,1,1,1,0.2847576439380646,3.6199870109558105,0.360804945230484,3.6983635425567627,0.32098013162612915,3.721306324005127,0.19569116830825806,3.7510948181152344
634,1,1,1,0.3275320827960968,3.5996928215026855,0.41439133882522583,3.6445834636688232,0.3482142686843872,3.6508126258850098,0.20442043244838715,3.6749536991119385
635,1,1,1,0.2261090874671936,3.6425485610961914,0.19438575208187103,3.8288819789886475,0.19059908390045166,3.863229990005493,0.12087451666593552,3.8741962909698486
636,1,1,1,0.32402193546295166,3.6026217937469482,0.42491430044174194,3.659072160720825,0.36442720890045166,3.6538515090942383,0.20328442752361298,3.677549123764038
637,1,1,1,0.2601816654205322,3.6262316703796387,0.26724928617477417,3.7393078804016113,0.23371730744838715,3.750277042388916,0.15557238459587097,3.7622342109680176
638,1,1,1,0.24361497163772583,3.6325557231903076,0.23555085062980652,3.794208526611328,0.22860530018806458,3.815744638442993,0.14650429785251617,3.825874090194702
639,1,1,1,0.26532605290412903,3.592625617980957,0.23904356360435486,3.6906850337982178,0.25777262449264526,3.729588747024536,0.15967793762683868,3.7778332233428955
640,1,1,1,0.29094836115837097,3.614278793334961,0.3353196680545807,3.6818275451660156,0.2844586968421936,3.6856303215026855,0.17281170189380646,3.725983142852783
641,1,1,1,0.21433553099632263,3.6295156478881836,0.1329968422651291,3.885850191116333,0.1720145046710968,3.889004707336426,0.11316166818141937,3.931666135787964
642,1,1,1,0.3604138493537903,3.5869996547698975,0.4951072037220001,3.6249070167541504,0.41153138875961304,3.6189403533935547,0.23009008169174194,3.638284921646118
643,1,1,1,0.2933449149131775,3.6081137657165527,0.33658522367477417,3.6870503425598145,0.29126474261283875,3.7067980766296387,0.17057955265045166,3.7470498085021973
644,1,1,1,0.2769700586795807,3.608555555343628,0.29163843393325806,3.6919174194335938,0.2792868912220001,3.6968636512756348,0.15882094204425812,3.74965500831604
645,1,1,1,0.2741873562335968,3.608407974243164,0.27099111676216125,3.7201273441314697,0.2648676633834839,3.7650864124298096,0.15459582209587097,3.772979259490967
646,1,1,1,0.2598627805709839,3.6285147666931152,0.2930036187171936,3.731987714767456,0.2661631107330322,3.759490728378296,0.1700613796710968,3.755185842514038
647,1,1,1,0.2614397406578064,3.5934689044952393,0.13388372957706451,3.5390570163726807,0.2870396077632904,3.5789966583251953,0.1923230141401291,3.6298446655273438
648,1,1,1,0.27362683415412903,3.617211103439331,0.30198201537132263,3.7115445137023926,0.2705974876880646,3.7439513206481934,0.16264747083187103,3.787771224975586
649,1,1,1,0.28019121289253235,3.586488962173462,0.24733935296535492,3.6557552814483643,0.2801438868045807,3.697364091873169,0.15658880770206451,3.74023175239563
650,1,1,1,0.28704211115837097,3.615990161895752,0.3429926633834839,3.685880184173584,0.29203203320503235,3.6859004497528076,0.17723612487316132,3.7087597846984863
651,1,1,1,0.28413981199264526,3.613593339920044,0.3126245439052582,3.698127269744873,0.28311342000961304,3.6879730224609375,0.1648198366165161,3.7143893241882324
652,1,1,1,0.3604138493537903,3.5869996547698975,0.4951072037220001,3.6249070167541504,0.41153138875961304,3.6189403533935547,0.23009008169174194,3.638284921646118
653,1,1,1,0.30511847138404846,3.6053054332733154,0.36390405893325806,3.6768898963928223,0.31427374482154846,3.6684317588806152,0.18676258623600006,3.698964834213257
654,1,1,1,0.25632771849632263,3.593777894973755,0.13047073781490326,3.5517451763153076,0.2770846486091614,3.5818889141082764,0.1906489133834839,3.6371524333953857
655,1,1,1,0.21981623768806458,3.653860092163086,0.20006078481674194,3.8562498092651367,0.1908482164144516,3.896981954574585,0.1390306055545807,3.959432363510132
656,1,1,1,0.3157709836959839,3.5976662635803223,0.3862653374671936,3.6533117294311523,0.33826929330825806,3.6730690002441406,0.1909279227256775,3.681628465652466
657,1,1,1,0.3604138493537903,3.5869996547698975,0.4951072037220001,3.6249070167541504,0.41153138875961304,3.6189403533935547,0.23009008169174194,3.638284921646118
658,1,1,1,0.33261170983314514,3.6018216609954834,0.44001612067222595,3.6635489463806152,0.37420278787612915,3.6558637619018555,0.20946268737316132,3.662797451019287
659,1,1,1,0.21553382277488708,3.6121108531951904,0.120047427713871,3.8317837715148926,0.17691725492477417,3.8258421421051025,0.11820392310619354,3.828359365463257
660,1,1,1,0.2597830593585968,3.62372088432312,0.27223172783851624,3.743365526199341,0.24500757455825806,3.7574734687805176,0.15232381224632263,3.752453327178955
661,1,1,1,0.3136260211467743,3.59830641746521,0.39297670125961304,3.6684374809265137,0.35082510113716125,3.703033685684204,0.1921835094690323,3.7412631511688232
662,1,1,1,0.3604138493537903,3.5869996547698975,0.4951072037220001,3.6249070167541504,0.41153138875961304,3.6189403533935547,0.23009008169174194,3.638284921646118
663,1,1,1,0.24663184583187103,3.613898992538452,0.201416015625,3.7644031047821045,0.21047911047935486,3.79935622215271,0.12978315353393555,3.8008291721343994
664,1,1,1,0.3604138493537903,3.5869996547698975,0.4951072037220001,3.6249070167541504,0.41153138875961304,3.6189403533935547,0.23009008169174194,3.638284921646118
665,1,1,1,0.32229799032211304,3.592975378036499,0.39093390107154846,3.640819787979126,0.33862802386283875,3.6639397144317627,0.19214364886283875,3.687065601348877
666,1,1,1,0.2752610743045807,3.615746021270752,0.2924655079841614,3.7050886154174805,0.26220703125,3.7167179584503174,0.15413743257522583,3.7258856296539307
667,1,1,1,0.2970568537712097,3.618285655975342,0.4028918147087097,3.7052879333496094,0.36059072613716125,3.7271597385406494,0.2222377210855484,3.7471976280212402
668,1,1,1,0.36077257990837097,3.592306137084961,0.5193718075752258,3.6339504718780518,0.44107741117477417,3.6342318058013916,0.25422513484954834,3.65749454498291
669,1,1,1,0.3604138493537903,3.5869996547698975,0.4951072037220001,3.6249070167541504,0.41153138875961304,3.6189403533935547,0.23009008169174194,3.638284921646118
670,1,1,1,0.3604138493537903,3.5869996547698975,0.4951072037220001,3.6249070167541504,0.41153138875961304,3.6189403533935547,0.23009008169174194,3.638284921646118
671,1,1,1,0.3215581178665161,3.607649803161621,0.4273407459259033,3.6706502437591553,0.36721739172935486,3.6515698432922363,0.21119658648967743,3.668679714202881
672,1,1,1,0.2626155912876129,3.6133413314819336,0.24455416202545166,3.73787260055542,0.25003984570503235,3.7593655586242676,0.14305643737316132,3.8201448917388916
673,1,1,1,0.2681187093257904,3.6169755458831787,0.2765415608882904,3.7363386154174805,0.2548130452632904,3.7288334369659424,0.14779974520206451,3.7455501556396484
674,1,1,1,0.24559052288532257,3.6164004802703857,0.2230747789144516,3.7427186965942383,0.22275589406490326,3.7935938835144043,0.1438336968421936,3.833448886871338
675,1,1,1,0.32855847477912903,3.597637414932251,0.40859174728393555,3.6515254974365234,0.3495595455169678,3.651700496673584,0.19479432702064514,3.6560261249542236
676,1,1,1,0.2801787555217743,3.613696575164795,0.3052804172039032,3.7186107635498047,0.2811104953289032,3.7281816005706787,0.16089364886283875,3.7221603393554688
677,1,1,1,0.3189423084259033,3.603494644165039,0.39797911047935486,3.6589839458465576,0.3441685140132904,3.665933132171631,0.19792330265045166,3.69600248336792
678,1,1,1,0.3795788884162903,3.577615737915039,0.4986597001552582,3.592618227005005,0.41158121824264526,3.5922088623046875,0.21823181211948395,3.620274066925049
679,1,1,1,0.3604138493537903,3.5869996547698975,0.4951072037220001,3.6249070167541504,0.41153138875961304,3.6189403533935547,0.23009008169174194,3.638284921646118
680,1,1,1,0.26323840022087097,3.6267199516296387,0.2903429865837097,3.7327234745025635,0.2641103267669678,3.749547243118286,0.16278699040412903,3.7906463146209717
681,1,1,1,0.3460244834423065,3.597327470779419,0.48402124643325806,3.6455917358398438,0.4119100570678711,3.6382572650909424,0.23686622083187103,3.6681530475616455
682,1,1,1,0.3302699327468872,3.5684943199157715,0.34249940514564514,3.580730676651001,0.3370037376880646,3.603595495223999,0.19919881224632263,3.6481239795684814
683,1,1,1,0.27950364351272583,3.618048906326294,0.30934610962867737,3.728026866912842,0.2662428319454193,3.713975667953491,0.15794403851032257,3.74271297454834
684,1,1,1,0.3379678428173065,3.5956671237945557,0.4414510726928711,3.6497442722320557,0.3728376030921936,3.6375784873962402,0.2096819132566452,3.657827138900757
685,1,1,1,0.26528868079185486,3.6328728199005127,0.3271235227584839,3.753880023956299,0.2991769015789032,3.787529468536377,0.18036511540412903,3.8049724102020264
686,1,1,1,0.28853684663772583,3.6128594875335693,0.35849806666374207,3.6919751167297363,0.32621172070503235,3.699871778488159,0.20143096148967743,3.737014055252075
687,1,1,1,0.2549102008342743,3.633650302886963,0.2870993912220001,3.731196403503418,0.2615792453289032,3.737600088119507,0.17133688926696777,3.765383243560791
688,1,1,1,0.25078722834587097,3.6264452934265137,0.2375587821006775,3.7579855918884277,0.2299206703901291,3.767390489578247,0.1399274468421936,3.8296539783477783
689,1,1,1,0.3073381781578064,3.607637405395508,0.3856475055217743,3.6793582439422607,0.3372528553009033,3.680238723754883,0.19431599974632263,3.6881024837493896
690,1,1,1,0.2486497461795807,3.6222822666168213,0.23111148178577423,3.7687830924987793,0.2249681055545807,3.774007797241211,0.1382533460855484,3.8225457668304443
691,1,1,1,0.26556020975112915,3.6269161701202393,0.3039450943470001,3.718374490737915,0.26656168699264526,3.7272896766662598,0.17036032676696777,3.739471197128296
692,1,1,1,0.2973732352256775,3.6053130626678467,0.3202427327632904,3.6837446689605713,0.2834123969078064,3.6709680557250977,0.1625279039144516,3.6550581455230713
693,1,1,1,0.37019938230514526,3.586247682571411,0.5034877061843872,3.6164252758026123,0.4181680381298065,3.6295394897460938,0.23879942297935486,3.63228178024292
694,1,1,1,0.3348662555217743,3.600790023803711,0.46137097477912903,3.6484735012054443,0.3980887234210968,3.6502790451049805,0.22849568724632263,3.673964262008667
695,1,1,1,0.29300111532211304,3.6092183589935303,0.3514479100704193,3.6927144527435303,0.3198341727256775,3.7238285541534424,0.17594069242477417,3.7512459754943848
696,1,1,1,0.2626330256462097,3.623478651046753,0.28324297070503235,3.7280466556549072,0.2559490501880646,3.7418336868286133,0.16157126426696777,3.752929449081421
697,1,1,1,0.27054518461227417,3.5906224250793457,0.23921296000480652,3.6898210048675537,0.2889927327632904,3.708009958267212,0.16501912474632263,3.720289945602417
698,2,2,1,0.2107381969690323,3.637247085571289,0.1033412367105484,3.951448917388916,0.13174624741077423,3.905226469039917,0.08793048560619354,3.871260166168213
699,2,2,1,0.21902652084827423,3.6394636631011963,0.14782963693141937,3.888641834259033,0.1667729616165161,3.872131824493408,0.10006775707006454,3.8846843242645264
700,2,2,1,0.22727498412132263,3.601666212081909,0.11221002042293549,3.797921895980835,0.16697224974632263,3.7894484996795654,0.11423788219690323,3.8234472274780273
701,2,1,0,0.21867525577545166,3.6041946411132812,0.11545360088348389,3.802218198776245,0.18609493970870972,3.793038845062256,0.12551817297935486,3.817084789276123
702,2,2,1,0.2180524468421936,3.6227149963378906,0.10153758525848389,3.9264438152313232,0.13780492544174194,3.8448188304901123,0.09644052386283875,3.83612322807312
703,2,2,1,0.21349848806858063,3.63875150680542,0.11697325110435486,3.9438600540161133,0.15201491117477417,3.911700963973999,0.09829400479793549,3.8534064292907715
704,2,2,1,0.2158452272415161,3.626889944076538,0.12596161663532257,3.934891700744629,0.14420241117477417,3.9051897525787354,0.09271364659070969,3.9251935482025146
705,2,2,1,0.21806739270687103,3.6242146492004395,0.11285275965929031,3.922560691833496,0.1425183266401291,3.889176368713379,0.09524473547935486,3.8878426551818848
706,2,2,1,0.215070441365242,3.6283373832702637,0.09977877885103226,3.9144113063812256,0.14266780018806458,3.857861280441284,0.09899155050516129,3.891483783721924
707,2,2,1,0.2226213663816452,3.6249301433563232,0.11842813342809677,3.9254069328308105,0.14356465637683868,3.8455612659454346,0.09392936527729034,3.9011244773864746
708,2,2,1,0.20547173917293549,3.648803234100342,0.10855787247419357,4.031117916107178,0.13144730031490326,3.989386796951294,0.0818917378783226,3.978583574295044
709,2,2,1,0.21640326082706451,3.625549793243408,0.10514987260103226,3.8825814723968506,0.14273756742477417,3.8248393535614014,0.0979352667927742,3.782865285873413
710,2,2,1,0.21723532676696777,3.6219265460968018,0.10952447354793549,3.9161131381988525,0.14128267765045166,3.894272804260254,0.09410873800516129,3.927149534225464
711,2,2,1,0.2141212821006775,3.6295056343078613,0.10038663446903229,3.9295711517333984,0.13696786761283875,3.872899293899536,0.09440768510103226,3.8739709854125977
712,2,2,1,0.2284458726644516,3.5999019145965576,0.11920040845870972,3.773407459259033,0.17352917790412903,3.800045967102051,0.11268335580825806,3.841705083847046
713,2,2,1,0.21285822987556458,3.628770112991333,0.10129344463348389,3.922921895980835,0.13980787992477417,3.8744120597839355,0.0936104878783226,3.885032892227173
714,2,2,1,0.21518753468990326,3.6248812675476074,0.10266362130641937,3.8774569034576416,0.14326569437980652,3.8594977855682373,0.102957583963871,3.9117305278778076
715,2,2,1,0.2193005532026291,3.6240556240081787,0.12050581723451614,3.910940170288086,0.14693279564380646,3.8690402507781982,0.09436782449483871,3.915945053100586
716,2,2,1,0.20873524248600006,3.651453733444214,0.12207528948783875,3.9796743392944336,0.1400669664144516,3.946499824523926,0.09167729318141937,3.942173957824707
717,2,2,1,0.22792519629001617,3.600452423095703,0.10272839665412903,3.7734503746032715,0.18349409103393555,3.7037580013275146,0.13145726919174194,3.7357490062713623
718,2,2,1,0.20613190531730652,3.639159917831421,0.09981365501880646,3.9687016010284424,0.12687340378761292,3.9261703491210938,0.08498086780309677,3.9366791248321533
719,2,2,1,0.21365542709827423,3.6243834495544434,0.10868741571903229,3.895984172821045,0.14782963693141937,3.8706438541412354,0.10186144709587097,3.846996784210205
720,2,2,1,0.2155412882566452,3.6258552074432373,0.09889688342809677,3.945387601852417,0.13081951439380646,3.8446831703186035,0.0885881707072258,3.8323960304260254
721,2,2,1,0.20987124741077423,3.647571325302124,0.12456652522087097,3.948122024536133,0.15208466351032257,3.9417507648468018,0.09845343977212906,3.922064781188965
722,2,2,1,0.21377500891685486,3.632704496383667,0.11917051672935486,3.917593479156494,0.14973293244838715,3.923665761947632,0.09719786047935486,3.951199531555176
723,2,2,1,0.20374032855033875,3.6528372764587402,0.11255878955125809,4.007923603057861,0.1337193101644516,3.931291341781616,0.0803571417927742,3.9010417461395264
724,2,2,1,0.21949487924575806,3.6395859718322754,0.13901565968990326,3.9073867797851562,0.16038544476032257,3.8982293605804443,0.10178172588348389,3.8866262435913086
725,2,2,1,0.21987603604793549,3.6153976917266846,0.118582583963871,3.9061343669891357,0.14697265625,3.8805341720581055,0.09410873800516129,3.9318084716796875
726,2,2,1,0.21548648178577423,3.633378744125366,0.1072474867105484,3.948385715484619,0.1361009180545807,3.874725341796875,0.09209582209587097,3.9281539916992188
727,2,2,1,0.21481634676456451,3.6305766105651855,0.10253407806158066,3.9521355628967285,0.13738639652729034,3.8808298110961914,0.09056122601032257,3.869938373565674
728,2,2,1,0.2269984632730484,3.603057622909546,0.10654495656490326,3.7814722061157227,0.1625378578901291,3.7400527000427246,0.11652981489896774,3.806225299835205
729,2,2,1,0.22058852016925812,3.630531072616577,0.12285255640745163,3.90152907371521,0.14790935814380646,3.891800880432129,0.09677933156490326,3.9363672733306885
730,2,2,1,0.21266640722751617,3.6305673122406006,0.10566804558038712,3.90187668800354,0.1418905407190323,3.820352554321289,0.09986846148967743,3.797844648361206
731,2,2,1,0.21833893656730652,3.618988513946533,0.10207071155309677,3.890803575515747,0.14562739431858063,3.833789587020874,0.10080516338348389,3.8683273792266846
732,2,2,1,0.21935786306858063,3.627686023712158,0.12007234245538712,3.91510009765625,0.15699736773967743,3.896286964416504,0.09799505770206451,3.919869899749756
733,2,2,1,0.21410633623600006,3.6297006607055664,0.10450214892625809,3.936540365219116,0.1357421875,3.8636763095855713,0.09323181957006454,3.877511739730835
734,2,2,1,0.21346858143806458,3.6281392574310303,0.09641561657190323,3.9225363731384277,0.1414022594690323,3.8601126670837402,0.10046635568141937,3.8762149810791016
735,2,2,1,0.22203095257282257,3.6282973289489746,0.13784478604793549,3.887226104736328,0.17024074494838715,3.9001405239105225,0.10369499027729034,3.960983991622925
736,2,2,1,0.21621890366077423,3.6211516857147217,0.10227499157190323,3.9074389934539795,0.13442681729793549,3.803039312362671,0.09084024280309677,3.8198771476745605
737,2,2,1,0.2190638929605484,3.639331817626953,0.13883131742477417,3.9182815551757812,0.15688775479793549,3.943025827407837,0.0965401753783226,3.9436416625976562
738,2,2,1,0.21573810279369354,3.637120485305786,0.10200095176696777,3.950371265411377,0.13526387512683868,3.8391778469085693,0.09201610088348389,3.849902629852295
739,2,2,1,0.2158302664756775,3.6236321926116943,0.1043177992105484,3.909872531890869,0.1335200071334839,3.8324501514434814,0.08962451666593552,3.8476762771606445
740,2,2,1,0.22424814105033875,3.629995107650757,0.13850246369838715,3.90283465385437,0.15739595890045166,3.910351276397705,0.09691884368658066,3.934196949005127
741,2,2,1,0.2227434366941452,3.6061222553253174,0.10402383655309677,3.8121466636657715,0.16772958636283875,3.7761406898498535,0.11918048560619354,3.796989917755127
742,2,2,1,0.2184012234210968,3.618891716003418,0.10322663933038712,3.9097402095794678,0.14402303099632263,3.8981525897979736,0.09731744229793549,3.9031333923339844
743,2,2,1,0.2111915946006775,3.6407153606414795,0.10744180530309677,3.9479687213897705,0.13979791104793549,3.9216623306274414,0.09283322840929031,3.903606653213501
744,2,2,1,0.21320202946662903,3.63193941116333,0.09973891824483871,3.9336097240448,0.13221460580825806,3.8739070892333984,0.09173708409070969,3.8757331371307373
745,2,2,1,0.21543167531490326,3.624948024749756,0.10136818140745163,3.9154090881347656,0.13900071382522583,3.8510286808013916,0.092215396463871,3.840501308441162
746,2,2,1,0.2267094850540161,3.6064414978027344,0.11070531606674194,3.8021962642669678,0.1649095118045807,3.768807888031006,0.11405850946903229,3.823519229888916
747,2,2,1,0.2172253578901291,3.6287214756011963,0.10513491928577423,3.939007520675659,0.1358816921710968,3.8498826026916504,0.08834900707006454,3.836905002593994
748,2,2,1,0.2223597913980484,3.6250827312469482,0.11848791688680649,3.911862373352051,0.15461574494838715,3.8536994457244873,0.09661989659070969,3.820338249206543
749,2,2,1,0.21593989431858063,3.629822254180908,0.10997787863016129,3.8985185623168945,0.14616549015045166,3.8508999347686768,0.09809470176696777,3.8329946994781494
750,2,2,1,0.21737731993198395,3.631296157836914,0.11175661534070969,3.9271066188812256,0.13918007910251617,3.8651821613311768,0.08988361060619354,3.890909194946289
751,2,2,1,0.22833126783370972,3.5930237770080566,0.10786032676696777,3.7718958854675293,0.17414699494838715,3.753662109375,0.12394371628761292,3.776491403579712
752,2,2,1,0.2073451429605484,3.63474702835083,0.1018763929605484,3.9419963359832764,0.13335059583187103,3.899566650390625,0.091796875,3.9192357063293457
753,2,2,1,0.2075444459915161,3.6441962718963623,0.10920559614896774,3.9705264568328857,0.13842274248600006,3.9153409004211426,0.09345105290412903,3.907869577407837
754,2,2,1,0.21630859375,3.625904083251953,0.10661471635103226,3.907982110977173,0.14509925246238708,3.8222649097442627,0.09980867058038712,3.798921823501587
755,2,2,1,0.21644560992717743,3.643934965133667,0.12720723450183868,3.9528417587280273,0.15198500454425812,3.928075075149536,0.09502550959587097,3.971895933151245
756,2,2,1,0.2236328125,3.601717710494995,0.10310705751180649,3.7879579067230225,0.1713169664144516,3.749418258666992,0.12338568270206451,3.776611328125
757,2,2,1,0.21448002755641937,3.643110990524292,0.1392647922039032,3.9267289638519287,0.14994220435619354,3.908486843109131,0.09183673560619354,3.8977863788604736
758,2,2,1,0.21738728880882263,3.6255943775177,0.10589724034070969,3.9144630432128906,0.1428571343421936,3.8541433811187744,0.0966796875,3.868274688720703
759,2,2,1,0.21361058950424194,3.6371567249298096,0.11478595435619354,3.926816463470459,0.14749082922935486,3.9058172702789307,0.10216039419174194,3.9401092529296875
760,2,2,1,0.21690648794174194,3.626671075820923,0.09726761281490326,3.929105520248413,0.13522401452064514,3.8363301753997803,0.09420838207006454,3.8096044063568115
761,2,2,1,0.212018683552742,3.638380289077759,0.11203563213348389,3.930445671081543,0.15637953579425812,3.8827502727508545,0.1026785671710968,3.897709608078003
762,2,2,1,0.21214574575424194,3.6356964111328125,0.10541394352912903,3.936427593231201,0.14344507455825806,3.9255990982055664,0.09594228118658066,3.9937682151794434
763,2,2,1,0.2185581773519516,3.6181280612945557,0.11720244586467743,3.9025633335113525,0.14895567297935486,3.860917806625366,0.10092474520206451,3.8738150596618652
764,2,2,1,0.21401166915893555,3.626347303390503,0.10424306243658066,3.948809862136841,0.1389409303665161,3.884960174560547,0.09392936527729034,3.875450849533081
765,2,2,1,0.21187669038772583,3.6285200119018555,0.10533422231674194,3.9349606037139893,0.1400071680545807,3.887829065322876,0.09679926186800003,3.8632900714874268
766,2,2,1,0.22884944081306458,3.597047805786133,0.10368004441261292,3.786102056503296,0.17151625454425812,3.730130195617676,0.12492027878761292,3.762125015258789
767,2,2,1,0.21042679250240326,3.635739326477051,0.10067562013864517,3.9652082920074463,0.12593670189380646,3.838186502456665,0.08681441098451614,3.8158860206604004
768,2,2,1,0.21968171000480652,3.6196956634521484,0.10323162376880646,3.877021074295044,0.14511917531490326,3.8809311389923096,0.10200095176696777,3.8774912357330322
769,2,2,1,0.21840371191501617,3.6132383346557617,0.10115891695022583,3.8911490440368652,0.1462651491165161,3.8593814373016357,0.10235968977212906,3.83878493309021
770,2,2,1,0.214111328125,3.641216516494751,0.11939472705125809,3.962233543395996,0.1404256969690323,3.939256429672241,0.0915178582072258,3.9658100605010986
771,2,2,1,0.22838358581066132,3.5999019145965576,0.10412846505641937,3.7779319286346436,0.17448580265045166,3.7445459365844727,0.12155213207006454,3.7952122688293457
772,2,2,1,0.22350825369358063,3.6199870109558105,0.1131068617105484,3.8539271354675293,0.1579838991165161,3.8281190395355225,0.10570790618658066,3.864819049835205
773,2,2,1,0.2182368040084839,3.6286613941192627,0.10670938342809677,3.924499273300171,0.13655930757522583,3.8493869304656982,0.09111925959587097,3.8801400661468506
774,2,2,1,0.22217045724391937,3.6110942363739014,0.10834860801696777,3.811229705810547,0.15985730290412903,3.7777085304260254,0.11318159848451614,3.8196866512298584
775,2,2,1,0.22090740501880646,3.617114305496216,0.1070730984210968,3.893299102783203,0.14638471603393555,3.8601088523864746,0.09697863459587097,3.885737657546997
776,2,2,1,0.22430294752120972,3.6242101192474365,0.15051518380641937,3.8589823246002197,0.18068398535251617,3.9040369987487793,0.11463648080825806,3.961926221847534
777,2,2,1,0.21320949494838715,3.629673719406128,0.09795519709587097,3.9471006393432617,0.13319116830825806,3.8238813877105713,0.09145806729793549,3.8086729049682617
778,2,2,1,0.21584023535251617,3.622668504714966,0.09690888226032257,3.93326473236084,0.1369878053665161,3.8478212356567383,0.09562340378761292,3.8591079711914062
779,2,2,1,0.21026983857154846,3.6295673847198486,0.09715302288532257,3.9416892528533936,0.13293208181858063,3.850449800491333,0.09283322840929031,3.8351223468780518
780,2,2,1,0.22102947533130646,3.630941152572632,0.13923488557338715,3.906602144241333,0.17011120915412903,3.9120731353759766,0.09596221148967743,3.9389407634735107
781,2,2,1,0.21348851919174194,3.631348133087158,0.10807956010103226,3.9476304054260254,0.14067481458187103,3.8393425941467285,0.09675940126180649,3.796292543411255
782,2,2,1,0.22495315968990326,3.6244213581085205,0.13003228604793549,3.8847804069519043,0.1564592570066452,3.867205858230591,0.09819435328245163,3.929165840148926
783,2,2,1,0.21147559583187103,3.634129762649536,0.10775071382522583,3.9341533184051514,0.13538344204425812,3.846385955810547,0.08767139166593552,3.8436007499694824
784,2,2,1,0.21278847754001617,3.6382837295532227,0.11580237001180649,3.934816360473633,0.14378388226032257,3.8603506088256836,0.09390943497419357,3.903438091278076
785,2,2,1,0.21856315433979034,3.620439291000366,0.10115891695022583,3.9038565158843994,0.13760562241077423,3.8239552974700928,0.0924944207072258,3.8131868839263916
786,2,2,1,0.21466436982154846,3.6238045692443848,0.10238958895206451,3.9000487327575684,0.14624521136283875,3.873330593109131,0.10150270909070969,3.8541135787963867
787,2,2,1,0.21395936608314514,3.635594129562378,0.09676438570022583,3.977189540863037,0.116141177713871,3.8477048873901367,0.08069594949483871,3.8327982425689697
788,2,2,1,0.2140590101480484,3.6290950775146484,0.10220025479793549,3.9243369102478027,0.14361447095870972,3.8714959621429443,0.10102438926696777,3.861313819885254
789,2,2,1,0.21565589308738708,3.6229467391967773,0.10993801802396774,3.909449338912964,0.1403559446334839,3.840752601623535,0.09321188926696777,3.8691468238830566
790,2,2,1,0.22907614707946777,3.603623628616333,0.11087970435619354,3.8051586151123047,0.17000159621238708,3.7795426845550537,0.12324617058038712,3.804818868637085
791,2,2,1,0.21061861515045166,3.6423163414001465,0.11276805400848389,3.9516634941101074,0.14687299728393555,3.9187870025634766,0.09524473547935486,3.943293571472168
792,2,2,1,0.21070082485675812,3.636922597885132,0.11866230517625809,3.9557440280914307,0.14500956237316132,3.8997387886047363,0.09215561300516129,3.955233573913574
793,2,2,1,0.21774353086948395,3.6267333030700684,0.1181291863322258,3.911341667175293,0.14186064898967743,3.8963894844055176,0.0954241082072258,3.9415204524993896
794,2,2,1,0.20730528235435486,3.6393394470214844,0.09804986417293549,3.9809441566467285,0.12824855744838715,3.8958041667938232,0.08731266111135483,3.854827642440796
795,2,2,1,0.22551867365837097,3.6003975868225098,0.11292749643325806,3.8113391399383545,0.16122248768806458,3.77921986579895,0.1085379421710968,3.8191332817077637
796,2,2,1,0.21760901808738708,3.6268117427825928,0.12807916104793549,3.9251537322998047,0.1587611585855484,3.913444757461548,0.09881217777729034,3.9169020652770996
797,2,2,1,0.21610680222511292,3.6294972896575928,0.12215501070022583,3.914752960205078,0.15823301672935486,3.940298557281494,0.10038663446903229,3.952749729156494
798,2,2,1,0.22254164516925812,3.619187355041504,0.11054587364196777,3.843557119369507,0.17109772562980652,3.8268492221832275,0.12055563926696777,3.7829394340515137
799,2,2,1,0.21253935992717743,3.6434273719787598,0.11194096505641937,3.9546890258789062,0.13829320669174194,3.8919873237609863,0.08888711780309677,3.8719730377197266
800,2,2,1,0.21879234910011292,3.620028495788574,0.10761120915412903,3.8775813579559326,0.14605587720870972,3.8123762607574463,0.09972894936800003,3.759192705154419
801,2,2,1,0.21681182086467743,3.6202688217163086,0.09942004084587097,3.901122570037842,0.14183075726032257,3.85400128364563,0.09845343977212906,3.8860323429107666
802,2,2,1,0.21809230744838715,3.6212077140808105,0.10604172945022583,3.926420211791992,0.14247846603393555,3.819275379180908,0.09663982689380646,3.839142084121704
803,2,2,1,0.22158750891685486,3.6252262592315674,0.14395827054977417,3.850205898284912,0.17847177386283875,3.878894567489624,0.10869738459587097,3.9625961780548096
804,2,2,1,0.21787557005882263,3.6169888973236084,0.10230488330125809,3.9041543006896973,0.14032605290412903,3.897812843322754,0.09827407449483871,3.94990873336792
805,2,2,1,0.21376504004001617,3.6386075019836426,0.11365493386983871,3.9499363899230957,0.14723174273967743,3.9156007766723633,0.09470663219690323,3.9530723094940186
806,2,2,1,0.2117222398519516,3.6341676712036133,0.09731744229793549,3.9474196434020996,0.12432238459587097,3.834963083267212,0.08490114659070969,3.822065830230713
807,2,2,1,0.21716806292533875,3.6283252239227295,0.10427793860435486,3.914090394973755,0.14633490145206451,3.8871638774871826,0.09841357916593552,3.913325309753418
808,2,2,1,0.20660275220870972,3.6486759185791016,0.10268355160951614,3.9899559020996094,0.13767537474632263,3.9211058616638184,0.08930563926696777,3.892657995223999
809,2,2,1,0.21482381224632263,3.637002468109131,0.11352040618658066,3.942284107208252,0.13899074494838715,3.9128191471099854,0.08860810101032257,3.9010345935821533
810,2,2,1,0.21548150479793549,3.6355323791503906,0.10121870785951614,3.9497416019439697,0.12852758169174194,3.836486339569092,0.08974409848451614,3.8481013774871826
811,2,2,1,0.21483129262924194,3.629361629486084,0.09756158292293549,3.938971519470215,0.13073979318141937,3.8134145736694336,0.09239476919174194,3.790120840072632
812,2,2,1,0.21332409977912903,3.643150806427002,0.12103395909070969,3.95270037651062,0.13815370202064514,3.9232544898986816,0.08657525479793549,3.908149242401123
813,2,2,1,0.2252645641565323,3.6251838207244873,0.1414271742105484,3.8816275596618652,0.17547233402729034,3.9020955562591553,0.10584741830825806,3.921107053756714
814,2,2,1,0.229718878865242,3.5908730030059814,0.10625597834587097,3.7884273529052734,0.16834741830825806,3.7288978099823,0.12246890366077423,3.7485761642456055
815,2,2,1,0.21073071658611298,3.6385109424591064,0.10061084479093552,3.9816768169403076,0.13265305757522583,3.855694055557251,0.0894252210855484,3.850679636001587
816,2,2,1,0.21127381920814514,3.6323771476745605,0.101981021463871,3.972738027572632,0.13265305757522583,3.890850305557251,0.08874760568141937,3.8773860931396484
817,2,2,1,0.21125885844230652,3.633270740509033,0.10404376685619354,3.9475624561309814,0.13509446382522583,3.871062994003296,0.09410873800516129,3.902160167694092
818,2,2,1,0.22686393558979034,3.6000659465789795,0.10724250227212906,3.781174421310425,0.17241309583187103,3.7778868675231934,0.12308673560619354,3.806023359298706
819,2,2,1,0.21551388502120972,3.626767158508301,0.10061084479093552,3.9189817905426025,0.1369878053665161,3.8130500316619873,0.09375,3.807610511779785
820,2,2,1,0.21668726205825806,3.6231203079223633,0.09492585808038712,3.9169116020202637,0.14576689898967743,3.843109130859375,0.09935028851032257,3.8553659915924072
821,2,2,1,0.22297263145446777,3.616001605987549,0.1184430792927742,3.866691827774048,0.14831791818141937,3.860051155090332,0.10576769709587097,3.889768123626709
822,2,2,1,0.21287567913532257,3.62628436088562,0.09725266695022583,3.9203341007232666,0.14036591351032257,3.8764021396636963,0.10046635568141937,3.87125563621521
823,2,2,1,0.21297034621238708,3.635960578918457,0.11372967064380646,3.935030221939087,0.1465541273355484,3.872713565826416,0.09675940126180649,3.8889803886413574
824,2,2,1,0.21415367722511292,3.6239776611328125,0.09899652749300003,3.934722423553467,0.12922511994838715,3.8109192848205566,0.08820950239896774,3.813375473022461
825,2,2,1,0.21763890981674194,3.623783826828003,0.1020159050822258,3.913357734680176,0.1400669664144516,3.843412160873413,0.09663982689380646,3.877912998199463
826,2,2,1,0.22168217599391937,3.616654396057129,0.10354551672935486,3.8979406356811523,0.1384526491165161,3.799769639968872,0.10293765366077423,3.837366819381714
827,2,2,1,0.21164251863956451,3.638349771499634,0.10331134498119354,3.9727513790130615,0.12840799987316132,3.848828077316284,0.08322703838348389,3.785919427871704
828,2,2,1,0.21286819875240326,3.6429247856140137,0.13074976205825806,3.95255708694458,0.15144690871238708,3.931635856628418,0.09231504797935486,3.9598445892333984
829,2,2,1,0.21026486158370972,3.6398544311523438,0.10371990501880646,3.9603209495544434,0.14029616117477417,3.900347948074341,0.0959821417927742,3.9119601249694824
830,2,2,1,0.22757144272327423,3.6030170917510986,0.10725744813680649,3.798299789428711,0.17137674987316132,3.7709617614746094,0.12218988686800003,3.8259663581848145
831,2,2,1,0.21076560020446777,3.6344809532165527,0.11535394936800003,3.9486005306243896,0.1390206515789032,3.953981876373291,0.09032206237316132,3.96601939201355
832,2,2,1,0.21483378112316132,3.625863790512085,0.09439273923635483,3.921140193939209,0.14026625454425812,3.7771384716033936,0.09761638939380646,3.8346264362335205
833,2,2,1,0.21095244586467743,3.6408748626708984,0.10287787020206451,3.984792709350586,0.12648476660251617,3.847632646560669,0.08400430530309677,3.8275208473205566
834,2,2,1,0.21558363735675812,3.638547658920288,0.11843311041593552,3.9442152976989746,0.13813376426696777,3.8391284942626953,0.0871930792927742,3.831085681915283
835,2,2,1,0.2238943874835968,3.6339168548583984,0.1485421359539032,3.9059135913848877,0.14880619943141937,3.8876984119415283,0.08308753371238708,3.8973374366760254
836,2,2,1,0.21198630332946777,3.633988618850708,0.10894152522087097,3.9379372596740723,0.13892099261283875,3.8552470207214355,0.09596221148967743,3.8240914344787598
837,2,2,1,0.2195073366165161,3.62795090675354,0.12114357203245163,3.9175784587860107,0.15285195410251617,3.870004653930664,0.09795519709587097,3.8207528591156006
838,2,2,1,0.21852578222751617,3.6236348152160645,0.10162726789712906,3.9297935962677,0.1322644203901291,3.8034355640411377,0.08902662247419357,3.8200135231018066
839,2,2,1,0.22437021136283875,3.60720157623291,0.11181142181158066,3.812619686126709,0.1643514782190323,3.8044018745422363,0.11469626426696777,3.8203301429748535
840,2,2,1,0.22225017845630646,3.628350019454956,0.13933952152729034,3.884037733078003,0.16477997601032257,3.9170899391174316,0.10684390366077423,3.9524343013763428
841,2,2,1,0.2142433524131775,3.6390771865844727,0.12415795773267746,3.93270206451416,0.14102359116077423,3.8822782039642334,0.09520487487316132,3.8679087162017822
842,2,3,0,0.22293277084827423,3.6134297847747803,0.13048070669174194,3.8217122554779053,0.1714564710855484,3.833662748336792,0.11326131969690323,3.918001174926758
843,2,2,1,0.2130226492881775,3.62895131111145,0.09818936884403229,3.9144465923309326,0.14505939185619354,3.8707151412963867,0.10329639166593552,3.8626277446746826
844,2,2,1,0.22585996985435486,3.6028876304626465,0.10072046518325806,3.808162212371826,0.17747528851032257,3.7220101356506348,0.12498006969690323,3.7483654022216797
845,2,2,1,0.21270129084587097,3.627711296081543,0.1062360480427742,3.936309814453125,0.14008688926696777,3.905320882797241,0.09434789419174194,3.923532009124756
846,2,2,1,0.2247762829065323,3.6126325130462646,0.11117865145206451,3.8432822227478027,0.16766980290412903,3.8214666843414307,0.11712770909070969,3.862344741821289
847,2,2,1,0.21143324673175812,3.641019821166992,0.13623544573783875,3.928830146789551,0.16072425246238708,3.9639158248901367,0.10289780050516129,4.006585121154785
848,2,2,1,0.2123151421546936,3.630073308944702,0.09156768023967743,3.940091371536255,0.13865193724632263,3.791217565536499,0.09488599747419357,3.817265272140503
849,2,2,1,0.22264130413532257,3.6307373046875,0.13072484731674194,3.891489028930664,0.15797393023967743,3.911120891571045,0.09875238686800003,3.9568111896514893
850,2,2,1,0.2147216796875,3.6327226161956787,0.10815927386283875,3.9334347248077393,0.13826331496238708,3.8516035079956055,0.09145806729793549,3.8141207695007324
851,2,2,1,0.22054368257522583,3.6265361309051514,0.13006217777729034,3.9063363075256348,0.15815329551696777,3.920168876647949,0.09911112487316132,3.9845163822174072
852,2,2,1,0.21737731993198395,3.6187241077423096,0.09960439056158066,3.9029064178466797,0.1403459757566452,3.8502557277679443,0.09618143737316132,3.8622047901153564
853,2,2,1,0.21730507910251617,3.628410577774048,0.11762097477912903,3.9230313301086426,0.14516900479793549,3.918588638305664,0.09064093977212906,3.8773086071014404
854,2,2,1,0.21747449040412903,3.626248598098755,0.11299724876880646,3.907447338104248,0.1478894203901291,3.9281718730926514,0.0982142835855484,3.926948070526123
855,2,2,1,0.21522988379001617,3.627744674682617,0.0991908460855484,3.913853645324707,0.14599609375,3.853252410888672,0.1037946417927742,3.850806474685669
856,2,2,1,0.22107182443141937,3.630403518676758,0.12902583181858063,3.901181697845459,0.1617605984210968,3.8791966438293457,0.10241948068141937,3.887721300125122
857,2,2,1,0.21281588077545166,3.642134666442871,0.12865214049816132,3.9710700511932373,0.1335897594690323,3.991943836212158,0.07959980517625809,3.9611918926239014
858,2,2,1,0.21866779029369354,3.645012855529785,0.15588627755641937,3.940486431121826,0.16236846148967743,3.9750828742980957,0.09478635340929031,3.988856077194214
859,2,2,1,0.21465690433979034,3.628364086151123,0.10033182799816132,3.9345483779907227,0.13886120915412903,3.8322927951812744,0.09580276906490326,3.843353509902954
860,2,2,1,0.2311662882566452,3.596118211746216,0.10590222477912903,3.7697954177856445,0.18026545643806458,3.718076229095459,0.12199059128761292,3.7500407695770264
861,2,2,1,0.22003796696662903,3.6235947608947754,0.10409358888864517,3.9068543910980225,0.1464245766401291,3.8044779300689697,0.10026706010103226,3.8137547969818115
862,2,2,1,0.21036700904369354,3.642670154571533,0.10937001556158066,3.944375991821289,0.14416255056858063,3.941591262817383,0.09508530050516129,3.928107261657715
863,2,2,1,0.21195641160011292,3.6291298866271973,0.11289261281490326,3.928766965866089,0.1463548243045807,3.9093756675720215,0.0926339253783226,3.907487154006958
864,2,2,1,0.21717055141925812,3.616514205932617,0.096854068338871,3.9012808799743652,0.14490991830825806,3.865630626678467,0.10457190126180649,3.9033732414245605
865,2,2,1,0.21162009239196777,3.6383819580078125,0.10305225104093552,3.971425771713257,0.13179607689380646,3.829578161239624,0.08836893737316132,3.819124937057495
866,2,2,1,0.2089146226644516,3.6388742923736572,0.1090959832072258,3.9475245475769043,0.13880141079425812,3.8786704540252686,0.09564333409070969,3.871431589126587
867,2,2,1,0.22280572354793549,3.60341477394104,0.10316187143325806,3.8245835304260254,0.15892060101032257,3.7824177742004395,0.10899633169174194,3.811117172241211
868,2,2,1,0.22095473110675812,3.6148173809051514,0.10948959738016129,3.8521502017974854,0.15587133169174194,3.800537109375,0.11220503598451614,3.8351688385009766
869,2,2,1,0.21859055757522583,3.6253304481506348,0.10972875356674194,3.910956621170044,0.14228913187980652,3.891378879547119,0.09721779078245163,3.9182040691375732
870,2,2,1,0.21071328222751617,3.638859272003174,0.09827905893325806,3.9468188285827637,0.13514429330825806,3.8349063396453857,0.089285708963871,3.8522322177886963
871,2,2,1,0.2315673828125,3.594494104385376,0.1105608269572258,3.7822892665863037,0.16771961748600006,3.758303165435791,0.11975844949483871,3.7868196964263916
872,2,2,1,0.21364296972751617,3.625049591064453,0.101248599588871,3.932631254196167,0.1364397257566452,3.8227431774139404,0.09251435101032257,3.7882378101348877
873,2,2,1,0.21582777798175812,3.6283950805664062,0.09864277392625809,3.934791326522827,0.1332409828901291,3.8589484691619873,0.09175701439380646,3.87793231010437
874,2,2,1,0.22820670902729034,3.5970044136047363,0.10855288803577423,3.7630696296691895,0.17595064640045166,3.777935028076172,0.12683354318141937,3.8031113147735596
875,2,2,1,0.22096221148967743,3.628145694732666,0.14020149409770966,3.9070329666137695,0.16911470890045166,3.8804430961608887,0.10570790618658066,3.8932881355285645
876,2,2,1,0.2146095633506775,3.628734827041626,0.09938516467809677,3.9152252674102783,0.14003705978393555,3.8438055515289307,0.09815449267625809,3.9098477363586426
877,2,2,1,0.21339136362075806,3.6390721797943115,0.12433234602212906,3.963773250579834,0.14155173301696777,3.8951072692871094,0.0923549085855484,3.8944756984710693
878,2,2,1,0.21254682540893555,3.6329612731933594,0.1063406765460968,3.941620111465454,0.14198023080825806,3.908548593521118,0.09749680757522583,3.9431724548339844
879,2,2,1,0.20811991393566132,3.63508939743042,0.10353555530309677,3.960538864135742,0.1379842907190323,3.894056558609009,0.09237483888864517,3.936138153076172
880,2,2,1,0.22314950823783875,3.609708070755005,0.10615632683038712,3.8498544692993164,0.1503208726644516,3.8120648860931396,0.1061662957072258,3.822601795196533
881,2,2,1,0.22252918779850006,3.622849225997925,0.11550840735435486,3.8877625465393066,0.1520746946334839,3.858790397644043,0.09729751199483871,3.8770995140075684
882,2,2,1,0.21462701261043549,3.630831241607666,0.1274663209915161,3.9350740909576416,0.15431679785251617,3.942012071609497,0.09725765138864517,3.976229429244995
883,2,2,1,0.21285076439380646,3.6426382064819336,0.1181989386677742,3.954348087310791,0.14054527878761292,3.921440839767456,0.08980388939380646,3.935197591781616
884,2,2,1,0.22119140625,3.640075206756592,0.13811881840229034,3.9274556636810303,0.16746053099632263,3.9389467239379883,0.10112404078245163,3.9631454944610596
885,2,3,0,0.2184809446334839,3.6206955909729004,0.09961933642625809,3.8928678035736084,0.15512396395206451,3.799254894256592,0.11001275479793549,3.844202995300293
886,2,2,1,0.21653778851032257,3.6198112964630127,0.09962432086467743,3.9163291454315186,0.13708744943141937,3.848586082458496,0.09630101919174194,3.867342710494995
887,2,2,1,0.22959931194782257,3.5979297161102295,0.10357043147087097,3.762592077255249,0.18393255770206451,3.744717836380005,0.1291852593421936,3.795433521270752
888,2,2,1,0.21798767149448395,3.620008707046509,0.0992257222533226,3.9109716415405273,0.14298668503761292,3.837061882019043,0.09845343977212906,3.8370444774627686
889,2,2,1,0.21777094900608063,3.6329119205474854,0.13062520325183868,3.9319143295288086,0.1570272594690323,3.9252443313598633,0.09269371628761292,3.9430229663848877
890,2,2,1,0.2202845960855484,3.6153759956359863,0.10458187013864517,3.875941038131714,0.14443159103393555,3.844625473022461,0.09845343977212906,3.8463563919067383
891,2,2,1,0.20788325369358063,3.639575242996216,0.11362503468990326,3.966104030609131,0.13355986773967743,3.9352383613586426,0.08597736060619354,3.9017152786254883
892,2,2,1,0.215070441365242,3.6211674213409424,0.10247927159070969,3.9163262844085693,0.14011678099632263,3.8479483127593994,0.09566326439380646,3.814791679382324
893,2,2,1,0.21325184404850006,3.6386606693267822,0.10318677872419357,3.9715113639831543,0.1340680718421936,3.901218891143799,0.09215561300516129,3.8741350173950195
894,2,2,1,0.2246542125940323,3.608330249786377,0.10163723677396774,3.8176870346069336,0.15885084867477417,3.759488105773926,0.11270327866077423,3.802122116088867
895,2,2,1,0.21470673382282257,3.631269931793213,0.11030173301696777,3.950989246368408,0.14487005770206451,3.9268813133239746,0.09285315126180649,3.90126633644104
896,2,2,1,0.21284328401088715,3.6347951889038086,0.10248923301696777,3.952697992324829,0.1340581178665161,3.8899874687194824,0.08739237487316132,3.8202965259552
897,2,2,1,0.21622638404369354,3.63169527053833,0.1004464253783226,3.9342262744903564,0.1399972140789032,3.820343017578125,0.09552375227212906,3.7999165058135986
898,2,2,1,0.21793785691261292,3.6372969150543213,0.12992267310619354,3.9221506118774414,0.1533203125,3.9188222885131836,0.10064572840929031,3.941188097000122
899,2,2,1,0.21834641695022583,3.6181800365448,0.11130321025848389,3.856126070022583,0.15828284621238708,3.812389850616455,0.11290258169174194,3.8490731716156006
900,2,2,1,0.21281090378761292,3.6256203651428223,0.09792032092809677,3.900524139404297,0.14416255056858063,3.842261791229248,0.10383450239896774,3.8821496963500977
901,2,2,1,0.21431061625480652,3.636726140975952,0.11609634011983871,3.9362688064575195,0.1448202282190323,3.9090347290039062,0.09187659621238708,3.9112799167633057
902,2,2,1,0.2171730399131775,3.6215314865112305,0.10148776322603226,3.9125142097473145,0.1405552476644516,3.818362236022949,0.09522480517625809,3.7768940925598145
903,2,2,1,0.2117396742105484,3.6405041217803955,0.13213986158370972,3.9385015964508057,0.15494459867477417,3.9036593437194824,0.09293287247419357,3.888483762741089
904,2,2,1,0.22847576439380646,3.6038687229156494,0.10424306243658066,3.820906162261963,0.16540776193141937,3.694258689880371,0.119559146463871,3.745790958404541
905,2,2,1,0.21568329632282257,3.622405529022217,0.10066565126180649,3.944664478302002,0.13629025220870972,3.8316152095794678,0.09355069696903229,3.8824031352996826
906,2,2,1,0.22286301851272583,3.6205859184265137,0.13696786761283875,3.9124045372009277,0.16495934128761292,3.926664352416992,0.09992825239896774,3.9780614376068115
907,2,2,1,0.21829907596111298,3.64021372795105,0.1392647922039032,3.945547580718994,0.1605847328901291,3.959230422973633,0.1025390625,4.002721309661865
908,2,2,1,0.21428072452545166,3.6268398761749268,0.10085000842809677,3.9279680252075195,0.1336495578289032,3.8503577709198,0.0930524542927742,3.8963375091552734
909,2,2,1,0.21142078936100006,3.6351425647735596,0.0980050191283226,3.9479410648345947,0.13564252853393555,3.864678144454956,0.09504543989896774,3.8966240882873535
910,2,2,1,0.20850107073783875,3.645601749420166,0.10705815255641937,3.9631404876708984,0.12964364886283875,3.8728671073913574,0.08420360088348389,3.850177526473999
911,2,2,1,0.22114905714988708,3.609523296356201,0.10422811657190323,3.81380558013916,0.16275709867477417,3.8222005367279053,0.1157924085855484,3.851118803024292
912,2,2,1,0.21133360266685486,3.6346147060394287,0.10182158648967743,3.9421608448028564,0.1358119398355484,3.86631441116333,0.09506537020206451,3.8997902870178223
913,2,2,1,0.21306999027729034,3.644829750061035,0.13233418762683868,3.9478538036346436,0.1524832546710968,3.955561399459839,0.095145083963871,3.9201927185058594
914,2,2,1,0.22236725687980652,3.6121106147766113,0.1063058003783226,3.8728909492492676,0.15036073327064514,3.8268938064575195,0.10333625227212906,3.8651881217956543
915,2,2,1,0.21746203303337097,3.622756004333496,0.10123863816261292,3.909099817276001,0.1403559446334839,3.8464324474334717,0.09594228118658066,3.891981601715088
916,2,2,1,0.21708087623119354,3.6272809505462646,0.1029924675822258,3.9128246307373047,0.1384028196334839,3.8598170280456543,0.09506537020206451,3.900209665298462
917,2,2,1,0.2130650132894516,3.6387298107147217,0.11691844463348389,3.9704253673553467,0.14581672847270966,3.918881893157959,0.0938895046710968,3.9384419918060303
918,2,2,1,0.2173299938440323,3.620922088623047,0.10011758655309677,3.894247055053711,0.14549784362316132,3.8311760425567627,0.10204081237316132,3.8277344703674316
919,2,2,1,0.21439781785011292,3.6276943683624268,0.10489077866077423,3.9477484226226807,0.1339285671710968,3.874776840209961,0.09072066098451614,3.872803211212158
920,2,2,1,0.21493592858314514,3.6216256618499756,0.09942502528429031,3.9148082733154297,0.1371472328901291,3.8783695697784424,0.09490592777729034,3.895632028579712
921,2,2,1,0.21066096425056458,3.6459596157073975,0.11158721148967743,3.9924540519714355,0.1271524280309677,3.864420175552368,0.07989875227212906,3.8161635398864746
922,2,2,1,0.21392697095870972,3.629786252975464,0.09756158292293549,3.9461212158203125,0.1350446343421936,3.8348584175109863,0.09289301186800003,3.821712017059326
923,2,2,1,0.21772360801696777,3.634422540664673,0.13762056827545166,3.9103219509124756,0.158551886677742,3.8503551483154297,0.09679926186800003,3.8982911109924316
924,2,2,1,0.2147739976644516,3.6306662559509277,0.11506994813680649,3.9343581199645996,0.14877630770206451,3.8847286701202393,0.09642060101032257,3.8759818077087402
925,2,2,1,0.21301767230033875,3.6309192180633545,0.10178671032190323,3.9488472938537598,0.1311284303665161,3.886009693145752,0.08647560328245163,3.8985941410064697
926,2,2,1,0.22161242365837097,3.6270670890808105,0.11717753112316132,3.8967599868774414,0.14972297847270966,3.8825290203094482,0.09777582436800003,3.895230293273926
927,2,2,1,0.20902173221111298,3.6425514221191406,0.10845324397087097,3.9703221321105957,0.1433354616165161,3.9144883155822754,0.0959821417927742,3.879568099975586
928,2,2,1,0.2118094265460968,3.629413604736328,0.09644550830125809,3.9433796405792236,0.13277263939380646,3.8633294105529785,0.09418845176696777,3.8948371410369873
929,2,2,1,0.22909857332706451,3.5977141857147217,0.10423807799816132,3.770087480545044,0.18043486773967743,3.723918914794922,0.12655451893806458,3.797795295715332
930,2,2,1,0.21759656071662903,3.624878406524658,0.11517956852912903,3.8820347785949707,0.15149672329425812,3.873972177505493,0.10241948068141937,3.893558979034424
931,2,2,1,0.2263806313276291,3.6290786266326904,0.15047532320022583,3.895268440246582,0.18218868970870972,3.890608787536621,0.10780054330825806,3.9469401836395264
932,2,2,1,0.21749939024448395,3.6283302307128906,0.12107879668474197,3.9137072563171387,0.15717673301696777,3.9439549446105957,0.09897162020206451,3.950463056564331
933,2,2,1,0.2203020304441452,3.6237518787384033,0.12372449040412903,3.9267075061798096,0.15283203125,3.8590338230133057,0.09976880997419357,3.871154546737671
934,2,2,1,0.21058623492717743,3.6363227367401123,0.11197584122419357,3.9572839736938477,0.14531847834587097,3.8931632041931152,0.09454718977212906,3.8724703788757324
935,2,2,1,0.22513751685619354,3.5987915992736816,0.10574278235435486,3.776327610015869,0.1649792641401291,3.760268211364746,0.1178850457072258,3.80033802986145
936,2,2,1,0.22116400301456451,3.6244184970855713,0.13193558156490326,3.9034743309020996,0.16564692556858063,3.884918451309204,0.10335618257522583,3.9365599155426025
937,2,2,1,0.21213826537132263,3.635941982269287,0.10711794346570969,3.9505093097686768,0.13856226205825806,3.9007551670074463,0.09091995656490326,3.920210361480713
938,2,2,1,0.22868502140045166,3.600984811782837,0.1050502210855484,3.794868230819702,0.16749043762683868,3.767313241958618,0.11637037247419357,3.802363395690918
939,2,2,1,0.2115652859210968,3.6409378051757812,0.10196607559919357,3.9940874576568604,0.1279296875,3.8698394298553467,0.0855189710855484,3.7998135089874268
940,2,2,1,0.21114924550056458,3.640749454498291,0.10118881613016129,3.9615440368652344,0.1321249157190323,3.9065539836883545,0.09245456010103226,3.8999783992767334
941,2,2,1,0.2170584499835968,3.6277129650115967,0.09814453125,3.940704584121704,0.1332310289144516,3.846447229385376,0.09261399507522583,3.8736820220947266
942,2,2,1,0.22581762075424194,3.611175537109375,0.11367984116077423,3.8112289905548096,0.16464045643806458,3.7747247219085693,0.11210538446903229,3.8287999629974365
943,2,2,1,0.21424585580825806,3.6413488388061523,0.11336594820022583,3.9551267623901367,0.13444674015045166,3.8934924602508545,0.0869140625,3.8903920650482178
944,2,2,1,0.21427075564861298,3.6252760887145996,0.09777084738016129,3.9047036170959473,0.14863678812980652,3.876173257827759,0.10670439898967743,3.8726186752319336
945,2,2,1,0.2148362696170807,3.6328606605529785,0.11233457922935486,3.9374167919158936,0.13102877140045166,3.8997642993927,0.08878746628761292,3.964085340499878
946,2,2,1,0.21594735980033875,3.627228021621704,0.10209561884403229,3.941730499267578,0.1307995766401291,3.837040901184082,0.09269371628761292,3.870565414428711
947,2,2,1,0.22419333457946777,3.6314713954925537,0.14270268380641937,3.871896982192993,0.17533282935619354,3.8934357166290283,0.10843829810619354,3.978496551513672
948,2,3,0,0.21800512075424194,3.617924928665161,0.09731245785951614,3.887819290161133,0.14546795189380646,3.819084882736206,0.09396922588348389,3.8332979679107666
949,2,2,1,0.2095174938440323,3.6394853591918945,0.10300242900848389,3.9902288913726807,0.13230428099632263,3.8718082904815674,0.08854831010103226,3.862030267715454
950,2,2,1,0.20621910691261292,3.6380319595336914,0.1004115492105484,3.976529598236084,0.13208505511283875,3.8873631954193115,0.09006297588348389,3.8225271701812744
951,2,2,1,0.21652282774448395,3.6402649879455566,0.13687320053577423,3.9271230697631836,0.14388352632522583,3.918138265609741,0.08645567297935486,3.893038272857666
952,2,2,1,0.22986586391925812,3.602048397064209,0.10789520293474197,3.793996810913086,0.16938376426696777,3.7713260650634766,0.12603634595870972,3.8276407718658447
953,2,2,1,0.21262654662132263,3.6289865970611572,0.09956951439380646,3.920286178588867,0.13808393478393555,3.890380382537842,0.09628108888864517,3.8991928100585938
954,2,2,1,0.21250946819782257,3.6280553340911865,0.10912089049816132,3.921967029571533,0.14086414873600006,3.91652512550354,0.09227518737316132,3.909935235977173
955,2,2,1,0.2168217897415161,3.624537467956543,0.11749640852212906,3.8850393295288086,0.15720662474632263,3.842799186706543,0.10758130997419357,3.862912178039551
956,2,2,1,0.21188166737556458,3.6328203678131104,0.1033063605427742,3.956110715866089,0.14024633169174194,3.887310028076172,0.091796875,3.9331307411193848
957,2,2,1,0.21334651112556458,3.6353063583374023,0.10287288576364517,3.9491450786590576,0.13534358143806458,3.888749837875366,0.09167729318141937,3.8989131450653076
958,2,2,1,0.21680185198783875,3.6284213066101074,0.10074537247419357,3.916419267654419,0.1419602930545807,3.854696035385132,0.09727758169174194,3.8547427654266357
959,2,2,1,0.21662497520446777,3.6324880123138428,0.13779495656490326,3.904252290725708,0.15868143737316132,3.8947501182556152,0.10056600719690323,3.9375743865966797
960,2,2,1,0.2151053249835968,3.6296021938323975,0.10122866928577423,3.922675609588623,0.14016661047935486,3.83186411857605,0.09707828611135483,3.845000982284546
961,2,2,1,0.2176762819290161,3.6219255924224854,0.10896145552396774,3.904705286026001,0.14737124741077423,3.843261957168579,0.09715799987316132,3.862359046936035
962,2,2,1,0.20967942476272583,3.634702444076538,0.09761140495538712,3.952223062515259,0.13192561268806458,3.8919858932495117,0.08707349747419357,3.855802297592163
963,2,2,1,0.21554377675056458,3.6283562183380127,0.10338109731674194,3.9395151138305664,0.1364297717809677,3.8147687911987305,0.09243462979793549,3.82147479057312
964,2,2,1,0.20987124741077423,3.647571325302124,0.12456652522087097,3.948122024536133,0.15208466351032257,3.9417507648468018,0.09845343977212906,3.922064781188965
965,2,2,1,0.21034955978393555,3.638317823410034,0.09773596376180649,3.9679853916168213,0.12735171616077423,3.8568074703216553,0.08549904078245163,3.8589744567871094
966,2,2,1,0.21221549808979034,3.6386921405792236,0.11221998184919357,3.961195230484009,0.1351243555545807,3.8795721530914307,0.08814971148967743,3.8745195865631104
967,2,2,1,0.22993811964988708,3.593061685562134,0.10922552645206451,3.754812479019165,0.1780034303665161,3.765045166015625,0.12316644936800003,3.8271844387054443
968,2,2,1,0.20652802288532257,3.644158124923706,0.10711295902729034,3.993208646774292,0.12448181957006454,3.8954529762268066,0.08310745656490326,3.8872902393341064
969,2,2,1,0.21349598467350006,3.6218743324279785,0.09930544346570969,3.9116451740264893,0.14424225687980652,3.8670120239257812,0.0983537957072258,3.8648428916931152
970,2,2,1,0.21579290926456451,3.638505697250366,0.1282186657190323,3.9421000480651855,0.14749082922935486,3.939531087875366,0.0943080335855484,3.9932374954223633
971,2,2,1,0.21474908292293549,3.6333959102630615,0.10235968977212906,3.9536118507385254,0.13525390625,3.8194944858551025,0.09295280277729034,3.792881727218628
972,2,2,1,0.22432038187980652,3.6124560832977295,0.11650988459587097,3.867302417755127,0.15665856003761292,3.827364683151245,0.10399393737316132,3.83978533744812
973,2,2,1,0.21063107252120972,3.635927200317383,0.09338129311800003,3.9538469314575195,0.12473094463348389,3.7870895862579346,0.08589763939380646,3.767517328262329
974,2,2,1,0.21271374821662903,3.6389880180358887,0.10198600590229034,3.965362310409546,0.1349848508834839,3.8444559574127197,0.09227518737316132,3.833693265914917
975,2,2,1,0.2239118218421936,3.613473415374756,0.11037646979093552,3.85288667678833,0.1630161851644516,3.8388655185699463,0.11567282676696777,3.8487250804901123
976,2,2,1,0.21172472834587097,3.6367604732513428,0.11012735217809677,3.9367053508758545,0.14395327866077423,3.854630947113037,0.097098208963871,3.834359645843506
977,2,2,1,0.21428072452545166,3.6253981590270996,0.1141531765460968,3.9025795459747314,0.15361925959587097,3.857161283493042,0.10813934355974197,3.835974931716919
978,2,2,1,0.215802863240242,3.6179046630859375,0.09606186300516129,3.8983922004699707,0.14288704097270966,3.82230281829834,0.10182158648967743,3.8371500968933105
979,2,2,1,0.2165004163980484,3.622162103652954,0.10023218393325806,3.895063877105713,0.14596620202064514,3.863121271133423,0.10271842777729034,3.9128832817077637
980,2,2,1,0.21291802823543549,3.637380599975586,0.1104213148355484,3.944544792175293,0.14156170189380646,3.912572145462036,0.09231504797935486,3.9265975952148438
981,2,2,1,0.2160295695066452,3.621500015258789,0.09947484731674194,3.8982720375061035,0.1394391655921936,3.8087615966796875,0.09767618030309677,3.855947732925415
982,2,2,1,0.21134357154369354,3.6454293727874756,0.10698341578245163,3.9911513328552246,0.13179607689380646,3.8685922622680664,0.07884247601032257,3.797522783279419
983,2,2,1,0.21787308156490326,3.620323419570923,0.09944494813680649,3.880053997039795,0.14791932702064514,3.851724624633789,0.1063058003783226,3.866704225540161
984,2,2,1,0.22205336391925812,3.6138510704040527,0.10771583765745163,3.839585542678833,0.15902024507522583,3.809750556945801,0.11100924760103226,3.8466787338256836
985,2,2,1,0.21558363735675812,3.6357975006103516,0.11035653948783875,3.9288456439971924,0.14401307702064514,3.8980071544647217,0.0945870503783226,3.896333694458008
986,2,2,1,0.23335608839988708,3.589008331298828,0.10928530991077423,3.7230327129364014,0.18270686268806458,3.7264792919158936,0.12914539873600006,3.779012441635132
987,2,2,1,0.21819445490837097,3.6341724395751953,0.13789959251880646,3.9214510917663574,0.1654575914144516,3.9254395961761475,0.104910708963871,3.9834725856781006
988,2,1,0,0.2149409055709839,3.6450352668762207,0.15011659264564514,3.948023557662964,0.16065450012683868,3.996650457382202,0.09789540618658066,4.0592427253723145
989,2,2,1,0.21505051851272583,3.6236228942871094,0.10586734116077423,3.9153332710266113,0.14192043244838715,3.8736133575439453,0.09658003598451614,3.892488718032837
990,2,2,1,0.22421325743198395,3.6085264682769775,0.1044573113322258,3.813451051712036,0.16397280991077423,3.763354539871216,0.1178850457072258,3.818596839904785
991,2,2,1,0.20694155991077423,3.633878231048584,0.10963907092809677,3.951056480407715,0.14254823327064514,3.9080042839050293,0.09129862487316132,3.9273085594177246
992,2,2,1,0.21404655277729034,3.6292247772216797,0.09867267310619354,3.919511318206787,0.13994738459587097,3.842210292816162,0.09632094949483871,3.854541778564453
993,2,2,1,0.2213234305381775,3.610123634338379,0.10145288705825806,3.844170570373535,0.15671834349632263,3.7714757919311523,0.108816958963871,3.806593418121338
994,2,2,1,0.21215571463108063,3.6341986656188965,0.10234474390745163,3.957256317138672,0.1301020383834839,3.8417584896087646,0.08779097348451614,3.8335981369018555
995,2,2,1,0.21576550602912903,3.6261632442474365,0.10664959251880646,3.9156739711761475,0.14336535334587097,3.8269271850585938,0.09624122828245163,3.836405038833618
996,2,2,1,0.21326929330825806,3.632277250289917,0.10493562370538712,3.9565072059631348,0.14063496887683868,3.9088783264160156,0.09616150707006454,3.9054923057556152
997,2,2,1,0.22541403770446777,3.6198291778564453,0.12065030634403229,3.8913071155548096,0.1540876030921936,3.883787155151367,0.09990832209587097,3.9150209426879883
998,2,2,1,0.2175542116165161,3.6394855976104736,0.1274663209915161,3.9474260807037354,0.15100844204425812,3.8952090740203857,0.09062100946903229,3.855729103088379
999,2,2,1,0.21609185636043549,3.640861988067627,0.1359514445066452,3.9440739154815674,0.15453602373600006,3.9104979038238525,0.09084024280309677,3.9572181701660156
1000,2,2,1,0.2091761976480484,3.631120204925537,0.10248425602912903,3.9525985717773438,0.1399274468421936,3.897735357284546,0.09398915618658066,3.8532655239105225
1001,2,2,1,0.21909627318382263,3.6325058937072754,0.11198082566261292,3.9149723052978516,0.14540815353393555,3.8741776943206787,0.09494578838348389,3.8971452713012695
1002,2,2,1,0.21269629895687103,3.6348941326141357,0.09666971862316132,3.9482011795043945,0.13126793503761292,3.88332200050354,0.09163743257522583,3.9040887355804443
1003,2,2,1,0.21374760568141937,3.6350698471069336,0.10451709479093552,3.9761643409729004,0.1247209832072258,3.8190317153930664,0.080078125,3.814584255218506
1004,2,2,1,0.20528987050056458,3.640737771987915,0.09380979090929031,3.9862968921661377,0.12249880284070969,3.829740524291992,0.0806361585855484,3.8027682304382324
1005,2,2,1,0.2171381711959839,3.62069034576416,0.10053610801696777,3.9048964977264404,0.14487005770206451,3.884784698486328,0.1017020046710968,3.897315263748169
1006,2,2,1,0.21925073862075806,3.6304354667663574,0.1279047727584839,3.924973726272583,0.1494140625,3.9168334007263184,0.09701849520206451,3.9180362224578857
1007,2,2,1,0.21307995915412903,3.628980875015259,0.09539420902729034,3.905306577682495,0.14358457922935486,3.859046459197998,0.10546875,3.8762283325195312
1008,2,2,1,0.21349848806858063,3.644258975982666,0.1283581703901291,3.955321788787842,0.15364915132522583,3.915299415588379,0.09418845176696777,4.0192551612854
1009,2,2,1,0.22232241928577423,3.6293561458587646,0.12977319955825806,3.8834753036499023,0.15320073068141937,3.8644464015960693,0.10182158648967743,3.9083969593048096
1010,2,2,1,0.21895179152488708,3.618973970413208,0.10263870656490326,3.8829126358032227,0.14940409362316132,3.835923433303833,0.10375478118658066,3.858048439025879
1011,2,2,1,0.21369031071662903,3.63287353515625,0.10168705880641937,3.9391934871673584,0.1276407092809677,3.8145835399627686,0.08890704810619354,3.846895217895508
1012,2,2,1,0.23416323959827423,3.5887973308563232,0.10830874741077423,3.730057954788208,0.18273676931858063,3.7098374366760254,0.12940450012683868,3.7546589374542236
1013,2,2,1,0.21798767149448395,3.6153688430786133,0.09726263582706451,3.860867738723755,0.14679329097270966,3.7446200847625732,0.10636559128761292,3.7820873260498047
1014,2,2,1,0.2158900648355484,3.622074842453003,0.10370495915412903,3.9082348346710205,0.14256815612316132,3.895226001739502,0.09839364886283875,3.9404497146606445
1015,2,2,1,0.224853515625,3.6258060932159424,0.13583685457706451,3.8585996627807617,0.1535893678665161,3.8665411472320557,0.09580276906490326,3.942791700363159
1016,2,2,1,0.21682925522327423,3.6308467388153076,0.11927515268325806,3.9263126850128174,0.14877630770206451,3.922571897506714,0.09773596376180649,3.9543230533599854
1017,2,2,1,0.2217668741941452,3.636953830718994,0.12710259854793549,3.9034104347229004,0.14858697354793549,3.881295680999756,0.09020248800516129,3.885108232498169
1018,2,2,1,0.22523218393325806,3.615673065185547,0.1378796547651291,3.8712825775146484,0.17049983143806458,3.909935712814331,0.11069037020206451,3.9488656520843506
1019,2,2,1,0.21062110364437103,3.6307411193847656,0.11270327866077423,3.9312996864318848,0.14643454551696777,3.9165701866149902,0.09691884368658066,3.9068477153778076
1020,2,2,1,0.21659508347511292,3.620187997817993,0.10094965249300003,3.888702392578125,0.1429368555545807,3.803959846496582,0.09279336780309677,3.8084192276000977
1021,2,2,1,0.21117915213108063,3.639089822769165,0.10263372957706451,3.9632019996643066,0.1360909640789032,3.8877499103546143,0.09456712007522583,3.8998947143554688
1022,2,2,1,0.2098139524459839,3.6419894695281982,0.10511499643325806,3.9728870391845703,0.13627032935619354,3.935429573059082,0.09301259368658066,3.953503370285034
1023,2,2,1,0.2113659828901291,3.6387133598327637,0.09865771979093552,3.9725770950317383,0.1326131969690323,3.8956267833709717,0.09060107916593552,3.844698667526245
1024,2,2,1,0.21318957209587097,3.6277694702148438,0.09483617544174194,3.9214563369750977,0.13305164873600006,3.833508014678955,0.09028220176696777,3.8576159477233887
1025,2,2,1,0.22366519272327423,3.624051809310913,0.13028140366077423,3.874713182449341,0.16690249741077423,3.8752760887145996,0.10028699040412903,3.925079584121704
1026,2,2,1,0.22031448781490326,3.609039306640625,0.09890186041593552,3.802922010421753,0.17115752398967743,3.8025734424591064,0.12629543244838715,3.8459839820861816
1027,2,2,1,0.21292798221111298,3.6289501190185547,0.1089913472533226,3.953462839126587,0.1405552476644516,3.8872740268707275,0.0905412957072258,3.849879026412964
1028,2,2,1,0.21225784718990326,3.6362762451171875,0.0979352667927742,3.9533984661102295,0.1349051296710968,3.8996896743774414,0.0934709832072258,3.8842217922210693
1029,2,2,1,0.2114880532026291,3.635929822921753,0.10282804071903229,3.9506735801696777,0.13338050246238708,3.8817331790924072,0.09169722348451614,3.893066644668579
1030,2,2,1,0.22237224876880646,3.6298985481262207,0.1498325914144516,3.8805201053619385,0.16766980290412903,3.9213716983795166,0.10062579810619354,3.9166171550750732
1031,2,2,1,0.21757662296295166,3.6073944568634033,0.10847317427396774,3.8485140800476074,0.16081392765045166,3.7783491611480713,0.11525430530309677,3.819124937057495
1032,2,2,1,0.215680792927742,3.632981538772583,0.10132333636283875,3.9379425048828125,0.13739636540412903,3.846315622329712,0.09422831237316132,3.8506767749786377
1033,2,2,1,0.21048907935619354,3.6414570808410645,0.11063556373119354,3.9566314220428467,0.1388811320066452,3.9380784034729004,0.09588249027729034,3.9819164276123047
1034,2,2,1,0.21351592242717743,3.6279184818267822,0.10010263323783875,3.9390273094177246,0.14019650220870972,3.8832895755767822,0.09373006969690323,3.87837553024292
1035,2,2,1,0.21559858322143555,3.6186749935150146,0.098563052713871,3.8976848125457764,0.14063496887683868,3.8721745014190674,0.09711813926696777,3.894726037979126
1036,2,2,1,0.2145124077796936,3.63637113571167,0.12022680044174194,3.9177372455596924,0.14884606003761292,3.881502389907837,0.09646045416593552,3.8962810039520264
1037,2,2,1,0.21488361060619354,3.6322691440582275,0.10171695053577423,3.9324026107788086,0.138671875,3.82997989654541,0.09604193270206451,3.8103342056274414
1038,2,2,1,0.2142433524131775,3.625507354736328,0.09637077152729034,3.9270498752593994,0.1331014782190323,3.826457977294922,0.09265385568141937,3.8621208667755127
1039,2,2,1,0.21291802823543549,3.631284475326538,0.10161730647087097,3.9548418521881104,0.13150709867477417,3.884216070175171,0.08854831010103226,3.8534774780273438
1040,2,2,1,0.219098761677742,3.625483274459839,0.10413344949483871,3.919569492340088,0.1354631632566452,3.837207555770874,0.09265385568141937,3.8477091789245605
1041,2,2,1,0.21381238102912903,3.631533622741699,0.10901626199483871,3.9335923194885254,0.13983777165412903,3.9262452125549316,0.09428810328245163,3.9160854816436768
1042,2,2,1,0.21833893656730652,3.632497787475586,0.13766542077064514,3.9056098461151123,0.16049505770206451,3.9099714756011963,0.103934146463871,3.9861936569213867
1043,2,2,1,0.21035952866077423,3.640549421310425,0.10762117058038712,3.9776389598846436,0.12887635827064514,3.852238416671753,0.08543924987316132,3.8322837352752686
1044,2,2,1,0.22437769174575806,3.612466335296631,0.11074019223451614,3.875821113586426,0.14892578125,3.8453662395477295,0.10144291818141937,3.898428201675415
1045,2,2,1,0.2244001030921936,3.6098294258117676,0.10659478604793549,3.8394877910614014,0.15755540132522583,3.8288533687591553,0.11033163219690323,3.8137643337249756
1046,2,1,0,0.22603186964988708,3.631713628768921,0.16634944081306458,3.873872995376587,0.19848133623600006,3.948589324951172,0.11896125227212906,4.008376598358154
1047,2,2,1,0.21333904564380646,3.6355388164520264,0.10402881354093552,3.939221143722534,0.13955874741077423,3.8890395164489746,0.09817442297935486,3.870483160018921
1048,2,2,1,0.2151053249835968,3.629868507385254,0.10486587136983871,3.938708543777466,0.13418765366077423,3.881330728530884,0.08892697840929031,3.813312530517578
1049,2,2,1,0.21558363735675812,3.6447532176971436,0.12130799144506454,3.9422104358673096,0.14881616830825806,3.892861843109131,0.0943080335855484,3.9199070930480957
1050,2,2,1,0.2148362696170807,3.6264595985412598,0.09943000227212906,3.935407876968384,0.13478554785251617,3.893538475036621,0.09335140138864517,3.9165244102478027
1051,2,2,1,0.22163733839988708,3.614935874938965,0.10232481360435486,3.87817120552063,0.1496332883834839,3.83870530128479,0.10383450239896774,3.8466410636901855
1052,2,2,1,0.21552883088588715,3.634329319000244,0.10219527035951614,3.945492744445801,0.13191565871238708,3.7771565914154053,0.08968430757522583,3.73288893699646
1053,2,2,1,0.20951500535011292,3.632560968399048,0.092041015625,3.9563686847686768,0.12936463952064514,3.8098905086517334,0.09066087007522583,3.793361186981201
1054,2,2,1,0.2242182493209839,3.5919580459594727,0.11071527749300003,3.7737724781036377,0.1721440553665161,3.770188093185425,0.11557318270206451,3.824625015258789
1055,2,2,1,0.21714065968990326,3.6299993991851807,0.09971898794174194,3.9427900314331055,0.13265305757522583,3.840144157409668,0.08944515138864517,3.8130569458007812
1056,2,2,1,0.21590998768806458,3.6312365531921387,0.10120376199483871,3.9283182621002197,0.14043566584587097,3.87007737159729,0.0982142835855484,3.913555145263672
1057,2,2,1,0.21754921972751617,3.6396377086639404,0.13842274248600006,3.9138290882110596,0.16163106262683868,3.9138100147247314,0.10056600719690323,3.9153785705566406
1058,2,2,1,0.22246940433979034,3.6310343742370605,0.14416752755641937,3.9187488555908203,0.16935387253761292,3.927861213684082,0.1008649542927742,3.980241060256958
1059,2,2,1,0.21250198781490326,3.629660129547119,0.12345045059919357,3.9596400260925293,0.14750079810619354,3.929806709289551,0.09273357689380646,3.9353106021881104
1060,2,2,1,0.21028977632522583,3.635348081588745,0.09928052872419357,3.947054147720337,0.13530372083187103,3.8563852310180664,0.095703125,3.865889310836792
1061,2,2,1,0.21539679169654846,3.6289236545562744,0.1231515035033226,3.8849780559539795,0.15162627398967743,3.8943216800689697,0.10291773080825806,3.8967854976654053
1062,2,2,1,0.22369757294654846,3.6028130054473877,0.10255400836467743,3.8049848079681396,0.16599568724632263,3.777404308319092,0.12009725719690323,3.825423240661621
1063,2,2,1,0.20924843847751617,3.6507132053375244,0.109061099588871,3.9700305461883545,0.12707270681858063,3.8615903854370117,0.08340641111135483,3.853285551071167
1064,2,2,1,0.2223348766565323,3.6213316917419434,0.13280750811100006,3.883436441421509,0.17276187241077423,3.8881583213806152,0.10953443497419357,3.8804585933685303
1065,2,2,1,0.21289311349391937,3.6297435760498047,0.10394909977912903,3.947706460952759,0.1370675265789032,3.8753180503845215,0.09464684128761292,3.899768352508545
1066,2,3,0,0.2109125852584839,3.633436441421509,0.0944475457072258,3.9449777603149414,0.13666892051696777,3.8128325939178467,0.09699856489896774,3.829052686691284
1067,2,2,1,0.21540427207946777,3.628913402557373,0.10758629441261292,3.925994634628296,0.14601601660251617,3.871084451675415,0.09992825239896774,3.8476266860961914
1068,2,2,1,0.21949736773967743,3.6217710971832275,0.10296755284070969,3.8904964923858643,0.1490652859210968,3.8491878509521484,0.10333625227212906,3.8460946083068848
1069,2,2,1,0.22295768558979034,3.634490489959717,0.14689293503761292,3.8846075534820557,0.16920439898967743,3.9230270385742188,0.10190130770206451,3.9536476135253906
1070,3,3,1,0.2173374742269516,3.6083035469055176,0.09766621142625809,3.854402542114258,0.1677495241165161,3.853510856628418,0.11142776906490326,3.8967983722686768
1071,3,3,1,0.21562598645687103,3.614367961883545,0.09668964892625809,3.8771514892578125,0.16236846148967743,3.8711183071136475,0.10835857689380646,3.939304828643799
1072,3,3,1,0.21456223726272583,3.6214892864227295,0.122488833963871,3.8756508827209473,0.1590501368045807,3.8528287410736084,0.10048628598451614,3.9049980640411377
1073,3,3,1,0.21965181827545166,3.618384838104248,0.10423310101032257,3.9013383388519287,0.13868184387683868,3.8618955612182617,0.09478635340929031,3.888561725616455
1074,3,3,1,0.22243203222751617,3.610297203063965,0.09962432086467743,3.8192548751831055,0.17677773535251617,3.7580044269561768,0.11979831010103226,3.7609381675720215
1075,3,3,1,0.22183164954185486,3.604188919067383,0.1004464253783226,3.7906746864318848,0.16943359375,3.7619242668151855,0.11937978118658066,3.8205342292785645
1076,3,3,1,0.2139817774295807,3.61820387840271,0.09454221278429031,3.884901285171509,0.15041054785251617,3.7713661193847656,0.10542888939380646,3.816067934036255
1077,3,3,1,0.21883220970630646,3.6085312366485596,0.09941007196903229,3.833500385284424,0.16729113459587097,3.8272576332092285,0.1099330335855484,3.8765408992767334
1078,3,3,1,0.2064208984375,3.6394357681274414,0.09023736417293549,3.964993715286255,0.12623564898967743,3.7983107566833496,0.08378507196903229,3.7764034271240234
1079,3,3,1,0.23508001863956451,3.5876243114471436,0.10964404791593552,3.706489086151123,0.20763911306858063,3.7703123092651367,0.14064492285251617,3.801048517227173
1080,3,3,1,0.2314203977584839,3.593203067779541,0.1050850972533226,3.733156204223633,0.19539222121238708,3.7591288089752197,0.13620057702064514,3.766754388809204
1081,3,3,1,0.22070063650608063,3.6238555908203125,0.09736726433038712,3.9077882766723633,0.15006178617477417,3.7900922298431396,0.098074771463871,3.8169071674346924
1082,3,3,1,0.23495794832706451,3.585618257522583,0.10748166590929031,3.685518264770508,0.206403449177742,3.74436354637146,0.14273756742477417,3.7689192295074463
1083,3,3,1,0.21076808869838715,3.6299819946289062,0.09354571998119354,3.923781633377075,0.13962849974632263,3.79017972946167,0.08767139166593552,3.7835872173309326
1084,3,3,1,0.20616678893566132,3.6355836391448975,0.089773990213871,3.9562103748321533,0.1330317258834839,3.8522846698760986,0.09851323068141937,3.8869106769561768
1085,3,3,1,0.21397680044174194,3.6137125492095947,0.0952497199177742,3.874823570251465,0.15821309387683868,3.808527946472168,0.10650510340929031,3.8312125205993652
1086,3,3,1,0.2064208984375,3.6394357681274414,0.09023736417293549,3.964993715286255,0.12623564898967743,3.7983107566833496,0.08378507196903229,3.7764034271240234
1087,3,3,1,0.22090491652488708,3.6130614280700684,0.09983856976032257,3.838955879211426,0.16290657222270966,3.7805235385894775,0.11039142310619354,3.8353493213653564
1088,3,3,1,0.2106584757566452,3.6298840045928955,0.1005510613322258,3.940835475921631,0.1482381969690323,3.909249782562256,0.09769611060619354,3.9583842754364014
1089,3,3,1,0.23171685636043549,3.5914227962493896,0.11204061657190323,3.7254414558410645,0.19576092064380646,3.7656400203704834,0.12886638939380646,3.82647705078125
1090,3,3,1,0.23075024783611298,3.5857598781585693,0.10606664419174194,3.7118563652038574,0.2018694132566452,3.777371883392334,0.13940927386283875,3.8756253719329834
1091,3,3,1,0.22110669314861298,3.609313488006592,0.10019232332706451,3.8352479934692383,0.16523835062980652,3.819925308227539,0.10614636540412903,3.8937289714813232
1092,3,3,1,0.21694634854793549,3.6109962463378906,0.09736227989196777,3.841717481613159,0.17093829810619354,3.8057596683502197,0.12083465605974197,3.8586509227752686
1093,3,3,1,0.21520747244358063,3.626802921295166,0.09404894709587097,3.9247193336486816,0.1409040093421936,3.804313898086548,0.09345105290412903,3.8788654804229736
1094,3,3,1,0.21520747244358063,3.6235616207122803,0.10104431957006454,3.9277119636535645,0.13487523794174194,3.813225030899048,0.08950494229793549,3.7873525619506836
1095,3,3,1,0.22952456772327423,3.5963985919952393,0.10332629084587097,3.761597156524658,0.18997129797935486,3.7514162063598633,0.13530372083187103,3.782442092895508
1096,3,3,1,0.21561352908611298,3.6286842823028564,0.0937151238322258,3.9404540061950684,0.13868184387683868,3.8042681217193604,0.08814971148967743,3.7811439037323
1097,3,3,1,0.2208351492881775,3.598398208618164,0.10050123184919357,3.8083882331848145,0.18027542531490326,3.8094632625579834,0.1245814710855484,3.892977237701416
1098,3,3,1,0.23374471068382263,3.589158773422241,0.10645028948783875,3.7176222801208496,0.20261678099632263,3.7419958114624023,0.14209981262683868,3.773772716522217
1099,3,3,1,0.21958455443382263,3.5999114513397217,0.10103435814380646,3.814577341079712,0.1708386391401291,3.831427812576294,0.11569275707006454,3.877519369125366
1100,3,3,1,0.21192152798175812,3.6340179443359375,0.11805444955825806,3.9364817142486572,0.12024673074483871,3.960968017578125,0.07154814898967743,4.043732643127441
1101,3,3,1,0.21471919119358063,3.6289939880371094,0.09425821155309677,3.939316987991333,0.13962849974632263,3.73522686958313,0.09492585808038712,3.7104766368865967
1102,3,3,1,0.21265894174575806,3.6274380683898926,0.09520487487316132,3.8984196186065674,0.14678332209587097,3.8334012031555176,0.09345105290412903,3.844743013381958
1103,3,3,1,0.22312958538532257,3.6054975986480713,0.10075035691261292,3.831561326980591,0.17489436268806458,3.83379864692688,0.1142578125,3.899528980255127
1104,3,3,1,0.2208351492881775,3.598398208618164,0.10050123184919357,3.8083882331848145,0.18027542531490326,3.8094632625579834,0.1245814710855484,3.892977237701416
1105,3,3,1,0.2112787961959839,3.635274648666382,0.09346101433038712,3.9872586727142334,0.13207508623600006,3.7421154975891113,0.09181680530309677,3.6839592456817627
1106,3,3,1,0.22172950208187103,3.6160061359405518,0.09739217907190323,3.860490083694458,0.16830755770206451,3.8309059143066406,0.11196587979793549,3.897472381591797
1107,3,3,1,0.21718549728393555,3.6259806156158447,0.09587252885103226,3.9072341918945312,0.14713209867477417,3.7951912879943848,0.09618143737316132,3.8404476642608643
1108,3,3,1,0.23053351044654846,3.594836711883545,0.1043177992105484,3.7549314498901367,0.19209381937980652,3.706800937652588,0.13703761994838715,3.7492728233337402
1109,3,3,1,0.22899393737316132,3.596975564956665,0.10356544703245163,3.7665255069732666,0.1872907280921936,3.7711093425750732,0.12900589406490326,3.818631172180176
1110,3,3,1,0.21677693724632263,3.609945297241211,0.10224011540412903,3.8466861248016357,0.15621013939380646,3.8262948989868164,0.10614636540412903,3.873450994491577
1111,3,3,1,0.21478644013404846,3.625387191772461,0.09603694826364517,3.922957181930542,0.14651426672935486,3.8120791912078857,0.09663982689380646,3.7849040031433105
1112,3,3,1,0.22420081496238708,3.6132495403289795,0.09947484731674194,3.855897903442383,0.16638432443141937,3.7631311416625977,0.11302215605974197,3.8584024906158447
1113,3,3,1,0.22880211472511292,3.599980354309082,0.10387436300516129,3.7751822471618652,0.18427136540412903,3.796722888946533,0.12816883623600006,3.8149588108062744
1114,3,3,1,0.22585248947143555,3.622453451156616,0.146484375,3.8368706703186035,0.17439612746238708,3.832866668701172,0.10512994229793549,3.843601942062378
1115,3,3,1,0.22864267230033875,3.594754695892334,0.10519471019506454,3.7560744285583496,0.18707150220870972,3.7055344581604004,0.13901068270206451,3.7392115592956543
1116,3,3,1,0.22195371985435486,3.6163489818573,0.10017239302396774,3.8564536571502686,0.1632254421710968,3.768559217453003,0.11292251199483871,3.775679588317871
1117,3,3,1,0.21296286582946777,3.6181318759918213,0.09589743614196777,3.8983218669891357,0.15237364172935486,3.8559937477111816,0.10417331010103226,3.888654947280884
1118,3,3,1,0.22334133088588715,3.610154867172241,0.09837870299816132,3.838592052459717,0.16703204810619354,3.7861831188201904,0.10835857689380646,3.8147876262664795
1119,3,3,1,0.2321876883506775,3.592669725418091,0.10502032935619354,3.7463231086730957,0.19697663187980652,3.7453837394714355,0.13671875,3.7782797813415527
1120,3,3,1,0.23586724698543549,3.5828959941864014,0.10793008655309677,3.687009572982788,0.20623405277729034,3.6907615661621094,0.14387355744838715,3.729740858078003
1121,3,2,0,0.2097865492105484,3.6387245655059814,0.09554866701364517,3.960108518600464,0.13014189898967743,3.8199081420898438,0.08808992058038712,3.8006787300109863
1122,3,3,1,0.2195521742105484,3.613536834716797,0.09868263453245163,3.840502977371216,0.1658860743045807,3.821409225463867,0.10913583636283875,3.9035792350769043
1123,3,3,1,0.20752699673175812,3.630289316177368,0.09485610574483871,3.9423258304595947,0.13342036306858063,3.8195533752441406,0.09450732916593552,3.8057782649993896
1124,3,3,1,0.2266073375940323,3.5998988151550293,0.10359036177396774,3.787167549133301,0.1748046875,3.7498574256896973,0.12037627398967743,3.818542957305908
1125,3,3,1,0.22682905197143555,3.6007730960845947,0.1028180792927742,3.7795114517211914,0.18267697095870972,3.730198621749878,0.13143733143806458,3.7687642574310303
1126,3,3,1,0.21549145877361298,3.6185433864593506,0.09432297945022583,3.9040727615356445,0.14905531704425812,3.834670305252075,0.10038663446903229,3.86956524848938
1127,3,3,1,0.21557866036891937,3.6151037216186523,0.09631596505641937,3.870363712310791,0.16047511994838715,3.8131520748138428,0.10690369457006454,3.869873285293579
1128,3,3,1,0.22744439542293549,3.5906920433044434,0.11095941811800003,3.754063844680786,0.194196417927742,3.7615456581115723,0.1337292641401291,3.785841941833496
1129,3,3,1,0.21231265366077423,3.619320869445801,0.0950404554605484,3.898663282394409,0.14489994943141937,3.8520734310150146,0.09518494457006454,3.879606246948242
1130,3,3,1,0.2322300523519516,3.5930335521698,0.10493063926696777,3.7403132915496826,0.19703643023967743,3.743943691253662,0.13911032676696777,3.7679083347320557
1131,3,3,1,0.21922582387924194,3.6085636615753174,0.0992605984210968,3.84635066986084,0.1698521226644516,3.8210031986236572,0.11625079810619354,3.881364583969116
1132,3,3,1,0.2358323633670807,3.588179349899292,0.112060546875,3.7008581161499023,0.20790815353393555,3.7436254024505615,0.14192043244838715,3.763375997543335
1133,3,3,1,0.21706342697143555,3.608635187149048,0.09741708636283875,3.8672258853912354,0.16283680498600006,3.823756217956543,0.11059071868658066,3.8888087272644043
1134,3,3,1,0.22007283568382263,3.618741512298584,0.0978655144572258,3.8786275386810303,0.15784437954425812,3.7979166507720947,0.10692362487316132,3.8523764610290527
1135,3,3,1,0.2157605141401291,3.614250421524048,0.09622129797935486,3.862468957901001,0.16160115599632263,3.8243818283081055,0.10754144936800003,3.8884358406066895
1136,3,0,0,0.228131964802742,3.595431089401245,0.10637057572603226,3.7706685066223145,0.18168048560619354,3.762944221496582,0.12250876426696777,3.8296730518341064
1137,3,3,1,0.22480617463588715,3.6272010803222656,0.14863678812980652,3.847412109375,0.16018614172935486,3.8505754470825195,0.1083984375,3.9078874588012695
1138,3,3,1,0.21828912198543549,3.6141653060913086,0.09790536761283875,3.868600606918335,0.15900032222270966,3.8374905586242676,0.10598692297935486,3.883978843688965
1139,3,3,1,0.23689612746238708,3.6300530433654785,0.19041474163532257,3.822958469390869,0.20748963952064514,3.807415246963501,0.12199059128761292,3.8340139389038086
1140,3,3,1,0.23251155018806458,3.588083505630493,0.10565808415412903,3.7356879711151123,0.19968709349632263,3.7423524856567383,0.13859215378761292,3.762007474899292
1141,3,3,1,0.2185407280921936,3.6118507385253906,0.09820929914712906,3.8624117374420166,0.16366389393806458,3.8213589191436768,0.10782046616077423,3.8639557361602783
1142,3,3,1,0.2109549343585968,3.6352579593658447,0.09148795902729034,3.9701013565063477,0.13334064185619354,3.7601823806762695,0.08864795416593552,3.7486510276794434
1143,3,3,1,0.2548329830169678,3.585510015487671,0.1279047727584839,3.5722410678863525,0.2655353248119354,3.603707790374756,0.18030531704425812,3.6480600833892822
1144,3,3,1,0.20504823327064514,3.639293909072876,0.10855787247419357,3.9716358184814453,0.13473573327064514,3.9121367931365967,0.08504065871238708,3.885165214538574
1145,3,3,1,0.22749920189380646,3.5951926708221436,0.10381955653429031,3.750971794128418,0.18774911761283875,3.7583460807800293,0.13089923560619354,3.776948928833008
1146,3,3,1,0.21660254895687103,3.6101832389831543,0.09767119586467743,3.8510942459106445,0.16137196123600006,3.8084475994110107,0.10720264166593552,3.870607852935791
1147,3,3,1,0.22432038187980652,3.605581760406494,0.09974390268325806,3.840801239013672,0.16862642765045166,3.7554070949554443,0.11535394936800003,3.7712509632110596
1148,3,3,1,0.21383729577064514,3.622291326522827,0.09376993030309677,3.904038190841675,0.13809390366077423,3.724996328353882,0.09901148080825806,3.8057568073272705
1149,3,3,1,0.23316176235675812,3.586475372314453,0.10556341707706451,3.732619047164917,0.2001355141401291,3.770613431930542,0.14002710580825806,3.786649703979492
1150,3,3,1,0.2236328125,3.615898847579956,0.13697285950183868,3.82405161857605,0.16753028333187103,3.830775737762451,0.1125837042927742,3.858736038208008
1151,3,3,1,0.22204340994358063,3.599046230316162,0.1011788472533226,3.823213577270508,0.1725027859210968,3.842123508453369,0.11429767310619354,3.8636443614959717
1152,3,3,1,0.19611218571662903,3.653269052505493,0.08532963693141937,4.0191521644592285,0.108328677713871,3.7769293785095215,0.07270407676696777,3.735745668411255
1153,3,3,1,0.21920837461948395,3.6132376194000244,0.09761638939380646,3.856574058532715,0.16638432443141937,3.8543450832366943,0.11194594949483871,3.9191739559173584
1154,3,3,1,0.20164769887924194,3.642575740814209,0.10235471278429031,3.994450569152832,0.11441724747419357,3.941822052001953,0.07266422361135483,3.9862864017486572
1155,3,3,1,0.2199881374835968,3.6062283515930176,0.09966916590929031,3.8288841247558594,0.17114755511283875,3.8043086528778076,0.11447703838348389,3.8443593978881836
1156,3,3,1,0.2214878648519516,3.6144511699676514,0.0970284566283226,3.872393846511841,0.16310586035251617,3.8346164226531982,0.10929527878761292,3.886943817138672
1157,3,3,1,0.22444744408130646,3.6048948764801025,0.1002022847533226,3.830540418624878,0.17032046616077423,3.8173999786376953,0.1120256707072258,3.8421988487243652
1158,3,3,1,0.22964166104793549,3.630570650100708,0.17417190968990326,3.817261219024658,0.17637914419174194,3.794067859649658,0.11045120656490326,3.8500540256500244
1159,3,3,1,0.23037408292293549,3.633453845977783,0.16324038803577423,3.8339285850524902,0.1708984375,3.7965598106384277,0.10752151906490326,3.8354032039642334
1160,3,3,1,0.23843072354793549,3.5836503505706787,0.11302714049816132,3.671060085296631,0.22163982689380646,3.7092888355255127,0.15730628371238708,3.73964262008667
1161,3,3,1,0.21246212720870972,3.624232053756714,0.09394929558038712,3.9030017852783203,0.14252829551696777,3.8533174991607666,0.09032206237316132,3.867166757583618
1162,3,3,1,0.2151850461959839,3.630387783050537,0.09676937013864517,3.9340438842773438,0.13355986773967743,3.8322017192840576,0.09506537020206451,3.821173906326294
1163,3,3,1,0.22811204195022583,3.599032402038574,0.10304727405309677,3.7728943824768066,0.184919074177742,3.7371342182159424,0.12663424015045166,3.7574756145477295
1164,3,3,1,0.21631108224391937,3.631782054901123,0.1403360217809677,3.8799617290496826,0.1615513414144516,3.8775599002838135,0.0991908460855484,3.9049627780914307
1165,3,3,1,0.22015255689620972,3.61003041267395,0.09934031963348389,3.834888219833374,0.1718849539756775,3.8033509254455566,0.11435745656490326,3.9020564556121826
1166,3,3,1,0.21186423301696777,3.615128755569458,0.09665975719690323,3.8734536170959473,0.15306122601032257,3.8790364265441895,0.10566804558038712,3.932101011276245
1167,3,3,1,0.22370505332946777,3.6020803451538086,0.10108916461467743,3.8070383071899414,0.17958784103393555,3.8047940731048584,0.12330596148967743,3.8614838123321533
1168,3,3,1,0.24216756224632263,3.619691848754883,0.18931859731674194,3.8093795776367188,0.21123644709587097,3.8158788681030273,0.11407843977212906,3.863731622695923
1169,3,3,1,0.21239237487316132,3.628554105758667,0.1113630011677742,3.9344100952148438,0.1375657618045807,3.9427742958068848,0.0897042378783226,4.053765773773193
1170,3,3,1,0.22003796696662903,3.6174468994140625,0.09739716351032257,3.843769073486328,0.160993292927742,3.772097110748291,0.11029177159070969,3.8091795444488525
1171,3,3,1,0.21179448068141937,3.616319179534912,0.09478136897087097,3.8865058422088623,0.15461574494838715,3.8392627239227295,0.10592713207006454,3.9078080654144287
1172,3,3,1,0.2242356836795807,3.5954227447509766,0.10241948068141937,3.786680221557617,0.1852678507566452,3.796095132827759,0.12398357689380646,3.8519530296325684
1173,3,3,1,0.22378477454185486,3.600886106491089,0.1017020046710968,3.798794746398926,0.18516820669174194,3.806748390197754,0.125,3.851722002029419
1174,3,3,1,0.234619140625,3.5865275859832764,0.10706313699483871,3.719285249710083,0.19920878112316132,3.711019992828369,0.13675861060619354,3.7617313861846924
1175,3,3,1,0.23044632375240326,3.595494270324707,0.10813436657190323,3.774132490158081,0.17882055044174194,3.785176992416382,0.12051577866077423,3.83264422416687
1176,3,3,1,0.21405401825904846,3.616610288619995,0.10143295675516129,3.859318256378174,0.15469546616077423,3.8629863262176514,0.10343590378761292,3.8949904441833496
1177,3,3,1,0.21275360882282257,3.627896547317505,0.10433772951364517,3.9180078506469727,0.15104830265045166,3.8175220489501953,0.10475127398967743,3.854452133178711
1178,3,3,1,0.21901655197143555,3.609076976776123,0.0983537957072258,3.8632724285125732,0.16554726660251617,3.828507900238037,0.107840396463871,3.874145269393921
1179,3,3,1,0.220703125,3.604219436645508,0.0998883917927742,3.8318536281585693,0.16895528137683868,3.8077852725982666,0.11170679330825806,3.8515610694885254
1180,3,3,1,0.21449248492717743,3.6189966201782227,0.09567322582006454,3.8952713012695312,0.15014149248600006,3.8399813175201416,0.09753666818141937,3.8573763370513916
1181,3,3,1,0.22064581513404846,3.6110715866088867,0.09958446025848389,3.8481013774871826,0.16383330523967743,3.8283560276031494,0.11045120656490326,3.867917776107788
1182,3,3,1,0.2118268609046936,3.617295265197754,0.09582768380641937,3.8693392276763916,0.1496831178665161,3.7851009368896484,0.10347576439380646,3.824537754058838
1183,3,3,1,0.2174171805381775,3.6227469444274902,0.10132333636283875,3.894669532775879,0.14727160334587097,3.852696418762207,0.10194116830825806,3.858846426010132
1184,3,3,1,0.22241459786891937,3.6124508380889893,0.09836375713348389,3.840998888015747,0.16444116830825806,3.72621488571167,0.10724250227212906,3.7585949897766113
1185,3,3,1,0.22432038187980652,3.605581760406494,0.09974390268325806,3.840801239013672,0.16862642765045166,3.7554070949554443,0.11535394936800003,3.7712509632110596
1186,3,3,1,0.22251923382282257,3.607438325881958,0.10520966351032257,3.8464198112487793,0.16885562241077423,3.860017776489258,0.11224489659070969,3.9318182468414307
1187,3,3,1,0.2176688015460968,3.6224734783172607,0.09453224390745163,3.8942182064056396,0.16609534621238708,3.8596112728118896,0.11332111060619354,3.90555739402771
1188,3,3,1,0.21170727908611298,3.621750831604004,0.09631098061800003,3.873047113418579,0.14632493257522583,3.79140567779541,0.10927534848451614,3.7919023036956787
1189,3,3,1,0.2130126953125,3.628045082092285,0.09215062856674194,3.9103000164031982,0.14545798301696777,3.763718605041504,0.09799505770206451,3.783811330795288
1190,3,3,1,0.21775101125240326,3.608715534210205,0.09797512739896774,3.841944694519043,0.16763991117477417,3.8269035816192627,0.11306201666593552,3.862330436706543
1191,3,3,1,0.23909837007522583,3.5869383811950684,0.11205057799816132,3.6806437969207764,0.21036949753761292,3.6959879398345947,0.14074458181858063,3.6966865062713623
1192,3,3,1,0.21995076537132263,3.6233208179473877,0.09690888226032257,3.895064353942871,0.15333028137683868,3.774354934692383,0.0991908460855484,3.749648332595825
1193,3,3,1,0.21481135487556458,3.6184141635894775,0.09750179201364517,3.899637222290039,0.15002192556858063,3.8596479892730713,0.1015625,3.880690813064575
1194,3,3,1,0.21813465654850006,3.617706537246704,0.09641063213348389,3.87627911567688,0.1644909828901291,3.802689790725708,0.11144769936800003,3.7927396297454834
1195,3,3,1,0.21777094900608063,3.61806321144104,0.09510523080825806,3.8836965560913086,0.15900032222270966,3.8122963905334473,0.10871731489896774,3.8854262828826904
1196,3,3,1,0.22110919654369354,3.605025053024292,0.10039660334587097,3.8159306049346924,0.1774553507566452,3.8137354850769043,0.11758609116077423,3.837796688079834
1197,3,3,1,0.22018744051456451,3.6164169311523438,0.10025210678577423,3.879528760910034,0.14952367544174194,3.841386318206787,0.0984933003783226,3.888911485671997
1198,3,3,1,0.21435298025608063,3.6228861808776855,0.09602697938680649,3.910548448562622,0.14338527619838715,3.856279134750366,0.09795519709587097,3.9269583225250244
1199,3,3,1,0.22872985899448395,3.6000609397888184,0.10250916332006454,3.785506010055542,0.18963249027729034,3.763899087905884,0.13345025479793549,3.8021206855773926
1200,3,3,1,0.21170230209827423,3.6256723403930664,0.09285315126180649,3.900568723678589,0.14638471603393555,3.8240981101989746,0.09448739886283875,3.8403289318084717
1201,3,3,1,0.22817681729793549,3.6044743061065674,0.10354053229093552,3.7871131896972656,0.18371333181858063,3.781243324279785,0.12185107916593552,3.8573765754699707
1202,3,3,1,0.21160763502120972,3.6250455379486084,0.09530452638864517,3.9153597354888916,0.13701769709587097,3.841890811920166,0.09691884368658066,3.8603742122650146
1203,3,3,1,0.20944525301456451,3.6310348510742188,0.10670439898967743,3.937896966934204,0.13493502140045166,3.9471235275268555,0.08966437727212906,4.019782066345215
1204,3,3,1,0.2353689968585968,3.585463523864746,0.11195093393325806,3.6867239475250244,0.2069614976644516,3.701526403427124,0.13919004797935486,3.7618842124938965
1205,3,3,1,0.21631605923175812,3.631617784500122,0.10779057443141937,3.927244186401367,0.1287667453289032,3.8884847164154053,0.085379458963871,3.9122314453125
1206,3,3,1,0.23038902878761292,3.596604585647583,0.10332130640745163,3.7677581310272217,0.18962252140045166,3.770771026611328,0.12998245656490326,3.8063478469848633
1207,3,3,1,0.21231265366077423,3.619320869445801,0.0950404554605484,3.898663282394409,0.14489994943141937,3.8520734310150146,0.09518494457006454,3.879606246948242
1208,3,3,1,0.22199606895446777,3.608858585357666,0.10099449753761292,3.8238282203674316,0.17147639393806458,3.79933762550354,0.11236447840929031,3.8705215454101562
1209,3,3,1,0.2328404039144516,3.5882372856140137,0.107107974588871,3.7049355506896973,0.2029057741165161,3.7099499702453613,0.14046555757522583,3.761634588241577
1210,3,3,1,0.22852060198783875,3.5895235538482666,0.10510004311800003,3.751208782196045,0.19220344722270966,3.782870292663574,0.1311383843421936,3.841945171356201
1211,3,3,1,0.2221081703901291,3.5997352600097656,0.10594208538532257,3.8059070110321045,0.17544244229793549,3.8048393726348877,0.11744658648967743,3.8693366050720215
1212,3,3,1,0.2211316078901291,3.605076313018799,0.09923070669174194,3.8329484462738037,0.17177534103393555,3.8369300365448,0.11082987487316132,3.9090092182159424
1213,3,3,1,0.23269341886043549,3.588876485824585,0.10606664419174194,3.740746021270752,0.19785355031490326,3.7728028297424316,0.13659916818141937,3.778815269470215
1214,3,3,1,0.20346380770206451,3.6419825553894043,0.09183673560619354,3.9962565898895264,0.11098931729793549,3.8144190311431885,0.07306281477212906,3.8183305263519287
1215,3,3,1,0.2144700586795807,3.6239864826202393,0.09382971376180649,3.924224615097046,0.14128267765045166,3.7526450157165527,0.09586255997419357,3.7798337936401367
1216,3,3,1,0.2206258922815323,3.6133060455322266,0.09905631840229034,3.851214647293091,0.16984215378761292,3.811840057373047,0.1206752210855484,3.8493807315826416
1217,3,3,1,0.21786560118198395,3.619258403778076,0.09714803844690323,3.88398814201355,0.16247807443141937,3.8599202632904053,0.10576769709587097,3.8822309970855713
1218,3,3,1,0.21830406785011292,3.6194980144500732,0.09540915489196777,3.89931583404541,0.1549246609210968,3.7723677158355713,0.10578762739896774,3.820648193359375
1219,3,3,1,0.21416862308979034,3.627749443054199,0.09303750842809677,3.9170994758605957,0.14765027165412903,3.8009042739868164,0.10445232689380646,3.8500285148620605
1220,3,3,1,0.2203369140625,3.6119508743286133,0.09961435198783875,3.8503975868225098,0.1608637571334839,3.7981786727905273,0.10287787020206451,3.7890353202819824
1221,3,3,1,0.21014030277729034,3.6279282569885254,0.10586734116077423,3.9134976863861084,0.13997727632522583,3.9257493019104004,0.09464684128761292,3.9905242919921875
1222,3,3,1,0.21969915926456451,3.60898756980896,0.09843849390745163,3.8461811542510986,0.16837731003761292,3.8271291255950928,0.11224489659070969,3.8908026218414307
1223,3,3,1,0.2207554429769516,3.6156883239746094,0.09722277522087097,3.8620920181274414,0.16638432443141937,3.8130202293395996,0.11082987487316132,3.862614631652832
1224,3,3,1,0.2334233522415161,3.5972378253936768,0.11060068011283875,3.7381746768951416,0.1898716539144516,3.7216856479644775,0.12557795643806458,3.7835264205932617
1225,3,3,1,0.20616678893566132,3.6355836391448975,0.089773990213871,3.9562103748321533,0.1330317258834839,3.8522846698760986,0.09851323068141937,3.8869106769561768
1226,3,3,1,0.21087023615837097,3.6279520988464355,0.10021225363016129,3.934917688369751,0.13998724520206451,3.8328588008880615,0.0929129421710968,3.7816388607025146
1227,3,3,1,0.21760153770446777,3.616506576538086,0.09775589406490326,3.860295534133911,0.16133210062980652,3.8213095664978027,0.10650510340929031,3.8759355545043945
1228,3,3,1,0.2188969850540161,3.6183321475982666,0.1033412367105484,3.8779711723327637,0.14409278333187103,3.8235130310058594,0.09833386540412903,3.8672475814819336
1229,3,0,0,0.2229452282190323,3.612401008605957,0.11461655050516129,3.8411145210266113,0.16541773080825806,3.864457845687866,0.10949457436800003,3.909719705581665
1230,3,3,1,0.21506795287132263,3.6164369583129883,0.10594706237316132,3.880643367767334,0.15144690871238708,3.9150545597076416,0.10257892310619354,3.9755196571350098
1231,3,3,1,0.21899165213108063,3.6041862964630127,0.09841856360435486,3.844681739807129,0.16997168958187103,3.8305094242095947,0.11443717777729034,3.8775687217712402
1232,3,3,1,0.2323346734046936,3.5952863693237305,0.10496053844690323,3.75040340423584,0.19892975687980652,3.779492139816284,0.13841278851032257,3.8077752590179443
1233,3,3,1,0.218505859375,3.6146163940429688,0.0985281765460968,3.878584146499634,0.16124242544174194,3.8441998958587646,0.10734215378761292,3.9106943607330322
1234,3,3,1,0.21887704730033875,3.6051173210144043,0.098807193338871,3.846855878829956,0.16529814898967743,3.8243911266326904,0.11015225946903229,3.8823955059051514
1235,3,3,1,0.2064208984375,3.6394357681274414,0.09023736417293549,3.964993715286255,0.12623564898967743,3.7983107566833496,0.08378507196903229,3.7764034271240234
1236,3,3,1,0.21449746191501617,3.616868495941162,0.09654515981674194,3.8976621627807617,0.14828802645206451,3.856394052505493,0.09733737260103226,3.924856662750244
1237,3,3,1,0.2152273952960968,3.6127161979675293,0.09684410691261292,3.844831943511963,0.15954838693141937,3.807194948196411,0.10941486060619354,3.8285975456237793
1238,3,3,1,0.21124640107154846,3.637706995010376,0.13074976205825806,3.9112491607666016,0.1439831703901291,3.897294044494629,0.09365034848451614,3.9480741024017334
1239,3,3,1,0.22154267132282257,3.612342357635498,0.09759645909070969,3.8421483039855957,0.1765385866165161,3.8246219158172607,0.12308673560619354,3.842454671859741
1240,3,3,1,0.21674953401088715,3.619378089904785,0.09468670189380646,3.9248054027557373,0.14960339665412903,3.8038365840911865,0.09803491830825806,3.7784101963043213
1241,3,3,1,0.21512027084827423,3.6178040504455566,0.09622129797935486,3.8755695819854736,0.1605847328901291,3.838845729827881,0.10678412020206451,3.849010705947876
1242,3,3,1,0.22126613557338715,3.616316556930542,0.0980050191283226,3.870462656021118,0.1589803844690323,3.8308260440826416,0.10522958636283875,3.8759469985961914
1243,3,3,1,0.20821458101272583,3.6387250423431396,0.09588747471570969,3.971473217010498,0.12434231489896774,3.8680076599121094,0.08448261767625809,3.857041835784912
1244,3,3,1,0.21750687062740326,3.624769449234009,0.09521484375,3.910884380340576,0.1558314710855484,3.852858304977417,0.10590720176696777,3.9115543365478516
1245,3,3,1,0.22172950208187103,3.6160061359405518,0.09739217907190323,3.860490083694458,0.16830755770206451,3.8309059143066406,0.11196587979793549,3.897472381591797
1246,3,3,1,0.23612633347511292,3.5860755443573,0.10766103118658066,3.6995556354522705,0.2082868218421936,3.7369630336761475,0.14457111060619354,3.7918388843536377
1247,3,3,1,0.21732501685619354,3.6104819774627686,0.09775091707706451,3.8224680423736572,0.15746571123600006,3.7661056518554688,0.1128627210855484,3.798163414001465
1248,3,3,1,0.2145647257566452,3.628483295440674,0.09365533292293549,3.945789337158203,0.1375657618045807,3.764505624771118,0.09004304558038712,3.7729084491729736
1249,3,3,1,0.21954718232154846,3.6045069694519043,0.1041085347533226,3.821249008178711,0.16719147562980652,3.8041481971740723,0.10805962979793549,3.8212835788726807
1250,3,3,1,0.21644560992717743,3.615126132965088,0.09717793017625809,3.855926990509033,0.1631556898355484,3.8342392444610596,0.11096938699483871,3.8954741954803467
1251,3,3,1,0.2130475640296936,3.617675542831421,0.09546396136283875,3.8914926052093506,0.15448620915412903,3.835064172744751,0.10090481489896774,3.8733952045440674
1252,3,3,1,0.2137550711631775,3.6168549060821533,0.09571807086467743,3.8751237392425537,0.16096340119838715,3.816380739212036,0.1089564710855484,3.8629961013793945
1253,3,3,1,0.23608148097991943,3.584582805633545,0.10808952152729034,3.70226788520813,0.21056880056858063,3.7385830879211426,0.14694276452064514,3.7741761207580566
1254,3,3,1,0.20346380770206451,3.6419825553894043,0.09183673560619354,3.9962565898895264,0.11098931729793549,3.8144190311431885,0.07306281477212906,3.8183305263519287
1255,3,3,1,0.21960698068141937,3.601120710372925,0.099609375,3.7930171489715576,0.1796177476644516,3.807156801223755,0.12414301186800003,3.822603940963745
1256,3,3,1,0.21531708538532257,3.6199467182159424,0.09760144352912903,3.866302490234375,0.15097855031490326,3.8231139183044434,0.10475127398967743,3.8736681938171387
1257,3,3,1,0.23075024783611298,3.593230724334717,0.10367505997419357,3.768838882446289,0.19473452866077423,3.772387742996216,0.13799425959587097,3.8151357173919678
1258,3,3,1,0.21517258882522583,3.6123974323272705,0.09727758169174194,3.881223201751709,0.15193518996238708,3.8526268005371094,0.09948979318141937,3.933293342590332
1259,3,3,1,0.22386449575424194,3.6141819953918457,0.0997488796710968,3.8443057537078857,0.17045997083187103,3.8184847831726074,0.11278299987316132,3.855628252029419
1260,3,3,1,0.22337870299816132,3.6332054138183594,0.1541922390460968,3.8402106761932373,0.17290137708187103,3.8347644805908203,0.1131417378783226,3.837238073348999
1261,3,3,1,0.2399304360151291,3.5766067504882812,0.11484573781490326,3.6501951217651367,0.22687140107154846,3.7003557682037354,0.15292170643806458,3.7531604766845703
1262,3,3,1,0.22061343491077423,3.6177220344543457,0.09747687727212906,3.875178813934326,0.16243821382522583,3.8451015949249268,0.10678412020206451,3.8803658485412598
1263,3,3,1,0.21472914516925812,3.6266677379608154,0.09373006969690323,3.926323652267456,0.15606066584587097,3.8417725563049316,0.10437260568141937,3.8497231006622314
1264,3,3,1,0.2205810546875,3.6161751747131348,0.09746691584587097,3.870105266571045,0.16472017765045166,3.762129545211792,0.11204559355974197,3.7792601585388184
1265,3,3,1,0.23270836472511292,3.5837106704711914,0.10750657320022583,3.7159011363983154,0.2079380601644516,3.7506110668182373,0.1462053507566452,3.786259651184082
1266,3,3,1,0.21396683156490326,3.6297852993011475,0.09285813570022583,3.932124376296997,0.14400310814380646,3.797661066055298,0.09548389166593552,3.7891881465911865
1267,3,3,1,0.22495564818382263,3.602764129638672,0.10264867544174194,3.8108437061309814,0.17812299728393555,3.7963078022003174,0.11818399280309677,3.830860137939453
1268,3,3,1,0.21942761540412903,3.6239101886749268,0.13038603961467743,3.8767244815826416,0.15576171875,3.879214286804199,0.1033761128783226,3.9577791690826416
1269,3,3,1,0.22149284183979034,3.6194424629211426,0.11477100104093552,3.8879096508026123,0.14619538187980652,3.8430235385894775,0.08805005997419357,3.856043577194214
1270,3,3,1,0.22248435020446777,3.6116654872894287,0.09930045902729034,3.8452584743499756,0.17575135827064514,3.830810308456421,0.11712770909070969,3.842947006225586
1271,3,3,1,0.21640326082706451,3.6171343326568604,0.09546894580125809,3.8574187755584717,0.16863639652729034,3.7980263233184814,0.12089444696903229,3.837289810180664
1272,3,3,1,0.2180350124835968,3.609088182449341,0.09826909005641937,3.866703748703003,0.16101323068141937,3.839027166366577,0.10618622601032257,3.882319927215576
1273,3,3,1,0.21542669832706451,3.615745782852173,0.09649035334587097,3.8795828819274902,0.1610630601644516,3.842294216156006,0.10831871628761292,3.892916202545166
1274,3,3,1,0.23646265268325806,3.584746837615967,0.1157924085855484,3.694535255432129,0.2077885866165161,3.712113857269287,0.13899074494838715,3.735159158706665
1275,3,3,1,0.22217294573783875,3.6024982929229736,0.10117386281490326,3.816359758377075,0.1745256632566452,3.827224016189575,0.11647002398967743,3.914271116256714
1276,3,3,1,0.21379493176937103,3.6173574924468994,0.09638074040412903,3.8886475563049316,0.15275231003761292,3.841085433959961,0.10188137739896774,3.8865413665771484
1277,3,3,1,0.2140590101480484,3.627070188522339,0.09332150965929031,3.918846845626831,0.14840760827064514,3.8255555629730225,0.10313695669174194,3.8693718910217285
1278,3,2,0,0.22044901549816132,3.6185784339904785,0.09746691584587097,3.8955116271972656,0.14622528851032257,3.8043477535247803,0.09799505770206451,3.848891496658325
1279,3,3,1,0.24228963255882263,3.577171802520752,0.11430265009403229,3.6315765380859375,0.2297612428665161,3.673764944076538,0.15625,3.7230868339538574
1280,3,3,1,0.21503308415412903,3.6262223720550537,0.09413862973451614,3.9040966033935547,0.15088887512683868,3.7990357875823975,0.10475127398967743,3.8164002895355225
1281,3,3,1,0.2184983789920807,3.611501932144165,0.09904137253761292,3.840527296066284,0.15479512512683868,3.8021113872528076,0.09956951439380646,3.8592875003814697
1282,3,3,1,0.22238470613956451,3.602776050567627,0.10046635568141937,3.8403589725494385,0.16907484829425812,3.8249542713165283,0.10917569696903229,3.8672873973846436
1283,3,3,1,0.22155512869358063,3.6154000759124756,0.09768614172935486,3.8622870445251465,0.15830276906490326,3.789374351501465,0.1028180792927742,3.7615816593170166
1284,3,3,1,0.21860799193382263,3.614830493927002,0.09731744229793549,3.8683698177337646,0.15885084867477417,3.811617851257324,0.10401386767625809,3.8275532722473145
1285,3,3,1,0.22143055498600006,3.6115610599517822,0.10130839049816132,3.8396694660186768,0.17162586748600006,3.7949254512786865,0.11096938699483871,3.8169898986816406
1286,3,3,1,0.21456223726272583,3.6214892864227295,0.122488833963871,3.8756508827209473,0.1590501368045807,3.8528287410736084,0.10048628598451614,3.9049980640411377
1287,3,3,1,0.23199835419654846,3.5922513008117676,0.10533920675516129,3.7374894618988037,0.19806282222270966,3.7481887340545654,0.13669881224632263,3.7842249870300293
1288,3,3,1,0.21357819437980652,3.619885206222534,0.0943429097533226,3.8838131427764893,0.15433673560619354,3.8607308864593506,0.10469148308038712,3.9251856803894043
1289,3,3,1,0.2134137749671936,3.613814115524292,0.10118881613016129,3.8760647773742676,0.1477299928665161,3.8415515422821045,0.09468670189380646,3.8608713150024414
1290,3,3,1,0.22911600768566132,3.5987343788146973,0.10287787020206451,3.769178628921509,0.1928013414144516,3.7732582092285156,0.13624043762683868,3.7846693992614746
1291,3,3,1,0.21238240599632263,3.6210646629333496,0.09517498314380646,3.9260287284851074,0.13777503371238708,3.8265585899353027,0.10012754797935486,3.894904375076294
1292,3,3,1,0.21205107867717743,3.626945734024048,0.09557855874300003,3.922900438308716,0.14599609375,3.857893705368042,0.09909119457006454,3.930209159851074
1293,3,3,1,0.2174944132566452,3.6181273460388184,0.10284797102212906,3.86997389793396,0.16007652878761292,3.831984519958496,0.11108896136283875,3.865267276763916
1294,3,3,1,0.23115631937980652,3.589731454849243,0.10434769093990326,3.7172324657440186,0.19873046875,3.751140832901001,0.13737642765045166,3.7890613079071045
1295,3,3,1,0.21481385827064514,3.6201117038726807,0.09551877528429031,3.8814353942871094,0.15725645422935486,3.8183257579803467,0.10437260568141937,3.850677967071533
1296,3,3,1,0.22049884498119354,3.6208903789520264,0.11622089892625809,3.9007115364074707,0.13433712720870972,3.8316149711608887,0.08240991830825806,3.8669891357421875
1297,3,3,1,0.21517258882522583,3.6097230911254883,0.10258888453245163,3.864351511001587,0.1527024805545807,3.838162422180176,0.10092474520206451,3.896327018737793
1298,3,3,1,0.22229252755641937,3.60676908493042,0.10083505511283875,3.8278980255126953,0.17112763226032257,3.8177952766418457,0.11362005770206451,3.8826522827148438
1299,3,3,1,0.22137077152729034,3.603634834289551,0.10012754797935486,3.8216559886932373,0.17405731976032257,3.819373607635498,0.11712770909070969,3.8592820167541504
1300,3,3,1,0.20965948700904846,3.634620189666748,0.09103953838348389,3.9480626583099365,0.13918007910251617,3.7429654598236084,0.09608179330825806,3.7861440181732178
1301,3,3,1,0.21673458814620972,3.61492657661438,0.09715302288532257,3.882096529006958,0.15636958181858063,3.815128803253174,0.1025390625,3.831486940383911
1302,3,3,1,0.21825174987316132,3.606166124343872,0.09816943854093552,3.839872121810913,0.16821786761283875,3.810556173324585,0.1148158460855484,3.866863489151001
1303,3,3,1,0.21613669395446777,3.626309633255005,0.09389947354793549,3.9185502529144287,0.15211455523967743,3.8117916584014893,0.10568797588348389,3.864039182662964
1304,3,3,1,0.23226740956306458,3.590975284576416,0.10810945183038712,3.7220942974090576,0.19718590378761292,3.7399940490722656,0.1400669664144516,3.772054672241211
1305,3,3,1,0.2340536266565323,3.5943737030029297,0.10617127269506454,3.7212915420532227,0.20621411502361298,3.7644245624542236,0.14297671616077423,3.7885420322418213
1306,3,3,1,0.21944504976272583,3.6223392486572266,0.09637077152729034,3.874211549758911,0.16206951439380646,3.8248894214630127,0.11645009368658066,3.8712990283966064
1307,3,3,1,0.2335827797651291,3.5976834297180176,0.1423788219690323,3.7629129886627197,0.19346898794174194,3.8049962520599365,0.12394371628761292,3.856086254119873
1308,3,3,1,0.23450204730033875,3.5848658084869385,0.10707808285951614,3.6979665756225586,0.20478913187980652,3.729210138320923,0.1404057741165161,3.790205717086792
1309,3,3,1,0.2221430540084839,3.6120219230651855,0.09932537376880646,3.8556809425354004,0.17136678099632263,3.8356690406799316,0.11517458409070969,3.9027514457702637
1310,3,3,1,0.2170584499835968,3.610279083251953,0.09670459479093552,3.8424441814422607,0.17080874741077423,3.8714194297790527,0.11702805757522583,3.9410762786865234
1311,3,3,1,0.2257603257894516,3.6346912384033203,0.15968789160251617,3.878814458847046,0.19600006937980652,3.8879964351654053,0.1118861585855484,3.964552879333496
1312,3,3,1,0.22308224439620972,3.610830068588257,0.09874242544174194,3.8459482192993164,0.17345942556858063,3.790314197540283,0.118582583963871,3.860504150390625
1313,3,3,1,0.20346380770206451,3.6419825553894043,0.09183673560619354,3.9962565898895264,0.11098931729793549,3.8144190311431885,0.07306281477212906,3.8183305263519287
1314,3,3,1,0.23294751346111298,3.592650890350342,0.10559829324483871,3.730914354324341,0.19702646136283875,3.756119728088379,0.13502471148967743,3.802804470062256
1315,3,3,1,0.2128034234046936,3.622786045074463,0.09770607203245163,3.9167261123657227,0.13819356262683868,3.850447177886963,0.09516501426696777,3.926910877227783
1316,3,3,1,0.22392427921295166,3.6078989505767822,0.10179169476032257,3.8232011795043945,0.16154137253761292,3.7380173206329346,0.113699771463871,3.7751095294952393
1317,3,3,1,0.22246940433979034,3.6108105182647705,0.09839863330125809,3.827738046646118,0.16919443011283875,3.7994582653045654,0.11375956237316132,3.8659775257110596
1318,3,3,1,0.23848553001880646,3.5793585777282715,0.11034657806158066,3.6658689975738525,0.21913862228393555,3.7380292415618896,0.15230388939380646,3.7710022926330566
1319,3,3,1,0.22308224439620972,3.610830068588257,0.09874242544174194,3.8459482192993164,0.17345942556858063,3.790314197540283,0.118582583963871,3.860504150390625
1320,3,3,1,0.21993830800056458,3.6076343059539795,0.09958944469690323,3.820242166519165,0.1726323366165161,3.8128607273101807,0.11627072095870972,3.863215684890747
1321,3,3,1,0.23042389750480652,3.5949466228485107,0.10454200953245163,3.7543132305145264,0.18992146849632263,3.751403570175171,0.13101881742477417,3.788256883621216
1322,3,3,1,0.23455436527729034,3.58931303024292,0.1065150648355484,3.7203667163848877,0.20608457922935486,3.764082908630371,0.14261798560619354,3.78283953666687
1323,3,3,1,0.2326062172651291,3.5878119468688965,0.11400868743658066,3.728389024734497,0.19791333377361298,3.7733750343322754,0.1310586780309677,3.847627639770508
1324,3,3,1,0.2054443359375,3.6320831775665283,0.09436782449483871,3.9625658988952637,0.12317641824483871,3.8534908294677734,0.08025749027729034,3.8470325469970703
1325,3,3,1,0.21623633801937103,3.614166021347046,0.10482102632522583,3.862772226333618,0.1620495766401291,3.815951347351074,0.10642538219690323,3.809925079345703
1326,3,3,1,0.23243682086467743,3.584639072418213,0.10507513582706451,3.7179572582244873,0.2035435289144516,3.733623743057251,0.14281727373600006,3.7903990745544434
1327,3,3,1,0.2174321413040161,3.630953550338745,0.12343550473451614,3.8849599361419678,0.16346460580825806,3.8235795497894287,0.11214524507522583,3.8503642082214355
1328,3,3,1,0.2342454493045807,3.590951681137085,0.10646524280309677,3.7292680740356445,0.2040318101644516,3.748913288116455,0.142578125,3.7627899646759033
1329,3,3,1,0.21168984472751617,3.6252028942108154,0.09421336650848389,3.9163360595703125,0.14186064898967743,3.8617589473724365,0.09307238459587097,3.9147751331329346
1330,3,3,1,0.23689612746238708,3.6300530433654785,0.19041474163532257,3.822958469390869,0.20748963952064514,3.807415246963501,0.12199059128761292,3.8340139389038086
1331,3,3,1,0.2326834499835968,3.596278429031372,0.105154849588871,3.7560293674468994,0.19019052386283875,3.7627580165863037,0.13014189898967743,3.794640064239502
1332,3,3,1,0.22559340298175812,3.6042516231536865,0.10350565612316132,3.790844440460205,0.17439612746238708,3.7752699851989746,0.12097416818141937,3.812685251235962
1333,3,3,1,0.22114655375480652,3.622135877609253,0.1026785671710968,3.8778629302978516,0.15721659362316132,3.772326707839966,0.10614636540412903,3.790274143218994
1334,3,3,1,0.21459712088108063,3.611543893814087,0.09603196382522583,3.859499931335449,0.16243821382522583,3.840561866760254,0.11200574040412903,3.868149518966675
1335,3,3,1,0.2278180718421936,3.6065304279327393,0.1272221803665161,3.807746648788452,0.17927893996238708,3.836029052734375,0.11469626426696777,3.9070372581481934
1336,3,3,1,0.21273118257522583,3.6180906295776367,0.09657007455825806,3.8395934104919434,0.14931440353393555,3.7865724563598633,0.10624600946903229,3.8077282905578613
1337,3,3,1,0.22203095257282257,3.598743438720703,0.10062579810619354,3.808377981185913,0.18037506937980652,3.830561876296997,0.12135283648967743,3.894563913345337
1338,3,3,1,0.24072015285491943,3.5806658267974854,0.11335598677396774,3.666520118713379,0.21533203125,3.6837430000305176,0.14407286047935486,3.7356481552124023
1339,3,3,1,0.2240961790084839,3.606787919998169,0.10046137124300003,3.800525665283203,0.17895008623600006,3.791346549987793,0.12308673560619354,3.7976036071777344
1340,3,3,1,0.20848612487316132,3.632707118988037,0.09080038219690323,3.949517011642456,0.13803412020206451,3.789633274078369,0.09915098547935486,3.846633195877075
1341,3,3,1,0.23039649426937103,3.5988993644714355,0.1033761128783226,3.7726047039031982,0.1903698891401291,3.7625105381011963,0.12924505770206451,3.790285348892212
1342,3,3,1,0.23315179347991943,3.590806722640991,0.10593211650848389,3.7256479263305664,0.19780372083187103,3.7269017696380615,0.13703761994838715,3.752472400665283
1343,3,3,1,0.21624630689620972,3.61833119392395,0.09697863459587097,3.850750207901001,0.15817323327064514,3.7891387939453125,0.11527423560619354,3.8540802001953125
1344,3,3,1,0.22269859910011292,3.6093878746032715,0.1080147847533226,3.834770917892456,0.16939373314380646,3.8377552032470703,0.11140783876180649,3.924686908721924
1345,3,3,1,0.21375009417533875,3.6273353099823,0.11081991344690323,3.910844326019287,0.15669842064380646,3.8305246829986572,0.10762117058038712,3.8433332443237305
1346,3,3,1,0.21848343312740326,3.619046449661255,0.09542908519506454,3.892340660095215,0.15725645422935486,3.8384766578674316,0.10172193497419357,3.8467867374420166
1347,3,1,0,0.21691395342350006,3.62438702583313,0.09746691584587097,3.90706467628479,0.15491469204425812,3.8406662940979004,0.10877710580825806,3.856907367706299
1348,3,3,1,0.21804498136043549,3.6376919746398926,0.12674884498119354,3.914658546447754,0.1584721803665161,3.865434169769287,0.09091995656490326,3.898728609085083
1349,3,3,1,0.23059330880641937,3.5961408615112305,0.10363519936800003,3.766249895095825,0.1928112953901291,3.7622616291046143,0.1341477930545807,3.7567968368530273
1350,3,3,1,0.23158232867717743,3.5968329906463623,0.10507015138864517,3.7578718662261963,0.1916753053665161,3.7054848670959473,0.13370934128761292,3.7194812297821045
1351,3,3,1,0.21743462979793549,3.62597393989563,0.09609673917293549,3.902991533279419,0.1448003053665161,3.8212785720825195,0.10010761767625809,3.8819429874420166
1352,3,3,1,0.2171032875776291,3.621880292892456,0.09491589665412903,3.896850347518921,0.15440648794174194,3.7955470085144043,0.10526944696903229,3.8220372200012207
1353,3,3,1,0.23007014393806458,3.593630790710449,0.10358039289712906,3.751984119415283,0.19229312241077423,3.768306016921997,0.1361009180545807,3.7785913944244385
1354,3,3,1,0.23945461213588715,3.6275553703308105,0.18971221148967743,3.8081204891204834,0.21284079551696777,3.7897841930389404,0.11999760568141937,3.8403918743133545
1355,3,3,1,0.20868292450904846,3.6271681785583496,0.09454221278429031,3.9427669048309326,0.12965361773967743,3.8720314502716064,0.08575812727212906,3.92958402633667
1356,3,3,1,0.21289311349391937,3.617257833480835,0.09845343977212906,3.8882083892822266,0.1488560289144516,3.8590173721313477,0.10092474520206451,3.881911516189575
1357,3,3,1,0.22117146849632263,3.6233949661254883,0.1240583136677742,3.871159553527832,0.15857182443141937,3.85137939453125,0.1042131707072258,3.8623063564300537
1358,3,3,1,0.2237199991941452,3.6277518272399902,0.15340003371238708,3.8401975631713867,0.17559191584587097,3.8157312870025635,0.10457190126180649,3.870973825454712
1359,3,3,1,0.2352544069290161,3.5874640941619873,0.10708306729793549,3.7086822986602783,0.20658282935619354,3.7350826263427734,0.1433354616165161,3.7830922603607178
1360,3,3,1,0.2232142835855484,3.610156297683716,0.10026207566261292,3.8531033992767334,0.1682378053665161,3.7926316261291504,0.11092952638864517,3.8577075004577637
1361,3,3,1,0.21654027700424194,3.6104164123535156,0.09718291461467743,3.8580877780914307,0.16599568724632263,3.832693099975586,0.11150749027729034,3.857372760772705
1362,3,3,1,0.23921296000480652,3.590604305267334,0.11267837136983871,3.67256236076355,0.219587042927742,3.6910057067871094,0.14756058156490326,3.744462490081787
1363,3,3,1,0.21700115501880646,3.621116876602173,0.09561344236135483,3.899322509765625,0.14402303099632263,3.7507784366607666,0.09791533648967743,3.8039894104003906
1364,3,3,1,0.21830157935619354,3.608914852142334,0.09815947711467743,3.859905481338501,0.16902503371238708,3.841705083847046,0.1145368292927742,3.8663649559020996
1365,3,3,1,0.21730756759643555,3.6117918491363525,0.09827905893325806,3.879138231277466,0.1549246609210968,3.815784454345703,0.10126355290412903,3.864790439605713
1366,3,3,1,0.23424793779850006,3.5870847702026367,0.10699338465929031,3.700568199157715,0.20746970176696777,3.737079620361328,0.14492984116077423,3.7757151126861572
1367,3,3,1,0.21731504797935486,3.6122639179229736,0.0976911261677742,3.8702504634857178,0.16290657222270966,3.8326401710510254,0.10897640138864517,3.8891732692718506
1368,3,3,1,0.21732501685619354,3.618070602416992,0.12136778235435486,3.866414785385132,0.1570970118045807,3.884047031402588,0.10608657449483871,3.9182791709899902
1369,3,3,1,0.2189418226480484,3.6119132041931152,0.09836874157190323,3.8486552238464355,0.16605548560619354,3.810729742050171,0.11148755997419357,3.877189874649048
1370,3,3,1,0.21084532141685486,3.625450372695923,0.09550382196903229,3.9081802368164062,0.13659916818141937,3.8096001148223877,0.10122369229793549,3.849773645401001
1371,3,3,1,0.22105439007282257,3.6124892234802246,0.09727758169174194,3.872515916824341,0.162458136677742,3.7973992824554443,0.10901626199483871,3.8561244010925293
1372,3,3,1,0.2145398110151291,3.6234121322631836,0.09529455751180649,3.9051551818847656,0.1477499157190323,3.7570648193359375,0.09713806957006454,3.781083345413208
1373,3,3,1,0.2135458141565323,3.6175527572631836,0.09614157676696777,3.890702724456787,0.14980268478393555,3.8364930152893066,0.10012754797935486,3.8761942386627197
1374,3,3,1,0.22090740501880646,3.614983081817627,0.09928551316261292,3.8505544662475586,0.16773955523967743,3.8391849994659424,0.109375,3.8272595405578613
1375,3,3,1,0.21087023615837097,3.6279520988464355,0.10021225363016129,3.934917688369751,0.13998724520206451,3.8328588008880615,0.0929129421710968,3.7816388607025146
1376,3,3,1,0.22178182005882263,3.6062679290771484,0.09754165261983871,3.815293550491333,0.17709662020206451,3.7964775562286377,0.12384406477212906,3.8305439949035645
1377,3,3,1,0.22339116036891937,3.6143569946289062,0.099051333963871,3.865493059158325,0.16527821123600006,3.7649221420288086,0.11403857916593552,3.7796225547790527
1378,3,3,1,0.20672233402729034,3.641359329223633,0.10462671518325806,3.9744749069213867,0.1389608532190323,3.8802437782287598,0.09594228118658066,3.9194016456604004
1379,3,3,1,0.22977618873119354,3.5921027660369873,0.10466159135103226,3.7451679706573486,0.1906389445066452,3.7785792350769043,0.1287069469690323,3.8555281162261963
1380,3,3,1,0.21249452233314514,3.6261885166168213,0.09368522465229034,3.9306492805480957,0.1379045695066452,3.8365488052368164,0.08950494229793549,3.8149633407592773
1381,3,2,0,0.21787557005882263,3.6234264373779297,0.10378467291593552,3.9000959396362305,0.1383928507566452,3.8454060554504395,0.09143813699483871,3.872711420059204
1382,3,3,1,0.2296590954065323,3.598327398300171,0.10294762253761292,3.7694802284240723,0.18407206237316132,3.758769989013672,0.12545838952064514,3.807307481765747
1383,3,3,1,0.2142857164144516,3.6324985027313232,0.09578283876180649,3.9400229454040527,0.12833824753761292,3.811475992202759,0.08866788446903229,3.853450298309326
1384,3,3,1,0.22572046518325806,3.601494312286377,0.10287787020206451,3.783320426940918,0.17765465378761292,3.786627769470215,0.12209024280309677,3.8609206676483154
1385,3,3,1,0.21040436625480652,3.6330246925354004,0.09652024507522583,3.9427523612976074,0.1492745578289032,3.852870464324951,0.10373485088348389,3.866666555404663
1386,3,3,1,0.2218465954065323,3.609942674636841,0.09920579195022583,3.8280346393585205,0.16663344204425812,3.7326276302337646,0.11776546388864517,3.813504934310913
1387,3,3,1,0.21446508169174194,3.629681348800659,0.093680240213871,3.925858974456787,0.14748086035251617,3.8258109092712402,0.09743701666593552,3.881570816040039
1388,3,3,1,0.2387346476316452,3.5818428993225098,0.11149254441261292,3.677258014678955,0.21253187954425812,3.7199456691741943,0.14273756742477417,3.77994966506958
1389,3,1,0,0.24814651906490326,3.6057043075561523,0.19142119586467743,3.748744010925293,0.21981623768806458,3.778367042541504,0.14102359116077423,3.8227813243865967
1390,3,3,1,0.22304487228393555,3.607179641723633,0.09884705394506454,3.8368868827819824,0.17235331237316132,3.7832446098327637,0.11716756969690323,3.8232693672180176
1391,3,3,1,0.23288275301456451,3.5942490100860596,0.10572783648967743,3.7355797290802,0.197614386677742,3.7519540786743164,0.13799425959587097,3.757510185241699
1392,3,3,1,0.21792788803577423,3.6100733280181885,0.09717793017625809,3.8504409790039062,0.1651785671710968,3.842181444168091,0.11158721148967743,3.8969459533691406
1393,3,3,1,0.22031697630882263,3.6093828678131104,0.09846838563680649,3.8558924198150635,0.1662348508834839,3.8342525959014893,0.11270327866077423,3.8992042541503906
1394,3,3,1,0.21920588612556458,3.615346908569336,0.09690389782190323,3.88590669631958,0.1548549085855484,3.797811985015869,0.10247927159070969,3.796771764755249
1395,3,3,1,0.20873524248600006,3.630484104156494,0.09395428001880646,3.9110145568847656,0.13666892051696777,3.8150200843811035,0.09482620656490326,3.855611562728882
1396,3,3,1,0.21252939105033875,3.6206820011138916,0.09405890852212906,3.9123318195343018,0.15348970890045166,3.8689866065979004,0.10237962007522583,3.888456344604492
1397,3,3,1,0.21909627318382263,3.6149613857269287,0.09633589535951614,3.893819570541382,0.1640625,3.842322587966919,0.10750158876180649,3.8275861740112305
1398,3,3,1,0.22109174728393555,3.6096363067626953,0.09945491701364517,3.8460497856140137,0.16851681470870972,3.827094793319702,0.11027184128761292,3.9007771015167236
1399,3,3,1,0.22403888404369354,3.6108906269073486,0.1360560804605484,3.797597646713257,0.17707668244838715,3.79026460647583,0.126953125,3.818995237350464
1400,3,3,1,0.23054347932338715,3.5915260314941406,0.10415337979793549,3.7382798194885254,0.20133130252361298,3.7680656909942627,0.14353474974632263,3.791724443435669
1401,3,3,1,0.2158377468585968,3.6222023963928223,0.09410375356674194,3.8990840911865234,0.1545061320066452,3.7985165119171143,0.10445232689380646,3.8097691535949707
1402,3,3,1,0.21000328660011292,3.626321315765381,0.10015246272087097,3.9024925231933594,0.1385423243045807,3.8393871784210205,0.10120376199483871,3.8595902919769287
1403,3,3,1,0.221296027302742,3.609388828277588,0.09991330653429031,3.838677406311035,0.17040018737316132,3.817894697189331,0.10845822840929031,3.8472988605499268
1404,3,3,1,0.21460707485675812,3.6280922889709473,0.0936104878783226,3.90765380859375,0.14594626426696777,3.7531750202178955,0.09550382196903229,3.7752504348754883
1405,3,3,1,0.23602169752120972,3.586493730545044,0.11218012124300003,3.696824312210083,0.20956233143806458,3.719020366668701,0.14297671616077423,3.7849178314208984
1406,3,3,1,0.2328229546546936,3.573975086212158,0.10842334479093552,3.7084693908691406,0.20430085062980652,3.7497317790985107,0.13994738459587097,3.7929365634918213
1407,3,3,1,0.21228276193141937,3.647584915161133,0.14491987228393555,3.9162139892578125,0.16265743970870972,3.890277624130249,0.09432796388864517,3.9484469890594482
1408,3,3,1,0.21583525836467743,3.624183416366577,0.09539420902729034,3.9110519886016846,0.14907525479793549,3.7603609561920166,0.09801498800516129,3.802968740463257
1409,3,3,1,0.21672213077545166,3.611076593399048,0.09860291332006454,3.858969211578369,0.1602260023355484,3.805398464202881,0.10760124027729034,3.8518245220184326
1410,3,3,1,0.2136479616165161,3.621431827545166,0.09532445669174194,3.905289649963379,0.14713209867477417,3.817270517349243,0.09131855517625809,3.83849835395813
1411,3,3,1,0.23386429250240326,3.5834460258483887,0.10765604674816132,3.702550172805786,0.2069016993045807,3.7450273036956787,0.1423788219690323,3.812570095062256
1412,3,3,1,0.21432307362556458,3.6355035305023193,0.12809908390045166,3.9308440685272217,0.15488480031490326,3.8999550342559814,0.09454718977212906,3.9534149169921875
1413,3,0,0,0.21969915926456451,3.602376699447632,0.10611646622419357,3.8182458877563477,0.16877590119838715,3.8157880306243896,0.11973851919174194,3.8566911220550537
1414,3,3,1,0.2124471813440323,3.62046480178833,0.095877505838871,3.906407594680786,0.13743622601032257,3.834251642227173,0.0940290167927742,3.92602801322937
1415,3,3,1,0.23886169493198395,3.5810327529907227,0.114432193338871,3.6741411685943604,0.21472416818141937,3.703824043273926,0.14479033648967743,3.7497591972351074
1416,3,3,1,0.22028957307338715,3.6019270420074463,0.09943000227212906,3.8160953521728516,0.17765465378761292,3.8398025035858154,0.11726721376180649,3.907885789871216
1417,3,3,1,0.23231475055217743,3.5976321697235107,0.1048060804605484,3.744521141052246,0.20014548301696777,3.769977569580078,0.14170120656490326,3.798452854156494
1418,3,3,1,0.21991589665412903,3.6200551986694336,0.09637077152729034,3.900217056274414,0.1550741344690323,3.798933267593384,0.103515625,3.839815139770508
1419,3,3,1,0.20845872163772583,3.6233015060424805,0.10581253468990326,3.902811050415039,0.13507454097270966,3.9105865955352783,0.08595743030309677,3.9833061695098877
1420,3,3,1,0.20598243176937103,3.632766008377075,0.09408880770206451,3.965261697769165,0.13307158648967743,3.8479855060577393,0.09512516111135483,3.829038381576538
1421,3,3,1,0.2239018678665161,3.6022520065307617,0.1023646742105484,3.8132879734039307,0.17393773794174194,3.7860212326049805,0.11611128598451614,3.825266122817993
1422,3,3,1,0.21942013502120972,3.6127138137817383,0.09907126426696777,3.8565680980682373,0.1579241007566452,3.767163038253784,0.0984933003783226,3.7814650535583496
1423,3,3,1,0.219342902302742,3.6099424362182617,0.09701351076364517,3.8778183460235596,0.16157126426696777,3.8464906215667725,0.10917569696903229,3.8910186290740967
1424,3,3,1,0.21643315255641937,3.6256589889526367,0.09536431729793549,3.932131767272949,0.14296674728393555,3.783369302749634,0.09885203838348389,3.8237903118133545
1425,3,3,1,0.23452696204185486,3.5901997089385986,0.10677415132522583,3.7296314239501953,0.19680723547935486,3.72946834564209,0.13859215378761292,3.7520852088928223
1426,3,3,1,0.21808233857154846,3.609595537185669,0.09844846278429031,3.8695783615112305,0.16003666818141937,3.831693649291992,0.10138312727212906,3.8643600940704346
1427,3,3,1,0.21481385827064514,3.6261191368103027,0.09307238459587097,3.9464669227600098,0.13819356262683868,3.7748053073883057,0.08671475946903229,3.7281084060668945
1428,3,3,1,0.2162562757730484,3.6218621730804443,0.09631596505641937,3.8909523487091064,0.14410275220870972,3.791093349456787,0.09578283876180649,3.8431127071380615
1429,3,3,1,0.20829430222511292,3.640047311782837,0.09586754441261292,3.9852397441864014,0.12012714892625809,3.8350892066955566,0.0772879421710968,3.8094377517700195
1430,3,3,1,0.21868273615837097,3.607295513153076,0.09919583052396774,3.852428436279297,0.16269730031490326,3.830709934234619,0.10453204810619354,3.8827455043792725
1431,3,3,1,0.23394650220870972,3.571495532989502,0.11036152392625809,3.687223434448242,0.2131796032190323,3.7384190559387207,0.1453085094690323,3.7355644702911377
1432,3,3,1,0.2158128321170807,3.628103733062744,0.09534438699483871,3.964935302734375,0.13415776193141937,3.761197328567505,0.08462212979793549,3.684173345565796
1433,3,3,1,0.21057626605033875,3.6372756958007812,0.09746691584587097,3.960740327835083,0.1300223171710968,3.833690881729126,0.08559869229793549,3.8465657234191895
1434,3,3,1,0.22702087461948395,3.6148273944854736,0.1241629421710968,3.8262438774108887,0.18056440353393555,3.8173840045928955,0.12808912992477417,3.817955493927002
