index,label,prediction,correct,rate_layer1,com_layer1,rate_layer2,com_layer2,rate_layer3,com_layer3,rate_layer4,com_layer4
0,0,0,1,0.2308349609375,3.581217050552368,0.11295738816261292,3.7266111373901367,0.21399672329425812,3.7921769618988037,0.14283721148967743,3.805218458175659
1,0,0,1,0.22358547151088715,3.5984914302825928,0.11322145909070969,3.800211191177368,0.1921835094690323,3.8213729858398438,0.12232939898967743,3.8739001750946045
2,0,0,1,0.23160474002361298,3.584932565689087,0.12374939769506454,3.7375688552856445,0.21068836748600006,3.790379762649536,0.1386120766401291,3.8007190227508545
3,0,0,1,0.23537397384643555,3.5718822479248047,0.11666931957006454,3.6918773651123047,0.2287846803665161,3.7653207778930664,0.15174585580825806,3.7589964866638184
4,0,0,1,0.23760363459587097,3.5754172801971436,0.11899612843990326,3.6722354888916016,0.2354213148355484,3.743703603744507,0.1572265625,3.735961437225342
5,0,0,1,0.23329877853393555,3.575516939163208,0.11699816584587097,3.707350254058838,0.22476880252361298,3.7757136821746826,0.1468431055545807,3.804424524307251
6,0,0,1,0.2276362180709839,3.592087507247925,0.12095922231674194,3.7704410552978516,0.2001355141401291,3.8112428188323975,0.13020168244838715,3.795499801635742
7,0,0,1,0.22835618257522583,3.588224411010742,0.1152692511677742,3.768359661102295,0.20895448327064514,3.785731315612793,0.14038583636283875,3.788330554962158
8,0,0,1,0.22114157676696777,3.603832483291626,0.10799485445022583,3.8288350105285645,0.18537746369838715,3.8144922256469727,0.12045599520206451,3.847121000289917
9,0,0,1,0.23253397643566132,3.584469795227051,0.11894132196903229,3.734375,0.21792291104793549,3.8036489486694336,0.14461097121238708,3.8285555839538574
10,0,0,1,0.2349255532026291,3.5845537185668945,0.11905093491077423,3.709843397140503,0.2196568101644516,3.761420965194702,0.1404854953289032,3.8106114864349365
11,0,0,1,0.23741181194782257,3.577361822128296,0.1191755011677742,3.6815919876098633,0.2274095118045807,3.7307305335998535,0.14646443724632263,3.7859573364257812
12,0,0,1,0.21799764037132263,3.6122665405273438,0.10616131126880646,3.859201192855835,0.17639906704425812,3.859959363937378,0.11527423560619354,3.9363760948181152
13,0,0,1,0.23390664160251617,3.5810930728912354,0.11646503955125809,3.7170908451080322,0.2190190553665161,3.775512933731079,0.1408442258834839,3.800481081008911
14,0,0,1,0.23389169573783875,3.5837185382843018,0.12607122957706451,3.727897882461548,0.21489356458187103,3.772965431213379,0.13809390366077423,3.8006927967071533
15,0,0,1,0.2329275906085968,3.576786994934082,0.11674405634403229,3.7069268226623535,0.2204838991165161,3.762225389480591,0.1436941921710968,3.745492458343506
16,0,0,1,0.22328652441501617,3.601412534713745,0.107840396463871,3.7847440242767334,0.19386757910251617,3.79907488822937,0.1267338991165161,3.796980619430542
17,0,0,1,0.23443976044654846,3.5782947540283203,0.11607640981674194,3.6994032859802246,0.22485849261283875,3.773454427719116,0.1454480141401291,3.78377628326416
18,0,0,1,0.23542380332946777,3.575676441192627,0.11995276063680649,3.69478702545166,0.22615393996238708,3.7543070316314697,0.14512914419174194,3.775061845779419
19,0,0,1,0.2232068032026291,3.6054108142852783,0.11906090378761292,3.8338215351104736,0.18250757455825806,3.8386569023132324,0.11959900707006454,3.8816864490509033
20,0,0,1,0.21959950029850006,3.6156280040740967,0.12182118743658066,3.844785213470459,0.17130699753761292,3.8302018642425537,0.11228475719690323,3.8714945316314697
21,0,0,1,0.2303641140460968,3.585930585861206,0.11998764425516129,3.7288014888763428,0.21509286761283875,3.7848968505859375,0.1423788219690323,3.809070587158203
22,0,0,1,0.23279555141925812,3.575155735015869,0.11700314283370972,3.7022101879119873,0.2214604616165161,3.732271432876587,0.14650429785251617,3.74833345413208
23,0,0,1,0.23331622779369354,3.5787410736083984,0.11539380997419357,3.700043201446533,0.22412109375,3.7333154678344727,0.14849728345870972,3.742450714111328
24,0,0,1,0.22766362130641937,3.5938217639923096,0.11580237001180649,3.77217960357666,0.1994379758834839,3.810033082962036,0.13040098547935486,3.8569464683532715
25,0,0,1,0.22430045902729034,3.6083011627197266,0.1251743882894516,3.810373067855835,0.19285115599632263,3.8368210792541504,0.12663424015045166,3.8558387756347656
26,0,0,1,0.22034437954425812,3.608255624771118,0.11694833636283875,3.8230230808258057,0.18902462720870972,3.860825538635254,0.12579719722270966,3.8826045989990234
27,0,0,1,0.23515723645687103,3.5766892433166504,0.119070865213871,3.704493999481201,0.23063814640045166,3.7746381759643555,0.15037068724632263,3.7668654918670654
28,0,0,1,0.23568040132522583,3.584235429763794,0.12969845533370972,3.711843490600586,0.22128108143806458,3.7552013397216797,0.1454480141401291,3.774869918823242
29,0,0,1,0.21648547053337097,3.6167619228363037,0.11878188699483871,3.8451342582702637,0.17866110801696777,3.8683695793151855,0.12049585580825806,3.937314033508301
30,0,0,1,0.23256386816501617,3.580291986465454,0.11807935684919357,3.7211697101593018,0.2232142835855484,3.78678560256958,0.14869658648967743,3.7698700428009033
31,0,0,1,0.2350027859210968,3.575403928756714,0.11756118386983871,3.6925196647644043,0.22408123314380646,3.731978416442871,0.14604590833187103,3.7442686557769775
32,0,0,1,0.2201450914144516,3.614962339401245,0.11580735445022583,3.8344879150390625,0.17749521136283875,3.8109140396118164,0.12001753598451614,3.858684778213501
33,0,0,1,0.23398138582706451,3.5861566066741943,0.1290905922651291,3.7297463417053223,0.21533203125,3.7669951915740967,0.1388911008834839,3.7719902992248535
34,0,0,1,0.23627829551696777,3.577622175216675,0.12002749741077423,3.687256097793579,0.23223254084587097,3.7435314655303955,0.14849728345870972,3.744598150253296
35,0,0,1,0.22227758169174194,3.6103627681732178,0.12463129311800003,3.824258327484131,0.18238799273967743,3.8342347145080566,0.12177136540412903,3.832733154296875
36,0,0,1,0.22330646216869354,3.6060667037963867,0.11477598547935486,3.8137264251708984,0.19125677645206451,3.8382744789123535,0.12468112260103226,3.8866686820983887
37,0,0,1,0.23471380770206451,3.5803792476654053,0.12300202995538712,3.707335948944092,0.22389189898967743,3.7418105602264404,0.14498963952064514,3.768522262573242
38,0,0,1,0.22916832566261292,3.5854332447052,0.11521942168474197,3.7414917945861816,0.21570073068141937,3.8018572330474854,0.14108338952064514,3.8203136920928955
39,0,0,1,0.22585000097751617,3.603090763092041,0.12765565514564514,3.8071112632751465,0.18765942752361298,3.82832407951355,0.12189093977212906,3.8265206813812256
40,0,0,1,0.22848322987556458,3.5864579677581787,0.11665437370538712,3.7449707984924316,0.2097516655921936,3.779134511947632,0.13976801931858063,3.7925281524658203
41,0,0,1,0.23244927823543549,3.5846292972564697,0.11932497471570969,3.7402396202087402,0.21308991312980652,3.7810044288635254,0.13723692297935486,3.809032917022705
42,0,0,1,0.21147559583187103,3.6222434043884277,0.10211057215929031,3.914853096008301,0.15658880770206451,3.861015558242798,0.10176179558038712,3.9079513549804688
43,0,0,1,0.2319585084915161,3.58514666557312,0.122802734375,3.734896659851074,0.21942761540412903,3.7760672569274902,0.14263790845870972,3.8004751205444336
44,0,0,1,0.22903379797935486,3.586570978164673,0.11417809128761292,3.7545382976531982,0.20754942297935486,3.808382987976074,0.1368582546710968,3.847386121749878
45,0,0,1,0.23235958814620972,3.577671527862549,0.11846798658370972,3.7250282764434814,0.2165776491165161,3.7920308113098145,0.14223931729793549,3.7948718070983887
46,0,0,1,0.22615891695022583,3.6034016609191895,0.12347038090229034,3.7950446605682373,0.19376793503761292,3.810131072998047,0.12581712007522583,3.8046886920928955
47,0,0,1,0.22178930044174194,3.6126275062561035,0.12082469463348389,3.8188865184783936,0.1842912882566452,3.8355681896209717,0.12376434355974197,3.900644063949585
48,0,0,1,0.23616868257522583,3.5763819217681885,0.1178152859210968,3.679819107055664,0.23111645877361298,3.75087308883667,0.15047034621238708,3.7747020721435547
49,0,0,1,0.22096967697143555,3.604133129119873,0.10737702995538712,3.811006546020508,0.18208904564380646,3.788048028945923,0.11890146136283875,3.8075761795043945
50,0,0,1,0.23237952589988708,3.5826821327209473,0.12180624157190323,3.7221744060516357,0.21593989431858063,3.7754499912261963,0.14106345176696777,3.784684896469116
51,0,0,1,0.22639060020446777,3.583207607269287,0.11205556243658066,3.7372164726257324,0.21215321123600006,3.7906529903411865,0.14345502853393555,3.805640459060669
52,0,0,1,0.22293277084827423,3.5978856086730957,0.10891162604093552,3.7905211448669434,0.19464485347270966,3.7930169105529785,0.12798947095870972,3.7689192295074463
53,0,0,1,0.23134565353393555,3.5838429927825928,0.11718251556158066,3.7277095317840576,0.21398676931858063,3.762876033782959,0.1410435289144516,3.7688286304473877
54,0,0,1,0.2248186320066452,3.600848913192749,0.11084980517625809,3.797015428543091,0.18801817297935486,3.7990777492523193,0.12045599520206451,3.8069159984588623
55,0,0,1,0.22244448959827423,3.604215383529663,0.11539380997419357,3.815803050994873,0.18648357689380646,3.8268141746520996,0.12484055757522583,3.901660203933716
56,0,0,1,0.23797482252120972,3.574833869934082,0.11951430886983871,3.6435985565185547,0.24004504084587097,3.699157238006592,0.15439651906490326,3.7289273738861084
57,0,0,1,0.2323620766401291,3.5741164684295654,0.11751633882522583,3.6897311210632324,0.23357780277729034,3.7537968158721924,0.1577845960855484,3.760641574859619
58,0,0,1,0.23013989627361298,3.5821497440338135,0.11476602405309677,3.7175045013427734,0.21980628371238708,3.762399196624756,0.14363440871238708,3.7882614135742188
59,0,0,1,0.22782306373119354,3.5888681411743164,0.11890146136283875,3.744887590408325,0.20820710062980652,3.7762036323547363,0.13913026452064514,3.791577100753784
60,0,0,1,0.22286301851272583,3.607764482498169,0.11858756840229034,3.8153438568115234,0.1884865164756775,3.817129373550415,0.1222098171710968,3.8742661476135254
61,0,0,1,0.2385951429605484,3.572493553161621,0.11914560198783875,3.673943042755127,0.2357102930545807,3.7382683753967285,0.15403778851032257,3.7618062496185303
62,0,0,1,0.21635591983795166,3.612157106399536,0.1068289577960968,3.857282876968384,0.17419682443141937,3.862136125564575,0.11196587979793549,3.9231042861938477
63,0,0,1,0.22821667790412903,3.5877652168273926,0.118338443338871,3.749610424041748,0.20809748768806458,3.7972991466522217,0.13723692297935486,3.8193435668945312
64,0,0,1,0.23479850590229034,3.5813794136047363,0.12363480031490326,3.7082695960998535,0.2303391993045807,3.7528445720672607,0.1516461968421936,3.756866931915283
65,0,0,1,0.2379847913980484,3.579028367996216,0.12505480647087097,3.696521759033203,0.22994060814380646,3.7517659664154053,0.1439134180545807,3.7769007682800293
66,0,0,1,0.23510491847991943,3.5858349800109863,0.12927494943141937,3.7225005626678467,0.21995575726032257,3.777646780014038,0.14518892765045166,3.7758407592773438
67,0,0,1,0.22343599796295166,3.608736753463745,0.12114357203245163,3.822242259979248,0.17957788705825806,3.8402419090270996,0.11485570669174194,3.8840880393981934
68,0,0,1,0.22726252675056458,3.5837764739990234,0.1128975972533226,3.737014055252075,0.21581034362316132,3.7919840812683105,0.14172114431858063,3.810715675354004
69,0,0,1,0.22879214584827423,3.5858187675476074,0.11105408519506454,3.7507290840148926,0.2080177664756775,3.786634683609009,0.13905054330825806,3.7818546295166016
70,0,0,1,0.22302743792533875,3.60196590423584,0.11282286047935486,3.8070127964019775,0.1937181055545807,3.842695474624634,0.123465396463871,3.8514931201934814
71,0,0,1,0.22145546972751617,3.611649751663208,0.11455675959587097,3.817545175552368,0.18138153851032257,3.7884297370910645,0.1167689710855484,3.84912109375
72,0,0,1,0.22743940353393555,3.586564540863037,0.11609634011983871,3.763143301010132,0.2004643678665161,3.7931599617004395,0.1314174085855484,3.814073324203491
73,0,0,1,0.23534657061100006,3.582470655441284,0.12688834965229034,3.709977626800537,0.2207728773355484,3.752561569213867,0.1450892835855484,3.773763656616211
74,0,0,1,0.21697624027729034,3.6143221855163574,0.10716776549816132,3.8640103340148926,0.17202447354793549,3.850431442260742,0.11210538446903229,3.9482667446136475
75,0,0,1,0.22804228961467743,3.5856692790985107,0.11771564185619354,3.729238986968994,0.21585020422935486,3.7848668098449707,0.14644451439380646,3.804436683654785
76,0,0,1,0.2356131374835968,3.580860137939453,0.11748644709587097,3.702671766281128,0.2280970960855484,3.7646570205688477,0.14694276452064514,3.7676658630371094
77,0,0,1,0.21519501507282257,3.6242575645446777,0.11831353604793549,3.8708415031433105,0.16548748314380646,3.8560245037078857,0.11084980517625809,3.9115426540374756
78,0,0,1,0.22918576002120972,3.5850841999053955,0.1196986585855484,3.73464035987854,0.21439532935619354,3.7999069690704346,0.1437739133834839,3.8084280490875244
79,0,0,1,0.21757911145687103,3.6155052185058594,0.10433274507522583,3.8632760047912598,0.17203444242477417,3.8318467140197754,0.11316166818141937,3.8779499530792236
80,0,0,1,0.2168491929769516,3.610006332397461,0.10669941455125809,3.8348352909088135,0.17726601660251617,3.8165159225463867,0.11742665618658066,3.8474202156066895
81,0,0,1,0.23140545189380646,3.5734431743621826,0.11426777392625809,3.692770481109619,0.22436024248600006,3.7315566539764404,0.14710219204425812,3.742175817489624
82,0,0,1,0.22810955345630646,3.5869054794311523,0.11336096376180649,3.7573840618133545,0.20576569437980652,3.795438051223755,0.13641980290412903,3.8303871154785156
83,0,1,0,0.2569131553173065,3.5741658210754395,0.1350546032190323,3.4719619750976562,0.2999541461467743,3.5766918659210205,0.1935786008834839,3.5830330848693848
84,0,0,1,0.23560068011283875,3.5776445865631104,0.11734195053577423,3.697550058364868,0.2231544852256775,3.7535054683685303,0.14455117285251617,3.758168935775757
85,0,0,1,0.2260393351316452,3.5975489616394043,0.11388412863016129,3.7857110500335693,0.1981724351644516,3.8297882080078125,0.1277901828289032,3.8557393550872803
86,0,0,1,0.22851811349391937,3.5860304832458496,0.11864237487316132,3.75,0.20932318270206451,3.796058177947998,0.1411830335855484,3.8085827827453613
87,0,0,1,0.21859802305698395,3.611644744873047,0.11216019093990326,3.8646440505981445,0.17140664160251617,3.842858076095581,0.11094945669174194,3.88629412651062
88,0,0,1,0.21543416380882263,3.6154584884643555,0.10705815255641937,3.869828224182129,0.17486447095870972,3.891725540161133,0.11475605517625809,3.91802716255188
89,0,0,1,0.232770636677742,3.5875680446624756,0.12952406704425812,3.7382290363311768,0.21040935814380646,3.7363486289978027,0.13815370202064514,3.7358627319335938
90,0,0,1,0.2306780070066452,3.5846364498138428,0.11726721376180649,3.724677085876465,0.2170161008834839,3.755028009414673,0.1421595960855484,3.767559289932251
91,0,0,1,0.21607691049575806,3.61979603767395,0.11287766695022583,3.8772897720336914,0.1574457883834839,3.83740496635437,0.101981021463871,3.8809850215911865
92,0,0,1,0.21956463158130646,3.6106767654418945,0.10570292174816132,3.84855055809021,0.1737583726644516,3.8382749557495117,0.11493542790412903,3.9129528999328613
93,0,0,1,0.22606424987316132,3.591862916946411,0.12208525836467743,3.7595396041870117,0.2050880789756775,3.8043341636657715,0.13548310101032257,3.815239667892456
94,0,0,1,0.22059351205825806,3.610358238220215,0.11479591578245163,3.822092056274414,0.1828364133834839,3.8297362327575684,0.12199059128761292,3.9116158485412598
95,0,0,1,0.23398636281490326,3.5769026279449463,0.11684370785951614,3.7145111560821533,0.22158002853393555,3.7821550369262695,0.14674346148967743,3.793698310852051
96,0,0,1,0.21838130056858063,3.611544609069824,0.1062360480427742,3.833223819732666,0.1809331178665161,3.82442045211792,0.11910076439380646,3.890897035598755
97,0,0,1,0.22913344204425812,3.5844242572784424,0.11601661890745163,3.747562885284424,0.21110689640045166,3.816049098968506,0.14088408648967743,3.8044984340667725
98,0,0,1,0.2219586968421936,3.6071877479553223,0.11205057799816132,3.8214683532714844,0.18559668958187103,3.8229262828826904,0.12047592550516129,3.854259729385376
99,0,0,1,0.23013491928577423,3.584608793258667,0.11744658648967743,3.735788106918335,0.21356824040412903,3.7754292488098145,0.13919004797935486,3.8134307861328125
100,0,0,1,0.23412586748600006,3.57566499710083,0.11451689898967743,3.699660539627075,0.22318439185619354,3.764030933380127,0.1483777016401291,3.784419059753418
101,0,0,1,0.23457428812980652,3.5800445079803467,0.11671416461467743,3.7024118900299072,0.22378228604793549,3.7672441005706787,0.14552773535251617,3.790468454360962
102,0,0,1,0.2340710610151291,3.5738840103149414,0.11739178001880646,3.6997580528259277,0.22499799728393555,3.7681915760040283,0.14568717777729034,3.7748289108276367
103,0,0,1,0.23319165408611298,3.5844132900238037,0.11772061884403229,3.713209390640259,0.21876992285251617,3.7460598945617676,0.142578125,3.744478702545166
104,0,0,1,0.22239217162132263,3.6029908657073975,0.11404356360435486,3.8025689125061035,0.194196417927742,3.8334872722625732,0.12725207209587097,3.8416600227355957
105,0,0,1,0.2383684366941452,3.5751283168792725,0.11985311657190323,3.6600706577301025,0.23453442752361298,3.711548328399658,0.14923469722270966,3.7275640964508057
106,0,0,1,0.22042907774448395,3.6107683181762695,0.11006257683038712,3.8470802307128906,0.1779536008834839,3.863142490386963,0.11220503598451614,3.9159858226776123
107,0,0,1,0.23008759319782257,3.5846099853515625,0.1168038472533226,3.7273812294006348,0.22163982689380646,3.792914390563965,0.1497727930545807,3.8091816902160645
108,0,0,1,0.22265625,3.612804412841797,0.12420778721570969,3.8184444904327393,0.1820591539144516,3.822331666946411,0.11910076439380646,3.868474006652832
109,0,0,1,0.22117146849632263,3.611241340637207,0.11940967291593552,3.829550266265869,0.18186981976032257,3.831406593322754,0.119140625,3.88992977142334
110,0,0,1,0.21760402619838715,3.6071460247039795,0.10771085321903229,3.8322694301605225,0.1812220960855484,3.843780994415283,0.12310665845870972,3.8678970336914062
111,0,0,1,0.23565050959587097,3.578568935394287,0.11699816584587097,3.6828207969665527,0.22680164873600006,3.7274603843688965,0.14933434128761292,3.749499559402466
112,0,0,1,0.22750169038772583,3.592798948287964,0.12257353961467743,3.7643184661865234,0.2008928507566452,3.7977678775787354,0.1325932741165161,3.8194799423217773
113,0,0,1,0.2292829155921936,3.5885632038116455,0.12711754441261292,3.751812696456909,0.21194395422935486,3.796135187149048,0.14231903851032257,3.7941465377807617
114,0,0,1,0.23027193546295166,3.5851805210113525,0.12274294346570969,3.7467830181121826,0.21345862746238708,3.7654170989990234,0.14070472121238708,3.764305830001831
115,0,0,1,0.23513980209827423,3.5782999992370605,0.12118343263864517,3.7083709239959717,0.22355309128761292,3.7726664543151855,0.14588648080825806,3.7938525676727295
116,0,0,1,0.23026695847511292,3.58624267578125,0.11541872471570969,3.7489748001098633,0.2105189710855484,3.7839629650115967,0.1365194469690323,3.800729990005493
117,0,0,1,0.23051856458187103,3.583160400390625,0.11421296745538712,3.7310125827789307,0.2135881632566452,3.772324323654175,0.14060506224632263,3.7804393768310547
118,0,0,1,0.23090222477912903,3.587089776992798,0.1286272257566452,3.7510459423065186,0.2140864133834839,3.7920312881469727,0.13622049987316132,3.802194595336914
119,0,0,1,0.22296765446662903,3.6028313636779785,0.11205057799816132,3.7937214374542236,0.1950334757566452,3.801144599914551,0.12804926931858063,3.783968925476074
120,0,0,1,0.22322674095630646,3.602231979370117,0.11031170189380646,3.8125112056732178,0.18727080523967743,3.795828342437744,0.12147241830825806,3.8370795249938965
121,0,0,1,0.21277353167533875,3.621925115585327,0.10908601433038712,3.889101982116699,0.16323541104793549,3.8639276027679443,0.10807956010103226,3.929743766784668
122,0,0,1,0.2342778444290161,3.579502582550049,0.12875178456306458,3.7131690979003906,0.22448979318141937,3.7688210010528564,0.15300142765045166,3.775693655014038
123,0,0,1,0.2303117960691452,3.5856525897979736,0.11711276322603226,3.7430758476257324,0.21565090119838715,3.813640832901001,0.14393335580825806,3.833979606628418
124,0,0,1,0.23415826261043549,3.5850436687469482,0.11895129084587097,3.7003016471862793,0.22239716351032257,3.7401649951934814,0.14281727373600006,3.7486743927001953
125,0,0,1,0.2175392508506775,3.62260365486145,0.12131796032190323,3.8522322177886963,0.1695033460855484,3.812286853790283,0.11134805530309677,3.8516197204589844
126,0,0,1,0.21533949673175812,3.621617555618286,0.1184430792927742,3.8715715408325195,0.1646205335855484,3.8702783584594727,0.1046316921710968,3.9272379875183105
127,0,0,1,0.2197888344526291,3.6108925342559814,0.10758130997419357,3.846517324447632,0.18132174015045166,3.855133056640625,0.11391900479793549,3.890657901763916
128,0,0,1,0.2270607352256775,3.5921947956085205,0.12232441455125809,3.7712109088897705,0.1960200071334839,3.791063070297241,0.13133768737316132,3.7981791496276855
129,0,0,1,0.21905890107154846,3.6117568016052246,0.10842334479093552,3.853177785873413,0.18105268478393555,3.853156566619873,0.11999760568141937,3.898355722427368
130,0,0,1,0.2330571413040161,3.5832111835479736,0.11785514652729034,3.726642370223999,0.22061343491077423,3.7890148162841797,0.14295679330825806,3.8194618225097656
131,0,0,1,0.22360041737556458,3.599409580230713,0.111572265625,3.820390224456787,0.18928371369838715,3.837272882461548,0.12175143510103226,3.8528401851654053
132,0,0,1,0.23668436706066132,3.5755364894866943,0.11881177872419357,3.6851043701171875,0.22682158648967743,3.7317018508911133,0.14616549015045166,3.7703845500946045
133,0,0,1,0.2285081446170807,3.5888688564300537,0.11389409005641937,3.7535762786865234,0.21592992544174194,3.8037750720977783,0.1414620578289032,3.8300929069519043
134,0,0,1,0.2340337038040161,3.583502769470215,0.11775549501180649,3.70119309425354,0.22575533390045166,3.779871940612793,0.14861686527729034,3.7623708248138428
135,0,0,1,0.22231993079185486,3.612330675125122,0.12463129311800003,3.816542625427246,0.18536750972270966,3.827115297317505,0.1261758655309677,3.826251745223999
136,0,0,1,0.23798230290412903,3.577160596847534,0.11865234375,3.676072835922241,0.23573023080825806,3.7417569160461426,0.15375876426696777,3.7590408325195312
137,0,0,1,0.2198835015296936,3.616464376449585,0.12644989788532257,3.8559439182281494,0.17377829551696777,3.867480993270874,0.11629065126180649,3.933847427368164
138,0,0,1,0.21498823165893555,3.6268396377563477,0.12075494229793549,3.8682539463043213,0.1581433266401291,3.823629379272461,0.10712292790412903,3.876465082168579
139,0,0,1,0.22251175343990326,3.6070892810821533,0.115897037088871,3.8218047618865967,0.18349409103393555,3.823775291442871,0.12089444696903229,3.892350912094116
140,0,0,1,0.23136559128761292,3.583049774169922,0.11456174403429031,3.7254817485809326,0.21501314640045166,3.789080858230591,0.13946907222270966,3.815232992172241
141,0,0,1,0.23225745558738708,3.5749330520629883,0.11291254311800003,3.7111904621124268,0.22175940871238708,3.7752764225006104,0.1478794664144516,3.775876045227051
142,0,0,1,0.23469138145446777,3.577791452407837,0.1225237175822258,3.70302152633667,0.22550621628761292,3.7585947513580322,0.14582668244838715,3.802788019180298
143,0,0,1,0.22949716448783875,3.5907816886901855,0.12632034718990326,3.7495365142822266,0.2072504758834839,3.7787768840789795,0.1355428844690323,3.799147129058838
144,0,0,1,0.23177415132522583,3.589298725128174,0.11920539289712906,3.746081590652466,0.20959223806858063,3.797698736190796,0.13556282222270966,3.817847728729248
145,0,0,1,0.23426039516925812,3.580726146697998,0.11667928844690323,3.7009992599487305,0.21890942752361298,3.7342042922973633,0.14170120656490326,3.7329113483428955
146,0,0,1,0.2316819727420807,3.5823073387145996,0.11416314542293549,3.727447271347046,0.2100306898355484,3.787161350250244,0.13737642765045166,3.797475814819336
147,0,0,1,0.21630859375,3.614248752593994,0.10571786761283875,3.8462626934051514,0.17712651193141937,3.837749719619751,0.12007732689380646,3.8741908073425293
148,0,0,1,0.230712890625,3.586902141571045,0.11776546388864517,3.74031138420105,0.21438536047935486,3.7882773876190186,0.14002710580825806,3.821235418319702
149,0,0,1,0.233642578125,3.5827949047088623,0.11796974390745163,3.7239937782287598,0.21605946123600006,3.754542827606201,0.1364397257566452,3.7730062007904053
150,0,0,1,0.22732232511043549,3.597759962081909,0.12315648794174194,3.7820615768432617,0.19808274507522583,3.826592206954956,0.12998245656490326,3.8701319694519043
151,0,0,1,0.23603415489196777,3.5757498741149902,0.11714763939380646,3.683225631713867,0.22705078125,3.7419793605804443,0.14616549015045166,3.768202781677246
152,0,0,1,0.2262137234210968,3.606790542602539,0.12519431114196777,3.7969913482666016,0.1923230141401291,3.833212375640869,0.1273716539144516,3.842747688293457
153,0,0,1,0.23179158568382263,3.5766472816467285,0.11365493386983871,3.716759443283081,0.22302494943141937,3.7969260215759277,0.14973293244838715,3.80460524559021
154,0,0,1,0.23415826261043549,3.5833306312561035,0.11777542531490326,3.715754270553589,0.21508289873600006,3.752270221710205,0.1396484375,3.7870700359344482
155,0,0,1,0.22165974974632263,3.612142562866211,0.12117346376180649,3.8351151943206787,0.1798270046710968,3.853928804397583,0.11527423560619354,3.880359649658203
156,0,0,1,0.2276710867881775,3.5895347595214844,0.11908083409070969,3.781757354736328,0.2006138414144516,3.8217265605926514,0.1349848508834839,3.8496973514556885
157,0,0,1,0.2203543484210968,3.613960027694702,0.12045101076364517,3.8262667655944824,0.18349409103393555,3.8214402198791504,0.12338568270206451,3.892747640609741
158,0,0,1,0.21918845176696777,3.6103837490081787,0.109549380838871,3.8438167572021484,0.17974728345870972,3.8301918506622314,0.1141183003783226,3.8307719230651855
159,0,0,1,0.23265355825424194,3.5860540866851807,0.12330097705125809,3.7367358207702637,0.21830157935619354,3.800839900970459,0.14211973547935486,3.8169960975646973
160,0,0,1,0.22673438489437103,3.5904541015625,0.11856265366077423,3.768280267715454,0.20074337720870972,3.805112838745117,0.13289222121238708,3.829184055328369
161,0,0,1,0.225568488240242,3.60469388961792,0.12519431114196777,3.8089704513549805,0.18160076439380646,3.814530372619629,0.11931999027729034,3.8563554286956787
162,0,0,1,0.21958954632282257,3.6078619956970215,0.10485590249300003,3.8163459300994873,0.18431122601032257,3.819312334060669,0.12270806729793549,3.8570733070373535
163,0,0,1,0.23193109035491943,3.581660270690918,0.11413823068141937,3.7210144996643066,0.21800263226032257,3.7776660919189453,0.1434948891401291,3.7869443893432617
164,0,0,1,0.23493552207946777,3.5799479484558105,0.11902104318141937,3.7098543643951416,0.23012994229793549,3.7798562049865723,0.15120774507522583,3.7972848415374756
165,0,0,1,0.23186133801937103,3.5807931423187256,0.11376953125,3.7227818965911865,0.21783322095870972,3.7860474586486816,0.14702247083187103,3.793276309967041
166,0,0,1,0.23347815871238708,3.5819568634033203,0.12031149864196777,3.7251832485198975,0.21970662474632263,3.774492025375366,0.14192043244838715,3.7754528522491455
167,0,0,1,0.22335876524448395,3.60280179977417,0.1179547980427742,3.8128325939178467,0.19041971862316132,3.8542048931121826,0.1243024542927742,3.8980278968811035
168,0,0,1,0.2341233789920807,3.5797464847564697,0.12462133169174194,3.72037410736084,0.2225964516401291,3.776524305343628,0.14756058156490326,3.7997028827667236
169,0,0,1,0.22506774961948395,3.5984790325164795,0.1231515035033226,3.7711291313171387,0.20101243257522583,3.800614595413208,0.13480548560619354,3.810023546218872
170,0,0,1,0.2284035086631775,3.595595598220825,0.124267578125,3.7727437019348145,0.20051418244838715,3.8026041984558105,0.13046076893806458,3.835777521133423
171,0,0,1,0.23476861417293549,3.578068256378174,0.12012216448783875,3.700651168823242,0.22799743711948395,3.7469842433929443,0.150390625,3.79485821723938
172,0,0,1,0.22879962623119354,3.591439723968506,0.12238918989896774,3.7596890926361084,0.20297552645206451,3.796651840209961,0.13590162992477417,3.800704002380371
173,0,0,1,0.23457928001880646,3.572906255722046,0.11635542660951614,3.696655750274658,0.2269909828901291,3.768383264541626,0.14799903333187103,3.7699973583221436
174,0,0,1,0.23736447095870972,3.569343090057373,0.11785514652729034,3.675023317337036,0.23615871369838715,3.7466981410980225,0.15525349974632263,3.769319534301758
175,0,0,1,0.22432288527488708,3.6051418781280518,0.12053073197603226,3.8037285804748535,0.1891840696334839,3.824018955230713,0.1257772594690323,3.8383774757385254
176,0,0,1,0.23353545367717743,3.579957962036133,0.11574756354093552,3.6834402084350586,0.2253069132566452,3.7108359336853027,0.14851722121238708,3.7552335262298584
177,0,0,1,0.23466646671295166,3.574434518814087,0.11869718134403229,3.6977291107177734,0.22828643023967743,3.7708325386047363,0.15049026906490326,3.778704881668091
178,0,0,1,0.23880939185619354,3.5704987049102783,0.12523417174816132,3.6801273822784424,0.2347337305545807,3.7339532375335693,0.15306122601032257,3.744661569595337
179,0,0,1,0.21908381581306458,3.607889175415039,0.10773078352212906,3.848071336746216,0.18186981976032257,3.8455426692962646,0.12139269709587097,3.8773601055145264
180,0,0,1,0.22103942930698395,3.6118881702423096,0.122488833963871,3.8327367305755615,0.1767578125,3.823655366897583,0.11429767310619354,3.8353967666625977
181,0,0,1,0.22190888226032257,3.599555492401123,0.10739696025848389,3.8179540634155273,0.1876395046710968,3.8158788681030273,0.12031648308038712,3.8322014808654785
182,0,0,1,0.220075324177742,3.610085964202881,0.11031170189380646,3.851806640625,0.17560188472270966,3.8310635089874268,0.11250398308038712,3.8882195949554443
183,0,0,1,0.22597207129001617,3.6023240089416504,0.11927515268325806,3.7833659648895264,0.20504823327064514,3.7969090938568115,0.13661909103393555,3.770094871520996
184,0,0,1,0.23357032239437103,3.5859081745147705,0.12692323327064514,3.7142183780670166,0.21809230744838715,3.745042562484741,0.1443319469690323,3.773405075073242
185,0,0,1,0.23088976740837097,3.5809929370880127,0.11758111417293549,3.717954158782959,0.21580037474632263,3.778583288192749,0.1452287882566452,3.7671196460723877
186,0,0,1,0.23513482511043549,3.5783228874206543,0.12125816941261292,3.695319890975952,0.22609414160251617,3.728767156600952,0.14469069242477417,3.7460055351257324
187,0,0,1,0.21670220792293549,3.6157543659210205,0.10394909977912903,3.8551981449127197,0.17658840119838715,3.8386659622192383,0.11421795189380646,3.837026596069336
188,0,0,1,0.22944733500480652,3.5838310718536377,0.11421795189380646,3.751962900161743,0.20965202152729034,3.825324296951294,0.13703761994838715,3.8302793502807617
189,0,0,1,0.2329450249671936,3.591416597366333,0.12798947095870972,3.74953293800354,0.21246212720870972,3.7941465377807617,0.14192043244838715,3.800870656967163
190,0,0,1,0.21772858500480652,3.6121878623962402,0.11047612130641937,3.8512604236602783,0.17183513939380646,3.871375560760498,0.1134207546710968,3.920576333999634
191,0,0,1,0.21780581772327423,3.610358238220215,0.10627590864896774,3.8542897701263428,0.17743542790412903,3.8811075687408447,0.11539380997419357,3.9751296043395996
192,0,0,1,0.22248932719230652,3.607900619506836,0.11807935684919357,3.8222286701202393,0.18312539160251617,3.853349208831787,0.11776546388864517,3.903198480606079
193,0,0,1,0.23408102989196777,3.5769567489624023,0.11663444340229034,3.69276762008667,0.22359295189380646,3.757197618484497,0.14833784103393555,3.765148401260376
194,0,0,1,0.22638562321662903,3.5888328552246094,0.11013232916593552,3.7500452995300293,0.20464962720870972,3.800116777420044,0.13620057702064514,3.8015804290771484
195,0,0,1,0.23784278333187103,3.5749330520629883,0.1192103773355484,3.683858633041382,0.23295001685619354,3.7521495819091797,0.15336017310619354,3.7924625873565674
196,0,0,1,0.22988080978393555,3.583120107650757,0.11334104090929031,3.729119062423706,0.2119838148355484,3.771071195602417,0.1393694132566452,3.808236837387085
197,0,0,1,0.23618362843990326,3.572179079055786,0.11879683285951614,3.686281204223633,0.2301199734210968,3.7557268142700195,0.1492147594690323,3.7810871601104736
198,0,0,1,0.21992087364196777,3.610741138458252,0.11536391824483871,3.8378682136535645,0.17860132455825806,3.848853349685669,0.1194196417927742,3.896361827850342
199,0,0,1,0.23454439640045166,3.581616163253784,0.1248953640460968,3.7191526889801025,0.21830157935619354,3.7820332050323486,0.13934949040412903,3.795766592025757
200,0,0,1,0.22139069437980652,3.6090269088745117,0.11095444113016129,3.8341641426086426,0.17972736060619354,3.867764472961426,0.11409837007522583,3.9505677223205566
201,0,0,1,0.23581990599632263,3.5754384994506836,0.1199079230427742,3.68640398979187,0.2294921875,3.732783317565918,0.14656409621238708,3.740957260131836
202,0,0,1,0.2133016735315323,3.621833324432373,0.10137815028429031,3.893203020095825,0.16089364886283875,3.8418803215026855,0.1025390625,3.9051506519317627
203,0,0,1,0.21958455443382263,3.616441488265991,0.121337890625,3.8528313636779785,0.16455078125,3.849391460418701,0.11015225946903229,3.881309986114502
204,0,0,1,0.22953453660011292,3.583153247833252,0.11770068854093552,3.739067792892456,0.2195073366165161,3.7874977588653564,0.14413264393806458,3.8048949241638184
205,0,0,1,0.21524982154369354,3.613821268081665,0.11064552515745163,3.8599090576171875,0.17721620202064514,3.856950044631958,0.1196986585855484,3.9420578479766846
206,0,0,1,0.21477648615837097,3.614083766937256,0.10744180530309677,3.868762731552124,0.17597058415412903,3.8641486167907715,0.1160714253783226,3.9055631160736084
207,0,0,1,0.2355882227420807,3.5742173194885254,0.11641521751880646,3.693601608276367,0.22420081496238708,3.736966133117676,0.14813855290412903,3.743844985961914
208,0,0,1,0.23409099876880646,3.5823915004730225,0.12267816811800003,3.7342214584350586,0.2152722328901291,3.7813267707824707,0.13877151906490326,3.791325569152832
209,0,0,1,0.22340361773967743,3.6026360988616943,0.1093401238322258,3.7990431785583496,0.19299067556858063,3.8190219402313232,0.1255580335855484,3.856349229812622
210,0,0,1,0.23107659816741943,3.5826468467712402,0.11778539419174194,3.7311758995056152,0.218610480427742,3.7674810886383057,0.14317601919174194,3.788418769836426
211,0,0,1,0.23637793958187103,3.5798237323760986,0.11691844463348389,3.686823606491089,0.22899393737316132,3.7546563148498535,0.1517259180545807,3.761460542678833
212,0,0,1,0.2334681898355484,3.5803492069244385,0.1185477077960968,3.7217249870300293,0.21615912020206451,3.7588512897491455,0.13956871628761292,3.7859489917755127
213,0,0,1,0.22360540926456451,3.6022818088531494,0.11484076082706451,3.8117923736572266,0.18954280018806458,3.8099470138549805,0.12109375,3.8625741004943848
214,0,0,1,0.22422322630882263,3.6047775745391846,0.1141183003783226,3.8161020278930664,0.18746013939380646,3.830427408218384,0.119140625,3.8768818378448486
215,0,0,1,0.21488361060619354,3.6211047172546387,0.1089215949177742,3.8647820949554443,0.1693638414144516,3.851435661315918,0.1096540167927742,3.901672124862671
216,0,0,1,0.22426557540893555,3.605851888656616,0.1208844855427742,3.802077293395996,0.19128666818141937,3.817566156387329,0.12613600492477417,3.858271360397339
217,0,0,1,0.23514477908611298,3.5834789276123047,0.118094302713871,3.716310977935791,0.2198660671710968,3.752991199493408,0.14267776906490326,3.7575080394744873
218,0,0,1,0.23597685992717743,3.5753512382507324,0.11903101205825806,3.680410146713257,0.23205316066741943,3.733370542526245,0.15104830265045166,3.7369046211242676
219,0,0,1,0.22982600331306458,3.588484048843384,0.12348034977912903,3.766331672668457,0.20671236515045166,3.778634786605835,0.1388711780309677,3.7972159385681152
220,0,0,1,0.23697583377361298,3.572263479232788,0.11994778364896774,3.6821467876434326,0.23100684583187103,3.7470881938934326,0.14989237487316132,3.772237777709961
221,0,0,1,0.2273123562335968,3.60437273979187,0.12949417531490326,3.799268960952759,0.1942661851644516,3.828366279602051,0.12838807702064514,3.8492703437805176
222,0,0,1,0.2308797985315323,3.5824098587036133,0.11569774150848389,3.727057456970215,0.2146444469690323,3.793361186981201,0.14064492285251617,3.782343864440918
223,0,0,1,0.23361018300056458,3.5880796909332275,0.12304189056158066,3.741445541381836,0.2126813530921936,3.7733683586120605,0.13641980290412903,3.777940034866333
224,0,0,1,0.22076788544654846,3.602360725402832,0.10736706852912903,3.809086322784424,0.1864636391401291,3.8320329189300537,0.12366469949483871,3.864947557449341
225,0,0,1,0.22961923480033875,3.588569164276123,0.12073501199483871,3.746162176132202,0.21345862746238708,3.7576210498809814,0.14016661047935486,3.763258934020996
226,0,0,1,0.22224269807338715,3.610548257827759,0.12055563926696777,3.8200528621673584,0.18030531704425812,3.8125898838043213,0.11754623800516129,3.872838258743286
227,0,0,1,0.22878716886043549,3.596034288406372,0.12403339892625809,3.7783803939819336,0.19717593491077423,3.7842018604278564,0.1335897594690323,3.811129331588745
228,0,3,0,0.2593022584915161,3.58000111579895,0.13641980290412903,3.4694666862487793,0.2938954830169678,3.525819778442383,0.18672272562980652,3.5509660243988037
229,0,0,1,0.22488340735435486,3.6019387245178223,0.1104561910033226,3.797780752182007,0.1943458914756775,3.770548105239868,0.12222974747419357,3.7656939029693604
230,0,0,1,0.2338169664144516,3.573442220687866,0.11718251556158066,3.693737030029297,0.22835618257522583,3.7569820880889893,0.14668366312980652,3.7995924949645996
231,0,0,1,0.21737483143806458,3.6170005798339844,0.11491549760103226,3.860214948654175,0.17617984116077423,3.8517534732818604,0.11431760340929031,3.878312349319458
232,0,0,1,0.22352568805217743,3.6039230823516846,0.11933992058038712,3.8130009174346924,0.18600526452064514,3.829690456390381,0.1231863796710968,3.853260040283203
233,0,0,1,0.23366498947143555,3.579124689102173,0.11781030893325806,3.705942153930664,0.22573541104793549,3.775261640548706,0.14971300959587097,3.787273645401001
234,0,0,1,0.23453442752361298,3.578348159790039,0.11565788090229034,3.7071468830108643,0.22770845890045166,3.780184745788574,0.15045040845870972,3.7900383472442627
235,0,0,1,0.23124849796295166,3.5835390090942383,0.11408840864896774,3.7103676795959473,0.21334901452064514,3.7352638244628906,0.14050541818141937,3.778156042098999
236,0,0,1,0.22010523080825806,3.611112356185913,0.1150251105427742,3.8337087631225586,0.1787109375,3.8471617698669434,0.11856265366077423,3.86653208732605
237,0,0,1,0.23602169752120972,3.5759809017181396,0.12139767408370972,3.706587314605713,0.2162388414144516,3.7391245365142822,0.1342075914144516,3.7447283267974854
238,0,0,1,0.23403120040893555,3.585829496383667,0.12286251783370972,3.728334426879883,0.21473413705825806,3.7615201473236084,0.14110331237316132,3.7658193111419678
239,0,0,1,0.22183164954185486,3.6056487560272217,0.11810925602912903,3.8321452140808105,0.18427136540412903,3.8526389598846436,0.12382413446903229,3.90004825592041
240,0,0,1,0.22863520681858063,3.5803260803222656,0.11622588336467743,3.731084108352661,0.20751953125,3.7668187618255615,0.1369180530309677,3.791411876678467
241,0,0,1,0.22555603086948395,3.60918927192688,0.13038603961467743,3.7992281913757324,0.19240273535251617,3.8400661945343018,0.1262555718421936,3.886345624923706
242,0,0,1,0.2282814383506775,3.588056802749634,0.11720743030309677,3.7505526542663574,0.20662268996238708,3.8068482875823975,0.1404057741165161,3.8049681186676025
243,0,0,1,0.21141332387924194,3.6203291416168213,0.11092952638864517,3.886139154434204,0.17163583636283875,3.896249532699585,0.11583226919174194,3.8979697227478027
244,0,0,1,0.23419812321662903,3.581305980682373,0.12416792660951614,3.7204365730285645,0.2173549085855484,3.7980010509490967,0.13948899507522583,3.820831537246704
245,0,0,1,0.23137056827545166,3.5852015018463135,0.12082967907190323,3.7292895317077637,0.2165178507566452,3.783229112625122,0.1429966539144516,3.7899651527404785
246,0,0,1,0.2302495241165161,3.5826408863067627,0.1126883327960968,3.7381174564361572,0.21427574753761292,3.78291392326355,0.1434948891401291,3.835972309112549
247,0,0,1,0.21672961115837097,3.620619058609009,0.11039142310619354,3.870147943496704,0.17305085062980652,3.870321273803711,0.11358019709587097,3.947359085083008
248,0,0,1,0.2376185804605484,3.5743746757507324,0.11923529207706451,3.6776983737945557,0.22821667790412903,3.7546064853668213,0.14772002398967743,3.769697904586792
249,0,0,1,0.23215779662132263,3.5811567306518555,0.11747647821903229,3.7130374908447266,0.21860052645206451,3.748734951019287,0.14255818724632263,3.7708654403686523
250,0,0,1,0.23129583895206451,3.5876739025115967,0.12840302288532257,3.7560436725616455,0.2068219780921936,3.783281087875366,0.13199537992477417,3.8117167949676514
251,0,0,1,0.2231619656085968,3.607675790786743,0.11702805757522583,3.8153951168060303,0.18465998768806458,3.820948600769043,0.11840321868658066,3.853391647338867
252,0,0,1,0.21958206593990326,3.607916831970215,0.10819913446903229,3.8436176776885986,0.18515823781490326,3.8736343383789062,0.11939971148967743,3.947421073913574
253,0,0,1,0.22183413803577423,3.605900287628174,0.11280293017625809,3.825971841812134,0.18765942752361298,3.8416523933410645,0.12013711780309677,3.8706037998199463
254,0,0,1,0.23505011200904846,3.577195882797241,0.11679886281490326,3.6882519721984863,0.22953204810619354,3.753885507583618,0.15138711035251617,3.7571089267730713
255,0,0,1,0.23435506224632263,3.5849456787109375,0.12657445669174194,3.7262635231018066,0.21374760568141937,3.7664802074432373,0.14126275479793549,3.782872438430786
256,0,0,1,0.23081502318382263,3.5822386741638184,0.1141531765460968,3.723975419998169,0.21834143996238708,3.7693395614624023,0.14666374027729034,3.782850980758667
257,0,0,1,0.22234733402729034,3.6128153800964355,0.13375917077064514,3.8075318336486816,0.19262196123600006,3.8155715465545654,0.12725207209587097,3.8621768951416016
258,0,0,1,0.22850316762924194,3.5896666049957275,0.11463149636983871,3.755031108856201,0.20782843232154846,3.771193027496338,0.13636000454425812,3.78544282913208
259,0,0,1,0.22498305141925812,3.6011295318603516,0.11905591934919357,3.8062775135040283,0.19707629084587097,3.823279619216919,0.12777024507522583,3.8454220294952393
260,0,0,1,0.22222775220870972,3.6022262573242188,0.10881198197603226,3.8037455081939697,0.18761958181858063,3.8014659881591797,0.121512271463871,3.8277840614318848
261,0,0,1,0.23708795011043549,3.5759963989257812,0.12723712623119354,3.7007088661193848,0.2263432741165161,3.7604119777679443,0.14869658648967743,3.7662510871887207
262,0,0,1,0.22054865956306458,3.617598533630371,0.12356504797935486,3.842177391052246,0.17427654564380646,3.863628625869751,0.11581233888864517,3.922560691833496
263,0,0,1,0.23290765285491943,3.5764191150665283,0.11647998541593552,3.7089571952819824,0.21684668958187103,3.7447726726531982,0.14221937954425812,3.7543442249298096
264,0,0,1,0.21659508347511292,3.613562822341919,0.10520467907190323,3.8771488666534424,0.16467036306858063,3.8536763191223145,0.10536909848451614,3.8959712982177734
265,0,0,1,0.2322923243045807,3.5792007446289062,0.11650988459587097,3.6913273334503174,0.2294323891401291,3.745396137237549,0.14799903333187103,3.7862913608551025
266,0,0,1,0.23469886183738708,3.5760748386383057,0.11834342777729034,3.6897523403167725,0.22618383169174194,3.7536346912384033,0.14923469722270966,3.7580127716064453
267,0,0,1,0.22599449753761292,3.5990233421325684,0.11838328838348389,3.790235757827759,0.18992146849632263,3.8089616298675537,0.1254185289144516,3.8744637966156006
268,0,0,1,0.22981853783130646,3.5851752758026123,0.12034637480974197,3.740664005279541,0.21382732689380646,3.7872588634490967,0.13827326893806458,3.8090226650238037
269,0,0,1,0.23570531606674194,3.582577705383301,0.12069515138864517,3.69633412361145,0.22532685101032257,3.7580931186676025,0.1434948891401291,3.80138897895813
270,0,0,1,0.23415327072143555,3.5859603881835938,0.13299186527729034,3.7211899757385254,0.21424585580825806,3.769674301147461,0.13990752398967743,3.7595441341400146
271,0,0,1,0.23193359375,3.5811707973480225,0.11627570539712906,3.7225863933563232,0.21437539160251617,3.7725095748901367,0.13911032676696777,3.7621777057647705
272,0,0,1,0.22571547329425812,3.591176986694336,0.11076012253761292,3.7635626792907715,0.20158043503761292,3.795738697052002,0.13478554785251617,3.8269999027252197
273,0,0,1,0.22988829016685486,3.585387706756592,0.11546356230974197,3.7432467937469482,0.21385721862316132,3.808117151260376,0.14092394709587097,3.8164334297180176
274,0,0,1,0.22896404564380646,3.590177059173584,0.12634526193141937,3.7603516578674316,0.20217832922935486,3.7946178913116455,0.13484534621238708,3.7799291610717773
275,0,0,1,0.22340361773967743,3.603316307067871,0.10934510082006454,3.8174610137939453,0.1849987953901291,3.807971954345703,0.11953921616077423,3.8369455337524414
276,0,0,1,0.23167948424816132,3.5852277278900146,0.1186174675822258,3.7288613319396973,0.21593989431858063,3.763913154602051,0.14305643737316132,3.763443946838379
277,0,0,1,0.23800970613956451,3.576413869857788,0.1195242702960968,3.6690149307250977,0.23388671875,3.7152230739593506,0.14933434128761292,3.7326838970184326
278,0,0,1,0.23176667094230652,3.5807509422302246,0.12068518251180649,3.731401205062866,0.21645806729793549,3.788555383682251,0.14385363459587097,3.7733445167541504
279,0,0,1,0.2337995171546936,3.5819454193115234,0.1187918484210968,3.7246036529541016,0.21921834349632263,3.789944887161255,0.1408442258834839,3.790292978286743
280,0,0,1,0.23131078481674194,3.580613851547241,0.11600665748119354,3.7359018325805664,0.21536192297935486,3.7907180786132812,0.13829320669174194,3.8168323040008545
281,0,0,1,0.22979113459587097,3.5890069007873535,0.11862742900848389,3.745474338531494,0.21091756224632263,3.8103089332580566,0.1390306055545807,3.814650297164917
282,0,0,1,0.2212611585855484,3.5996217727661133,0.10932517051696777,3.816106081008911,0.1891043484210968,3.824366331100464,0.12454161047935486,3.831973075866699
283,0,0,1,0.2334158718585968,3.577437400817871,0.11437738686800003,3.7193760871887207,0.2199358195066452,3.757781744003296,0.14674346148967743,3.7396440505981445
284,0,0,1,0.2329201102256775,3.580516815185547,0.1194545179605484,3.7221689224243164,0.22280572354793549,3.790151596069336,0.1456473171710968,3.7913246154785156
285,0,0,1,0.22283561527729034,3.601802110671997,0.10931520909070969,3.8079307079315186,0.19443558156490326,3.840508460998535,0.12270806729793549,3.883709669113159
286,0,0,1,0.2285853773355484,3.594369888305664,0.12644989788532257,3.773040771484375,0.20841637253761292,3.794501543045044,0.13911032676696777,3.798853874206543
287,0,0,1,0.21995824575424194,3.6096746921539307,0.1073172390460968,3.838200569152832,0.1785016655921936,3.834812641143799,0.1139787957072258,3.8749780654907227
288,0,0,1,0.21895179152488708,3.6071181297302246,0.1077008917927742,3.8431718349456787,0.1736288219690323,3.833390712738037,0.11457668989896774,3.918942451477051
289,0,0,1,0.23318667709827423,3.5813169479370117,0.12260841578245163,3.7284622192382812,0.21781329810619354,3.792753219604492,0.1418207883834839,3.805227756500244
290,0,0,1,0.22508519887924194,3.5974366664886475,0.10800980031490326,3.7921395301818848,0.19695670902729034,3.7928662300109863,0.12826849520206451,3.818054676055908
291,0,0,1,0.21783322095870972,3.611802339553833,0.10736208409070969,3.8465750217437744,0.1715262234210968,3.8204843997955322,0.11009246855974197,3.8611514568328857
292,0,0,1,0.2336674928665161,3.5759947299957275,0.11658960580825806,3.6993589401245117,0.224958136677742,3.7316057682037354,0.14602598547935486,3.727036952972412
293,0,0,1,0.22016501426696777,3.6074612140655518,0.10976362973451614,3.837585210800171,0.17852160334587097,3.846553087234497,0.11288265138864517,3.9237287044525146
294,0,0,1,0.22976373136043549,3.592535972595215,0.12601642310619354,3.7453739643096924,0.20897440612316132,3.7865147590637207,0.1408442258834839,3.786613941192627
295,0,0,1,0.23491060733795166,3.5762553215026855,0.11723732203245163,3.6961326599121094,0.22707070410251617,3.752622127532959,0.15007174015045166,3.763213872909546
296,0,0,1,0.23279057443141937,3.58213472366333,0.11769072711467743,3.709749698638916,0.225446417927742,3.7783327102661133,0.1464245766401291,3.7702462673187256
297,0,0,1,0.21831652522087097,3.6104366779327393,0.10669941455125809,3.8412795066833496,0.17708665132522583,3.851949691772461,0.1153738796710968,3.867680072784424
298,0,0,1,0.23002032935619354,3.5846619606018066,0.11355528235435486,3.7289719581604004,0.21355827152729034,3.7907238006591797,0.14030611515045166,3.788778305053711
299,0,0,1,0.2298683524131775,3.5931007862091064,0.12012216448783875,3.7575180530548096,0.20367306470870972,3.7952933311462402,0.1330915093421936,3.8113207817077637
300,0,0,1,0.2268938273191452,3.589632987976074,0.11865234375,3.738767147064209,0.2091238796710968,3.7618889808654785,0.13954877853393555,3.7929162979125977
301,0,0,1,0.21549145877361298,3.614358425140381,0.10702826082706451,3.86993145942688,0.17797352373600006,3.870492696762085,0.1173270046710968,3.9274673461914062
302,0,0,1,0.2263806313276291,3.601534128189087,0.122488833963871,3.796941041946411,0.19060905277729034,3.8277394771575928,0.12559789419174194,3.8532211780548096
303,0,3,0,0.22035185992717743,3.6067540645599365,0.10571786761283875,3.8206710815429688,0.17917928099632263,3.7966742515563965,0.11641023308038712,3.8500256538391113
304,0,0,1,0.2193080335855484,3.6074042320251465,0.10554846376180649,3.842050552368164,0.18553690612316132,3.858961343765259,0.11995774507522583,3.9087889194488525
305,0,0,1,0.23560316860675812,3.575777530670166,0.11810925602912903,3.6890530586242676,0.23363758623600006,3.73940110206604,0.1511678844690323,3.739485740661621
306,0,0,1,0.22029954195022583,3.6139206886291504,0.11922532320022583,3.8403611183166504,0.17397759854793549,3.8216965198516846,0.11393893510103226,3.857792615890503
307,0,0,1,0.22039420902729034,3.604783535003662,0.10606664419174194,3.8152480125427246,0.18119220435619354,3.839850425720215,0.11736686527729034,3.887587070465088
308,0,0,1,0.22176189720630646,3.6073896884918213,0.11943957209587097,3.8159103393554688,0.18312539160251617,3.8020894527435303,0.1213727667927742,3.8489327430725098
309,0,0,1,0.2318115234375,3.5855391025543213,0.11647998541593552,3.7294037342071533,0.208984375,3.7687392234802246,0.13321109116077423,3.817025661468506
310,0,0,1,0.23058831691741943,3.5867221355438232,0.12076988816261292,3.745286464691162,0.20949257910251617,3.7805261611938477,0.13624043762683868,3.784376859664917
311,0,0,1,0.2340262234210968,3.578890800476074,0.12260343134403229,3.718575954437256,0.22247686982154846,3.768073081970215,0.14233896136283875,3.810277223587036
312,0,0,1,0.21914859116077423,3.6104037761688232,0.11367984116077423,3.8294618129730225,0.17825254797935486,3.8219475746154785,0.11485570669174194,3.8273468017578125
313,0,0,1,0.22363778948783875,3.6006906032562256,0.11578243970870972,3.7927963733673096,0.19737523794174194,3.836522340774536,0.13062021136283875,3.886786699295044
314,0,0,1,0.21771115064620972,3.619079828262329,0.11495037376880646,3.862034559249878,0.17010124027729034,3.830462694168091,0.11218510568141937,3.883993625640869
315,0,0,1,0.22988080978393555,3.581050395965576,0.11674405634403229,3.7251076698303223,0.21579040586948395,3.790025472640991,0.14307637512683868,3.8379998207092285
316,0,0,1,0.22874979674816132,3.586395502090454,0.1119559109210968,3.7414774894714355,0.21200373768806458,3.782561779022217,0.14353474974632263,3.7906136512756348
317,0,0,1,0.23388421535491943,3.580573797225952,0.1198381707072258,3.7017295360565186,0.2270607352256775,3.7575266361236572,0.14566725492477417,3.7741141319274902
318,0,0,1,0.234357550740242,3.578306198120117,0.11762097477912903,3.7048757076263428,0.22268614172935486,3.757148504257202,0.1429966539144516,3.785226583480835
319,0,0,1,0.22935765981674194,3.59267258644104,0.12005241215229034,3.770118236541748,0.2015306055545807,3.8051819801330566,0.1311383843421936,3.8270516395568848
320,0,0,1,0.23057587444782257,3.579601287841797,0.12021683156490326,3.732800006866455,0.21638831496238708,3.77282977104187,0.14552773535251617,3.782799243927002
321,0,0,1,0.2286476492881775,3.583519458770752,0.11334104090929031,3.734570026397705,0.21327924728393555,3.781339168548584,0.14289699494838715,3.8075313568115234
322,0,0,1,0.23264607787132263,3.583427906036377,0.1251743882894516,3.718266248703003,0.21793286502361298,3.733790636062622,0.14277741312980652,3.7701005935668945
323,0,0,1,0.22218789160251617,3.607077121734619,0.10997289419174194,3.8253443241119385,0.18671277165412903,3.85040283203125,0.11931999027729034,3.9320194721221924
324,0,0,1,0.23440240323543549,3.5883240699768066,0.12749621272087097,3.73539400100708,0.21430563926696777,3.7795963287353516,0.14130261540412903,3.8018336296081543
325,0,0,1,0.23506008088588715,3.5757830142974854,0.1181989386677742,3.697171449661255,0.22505779564380646,3.76015043258667,0.14656409621238708,3.7934458255767822
326,0,0,1,0.22827397286891937,3.5828049182891846,0.1128278449177742,3.7376463413238525,0.2122030407190323,3.812021493911743,0.14158162474632263,3.8300957679748535
327,0,0,1,0.23471130430698395,3.5812981128692627,0.11885662376880646,3.701991081237793,0.22875477373600006,3.746384382247925,0.14835777878761292,3.7521493434906006
328,0,0,1,0.2263357937335968,3.5993528366088867,0.11174166947603226,3.789896011352539,0.19457508623600006,3.810150623321533,0.12354511767625809,3.8249716758728027
329,0,0,1,0.22015255689620972,3.618109941482544,0.12311164289712906,3.840665340423584,0.17449577152729034,3.814116954803467,0.11672911047935486,3.856581926345825
330,0,0,1,0.22146792709827423,3.6040451526641846,0.10755141824483871,3.798248767852783,0.1908581703901291,3.8206546306610107,0.12581712007522583,3.8518929481506348
331,0,0,1,0.25724199414253235,3.5868544578552246,0.1367635875940323,3.4847171306610107,0.2799346148967743,3.5570626258850098,0.17596061527729034,3.573791027069092
332,0,0,1,0.235456183552742,3.5792369842529297,0.11751135438680649,3.6916260719299316,0.22596460580825806,3.7301993370056152,0.14580675959587097,3.7320940494537354
333,0,0,1,0.232892706990242,3.5870461463928223,0.12415298074483871,3.729191780090332,0.21133609116077423,3.749009847640991,0.13394850492477417,3.7765214443206787
334,0,0,1,0.2166922390460968,3.6155526638031006,0.111990787088871,3.8687546253204346,0.16961295902729034,3.862934112548828,0.11451689898967743,3.927949905395508
335,0,0,1,0.23196597397327423,3.584322214126587,0.12202546745538712,3.7336573600769043,0.21150550246238708,3.7793638706207275,0.1396484375,3.7919223308563232
336,0,0,1,0.23738440871238708,3.5724434852600098,0.1178850457072258,3.6848690509796143,0.2292131632566452,3.7518041133880615,0.1511678844690323,3.7521424293518066
337,0,0,1,0.23614127933979034,3.5759212970733643,0.11850287020206451,3.6958038806915283,0.2214106321334839,3.7493135929107666,0.14393335580825806,3.76239275932312
338,0,0,1,0.23673419654369354,3.5725741386413574,0.12091437727212906,3.680896759033203,0.23785275220870972,3.7521889209747314,0.1554129421710968,3.7600667476654053
339,0,0,1,0.2291608452796936,3.583875894546509,0.11460159718990326,3.7458372116088867,0.20851601660251617,3.8036797046661377,0.1397879421710968,3.8177928924560547
340,0,0,1,0.22775329649448395,3.598214864730835,0.1280442774295807,3.7791354656219482,0.19806282222270966,3.796588897705078,0.12992267310619354,3.8255867958068848
341,0,0,1,0.22360041737556458,3.6112306118011475,0.1240234375,3.8250041007995605,0.17917928099632263,3.7780990600585938,0.11908083409070969,3.8594143390655518
342,0,0,1,0.226545050740242,3.592388153076172,0.1174665167927742,3.7621734142303467,0.20115193724632263,3.812246084213257,0.1310786008834839,3.845370292663574
343,0,0,1,0.23268096148967743,3.5781264305114746,0.11677893251180649,3.704369068145752,0.23007014393806458,3.764509677886963,0.15250319242477417,3.755619525909424
344,0,0,1,0.23483337461948395,3.579585075378418,0.12186603248119354,3.708287239074707,0.22582508623600006,3.7722177505493164,0.14925462007522583,3.7744691371917725
345,0,0,1,0.22604681551456451,3.5907182693481445,0.11683374643325806,3.75909423828125,0.20349369943141937,3.805004596710205,0.1363002210855484,3.7992396354675293
346,0,0,1,0.227294921875,3.5985662937164307,0.10997289419174194,3.7333273887634277,0.21179448068141937,3.749929428100586,0.14024633169174194,3.7544407844543457
347,0,0,1,0.23280054330825806,3.5837364196777344,0.11641023308038712,3.712463617324829,0.218122199177742,3.757046937942505,0.1422991007566452,3.787675142288208
348,0,0,1,0.23171934485435486,3.590158462524414,0.12118841707706451,3.742095947265625,0.21336893737316132,3.797543525695801,0.13777503371238708,3.8139736652374268
349,0,0,1,0.22633081674575806,3.587390422821045,0.11524433642625809,3.763986110687256,0.2058553844690323,3.7879271507263184,0.14407286047935486,3.7774243354797363
350,0,0,1,0.2298235148191452,3.5849132537841797,0.11567282676696777,3.7398345470428467,0.21831153333187103,3.8007121086120605,0.14532844722270966,3.823779582977295
351,0,0,1,0.2237648367881775,3.601396083831787,0.11575254797935486,3.7884814739227295,0.19464485347270966,3.8088362216949463,0.1286272257566452,3.8363804817199707
352,1,1,1,0.31464993953704834,3.5759642124176025,0.3645966053009033,3.6249454021453857,0.33595743775367737,3.6718573570251465,0.20364317297935486,3.690056800842285
353,1,1,1,0.28592604398727417,3.612504720687866,0.35403379797935486,3.699223041534424,0.3223951756954193,3.7257442474365234,0.20802773535251617,3.727534055709839
354,1,1,1,0.36434000730514526,3.5761611461639404,0.5037168860435486,3.6056599617004395,0.4227220118045807,3.605501890182495,0.2506975531578064,3.640989065170288
355,1,1,1,0.32675978541374207,3.587775707244873,0.4296177327632904,3.636049509048462,0.37022680044174194,3.6545097827911377,0.2179926633834839,3.6934540271759033
356,1,1,1,0.3341313600540161,3.5868418216705322,0.42366868257522583,3.6428284645080566,0.3649453818798065,3.6685142517089844,0.21976642310619354,3.6788790225982666
357,1,1,1,0.36434000730514526,3.5761611461639404,0.5037168860435486,3.6056599617004395,0.4227220118045807,3.605501890182495,0.2506975531578064,3.640989065170288
358,1,1,1,0.25797441601753235,3.5957915782928467,0.23397639393806458,3.711073160171509,0.26112085580825806,3.750877618789673,0.16607540845870972,3.7688708305358887
359,1,1,1,0.3471355736255646,3.583172559738159,0.48371729254722595,3.619504690170288,0.41347455978393555,3.630540132522583,0.24332349002361298,3.6601686477661133
360,1,1,1,0.3452845811843872,3.5799062252044678,0.44703641533851624,3.6278281211853027,0.393574595451355,3.659104824066162,0.23262116312980652,3.663296699523926
361,1,1,1,0.2851064205169678,3.6053876876831055,0.33095502853393555,3.691798210144043,0.2995455861091614,3.715602159500122,0.18592554330825806,3.756565570831299
362,1,1,1,0.33996331691741943,3.5880157947540283,0.46110689640045166,3.63568377494812,0.3998525142669678,3.6374919414520264,0.2400151491165161,3.6681058406829834
363,1,1,1,0.2546909749507904,3.593280076980591,0.2149135023355484,3.694208860397339,0.25507214665412903,3.740008592605591,0.16222895681858063,3.766216278076172
364,1,1,1,0.2581612765789032,3.6186165809631348,0.2757842242717743,3.7330851554870605,0.2589983344078064,3.7774229049682617,0.16766980290412903,3.79805064201355
365,1,1,1,0.28121262788772583,3.602935791015625,0.30928629636764526,3.69899320602417,0.2948022782802582,3.7352960109710693,0.17821268737316132,3.757772207260132
366,1,1,1,0.3300856053829193,3.589151620864868,0.41941365599632263,3.641961097717285,0.3658621609210968,3.64935302734375,0.22221778333187103,3.6722869873046875
367,1,1,1,0.25415536761283875,3.6212997436523438,0.25376173853874207,3.741591453552246,0.2575434446334839,3.768543243408203,0.16649393737316132,3.7941105365753174
368,1,1,1,0.2712427079677582,3.614746570587158,0.30647122859954834,3.7000324726104736,0.28492704033851624,3.730003833770752,0.18943318724632263,3.739926338195801
369,1,2,0,0.22512006759643555,3.6263930797576904,0.15948361158370972,3.8273298740386963,0.2006935477256775,3.865342617034912,0.12013711780309677,3.917219638824463
370,1,1,1,0.3206537961959839,3.585721731185913,0.3962651491165161,3.640094518661499,0.34804487228393555,3.653190851211548,0.20966199040412903,3.670722484588623
371,1,1,1,0.21800263226032257,3.619508981704712,0.1121651753783226,3.85372257232666,0.18567641079425812,3.816669464111328,0.1286870241165161,3.8231377601623535
372,1,1,1,0.28613778948783875,3.5799508094787598,0.24713009595870972,3.588548421859741,0.3163364827632904,3.622523307800293,0.20252710580825806,3.650068998336792
373,1,1,1,0.3275320827960968,3.5780153274536133,0.41326528787612915,3.633620262145996,0.37037625908851624,3.687957286834717,0.21151545643806458,3.704136371612549
374,1,1,1,0.31867825984954834,3.594949960708618,0.42598551511764526,3.6458940505981445,0.37756097316741943,3.6613264083862305,0.23778299987316132,3.689967393875122
375,1,1,1,0.37698301672935486,3.570603370666504,0.5032236576080322,3.5935702323913574,0.4250239133834839,3.611764907836914,0.24886399507522583,3.6138384342193604
376,1,1,1,0.27105090022087097,3.614712953567505,0.3082449734210968,3.7244367599487305,0.28810587525367737,3.743739604949951,0.17574138939380646,3.7501699924468994
377,1,1,1,0.21604950726032257,3.6050803661346436,0.11761100590229034,3.8048717975616455,0.19609972834587097,3.8578689098358154,0.13723692297935486,3.8478071689605713
378,1,1,1,0.39534586668014526,3.5704526901245117,0.5597496628761292,3.5832889080047607,0.46843111515045166,3.591707706451416,0.28346219658851624,3.6083807945251465
379,1,1,1,0.27611058950424194,3.608374834060669,0.30134427547454834,3.6890923976898193,0.27424466609954834,3.69830322265625,0.17797352373600006,3.740537405014038
380,1,1,1,0.2727324664592743,3.601295232772827,0.26845502853393555,3.699387550354004,0.2647978961467743,3.7336018085479736,0.15943877398967743,3.7790000438690186
381,1,1,1,0.24135293066501617,3.6148574352264404,0.20147082209587097,3.815436840057373,0.2520228624343872,3.879641056060791,0.15292170643806458,3.922715902328491
382,1,1,1,0.2993338406085968,3.5997087955474854,0.37389886379241943,3.668456792831421,0.3414381444454193,3.693176507949829,0.2097417116165161,3.7011592388153076
383,1,1,1,0.2607421875,3.610553741455078,0.264404296875,3.7164905071258545,0.2656947374343872,3.752878427505493,0.17177534103393555,3.7888386249542236
384,1,1,1,0.30219876766204834,3.598367691040039,0.37109375,3.663050413131714,0.32962968945503235,3.674022912979126,0.2054966539144516,3.697507619857788
385,1,1,1,0.2911626100540161,3.6040127277374268,0.34552374482154846,3.6979293823242188,0.31894728541374207,3.7297778129577637,0.1948939710855484,3.7361693382263184
386,1,1,1,0.24500258266925812,3.631932258605957,0.2563576102256775,3.7834291458129883,0.24399115145206451,3.831080198287964,0.15405771136283875,3.867141008377075
387,1,1,1,0.29971250891685486,3.6059415340423584,0.37297213077545166,3.6831557750701904,0.32343152165412903,3.6830883026123047,0.20157046616077423,3.725034713745117
388,1,1,1,0.2977892756462097,3.6013216972351074,0.36394888162612915,3.660022497177124,0.3206612765789032,3.6807234287261963,0.20454001426696777,3.706615924835205
389,1,1,1,0.3362762928009033,3.582157850265503,0.42980706691741943,3.6243276596069336,0.36846300959587097,3.641253709793091,0.21671715378761292,3.6577155590057373
390,1,1,1,0.2766711115837097,3.59775972366333,0.28624242544174194,3.680783271789551,0.2964564561843872,3.7123360633850098,0.17444594204425812,3.7391750812530518
391,1,1,1,0.24220991134643555,3.6276471614837646,0.2360241860151291,3.7789576053619385,0.23002032935619354,3.822510004043579,0.15142697095870972,3.8735194206237793
392,1,1,1,0.3734404742717743,3.5722339153289795,0.5075733065605164,3.593744993209839,0.42623963952064514,3.6051106452941895,0.2518734037876129,3.6235954761505127
393,1,1,1,0.22633828222751617,3.6357452869415283,0.16807836294174194,3.8874428272247314,0.20420120656490326,3.8771228790283203,0.12246890366077423,3.939951181411743
394,1,1,1,0.3102927505970001,3.590442657470703,0.3640385866165161,3.650580406188965,0.3242087662220001,3.6572306156158447,0.19262196123600006,3.6832902431488037
395,1,1,1,0.3151880204677582,3.5965585708618164,0.3916962146759033,3.662977695465088,0.3530372977256775,3.6766116619110107,0.21027980744838715,3.678987741470337
396,1,1,1,0.28362661600112915,3.5997891426086426,0.3201380968093872,3.6888394355773926,0.30780652165412903,3.7256951332092285,0.19407685101032257,3.754467010498047
397,1,1,1,0.2615094780921936,3.5896430015563965,0.2280622124671936,3.6896860599517822,0.2659637928009033,3.7422256469726562,0.1687260866165161,3.738128900527954
398,1,1,1,0.2498878836631775,3.6286699771881104,0.26831552386283875,3.7428693771362305,0.26049306988716125,3.773191452026367,0.17918924987316132,3.791013240814209
399,1,1,1,0.29934629797935486,3.601581335067749,0.360859751701355,3.682821035385132,0.3154795169830322,3.6927571296691895,0.19331951439380646,3.7221648693084717
400,1,1,1,0.30981194972991943,3.5890350341796875,0.369105726480484,3.64851975440979,0.3350904881954193,3.6744282245635986,0.19862085580825806,3.7006824016571045
401,1,2,0,0.22040167450904846,3.596421480178833,0.10586236417293549,3.7852401733398438,0.1976941078901291,3.8003427982330322,0.13849250972270966,3.8159446716308594
402,1,1,1,0.28356435894966125,3.600114107131958,0.3041842579841614,3.6841330528259277,0.29294881224632263,3.708313465118408,0.1752232164144516,3.7385122776031494
403,1,1,1,0.31668028235435486,3.6019132137298584,0.42103296518325806,3.6625680923461914,0.3662906587123871,3.659148931503296,0.22317442297935486,3.6917307376861572
404,1,1,1,0.2875876724720001,3.601100206375122,0.32536470890045166,3.68971848487854,0.2879464328289032,3.691133737564087,0.18221858143806458,3.7314884662628174
405,1,2,0,0.22493323683738708,3.634654998779297,0.16698221862316132,3.876976728439331,0.21367785334587097,3.9132583141326904,0.12525908648967743,3.9459028244018555
406,1,1,1,0.36412328481674194,3.583434820175171,0.520751953125,3.6258504390716553,0.4448740482330322,3.6333885192871094,0.27341756224632263,3.645819664001465
407,1,1,1,0.3042938709259033,3.598578691482544,0.38671377301216125,3.666146993637085,0.34826409816741943,3.680706262588501,0.21308991312980652,3.71399188041687
408,1,1,1,0.2483532875776291,3.626897096633911,0.2170758843421936,3.7228012084960938,0.23681640625,3.6806228160858154,0.16119259595870972,3.6709940433502197
409,1,1,1,0.37559041380882263,3.582071542739868,0.5286292433738708,3.623706340789795,0.44312021136283875,3.6225149631500244,0.2713448703289032,3.634814500808716
410,1,1,1,0.35995545983314514,3.5805702209472656,0.508056640625,3.614039659500122,0.4387456178665161,3.6137092113494873,0.2671795189380646,3.623974323272705
411,1,1,1,0.27037328481674194,3.614806890487671,0.30028799176216125,3.7221457958221436,0.27431440353393555,3.720539093017578,0.17576131224632263,3.73500394821167
412,1,1,1,0.226789191365242,3.616894483566284,0.15253806114196777,3.802776336669922,0.19470463693141937,3.82578444480896,0.13181599974632263,3.8551557064056396
413,1,1,1,0.2734823226928711,3.605512857437134,0.2819226384162903,3.695314884185791,0.2638911008834839,3.7061023712158203,0.1624681055545807,3.7511041164398193
414,1,1,1,0.28372377157211304,3.5986180305480957,0.30974966287612915,3.6778085231781006,0.29148396849632263,3.7058563232421875,0.17922911047935486,3.719559669494629
415,1,1,1,0.2311139702796936,3.616755247116089,0.16897520422935486,3.783393383026123,0.20177973806858063,3.788088321685791,0.13195551931858063,3.8193626403808594
416,1,1,1,0.248273566365242,3.6232452392578125,0.24063794314861298,3.751081943511963,0.23982581496238708,3.7765820026397705,0.1644212305545807,3.800727367401123
417,1,1,1,0.28348711133003235,3.6063060760498047,0.33341139554977417,3.6925294399261475,0.30827486515045166,3.70784854888916,0.19304049015045166,3.750051736831665
418,1,1,1,0.22881954908370972,3.6504952907562256,0.24817641079425812,3.808291435241699,0.23371730744838715,3.8545236587524414,0.16607540845870972,3.85923433303833
419,1,1,1,0.31082090735435486,3.603145122528076,0.43946805596351624,3.6812353134155273,0.39743104577064514,3.701401710510254,0.2562181055545807,3.713207721710205
420,1,1,1,0.27342504262924194,3.584520101547241,0.2483358532190323,3.670177698135376,0.31771165132522583,3.7082457542419434,0.1818598508834839,3.7220821380615234
421,1,1,1,0.2819201350212097,3.6153757572174072,0.3525888919830322,3.7041375637054443,0.3144630789756775,3.73701548576355,0.19694674015045166,3.7700870037078857
422,1,1,1,0.39281976222991943,3.5543153285980225,0.5215342044830322,3.567380666732788,0.4364536702632904,3.588438034057617,0.24716995656490326,3.589663028717041
423,1,1,1,0.3227788209915161,3.5923545360565186,0.4246103763580322,3.6499454975128174,0.36819395422935486,3.649381637573242,0.2219586968421936,3.690850257873535
424,1,1,1,0.33675211668014526,3.583909749984741,0.45021024346351624,3.6325104236602783,0.3904854953289032,3.64206600189209,0.22843590378761292,3.6712615489959717
425,1,1,1,0.3492929935455322,3.5750057697296143,0.4249790608882904,3.5973033905029297,0.36701810359954834,3.6230621337890625,0.19602997601032257,3.644977569580078
426,1,1,1,0.24067282676696777,3.609525203704834,0.20007573068141937,3.7414584159851074,0.2612204849720001,3.7727549076080322,0.16786909103393555,3.767303705215454
427,1,1,1,0.2829141318798065,3.599776268005371,0.30307814478874207,3.6825363636016846,0.2906768023967743,3.708878993988037,0.18237802386283875,3.7249481678009033
428,1,1,1,0.24480079114437103,3.6295018196105957,0.2396414577960968,3.7563881874084473,0.22750915586948395,3.7661075592041016,0.16599568724632263,3.786769151687622
429,1,1,1,0.2471151500940323,3.5918502807617188,0.190673828125,3.711071729660034,0.24193836748600006,3.756126642227173,0.15320073068141937,3.7559516429901123
430,1,1,1,0.26156678795814514,3.5976760387420654,0.24995514750480652,3.7043473720550537,0.27697503566741943,3.7443785667419434,0.16990193724632263,3.7570674419403076
431,1,1,1,0.32002103328704834,3.5993664264678955,0.4445551633834839,3.6745941638946533,0.39729151129722595,3.690586566925049,0.2393973171710968,3.7263569831848145
432,1,1,1,0.3378133773803711,3.586514949798584,0.44467970728874207,3.6424050331115723,0.3828224539756775,3.644141912460327,0.23329877853393555,3.6505210399627686
433,1,1,1,0.33818209171295166,3.58066725730896,0.42234334349632263,3.621216058731079,0.3763352930545807,3.6317851543426514,0.213727667927742,3.652182102203369
434,1,1,1,0.3623669743537903,3.582261323928833,0.5407565236091614,3.6255667209625244,0.4761439561843872,3.635971784591675,0.28553491830825806,3.65058970451355
435,1,1,1,0.3101806640625,3.593587636947632,0.38116827607154846,3.646244525909424,0.3427833914756775,3.6444954872131348,0.2074497789144516,3.6818137168884277
436,1,1,1,0.26388612389564514,3.6159772872924805,0.28145426511764526,3.7266547679901123,0.2597157955169678,3.7605032920837402,0.16214923560619354,3.7920353412628174
437,1,1,1,0.36434000730514526,3.5761611461639404,0.5037168860435486,3.6056599617004395,0.4227220118045807,3.605501890182495,0.2506975531578064,3.640989065170288
438,1,1,1,0.214826300740242,3.695847272872925,0.2387446165084839,3.9702401161193848,0.2724609375,3.997659206390381,0.16033561527729034,4.037787437438965
439,1,1,1,0.2253766655921936,3.640005350112915,0.171491339802742,3.8874168395996094,0.2082170695066452,3.920603036880493,0.1213727667927742,3.9827585220336914
440,1,1,1,0.29839465022087097,3.5751473903656006,0.2892966568470001,3.6099236011505127,0.3073281943798065,3.6470606327056885,0.18181999027729034,3.685739278793335
441,1,1,1,0.29993173480033875,3.6055235862731934,0.3793247640132904,3.6748147010803223,0.3363560140132904,3.678734302520752,0.20651307702064514,3.701601982116699
442,1,1,1,0.2700992524623871,3.6114184856414795,0.2960279881954193,3.7159759998321533,0.27737364172935486,3.7345428466796875,0.17259247601032257,3.736720561981201
443,1,1,1,0.2711679935455322,3.6093945503234863,0.2878268361091614,3.709562301635742,0.2834920883178711,3.7305352687835693,0.17346937954425812,3.777573585510254
444,1,1,1,0.35298746824264526,3.5887629985809326,0.5088737607002258,3.636199951171875,0.4414959251880646,3.6484594345092773,0.27248087525367737,3.6674957275390625
445,1,1,1,0.25092175602912903,3.604386329650879,0.21278101205825806,3.730646848678589,0.21866030991077423,3.7483479976654053,0.13801418244838715,3.8192057609558105
446,1,1,1,0.24736426770687103,3.6343886852264404,0.2772241532802582,3.7546188831329346,0.2573142349720001,3.7644643783569336,0.1808832883834839,3.7847068309783936
447,1,1,1,0.3229830861091614,3.5959830284118652,0.4367227256298065,3.6574294567108154,0.3799425959587097,3.654505968093872,0.23086734116077423,3.68603253364563
448,1,1,1,0.30935853719711304,3.600504159927368,0.4033551812171936,3.6832809448242188,0.3525888919830322,3.7071475982666016,0.21004065871238708,3.7424802780151367
449,1,1,1,0.27166372537612915,3.6032023429870605,0.29105547070503235,3.702085018157959,0.2803332209587097,3.728032112121582,0.18126195669174194,3.750082492828369
450,1,1,1,0.27277982234954834,3.6126434803009033,0.3230877220630646,3.6971547603607178,0.29761239886283875,3.7330074310302734,0.18431122601032257,3.748053550720215
451,1,1,1,0.2966756820678711,3.5657665729522705,0.28407007455825806,3.616971254348755,0.3095603287220001,3.6729116439819336,0.18271683156490326,3.6904449462890625
452,1,1,1,0.3122284412384033,3.6025803089141846,0.4216059446334839,3.6646459102630615,0.3743821680545807,3.6840829849243164,0.24537627398967743,3.7192983627319336
453,1,1,1,0.31538236141204834,3.603639841079712,0.43753984570503235,3.6580464839935303,0.3893893361091614,3.6735591888427734,0.25318875908851624,3.696079969406128
454,1,1,1,0.22105936706066132,3.6127233505249023,0.12328603118658066,3.834303379058838,0.1799067258834839,3.8604187965393066,0.11716756969690323,3.882122755050659
455,1,1,1,0.2742122709751129,3.6117868423461914,0.3165906071662903,3.703199625015259,0.29167330265045166,3.7275025844573975,0.19080835580825806,3.7514100074768066
456,1,1,1,0.36434000730514526,3.5761611461639404,0.5037168860435486,3.6056599617004395,0.4227220118045807,3.605501890182495,0.2506975531578064,3.640989065170288
457,1,1,1,0.3165731430053711,3.5945701599121094,0.40618520975112915,3.6583664417266846,0.3493901491165161,3.6811647415161133,0.20715083181858063,3.7160861492156982
458,1,1,1,0.3072161078453064,3.5991454124450684,0.38045579195022583,3.6803126335144043,0.3357282280921936,3.69523024559021,0.2085060477256775,3.7012999057769775
459,1,1,1,0.30517578125,3.5929713249206543,0.35850805044174194,3.641451597213745,0.3228834569454193,3.666841506958008,0.20308513939380646,3.6905789375305176
460,1,1,1,0.23311692476272583,3.6450014114379883,0.24812659621238708,3.811767101287842,0.23254144191741943,3.8265769481658936,0.15349967777729034,3.8709425926208496
461,1,1,1,0.28795140981674194,3.6065354347229004,0.33206114172935486,3.7088048458099365,0.3046277165412903,3.7122015953063965,0.19102758169174194,3.7261345386505127
462,1,1,1,0.25637006759643555,3.6132214069366455,0.2672841548919678,3.7409451007843018,0.27816087007522583,3.7696855068206787,0.17548230290412903,3.7633163928985596
463,1,1,1,0.23657475411891937,3.632730722427368,0.19924864172935486,3.824831247329712,0.20830675959587097,3.8501243591308594,0.13349011540412903,3.8702597618103027
464,1,1,1,0.35937249660491943,3.579265832901001,0.5054557919502258,3.6201958656311035,0.4321986436843872,3.6375081539154053,0.2658242881298065,3.657219886779785
465,1,1,1,0.2811553180217743,3.6025004386901855,0.32545438408851624,3.6861298084259033,0.31846898794174194,3.7161362171173096,0.20119179785251617,3.6943042278289795
466,1,1,1,0.2544642686843872,3.619948387145996,0.25678113102912903,3.7409822940826416,0.25148478150367737,3.752704381942749,0.1715959757566452,3.79233455657959
467,1,1,1,0.2741549611091614,3.580174207687378,0.2463129758834839,3.652055263519287,0.2809111773967743,3.689180612564087,0.1635044664144516,3.7108726501464844
468,1,1,1,0.2569654881954193,3.578721761703491,0.20903918147087097,3.6881420612335205,0.26727917790412903,3.740809679031372,0.16703204810619354,3.773416042327881
469,1,1,1,0.35005033016204834,3.585134506225586,0.4761340022087097,3.6357128620147705,0.40068957209587097,3.641556739807129,0.24340321123600006,3.660935163497925
470,1,1,1,0.3005869388580322,3.5807902812957764,0.3239646255970001,3.629596710205078,0.3236607015132904,3.621551752090454,0.17721620202064514,3.6510345935821533
471,1,1,1,0.26123544573783875,3.6146745681762695,0.27775728702545166,3.7241106033325195,0.25686582922935486,3.7503199577331543,0.16117267310619354,3.8017807006835938
472,1,1,1,0.3406110405921936,3.5814340114593506,0.42728593945503235,3.6107184886932373,0.3644571006298065,3.624459981918335,0.21476402878761292,3.65246844291687
473,1,1,1,0.2617112696170807,3.592319965362549,0.13780492544174194,3.432713747024536,0.30353155732154846,3.5345370769500732,0.19339923560619354,3.5607995986938477
474,1,1,1,0.26704251766204834,3.6103756427764893,0.2862474024295807,3.709909200668335,0.2743542790412903,3.7297327518463135,0.1714564710855484,3.7422990798950195
475,1,1,1,0.2950688600540161,3.601681709289551,0.3637446165084839,3.676076889038086,0.3324697017669678,3.6949706077575684,0.21165497601032257,3.7165725231170654
476,1,1,1,0.24330854415893555,3.648987293243408,0.2649523615837097,3.838426351547241,0.24793726205825806,3.8492021560668945,0.15746571123600006,3.9324135780334473
477,1,1,1,0.3110799789428711,3.585817337036133,0.38251355290412903,3.6545615196228027,0.3581393361091614,3.690372943878174,0.20868542790412903,3.716932535171509
478,1,1,1,0.2617112696170807,3.592319965362549,0.13780492544174194,3.432713747024536,0.30353155732154846,3.5345370769500732,0.19339923560619354,3.5607995986938477
479,1,1,1,0.2498430460691452,3.619868516921997,0.24670159816741943,3.7531607151031494,0.2489636391401291,3.781900405883789,0.1667729616165161,3.840822219848633
480,1,1,1,0.25309160351753235,3.620741605758667,0.26018911600112915,3.748779296875,0.2647082209587097,3.7768032550811768,0.16868622601032257,3.815808057785034
481,1,1,1,0.2874656021595001,3.5954883098602295,0.31366589665412903,3.6763510704040527,0.2855847477912903,3.688754081726074,0.17352917790412903,3.7642126083374023
482,1,1,1,0.2982949912548065,3.5888524055480957,0.3256736099720001,3.6536319255828857,0.3173030912876129,3.677783966064453,0.18375319242477417,3.6848156452178955
483,1,1,1,0.26129522919654846,3.58215594291687,0.14542809128761292,3.483109474182129,0.29342713952064514,3.5596346855163574,0.1911870241165161,3.579380750656128
484,1,1,1,0.3090745508670807,3.593317985534668,0.3842075765132904,3.649470806121826,0.3408302664756775,3.6759347915649414,0.20475924015045166,3.6992406845092773
485,1,1,1,0.2781658470630646,3.6037185192108154,0.30399492383003235,3.681002378463745,0.2907266318798065,3.706803798675537,0.18881537020206451,3.719759225845337
486,1,1,1,0.2870146930217743,3.597804069519043,0.32091039419174194,3.6885013580322266,0.2954201102256775,3.71223783493042,0.169921875,3.762139320373535
487,1,1,1,0.2962496876716614,3.595381736755371,0.34023237228393555,3.6600182056427,0.31580835580825806,3.6911838054656982,0.19116708636283875,3.717785596847534
488,1,1,1,0.31176507472991943,3.5942306518554688,0.36504504084587097,3.64245343208313,0.31902700662612915,3.667780637741089,0.20374281704425812,3.7041964530944824
489,1,1,1,0.29825761914253235,3.5930356979370117,0.3651048243045807,3.675004720687866,0.3396245241165161,3.7284491062164307,0.20268653333187103,3.76204514503479
490,1,1,1,0.2596261203289032,3.6027865409851074,0.24448440968990326,3.705904006958008,0.2504384517669678,3.7399332523345947,0.16109295189380646,3.795496702194214
491,1,1,1,0.24678382277488708,3.5864264965057373,0.12674884498119354,3.559770345687866,0.2686244249343872,3.627814769744873,0.18156090378761292,3.645554304122925
492,1,1,1,0.2771942615509033,3.621427536010742,0.35121870040893555,3.724560499191284,0.3164959251880646,3.7425143718719482,0.20212849974632263,3.757740020751953
493,1,1,1,0.2655751705169678,3.6141233444213867,0.2592075765132904,3.727952480316162,0.2792868912220001,3.7455310821533203,0.1676897257566452,3.7746613025665283
494,1,1,1,0.24994519352912903,3.5902321338653564,0.19422632455825806,3.704761266708374,0.2435925453901291,3.7460012435913086,0.15766501426696777,3.749715566635132
495,1,1,1,0.2666712999343872,3.602714776992798,0.25030890107154846,3.7260639667510986,0.2738759517669678,3.754875659942627,0.15780451893806458,3.7667341232299805
496,1,1,1,0.2548553943634033,3.6186938285827637,0.2640804350376129,3.7533867359161377,0.2711355984210968,3.784924030303955,0.18626435101032257,3.823988914489746
497,1,1,1,0.2701764702796936,3.61149263381958,0.27882853150367737,3.704084873199463,0.2683553695678711,3.7157816886901855,0.16310586035251617,3.759775161743164
498,1,1,1,0.3323252201080322,3.5876026153564453,0.43772420287132263,3.6350836753845215,0.3847755789756775,3.6541061401367188,0.22532685101032257,3.6664602756500244
499,1,1,1,0.2930559515953064,3.5954859256744385,0.33481642603874207,3.6662003993988037,0.31366589665412903,3.6849446296691895,0.19290098547935486,3.6916003227233887
500,1,3,0,0.22099459171295166,3.620399236679077,0.10995296388864517,3.8902482986450195,0.17922911047935486,3.7911152839660645,0.11684869229793549,3.7501280307769775
501,1,1,1,0.20543934404850006,3.6239981651306152,0.11762595176696777,3.888639450073242,0.17958784103393555,3.8858063220977783,0.1259765625,3.9283342361450195
502,1,1,1,0.31215372681617737,3.5976409912109375,0.40267258882522583,3.657576322555542,0.3511240482330322,3.6815757751464844,0.21538184583187103,3.7187933921813965
503,1,1,1,0.2920968234539032,3.6021065711975098,0.3438645899295807,3.685647964477539,0.3173728287220001,3.7101008892059326,0.1904296875,3.732391357421875
504,1,1,1,0.31358617544174194,3.583733081817627,0.3647560477256775,3.6431264877319336,0.3355887234210968,3.6643407344818115,0.1937779039144516,3.691453218460083
505,1,1,1,0.2988455593585968,3.603931427001953,0.39166632294654846,3.6757495403289795,0.34324178099632263,3.709043502807617,0.20804767310619354,3.7461442947387695
506,1,1,1,0.23740682005882263,3.6229681968688965,0.222272589802742,3.7671425342559814,0.21571069955825806,3.8044071197509766,0.14861686527729034,3.8154754638671875
507,1,1,1,0.30996888875961304,3.591614246368408,0.3695093095302582,3.656953811645508,0.33583784103393555,3.673847198486328,0.20043446123600006,3.7073678970336914
508,1,1,1,0.3578403890132904,3.5776314735412598,0.47123125195503235,3.6126794815063477,0.3895288407802582,3.6298797130584717,0.2298509180545807,3.6572444438934326
509,1,1,1,0.22857291996479034,3.587285041809082,0.1278848499059677,3.738886594772339,0.22632333636283875,3.782845973968506,0.15447624027729034,3.791252851486206
510,1,1,1,0.36434000730514526,3.5761611461639404,0.5037168860435486,3.6056599617004395,0.4227220118045807,3.605501890182495,0.2506975531578064,3.640989065170288
511,1,1,1,0.2620426118373871,3.5845930576324463,0.22981604933738708,3.678525686264038,0.2798648774623871,3.7342352867126465,0.17671795189380646,3.7377917766571045
512,1,1,1,0.3615896999835968,3.5729029178619385,0.48008009791374207,3.608900547027588,0.39840760827064514,3.629399061203003,0.23762355744838715,3.649836540222168
513,1,1,1,0.31599271297454834,3.5883302688598633,0.3781987428665161,3.6452982425689697,0.32286351919174194,3.65867280960083,0.19864077866077423,3.7109460830688477
514,1,1,1,0.2566640377044678,3.6216039657592773,0.2667958736419678,3.742842674255371,0.25764310359954834,3.7810869216918945,0.15425701439380646,3.8195090293884277
515,1,1,1,0.29652872681617737,3.6058943271636963,0.3668985068798065,3.683614492416382,0.32177734375,3.6983988285064697,0.2048788219690323,3.709824800491333
516,1,1,1,0.36434000730514526,3.5761611461639404,0.5037168860435486,3.6056599617004395,0.4227220118045807,3.605501890182495,0.2506975531578064,3.640989065170288
517,1,1,1,0.2938232421875,3.602452039718628,0.3782983720302582,3.6799120903015137,0.344447523355484,3.7006595134735107,0.20962212979793549,3.722856044769287
518,1,1,1,0.30397000908851624,3.6080267429351807,0.39457109570503235,3.690852642059326,0.3577008843421936,3.703253746032715,0.21753427386283875,3.712414026260376
519,1,1,1,0.31284376978874207,3.5892114639282227,0.3695242702960968,3.648796558380127,0.33682435750961304,3.6600100994110107,0.19644849002361298,3.695749282836914
520,1,1,1,0.341796875,3.55499267578125,0.3703015446662903,3.572920083999634,0.3523198366165161,3.619074583053589,0.1970463991165161,3.634773015975952
521,1,1,1,0.32779863476753235,3.6041600704193115,0.44775888323783875,3.689485549926758,0.3902064561843872,3.668701171875,0.2338169664144516,3.687436103820801
522,1,1,1,0.31505849957466125,3.591545581817627,0.3864845633506775,3.6506078243255615,0.3484135866165161,3.6678011417388916,0.20282605290412903,3.6864497661590576
523,1,1,1,0.23345573246479034,3.6213037967681885,0.18022559583187103,3.82563853263855,0.22340361773967743,3.868058443069458,0.1384526491165161,3.8963582515716553
524,1,1,1,0.2763347923755646,3.5921764373779297,0.29285913705825806,3.6854605674743652,0.3176717758178711,3.7207565307617188,0.19170519709587097,3.7177460193634033
525,1,1,1,0.27351224422454834,3.614300012588501,0.31305304169654846,3.716175079345703,0.2819674611091614,3.7497172355651855,0.17586097121238708,3.746260166168213
526,1,1,1,0.2977544069290161,3.593996047973633,0.34619638323783875,3.666177272796631,0.30598294734954834,3.6819515228271484,0.19027024507522583,3.7054572105407715
527,1,1,1,0.2545514702796936,3.5893774032592773,0.20648816227912903,3.6967642307281494,0.25318875908851624,3.750826597213745,0.16053491830825806,3.756052255630493
528,1,1,1,0.25522908568382263,3.6162750720977783,0.2544891834259033,3.742526054382324,0.24774792790412903,3.74680233001709,0.16515864431858063,3.7749485969543457
529,1,1,1,0.2798623740673065,3.6101086139678955,0.3308703303337097,3.6917192935943604,0.3016880452632904,3.714153528213501,0.19367824494838715,3.7532413005828857
530,1,1,1,0.2537667453289032,3.6246368885040283,0.2785196006298065,3.7575135231018066,0.2675282955169678,3.7893991470336914,0.17667809128761292,3.845121145248413
531,1,1,1,0.2857690751552582,3.6119606494903564,0.35416334867477417,3.7215187549591064,0.31886759400367737,3.7670865058898926,0.20083306729793549,3.773146867752075
532,1,1,1,0.3114910423755646,3.600639820098877,0.41536790132522583,3.6636159420013428,0.3717813193798065,3.6852502822875977,0.226422980427742,3.7084763050079346
533,1,1,1,0.2377057671546936,3.6293532848358154,0.20883490145206451,3.777878522872925,0.21049903333187103,3.795966625213623,0.1380540430545807,3.7970261573791504
534,1,1,1,0.2706797122955322,3.616393566131592,0.30230090022087097,3.715738534927368,0.28762754797935486,3.726926326751709,0.18084342777729034,3.746859073638916
535,1,1,1,0.26160913705825806,3.5861616134643555,0.21849091351032257,3.680265426635742,0.2642199397087097,3.723062515258789,0.1623883843421936,3.727663278579712
536,1,1,1,0.2811179459095001,3.570119619369507,0.2563974857330322,3.6320831775665283,0.2972337305545807,3.6883466243743896,0.17002151906490326,3.7133982181549072
537,1,1,1,0.29031556844711304,3.593735694885254,0.31081095337867737,3.6828200817108154,0.30143892765045166,3.704495906829834,0.17749521136283875,3.728610038757324
538,1,1,1,0.2779715359210968,3.5995607376098633,0.2856196165084839,3.6842563152313232,0.26253587007522583,3.685492992401123,0.16143175959587097,3.7218518257141113
539,1,1,1,0.30701929330825806,3.593435525894165,0.3668387234210968,3.656344175338745,0.33268892765045166,3.6869945526123047,0.20314492285251617,3.7146079540252686
540,1,1,1,0.23331372439861298,3.624041795730591,0.18706153333187103,3.7950937747955322,0.2169363796710968,3.8112080097198486,0.15170599520206451,3.8382816314697266
541,1,1,1,0.27132493257522583,3.6071231365203857,0.3002581000328064,3.7049598693847656,0.29629701375961304,3.730342388153076,0.1868821680545807,3.7510931491851807
542,1,1,1,0.26055532693862915,3.5904061794281006,0.22594965994358063,3.7041170597076416,0.23871970176696777,3.756094455718994,0.14192043244838715,3.7983429431915283
543,1,1,1,0.32437071204185486,3.5902230739593506,0.38671875,3.636788845062256,0.34156766533851624,3.65586256980896,0.20930324494838715,3.6628260612487793
544,1,1,1,0.3392832279205322,3.586345672607422,0.4727608859539032,3.632397174835205,0.42310068011283875,3.6452341079711914,0.27849966287612915,3.6522111892700195
545,1,1,1,0.27064481377601624,3.626220703125,0.3433663547039032,3.739650249481201,0.32139867544174194,3.7803924083709717,0.20133130252361298,3.7978618144989014
546,1,1,1,0.2517986595630646,3.5891623497009277,0.20055903494358063,3.7087669372558594,0.2429547905921936,3.741560935974121,0.1551339328289032,3.7596352100372314
547,1,1,1,0.2933598756790161,3.6099255084991455,0.3879643678665161,3.6933834552764893,0.3513033986091614,3.7007148265838623,0.2141461968421936,3.7466728687286377
548,1,1,1,0.3623569905757904,3.5765573978424072,0.49002012610435486,3.6079370975494385,0.41067442297935486,3.6205716133117676,0.24430005252361298,3.640887498855591
549,1,1,1,0.28468289971351624,3.600827932357788,0.3160574734210968,3.6860673427581787,0.29803091287612915,3.700748920440674,0.17952805757522583,3.7092583179473877
550,1,1,1,0.3296321928501129,3.59242582321167,0.4651476740837097,3.6424050331115723,0.41125237941741943,3.6559970378875732,0.2577527165412903,3.66813588142395
551,1,1,1,0.23103675246238708,3.6027281284332275,0.13119319081306458,3.7652196884155273,0.20484893023967743,3.7816314697265625,0.1355428844690323,3.804293394088745
552,1,1,1,0.2533756196498871,3.60398006439209,0.22981604933738708,3.7240540981292725,0.23993542790412903,3.759448528289795,0.1570073366165161,3.8082001209259033
553,1,1,1,0.3001534640789032,3.596104145050049,0.35706812143325806,3.6633083820343018,0.3210299611091614,3.6865532398223877,0.20015545189380646,3.715224504470825
554,1,1,1,0.36434000730514526,3.5761611461639404,0.5037168860435486,3.6056599617004395,0.4227220118045807,3.605501890182495,0.2506975531578064,3.640989065170288
555,1,1,1,0.2648477256298065,3.611643075942993,0.2826899290084839,3.7194247245788574,0.28254544734954834,3.75650691986084,0.17992664873600006,3.7840054035186768
556,1,1,1,0.2554582953453064,3.58695387840271,0.2039022594690323,3.6851725578308105,0.24452924728393555,3.7206079959869385,0.1581433266401291,3.7315690517425537
557,1,1,1,0.25783491134643555,3.592200756072998,0.2275490164756775,3.6922268867492676,0.26400071382522583,3.7330238819122314,0.17241309583187103,3.728470802307129
558,1,1,1,0.22649772465229034,3.649200439453125,0.22327905893325806,3.800772190093994,0.21154536306858063,3.806962251663208,0.1551339328289032,3.8157758712768555
559,1,1,1,0.2956393361091614,3.6072115898132324,0.3894740343093872,3.6895828247070312,0.3600924611091614,3.7152700424194336,0.21900908648967743,3.7373738288879395
560,1,1,1,0.24164190888404846,3.632019519805908,0.24298468232154846,3.763000249862671,0.22626355290412903,3.788778305053711,0.1583426296710968,3.835494041442871
561,1,1,1,0.3264259696006775,3.599259614944458,0.43774911761283875,3.6668829917907715,0.37467116117477417,3.6813478469848633,0.22849568724632263,3.6955080032348633
562,1,1,1,0.2191411256790161,3.6506905555725098,0.19507333636283875,3.8307621479034424,0.19047950208187103,3.8390791416168213,0.13362962007522583,3.8566741943359375
563,1,1,1,0.3462960422039032,3.5863919258117676,0.4820481836795807,3.624574899673462,0.41298627853393555,3.6382830142974854,0.24810665845870972,3.6767611503601074
564,1,1,1,0.3169468343257904,3.5928080081939697,0.40513890981674194,3.650301933288574,0.3512137234210968,3.661937952041626,0.2103794664144516,3.683497428894043
565,1,1,1,0.2808663547039032,3.6038920879364014,0.3102927505970001,3.692518949508667,0.28967034816741943,3.721524715423584,0.18530771136283875,3.7503764629364014
566,1,1,1,0.2568608522415161,3.589888095855713,0.21089264750480652,3.695726156234741,0.2578623294830322,3.7348997592926025,0.16041533648967743,3.7805938720703125
567,1,1,1,0.25736406445503235,3.6141440868377686,0.2612204849720001,3.724364757537842,0.2633131444454193,3.7532167434692383,0.17185506224632263,3.7756001949310303
568,1,1,1,0.28885573148727417,3.6066977977752686,0.34630101919174194,3.6968088150024414,0.32090041041374207,3.7205851078033447,0.19770407676696777,3.7318549156188965
569,1,1,1,0.32187697291374207,3.592984676361084,0.42323023080825806,3.643247365951538,0.3726980984210968,3.652576208114624,0.22931280732154846,3.6671302318573
570,1,1,1,0.40091875195503235,3.565213918685913,0.5757383704185486,3.578470468521118,0.4802594780921936,3.593899726867676,0.2867107689380646,3.626372814178467
571,1,1,1,0.24391640722751617,3.6277194023132324,0.23324896395206451,3.772204875946045,0.23387674987316132,3.797060012817383,0.15264269709587097,3.813683271408081
572,1,1,1,0.27013909816741943,3.5838468074798584,0.2437669336795807,3.6731324195861816,0.27870893478393555,3.7210841178894043,0.17277184128761292,3.743222951889038
573,1,1,1,0.28946107625961304,3.5960910320281982,0.31917649507522583,3.660942792892456,0.28910234570503235,3.6816489696502686,0.18058434128761292,3.7118420600891113
574,1,1,1,0.29714903235435486,3.5942587852478027,0.34108439087867737,3.6663453578948975,0.30710896849632263,3.6862974166870117,0.18658322095870972,3.721320152282715
575,1,1,1,0.3379429280757904,3.5650298595428467,0.3760811984539032,3.5793776512145996,0.3504464328289032,3.5976455211639404,0.19180484116077423,3.6109726428985596
576,1,1,1,0.3876006305217743,3.5643439292907715,0.524189829826355,3.5848186016082764,0.43678250908851624,3.6035315990448,0.2585698366165161,3.6106057167053223
577,1,1,1,0.28192511200904846,3.6104607582092285,0.3434809446334839,3.6984102725982666,0.3224051296710968,3.724238157272339,0.19555164873600006,3.7764980792999268
578,1,2,0,0.2173299938440323,3.633450984954834,0.15018634498119354,3.897090435028076,0.20271643996238708,3.91068172454834,0.12089444696903229,3.9592812061309814
579,1,1,1,0.28544023633003235,3.5962576866149902,0.3092663884162903,3.6684763431549072,0.29433393478393555,3.7046077251434326,0.18742027878761292,3.7209699153900146
580,1,1,1,0.3381696343421936,3.5869357585906982,0.4495525658130646,3.6362950801849365,0.3945412039756775,3.6604702472686768,0.23959662020206451,3.6569621562957764
581,1,1,1,0.28482240438461304,3.5870988368988037,0.2970842719078064,3.663569688796997,0.30647122859954834,3.7021946907043457,0.19339923560619354,3.6908490657806396
582,1,1,1,0.2530094087123871,3.623217821121216,0.2566416263580322,3.734531879425049,0.24570511281490326,3.7416961193084717,0.16352438926696777,3.7464959621429443
583,1,1,1,0.29894521832466125,3.5949549674987793,0.362025648355484,3.6630196571350098,0.33214086294174194,3.6815576553344727,0.1993582546710968,3.713186025619507
584,1,1,1,0.2785146236419678,3.5953595638275146,0.28219667077064514,3.6863059997558594,0.28413981199264526,3.7042155265808105,0.1650390625,3.7512378692626953
585,1,1,1,0.22217543423175812,3.5960776805877686,0.1136648952960968,3.7761363983154297,0.2057059109210968,3.8273990154266357,0.14014668762683868,3.8306314945220947
586,1,1,1,0.25299695134162903,3.585062265396118,0.20173488557338715,3.6977202892303467,0.2606923580169678,3.7512710094451904,0.1649792641401291,3.7901666164398193
587,1,1,1,0.36434000730514526,3.5761611461639404,0.5037168860435486,3.6056599617004395,0.4227220118045807,3.605501890182495,0.2506975531578064,3.640989065170288
588,1,1,1,0.26552286744117737,3.6104445457458496,0.2805773615837097,3.700531005859375,0.2683354616165161,3.733920097351074,0.17693717777729034,3.7703311443328857
589,1,1,1,0.23956671357154846,3.630173444747925,0.23526187241077423,3.767143964767456,0.23219268023967743,3.7898802757263184,0.1628866344690323,3.820873498916626
590,1,1,1,0.22991320490837097,3.6247549057006836,0.17210419476032257,3.859070062637329,0.21863041818141937,3.8771650791168213,0.12364476919174194,3.9174726009368896
591,1,1,1,0.26100626587867737,3.6143457889556885,0.2776327133178711,3.7247047424316406,0.2666613459587097,3.7395365238189697,0.17510363459587097,3.7740724086761475
592,1,1,1,0.2519979476928711,3.618630886077881,0.2518833577632904,3.7507219314575195,0.24856504797935486,3.779465913772583,0.1616908460855484,3.7995808124542236
593,1,1,1,0.29839465022087097,3.5751473903656006,0.2892966568470001,3.6099236011505127,0.3073281943798065,3.6470606327056885,0.18181999027729034,3.685739278793335
594,1,1,1,0.2931531071662903,3.5667946338653564,0.2847576439380646,3.6256299018859863,0.3155691921710968,3.670708656311035,0.18227837979793549,3.697026014328003
595,1,1,1,0.22556351125240326,3.647714376449585,0.20965202152729034,3.8191215991973877,0.18502870202064514,3.8068182468414307,0.1268933266401291,3.8669703006744385
596,1,1,1,0.3387127220630646,3.5841190814971924,0.435322642326355,3.625596523284912,0.3765545189380646,3.6454694271087646,0.233258917927742,3.665755271911621
597,1,1,1,0.2646509110927582,3.5964155197143555,0.24085219204425812,3.710239887237549,0.27102598547935486,3.745201826095581,0.15832270681858063,3.76674222946167
598,1,1,1,0.32173746824264526,3.5952162742614746,0.42584601044654846,3.6432039737701416,0.36514467000961304,3.6583521366119385,0.21992585062980652,3.6915268898010254
599,1,1,1,0.2510288655757904,3.615719795227051,0.24716497957706451,3.739734411239624,0.25339803099632263,3.7694756984710693,0.17004145681858063,3.778012275695801
600,1,1,1,0.34883958101272583,3.576110363006592,0.4409030079841614,3.6083104610443115,0.37524911761283875,3.6206815242767334,0.22086255252361298,3.6467244625091553
601,1,1,1,0.2556227147579193,3.6011364459991455,0.22812698781490326,3.720416784286499,0.24252630770206451,3.767524003982544,0.1556321680545807,3.787296772003174
602,1,1,1,0.28966787457466125,3.602924108505249,0.3345673084259033,3.676957130432129,0.29111525416374207,3.7052440643310547,0.18034517765045166,3.741849899291992
603,1,1,1,0.3546939790248871,3.583408832550049,0.46730008721351624,3.624241590499878,0.3981485068798065,3.649730920791626,0.241071417927742,3.651620388031006
604,1,1,1,0.24709023535251617,3.606740951538086,0.218610480427742,3.734797954559326,0.24021443724632263,3.769559383392334,0.15810346603393555,3.810664415359497
605,1,1,1,0.36434000730514526,3.5761611461639404,0.5037168860435486,3.6056599617004395,0.4227220118045807,3.605501890182495,0.2506975531578064,3.640989065170288
606,1,1,1,0.37192830443382263,3.580387830734253,0.5256198048591614,3.6160919666290283,0.4429607689380646,3.6206018924713135,0.2661032974720001,3.6450719833374023
607,1,1,1,0.22451719641685486,3.6198084354400635,0.15631477534770966,3.833296060562134,0.18926379084587097,3.84773325920105,0.13673867285251617,3.9124033451080322
608,1,1,1,0.3228062093257904,3.5936315059661865,0.43744519352912903,3.6463887691497803,0.38695791363716125,3.660022735595703,0.24312420189380646,3.665792226791382
609,1,1,1,0.3005869388580322,3.5807902812957764,0.3239646255970001,3.629596710205078,0.3236607015132904,3.621551752090454,0.17721620202064514,3.6510345935821533
610,1,1,1,0.36536890268325806,3.5822434425354004,0.5131586790084839,3.6245861053466797,0.431660532951355,3.6275219917297363,0.2626953125,3.650481700897217
611,1,1,1,0.26762545108795166,3.6069796085357666,0.2689482867717743,3.723114490509033,0.27968549728393555,3.74910044670105,0.16926418244838715,3.744495391845703
612,1,1,1,0.2525485157966614,3.615062952041626,0.2588936984539032,3.7200400829315186,0.26971060037612915,3.7650928497314453,0.17580117285251617,3.7646524906158447
613,1,1,1,0.32008329033851624,3.600977659225464,0.44204896688461304,3.6661670207977295,0.38703760504722595,3.6635942459106445,0.23959662020206451,3.6958909034729004
614,1,1,1,0.36434000730514526,3.5761611461639404,0.5037168860435486,3.6056599617004395,0.4227220118045807,3.605501890182495,0.2506975531578064,3.640989065170288
615,1,1,1,0.26359713077545166,3.6225876808166504,0.3084193468093872,3.7270803451538086,0.2828443944454193,3.7427775859832764,0.18955276906490326,3.752392053604126
616,1,1,1,0.2918775975704193,3.5953807830810547,0.32641103863716125,3.6801960468292236,0.30010363459587097,3.692854404449463,0.18341438472270966,3.731283187866211
617,1,1,1,0.2991868555545807,3.59562349319458,0.34287306666374207,3.667097806930542,0.3132772445678711,3.6809911727905273,0.19282126426696777,3.703979253768921
618,1,1,1,0.3146798312664032,3.5881407260894775,0.3717314898967743,3.641151189804077,0.32675978541374207,3.658259868621826,0.199079230427742,3.6945641040802
619,1,1,1,0.35180166363716125,3.582214593887329,0.47132593393325806,3.618793487548828,0.4024732708930969,3.6189804077148438,0.23533162474632263,3.6570122241973877
620,1,1,1,0.25231683254241943,3.5805177688598633,0.192138671875,3.686098098754883,0.25779256224632263,3.7358715534210205,0.16669324040412903,3.7543041706085205
621,1,1,1,0.2670798599720001,3.6118760108947754,0.2759237289428711,3.7128334045410156,0.26955118775367737,3.721811532974243,0.17594069242477417,3.7458088397979736
622,1,1,1,0.2335205078125,3.630850076675415,0.22493323683738708,3.8100342750549316,0.23740433156490326,3.870844602584839,0.1545758843421936,3.9504899978637695
623,1,1,1,0.35752400755882263,3.582874059677124,0.5062978267669678,3.620384693145752,0.43082350492477417,3.6240689754486084,0.26426976919174194,3.650301694869995
624,1,1,1,0.3144107758998871,3.5881528854370117,0.36815908551216125,3.644692897796631,0.33877748250961304,3.6698825359344482,0.19911909103393555,3.695726156234741
625,1,1,1,0.328700453042984,3.586230516433716,0.41692739725112915,3.6312575340270996,0.36184629797935486,3.660057306289673,0.22275589406490326,3.6754047870635986
626,1,1,1,0.2419184446334839,3.623141288757324,0.22567561268806458,3.760652542114258,0.22180922329425812,3.75812029838562,0.150390625,3.745295524597168
627,1,1,1,0.26432207226753235,3.5864129066467285,0.22885443270206451,3.6696856021881104,0.27195271849632263,3.7136051654815674,0.16513870656490326,3.7429399490356445
628,1,1,1,0.24519191682338715,3.614933729171753,0.22041912376880646,3.7362282276153564,0.23265106976032257,3.78810977935791,0.15565210580825806,3.827784776687622
629,1,1,1,0.26523634791374207,3.6122403144836426,0.2717534303665161,3.710883378982544,0.25359731912612915,3.7230539321899414,0.16487962007522583,3.726701259613037
630,1,1,1,0.3016357421875,3.6069259643554688,0.39182576537132263,3.679912567138672,0.34504544734954834,3.709813356399536,0.21394690871238708,3.734233856201172
631,1,1,1,0.2729342579841614,3.603543281555176,0.2935516834259033,3.710711717605591,0.28674066066741943,3.7382450103759766,0.18148118257522583,3.7693827152252197
632,1,1,1,0.25231435894966125,3.6093640327453613,0.24164441227912903,3.7372729778289795,0.25519171357154846,3.7769925594329834,0.16175062954425812,3.7769837379455566
633,1,1,1,0.28803861141204834,3.6124320030212402,0.3685028553009033,3.6846673488616943,0.3329579830169678,3.7096939086914062,0.21599967777729034,3.7399890422821045
634,1,1,1,0.3315354883670807,3.588649034500122,0.42241808772087097,3.6289381980895996,0.3599131107330322,3.640040874481201,0.22526705265045166,3.6666371822357178
635,1,1,1,0.22900888323783875,3.6356091499328613,0.2012416273355484,3.8169596195220947,0.20601482689380646,3.8520846366882324,0.13558274507522583,3.8662354946136475
636,1,1,1,0.3276541531085968,3.5927023887634277,0.4334990680217743,3.6429171562194824,0.3766043484210968,3.6482152938842773,0.22241708636283875,3.667114734649658
637,1,1,1,0.2632981836795807,3.6157724857330322,0.27466318011283875,3.7224721908569336,0.24559549987316132,3.7432444095611572,0.17370854318141937,3.7751262187957764
638,1,1,1,0.24622328579425812,3.6233255863189697,0.2426060289144516,3.773597240447998,0.2425462305545807,3.799260377883911,0.16390305757522583,3.834022283554077
639,1,1,1,0.26890096068382263,3.583153486251831,0.2470703125,3.6758692264556885,0.2793467044830322,3.7327792644500732,0.17588089406490326,3.74538254737854
640,1,1,1,0.2943613529205322,3.6011645793914795,0.34179189801216125,3.6615548133850098,0.2956293821334839,3.673677921295166,0.1918247789144516,3.719480514526367
641,1,1,1,0.21733248233795166,3.621121406555176,0.14023138582706451,3.859513282775879,0.1936383843421936,3.8794772624969482,0.12741151452064514,3.897700548171997
642,1,1,1,0.36434000730514526,3.5761611461639404,0.5037168860435486,3.6056599617004395,0.4227220118045807,3.605501890182495,0.2506975531578064,3.640989065170288
643,1,1,1,0.29670560359954834,3.5985305309295654,0.34369519352912903,3.6697351932525635,0.30283400416374207,3.7008883953094482,0.1880580335855484,3.7277448177337646
644,1,1,1,0.28048020601272583,3.5994298458099365,0.29897260665893555,3.6770436763763428,0.2961674928665161,3.6858787536621094,0.1746053844690323,3.6987786293029785
645,1,1,1,0.27782705426216125,3.5992181301116943,0.2782704830169678,3.701665163040161,0.28330275416374207,3.744319438934326,0.17155611515045166,3.753368854522705
646,1,1,1,0.2627725303173065,3.6196398735046387,0.2999890446662903,3.716637134552002,0.2783203125,3.7428572177886963,0.18941326439380646,3.748316526412964
647,1,1,1,0.2617112696170807,3.592319965362549,0.13780492544174194,3.432713747024536,0.30353155732154846,3.5345370769500732,0.19339923560619354,3.5607995986938477
648,1,1,1,0.2767159640789032,3.6050631999969482,0.3085588812828064,3.6906135082244873,0.28323301672935486,3.730992555618286,0.1794881969690323,3.7818121910095215
649,1,1,1,0.2836565375328064,3.572535276412964,0.2550671696662903,3.629207134246826,0.3027842044830322,3.684811592102051,0.17133688926696777,3.7010586261749268
650,1,1,1,0.29055723547935486,3.6031877994537354,0.3501325249671936,3.665419101715088,0.30137914419174194,3.671009063720703,0.1925223171710968,3.6892340183258057
651,1,1,1,0.2873435318470001,3.6041078567504883,0.32038724422454834,3.681570053100586,0.2999541461467743,3.687119960784912,0.18203921616077423,3.711845874786377
652,1,1,1,0.36434000730514526,3.5761611461639404,0.5037168860435486,3.6056599617004395,0.4227220118045807,3.605501890182495,0.2506975531578064,3.640989065170288
653,1,1,1,0.3085663318634033,3.595150947570801,0.37188097834587097,3.66007924079895,0.3252849876880646,3.658579111099243,0.20450015366077423,3.6871650218963623
654,1,1,1,0.25691813230514526,3.5927817821502686,0.13483040034770966,3.4510180950164795,0.29587849974632263,3.5469486713409424,0.19286112487316132,3.580965280532837
655,1,1,1,0.2223597913980484,3.6504476070404053,0.20659777522087097,3.840733051300049,0.20350366830825806,3.8767995834350586,0.15567202866077423,3.928690195083618
656,1,1,1,0.3195202946662903,3.5863728523254395,0.3937739133834839,3.641385793685913,0.3522799611091614,3.66545033454895,0.21002072095870972,3.671854257583618
657,1,1,1,0.36434000730514526,3.5761611461639404,0.5037168860435486,3.6056599617004395,0.4227220118045807,3.605501890182495,0.2506975531578064,3.640989065170288
658,1,1,1,0.3359100818634033,3.591721773147583,0.44837671518325806,3.6483092308044434,0.38695791363716125,3.6527090072631836,0.228515625,3.6609106063842773
659,1,1,1,0.21852827072143555,3.6068012714385986,0.12749621272087097,3.814725160598755,0.20178969204425812,3.841679096221924,0.13237403333187103,3.83709716796875
660,1,1,1,0.26288214325904846,3.6188130378723145,0.2792071998119354,3.7263286113739014,0.25881895422935486,3.7544758319854736,0.1713169664144516,3.776175022125244
661,1,1,1,0.31670767068862915,3.5839345455169678,0.4007045030593872,3.653320550918579,0.3651147782802582,3.694350481033325,0.21033960580825806,3.709209680557251
662,1,1,1,0.36434000730514526,3.5761611461639404,0.5037168860435486,3.6056599617004395,0.4227220118045807,3.605501890182495,0.2506975531578064,3.640989065170288
663,1,1,1,0.25008219480514526,3.608337879180908,0.20854590833187103,3.7472763061523438,0.23034916818141937,3.784045696258545,0.14650429785251617,3.805196523666382
664,1,1,1,0.36434000730514526,3.5761611461639404,0.5037168860435486,3.6056599617004395,0.4227220118045807,3.605501890182495,0.2506975531578064,3.640989065170288
665,1,1,1,0.32582560181617737,3.5736796855926514,0.39766520261764526,3.62375807762146,0.35235968232154846,3.663461446762085,0.2119140625,3.678924083709717
666,1,1,1,0.2786366939544678,3.6049604415893555,0.29920679330825806,3.685239553451538,0.27587890625,3.7039191722869873,0.17207428812980652,3.7109103202819824
667,1,1,1,0.30029296875,3.6102869510650635,0.4107142686843872,3.689974784851074,0.3711634874343872,3.709480047225952,0.24304448068141937,3.73702335357666
668,1,1,1,0.36461156606674194,3.581983804702759,0.5281658172607422,3.6168766021728516,0.4514608383178711,3.6216533184051514,0.27724409103393555,3.6392781734466553
669,1,1,1,0.36434000730514526,3.5761611461639404,0.5037168860435486,3.6056599617004395,0.4227220118045807,3.605501890182495,0.2506975531578064,3.640989065170288
670,1,1,1,0.36434000730514526,3.5761611461639404,0.5037168860435486,3.6056599617004395,0.4227220118045807,3.605501890182495,0.2506975531578064,3.640989065170288
671,1,1,1,0.3250831961631775,3.598562240600586,0.4361248314380646,3.6478774547576904,0.37803930044174194,3.641800880432129,0.23170439898967743,3.665921211242676
672,1,1,1,0.2658342719078064,3.603544235229492,0.25120076537132263,3.711803674697876,0.27046793699264526,3.7415075302124023,0.15957827866077423,3.7623329162597656
673,1,1,1,0.2712651491165161,3.608882427215576,0.28410494327545166,3.714122772216797,0.2711355984210968,3.7201662063598633,0.16368383169174194,3.733471393585205
674,1,1,1,0.24873943626880646,3.6090879440307617,0.23033422231674194,3.72800612449646,0.23948700726032257,3.77247953414917,0.15919961035251617,3.8100900650024414
675,1,1,1,0.3323974609375,3.587946891784668,0.4167729616165161,3.6376841068267822,0.3623844087123871,3.6472253799438477,0.2133091539144516,3.664766788482666
676,1,1,1,0.2832454741001129,3.6056623458862305,0.3136957883834839,3.704113721847534,0.29601800441741943,3.7022149562835693,0.1772560477256775,3.7126152515411377
677,1,1,1,0.32245245575904846,3.5911614894866943,0.4059460759162903,3.640331506729126,0.35607659816741943,3.651834487915039,0.21689651906490326,3.6886887550354004
678,1,1,1,0.3841801881790161,3.565782308578491,0.5059041976928711,3.575268030166626,0.42422670125961304,3.590012311935425,0.236328125,3.6043176651000977
679,1,1,1,0.36434000730514526,3.5761611461639404,0.5037168860435486,3.6056599617004395,0.4227220118045807,3.605501890182495,0.2506975531578064,3.640989065170288
680,1,1,1,0.2662378251552582,3.6192569732666016,0.2978166937828064,3.7214293479919434,0.27751314640045166,3.750762939453125,0.18189971148967743,3.8012490272521973
681,1,1,1,0.3496616780757904,3.5872952938079834,0.49265584349632263,3.6304233074188232,0.42236328125,3.6278164386749268,0.25958624482154846,3.6663339138031006
682,1,1,1,0.33370286226272583,3.5551135540008545,0.3495944142341614,3.5603933334350586,0.35565808415412903,3.5916056632995605,0.2143654227256775,3.6269989013671875
683,1,1,1,0.28255540132522583,3.6103508472442627,0.3174724876880646,3.70562481880188,0.2803631126880646,3.696356773376465,0.1753627210855484,3.721900224685669
684,1,1,1,0.341796875,3.5844459533691406,0.4499411880970001,3.6368308067321777,0.38585180044174194,3.6277472972869873,0.2294323891401291,3.65079927444458
685,1,1,1,0.26800909638404846,3.624887228012085,0.33504563570022583,3.739712953567505,0.3104870915412903,3.764586925506592,0.19830197095870972,3.763216018676758
686,1,1,1,0.2918775975704193,3.604376792907715,0.3662707209587097,3.6791136264801025,0.3380400836467743,3.688971996307373,0.21962690353393555,3.71470046043396
687,1,1,1,0.25773775577545166,3.6251425743103027,0.2944585084915161,3.7168309688568115,0.2744040787220001,3.737553119659424,0.19074855744838715,3.7595863342285156
688,1,1,1,0.2537243962287903,3.6162381172180176,0.244489386677742,3.742123603820801,0.24579480290412903,3.762993574142456,0.15617027878761292,3.8291220664978027
689,1,1,1,0.31072622537612915,3.5983660221099854,0.3938087821006775,3.66263484954834,0.3496890962123871,3.676393508911133,0.21265146136283875,3.6841611862182617
690,1,1,1,0.2516741156578064,3.6156063079833984,0.23809191584587097,3.7536308765411377,0.24269570410251617,3.76735782623291,0.15575174987316132,3.8305821418762207
691,1,1,1,0.2686842381954193,3.6181247234344482,0.31116968393325806,3.7041776180267334,0.27772241830825806,3.715895175933838,0.18815767765045166,3.7335028648376465
692,1,1,1,0.30102041363716125,3.590803861618042,0.32763174176216125,3.663883686065674,0.30031290650367737,3.6715333461761475,0.1811622977256775,3.6916391849517822
693,1,1,1,0.37482312321662903,3.574669122695923,0.5109663605690002,3.598773241043091,0.429408460855484,3.6196277141571045,0.25944674015045166,3.6253647804260254
694,1,1,1,0.3384561240673065,3.588080406188965,0.46899911761283875,3.6323275566101074,0.40802374482154846,3.6394762992858887,0.24934230744838715,3.6829190254211426
695,1,1,1,0.2963069975376129,3.5998570919036865,0.35961416363716125,3.6800599098205566,0.33642578125,3.7176032066345215,0.19441565871238708,3.736442804336548
696,1,1,1,0.26539331674575806,3.613981008529663,0.2902134358882904,3.7156076431274414,0.2691226899623871,3.723701238632202,0.17837212979793549,3.7346367835998535
697,1,1,1,0.27342504262924194,3.584520101547241,0.2483358532190323,3.670177698135376,0.31771165132522583,3.7082457542419434,0.1818598508834839,3.7220821380615234
698,2,2,1,0.2137102335691452,3.6298303604125977,0.11020706593990326,3.9336769580841064,0.15452606976032257,3.873476505279541,0.10249920189380646,3.888197660446167
699,2,2,1,0.22184161841869354,3.6344709396362305,0.15440648794174194,3.86047101020813,0.1887456178665161,3.852964401245117,0.11519451439380646,3.8987889289855957
700,2,2,1,0.23027941584587097,3.5965640544891357,0.11991290748119354,3.7710142135620117,0.19407685101032257,3.78814959526062,0.13026148080825806,3.8167073726654053
701,2,1,0,0.22159747779369354,3.59539532661438,0.12340062856674194,3.782654285430908,0.21360810101032257,3.814984083175659,0.14036591351032257,3.8124377727508545
702,2,2,1,0.2209646999835968,3.6141018867492676,0.10718271136283875,3.8758833408355713,0.16271723806858063,3.8330576419830322,0.11443717777729034,3.839951276779175
703,2,2,1,0.21633848547935486,3.6315407752990723,0.1229422390460968,3.90994930267334,0.1745854616165161,3.896118640899658,0.11429767310619354,3.8924150466918945
704,2,2,1,0.21874751150608063,3.6203150749206543,0.13172133266925812,3.8978703022003174,0.1676199734210968,3.873075246810913,0.11075015366077423,3.860896110534668
705,2,2,1,0.22109174728393555,3.6162843704223633,0.11849788576364517,3.8803768157958984,0.16571667790412903,3.8601322174072266,0.11162707209587097,3.8482413291931152
706,2,2,1,0.21806739270687103,3.6223182678222656,0.10617127269506454,3.872260570526123,0.16754025220870972,3.8539226055145264,0.11706791818141937,3.802689790725708
707,2,2,1,0.22540158033370972,3.6176087856292725,0.12487543374300003,3.886406183242798,0.16895528137683868,3.8542022705078125,0.11043127626180649,3.88558030128479
708,2,2,1,0.20849110186100006,3.644557237625122,0.11415816098451614,3.993671417236328,0.15322065353393555,3.9561004638671875,0.09833386540412903,3.954803466796875
709,2,2,1,0.21948739886283875,3.6186437606811523,0.11128327995538712,3.845086097717285,0.16756018996238708,3.828486442565918,0.11507493257522583,3.8055074214935303
710,2,2,1,0.22036431729793549,3.616476058959961,0.11588707566261292,3.8887312412261963,0.16591596603393555,3.8920719623565674,0.11180643737316132,3.9208555221557617
711,2,2,1,0.21697872877120972,3.62445330619812,0.10662966221570969,3.894818067550659,0.16132214665412903,3.851874828338623,0.11354033648967743,3.856766700744629
712,2,2,1,0.23149263858795166,3.5937819480895996,0.12634028494358063,3.7339589595794678,0.19770407676696777,3.751814603805542,0.12557795643806458,3.7663862705230713
713,2,2,1,0.21598473191261292,3.6251354217529297,0.10757632553577423,3.9046361446380615,0.16370375454425812,3.875699996948242,0.11061064898967743,3.856396436691284
714,2,2,1,0.21799515187740326,3.6163077354431152,0.1089564710855484,3.8421437740325928,0.16411231458187103,3.809520959854126,0.11573261767625809,3.842259407043457
715,2,2,1,0.22240711748600006,3.6180496215820312,0.12701790034770966,3.8781235218048096,0.1713169664144516,3.839867353439331,0.11180643737316132,3.8650624752044678
716,2,2,1,0.21140584349632263,3.644343614578247,0.12793466448783875,3.9438018798828125,0.16109295189380646,3.955029010772705,0.10780054330825806,3.994823455810547
717,2,2,1,0.23127590119838715,3.5945322513580322,0.11065050959587097,3.7394633293151855,0.21510283648967743,3.7225053310394287,0.14989237487316132,3.763063430786133
718,2,2,1,0.20885233581066132,3.6334228515625,0.10584741830825806,3.9315099716186523,0.1494140625,3.8810858726501465,0.10070551186800003,3.9303383827209473
719,2,2,1,0.21681928634643555,3.618880271911621,0.11503507196903229,3.8619630336761475,0.17045001685619354,3.844606876373291,0.11740672588348389,3.8103888034820557
720,2,2,1,0.2185158133506775,3.6195590496063232,0.1051897332072258,3.917250871658325,0.1564692258834839,3.87294602394104,0.10604671388864517,3.9099793434143066
721,2,2,1,0.21269629895687103,3.639227867126465,0.13124799728393555,3.9161036014556885,0.1744559109210968,3.90386700630188,0.11654974520206451,3.8821818828582764
722,2,2,1,0.21651038527488708,3.624664783477783,0.12507972121238708,3.8923280239105225,0.17231345176696777,3.911346197128296,0.11276306957006454,3.924178123474121
723,2,2,1,0.20651556551456451,3.644076347351074,0.11852280050516129,3.9733898639678955,0.1555424928665161,3.939842462539673,0.097098208963871,3.952791452407837
724,2,2,1,0.22230996191501617,3.63427734375,0.1454031765460968,3.8752012252807617,0.18250757455825806,3.876549243927002,0.11800462007522583,3.8756966590881348
725,2,2,1,0.2232666015625,3.6130146980285645,0.12467613816261292,3.8691203594207764,0.17241309583187103,3.879204750061035,0.11334104090929031,3.844381809234619
726,2,2,1,0.21846599876880646,3.625322103500366,0.11364496499300003,3.9123592376708984,0.1603655070066452,3.8685762882232666,0.10873724520206451,3.9127566814422607
727,2,2,1,0.21758410334587097,3.622830390930176,0.10854292660951614,3.901905059814453,0.16216915845870972,3.8493916988372803,0.10805962979793549,3.8506085872650146
728,2,2,1,0.22983846068382263,3.592104911804199,0.11377450823783875,3.7529232501983643,0.18803809583187103,3.744568109512329,0.1307198703289032,3.7914316654205322
729,2,2,1,0.22349579632282257,3.620790719985962,0.12919025123119354,3.8674843311309814,0.17042012512683868,3.871126174926758,0.11200574040412903,3.886654853820801
730,2,2,1,0.21539679169654846,3.6244592666625977,0.11168187856674194,3.8628597259521484,0.1652582883834839,3.8181982040405273,0.11623086780309677,3.7973251342773438
731,2,2,1,0.22147540748119354,3.6151154041290283,0.10829878598451614,3.846843957901001,0.17164580523967743,3.808243751525879,0.12109375,3.811718225479126
732,2,2,1,0.2223523110151291,3.6189191341400146,0.12641501426696777,3.882192850112915,0.18236805498600006,3.8833396434783936,0.11463648080825806,3.860743999481201
733,2,2,1,0.21726521849632263,3.625521659851074,0.11009745299816132,3.9011178016662598,0.15874122083187103,3.866478443145752,0.10893654078245163,3.8496158123016357
734,2,2,1,0.21670718491077423,3.6213040351867676,0.10245435684919357,3.876331329345703,0.168317511677742,3.854123592376709,0.11987802386283875,3.9125518798828125
735,2,2,1,0.22499053180217743,3.6233322620391846,0.14438675343990326,3.8492701053619385,0.19325971603393555,3.870166063308716,0.11965879797935486,3.886242389678955
736,2,2,1,0.21936781704425812,3.616187334060669,0.10859274864196777,3.873457193374634,0.1611328125,3.830674171447754,0.10953443497419357,3.8526201248168945
737,2,2,1,0.22171704471111298,3.6318721771240234,0.14508430659770966,3.894913911819458,0.17879065871238708,3.926485300064087,0.11340082436800003,3.9797890186309814
738,2,2,1,0.2184361070394516,3.626251697540283,0.10798987001180649,3.9081387519836426,0.16102319955825806,3.852094888687134,0.11033163219690323,3.8215317726135254
739,2,2,1,0.21880480647087097,3.6188888549804688,0.11066047102212906,3.874110698699951,0.15853196382522583,3.8284618854522705,0.10794004797935486,3.822932004928589
740,2,2,1,0.22709064185619354,3.6203761100769043,0.1450543999671936,3.8759660720825195,0.17763471603393555,3.874958038330078,0.11080994457006454,3.8667266368865967
741,2,2,1,0.2259172648191452,3.598775863647461,0.11169183999300003,3.784716844558716,0.19609972834587097,3.787590742111206,0.13458625972270966,3.794313669204712
742,2,2,1,0.2217668741941452,3.6128129959106445,0.1095842644572258,3.8626444339752197,0.16858656704425812,3.8666508197784424,0.11459662020206451,3.886782646179199
743,2,2,1,0.21417111158370972,3.63550066947937,0.11346559971570969,3.913318395614624,0.16306599974632263,3.9049131870269775,0.10927534848451614,3.907167673110962
744,2,2,1,0.21627868711948395,3.624988555908203,0.1059221550822258,3.894491672515869,0.15632972121238708,3.8433196544647217,0.10768096148967743,3.8573014736175537
745,2,2,1,0.21826669573783875,3.6161229610443115,0.10752151906490326,3.8731696605682373,0.16369380056858063,3.843489408493042,0.10931520909070969,3.8681859970092773
746,2,2,1,0.22960428893566132,3.6011500358581543,0.11820890009403229,3.7753424644470215,0.18997129797935486,3.7642152309417725,0.12866708636283875,3.83054518699646
747,2,2,1,0.22040915489196777,3.622182846069336,0.11136798560619354,3.8971009254455566,0.16052494943141937,3.8379788398742676,0.10550861060619354,3.8645637035369873
748,2,2,1,0.2251325249671936,3.614473819732666,0.12464623898267746,3.8766438961029053,0.18050462007522583,3.855912446975708,0.11493542790412903,3.8479278087615967
749,2,2,1,0.21891939640045166,3.6213300228118896,0.11678890138864517,3.8685152530670166,0.17084860801696777,3.83791184425354,0.1143973171710968,3.8294425010681152
750,2,2,1,0.22015255689620972,3.621504783630371,0.11754623800516129,3.891446352005005,0.1623286008834839,3.8562307357788086,0.10584741830825806,3.863114356994629
751,2,2,1,0.23159976303577423,3.586881160736084,0.11545360088348389,3.7315726280212402,0.202985480427742,3.7543447017669678,0.14054527878761292,3.777651786804199
752,2,2,1,0.21035704016685486,3.630549907684326,0.10775071382522583,3.9145472049713135,0.1570970118045807,3.8947668075561523,0.10788025707006454,3.926473379135132
753,2,2,1,0.21024742722511292,3.636317253112793,0.11537886410951614,3.9393272399902344,0.161481574177742,3.9076828956604004,0.10919562727212906,3.9032669067382812
754,2,2,1,0.21931549906730652,3.618697166442871,0.11292251199483871,3.8673667907714844,0.17080874741077423,3.815880060195923,0.11647002398967743,3.8004791736602783
755,2,2,1,0.21913613379001617,3.63863205909729,0.1337641477584839,3.9267702102661133,0.17540258169174194,3.9124531745910645,0.11224489659070969,3.9220526218414307
756,2,2,1,0.22680912911891937,3.5965094566345215,0.11074019223451614,3.7562315464019775,0.2004045695066452,3.7603302001953125,0.13851243257522583,3.7687768936157227
757,2,2,1,0.21734991669654846,3.6375536918640137,0.14592134952545166,3.9072625637054443,0.17127710580825806,3.9080753326416016,0.10748166590929031,3.936213493347168
758,2,2,1,0.22041912376880646,3.6189560890197754,0.11162707209587097,3.8677468299865723,0.16771961748600006,3.849682092666626,0.11423788219690323,3.8492672443389893
759,2,2,1,0.2167096734046936,3.63440203666687,0.12127809971570969,3.899798631668091,0.17153619229793549,3.8818984031677246,0.1183035671710968,3.912061929702759
760,2,2,1,0.21997816860675812,3.621918201446533,0.1035853773355484,3.8926405906677246,0.16121253371238708,3.8197553157806396,0.11098931729793549,3.878075122833252
761,2,2,1,0.214826300740242,3.6279962062835693,0.11826370656490326,3.8912622928619385,0.1814313530921936,3.8954248428344727,0.12063536047935486,3.887328624725342
762,2,2,1,0.2151053249835968,3.627065896987915,0.11179149150848389,3.887507200241089,0.16830755770206451,3.8911190032958984,0.11196587979793549,3.8946244716644287
763,2,2,1,0.22190140187740326,3.6182456016540527,0.12345543503761292,3.877835273742676,0.17311064898967743,3.8600621223449707,0.11842314898967743,3.8328845500946045
764,2,2,1,0.21691395342350006,3.6188857555389404,0.10986825823783875,3.900820732116699,0.16290657222270966,3.85148024559021,0.11282286047935486,3.8341281414031982
765,2,2,1,0.21454229950904846,3.621163845062256,0.11135303229093552,3.9103763103485107,0.16278699040412903,3.867899179458618,0.11318159848451614,3.8527910709381104
766,2,2,1,0.23215779662132263,3.590277910232544,0.11104412376880646,3.752187490463257,0.20176976919174194,3.739579200744629,0.14281727373600006,3.7478370666503906
767,2,2,1,0.21354830265045166,3.6312878131866455,0.10723254084587097,3.933370590209961,0.15078921616077423,3.8493919372558594,0.10299744457006454,3.8779025077819824
768,2,2,1,0.22266371548175812,3.6098971366882324,0.10932517051696777,3.836113452911377,0.17049983143806458,3.8495032787323,0.1187220960855484,3.856807231903076
769,2,2,1,0.2216198891401291,3.607891082763672,0.10740692913532257,3.8531334400177,0.17210419476032257,3.845810890197754,0.12103395909070969,3.824962854385376
770,2,2,1,0.2167619913816452,3.630697727203369,0.12571248412132263,3.907613754272461,0.16358418762683868,3.9126462936401367,0.10736208409070969,3.926675319671631
771,2,2,1,0.23125098645687103,3.5893821716308594,0.11163703352212906,3.7460501194000244,0.20300541818141937,3.762173652648926,0.13634008169174194,3.8042683601379395
772,2,2,1,0.22660982608795166,3.613579034805298,0.12038623541593552,3.8174405097961426,0.18274672329425812,3.7832489013671875,0.12266820669174194,3.7582452297210693
773,2,2,1,0.22111915051937103,3.6199259757995605,0.11316166818141937,3.889617919921875,0.16178053617477417,3.8604249954223633,0.10708306729793549,3.8877720832824707
774,2,2,1,0.22518733143806458,3.605905294418335,0.11518454551696777,3.7793493270874023,0.18539740145206451,3.784574031829834,0.12697304785251617,3.8221628665924072
775,2,2,1,0.2239467054605484,3.609473466873169,0.11383429914712906,3.8658905029296875,0.17119738459587097,3.85017466545105,0.11417809128761292,3.8589632511138916
776,2,2,1,0.22738708555698395,3.620706558227539,0.15714186429977417,3.830559015274048,0.2035435289144516,3.876481056213379,0.1319754421710968,3.9331018924713135
777,2,2,1,0.21630610525608063,3.6227900981903076,0.10428790748119354,3.911088705062866,0.15984733402729034,3.8621034622192383,0.11015225946903229,3.854351282119751
778,2,2,1,0.21914361417293549,3.6201372146606445,0.1033412367105484,3.9028494358062744,0.1628667116165161,3.8570728302001953,0.11379942297935486,3.861471176147461
779,2,2,1,0.21347108483314514,3.6258795261383057,0.10359533876180649,3.910205841064453,0.15724648535251617,3.8115336894989014,0.10981345176696777,3.784029006958008
780,2,2,1,0.22397162020206451,3.6239545345306396,0.14566226303577423,3.8753890991210938,0.19326968491077423,3.897757053375244,0.11266342550516129,3.935255527496338
781,2,2,1,0.21683423221111298,3.6270523071289062,0.11479093134403229,3.9192240238189697,0.16391302645206451,3.8482582569122314,0.11220503598451614,3.7746002674102783
782,2,2,1,0.22788533568382263,3.618868589401245,0.1364496946334839,3.848280191421509,0.1812220960855484,3.851809024810791,0.11591199040412903,3.8875515460968018
783,2,2,1,0.21458964049816132,3.631962776184082,0.11351043730974197,3.902247428894043,0.15983736515045166,3.87007474899292,0.10534916818141937,3.9245176315307617
784,2,2,1,0.21579290926456451,3.634014844894409,0.12211515009403229,3.904402494430542,0.16743063926696777,3.868884563446045,0.11061064898967743,3.890990972518921
785,2,2,1,0.2218889445066452,3.616405487060547,0.10718769580125809,3.857760429382324,0.16408242285251617,3.8407628536224365,0.11166693270206451,3.8693556785583496
786,2,2,1,0.21757164597511292,3.6158013343811035,0.10895148664712906,3.8679287433624268,0.1706991344690323,3.8562755584716797,0.1177455335855484,3.858327627182007
787,2,2,1,0.21703852713108063,3.6300432682037354,0.10346579551696777,3.947028875350952,0.14141222834587097,3.8721725940704346,0.09817442297935486,3.870077133178711
788,2,2,1,0.21712073683738708,3.623149871826172,0.10881198197603226,3.883740186691284,0.16843709349632263,3.851505756378174,0.11896125227212906,3.8725080490112305
789,2,2,1,0.2190389782190323,3.620922565460205,0.11639528721570969,3.8839519023895264,0.1652483195066452,3.858107805252075,0.11096938699483871,3.837284564971924
790,2,2,1,0.23193608224391937,3.597576856613159,0.117850162088871,3.7632012367248535,0.19586056470870972,3.7697787284851074,0.13759565353393555,3.7875144481658936
791,2,2,1,0.21362553536891937,3.6371703147888184,0.11866230517625809,3.9103543758392334,0.17055962979793549,3.9009697437286377,0.1123046875,3.901685953140259
792,2,2,1,0.21358069777488708,3.633419990539551,0.12512455880641937,3.9365270137786865,0.1701909303665161,3.910123586654663,0.11037149280309677,3.96785831451416
793,2,2,1,0.22076290845870972,3.6184661388397217,0.124755859375,3.871640205383301,0.16363400220870972,3.851166248321533,0.10971380770206451,3.918074369430542
794,2,2,1,0.2103520631790161,3.63279128074646,0.10412348061800003,3.9345390796661377,0.15236367285251617,3.89738392829895,0.10291773080825806,3.8814871311187744
795,2,2,1,0.22863270342350006,3.591871500015259,0.11990293860435486,3.7699978351593018,0.18710139393806458,3.767895221710205,0.12372449040412903,3.7822165489196777
796,2,2,1,0.2204938530921936,3.620972156524658,0.1341477930545807,3.8836355209350586,0.18182995915412903,3.8971338272094727,0.1159319207072258,3.8939316272735596
797,2,2,1,0.21908880770206451,3.622509717941284,0.12832827866077423,3.876805305480957,0.18210896849632263,3.88333797454834,0.11922033876180649,3.8579070568084717
798,2,2,1,0.22532685101032257,3.6124844551086426,0.1172921285033226,3.8136868476867676,0.1984614133834839,3.8136672973632812,0.13705755770206451,3.7750473022460938
799,2,2,1,0.21531957387924194,3.6362762451171875,0.11768574267625809,3.9168078899383545,0.16045519709587097,3.8932430744171143,0.1050502210855484,3.898690938949585
800,2,2,1,0.22184410691261292,3.6138012409210205,0.11452188342809677,3.83785080909729,0.1728615164756775,3.8176052570343018,0.11864237487316132,3.786494255065918
801,2,2,1,0.22016501426696777,3.6153934001922607,0.10568299144506454,3.8592240810394287,0.16953323781490326,3.849526882171631,0.11939971148967743,3.8354198932647705
802,2,2,1,0.22132593393325806,3.615654706954956,0.11205556243658066,3.883147954940796,0.16812819242477417,3.8368301391601562,0.11517458409070969,3.8228065967559814
803,2,2,1,0.22458197176456451,3.6196742057800293,0.15019629895687103,3.8204345703125,0.2015904039144516,3.8499257564544678,0.12565767765045166,3.892624855041504
804,2,2,1,0.22137823700904846,3.6162519454956055,0.10882692784070969,3.8688764572143555,0.1649095118045807,3.857090950012207,0.11429767310619354,3.8510897159576416
805,2,2,1,0.2168143093585968,3.632085084915161,0.120361328125,3.9255287647247314,0.17071907222270966,3.8988442420959473,0.11176657676696777,3.9128031730651855
806,2,2,1,0.21450494229793549,3.627613067626953,0.10318179428577423,3.9072866439819336,0.14903539419174194,3.8080368041992188,0.10443239659070969,3.7793893814086914
807,2,2,1,0.2199956178665161,3.619875907897949,0.11055584251880646,3.8831403255462646,0.17022082209587097,3.8614916801452637,0.11268335580825806,3.880969285964966
808,2,2,1,0.2094377726316452,3.640942096710205,0.10844327509403229,3.9487249851226807,0.16144172847270966,3.9053761959075928,0.10640545189380646,3.88555908203125
809,2,2,1,0.21785315871238708,3.6326045989990234,0.11941465735435486,3.9133808612823486,0.1618901491165161,3.9039149284362793,0.10465162247419357,3.9120168685913086
810,2,2,1,0.21844357252120972,3.6290130615234375,0.10717274993658066,3.916968822479248,0.1527622789144516,3.8328115940093994,0.10516980290412903,3.85541033744812
811,2,2,1,0.21782076358795166,3.62184476852417,0.10363519936800003,3.8976922035217285,0.15637953579425812,3.8153953552246094,0.11043127626180649,3.8045480251312256
812,2,2,1,0.2162737101316452,3.6363375186920166,0.1275460422039032,3.9328880310058594,0.15992705523967743,3.924668312072754,0.10180165618658066,3.970829963684082
813,2,2,1,0.22830137610435486,3.617849826812744,0.14806880056858063,3.8507637977600098,0.19955755770206451,3.8851492404937744,0.12601642310619354,3.874901056289673
814,2,2,1,0.23331622779369354,3.5871121883392334,0.11391402035951614,3.7447404861450195,0.19643853604793549,3.725663185119629,0.13829320669174194,3.766392946243286
815,2,2,1,0.21372269093990326,3.6326146125793457,0.10690867900848389,3.9393670558929443,0.15822304785251617,3.8814711570739746,0.10776068270206451,3.8951358795166016
816,2,2,1,0.21414868533611298,3.623096466064453,0.1077357679605484,3.9270222187042236,0.15779456496238708,3.8829808235168457,0.10499043017625809,3.9286255836486816
817,2,2,1,0.21429815888404846,3.6261727809906006,0.10961415618658066,3.903409004211426,0.158063605427742,3.8691842555999756,0.11051099747419357,3.864562749862671
818,2,2,1,0.22983846068382263,3.5935139656066895,0.11493044346570969,3.7424893379211426,0.1999960094690323,3.7639760971069336,0.13771523535251617,3.7837915420532227
819,2,2,1,0.21838876605033875,3.620946168899536,0.10708306729793549,3.893122911453247,0.16279694437980652,3.83626127243042,0.11086973547935486,3.833902597427368
820,2,2,1,0.2197614312171936,3.614414930343628,0.10081513226032257,3.863447666168213,0.17401745915412903,3.8341064453125,0.11953921616077423,3.881127119064331
821,2,2,1,0.22611407935619354,3.609966516494751,0.12488041818141937,3.827880620956421,0.1703503578901291,3.8197717666625977,0.11979831010103226,3.834137439727783
822,2,2,1,0.21588757634162903,3.619358539581299,0.10356046259403229,3.876786231994629,0.16508887708187103,3.8443291187286377,0.11794482916593552,3.8450489044189453
823,2,2,1,0.21593241393566132,3.6288750171661377,0.11933493614196777,3.8944928646087646,0.16960299015045166,3.8562867641448975,0.11421795189380646,3.86564302444458
824,2,2,1,0.21710079908370972,3.616861343383789,0.10524951666593552,3.899308919906616,0.1555424928665161,3.8446409702301025,0.10654495656490326,3.805462121963501
825,2,2,1,0.22088249027729034,3.6195411682128906,0.1079799085855484,3.866832733154297,0.16829758882522583,3.8514418601989746,0.11559311300516129,3.865689754486084
826,2,2,1,0.22496312856674194,3.6130762100219727,0.11066047102212906,3.874831199645996,0.16150151193141937,3.779848098754883,0.11706791818141937,3.7504255771636963
827,2,2,1,0.21461953222751617,3.631363868713379,0.10980847477912903,3.940922975540161,0.15250319242477417,3.873758554458618,0.10132333636283875,3.9061763286590576
828,2,2,1,0.21558862924575806,3.635505437850952,0.13710737228393555,3.9325168132781982,0.17496412992477417,3.9315412044525146,0.108816958963871,3.9761905670166016
829,2,2,1,0.21295788884162903,3.6312131881713867,0.10936503112316132,3.9180409908294678,0.1643315553665161,3.8884847164154053,0.11310187727212906,3.8870484828948975
830,2,2,1,0.23052853345870972,3.596600294113159,0.11449696868658066,3.7612271308898926,0.19898955523967743,3.767439603805542,0.13663902878761292,3.7975494861602783
831,2,2,1,0.21381984651088715,3.629845380783081,0.12136279791593552,3.910501718521118,0.16230866312980652,3.923072099685669,0.1079799085855484,3.955334186553955
832,2,2,1,0.2179577797651291,3.6232025623321533,0.10068558156490326,3.878760814666748,0.16760005056858063,3.776562213897705,0.11643016338348389,3.80469012260437
833,2,2,1,0.21382732689380646,3.6354856491088867,0.10877710580825806,3.9509894847869873,0.15028101205825806,3.873218059539795,0.09992825239896774,3.8803350925445557
834,2,2,1,0.21856066584587097,3.634671449661255,0.12467613816261292,3.9145586490631104,0.1609135866165161,3.8530468940734863,0.10313695669174194,3.83671498298645
835,2,2,1,0.2269461452960968,3.629871129989624,0.15567202866077423,3.8900909423828125,0.16996173560619354,3.8901267051696777,0.0984933003783226,3.9585187435150146
836,2,2,1,0.21498574316501617,3.628237247467041,0.11565788090229034,3.90173602104187,0.16182038187980652,3.8309009075164795,0.1131417378783226,3.8109917640686035
837,2,2,1,0.22254912555217743,3.621528387069702,0.1273367702960968,3.8817152976989746,0.17596061527729034,3.853097677230835,0.11441724747419357,3.8143181800842285
838,2,2,1,0.2213583141565323,3.6136064529418945,0.10726741701364517,3.8876399993896484,0.1582728773355484,3.8166592121124268,0.10626593977212906,3.8291447162628174
839,2,2,1,0.22740204632282257,3.6009247303009033,0.11916055530309677,3.779060125350952,0.18942323327064514,3.7985692024230957,0.1287667453289032,3.839653253555298
840,2,2,1,0.22512754797935486,3.62089467048645,0.14541314542293549,3.85540509223938,0.18560665845870972,3.8896167278289795,0.12376434355974197,3.9272141456604004
841,2,2,1,0.21720294654369354,3.633913278579712,0.1306501030921936,3.8999695777893066,0.1624681055545807,3.880336046218872,0.10985331237316132,3.8708271980285645
842,2,3,0,0.22595961391925812,3.607792615890503,0.1371023952960968,3.7923102378845215,0.196149542927742,3.824019432067871,0.1310786008834839,3.888247013092041
843,2,2,1,0.216047003865242,3.623098850250244,0.10445232689380646,3.867677927017212,0.17031049728393555,3.859867811203003,0.12035634368658066,3.8249709606170654
844,2,2,1,0.22918327152729034,3.594808578491211,0.10775569826364517,3.7743561267852783,0.20932318270206451,3.7526895999908447,0.14209981262683868,3.741654872894287
845,2,2,1,0.21572813391685486,3.6228420734405518,0.11270826309919357,3.9008002281188965,0.16339485347270966,3.887784242630005,0.108816958963871,3.9210622310638428
846,2,2,1,0.22757641971111298,3.605215072631836,0.11792489886283875,3.801250696182251,0.19107739627361298,3.792229413986206,0.1282884180545807,3.812490224838257
847,2,2,1,0.21424086391925812,3.635014772415161,0.14233896136283875,3.8933773040771484,0.18194954097270966,3.9093050956726074,0.12005739659070969,3.916168689727783
848,2,2,1,0.2156284898519516,3.6259257793426514,0.09822922945022583,3.905249834060669,0.1687360405921936,3.80375599861145,0.11577247828245163,3.802375555038452
849,2,2,1,0.22529694437980652,3.619255542755127,0.13740134239196777,3.864561080932617,0.18123206496238708,3.8518171310424805,0.11609135568141937,3.811845541000366
850,2,2,1,0.21747449040412903,3.6272337436676025,0.11438237130641937,3.9103105068206787,0.16223891079425812,3.8680057525634766,0.1099330335855484,3.8328499794006348
851,2,2,1,0.22357550263404846,3.62300968170166,0.13626036047935486,3.8814172744750977,0.18173030018806458,3.906947374343872,0.1150948628783226,3.9350650310516357
852,2,2,1,0.22057606279850006,3.611626148223877,0.10606664419174194,3.869785785675049,0.16668327152729034,3.864231586456299,0.11427774280309677,3.844785451889038
853,2,2,1,0.22040915489196777,3.6262292861938477,0.12403838336467743,3.898212432861328,0.16863639652729034,3.9090585708618164,0.10744180530309677,3.9185678958892822
854,2,2,1,0.22054119408130646,3.6211438179016113,0.11919543147087097,3.885549545288086,0.17044004797935486,3.9051098823547363,0.11473612487316132,3.9060275554656982
855,2,2,1,0.2182368040084839,3.6236958503723145,0.10526446998119354,3.8721539974212646,0.16953323781490326,3.8565802574157715,0.12109375,3.8347597122192383
856,2,2,1,0.22404137253761292,3.6243162155151367,0.13565748929977417,3.8705697059631348,0.1849987953901291,3.8749258518218994,0.11991788446903229,3.835466146469116
857,2,2,1,0.2159598171710968,3.6421303749084473,0.13493502140045166,3.9479358196258545,0.15301139652729034,3.9678280353546143,0.09337133169174194,4.002774715423584
858,2,2,1,0.22159747779369354,3.6410608291625977,0.16251793503761292,3.927156686782837,0.18113240599632263,3.952357292175293,0.11047113686800003,4.012808799743652
859,2,2,1,0.2179204225540161,3.625504493713379,0.10638552159070969,3.9050207138061523,0.16509884595870972,3.843191623687744,0.11583226919174194,3.8380935192108154
860,2,2,1,0.23427285254001617,3.588383436203003,0.11343072354793549,3.733330488204956,0.2101004421710968,3.720499038696289,0.13851243257522583,3.7376978397369385
861,2,2,1,0.22316694259643555,3.616302490234375,0.11063556373119354,3.8695788383483887,0.17274194955825806,3.8027689456939697,0.11836335808038712,3.7743728160858154
862,2,2,1,0.2131970375776291,3.6335432529449463,0.11577247828245163,3.9173264503479004,0.16651387512683868,3.9179532527923584,0.10963408648967743,3.904381036758423
863,2,2,1,0.21500317752361298,3.6245248317718506,0.1190359890460968,3.905068874359131,0.17077885568141937,3.904364585876465,0.11029177159070969,3.8492953777313232
864,2,2,1,0.22027462720870972,3.606367349624634,0.10316187143325806,3.8490219116210938,0.17210419476032257,3.821434736251831,0.1255580335855484,3.8438096046447754
865,2,2,1,0.21441027522087097,3.632549524307251,0.10904116928577423,3.9361207485198975,0.15557238459587097,3.856008291244507,0.10503029078245163,3.8538899421691895
866,2,2,1,0.21159766614437103,3.6294782161712646,0.11517458409070969,3.8982090950012207,0.16128228604793549,3.855668783187866,0.11278299987316132,3.813217878341675
867,2,2,1,0.22660982608795166,3.6019809246063232,0.10993801802396774,3.7854068279266357,0.18726083636283875,3.778895378112793,0.12775032222270966,3.7956318855285645
868,2,2,1,0.22394171357154846,3.609041929244995,0.11640524864196777,3.8198862075805664,0.17987683415412903,3.7890422344207764,0.12573739886283875,3.8215248584747314
869,2,2,1,0.22156010568141937,3.620333671569824,0.11621591448783875,3.8710825443267822,0.16739077866077423,3.8780806064605713,0.11465640366077423,3.938988447189331
870,2,2,1,0.21366290748119354,3.632173538208008,0.10408860445022583,3.912163019180298,0.15972775220870972,3.8547632694244385,0.10654495656490326,3.883277177810669
871,2,2,1,0.2347337305545807,3.5900514125823975,0.1179896742105484,3.7493772506713867,0.19533242285251617,3.787062644958496,0.13514429330825806,3.7730424404144287
872,2,2,1,0.21659009158611298,3.613795518875122,0.10723752528429031,3.882497787475586,0.16215918958187103,3.854114294052124,0.11029177159070969,3.8487532138824463
873,2,2,1,0.21904395520687103,3.6223983764648438,0.104910708963871,3.895184278488159,0.15805365145206451,3.8293297290802,0.10983338207006454,3.8287062644958496
874,2,2,1,0.23144280910491943,3.5922629833221436,0.11574756354093552,3.7254960536956787,0.20191924273967743,3.772392988204956,0.14024633169174194,3.796220064163208
875,2,2,1,0.22408123314380646,3.6241161823272705,0.14714205265045166,3.8861913681030273,0.1928112953901291,3.876014232635498,0.12330596148967743,3.8799095153808594
876,2,2,1,0.21763890981674194,3.620361328125,0.10555843263864517,3.883838415145874,0.16576649248600006,3.8272316455841064,0.11660952866077423,3.79900860786438
877,2,2,1,0.21631108224391937,3.63301420211792,0.13044582307338715,3.9291470050811768,0.1649792641401291,3.8907949924468994,0.1090959832072258,3.890756368637085
878,2,2,1,0.21557117998600006,3.624612808227539,0.11302215605974197,3.914565324783325,0.16612523794174194,3.877511739730835,0.11387914419174194,3.9112706184387207
879,2,2,1,0.21119658648967743,3.6309449672698975,0.11059071868658066,3.9303479194641113,0.16410236060619354,3.904845714569092,0.10885681957006454,3.9545953273773193
880,2,2,1,0.22634077072143555,3.603379011154175,0.1126883327960968,3.807666778564453,0.17642897367477417,3.81101393699646,0.12400350719690323,3.8183863162994385
881,2,2,1,0.22544392943382263,3.615713596343994,0.12198560684919357,3.847118377685547,0.17712651193141937,3.8403937816619873,0.11447703838348389,3.8205082416534424
882,2,2,1,0.21740971505641937,3.624372720718384,0.13335059583187103,3.9029667377471924,0.17518335580825806,3.8997156620025635,0.11354033648967743,3.9081974029541016
883,2,2,1,0.21537935733795166,3.6330807209014893,0.12407325953245163,3.925266981124878,0.16136200726032257,3.8984129428863525,0.1046316921710968,3.892571449279785
884,2,2,1,0.22408123314380646,3.635500431060791,0.14493483304977417,3.898346424102783,0.18948301672935486,3.9128057956695557,0.11878188699483871,3.9340603351593018
885,2,3,0,0.22157256305217743,3.6057498455047607,0.10618124157190323,3.837877035140991,0.18475964665412903,3.7938082218170166,0.13209502398967743,3.792999505996704
886,2,2,1,0.2196044921875,3.6127781867980957,0.10598692297935486,3.871286153793335,0.16178053617477417,3.8122575283050537,0.11375956237316132,3.7966012954711914
887,2,2,1,0.2327532023191452,3.592888832092285,0.11152742058038712,3.7315940856933594,0.21494339406490326,3.7604544162750244,0.14556759595870972,3.800657272338867
888,2,2,1,0.22098462283611298,3.611374855041504,0.10553351789712906,3.869788885116577,0.17060944437980652,3.840838670730591,0.11625079810619354,3.8301045894622803
889,2,2,1,0.2208600640296936,3.6304550170898438,0.1374860405921936,3.9119374752044678,0.18117226660251617,3.934767007827759,0.10919562727212906,3.970797538757324
890,2,2,1,0.22341607511043549,3.609605073928833,0.11037149280309677,3.834010362625122,0.16998165845870972,3.832629919052124,0.1169084832072258,3.807875871658325
891,2,2,1,0.21083037555217743,3.632218360900879,0.11947444826364517,3.926185369491577,0.15315090119838715,3.905458927154541,0.10098452866077423,3.8971779346466064
892,2,2,1,0.21831652522087097,3.6147727966308594,0.1087123304605484,3.875933885574341,0.1658063530921936,3.834365129470825,0.11477598547935486,3.8107309341430664
893,2,2,1,0.2160395383834839,3.629335880279541,0.10874222218990326,3.9249484539031982,0.15753547847270966,3.86842942237854,0.1072823628783226,3.8504550457000732
894,2,2,1,0.2276611328125,3.6016852855682373,0.10903120785951614,3.789060115814209,0.18739038705825806,3.7635202407836914,0.1286870241165161,3.7944865226745605
895,2,2,1,0.21772858500480652,3.6249685287475586,0.11620096862316132,3.9180173873901367,0.16895528137683868,3.9105868339538574,0.10933513939380646,3.9154210090637207
896,2,2,1,0.21579788625240326,3.626819610595703,0.10873724520206451,3.923387050628662,0.15867146849632263,3.9000189304351807,0.1028180792927742,3.855398416519165
897,2,2,1,0.21909378468990326,3.623746395111084,0.1060965359210968,3.8789799213409424,0.16740074753761292,3.8640990257263184,0.11485570669174194,3.8068714141845703
898,2,2,1,0.2208177149295807,3.6291093826293945,0.13629025220870972,3.89467716217041,0.17588089406490326,3.8822662830352783,0.11770567297935486,3.9358279705047607
899,2,2,1,0.22139069437980652,3.6091394424438477,0.11859255284070969,3.8098058700561523,0.181640625,3.756528377532959,0.126953125,3.7588696479797363
900,2,2,1,0.2158551812171936,3.6177780628204346,0.10482102632522583,3.8680007457733154,0.17010124027729034,3.8468658924102783,0.12063536047935486,3.8189327716827393
901,2,2,1,0.2171556055545807,3.6306557655334473,0.12232441455125809,3.9102277755737305,0.16780930757522583,3.886995315551758,0.10752151906490326,3.877849817276001
902,2,2,1,0.2202247977256775,3.613755702972412,0.10743682086467743,3.8643510341644287,0.16505898535251617,3.812786817550659,0.11336096376180649,3.829817056655884
903,2,2,1,0.2147141993045807,3.6330463886260986,0.1385323703289032,3.9128541946411133,0.17834223806858063,3.89847469329834,0.11011239886283875,3.91963791847229
904,2,2,1,0.2317766398191452,3.598041534423828,0.11138791590929031,3.7822954654693604,0.1934291273355484,3.7009427547454834,0.13502471148967743,3.746715784072876
905,2,2,1,0.21884964406490326,3.6205832958221436,0.10694355517625809,3.903512954711914,0.1613420695066452,3.822061538696289,0.11266342550516129,3.819387912750244
906,2,2,1,0.22598452866077423,3.6135241985321045,0.14283721148967743,3.8670294284820557,0.1868124157190323,3.8840880393981934,0.11639030277729034,3.874828815460205
907,2,2,1,0.22139568626880646,3.6371779441833496,0.1461704820394516,3.9225893020629883,0.18306560814380646,3.9322845935821533,0.12001753598451614,3.9433743953704834
908,2,2,1,0.2172502726316452,3.621459484100342,0.10704819113016129,3.881824493408203,0.15979750454425812,3.857632875442505,0.11045120656490326,3.87712025642395
909,2,2,1,0.2142583131790161,3.626312494277954,0.10367505997419357,3.913494825363159,0.16024592518806458,3.865182399749756,0.11324138939380646,3.8213658332824707
910,2,2,1,0.21121153235435486,3.6381306648254395,0.11274812370538712,3.9295151233673096,0.15100844204425812,3.840306282043457,0.10018733888864517,3.829918384552002
911,2,2,1,0.22418835759162903,3.6007044315338135,0.11136798560619354,3.7796170711517334,0.1877192258834839,3.8018367290496826,0.12930484116077423,3.7820591926574707
912,2,2,1,0.2141810804605484,3.6264336109161377,0.10763611644506454,3.903069019317627,0.15923947095870972,3.8569462299346924,0.11170679330825806,3.8421051502227783
913,2,2,1,0.21598473191261292,3.638422966003418,0.1387167125940323,3.9152328968048096,0.17252272367477417,3.923583507537842,0.11106903105974197,3.8848016262054443
914,2,2,1,0.22558344900608063,3.60841965675354,0.11276306957006454,3.8413751125335693,0.17699696123600006,3.836054563522339,0.12105388939380646,3.8598945140838623
915,2,2,1,0.2205735743045807,3.6169979572296143,0.10776068270206451,3.8744683265686035,0.16663344204425812,3.853187322616577,0.11385921388864517,3.898477077484131
916,2,2,1,0.21998316049575806,3.61600399017334,0.10952447354793549,3.8687562942504883,0.16372369229793549,3.8459525108337402,0.11204559355974197,3.8496975898742676
917,2,2,1,0.21596230566501617,3.633552074432373,0.12330596148967743,3.9455714225769043,0.1686762571334839,3.897796392440796,0.11043127626180649,3.906695604324341
918,2,2,1,0.22036431729793549,3.613028049468994,0.10666952282190323,3.853940010070801,0.17049983143806458,3.822209119796753,0.11973851919174194,3.8523635864257812
919,2,2,1,0.21753427386283875,3.6215415000915527,0.11096440255641937,3.898343086242676,0.15791413187980652,3.871584415435791,0.10660474747419357,3.8934381008148193
920,2,2,1,0.2179204225540161,3.614941358566284,0.10592713207006454,3.878880500793457,0.1627371609210968,3.8471004962921143,0.11294244229793549,3.8441855907440186
921,2,2,1,0.21347357332706451,3.6410083770751953,0.11737184971570969,3.961625099182129,0.14855708181858063,3.8664474487304688,0.09590242058038712,3.8343725204467773
922,2,2,1,0.2169538140296936,3.625213861465454,0.10344088822603226,3.9055440425872803,0.16139189898967743,3.8609533309936523,0.11148755997419357,3.8648552894592285
923,2,2,1,0.22094227373600006,3.632960557937622,0.14457111060619354,3.881134510040283,0.18250757455825806,3.862025737762451,0.11433752626180649,3.9083144664764404
924,2,2,1,0.21784816682338715,3.626878261566162,0.12127311527729034,3.9089152812957764,0.17282167077064514,3.8821425437927246,0.11457668989896774,3.8411898612976074
925,2,2,1,0.21629613637924194,3.628554582595825,0.10810945183038712,3.9116969108581543,0.1555424928665161,3.8655903339385986,0.1028180792927742,3.8773016929626465
926,2,2,1,0.2244623899459839,3.616818904876709,0.1235700324177742,3.8652069568634033,0.17348931729793549,3.859161376953125,0.11391900479793549,3.8694891929626465
927,2,2,1,0.2118891477584839,3.6354551315307617,0.11447703838348389,3.926880121231079,0.16807836294174194,3.899507999420166,0.11427774280309677,3.8707709312438965
928,2,2,1,0.21495087444782257,3.6246421337127686,0.10193119943141937,3.8895785808563232,0.15769490599632263,3.873049020767212,0.11220503598451614,3.8321492671966553
929,2,2,1,0.2324841469526291,3.594592809677124,0.11179149150848389,3.733431339263916,0.21067841351032257,3.7374420166015625,0.14184071123600006,3.744133710861206
930,2,2,1,0.22059600055217743,3.616844892501831,0.12134286761283875,3.8535354137420654,0.17488440871238708,3.8533902168273926,0.1180245503783226,3.8439717292785645
931,2,2,1,0.22935517132282257,3.622462272644043,0.15719667077064514,3.8593978881835938,0.2060646414756775,3.8862130641937256,0.12460140138864517,3.9177863597869873
932,2,2,1,0.22064831852912903,3.6243762969970703,0.12750118970870972,3.883704662322998,0.18019570410251617,3.887242078781128,0.11553332209587097,3.8820078372955322
933,2,2,1,0.2233363538980484,3.620107412338257,0.12931481003761292,3.8827154636383057,0.1763392835855484,3.829679012298584,0.11850287020206451,3.8267743587493896
934,2,2,1,0.2134934961795807,3.629197835922241,0.1180245503783226,3.910672187805176,0.16808833181858063,3.8824994564056396,0.11029177159070969,3.8709793090820312
935,2,2,1,0.228254035115242,3.5934863090515137,0.11349549144506454,3.7531936168670654,0.1943458914756775,3.774137258529663,0.13478554785251617,3.8076298236846924
936,2,2,1,0.22426557540893555,3.618759870529175,0.13846759498119354,3.871793031692505,0.1898816078901291,3.8778274059295654,0.1222098171710968,3.8938355445861816
937,2,2,1,0.21503308415412903,3.6316325664520264,0.11288265138864517,3.9212570190429688,0.1625378578901291,3.9058916568756104,0.10676418989896774,3.935971736907959
938,2,2,1,0.23159727454185486,3.5944817066192627,0.11264349520206451,3.754246234893799,0.19478435814380646,3.7354581356048584,0.13073979318141937,3.7704267501831055
939,2,2,1,0.2145223766565323,3.6332640647888184,0.10758629441261292,3.9463253021240234,0.15068957209587097,3.863642454147339,0.10084502398967743,3.855731248855591
940,2,2,1,0.21392448246479034,3.6322855949401855,0.107352115213871,3.934605121612549,0.15553252398967743,3.917222023010254,0.10835857689380646,3.9187052249908447
941,2,2,1,0.21994827687740326,3.6232826709747314,0.10413344949483871,3.8977034091949463,0.1595982164144516,3.8525848388671875,0.11088966578245163,3.8156003952026367
942,2,2,1,0.22858288884162903,3.6041741371154785,0.12047094106674194,3.7823731899261475,0.18852637708187103,3.768909454345703,0.12585698068141937,3.8114013671875
943,2,2,1,0.21709083020687103,3.634171724319458,0.11982820183038712,3.927567481994629,0.15557238459587097,3.8870739936828613,0.10190130770206451,3.8936045169830322
944,2,2,1,0.21734991669654846,3.619283437728882,0.10421814769506454,3.8578667640686035,0.17342951893806458,3.849057674407959,0.12468112260103226,3.819533348083496
945,2,2,1,0.2179303765296936,3.6285736560821533,0.11865234375,3.9067776203155518,0.1533203125,3.8744962215423584,0.10455197840929031,3.9306137561798096
946,2,2,1,0.21933044493198395,3.6210289001464844,0.1083984375,3.895569086074829,0.15630978345870972,3.8336095809936523,0.11128826439380646,3.816797971725464
947,2,2,1,0.2272251695394516,3.6236705780029297,0.14905034005641937,3.8339295387268066,0.1988699734210968,3.865711212158203,0.12651465833187103,3.8991808891296387
948,2,3,0,0.2210693359375,3.611039161682129,0.10349071025848389,3.8500795364379883,0.1736985743045807,3.819000720977783,0.113699771463871,3.835582733154297
949,2,2,1,0.2125244140625,3.632957935333252,0.10889169573783875,3.939464569091797,0.15706712007522583,3.875967502593994,0.10447225719690323,3.905951976776123
950,2,2,1,0.20878756046295166,3.6261260509490967,0.10606664419174194,3.937100648880005,0.15533322095870972,3.8930587768554688,0.104910708963871,3.817249298095703
951,2,2,1,0.21920837461948395,3.6329212188720703,0.14284218847751617,3.906972646713257,0.16480986773967743,3.929741859436035,0.10275828838348389,3.9711015224456787
952,2,2,1,0.23300482332706451,3.598642110824585,0.11572763323783875,3.7615275382995605,0.1981823891401291,3.757894277572632,0.14018653333187103,3.75433611869812
953,2,2,1,0.215576171875,3.624737024307251,0.10539401322603226,3.8812460899353027,0.1633051633834839,3.8882718086242676,0.11360012739896774,3.9071929454803467
954,2,2,1,0.2152722328901291,3.6190807819366455,0.11475107073783875,3.8855020999908447,0.16374361515045166,3.879990339279175,0.10863759368658066,3.858558177947998
955,2,2,1,0.21984614431858063,3.6177024841308594,0.1248256117105484,3.8601763248443604,0.17951808869838715,3.822592258453369,0.12093430757522583,3.8328938484191895
956,2,2,1,0.21476900577545166,3.6256582736968994,0.10926538705825806,3.908435821533203,0.16518853604793549,3.882608413696289,0.1089564710855484,3.8743369579315186
957,2,2,1,0.21628119051456451,3.6276535987854004,0.10912587493658066,3.907588243484497,0.15845224261283875,3.8599460124969482,0.10622607916593552,3.8928704261779785
958,2,2,1,0.21990841627120972,3.619385242462158,0.10696348547935486,3.8775851726531982,0.1654575914144516,3.83004093170166,0.11519451439380646,3.8480968475341797
959,2,2,1,0.21967175602912903,3.6268796920776367,0.14483019709587097,3.877322196960449,0.18118223547935486,3.865251302719116,0.11806441098451614,3.8685009479522705
960,2,2,1,0.2177908718585968,3.6192193031311035,0.1073869988322258,3.877047300338745,0.16477997601032257,3.809687852859497,0.11330118030309677,3.805101156234741
961,2,2,1,0.22076041996479034,3.6163742542266846,0.11523935198783875,3.858186721801758,0.1729213148355484,3.8360514640808105,0.11569275707006454,3.8451335430145264
962,2,2,1,0.2124720960855484,3.6237688064575195,0.1037946417927742,3.9091782569885254,0.15517377853393555,3.858464002609253,0.103934146463871,3.827420949935913
963,2,2,1,0.21852578222751617,3.6218791007995605,0.10970882326364517,3.9037649631500244,0.16150151193141937,3.849447727203369,0.11017218977212906,3.853654146194458
964,2,2,1,0.21269629895687103,3.639227867126465,0.13124799728393555,3.9161036014556885,0.1744559109210968,3.90386700630188,0.11654974520206451,3.8821818828582764
965,2,2,1,0.21318209171295166,3.6281187534332275,0.10360032320022583,3.9332947731018066,0.150390625,3.880864143371582,0.10120376199483871,3.8954312801361084
966,2,2,1,0.21516510844230652,3.632310152053833,0.118826724588871,3.929053544998169,0.16019611060619354,3.8995397090911865,0.10514987260103226,3.9057998657226562
967,2,2,1,0.23307208716869354,3.5919814109802246,0.11714763939380646,3.734773635864258,0.20659278333187103,3.782076120376587,0.13917012512683868,3.821566581726074
968,2,2,1,0.2091687172651291,3.636692762374878,0.11361507326364517,3.965794086456299,0.14582668244838715,3.8720104694366455,0.09847337007522583,3.883626699447632
969,2,2,1,0.21683922410011292,3.615962505340576,0.10576769709587097,3.8656020164489746,0.17086854577064514,3.8356564044952393,0.11957907676696777,3.8346667289733887
970,2,2,1,0.21877241134643555,3.635207414627075,0.13477060198783875,3.930126905441284,0.16997168958187103,3.936917304992676,0.11045120656490326,3.934500217437744
971,2,2,1,0.2177385538816452,3.6272053718566895,0.10873724520206451,3.91587233543396,0.16094347834587097,3.847811222076416,0.11019212007522583,3.8187737464904785
972,2,2,1,0.22754155099391937,3.6090192794799805,0.12326610088348389,3.8468875885009766,0.18274672329425812,3.8198375701904297,0.12079480290412903,3.7716548442840576
973,2,2,1,0.213727667927742,3.628345251083374,0.09971898794174194,3.913010835647583,0.15131735801696777,3.819888114929199,0.10397400707006454,3.787809133529663
974,2,2,1,0.21566087007522583,3.6310760974884033,0.10795997828245163,3.918405055999756,0.15933912992477417,3.8284552097320557,0.11031170189380646,3.8043360710144043
975,2,2,1,0.22684399783611298,3.6026663780212402,0.11700314283370972,3.815142869949341,0.1854173243045807,3.8020637035369873,0.12713249027729034,3.826775312423706
976,2,2,1,0.21495087444782257,3.633056402206421,0.11609634011983871,3.8991029262542725,0.1677594780921936,3.867300271987915,0.11312180757522583,3.819767475128174
977,2,2,1,0.21715311706066132,3.617905855178833,0.12080974876880646,3.8696746826171875,0.17524313926696777,3.845160961151123,0.12228953838348389,3.851857900619507
978,2,2,1,0.21893683075904846,3.612166166305542,0.10231485217809677,3.8551254272460938,0.1709681898355484,3.8231043815612793,0.12314651906490326,3.8297460079193115
979,2,2,1,0.2195521742105484,3.6132078170776367,0.10632074624300003,3.8525702953338623,0.1726422905921936,3.8617026805877686,0.12173150479793549,3.8868696689605713
980,2,2,1,0.21573810279369354,3.6313235759735107,0.1167689710855484,3.9048044681549072,0.16702207922935486,3.8832409381866455,0.11168686300516129,3.9279086589813232
981,2,2,1,0.21893683075904846,3.612985372543335,0.10541892051696777,3.856602668762207,0.16488958895206451,3.8092100620269775,0.11491549760103226,3.811654567718506
982,2,2,1,0.2145223766565323,3.6431002616882324,0.11283780634403229,3.9606571197509766,0.15494459867477417,3.8902180194854736,0.09554368257522583,3.822486400604248
983,2,2,1,0.22085757553577423,3.6116249561309814,0.10607660561800003,3.8502113819122314,0.17391780018806458,3.8310892581939697,0.12615592777729034,3.814218044281006
984,2,2,1,0.22496312856674194,3.60310959815979,0.11438237130641937,3.8093392848968506,0.18291613459587097,3.7967422008514404,0.1261160671710968,3.7985146045684814
985,2,2,1,0.21845851838588715,3.6295173168182373,0.11607640981674194,3.8872387409210205,0.1662846803665161,3.856055498123169,0.11043127626180649,3.8671720027923584
986,2,2,1,0.23661959171295166,3.5839693546295166,0.11761599034070969,3.693510055541992,0.2149832546710968,3.7306480407714844,0.14772002398967743,3.7904748916625977
987,2,2,1,0.2210942506790161,3.63065505027771,0.14403797686100006,3.905358076095581,0.18689213693141937,3.918048620223999,0.11985809355974197,3.9619221687316895
988,2,2,1,0.21767129004001617,3.639256000518799,0.15659378468990326,3.921919345855713,0.18026545643806458,3.9761745929718018,0.11338089406490326,4.050448417663574
989,2,2,1,0.2180698961019516,3.6191580295562744,0.11221499741077423,3.883180856704712,0.1667928844690323,3.876986503601074,0.11393893510103226,3.9041454792022705
990,2,2,1,0.22723761200904846,3.603902816772461,0.11172173917293549,3.7817418575286865,0.19065888226032257,3.7593164443969727,0.13185586035251617,3.7693469524383545
991,2,2,1,0.20997339487075806,3.6291630268096924,0.11536391824483871,3.9088709354400635,0.16585618257522583,3.860189914703369,0.1070033460855484,3.8670144081115723
992,2,2,1,0.21712073683738708,3.6202011108398438,0.10477618873119354,3.879927635192871,0.16547751426696777,3.839094400405884,0.11322145909070969,3.8433375358581543
993,2,2,1,0.22472895681858063,3.607994794845581,0.10838846862316132,3.8154361248016357,0.1847795695066452,3.796095609664917,0.12442202866077423,3.810988187789917
994,2,2,1,0.21515265107154846,3.6273562908172607,0.10863759368658066,3.9240047931671143,0.15266261994838715,3.8516318798065186,0.10383450239896774,3.8249521255493164
995,2,2,1,0.21856066584587097,3.6150777339935303,0.11250896751880646,3.874053478240967,0.16942362487316132,3.8551347255706787,0.11298230290412903,3.847768545150757
996,2,2,1,0.21614417433738708,3.624939441680908,0.11141282320022583,3.923661708831787,0.16571667790412903,3.897414207458496,0.11200574040412903,3.9282917976379395
997,2,2,1,0.22837112843990326,3.6128177642822266,0.12715740501880646,3.8482818603515625,0.1784418821334839,3.84458589553833,0.11768574267625809,3.850635051727295
998,2,2,1,0.22058852016925812,3.6368215084075928,0.1341029554605484,3.9262492656707764,0.17435626685619354,3.912670850753784,0.10746173560619354,3.927855968475342
999,2,2,1,0.2187674343585968,3.635791063308716,0.14190050959587097,3.9174509048461914,0.17698700726032257,3.9203310012817383,0.10600685328245163,3.9853355884552
1000,2,2,1,0.21220055222511292,3.627044200897217,0.1085379421710968,3.9104387760162354,0.16404256224632263,3.8912038803100586,0.11071030050516129,3.833843469619751
1001,2,2,1,0.22209571301937103,3.625063180923462,0.11836834251880646,3.877467632293701,0.16941365599632263,3.861067056655884,0.11194594949483871,3.8508100509643555
1002,2,2,1,0.21580785512924194,3.629307270050049,0.10297751426696777,3.9044899940490723,0.15582150220870972,3.8624415397644043,0.10845822840929031,3.92502760887146
1003,2,2,1,0.21675701439380646,3.6295857429504395,0.11067541688680649,3.944627046585083,0.1491350382566452,3.849926471710205,0.09683912247419357,3.874459743499756
1004,2,2,1,0.20838896930217743,3.63782000541687,0.09989835321903229,3.9486284255981445,0.14608576893806458,3.8217599391937256,0.09759645909070969,3.802532196044922
1005,2,2,1,0.22003796696662903,3.6122162342071533,0.10666453838348389,3.8655176162719727,0.16868622601032257,3.8504843711853027,0.1203962042927742,3.8376097679138184
1006,2,2,1,0.22224020957946777,3.6248135566711426,0.1342524290084839,3.889812469482422,0.17143653333187103,3.8796210289001465,0.11270327866077423,3.8748011589050293
1007,2,2,1,0.21616409718990326,3.6245477199554443,0.10199099034070969,3.8825109004974365,0.16973254084587097,3.8717782497406006,0.12242905050516129,3.8362364768981934
1008,2,2,1,0.21600714325904846,3.636200189590454,0.1339883655309677,3.926558017730713,0.17690728604793549,3.8945529460906982,0.109793521463871,3.994917392730713
1009,2,2,1,0.2252371609210968,3.625171422958374,0.13670878112316132,3.867009162902832,0.17649872601032257,3.8499321937561035,0.11862244457006454,3.851142406463623
1010,2,2,1,0.22218291461467743,3.6140313148498535,0.10908102989196777,3.8407254219055176,0.17333984375,3.8155791759490967,0.12079480290412903,3.7878236770629883
1011,2,2,1,0.21667729318141937,3.626460075378418,0.10792011767625809,3.9042012691497803,0.1531010866165161,3.843400239944458,0.10706313699483871,3.8492181301116943
1012,2,2,1,0.23724988102912903,3.583468198776245,0.11588707566261292,3.6990411281585693,0.2119838148355484,3.698538064956665,0.14584662020206451,3.721508502960205
1013,2,2,1,0.22107431292533875,3.6102702617645264,0.10469646751880646,3.8320088386535645,0.17433632910251617,3.744612693786621,0.12370456010103226,3.7662317752838135
1014,2,2,1,0.2188197523355484,3.615556240081787,0.10922552645206451,3.863516092300415,0.16853675246238708,3.875243902206421,0.11559311300516129,3.8644826412200928
1015,2,2,1,0.227783203125,3.619539737701416,0.14276745915412903,3.8425350189208984,0.1775251030921936,3.8537750244140625,0.11266342550516129,3.8791792392730713
1016,2,2,1,0.219831183552742,3.6247365474700928,0.12548828125,3.889859437942505,0.17186503112316132,3.901721954345703,0.11385921388864517,3.905303716659546
1017,2,2,1,0.22460688650608063,3.6295101642608643,0.13337551057338715,3.862826347351074,0.17275190353393555,3.8735578060150146,0.10638552159070969,3.891157627105713
1018,2,2,1,0.2284284234046936,3.6134819984436035,0.14485511183738708,3.8529562950134277,0.19381776452064514,3.8958868980407715,0.12641501426696777,3.880340576171875
1019,2,2,1,0.21363550424575806,3.6268556118011475,0.11901108175516129,3.902620792388916,0.16998165845870972,3.8895533084869385,0.11441724747419357,3.855600118637085
1020,2,2,1,0.2196393609046936,3.6130549907684326,0.10719766467809677,3.8420636653900146,0.1698620766401291,3.7930307388305664,0.11158721148967743,3.8142526149749756
1021,2,2,1,0.214111328125,3.6306633949279785,0.10901626199483871,3.9336836338043213,0.16019611060619354,3.883988618850708,0.11140783876180649,3.8781752586364746
1022,2,2,1,0.2125692516565323,3.6308789253234863,0.11120854318141937,3.933736562728882,0.1591796875,3.9052209854125977,0.10809949040412903,3.9417405128479004
1023,2,2,1,0.21436044573783875,3.6314878463745117,0.10513491928577423,3.9436519145965576,0.15564213693141937,3.865100145339966,0.10638552159070969,3.7937428951263428
1024,2,2,1,0.21617157757282257,3.620884418487549,0.10105927288532257,3.8881328105926514,0.15967793762683868,3.8178980350494385,0.10943479090929031,3.7892916202545166
1025,2,2,1,0.2266148179769516,3.6182708740234375,0.13697783648967743,3.8508293628692627,0.19197425246238708,3.8810276985168457,0.11744658648967743,3.9073476791381836
1026,2,2,1,0.2234858274459839,3.603440046310425,0.10624600946903229,3.772369146347046,0.19887994229793549,3.7791361808776855,0.14164142310619354,3.816800355911255
1027,2,2,1,0.2159074991941452,3.6237783432006836,0.11478595435619354,3.907500743865967,0.16361407935619354,3.8688104152679443,0.1085379421710968,3.8716490268707275
1028,2,2,1,0.215087890625,3.62687349319458,0.10429786890745163,3.9168777465820312,0.15771484375,3.890630006790161,0.1090959832072258,3.8808915615081787
1029,2,2,1,0.21457967162132263,3.6300182342529297,0.10874222218990326,3.9045588970184326,0.15760523080825806,3.8841047286987305,0.10744180530309677,3.9185678958892822
1030,2,2,1,0.22517238557338715,3.623061180114746,0.15653400123119354,3.8548874855041504,0.1907884180545807,3.901337146759033,0.11864237487316132,3.9077775478363037
1031,2,2,1,0.22060845792293549,3.601983070373535,0.11576251685619354,3.802487850189209,0.18733058869838715,3.8031277656555176,0.12996253371238708,3.822573184967041
1032,2,2,1,0.21865782141685486,3.6259355545043945,0.10736208409070969,3.8932151794433594,0.1628866344690323,3.8250949382781982,0.11292251199483871,3.7876808643341064
1033,2,2,1,0.21336396038532257,3.6369006633758545,0.11677893251180649,3.9174845218658447,0.16054487228393555,3.895723342895508,0.1128627210855484,3.8929896354675293
1034,2,2,1,0.21679438650608063,3.6212494373321533,0.1064104363322258,3.8956782817840576,0.16409239172935486,3.8653671741485596,0.11192601919174194,3.906338930130005
1035,2,2,1,0.21879234910011292,3.6133675575256348,0.10481106489896774,3.860905170440674,0.16466039419174194,3.843076705932617,0.11350047588348389,3.863213300704956
1036,2,2,1,0.21733996272087097,3.628493070602417,0.12630042433738708,3.881612777709961,0.17366868257522583,3.886275053024292,0.11405850946903229,3.886423110961914
1037,2,2,1,0.2179577797651291,3.6253743171691895,0.10801976919174194,3.903090476989746,0.16312579810619354,3.829566240310669,0.11393893510103226,3.76928448677063
1038,2,2,1,0.21724280714988708,3.6163206100463867,0.10258888453245163,3.8906750679016113,0.15880101919174194,3.8265562057495117,0.10939493030309677,3.826744318008423
1039,2,2,1,0.21590252220630646,3.625962018966675,0.10815927386283875,3.9301178455352783,0.15620017051696777,3.8692822456359863,0.1047712042927742,3.9001331329345703
1040,2,2,1,0.22206830978393555,3.61676025390625,0.11054089665412903,3.881096124649048,0.16102319955825806,3.855746030807495,0.1096540167927742,3.872591733932495
1041,2,2,1,0.21680185198783875,3.6221015453338623,0.11464644223451614,3.8959147930145264,0.16369380056858063,3.9057648181915283,0.11079001426696777,3.9478323459625244
1042,2,2,1,0.22125118970870972,3.627403974533081,0.14374402165412903,3.8780934810638428,0.18312539160251617,3.888991594314575,0.12135283648967743,3.8999836444854736
1043,2,2,1,0.21346111595630646,3.6339850425720215,0.11378946155309677,3.9334003925323486,0.15376873314380646,3.8643639087677,0.10130341351032257,3.8768444061279297
1044,2,2,1,0.22742944955825806,3.604872226715088,0.11717254668474197,3.83747935295105,0.1760602593421936,3.846389055252075,0.12103395909070969,3.857072353363037
1045,2,2,1,0.22769849002361298,3.603391647338867,0.11292749643325806,3.785396099090576,0.18361367285251617,3.802778720855713,0.12838807702064514,3.8059608936309814
1046,2,1,0,0.22878716886043549,3.622298240661621,0.17322026193141937,3.836880922317505,0.2204838991165161,3.899846315383911,0.13879145681858063,3.9392590522766113
1047,2,2,1,0.2160121351480484,3.6251254081726074,0.10990811884403229,3.8923795223236084,0.1622488796710968,3.848421573638916,0.11288265138864517,3.86069917678833
1048,2,2,1,0.21806739270687103,3.6247401237487793,0.11119359731674194,3.910785436630249,0.15809351205825806,3.858241319656372,0.10550861060619354,3.8160181045532227
1049,2,2,1,0.2185407280921936,3.6383771896362305,0.12737663090229034,3.90080189704895,0.17252272367477417,3.899555206298828,0.1096540167927742,3.938567876815796
1050,2,2,1,0.21800760924816132,3.6198034286499023,0.10521962493658066,3.8858320713043213,0.1584223508834839,3.862938642501831,0.1090959832072258,3.9358787536621094
1051,2,2,1,0.22482112050056458,3.6092305183410645,0.10852798074483871,3.830548048019409,0.17589086294174194,3.8240325450897217,0.12344546616077423,3.813690662384033
1052,2,2,1,0.21859055757522583,3.6307098865509033,0.10874222218990326,3.9260480403900146,0.15693756937980652,3.786970615386963,0.1067243292927742,3.7225022315979004
1053,2,2,1,0.21263153851032257,3.626124858856201,0.09837372601032257,3.921647071838379,0.1566784828901291,3.826496124267578,0.10875717550516129,3.8508338928222656
1054,2,2,1,0.22766362130641937,3.5919835567474365,0.11835339665412903,3.73793888092041,0.19955755770206451,3.765355110168457,0.13171635568141937,3.8016340732574463
1055,2,2,1,0.22017747163772583,3.6222152709960938,0.10554846376180649,3.892749309539795,0.15762515366077423,3.8572511672973633,0.10760124027729034,3.9036858081817627
1056,2,2,1,0.21897919476032257,3.623720169067383,0.10774572938680649,3.8981270790100098,0.16518853604793549,3.8649935722351074,0.11399871855974197,3.8858392238616943
1057,2,2,1,0.22035932540893555,3.632373809814453,0.14461097121238708,3.8850951194763184,0.18274672329425812,3.90708327293396,0.11854273080825806,3.9055144786834717
1058,2,2,1,0.22539660334587097,3.6250829696655273,0.15020129084587097,3.8899357318878174,0.19304049015045166,3.931137800216675,0.11674904078245163,4.0179243087768555
1059,2,2,1,0.2154017835855484,3.623253583908081,0.12903578579425812,3.9208433628082275,0.169921875,3.926694869995117,0.10959422588348389,3.9372613430023193
1060,2,2,1,0.21333904564380646,3.6305525302886963,0.10544383525848389,3.9048337936401367,0.15981744229793549,3.846614360809326,0.11334104090929031,3.832073211669922
1061,2,2,1,0.21846100687980652,3.6248459815979004,0.12928491830825806,3.8564822673797607,0.1723732352256775,3.8560526371002197,0.11904097348451614,3.861711025238037
1062,2,2,1,0.22677673399448395,3.595210313796997,0.10943479090929031,3.7540977001190186,0.19201411306858063,3.7563962936401367,0.1333705335855484,3.7757022380828857
1063,2,2,1,0.21217314898967743,3.645336389541626,0.11521942168474197,3.9389405250549316,0.14940409362316132,3.8482625484466553,0.10064572840929031,3.879405975341797
1064,2,2,1,0.22547881305217743,3.6177175045013428,0.13904057443141937,3.84609055519104,0.19611965119838715,3.8537676334381104,0.12593670189380646,3.833043098449707
1065,2,2,1,0.2157854288816452,3.622699737548828,0.10929527878761292,3.899434804916382,0.15961813926696777,3.8677737712860107,0.10985331237316132,3.8652031421661377
1066,2,2,1,0.21384724974632263,3.626269817352295,0.10097955167293549,3.9160704612731934,0.16325533390045166,3.8165171146392822,0.11563296616077423,3.8452258110046387
1067,2,2,1,0.21838130056858063,3.623408555984497,0.11405353248119354,3.8910489082336426,0.17104791104793549,3.87841534614563,0.11623086780309677,3.8127572536468506
1068,2,2,1,0.22230498492717743,3.6128201484680176,0.10942482203245163,3.841498851776123,0.17469507455825806,3.8162682056427,0.12203045189380646,3.799771308898926
1069,2,2,1,0.2257005274295807,3.623965263366699,0.15320570766925812,3.848482847213745,0.1904994398355484,3.912538528442383,0.11854273080825806,3.9596502780914307
1070,3,3,1,0.22036929428577423,3.6011667251586914,0.1040387824177742,3.802260398864746,0.19758449494838715,3.808452606201172,0.13052056729793549,3.8202779293060303
1071,3,3,1,0.2186279296875,3.6107065677642822,0.1035853773355484,3.835449695587158,0.18975207209587097,3.845079183578491,0.12334582209587097,3.899014472961426
1072,3,3,1,0.21754175424575806,3.6154048442840576,0.12923508882522583,3.837458610534668,0.18351402878761292,3.8313965797424316,0.11908083409070969,3.8333053588867188
1073,3,3,1,0.2230398952960968,3.6136043071746826,0.11078503727912903,3.86503267288208,0.16285674273967743,3.8439087867736816,0.11196587979793549,3.8462085723876953
1074,3,3,1,0.22561831772327423,3.6041958332061768,0.10646524280309677,3.7686727046966553,0.20713089406490326,3.7536323070526123,0.13807398080825806,3.7465357780456543
1075,3,3,1,0.2250279039144516,3.5997254848480225,0.10800980031490326,3.7505767345428467,0.19794324040412903,3.7563934326171875,0.13514429330825806,3.798259735107422
1076,3,3,1,0.21706093847751617,3.614128351211548,0.10130839049816132,3.8469483852386475,0.17919921875,3.785519599914551,0.12368462979793549,3.755559206008911
1077,3,3,1,0.22186154127120972,3.603433847427368,0.10636559128761292,3.7975921630859375,0.19715601205825806,3.812534809112549,0.12790974974632263,3.8882830142974854
1078,3,3,1,0.20954489707946777,3.630770444869995,0.09674445539712906,3.9198639392852783,0.1521444469690323,3.813662528991699,0.10227997601032257,3.7669525146484375
1079,3,3,1,0.238019660115242,3.5804924964904785,0.11776047945022583,3.6725618839263916,0.23971618711948395,3.7170352935791016,0.15752550959587097,3.7455718517303467
1080,3,3,1,0.23463159799575806,3.5862417221069336,0.112723208963871,3.7056665420532227,0.2262934446334839,3.743581771850586,0.15328045189380646,3.722012758255005
1081,3,3,1,0.22358298301696777,3.6191000938415527,0.1037248894572258,3.8654048442840576,0.17929886281490326,3.7894182205200195,0.11836335808038712,3.8322949409484863
1082,3,3,1,0.23864246904850006,3.5813889503479004,0.11603156477212906,3.6483166217803955,0.24173907935619354,3.7580692768096924,0.16025589406490326,3.7812461853027344
1083,3,3,1,0.21369031071662903,3.6240367889404297,0.10025210678577423,3.885542392730713,0.16632454097270966,3.768977403640747,0.10582748800516129,3.780414342880249
1084,3,3,1,0.20920608937740326,3.6288626194000244,0.09619638323783875,3.9043869972229004,0.15937897562980652,3.808678150177002,0.11672911047935486,3.823629856109619
1085,3,3,1,0.21697375178337097,3.607715606689453,0.10211554914712906,3.8378140926361084,0.1877690553665161,3.812291145324707,0.12657445669174194,3.792316198348999
1086,3,3,1,0.20954489707946777,3.630770444869995,0.09674445539712906,3.9198639392852783,0.1521444469690323,3.813662528991699,0.10227997601032257,3.7669525146484375
1087,3,3,1,0.22363530099391937,3.6054985523223877,0.10683394223451614,3.799085855484009,0.19256217777729034,3.7689402103424072,0.12858736515045166,3.8143210411071777
1088,3,3,1,0.21349848806858063,3.622462034225464,0.10680902749300003,3.8935484886169434,0.17157605290412903,3.8646764755249023,0.11168686300516129,3.9341542720794678
1089,3,3,1,0.23426538705825806,3.5842125415802,0.11903101205825806,3.6897027492523193,0.22355309128761292,3.7308104038238525,0.14317601919174194,3.743318557739258
1090,3,3,1,0.23379454016685486,3.5768752098083496,0.11390405893325806,3.6822099685668945,0.23143534362316132,3.7241334915161133,0.15328045189380646,3.74255633354187
1091,3,3,1,0.2238943874835968,3.6037185192108154,0.10713787376880646,3.7957029342651367,0.19647839665412903,3.816960096359253,0.12408322095870972,3.885640859603882
1092,3,3,1,0.2201376110315323,3.6068239212036133,0.10411351919174194,3.7957983016967773,0.2019491344690323,3.7944834232330322,0.13946907222270966,3.791797637939453
1093,3,3,1,0.21830406785011292,3.621734857559204,0.10039161890745163,3.8849074840545654,0.16849689185619354,3.820746421813965,0.10935506969690323,3.859121561050415
1094,3,3,1,0.21811722218990326,3.619194984436035,0.10750657320022583,3.8951199054718018,0.15975764393806458,3.8105664253234863,0.10750158876180649,3.7925472259521484
1095,3,3,1,0.23267099261283875,3.5887832641601562,0.11120854318141937,3.7197132110595703,0.22030451893806458,3.7490954399108887,0.15316087007522583,3.7353286743164062
1096,3,3,1,0.21834143996238708,3.6218223571777344,0.0995047390460968,3.9003055095672607,0.16717155277729034,3.836611747741699,0.10720264166593552,3.8510875701904297
1097,3,3,1,0.2239467054605484,3.5961244106292725,0.10751654207706451,3.776773691177368,0.21020008623600006,3.794301748275757,0.14305643737316132,3.8071887493133545
1098,3,3,1,0.2369135618209839,3.583160638809204,0.11411331593990326,3.6835784912109375,0.2348732352256775,3.7408571243286133,0.15909996628761292,3.7523486614227295
1099,3,3,1,0.22246192395687103,3.5922977924346924,0.10827387124300003,3.7764484882354736,0.20039460062980652,3.8120338916778564,0.13213488459587097,3.8134238719940186
1100,3,3,1,0.2146344780921936,3.6294164657592773,0.12423767894506454,3.907158613204956,0.1390206515789032,3.9255967140197754,0.08400430530309677,4.008541107177734
1101,3,2,0,0.21775101125240326,3.6235084533691406,0.10077527165412903,3.908632516860962,0.1695730984210968,3.7953810691833496,0.11541374027729034,3.788292169570923
1102,3,3,1,0.21562349796295166,3.6197474002838135,0.10237962007522583,3.858818292617798,0.17441605031490326,3.804319143295288,0.11110889166593552,3.861704111099243
1103,3,3,1,0.22621123492717743,3.6012136936187744,0.10790018737316132,3.7886035442352295,0.20415137708187103,3.805144786834717,0.13231424987316132,3.811718702316284
1104,3,3,1,0.2239467054605484,3.5961244106292725,0.10751654207706451,3.776773691177368,0.21020008623600006,3.794301748275757,0.14305643737316132,3.8071887493133545
1105,3,3,1,0.21447505056858063,3.6287343502044678,0.09990832209587097,3.945192575454712,0.16126234829425812,3.7792744636535645,0.11387914419174194,3.747112274169922
1106,3,3,1,0.22472147643566132,3.6036806106567383,0.10382453352212906,3.814809560775757,0.19758449494838715,3.8288278579711914,0.13089923560619354,3.8842873573303223
1107,3,3,1,0.22030451893806458,3.6202392578125,0.10262874513864517,3.8576560020446777,0.17631934583187103,3.818413019180298,0.11519451439380646,3.895155668258667
1108,3,3,1,0.23391412198543549,3.5884552001953125,0.11197584122419357,3.709486484527588,0.22358298301696777,3.7104783058166504,0.15519371628761292,3.750481605529785
1109,3,3,1,0.23210299015045166,3.5907607078552246,0.111014224588871,3.72285795211792,0.21695630252361298,3.742053985595703,0.14546795189380646,3.737635374069214
1110,3,3,1,0.219587042927742,3.6017653942108154,0.10935008525848389,3.7936391830444336,0.18463009595870972,3.79895281791687,0.12474090605974197,3.8109922409057617
1111,3,2,0,0.21783322095870972,3.617063045501709,0.10224509239196777,3.878173589706421,0.17499402165412903,3.821650266647339,0.11493542790412903,3.847581148147583
1112,3,3,1,0.22725506126880646,3.6021244525909424,0.10625597834587097,3.8127636909484863,0.19736526906490326,3.7607290744781494,0.13217474520206451,3.794933557510376
1113,3,3,1,0.23183892667293549,3.592325448989868,0.11141282320022583,3.738786220550537,0.21516261994838715,3.77528715133667,0.14614556729793549,3.771580457687378
1114,3,3,1,0.22874481976032257,3.6134283542633057,0.1531010866165161,3.7980995178222656,0.19658800959587097,3.8017537593841553,0.12073501199483871,3.8133046627044678
1115,3,3,1,0.23186133801937103,3.5883679389953613,0.11318159848451614,3.6953248977661133,0.2220384180545807,3.6761960983276367,0.1589006632566452,3.6927130222320557
1116,3,3,1,0.2248460352420807,3.607844352722168,0.10657485574483871,3.807293176651001,0.19219347834587097,3.7710893154144287,0.13217474520206451,3.7522618770599365
1117,3,3,1,0.2159598171710968,3.6131067276000977,0.10206074267625809,3.849004030227661,0.18114237487316132,3.855154514312744,0.12300701439380646,3.8930654525756836
1118,3,3,1,0.22652512788772583,3.6042847633361816,0.10521464049816132,3.8082587718963623,0.19759446382522583,3.7806243896484375,0.12705276906490326,3.8050196170806885
1119,3,3,1,0.23537397384643555,3.585726261138916,0.11246412247419357,3.712209701538086,0.22743940353393555,3.7529354095458984,0.15369898080825806,3.777359962463379
1120,3,3,1,0.23928770422935486,3.578301429748535,0.1168038472533226,3.6651878356933594,0.24127072095870972,3.7155954837799072,0.16163106262683868,3.699136972427368
1121,3,2,0,0.21257174015045166,3.6287503242492676,0.10171695053577423,3.9147684574127197,0.15431679785251617,3.8223557472229004,0.10584741830825806,3.797024965286255
1122,3,3,1,0.22252421081066132,3.6058349609375,0.10573779791593552,3.7990763187408447,0.1948341727256775,3.7844722270965576,0.12703284621238708,3.82114839553833
1123,3,3,1,0.21034209430217743,3.620551109313965,0.10155253112316132,3.901334524154663,0.15824298560619354,3.826322317123413,0.11148755997419357,3.7758312225341797
1124,3,3,1,0.22949716448783875,3.5919432640075684,0.1109095960855484,3.7293801307678223,0.2052873820066452,3.735546827316284,0.13831312954425812,3.7731988430023193
1125,3,3,1,0.22996552288532257,3.594334363937378,0.11036650836467743,3.745880603790283,0.21590998768806458,3.755434513092041,0.14949378371238708,3.7714972496032715
1126,3,3,1,0.21884216368198395,3.6188855171203613,0.10064074397087097,3.869845151901245,0.17784398794174194,3.846808910369873,0.11882174760103226,3.8678295612335205
1127,3,3,1,0.21856315433979034,3.606738567352295,0.10318677872419357,3.832158327102661,0.18836694955825806,3.7904036045074463,0.12529894709587097,3.825831174850464
1128,3,3,1,0.23040148615837097,3.5835649967193604,0.11841318011283875,3.7197678089141846,0.2227260023355484,3.764976978302002,0.1476801633834839,3.792712450027466
1129,3,3,1,0.2151402086019516,3.6134161949157715,0.10160733759403229,3.862943172454834,0.1725725382566452,3.8408591747283936,0.11320152878761292,3.871126651763916
1130,3,3,1,0.2357177734375,3.5906529426574707,0.11233457922935486,3.69085431098938,0.22857540845870972,3.7265236377716064,0.15501435101032257,3.7405502796173096
1131,3,3,1,0.22207579016685486,3.604332447052002,0.1055385023355484,3.796478033065796,0.19692681729793549,3.7704684734344482,0.1330118030309677,3.7554690837860107
1132,3,3,1,0.23838089406490326,3.5821733474731445,0.11943957209587097,3.663607597351074,0.23866987228393555,3.7167131900787354,0.15696747601032257,3.722321033477783
1133,3,3,1,0.22001056373119354,3.6010146141052246,0.10401386767625809,3.8151466846466064,0.1911969780921936,3.8086204528808594,0.12854750454425812,3.806821823120117
1134,3,3,1,0.22315947711467743,3.611969470977783,0.10467155277729034,3.8457729816436768,0.1858358532190323,3.8030993938446045,0.12316644936800003,3.8294498920440674
1135,3,3,1,0.2186453640460968,3.60695481300354,0.10294263809919357,3.8203861713409424,0.19268175959587097,3.842625141143799,0.12798947095870972,3.8665525913238525
1136,3,0,0,0.2309669852256775,3.5907111167907715,0.1134207546710968,3.731769561767578,0.2122030407190323,3.7478749752044678,0.14002710580825806,3.752490758895874
1137,3,3,1,0.22779814898967743,3.6217081546783447,0.15549764037132263,3.8232882022857666,0.17886041104793549,3.8256170749664307,0.12175143510103226,3.85775089263916
1138,3,3,1,0.22109174728393555,3.6069657802581787,0.10478116571903229,3.8303375244140625,0.18698182702064514,3.809741973876953,0.12338568270206451,3.878048896789551
1139,3,3,1,0.23971369862556458,3.62221097946167,0.19685706496238708,3.798987627029419,0.22821667790412903,3.794384717941284,0.14018653333187103,3.7891669273376465
1140,3,3,1,0.23580744862556458,3.5825893878936768,0.11360012739896774,3.705350875854492,0.2316545695066452,3.756699800491333,0.154296875,3.7725393772125244
1141,3,3,1,0.22156259417533875,3.6069576740264893,0.10515983402729034,3.8238890171051025,0.1934291273355484,3.8154654502868652,0.12543845176696777,3.8171274662017822
1142,3,3,1,0.21397431194782257,3.6295886039733887,0.09793028235435486,3.936352014541626,0.16215918958187103,3.818718194961548,0.10893654078245163,3.8448591232299805
1143,3,3,1,0.25602129101753235,3.5850110054016113,0.1330915093421936,3.50071120262146,0.28790655732154846,3.5760416984558105,0.18510840833187103,3.5778424739837646
1144,3,3,1,0.20792809128761292,3.6324164867401123,0.11483079195022583,3.9242851734161377,0.15723653137683868,3.8844666481018066,0.10120376199483871,3.9040961265563965
1145,3,3,1,0.23063316941261292,3.589686632156372,0.11177156120538712,3.7099807262420654,0.21933792531490326,3.7566215991973877,0.14841756224632263,3.758157730102539
1146,3,3,1,0.21958455443382263,3.604710578918457,0.1043177992105484,3.8104312419891357,0.18937340378761292,3.7799410820007324,0.12410315126180649,3.7713184356689453
1147,3,3,1,0.22760632634162903,3.604062795639038,0.10591218620538712,3.803264856338501,0.19972695410251617,3.7877063751220703,0.13641980290412903,3.7712199687957764
1148,3,3,1,0.21705596148967743,3.616311550140381,0.10089484602212906,3.85817289352417,0.165876105427742,3.711101770401001,0.11832349747419357,3.730335235595703
1149,3,3,1,0.23670679330825806,3.5828280448913574,0.1134207546710968,3.6938586235046387,0.2311662882566452,3.743684768676758,0.15461574494838715,3.756638288497925
1150,3,3,1,0.22674186527729034,3.610255241394043,0.14371910691261292,3.79913330078125,0.19028021395206451,3.8256611824035645,0.12739157676696777,3.8296308517456055
1151,3,3,1,0.225080206990242,3.5940518379211426,0.10823899507522583,3.7813477516174316,0.20136120915412903,3.8035829067230225,0.13185586035251617,3.811366319656372
1152,3,3,1,0.1989148110151291,3.6467325687408447,0.09199617058038712,3.976332426071167,0.13193558156490326,3.806419849395752,0.08904655277729034,3.7672336101531982
1153,3,3,1,0.22226263582706451,3.6062228679656982,0.10418825596570969,3.816077709197998,0.19595025479793549,3.830807685852051,0.12996253371238708,3.897101640701294
1154,3,3,1,0.204572394490242,3.6393682956695557,0.10913583636283875,3.9670379161834717,0.13425740599632263,3.920433521270752,0.08508051186800003,3.973998546600342
1155,3,3,1,0.22283561527729034,3.600862979888916,0.10640046745538712,3.7907750606536865,0.20034478604793549,3.785874128341675,0.13077965378761292,3.805851936340332
1156,3,3,1,0.22465172410011292,3.608691692352295,0.103759765625,3.834237813949585,0.1935786008834839,3.8381035327911377,0.12683354318141937,3.9000627994537354
1157,3,3,1,0.22769351303577423,3.5992472171783447,0.10674425959587097,3.783327102661133,0.1995077282190323,3.7955148220062256,0.13006217777729034,3.814894199371338
1158,3,3,1,0.23251654207706451,3.621242046356201,0.18081353604793549,3.7896389961242676,0.19299067556858063,3.754014492034912,0.1237444207072258,3.8159124851226807
1159,3,3,1,0.23331372439861298,3.6247143745422363,0.16977240145206451,3.806274652481079,0.1882573366165161,3.7740843296051025,0.1201171875,3.83026385307312
1160,3,3,1,0.24121591448783875,3.578852891921997,0.1216169074177742,3.627145767211914,0.25749361515045166,3.6612229347229004,0.1741071343421936,3.659684181213379
1161,3,3,1,0.21544413268566132,3.61653995513916,0.10082010924816132,3.8652334213256836,0.16953323781490326,3.81813907623291,0.10764110088348389,3.8555822372436523
1162,3,3,1,0.21794283390045166,3.618741750717163,0.10304727405309677,3.875012159347534,0.15752550959587097,3.813955068588257,0.11256377398967743,3.845608949661255
1163,3,3,1,0.2311936914920807,3.58967924118042,0.10994797945022583,3.7276928424835205,0.2131796032190323,3.7458982467651367,0.14190050959587097,3.744381904602051
1164,3,3,1,0.21914610266685486,3.623654365539551,0.14705237746238708,3.850647211074829,0.18193957209587097,3.849764585494995,0.11419802159070969,3.897556781768799
1165,3,3,1,0.2228754758834839,3.6033823490142822,0.10587232559919357,3.7990024089813232,0.20087292790412903,3.780880928039551,0.13201530277729034,3.7863829135894775
1166,3,3,1,0.21462950110435486,3.605044364929199,0.10332629084587097,3.830986499786377,0.18017578125,3.8535478115081787,0.12209024280309677,3.8560235500335693
1167,3,3,1,0.22686393558979034,3.596464157104492,0.10824397951364517,3.7633142471313477,0.21179448068141937,3.786393165588379,0.1427176296710968,3.7725179195404053
1168,3,3,1,0.2452840954065323,3.6123969554901123,0.1968122124671936,3.7878787517547607,0.23351800441741943,3.7999913692474365,0.12986287474632263,3.8172192573547363
1169,3,3,1,0.21512027084827423,3.623246908187866,0.11748146265745163,3.8952457904815674,0.15789420902729034,3.893531084060669,0.10134326666593552,3.963618516921997
1170,3,3,1,0.22296765446662903,3.6108646392822266,0.10421814769506454,3.8025052547454834,0.19083824753761292,3.792543411254883,0.12721221148967743,3.779414176940918
1171,3,3,1,0.2147316336631775,3.6079587936401367,0.10128846019506454,3.8330464363098145,0.18307557702064514,3.8023078441619873,0.12509964406490326,3.835430860519409
1172,3,3,1,0.22723263502120972,3.5920209884643555,0.10952945053577423,3.752854585647583,0.2165975719690323,3.7847349643707275,0.14339524507522583,3.790271043777466
1173,3,3,1,0.22666962444782257,3.5943596363067627,0.10851801186800003,3.761753797531128,0.2151327282190323,3.7757654190063477,0.14162148535251617,3.784266710281372
1174,3,3,1,0.238263800740242,3.585031509399414,0.1151297390460968,3.6771109104156494,0.2322126030921936,3.7304210662841797,0.15361925959587097,3.7575247287750244
1175,3,3,1,0.23344576358795166,3.590606927871704,0.11528918147087097,3.73214054107666,0.2096819132566452,3.78015398979187,0.13653938472270966,3.7698147296905518
1176,3,3,1,0.21692641079425812,3.6135101318359375,0.1080147847533226,3.8284976482391357,0.1794682741165161,3.8182120323181152,0.11808434128761292,3.805569648742676
1177,3,3,1,0.21577048301696777,3.6233315467834473,0.11123843491077423,3.8847532272338867,0.1781529039144516,3.80993390083313,0.1231863796710968,3.8052093982696533
1178,3,3,1,0.2217768430709839,3.6017770767211914,0.10460180044174194,3.8233304023742676,0.19444555044174194,3.8308308124542236,0.12515944242477417,3.859076499938965
1179,3,3,1,0.22358298301696777,3.5981860160827637,0.10706812143325806,3.798734188079834,0.19969706237316132,3.796107769012451,0.1298230141401291,3.7912189960479736
1180,3,3,1,0.21739228069782257,3.613673686981201,0.10205078125,3.859584093093872,0.1781529039144516,3.823134660720825,0.11417809128761292,3.8284168243408203
1181,3,3,1,0.22343848645687103,3.606923818588257,0.10652502626180649,3.8182413578033447,0.19124680757522583,3.8112754821777344,0.12685346603393555,3.8507461547851562
1182,3,3,1,0.21457220613956451,3.6085612773895264,0.10258390009403229,3.8252949714660645,0.17783401906490326,3.797825813293457,0.12183114886283875,3.8200557231903076
1183,3,3,1,0.22022230923175812,3.6115000247955322,0.10747169703245163,3.846360683441162,0.17196467518806458,3.832937240600586,0.12061543017625809,3.7716457843780518
1184,3,3,1,0.22579768300056458,3.610093116760254,0.10572783648967743,3.819321393966675,0.19749481976032257,3.761491537094116,0.12880659103393555,3.7569239139556885
1185,3,3,1,0.22760632634162903,3.604062795639038,0.10591218620538712,3.803264856338501,0.19972695410251617,3.7877063751220703,0.13641980290412903,3.7712199687957764
1186,3,3,1,0.22557348012924194,3.5992798805236816,0.11205057799816132,3.805593729019165,0.1976841539144516,3.8260409832000732,0.13004225492477417,3.843524932861328
1187,3,3,1,0.22078284621238708,3.6137502193450928,0.10064074397087097,3.8502399921417236,0.1945551633834839,3.838352680206299,0.13241389393806458,3.842564821243286
1188,3,3,1,0.2149409055709839,3.6155378818511963,0.10402881354093552,3.8451075553894043,0.17363879084587097,3.79701566696167,0.12808912992477417,3.7771899700164795
1189,3,3,1,0.2159947007894516,3.623192071914673,0.09895168989896774,3.891993999481201,0.17612005770206451,3.806891441345215,0.12057556957006454,3.8138842582702637
1190,3,3,1,0.22063086926937103,3.6008942127227783,0.10490074753761292,3.8010828495025635,0.19904933869838715,3.806257724761963,0.13315130770206451,3.820535898208618
1191,3,3,1,0.24193090200424194,3.580087184906006,0.11970364302396774,3.6338813304901123,0.2431042641401291,3.6659698486328125,0.1566685289144516,3.671924591064453
1192,3,3,1,0.22290785610675812,3.616225481033325,0.10345084965229034,3.856571674346924,0.18273676931858063,3.8043406009674072,0.11820392310619354,3.806440830230713
1193,3,3,1,0.21776346862316132,3.6100077629089355,0.10432776063680649,3.8662304878234863,0.17826251685619354,3.8506903648376465,0.12029655277729034,3.888005256652832
1194,3,3,1,0.22155262529850006,3.6139678955078125,0.10303730517625809,3.840909004211426,0.194684699177742,3.83549165725708,0.13229432702064514,3.7884905338287354
1195,3,3,1,0.2208949476480484,3.6127169132232666,0.10133828967809677,3.8354885578155518,0.1890345960855484,3.8075382709503174,0.12894611060619354,3.8083462715148926
1196,3,3,1,0.2239741086959839,3.5989990234375,0.10720762610435486,3.7737603187561035,0.20748963952064514,3.782777786254883,0.13604113459587097,3.811309814453125
1197,3,3,1,0.2230573296546936,3.6070003509521484,0.10681401193141937,3.8391175270080566,0.1755121946334839,3.8124680519104004,0.11529415845870972,3.8050129413604736
1198,3,3,1,0.21721041202545166,3.615919351577759,0.102713443338871,3.866117000579834,0.17115752398967743,3.8414065837860107,0.11730707436800003,3.932042121887207
1199,3,3,1,0.23172681033611298,3.5939128398895264,0.10989317297935486,3.746826171875,0.21967673301696777,3.762803316116333,0.14937420189380646,3.7829220294952393
1200,3,3,1,0.21476402878761292,3.6217055320739746,0.0995744988322258,3.8655991554260254,0.1752232164144516,3.832120180130005,0.11379942297935486,3.888791561126709
1201,3,3,1,0.2313331961631775,3.599048137664795,0.11076012253761292,3.74678373336792,0.21711574494838715,3.7684504985809326,0.14150190353393555,3.7885916233062744
1202,3,3,1,0.2144252210855484,3.614462375640869,0.10191625356674194,3.865558624267578,0.16112284362316132,3.8018429279327393,0.11274313926696777,3.8053739070892334
1203,3,3,1,0.212384894490242,3.6246700286865234,0.11346559971570969,3.909717559814453,0.15579161047935486,3.9155046939849854,0.10329639166593552,3.9629557132720947
1204,3,3,1,0.23793496191501617,3.581002950668335,0.119315005838871,3.6433374881744385,0.23488320410251617,3.688727617263794,0.15232381224632263,3.7166035175323486
1205,3,3,1,0.21896673738956451,3.621582508087158,0.11403360217809677,3.8836021423339844,0.1506098508834839,3.8429269790649414,0.10096460580825806,3.8825502395629883
1206,3,3,1,0.23329877853393555,3.587209463119507,0.11055085808038712,3.729403257369995,0.22170957922935486,3.768888473510742,0.14915497601032257,3.780064105987549
1207,3,3,1,0.2151402086019516,3.6134161949157715,0.10160733759403229,3.862943172454834,0.1725725382566452,3.8408591747283936,0.11320152878761292,3.871126651763916
1208,3,3,1,0.2250378578901291,3.6062967777252197,0.10801976919174194,3.7852399349212646,0.20122168958187103,3.7920565605163574,0.12980309128761292,3.833256483078003
1209,3,3,1,0.23602667450904846,3.582660436630249,0.11523935198783875,3.671408176422119,0.23634804785251617,3.7187368869781494,0.1572265625,3.7502851486206055
1210,3,3,1,0.23165954649448395,3.5842671394348145,0.11280791461467743,3.724393844604492,0.22420081496238708,3.7650561332702637,0.14793924987316132,3.7677488327026367
1211,3,3,1,0.22500298917293549,3.593724489212036,0.1134207546710968,3.7746880054473877,0.20336414873600006,3.782487154006958,0.1337292641401291,3.8152012825012207
1212,3,3,1,0.22409369051456451,3.597912311553955,0.10631576925516129,3.792436122894287,0.20180962979793549,3.790390968322754,0.13077965378761292,3.8139286041259766
1213,3,3,1,0.2359095960855484,3.580108880996704,0.11365991830825806,3.685779333114624,0.2297811657190323,3.7518105506896973,0.1546556055545807,3.763530969619751
1214,3,3,1,0.20636609196662903,3.6388087272644043,0.09815449267625809,3.969390869140625,0.13513432443141937,3.855910301208496,0.09197624027729034,3.837053060531616
1215,3,3,1,0.21767377853393555,3.618567943572998,0.09991828352212906,3.882716655731201,0.17213408648967743,3.8118560314178467,0.11559311300516129,3.8648276329040527
1216,3,3,1,0.2236502468585968,3.6051127910614014,0.10542390495538712,3.8041021823883057,0.1980229616165161,3.7905092239379883,0.1374760866165161,3.7687735557556152
1217,3,3,1,0.22070561349391937,3.6124749183654785,0.10383450239896774,3.8359405994415283,0.19032007455825806,3.8281586170196533,0.12284757196903229,3.841499090194702
1218,3,3,1,0.22135582566261292,3.611407518386841,0.10167211294174194,3.8566598892211914,0.18428131937980652,3.7903530597686768,0.12599648535251617,3.8035430908203125
1219,3,3,1,0.21729013323783875,3.6211965084075928,0.09952466934919357,3.8808510303497314,0.1770268678665161,3.84604549407959,0.12302694469690323,3.8569576740264893
1220,3,3,1,0.22310715913772583,3.6061503887176514,0.1063406765460968,3.810476541519165,0.1895228773355484,3.7948367595672607,0.12083465605974197,3.815108060836792
1221,3,3,1,0.21295040845870972,3.6195836067199707,0.11216019093990326,3.875882863998413,0.16389308869838715,3.8984010219573975,0.11102917790412903,3.9150960445404053
1222,3,3,1,0.22274094820022583,3.6038026809692383,0.10487085580825806,3.8020238876342773,0.1980229616165161,3.814110279083252,0.1306401491165161,3.8302059173583984
1223,3,3,1,0.22387196123600006,3.6100552082061768,0.1036202535033226,3.811222791671753,0.19416652619838715,3.781780958175659,0.13038106262683868,3.7564964294433594
1224,3,3,1,0.2361985743045807,3.593437433242798,0.11767079681158066,3.6884870529174805,0.21795280277729034,3.7115490436553955,0.13919004797935486,3.771477699279785
1225,3,3,1,0.20920608937740326,3.6288626194000244,0.09619638323783875,3.9043869972229004,0.15937897562980652,3.808678150177002,0.11672911047935486,3.823629856109619
1226,3,3,1,0.21389707922935486,3.6204636096954346,0.10647520422935486,3.8858213424682617,0.16653379797935486,3.844841957092285,0.11228475719690323,3.8111464977264404
1227,3,3,1,0.22048139572143555,3.6117420196533203,0.10449716448783875,3.8178133964538574,0.19177494943141937,3.813042402267456,0.12384406477212906,3.863373041152954
1228,3,3,1,0.2218540757894516,3.6088216304779053,0.10983836650848389,3.8226354122161865,0.16877590119838715,3.791757583618164,0.11379942297935486,3.842381715774536
1229,3,0,0,0.22599947452545166,3.607332706451416,0.12170160561800003,3.81650710105896,0.1921835094690323,3.8455355167388916,0.12599648535251617,3.869345188140869
1230,3,3,1,0.2179826945066452,3.6107771396636963,0.1128278449177742,3.8535659313201904,0.1740473508834839,3.861445188522339,0.11670918017625809,3.9106898307800293
1231,3,3,1,0.22197364270687103,3.5992794036865234,0.10496053844690323,3.804851531982422,0.19976681470870972,3.799920082092285,0.1343470960855484,3.783859968185425
1232,3,3,1,0.23553092777729034,3.5884666442871094,0.11207050830125809,3.7011959552764893,0.22787787020206451,3.732508420944214,0.15182557702064514,3.7520346641540527
1233,3,3,1,0.22153767943382263,3.608184337615967,0.10472635924816132,3.8275370597839355,0.18817761540412903,3.8236072063446045,0.12264827638864517,3.876828193664551
1234,3,3,1,0.22190140187740326,3.6016974449157715,0.10558334738016129,3.8046340942382812,0.1947644203901291,3.8073675632476807,0.12783002853393555,3.788275718688965
1235,3,3,1,0.20954489707946777,3.630770444869995,0.09674445539712906,3.9198639392852783,0.1521444469690323,3.813662528991699,0.10227997601032257,3.7669525146484375
1236,3,3,1,0.21734991669654846,3.6110308170318604,0.10336615145206451,3.861708164215088,0.17603036761283875,3.836909055709839,0.11385921388864517,3.858743190765381
1237,3,3,1,0.21817700564861298,3.6075727939605713,0.10383450239896774,3.8108444213867188,0.18864595890045166,3.8011727333068848,0.1280691921710968,3.780578851699829
1238,3,3,1,0.21420100331306458,3.6325278282165527,0.1370326429605484,3.8874669075012207,0.16317561268806458,3.8689465522766113,0.10660474747419357,3.918302536010742
1239,3,3,1,0.2246965616941452,3.605665445327759,0.10425800830125809,3.7925925254821777,0.20565608143806458,3.809138536453247,0.14134247601032257,3.7574732303619385
1240,3,3,1,0.2197190821170807,3.61562180519104,0.10085498541593552,3.8895859718322754,0.17884047329425812,3.830723762512207,0.11890146136283875,3.834059715270996
1241,3,3,1,0.21801508963108063,3.611326217651367,0.10300741344690323,3.830705165863037,0.1904296875,3.819780111312866,0.1259167641401291,3.8216207027435303
1242,3,3,1,0.22423319518566132,3.6078836917877197,0.10460678488016129,3.835341691970825,0.18930365145206451,3.826077699661255,0.12685346603393555,3.8560879230499268
1243,3,3,1,0.21124640107154846,3.6351125240325928,0.10178671032190323,3.9353370666503906,0.14759047329425812,3.8629395961761475,0.10176179558038712,3.8785741329193115
1244,3,3,1,0.22041164338588715,3.616128921508789,0.10112902522087097,3.861851453781128,0.183454230427742,3.8267788887023926,0.12310665845870972,3.877286672592163
1245,3,3,1,0.22472147643566132,3.6036806106567383,0.10382453352212906,3.814809560775757,0.19758449494838715,3.8288278579711914,0.13089923560619354,3.8842873573303223
1246,3,3,1,0.2394944727420807,3.58056902885437,0.11581732332706451,3.669520378112793,0.23997528851032257,3.733701467514038,0.15900032222270966,3.763850688934326
1247,3,3,1,0.22039420902729034,3.6040375232696533,0.10521464049816132,3.7926316261291504,0.1856863796710968,3.7841579914093018,0.12934470176696777,3.809399127960205
1248,3,3,1,0.217511847615242,3.6200363636016846,0.10012754797935486,3.9005773067474365,0.16833744943141937,3.8027584552764893,0.10959422588348389,3.8354246616363525
1249,3,3,1,0.22232739627361298,3.5988526344299316,0.11103913933038712,3.7877142429351807,0.1955815553665161,3.8133184909820557,0.12460140138864517,3.8357324600219727
1250,3,3,1,0.21935786306858063,3.6078908443450928,0.10401885211467743,3.810173988342285,0.19208386540412903,3.8051462173461914,0.12928491830825806,3.816401958465576
1251,3,3,1,0.21593739092350006,3.6106669902801514,0.10217035561800003,3.840826988220215,0.18154096603393555,3.793830394744873,0.11880181729793549,3.8188223838806152
1252,3,3,1,0.21665237843990326,3.610111951828003,0.10250916332006454,3.8297364711761475,0.18887515366077423,3.8135485649108887,0.12669403851032257,3.816737413406372
1253,3,3,1,0.23944464325904846,3.5772876739501953,0.11639528721570969,3.6566927433013916,0.24249640107154846,3.704211950302124,0.16147162020206451,3.7117996215820312
1254,3,3,1,0.20636609196662903,3.6388087272644043,0.09815449267625809,3.969390869140625,0.13513432443141937,3.855910301208496,0.09197624027729034,3.837053060531616
1255,3,3,1,0.22252172231674194,3.594254493713379,0.10697345435619354,3.7606427669525146,0.21061861515045166,3.788607120513916,0.14267776906490326,3.7836289405822754
1256,3,3,1,0.2184460610151291,3.614020586013794,0.10499043017625809,3.832051992416382,0.17670798301696777,3.8146393299102783,0.11930005997419357,3.8277647495269775
1257,3,3,1,0.23390664160251617,3.584096670150757,0.11091458052396774,3.7122771739959717,0.22596460580825806,3.757982015609741,0.15559230744838715,3.7572691440582275
1258,3,3,1,0.218366339802742,3.608015537261963,0.10400390625,3.837836503982544,0.1789799928665161,3.8237292766571045,0.11654974520206451,3.876197099685669
1259,3,3,1,0.226789191365242,3.6050639152526855,0.10598692297935486,3.798185348510742,0.19931839406490326,3.8029696941375732,0.13006217777729034,3.789304256439209
1260,3,3,1,0.22625109553337097,3.6250343322753906,0.16082389652729034,3.8134334087371826,0.19305045902729034,3.824549674987793,0.12936463952064514,3.876906394958496
1261,3,3,1,0.24263343214988708,3.5740747451782227,0.12216995656490326,3.609461545944214,0.2577228248119354,3.6784210205078125,0.16794881224632263,3.725525140762329
1262,3,3,1,0.22363778948783875,3.6090898513793945,0.10374481976032257,3.8347902297973633,0.19128666818141937,3.8419461250305176,0.1261957883834839,3.8720784187316895
1263,3,3,1,0.21775349974632263,3.6173462867736816,0.09933533519506454,3.8778653144836426,0.18456034362316132,3.86728572845459,0.12063536047935486,3.8802247047424316
1264,3,3,1,0.2235281765460968,3.606412887573242,0.10378965735435486,3.830204963684082,0.19451530277729034,3.769672155380249,0.13119818270206451,3.7365942001342773
1265,3,3,1,0.23592454195022583,3.579829454421997,0.11577746272087097,3.685544490814209,0.24293486773967743,3.7606546878814697,0.16394291818141937,3.7695112228393555
1266,3,3,1,0.21724778413772583,3.625319719314575,0.09975884854793549,3.9028069972991943,0.1750139445066452,3.811934232711792,0.11609135568141937,3.844463586807251
1267,3,3,1,0.22778569161891937,3.5972440242767334,0.10966397821903229,3.766469717025757,0.20825693011283875,3.797741413116455,0.13480548560619354,3.8463926315307617
1268,3,3,1,0.22241957485675812,3.617410182952881,0.13703761994838715,3.8438045978546143,0.176618292927742,3.8482284545898438,0.1174665167927742,3.895995855331421
1269,3,3,1,0.22429049015045166,3.612748861312866,0.12150231003761292,3.8598785400390625,0.1691645383834839,3.8228676319122314,0.10317681729793549,3.8398685455322266
1270,3,3,1,0.22536420822143555,3.5987863540649414,0.10564811527729034,3.786879777908325,0.20556640625,3.804547071456909,0.1364995241165161,3.782449960708618
1271,3,3,1,0.21978634595870972,3.612429618835449,0.10213547945022583,3.811795711517334,0.19819235801696777,3.814671516418457,0.1390306055545807,3.8000285625457764
1272,3,3,1,0.22098961472511292,3.602534294128418,0.10491569340229034,3.8155481815338135,0.19041971862316132,3.8192474842071533,0.12573739886283875,3.8416547775268555
1273,3,3,1,0.21820440888404846,3.608158588409424,0.1031668484210968,3.8435235023498535,0.19058911502361298,3.849942445755005,0.12505978345870972,3.843505859375
1274,3,3,1,0.23892895877361298,3.5776681900024414,0.12266820669174194,3.6505279541015625,0.23575015366077423,3.6966776847839355,0.15302136540412903,3.716853380203247
1275,3,3,1,0.22504782676696777,3.5961854457855225,0.10828882455825806,3.7717862129211426,0.20373286306858063,3.7844948768615723,0.13444674015045166,3.772902488708496
1276,3,3,1,0.2166150063276291,3.6101253032684326,0.10294263809919357,3.8366971015930176,0.1819196343421936,3.844489574432373,0.12001753598451614,3.879441976547241
1277,3,3,1,0.21707837283611298,3.6191513538360596,0.09896663576364517,3.864219903945923,0.1761399805545807,3.815908670425415,0.12398357689380646,3.826394557952881
1278,3,2,0,0.2234758585691452,3.613142967224121,0.10391421616077423,3.8691024780273438,0.17540258169174194,3.8228042125701904,0.11559311300516129,3.901379346847534
1279,3,3,1,0.24518194794654846,3.574894905090332,0.12247887253761292,3.5964527130126953,0.2620874345302582,3.6720657348632812,0.1702806055545807,3.71535587310791
1280,3,3,1,0.21812967956066132,3.617389440536499,0.10044144093990326,3.8599631786346436,0.17992664873600006,3.7924790382385254,0.12549825012683868,3.8292837142944336
1281,3,3,1,0.2214106321334839,3.605607748031616,0.10633569955825806,3.815574884414673,0.18459023535251617,3.8012847900390625,0.11884167790412903,3.8358209133148193
1282,3,3,1,0.22525210678577423,3.5963966846466064,0.10765604674816132,3.801962375640869,0.20039460062980652,3.820338249206543,0.12804926931858063,3.8513617515563965
1283,3,3,1,0.2250005006790161,3.6134836673736572,0.1048758327960968,3.840942621231079,0.1875,3.805272102355957,0.12280771136283875,3.8104512691497803
1284,3,3,1,0.22172701358795166,3.6123390197753906,0.10425800830125809,3.830967664718628,0.18992146849632263,3.816044807434082,0.12244898080825806,3.8507487773895264
1285,3,3,1,0.22404634952545166,3.6045877933502197,0.10756636410951614,3.79447865486145,0.19913902878761292,3.7766213417053223,0.1267338991165161,3.765529155731201
1286,3,3,1,0.21754175424575806,3.6154048442840576,0.12923508882522583,3.837458610534668,0.18351402878761292,3.8313965797424316,0.11908083409070969,3.8333053588867188
1287,3,3,1,0.23573271930217743,3.5913658142089844,0.11278299987316132,3.6965012550354004,0.22770845890045166,3.724869728088379,0.15264269709587097,3.723984956741333
1288,3,3,1,0.216552734375,3.614729881286621,0.10120376199483871,3.841325283050537,0.18266700208187103,3.820195198059082,0.12147241830825806,3.8823626041412354
1289,3,3,1,0.21641072630882263,3.606534004211426,0.10816924273967743,3.8379087448120117,0.17439612746238708,3.8129820823669434,0.11144769936800003,3.826537847518921
1290,3,3,1,0.23250408470630646,3.593052625656128,0.11012735217809677,3.7319819927215576,0.22291533648967743,3.780062675476074,0.15204480290412903,3.788045644760132
1291,3,3,1,0.21525728702545166,3.6148879528045654,0.1017020046710968,3.884577751159668,0.16511878371238708,3.8076040744781494,0.1198381707072258,3.8247132301330566
1292,3,3,1,0.21488609910011292,3.6210741996765137,0.10211554914712906,3.8863625526428223,0.17282167077064514,3.860116481781006,0.11511479318141937,3.8885042667388916
1293,3,3,1,0.22066575288772583,3.6118404865264893,0.10967394709587097,3.8315465450286865,0.1882672905921936,3.8166515827178955,0.12984295189380646,3.816577196121216
1294,3,3,1,0.2345319390296936,3.58463191986084,0.11215521395206451,3.6861395835876465,0.2293626368045807,3.7434940338134766,0.15240353345870972,3.773505926132202
1295,3,3,1,0.21771612763404846,3.6126348972320557,0.10229989886283875,3.8351354598999023,0.18615473806858063,3.8082544803619385,0.12236925959587097,3.8560261726379395
1296,3,3,1,0.22350077331066132,3.615783214569092,0.12319634854793549,3.8749494552612305,0.1561902016401291,3.815809726715088,0.09739716351032257,3.8459177017211914
1297,3,3,1,0.21803998947143555,3.602938652038574,0.10926538705825806,3.825535774230957,0.17880061268806458,3.806999921798706,0.116629458963871,3.793916702270508
1298,3,3,1,0.2251499742269516,3.599134683609009,0.10783541947603226,3.776139974594116,0.2019491344690323,3.7897956371307373,0.13201530277729034,3.8274457454681396
1299,3,3,1,0.22421325743198395,3.5963377952575684,0.10680405050516129,3.7804160118103027,0.20420120656490326,3.805875539779663,0.1350446343421936,3.8369245529174805
1300,3,3,1,0.21277353167533875,3.628727674484253,0.09739217907190323,3.903207540512085,0.16944356262683868,3.7992236614227295,0.11866230517625809,3.8364124298095703
1301,3,3,1,0.21948739886283875,3.6087918281555176,0.1035505011677742,3.8364529609680176,0.18627430498600006,3.824319362640381,0.12073501199483871,3.862330913543701
1302,3,3,1,0.22123126685619354,3.6002206802368164,0.10510502755641937,3.7980563640594482,0.1996472328901291,3.8034439086914062,0.13408800959587097,3.8130202293395996
1303,3,3,1,0.21919842064380646,3.6201412677764893,0.09996811300516129,3.867673397064209,0.17932875454425812,3.8137364387512207,0.12448181957006454,3.8498239517211914
1304,3,3,1,0.23514728248119354,3.5842249393463135,0.11603156477212906,3.6840431690216064,0.23091717064380646,3.7072455883026123,0.15838249027729034,3.7088208198547363
1305,3,3,1,0.23720254004001617,3.584634780883789,0.11348553001880646,3.668657064437866,0.23463408648967743,3.7306973934173584,0.15704719722270966,3.7898476123809814
1306,3,3,1,0.22239965200424194,3.6132426261901855,0.10312201082706451,3.835676670074463,0.19076849520206451,3.8076159954071045,0.13659916818141937,3.837759017944336
1307,3,3,1,0.2366868555545807,3.5871927738189697,0.14967812597751617,3.733797073364258,0.21904894709587097,3.781775951385498,0.1398676633834839,3.8000855445861816
1308,3,3,1,0.23788264393806458,3.57851243019104,0.1150599867105484,3.669466972351074,0.23680643737316132,3.723994255065918,0.1556919664144516,3.777521848678589
1309,3,3,1,0.22500547766685486,3.605011224746704,0.10561323910951614,3.8011038303375244,0.20051418244838715,3.8169167041778564,0.1331712305545807,3.8385214805603027
1310,3,3,1,0.22017249464988708,3.6043403148651123,0.1036551296710968,3.8071043491363525,0.19888989627361298,3.8296005725860596,0.13394850492477417,3.8311262130737305
1311,3,3,1,0.22877968847751617,3.6272077560424805,0.1669573038816452,3.8470261096954346,0.21996571123600006,3.8697562217712402,0.1280691921710968,3.926081657409668
1312,3,3,1,0.2264404296875,3.6036746501922607,0.10507513582706451,3.8024089336395264,0.20392218232154846,3.7918784618377686,0.13761559128761292,3.7860970497131348
1313,3,3,1,0.20636609196662903,3.6388087272644043,0.09815449267625809,3.969390869140625,0.13513432443141937,3.855910301208496,0.09197624027729034,3.837053060531616
1314,3,3,1,0.23620355129241943,3.587951183319092,0.1136300191283226,3.6974480152130127,0.2282366007566452,3.729785203933716,0.15056999027729034,3.742819309234619
1315,3,3,1,0.2156733274459839,3.6182644367218018,0.10434769093990326,3.8746120929718018,0.16425183415412903,3.8517866134643555,0.11114875227212906,3.905683994293213
1316,3,3,1,0.22716785967350006,3.6061718463897705,0.10939990729093552,3.7950994968414307,0.19187459349632263,3.8014540672302246,0.13129782676696777,3.8029751777648926
1317,3,3,1,0.22563326358795166,3.6027867794036865,0.1052594855427742,3.791820526123047,0.19820232689380646,3.796581268310547,0.13187579810619354,3.7882726192474365
1318,3,3,1,0.2418736070394516,3.573488473892212,0.11901108175516129,3.6257221698760986,0.2527104616165161,3.6864748001098633,0.16745057702064514,3.7162580490112305
1319,3,3,1,0.2264404296875,3.6036746501922607,0.10507513582706451,3.8024089336395264,0.20392218232154846,3.7918784618377686,0.13761559128761292,3.7860970497131348
1320,3,3,1,0.22259147465229034,3.599395751953125,0.10650510340929031,3.7718000411987305,0.20244738459587097,3.763880729675293,0.13514429330825806,3.7643415927886963
1321,3,3,1,0.23377959430217743,3.584062337875366,0.11215521395206451,3.7112839221954346,0.22130101919174194,3.7493245601654053,0.14793924987316132,3.7712514400482178
1322,3,3,1,0.2375836968421936,3.580677032470703,0.11436742544174194,3.6708199977874756,0.23624840378761292,3.7413108348846436,0.15551258623600006,3.7791874408721924
1323,3,0,0,0.23538891971111298,3.58151912689209,0.12102897465229034,3.6897616386413574,0.22555603086948395,3.7259111404418945,0.14331552386283875,3.76859974861145
1324,3,3,1,0.20811991393566132,3.623131275177002,0.10088986903429031,3.914119243621826,0.14778977632522583,3.833052396774292,0.09857302159070969,3.812373638153076
1325,3,3,1,0.219098761677742,3.607950210571289,0.11165197938680649,3.8335044384002686,0.18747010827064514,3.7974274158477783,0.12195073068141937,3.7849321365356445
1326,3,3,1,0.23568786680698395,3.5754964351654053,0.11333605647087097,3.681936025619507,0.23455436527729034,3.739952325820923,0.15551258623600006,3.8127644062042236
1327,3,3,1,0.22027213871479034,3.6247639656066895,0.12945431470870972,3.8542068004608154,0.18806800246238708,3.817305088043213,0.13097895681858063,3.827906370162964
1328,3,3,1,0.23723991215229034,3.5835766792297363,0.11378946155309677,3.685918092727661,0.2337571680545807,3.735229015350342,0.1564692258834839,3.7579925060272217
1329,3,3,1,0.21463946998119354,3.6191184520721436,0.10077527165412903,3.873825788497925,0.16926418244838715,3.85605788230896,0.10935506969690323,3.9353015422821045
1330,3,3,1,0.23971369862556458,3.62221097946167,0.19685706496238708,3.798987627029419,0.22821667790412903,3.794384717941284,0.14018653333187103,3.7891669273376465
1331,3,3,1,0.2358921617269516,3.5876500606536865,0.1129324734210968,3.7111973762512207,0.2225266993045807,3.7325243949890137,0.14859694242477417,3.737124443054199
1332,3,3,1,0.22873733937740326,3.5991482734680176,0.11107401549816132,3.754990339279175,0.20458984375,3.7777020931243896,0.13809390366077423,3.783374309539795
1333,3,3,1,0.22399653494358063,3.6137754917144775,0.10893155634403229,3.824132204055786,0.18306560814380646,3.754504442214966,0.12368462979793549,3.767805337905884
1334,3,3,1,0.21763890981674194,3.6053662300109863,0.10266860574483871,3.8185479640960693,0.191266730427742,3.818589210510254,0.13091915845870972,3.842137336730957
1335,3,3,1,0.23049116134643555,3.597475051879883,0.13384386897087097,3.774783134460449,0.2014409303665161,3.8010387420654297,0.12647481262683868,3.8449416160583496
1336,3,3,1,0.2157156765460968,3.612126111984253,0.10432278364896774,3.813831329345703,0.17918924987316132,3.811756134033203,0.1238839253783226,3.8045365810394287
1337,3,3,1,0.2251150906085968,3.5943472385406494,0.10793506354093552,3.770207166671753,0.21112683415412903,3.7975172996520996,0.13807398080825806,3.8194284439086914
1338,3,3,1,0.2437744140625,3.5797266960144043,0.12118343263864517,3.6367897987365723,0.24883410334587097,3.694125175476074,0.1609335094690323,3.7032816410064697
1339,3,3,1,0.22731484472751617,3.598820686340332,0.10767099261283875,3.7489125728607178,0.20894451439380646,3.7985024452209473,0.14168128371238708,3.8050358295440674
1340,3,3,1,0.21162506937980652,3.6281018257141113,0.0968889519572258,3.908567428588867,0.16582629084587097,3.7958054542541504,0.11866230517625809,3.752267360687256
1341,3,3,1,0.2336076945066452,3.591007947921753,0.11029675602912903,3.726656675338745,0.22130101919174194,3.763193368911743,0.14706233143806458,3.7698874473571777
1342,3,3,1,0.23637545108795166,3.582707166671753,0.11413324624300003,3.693587064743042,0.23100684583187103,3.730609893798828,0.15328045189380646,3.74047589302063
1343,3,3,1,0.21918097138404846,3.6130642890930176,0.10407864302396774,3.8018574714660645,0.18665297329425812,3.776733875274658,0.13345025479793549,3.8103344440460205
1344,3,3,1,0.2255784571170807,3.6024694442749023,0.11458166688680649,3.793320894241333,0.1981126368045807,3.804084300994873,0.12818877398967743,3.886504888534546
1345,3,3,1,0.2168317437171936,3.622521162033081,0.11755121499300003,3.8798372745513916,0.18384286761283875,3.8525123596191406,0.1267538219690323,3.8649370670318604
1346,3,3,1,0.2217419594526291,3.6120054721832275,0.10224011540412903,3.859649181365967,0.18746013939380646,3.841749906539917,0.11959900707006454,3.861856460571289
1347,3,3,1,0.21989098191261292,3.615480422973633,0.10366011410951614,3.8645036220550537,0.18196946382522583,3.832484483718872,0.12517936527729034,3.8253462314605713
1348,3,3,1,0.2209123820066452,3.629696846008301,0.1333456188440323,3.8756117820739746,0.18301577866077423,3.8394315242767334,0.10943479090929031,3.8350026607513428
1349,3,3,1,0.2337571680545807,3.5881149768829346,0.1111886128783226,3.727325677871704,0.22442004084587097,3.769059896469116,0.15015146136283875,3.7503318786621094
1350,3,3,1,0.23474369943141937,3.5888588428497314,0.11190608888864517,3.702448844909668,0.22261638939380646,3.7273051738739014,0.1498325914144516,3.7166800498962402
1351,3,3,1,0.22029954195022583,3.6144633293151855,0.10196109116077423,3.8567240238189697,0.17380818724632263,3.821293354034424,0.1199776753783226,3.866943597793579
1352,3,3,1,0.22018493711948395,3.614579677581787,0.10104930400848389,3.855381965637207,0.18452048301696777,3.8224334716796875,0.12579719722270966,3.8513941764831543
1353,3,3,1,0.23341836035251617,3.590217351913452,0.11121352761983871,3.7207114696502686,0.22222775220870972,3.7621631622314453,0.15148676931858063,3.7638468742370605
1354,3,3,1,0.24266332387924194,3.6217520236968994,0.19732043147087097,3.7820873260498047,0.23523198068141937,3.7846734523773193,0.13466596603393555,3.8142666816711426
1355,3,3,1,0.211408331990242,3.6204617023468018,0.10092972218990326,3.898059844970703,0.15510402619838715,3.844330310821533,0.10349569469690323,3.8702099323272705
1356,3,3,1,0.2156982421875,3.6082372665405273,0.10527443140745163,3.855790615081787,0.17583106458187103,3.839047908782959,0.1198381707072258,3.800931215286255
1357,3,3,1,0.22407375276088715,3.6162099838256836,0.13040098547935486,3.8336007595062256,0.18083345890045166,3.82702374458313,0.11894132196903229,3.8237266540527344
1358,3,3,1,0.22669702768325806,3.6198928356170654,0.16044025123119354,3.8108134269714355,0.1990891993045807,3.813354015350342,0.12161192297935486,3.8161258697509766
1359,3,3,1,0.23841826617717743,3.5829179286956787,0.11513472348451614,3.6840054988861084,0.23778299987316132,3.7462074756622314,0.15688775479793549,3.7827744483947754
1360,3,3,1,0.22634576261043549,3.5994365215301514,0.106689453125,3.789566993713379,0.19835180044174194,3.783823251724243,0.12986287474632263,3.791743516921997
1361,3,3,1,0.2194575071334839,3.603834629058838,0.1038295179605484,3.8218724727630615,0.19430604577064514,3.823683261871338,0.1296635866165161,3.8152475357055664
1362,3,3,1,0.24186363816261292,3.584728956222534,0.11892637610435486,3.6129708290100098,0.24471858143806458,3.6529033184051514,0.15770487487316132,3.741943597793579
1363,3,3,1,0.22026465833187103,3.6143572330474854,0.10241449624300003,3.8685479164123535,0.17315050959587097,3.7702577114105225,0.11814413219690323,3.8491902351379395
1364,3,3,1,0.22131596505641937,3.6026699542999268,0.10495555400848389,3.8123903274536133,0.19863080978393555,3.8286259174346924,0.13277263939380646,3.8378865718841553
1365,3,3,1,0.22009028494358063,3.6076676845550537,0.10467653721570969,3.8320720195770264,0.18314532935619354,3.8089122772216797,0.11834342777729034,3.853149175643921
1366,3,3,1,0.23753885924816132,3.58099627494812,0.11494040489196777,3.6683428287506104,0.23873962461948395,3.7354118824005127,0.1589006632566452,3.7682178020477295
1367,3,3,1,0.22020487487316132,3.606412410736084,0.10413344949483871,3.823397159576416,0.1923828125,3.8177249431610107,0.12810905277729034,3.848475456237793
1368,3,3,1,0.22036431729793549,3.614520311355591,0.12791971862316132,3.8331384658813477,0.17909955978393555,3.849440813064575,0.1181640625,3.861528158187866
1369,3,3,1,0.22182916104793549,3.6031625270843506,0.10553351789712906,3.808885335922241,0.19603992998600006,3.8053677082061768,0.12920519709587097,3.804565906524658
1370,3,3,1,0.21388711035251617,3.619595527648926,0.10275330394506454,3.8858556747436523,0.1620495766401291,3.820071220397949,0.11908083409070969,3.8241004943847656
1371,3,3,1,0.2243303507566452,3.6069650650024414,0.10397400707006454,3.841623544692993,0.19116708636283875,3.801292657852173,0.1265345960855484,3.828791856765747
1372,3,3,1,0.21737483143806458,3.6174476146698,0.10223513096570969,3.8664164543151855,0.17761479318141937,3.7986984252929688,0.1145368292927742,3.801809549331665
1373,3,3,1,0.2163534313440323,3.6110126972198486,0.10282804071903229,3.846642017364502,0.1759905070066452,3.8162617683410645,0.11652981489896774,3.8308534622192383
1374,3,3,1,0.2237199991941452,3.608487367630005,0.10615632683038712,3.8050782680511475,0.1976841539144516,3.8164634704589844,0.1271524280309677,3.8410658836364746
1375,3,3,1,0.21389707922935486,3.6204636096954346,0.10647520422935486,3.8858213424682617,0.16653379797935486,3.844841957092285,0.11228475719690323,3.8111464977264404
1376,3,3,1,0.22480368614196777,3.599093437194824,0.10429288446903229,3.789078950881958,0.20531727373600006,3.7872743606567383,0.14225924015045166,3.7572150230407715
1377,3,3,1,0.22627601027488708,3.6019773483276367,0.10560327768325806,3.815286636352539,0.1980329155921936,3.7769837379455566,0.1365194469690323,3.769634962081909
1378,3,3,1,0.20959970355033875,3.6371188163757324,0.11084980517625809,3.9372079372406006,0.16310586035251617,3.8661413192749023,0.11491549760103226,3.914151906967163
1379,3,3,1,0.2333461195230484,3.5883076190948486,0.112548828125,3.706538677215576,0.2221081703901291,3.7499663829803467,0.14477039873600006,3.7903358936309814
1380,3,3,1,0.21545161306858063,3.6201956272125244,0.10011260211467743,3.8885183334350586,0.16466039419174194,3.831820487976074,0.10750158876180649,3.8359289169311523
1381,3,2,0,0.22086255252361298,3.615570306777954,0.11028678715229034,3.856832981109619,0.1640625,3.8079445362091064,0.10933513939380646,3.8381333351135254
1382,3,3,1,0.232770636677742,3.58774995803833,0.11024194955825806,3.722724437713623,0.21438536047935486,3.732081413269043,0.14321587979793549,3.757723331451416
1383,3,3,1,0.21698620915412903,3.623076915740967,0.10187140852212906,3.895627498626709,0.15474529564380646,3.767338514328003,0.10754144936800003,3.80967378616333
1384,3,3,1,0.22848822176456451,3.58872389793396,0.109375,3.721574306488037,0.2038225382566452,3.7590692043304443,0.13751594722270966,3.803913116455078
1385,3,3,1,0.21336893737316132,3.62552547454834,0.10272839665412903,3.88805890083313,0.17764468491077423,3.857912063598633,0.12418287247419357,3.898411273956299
1386,3,3,1,0.22513501346111298,3.606322765350342,0.10643036663532257,3.7852160930633545,0.199567511677742,3.7863383293151855,0.13600127398967743,3.769050359725952
1387,3,3,1,0.21743960678577423,3.6235992908477783,0.10007772594690323,3.888977289199829,0.17429646849632263,3.8362014293670654,0.1131417378783226,3.8289589881896973
1388,3,3,1,0.24178391695022583,3.5782864093780518,0.11930005997419357,3.6364433765411377,0.24615353345870972,3.712088108062744,0.16153140366077423,3.7407772541046143
1389,3,1,0,0.2513253390789032,3.5967843532562256,0.19904933869838715,3.732515573501587,0.24041374027729034,3.771739959716797,0.15539301931858063,3.792356014251709
1390,3,3,1,0.22634576261043549,3.600614070892334,0.10545878112316132,3.8007652759552,0.20271643996238708,3.7993412017822266,0.13735650479793549,3.758415460586548
1391,3,3,1,0.2359021157026291,3.5860939025878906,0.11321647465229034,3.690093755722046,0.22947224974632263,3.7229459285736084,0.1549944132566452,3.7290728092193604
1392,3,3,1,0.22088995575904846,3.603606700897217,0.10414839535951614,3.8219873905181885,0.19402702152729034,3.824302911758423,0.13149712979793549,3.8393452167510986
1393,3,3,1,0.22333884239196777,3.603959798812866,0.10503029078245163,3.809582471847534,0.19603992998600006,3.8271234035491943,0.13189572095870972,3.8369598388671875
1394,3,3,1,0.22271354496479034,3.6106443405151367,0.10346081852912903,3.8338069915771484,0.1840222328901291,3.7781989574432373,0.12135283648967743,3.78420090675354
1395,3,3,1,0.2115578055381775,3.6242153644561768,0.10074038803577423,3.8644344806671143,0.16290657222270966,3.7986297607421875,0.11122847348451614,3.7923312187194824
1396,3,3,1,0.21544413268566132,3.6131982803344727,0.10071548074483871,3.8719699382781982,0.18147121369838715,3.8466861248016357,0.11939971148967743,3.8881654739379883
1397,3,3,1,0.2222128063440323,3.6065382957458496,0.10251414775848389,3.84417986869812,0.19527263939380646,3.8557357788085938,0.12888631224632263,3.871192216873169
1398,3,3,1,0.22390933334827423,3.6023876667022705,0.10603674501180649,3.8013813495635986,0.19830197095870972,3.79417085647583,0.12769052386283875,3.845013380050659
1399,3,3,1,0.2269386649131775,3.6020748615264893,0.14313118159770966,3.779893398284912,0.19937817752361298,3.799380302429199,0.1393694132566452,3.804804801940918
1400,3,3,1,0.23369239270687103,3.583374261856079,0.11182636767625809,3.7096774578094482,0.23004025220870972,3.7569849491119385,0.15672831237316132,3.756739616394043
1401,3,3,1,0.21906140446662903,3.614069700241089,0.1005859375,3.845205068588257,0.18364356458187103,3.801182985305786,0.12240912020206451,3.852165460586548
1402,3,3,1,0.21298030018806458,3.6196837425231934,0.10723752528429031,3.8638665676116943,0.1640027016401291,3.8226394653320312,0.11804448068141937,3.817322254180908
1403,3,3,1,0.22412358224391937,3.6027233600616455,0.10683394223451614,3.8012778759002686,0.19861088693141937,3.78244948387146,0.12623564898967743,3.777076005935669
1404,3,3,1,0.21754424273967743,3.6205968856811523,0.10020726919174194,3.8701770305633545,0.17483457922935486,3.7798802852630615,0.11503507196903229,3.7742550373077393
1405,3,3,1,0.23851542174816132,3.5791501998901367,0.11901605874300003,3.651902675628662,0.23665696382522583,3.686976194381714,0.1544363796710968,3.73544979095459
1406,3,3,1,0.2361363023519516,3.570974826812744,0.11672911047935486,3.6849496364593506,0.23846061527729034,3.736732244491577,0.15780451893806458,3.769512414932251
1407,3,3,1,0.21499571204185486,3.6409542560577393,0.15166114270687103,3.8919477462768555,0.1849888414144516,3.8901636600494385,0.11043127626180649,3.9382781982421875
1408,3,3,1,0.2187674343585968,3.6178557872772217,0.10174186527729034,3.86993145942688,0.17757493257522583,3.773120164871216,0.11547353118658066,3.810321092605591
1409,3,3,1,0.21937529742717743,3.6020281314849854,0.10528440028429031,3.8147270679473877,0.19033999741077423,3.8121564388275146,0.12635523080825806,3.810725450515747
1410,3,3,1,0.2163260281085968,3.613335609436035,0.10189632326364517,3.8631362915039062,0.17570152878761292,3.8347890377044678,0.11059071868658066,3.8670029640197754
1411,3,3,1,0.2375239133834839,3.5829312801361084,0.11564293503761292,3.65734601020813,0.24054327607154846,3.7328803539276123,0.15906010568141937,3.7554190158843994
1412,3,3,1,0.21726521849632263,3.6305553913116455,0.13525888323783875,3.9062511920928955,0.1779536008834839,3.877645969390869,0.11210538446903229,3.9072000980377197
1413,3,0,0,0.2228480726480484,3.598470687866211,0.11364496499300003,3.788679838180542,0.1962890625,3.794598340988159,0.13446667790412903,3.7987253665924072
1414,3,3,1,0.215558722615242,3.6139702796936035,0.102713443338871,3.855299472808838,0.16309590637683868,3.7888433933258057,0.11094945669174194,3.834740400314331
1415,3,3,1,0.24144262075424194,3.5762765407562256,0.12174146622419357,3.631047010421753,0.2472895383834839,3.6768617630004883,0.16011638939380646,3.702638864517212
1416,3,3,1,0.22328652441501617,3.597306728363037,0.10627590864896774,3.780965805053711,0.20763911306858063,3.810049533843994,0.13675861060619354,3.839259624481201
1417,3,3,1,0.23534657061100006,3.5883138179779053,0.11219009011983871,3.7056002616882324,0.2278977930545807,3.7411019802093506,0.15351960062980652,3.750746488571167
1418,3,3,1,0.2229527086019516,3.612715721130371,0.10255899280309677,3.8648951053619385,0.18531768023967743,3.826584815979004,0.12256855517625809,3.8492681980133057
1419,3,3,1,0.21132363379001617,3.616077423095703,0.1128975972533226,3.8737807273864746,0.15615034103393555,3.8682196140289307,0.09962930530309677,3.900980234146118
1420,3,3,1,0.20911142230033875,3.6321613788604736,0.10037168860435486,3.922015428543091,0.1572963148355484,3.8231866359710693,0.11373963207006454,3.772735118865967
1421,3,3,1,0.22685645520687103,3.597834348678589,0.10957928001880646,3.7769291400909424,0.20495854318141937,3.775865316390991,0.1358816921710968,3.80727481842041
1422,3,3,1,0.22222526371479034,3.6090378761291504,0.10615632683038712,3.8215057849884033,0.18614476919174194,3.7225375175476074,0.11591199040412903,3.6958391666412354
1423,3,3,1,0.22254164516925812,3.6068623065948486,0.10315688699483871,3.827955961227417,0.19059908390045166,3.8261618614196777,0.12886638939380646,3.8374574184417725
1424,3,3,1,0.21960698068141937,3.620394229888916,0.10171695053577423,3.8969385623931885,0.17185506224632263,3.800069570541382,0.11722736060619354,3.813328742980957
1425,3,3,1,0.23766590654850006,3.583505392074585,0.11461655050516129,3.690488576889038,0.23118622601032257,3.7241809368133545,0.15658880770206451,3.7323405742645264
1426,3,3,1,0.22098712623119354,3.6029582023620605,0.10481106489896774,3.822399616241455,0.18851642310619354,3.8082778453826904,0.11880181729793549,3.891796588897705
1427,3,3,1,0.21781079471111298,3.620008945465088,0.09994319826364517,3.9206840991973877,0.1678989976644516,3.8211169242858887,0.10718271136283875,3.8151729106903076
1428,3,3,1,0.21924325823783875,3.6133217811584473,0.10296755284070969,3.8391077518463135,0.17179527878761292,3.777320146560669,0.11346061527729034,3.7813103199005127
1429,3,3,1,0.211164191365242,3.6338143348693848,0.10193119943141937,3.9480397701263428,0.14401307702064514,3.854552984237671,0.09257413446903229,3.7969861030578613
1430,3,3,1,0.2217768430709839,3.601788282394409,0.10627590864896774,3.8160338401794434,0.19152583181858063,3.80655574798584,0.12117346376180649,3.8425986766815186
1431,3,3,1,0.23696088790893555,3.5660862922668457,0.119070865213871,3.652439594268799,0.249372199177742,3.702937126159668,0.16418208181858063,3.6829328536987305
1432,3,2,0,0.21915356814861298,3.6244287490844727,0.10190130770206451,3.936729907989502,0.16327527165412903,3.8175771236419678,0.10349569469690323,3.7939534187316895
1433,3,3,1,0.21346111595630646,3.6262357234954834,0.10421814769506454,3.912320137023926,0.1557019203901291,3.837376117706299,0.10257892310619354,3.872547149658203
1434,3,3,1,0.23012495040893555,3.607335329055786,0.1310437172651291,3.788335084915161,0.20649313926696777,3.7941317558288574,0.14423230290412903,3.768826961517334
