index,label,prediction,correct,rate_layer1,com_layer1,rate_layer2,com_layer2,rate_layer3,com_layer3,rate_layer4,com_layer4
0,0,0,1,0.1257946938276291,3.6054461002349854,0.09229511767625809,3.884474277496338,0.15291175246238708,3.899380922317505,0.12358497828245163,4.00838565826416
1,0,0,1,0.1265345960855484,3.6244094371795654,0.09948480874300003,3.915360450744629,0.14317601919174194,3.935690402984619,0.11517458409070969,4.005191326141357
2,0,0,1,0.13172133266925812,3.605250120162964,0.1070730984210968,3.851977586746216,0.15632972121238708,3.878760814666748,0.12661431729793549,3.9294822216033936
3,0,0,1,0.12750618159770966,3.5912821292877197,0.09387455880641937,3.8306353092193604,0.16282685101032257,3.8510403633117676,0.13171635568141937,3.955515146255493
4,0,0,1,0.12857741117477417,3.585193395614624,0.0962960347533226,3.803694248199463,0.16758011281490326,3.826247215270996,0.13508449494838715,3.9462969303131104
5,0,0,1,0.12791723012924194,3.5962958335876465,0.0973772332072258,3.8462443351745605,0.16126234829425812,3.880429983139038,0.1291055530309677,3.983328104019165
6,0,0,1,0.13016930222511292,3.6188015937805176,0.10695352405309677,3.8862388134002686,0.1471918821334839,3.874890089035034,0.1216517835855484,3.9262778759002686
7,0,0,1,0.12782256305217743,3.6147849559783936,0.09839863330125809,3.898425340652466,0.15237364172935486,3.920606851577759,0.12503986060619354,4.016576290130615
8,0,0,1,0.12349778413772583,3.6393802165985107,0.0934709832072258,3.9656715393066406,0.13586176931858063,3.9301745891571045,0.1070033460855484,3.985285997390747
9,0,0,1,0.12989775836467743,3.591768741607666,0.10185646265745163,3.8422443866729736,0.15975764393806458,3.8586575984954834,0.13283242285251617,3.933983564376831
10,0,0,1,0.12875428795814514,3.5917420387268066,0.09913105517625809,3.8283071517944336,0.159040167927742,3.864097833633423,0.12749122083187103,3.969829559326172
11,0,0,1,0.12781508266925812,3.588235378265381,0.09606683999300003,3.8299362659454346,0.16089364886283875,3.8370494842529297,0.1276506632566452,3.978454351425171
12,0,0,1,0.12301697582006454,3.651761770248413,0.09446747601032257,4.009335517883301,0.12947425246238708,3.963287830352783,0.10578762739896774,3.99943470954895
13,0,0,1,0.1278325319290161,3.593143939971924,0.09667470306158066,3.8417255878448486,0.15625,3.870025396347046,0.12338568270206451,3.9780325889587402
14,0,0,1,0.13304667174816132,3.602797508239746,0.10999282449483871,3.839916706085205,0.16084381937980652,3.8602936267852783,0.1341477930545807,3.9344823360443115
15,0,0,1,0.12778021395206451,3.5913398265838623,0.096923828125,3.8478384017944336,0.15913982689380646,3.8856606483459473,0.12743143737316132,3.9984359741210938
16,0,0,1,0.12380420416593552,3.626791000366211,0.09246452152729034,3.947084903717041,0.13843271136283875,3.937877893447876,0.10829878598451614,3.9874861240386963
17,0,0,1,0.12772789597511292,3.5903141498565674,0.09525968134403229,3.833621025085449,0.15998683869838715,3.8778574466705322,0.12860730290412903,3.998915195465088
18,0,0,1,0.12849768996238708,3.5892205238342285,0.09975884854793549,3.8182997703552246,0.16242824494838715,3.857546091079712,0.12954400479793549,3.9692306518554688
19,0,0,1,0.12982800602912903,3.6403653621673584,0.10767099261283875,3.9300787448883057,0.1380440890789032,3.9062297344207764,0.11738679558038712,3.9494056701660156
20,0,0,1,0.13270288705825806,3.6460540294647217,0.11748146265745163,3.9414732456207275,0.13621053099632263,3.8884336948394775,0.11256377398967743,3.8696882724761963
21,0,0,1,0.12943688035011292,3.6035568714141846,0.10417331010103226,3.864932060241699,0.15831273794174194,3.8791465759277344,0.1314174085855484,3.9696693420410156
22,0,0,1,0.12633778154850006,3.597834825515747,0.09513512253761292,3.849219560623169,0.15703722834587097,3.884256601333618,0.1261160671710968,4.013432502746582
23,0,0,1,0.12694315612316132,3.5957493782043457,0.09473652392625809,3.8593668937683105,0.15920957922935486,3.878012180328369,0.12810905277729034,3.989110231399536
24,0,0,1,0.12750118970870972,3.6131300926208496,0.10104930400848389,3.903407096862793,0.14729152619838715,3.923888683319092,0.11999760568141937,4.005813121795654
25,0,0,1,0.13336804509162903,3.6342952251434326,0.11605647951364517,3.9101877212524414,0.14949378371238708,3.8920810222625732,0.12161192297935486,3.9078991413116455
26,0,0,1,0.12936213612556458,3.636932611465454,0.10863260924816132,3.940054178237915,0.14269770681858063,3.9384777545928955,0.12069515138864517,3.9499669075012207
27,0,0,1,0.12895357608795166,3.5897648334503174,0.09711813926696777,3.8224399089813232,0.16504903137683868,3.8634305000305176,0.13191565871238708,3.9770357608795166
28,0,0,1,0.1335374414920807,3.5997984409332275,0.11112384498119354,3.8322198390960693,0.16289660334587097,3.8683550357818604,0.13424745202064514,3.9366092681884766
29,0,0,1,0.13178859651088715,3.652029275894165,0.11639030277729034,3.9472174644470215,0.1428571343421936,3.9298269748687744,0.12344546616077423,3.9433321952819824
30,0,0,1,0.12932227551937103,3.5962512493133545,0.10024712979793549,3.841153144836426,0.15991708636283875,3.8579885959625244,0.13227438926696777,3.9560041427612305
31,0,0,1,0.12696309387683868,3.591947317123413,0.09515006840229034,3.8489816188812256,0.15940888226032257,3.8898544311523438,0.1259167641401291,3.997467517852783
32,0,0,1,0.12875428795814514,3.6430740356445312,0.10695850104093552,3.9485256671905518,0.13572224974632263,3.9031572341918945,0.11672911047935486,3.9539012908935547
33,0,0,1,0.1341727077960968,3.6050355434417725,0.11176159977912903,3.8378584384918213,0.16023597121238708,3.84210205078125,0.12896603345870972,3.898160934448242
34,0,0,1,0.12877172231674194,3.5890114307403564,0.09975884854793549,3.826141357421875,0.16488958895206451,3.8629963397979736,0.12994259595870972,3.9561350345611572
35,0,0,1,0.1338513344526291,3.640343189239502,0.11718251556158066,3.920064687728882,0.14248843491077423,3.9020910263061523,0.118582583963871,3.879495859146118
36,0,0,1,0.1272495836019516,3.6322362422943115,0.10307218134403229,3.9260404109954834,0.14268773794174194,3.9148683547973633,0.11922033876180649,4.006854057312012
37,0,0,1,0.1301618218421936,3.5944724082946777,0.10378965735435486,3.836061716079712,0.16192004084587097,3.8768539428710938,0.1310786008834839,3.9755208492279053
38,0,0,1,0.12728694081306458,3.6113243103027344,0.09801498800516129,3.879676580429077,0.15560227632522583,3.9079091548919678,0.1273118555545807,3.9874765872955322
39,0,0,1,0.13443678617477417,3.6292898654937744,0.11839823424816132,3.905272960662842,0.14682318270206451,3.9091897010803223,0.11967872828245163,3.924896001815796
40,0,0,1,0.1277552992105484,3.6079912185668945,0.09974390268325806,3.8817622661590576,0.15340998768806458,3.8996427059173584,0.12651465833187103,3.980466365814209
41,0,0,1,0.12915536761283875,3.599529266357422,0.10145288705825806,3.858510971069336,0.15634964406490326,3.9034416675567627,0.12727199494838715,3.993109941482544
42,0,0,1,0.12324617058038712,3.6631226539611816,0.0955984890460968,4.045134544372559,0.12113361060619354,3.9320499897003174,0.09540417790412903,3.9626071453094482
43,0,0,1,0.13252101838588715,3.594717502593994,0.10809450596570969,3.8221709728240967,0.16523835062980652,3.8246893882751465,0.13598133623600006,3.929356575012207
44,0,0,1,0.12783999741077423,3.5968704223632812,0.09902144223451614,3.8663580417633057,0.15552255511283875,3.886653423309326,0.12729193270206451,3.97729754447937
45,0,0,1,0.13029137253761292,3.5933077335357666,0.10252411663532257,3.8236379623413086,0.16072425246238708,3.8513236045837402,0.13093909621238708,3.9225265979766846
46,0,0,1,0.13196298480033875,3.6324591636657715,0.1113630011677742,3.8977675437927246,0.14465083181858063,3.861118793487549,0.11937978118658066,3.8737895488739014
47,0,0,1,0.13208754360675812,3.632258892059326,0.11584721505641937,3.927013874053955,0.14645448327064514,3.881880760192871,0.12693318724632263,3.933584451675415
48,0,0,1,0.12749870121479034,3.584751605987549,0.09468171745538712,3.8170289993286133,0.1623784303665161,3.8416078090667725,0.13137754797935486,3.9742112159729004
49,0,0,1,0.12324368208646774,3.6372623443603516,0.09265884011983871,3.969618797302246,0.13289222121238708,3.912867307662964,0.10650510340929031,3.9970059394836426
50,0,0,1,0.1315569132566452,3.595515727996826,0.10568797588348389,3.8362247943878174,0.16186024248600006,3.854337215423584,0.13408800959587097,3.9341557025909424
51,0,0,1,0.1263078898191452,3.609238386154175,0.09553372114896774,3.8767080307006836,0.15473532676696777,3.882405996322632,0.12697304785251617,3.965625524520874
52,0,0,1,0.12368711829185486,3.628129482269287,0.09293287247419357,3.952820062637329,0.1408940553665161,3.9497134685516357,0.11228475719690323,4.0129570960998535
53,0,0,1,0.12840551137924194,3.6006829738616943,0.10210060328245163,3.8706324100494385,0.15578164160251617,3.892407178878784,0.12603634595870972,4.028937339782715
54,0,0,1,0.12524662911891937,3.6306514739990234,0.09627610445022583,3.946333408355713,0.13608099520206451,3.9133713245391846,0.10652502626180649,4.0003743171691895
55,0,0,1,0.12842294573783875,3.6334433555603027,0.10647021979093552,3.938977003097534,0.14152184128761292,3.905224561691284,0.11951929330825806,3.9461398124694824
56,0,0,1,0.12664172053337097,3.5893380641937256,0.09387954324483871,3.8129711151123047,0.16528818011283875,3.8606138229370117,0.1302415430545807,4.0036725997924805
57,0,0,1,0.1286097913980484,3.5912251472473145,0.09819435328245163,3.8259589672088623,0.16654376685619354,3.8290553092956543,0.1369379758834839,3.9256293773651123
58,0,0,1,0.12685845792293549,3.606456995010376,0.09618642181158066,3.871432304382324,0.15551258623600006,3.894015073776245,0.1240234375,3.9807167053222656
59,0,0,1,0.12975575029850006,3.603724718093872,0.10504523664712906,3.8642983436584473,0.15481504797935486,3.8952112197875977,0.12914539873600006,3.9706790447235107
60,0,0,1,0.12936213612556458,3.6384732723236084,0.10746671259403229,3.925865888595581,0.14110331237316132,3.9026129245758057,0.11832349747419357,3.9563753604888916
61,0,0,1,0.12858985364437103,3.5829086303710938,0.09472157806158066,3.805217981338501,0.1678989976644516,3.8509111404418945,0.13424745202064514,3.9881234169006348
62,0,0,1,0.12389139831066132,3.6454524993896484,0.0965750515460968,3.991177797317505,0.13100884854793549,3.930858850479126,0.10495056957006454,3.980440616607666
63,0,0,1,0.1298753321170807,3.611436128616333,0.1040736585855484,3.8718881607055664,0.1521444469690323,3.8701860904693604,0.12537866830825806,3.934509515762329
64,0,0,1,0.1306401491165161,3.592486619949341,0.1055385023355484,3.8197999000549316,0.16589604318141937,3.848930835723877,0.1369379758834839,3.94411301612854
65,0,0,1,0.1318110227584839,3.5863730907440186,0.10608657449483871,3.798187017440796,0.1690150648355484,3.8278403282165527,0.13251355290412903,3.9368326663970947
66,0,0,1,0.13410544395446777,3.60162353515625,0.11192601919174194,3.835425615310669,0.1632254421710968,3.882966995239258,0.13422751426696777,3.9193763732910156
67,0,0,1,0.13145478069782257,3.642920732498169,0.11087970435619354,3.932596445083618,0.13862204551696777,3.891956090927124,0.11405850946903229,3.886423110961914
68,0,0,1,0.12645487487316132,3.608412027359009,0.09559351205825806,3.8835608959198,0.15444634854793549,3.910768508911133,0.12418287247419357,4.013962268829346
69,0,3,0,0.1259068101644516,3.6068460941314697,0.09220543503761292,3.904085159301758,0.14798907935619354,3.8897716999053955,0.11820392310619354,3.987691879272461
70,0,0,1,0.12623316049575806,3.6308934688568115,0.09908123314380646,3.9340741634368896,0.14186064898967743,3.925049066543579,0.11256377398967743,3.9624645709991455
71,0,0,1,0.1279122531414032,3.6396727561950684,0.10576271265745163,3.92806339263916,0.13921993970870972,3.8917043209075928,0.11573261767625809,3.910797357559204
72,0,0,1,0.12823860347270966,3.6131207942962646,0.10141302645206451,3.889800548553467,0.14852717518806458,3.8754780292510986,0.121512271463871,3.950467348098755
73,0,0,1,0.1335374414920807,3.594780206680298,0.10980847477912903,3.8320250511169434,0.1649693101644516,3.853156089782715,0.1371372789144516,3.9126579761505127
74,0,0,1,0.12396364659070969,3.65446138381958,0.09784059971570969,3.994703769683838,0.13108856976032257,3.9622957706451416,0.10871731489896774,4.039229869842529
75,0,0,1,0.12873683869838715,3.609644651412964,0.1012137234210968,3.865314483642578,0.15725645422935486,3.884734869003296,0.13087929785251617,3.986447334289551
76,0,0,1,0.12828592956066132,3.587862968444824,0.09630600363016129,3.8173727989196777,0.16331513226032257,3.8583805561065674,0.12920519709587097,3.974703073501587
77,0,0,1,0.13119319081306458,3.6577796936035156,0.1167340949177742,3.9696528911590576,0.1336495578289032,3.9129137992858887,0.11623086780309677,3.931069850921631
78,0,0,1,0.13079459965229034,3.592853546142578,0.10575772821903229,3.8397247791290283,0.16327527165412903,3.845285415649414,0.13675861060619354,3.9419994354248047
79,0,0,1,0.12268564105033875,3.6461308002471924,0.09401904791593552,4.012612819671631,0.12615592777729034,3.946129560470581,0.10166214406490326,4.014114856719971
80,0,0,1,0.12395866215229034,3.6383697986602783,0.09698859602212906,3.9778075218200684,0.1310786008834839,3.908012866973877,0.10648517310619354,3.982032537460327
81,0,0,1,0.1258719265460968,3.5966036319732666,0.09208585321903229,3.8433611392974854,0.15836256742477417,3.8866095542907715,0.1263352930545807,4.013882160186768
82,0,0,1,0.12693318724632263,3.606590509414673,0.09889189898967743,3.887948513031006,0.1501913219690323,3.9084393978118896,0.12324617058038712,3.9920763969421387
83,0,1,0,0.12693817913532257,3.5387210845947266,0.09529954195022583,3.659695625305176,0.1980329155921936,3.7620389461517334,0.15609055757522583,3.8801071643829346
84,0,0,1,0.12737911939620972,3.5908353328704834,0.09418347477912903,3.831772804260254,0.1591198891401291,3.865105152130127,0.1259765625,4.001740455627441
85,0,0,1,0.12639258801937103,3.630925416946411,0.09908123314380646,3.9213013648986816,0.14423230290412903,3.91937255859375,0.11752630770206451,3.9765982627868652
86,0,0,1,0.12992267310619354,3.6097559928894043,0.104178287088871,3.8833515644073486,0.1545061320066452,3.8817801475524902,0.12952406704425812,3.9378366470336914
87,0,0,1,0.1265694797039032,3.6451797485351562,0.10215042531490326,3.970149278640747,0.13220463693141937,3.926961660385132,0.10855787247419357,3.9798054695129395
88,0,0,1,0.12451420724391937,3.6572296619415283,0.0982142835855484,3.999492645263672,0.13290217518806458,3.9616105556488037,0.10897640138864517,4.012984752655029
89,0,0,1,0.13448162376880646,3.6028120517730713,0.11311682313680649,3.85151743888855,0.15877112746238708,3.8703320026397705,0.13004225492477417,3.9561686515808105
90,0,0,1,0.1275634765625,3.6079678535461426,0.099365234375,3.8567919731140137,0.15546277165412903,3.871162176132202,0.12629543244838715,3.9513964653015137
91,0,0,1,0.1278076171875,3.6511316299438477,0.10614636540412903,3.9738078117370605,0.12784996628761292,3.915198802947998,0.10778061300516129,3.9371302127838135
92,0,0,1,0.12288244813680649,3.6464743614196777,0.09159259498119354,3.999945640563965,0.1263253390789032,3.918513774871826,0.10168207436800003,3.967071771621704
93,0,0,1,0.13140495121479034,3.617741346359253,0.10922552645206451,3.88431715965271,0.15386837720870972,3.905705690383911,0.12783002853393555,3.9476146697998047
94,0,0,1,0.12879414856433868,3.6417338848114014,0.10639548301696777,3.9514377117156982,0.13834303617477417,3.9014623165130615,0.11664938926696777,3.9103024005889893
95,0,0,1,0.12813645601272583,3.5926120281219482,0.0978655144572258,3.845586061477661,0.15955835580825806,3.8707845211029053,0.13181599974632263,3.9894163608551025
96,0,0,1,0.12446188926696777,3.6463170051574707,0.09446747601032257,3.984862804412842,0.1298130601644516,3.930145025253296,0.10094467550516129,4.001776695251465
97,0,0,1,0.1288290172815323,3.6040453910827637,0.10060088336467743,3.85463809967041,0.15649911761283875,3.877873182296753,0.12972337007522583,3.9626669883728027
98,0,0,1,0.12584203481674194,3.6421189308166504,0.098563052713871,3.957031726837158,0.1359514445066452,3.921718120574951,0.10915576666593552,3.97133469581604
99,0,0,1,0.1280866265296936,3.609666347503662,0.10143793374300003,3.8717520236968994,0.1571568101644516,3.898674726486206,0.1279296875,4.0109052658081055
100,0,0,1,0.12670649588108063,3.593047618865967,0.09184669703245163,3.8389389514923096,0.1589006632566452,3.86291241645813,0.12864716351032257,3.9855926036834717
101,0,0,1,0.12592673301696777,3.595869302749634,0.09288803488016129,3.8521697521209717,0.15588130056858063,3.881032943725586,0.12468112260103226,3.9907288551330566
102,0,0,1,0.12807168066501617,3.59378719329834,0.09681421518325806,3.846328020095825,0.160505011677742,3.8711740970611572,0.1291852593421936,4.00231409072876
103,0,0,1,0.1277303844690323,3.60235595703125,0.09886200726032257,3.865840196609497,0.15685786306858063,3.9198906421661377,0.12739157676696777,4.0093865394592285
104,0,0,1,0.12749621272087097,3.635038375854492,0.10179169476032257,3.9219775199890137,0.14354471862316132,3.931551456451416,0.11768574267625809,3.9727349281311035
105,0,0,1,0.12845782935619354,3.5830812454223633,0.09712810814380646,3.8042473793029785,0.1667928844690323,3.851475715637207,0.13117824494838715,3.9775145053863525
106,0,0,1,0.12530143558979034,3.6407339572906494,0.09844347834587097,3.956523895263672,0.13145726919174194,3.914796829223633,0.10634566098451614,3.9679534435272217
107,0,0,1,0.12891621887683868,3.597820281982422,0.09945491701364517,3.8475027084350586,0.16185028851032257,3.8682427406311035,0.13321109116077423,3.978156805038452
108,0,0,1,0.1321772336959839,3.644005537033081,0.11510483175516129,3.9308717250823975,0.14275749027729034,3.9060449600219727,0.1196986585855484,3.931901454925537
109,0,0,1,0.1307896226644516,3.6454286575317383,0.11162208765745163,3.9438021183013916,0.13897082209587097,3.897318124771118,0.11497528105974197,3.9050095081329346
110,0,0,1,0.12557049095630646,3.640353202819824,0.10047632455825806,3.978825807571411,0.13962849974632263,3.9396231174468994,0.11547353118658066,3.996030330657959
111,0,0,1,0.1276157945394516,3.5860109329223633,0.09491091221570969,3.8252925872802734,0.16059470176696777,3.84847354888916,0.12894611060619354,3.9625966548919678
112,0,0,1,0.13308902084827423,3.6131627559661865,0.11225485801696777,3.889658212661743,0.15420718491077423,3.870177745819092,0.12755101919174194,3.914843797683716
113,0,0,1,0.13489766418933868,3.6100573539733887,0.11494538933038712,3.8619418144226074,0.16255779564380646,3.862870216369629,0.13544324040412903,3.9296646118164062
114,0,0,1,0.1311558336019516,3.6079928874969482,0.1070382222533226,3.855513572692871,0.158203125,3.8708741664886475,0.13245375454425812,3.93620228767395
115,0,0,1,0.12983547151088715,3.5913424491882324,0.10188137739896774,3.813086748123169,0.16187021136283875,3.8545925617218018,0.13185586035251617,3.924274444580078
116,0,0,1,0.12707768380641937,3.6094295978546143,0.09767119586467743,3.8813958168029785,0.15230388939380646,3.910102128982544,0.12428252398967743,4.017478942871094
117,0,0,1,0.12590929865837097,3.6034111976623535,0.09451231360435486,3.876324415206909,0.1531907618045807,3.9037272930145264,0.12334582209587097,4.015188217163086
118,0,0,1,0.13452646136283875,3.6081111431121826,0.11939971148967743,3.855658531188965,0.1644810289144516,3.8910698890686035,0.13145726919174194,3.9860520362854004
119,0,0,1,0.12550322711467743,3.632935047149658,0.09725266695022583,3.9274041652679443,0.14102359116077423,3.9007208347320557,0.11395886540412903,3.9391396045684814
120,0,0,1,0.12538613379001617,3.631678342819214,0.09686902165412903,3.939718246459961,0.13736647367477417,3.9346392154693604,0.11029177159070969,4.014275550842285
121,0,0,1,0.12645985186100006,3.6537370681762695,0.10545380413532257,3.995983839035034,0.12704280018806458,3.9148168563842773,0.10778061300516129,3.947115421295166
122,0,0,1,0.1350346803665161,3.5967087745666504,0.11295240372419357,3.821790933609009,0.16955317556858063,3.8280341625213623,0.14261798560619354,3.902878761291504
123,0,0,1,0.1293696165084839,3.6006739139556885,0.10108916461467743,3.8424270153045654,0.15726642310619354,3.8415284156799316,0.1310786008834839,3.9443514347076416
124,0,0,1,0.1280069202184677,3.5968899726867676,0.09854810684919357,3.8457961082458496,0.1571667641401291,3.865964889526367,0.12330596148967743,3.990302324295044
125,0,0,1,0.1319405734539032,3.6654205322265625,0.11556819826364517,3.961974620819092,0.13582190871238708,3.898165702819824,0.11302215605974197,3.8866162300109863
126,0,0,1,0.1314522922039032,3.6552894115448,0.11887156963348389,3.9688572883605957,0.1355329155921936,3.9311814308166504,0.10823899507522583,3.93739652633667
127,0,0,1,0.1240583136677742,3.6466124057769775,0.09520487487316132,3.973257303237915,0.1325334757566452,3.948421001434326,0.10417331010103226,3.977616310119629
128,0,0,1,0.1319405734539032,3.611476182937622,0.11151247471570969,3.8733301162719727,0.14907525479793549,3.8647727966308594,0.12790974974632263,3.914926767349243
129,0,0,1,0.12448431551456451,3.646961212158203,0.09777084738016129,3.9811954498291016,0.13428731262683868,3.960522413253784,0.11148755997419357,4.021809101104736
130,0,0,1,0.12778519093990326,3.5997776985168457,0.09902642667293549,3.8483521938323975,0.15690767765045166,3.8936872482299805,0.12595662474632263,3.9792721271514893
131,0,0,1,0.1260214000940323,3.634246587753296,0.09712810814380646,3.9422385692596436,0.13754583895206451,3.9116134643554688,0.10955436527729034,3.945060968399048
132,0,0,1,0.12713249027729034,3.592059850692749,0.09518992900848389,3.8386285305023193,0.16015625,3.8829641342163086,0.12543845176696777,4.009374141693115
133,0,0,1,0.12603385746479034,3.609950304031372,0.09508031606674194,3.887176990509033,0.15462571382522583,3.9304633140563965,0.12496013939380646,4.019776821136475
134,0,0,1,0.12766312062740326,3.590418577194214,0.09791533648967743,3.8411357402801514,0.1614915430545807,3.8733184337615967,0.13034120202064514,3.9657492637634277
135,0,0,1,0.13305415213108063,3.638076066970825,0.11720244586467743,3.923011541366577,0.1436941921710968,3.8767683506011963,0.1236049085855484,3.8769750595092773
136,0,0,1,0.12778767943382263,3.5800955295562744,0.0938546285033226,3.8089399337768555,0.16625477373600006,3.8250420093536377,0.13386878371238708,3.9425339698791504
137,0,0,1,0.1354457288980484,3.654325008392334,0.12586694955825806,3.9494497776031494,0.13939930498600006,3.8876259326934814,0.11615114659070969,3.86667799949646
138,0,0,1,0.13327835500240326,3.6632087230682373,0.12102897465229034,3.971841335296631,0.13043087720870972,3.8930399417877197,0.114676333963871,3.9188389778137207
139,0,0,1,0.12852758169174194,3.6363582611083984,0.10528440028429031,3.9327054023742676,0.1395786851644516,3.8947668075561523,0.11778539419174194,3.926734447479248
140,0,0,1,0.1273542046546936,3.5972888469696045,0.09595224261283875,3.8564233779907227,0.15444634854793549,3.870443344116211,0.12468112260103226,3.9836957454681396
141,0,0,1,0.12689831852912903,3.5982565879821777,0.09224031120538712,3.858477830886841,0.15875118970870972,3.878852605819702,0.12880659103393555,3.97725510597229
142,0,0,1,0.13071487843990326,3.5947399139404297,0.10302734375,3.825515031814575,0.16199976205825806,3.8614134788513184,0.1316167116165161,3.9565415382385254
143,0,0,1,0.13428731262683868,3.60685658454895,0.11406349390745163,3.856200695037842,0.15870137512683868,3.8479843139648438,0.1307995766401291,3.8777997493743896
144,0,0,1,0.1292027086019516,3.608950614929199,0.10280313342809677,3.86153244972229,0.15452606976032257,3.89514422416687,0.12713249027729034,3.9883995056152344
145,0,0,1,0.12757344543933868,3.5861663818359375,0.09653021395206451,3.840456247329712,0.1569475382566452,3.8671746253967285,0.12559789419174194,3.9958744049072266
146,0,0,1,0.12721718847751617,3.6002819538116455,0.09552375227212906,3.8710098266601562,0.15338009595870972,3.87675404548645,0.12372449040412903,4.003705024719238
147,0,0,1,0.12434480339288712,3.647907257080078,0.09862782806158066,3.9942915439605713,0.13192561268806458,3.940101146697998,0.10883688926696777,4.008423328399658
148,0,0,1,0.12823361158370972,3.5982048511505127,0.10210060328245163,3.8748292922973633,0.15658880770206451,3.913198471069336,0.13022162020206451,4.029231548309326
149,0,0,1,0.1284628063440323,3.5960710048675537,0.09904137253761292,3.8371567726135254,0.1575155407190323,3.8801796436309814,0.12426259368658066,3.988131523132324
150,0,0,1,0.13155940175056458,3.626067638397217,0.11067541688680649,3.8954215049743652,0.14661391079425812,3.881465435028076,0.12230946868658066,3.8947367668151855
151,0,0,1,0.12744389474391937,3.5807220935821533,0.09457708895206451,3.8216731548309326,0.16150151193141937,3.8675262928009033,0.12928491830825806,3.986126184463501
152,0,0,1,0.13310396671295166,3.629770278930664,0.11448202282190323,3.9042956829071045,0.14600606262683868,3.897010564804077,0.12145248800516129,3.901050329208374
153,0,0,1,0.12677624821662903,3.596179962158203,0.09355069696903229,3.8419790267944336,0.15984733402729034,3.8460819721221924,0.1298828125,3.942304849624634
154,0,0,1,0.12792469561100006,3.593924045562744,0.09834382683038712,3.8461849689483643,0.15643933415412903,3.850691080093384,0.12533880770206451,3.971219539642334
155,0,0,1,0.13136757910251617,3.642930269241333,0.11531907320022583,3.9393389225006104,0.1420200914144516,3.9146084785461426,0.11475605517625809,3.9225425720214844
156,0,0,1,0.13131776452064514,3.611948013305664,0.109549380838871,3.880702257156372,0.15615034103393555,3.9028079509735107,0.1326729953289032,3.969505786895752
157,0,0,1,0.13064263761043549,3.6409106254577637,0.11170180886983871,3.922208786010742,0.14262793958187103,3.900230646133423,0.12232939898967743,3.9160964488983154
158,0,0,1,0.1252092570066452,3.6492438316345215,0.09869758039712906,3.973597764968872,0.13508449494838715,3.9364118576049805,0.10520966351032257,3.982004165649414
159,0,0,1,0.13254842162132263,3.604630947113037,0.107596255838871,3.830655336380005,0.16193996369838715,3.840378999710083,0.13436701893806458,3.9319193363189697
160,0,0,1,0.1299450844526291,3.6144821643829346,0.10585737973451614,3.8832249641418457,0.15193518996238708,3.902472734451294,0.12687340378761292,3.966698169708252
161,0,0,1,0.13335807621479034,3.6301770210266113,0.11549844592809677,3.9105300903320312,0.14169123768806458,3.8881778717041016,0.11686862260103226,3.8934173583984375
162,0,0,1,0.12202048301696777,3.6328094005584717,0.08992347121238708,3.9845967292785645,0.13549305498600006,3.9507980346679688,0.10911590605974197,4.0153422355651855
163,0,0,1,0.1270677149295807,3.601693868637085,0.09516999870538712,3.866028070449829,0.15728634595870972,3.8718955516815186,0.1268933266401291,3.9678027629852295
164,0,0,1,0.12893365323543549,3.589005947113037,0.09826410561800003,3.8318121433258057,0.1652483195066452,3.849001884460449,0.13249361515045166,3.9623947143554688
165,0,0,1,0.12689083814620972,3.5995876789093018,0.09354571998119354,3.860612630844116,0.15674825012683868,3.8613476753234863,0.12836813926696777,3.9928581714630127
166,0,0,1,0.13013193011283875,3.5924649238586426,0.10227499157190323,3.8178982734680176,0.16137196123600006,3.839632034301758,0.1315569132566452,3.9192545413970947
167,0,0,1,0.1291753053665161,3.638258934020996,0.10624103248119354,3.926511287689209,0.14387355744838715,3.9346861839294434,0.11959900707006454,3.974504232406616
168,0,0,1,0.1324637234210968,3.5912511348724365,0.10799485445022583,3.8304038047790527,0.16272719204425812,3.847581148147583,0.1376953125,3.9118540287017822
169,0,0,1,0.1325434446334839,3.61399507522583,0.11408840864896774,3.8863656520843506,0.15547272562980652,3.902320146560669,0.13482540845870972,3.953584671020508
170,0,0,1,0.13216228783130646,3.6170289516448975,0.11128826439380646,3.8783130645751953,0.15000198781490326,3.88175106048584,0.12226960808038712,3.918011426925659
171,0,0,1,0.12899094820022583,3.5945188999176025,0.10028200596570969,3.8222784996032715,0.16383330523967743,3.850252389907837,0.13416773080825806,3.975935935974121
172,0,0,1,0.13213737308979034,3.6078505516052246,0.10955934971570969,3.86120343208313,0.15508410334587097,3.857482433319092,0.13241389393806458,3.9340758323669434
173,0,0,1,0.12711505591869354,3.5941009521484375,0.0944475457072258,3.8464338779449463,0.15977758169174194,3.873394012451172,0.12850764393806458,3.9984490871429443
174,0,0,1,0.1280343234539032,3.5825388431549072,0.09412368386983871,3.8100154399871826,0.1667729616165161,3.8221797943115234,0.1339285671710968,3.915773868560791
175,0,0,1,0.13030382990837097,3.631086826324463,0.10875219106674194,3.9013149738311768,0.14304646849632263,3.907210111618042,0.11912069469690323,3.9228711128234863
176,0,0,1,0.1257772594690323,3.593804359436035,0.0921456441283226,3.8387043476104736,0.15804368257522583,3.8598361015319824,0.12794961035251617,3.992056131362915
177,0,0,1,0.12925751507282257,3.5881662368774414,0.09765625,3.815612316131592,0.16570670902729034,3.84382700920105,0.13349011540412903,3.9519259929656982
178,0,0,1,0.13197046518325806,3.5877034664154053,0.10481106489896774,3.8002471923828125,0.16997168958187103,3.8269331455230713,0.13899074494838715,3.9360482692718506
179,0,0,1,0.12443698197603226,3.6386187076568604,0.09746691584587097,3.9592065811157227,0.13296197354793549,3.923630475997925,0.11164700239896774,4.021956443786621
180,0,0,1,0.1328747719526291,3.6457619667053223,0.1160714253783226,3.9323489665985107,0.13981783390045166,3.895517110824585,0.1134207546710968,3.8782286643981934
181,0,0,1,0.12393374741077423,3.631965160369873,0.09296774864196777,3.9542312622070312,0.1369977593421936,3.9177334308624268,0.10419324040412903,3.939556121826172
182,0,0,1,0.12525410950183868,3.638808250427246,0.10038165748119354,3.969573736190796,0.13137754797935486,3.910952568054199,0.10489077866077423,3.927797794342041
183,0,0,1,0.1299699991941452,3.6242165565490723,0.10606664419174194,3.9038894176483154,0.14959342777729034,3.8903543949127197,0.11790496855974197,3.9563894271850586
184,0,0,1,0.13316874206066132,3.5985782146453857,0.11020208895206451,3.8344786167144775,0.16117267310619354,3.8675034046173096,0.13249361515045166,3.937124013900757
185,0,0,1,0.1293696165084839,3.59218168258667,0.10274334251880646,3.843412160873413,0.15922950208187103,3.838099956512451,0.1339285671710968,3.962202310562134
186,0,0,1,0.1291952282190323,3.594369411468506,0.1017717644572258,3.8157739639282227,0.1633549928665161,3.8596351146698,0.13165657222270966,3.931879997253418
187,0,0,1,0.12200802564620972,3.647963285446167,0.09199617058038712,3.9981586933135986,0.1282784640789032,3.947331666946411,0.10102438926696777,3.988952398300171
188,0,0,1,0.12792719900608063,3.600280523300171,0.09880221635103226,3.8742308616638184,0.15403778851032257,3.900892734527588,0.1257772594690323,3.986372947692871
189,0,0,1,0.13504713773727417,3.60888409614563,0.11511479318141937,3.846346855163574,0.16243821382522583,3.8648548126220703,0.13857221603393555,3.9250683784484863
190,0,0,1,0.12712252140045166,3.6392176151275635,0.10435765981674194,3.9769396781921387,0.13297194242477417,3.9358513355255127,0.10913583636283875,4.021366119384766
191,0,0,1,0.12392129749059677,3.6456587314605713,0.09733737260103226,3.9904279708862305,0.13243383169174194,3.950188159942627,0.10831871628761292,3.9880404472351074
192,0,0,1,0.12936213612556458,3.6346986293792725,0.10729730874300003,3.9328999519348145,0.14025630056858063,3.9374067783355713,0.1167689710855484,3.9491381645202637
193,0,0,1,0.1272321343421936,3.590186357498169,0.09495575726032257,3.8462064266204834,0.1596081703901291,3.8519697189331055,0.1283482164144516,3.97251558303833
194,0,0,1,0.124441958963871,3.6135690212249756,0.09113918989896774,3.9163568019866943,0.14521881937980652,3.9232828617095947,0.11672911047935486,4.026122570037842
195,0,0,1,0.12816385924816132,3.584282636642456,0.09592733532190323,3.8091206550598145,0.16560706496238708,3.8439135551452637,0.13345025479793549,3.9616189002990723
196,0,0,1,0.12548828125,3.6036291122436523,0.092459537088871,3.878913640975952,0.15124760568141937,3.8963632583618164,0.12089444696903229,4.015990734100342
197,0,0,1,0.12824606895446777,3.5859477519989014,0.09746193140745163,3.8194878101348877,0.1640027016401291,3.867541551589966,0.1309988796710968,3.9663774967193604
198,0,0,1,0.12884895503520966,3.642350196838379,0.1070730984210968,3.9492321014404297,0.13759565353393555,3.9175117015838623,0.11533401906490326,3.9284603595733643
199,0,0,1,0.13223204016685486,3.5973172187805176,0.10864755511283875,3.8306429386138916,0.16249799728393555,3.860673427581787,0.13516421616077423,3.9584193229675293
200,0,0,1,0.12590432167053223,3.6471240520477295,0.09932038933038712,3.9563560485839844,0.13222455978393555,3.9262943267822266,0.10710299760103226,3.945106029510498
201,0,0,1,0.12870943546295166,3.587341547012329,0.09930544346570969,3.8281068801879883,0.16480986773967743,3.8485398292541504,0.13193558156490326,3.937462329864502
202,0,0,1,0.12148486822843552,3.6626474857330322,0.0915178582072258,4.060267925262451,0.11827367544174194,3.9551773071289062,0.09036192297935486,3.9686810970306396
203,0,0,1,0.13232421875,3.646678924560547,0.11684869229793549,3.9530529975891113,0.13322106003761292,3.907248020172119,0.11391900479793549,3.8911826610565186
204,0,0,1,0.12906818091869354,3.606400489807129,0.10139309614896774,3.8686978816986084,0.15934908390045166,3.883934736251831,0.12818877398967743,3.9835197925567627
205,0,0,1,0.12675133347511292,3.645570755004883,0.10486587136983871,3.984558343887329,0.13525390625,3.9491636753082275,0.11254384368658066,3.9656455516815186
206,0,0,1,0.1263427734375,3.6477768421173096,0.10349071025848389,3.9957151412963867,0.1343470960855484,3.934356927871704,0.10680405050516129,3.988990545272827
207,0,0,1,0.12752112746238708,3.5910956859588623,0.093436099588871,3.84141206741333,0.1593889445066452,3.8475148677825928,0.12830835580825806,3.973128318786621
208,0,0,1,0.13133519887924194,3.5986456871032715,0.1055733785033226,3.843881368637085,0.16017617285251617,3.86325740814209,0.12980309128761292,3.9470291137695312
209,0,0,1,0.12385153770446777,3.636930465698242,0.09477140009403229,3.9615161418914795,0.1386120766401291,3.937023639678955,0.10857780277729034,4.000917911529541
210,0,0,1,0.1284104883670807,3.603996515274048,0.10007772594690323,3.865478515625,0.1579340696334839,3.8791091442108154,0.12810905277729034,3.978220224380493
211,0,0,1,0.12744887173175812,3.58603572845459,0.09344606846570969,3.8157291412353516,0.16193000972270966,3.8535385131835938,0.12962372601032257,3.9744772911071777
212,0,0,1,0.1285574734210968,3.592318534851074,0.09932038933038712,3.8357579708099365,0.15726642310619354,3.8654797077178955,0.12452168017625809,3.957106351852417
213,0,0,1,0.12736915051937103,3.6324055194854736,0.10185646265745163,3.9262828826904297,0.13875159621238708,3.9021832942962646,0.11182636767625809,3.942078113555908
214,0,0,1,0.1270228773355484,3.635776996612549,0.10119877755641937,3.928314685821533,0.13851243257522583,3.9258272647857666,0.11318159848451614,3.965662956237793
215,0,0,1,0.12642249464988708,3.6508758068084717,0.10341597348451614,3.9968202114105225,0.12983298301696777,3.9163405895233154,0.10568797588348389,3.901376485824585
216,0,0,1,0.13082948327064514,3.6330642700195312,0.111014224588871,3.9178223609924316,0.14365433156490326,3.9095449447631836,0.11806441098451614,3.9167792797088623
217,0,0,1,0.1287667453289032,3.59143328666687,0.09916593134403229,3.8352508544921875,0.16055484116077423,3.8757448196411133,0.12872688472270966,3.967332363128662
218,0,0,1,0.12884147465229034,3.5871262550354004,0.09753168374300003,3.8131799697875977,0.1659558266401291,3.8462231159210205,0.1345663219690323,3.953791379928589
219,0,0,1,0.13190071284770966,3.603010654449463,0.11190608888864517,3.8735084533691406,0.15682795643806458,3.9013850688934326,0.13257333636283875,3.9667768478393555
220,0,0,1,0.12936463952064514,3.584559440612793,0.0989467054605484,3.7963643074035645,0.16666334867477417,3.8245739936828613,0.1339285671710968,3.9339284896850586
221,0,0,1,0.13536600768566132,3.623037815093994,0.11939971148967743,3.8815722465515137,0.15103834867477417,3.894174337387085,0.12794961035251617,3.9151089191436768
222,0,0,1,0.12789231538772583,3.5974442958831787,0.09862782806158066,3.854306697845459,0.15625,3.8535077571868896,0.12593670189380646,3.9737300872802734
223,0,0,1,0.13140743970870972,3.5960795879364014,0.10594706237316132,3.832628011703491,0.15767498314380646,3.8581178188323975,0.12804926931858063,3.9355642795562744
224,0,0,1,0.12377680093050003,3.6397101879119873,0.09394929558038712,3.960171937942505,0.1374262571334839,3.934812545776367,0.11001275479793549,4.032789707183838
225,0,0,1,0.1302938610315323,3.615074396133423,0.10495056957006454,3.8804121017456055,0.15565210580825806,3.8905248641967773,0.12810905277729034,3.9765090942382812
226,0,0,1,0.1319405734539032,3.644650936126709,0.1130719855427742,3.931788206100464,0.14001713693141937,3.889047145843506,0.11511479318141937,3.892313003540039
227,0,0,1,0.13331075012683868,3.6120495796203613,0.11390405893325806,3.884519577026367,0.15147680044174194,3.8575751781463623,0.13131776452064514,3.932159662246704
228,0,3,0,0.12630291283130646,3.5354740619659424,0.09522480517625809,3.665969133377075,0.19386757910251617,3.74983286857605,0.1507493555545807,3.859598159790039
229,0,0,1,0.12408322095870972,3.635580539703369,0.09358557313680649,3.949369192123413,0.13974808156490326,3.910724401473999,0.10861766338348389,3.999082565307617
230,0,0,1,0.12744887173175812,3.5921928882598877,0.09613161534070969,3.839587450027466,0.16150151193141937,3.874436855316162,0.12944434583187103,3.986912965774536
231,0,0,1,0.12852509319782257,3.649958372116089,0.10806959122419357,3.9566619396209717,0.13513432443141937,3.9036943912506104,0.11336096376180649,3.936357259750366
232,0,0,1,0.13034120202064514,3.6315367221832275,0.10845822840929031,3.914461612701416,0.14126275479793549,3.889108419418335,0.11924026906490326,3.931305408477783
233,0,0,1,0.12914790213108063,3.5914816856384277,0.09788544476032257,3.832230567932129,0.16216915845870972,3.8288681507110596,0.13153699040412903,3.9521212577819824
234,0,0,1,0.1274239718914032,3.589571714401245,0.09376494586467743,3.8274617195129395,0.16109295189380646,3.841395616531372,0.1298828125,3.9665489196777344
235,0,0,1,0.12554308772087097,3.5932254791259766,0.09313715249300003,3.8635852336883545,0.1531808078289032,3.858053684234619,0.12418287247419357,3.9683837890625
236,0,0,1,0.1282610148191452,3.6420705318450928,0.10624103248119354,3.9403460025787354,0.13635005056858063,3.8959293365478516,0.11587212979793549,3.9336085319519043
237,0,0,1,0.13019172847270966,3.584615468978882,0.10192123800516129,3.8298299312591553,0.15761518478393555,3.8564202785491943,0.1236049085855484,3.9537246227264404
238,0,0,1,0.13112592697143555,3.595022439956665,0.10612643510103226,3.823896646499634,0.15912985801696777,3.851900577545166,0.13279256224632263,3.9269096851348877
239,0,0,1,0.13067004084587097,3.639575242996216,0.11087970435619354,3.9402804374694824,0.14453125,3.9287092685699463,0.12163185328245163,3.9467475414276123
240,0,0,1,0.12723712623119354,3.6010689735412598,0.09935028851032257,3.8592276573181152,0.1522141993045807,3.8644189834594727,0.125,3.9639668464660645
241,0,0,1,0.13576211035251617,3.639533281326294,0.12184610217809677,3.9021875858306885,0.15111805498600006,3.898054838180542,0.1245814710855484,3.9012959003448486
242,0,0,1,0.13037607073783875,3.6086483001708984,0.10484594106674194,3.8631374835968018,0.15568199753761292,3.8629584312438965,0.13223452866077423,3.942728042602539
243,0,0,1,0.12859484553337097,3.666808843612671,0.11239935457706451,3.984396457672119,0.1366489976644516,3.960402488708496,0.11262356489896774,3.9603610038757324
244,0,0,1,0.13242635130882263,3.598923921585083,0.10807457566261292,3.8330183029174805,0.16049505770206451,3.8475723266601562,0.1306600719690323,3.930140256881714
245,0,0,1,0.12973085045814514,3.6012673377990723,0.10262376070022583,3.845560073852539,0.15817323327064514,3.8833868503570557,0.13040098547935486,3.9604156017303467
246,0,0,1,0.12682606279850006,3.597968816757202,0.0940290167927742,3.879345178604126,0.15317083895206451,3.8847830295562744,0.12366469949483871,3.9788880348205566
247,0,0,1,0.12610360980033875,3.649301528930664,0.10283800959587097,3.97664737701416,0.13145726919174194,3.9164645671844482,0.10915576666593552,3.9609274864196777
248,0,0,1,0.12863221764564514,3.5818066596984863,0.09728754311800003,3.8063607215881348,0.162458136677742,3.838005304336548,0.12894611060619354,3.945749521255493
249,0,0,1,0.12769301235675812,3.5954113006591797,0.09816446155309677,3.845447063446045,0.1570073366165161,3.872302532196045,0.12669403851032257,3.9734151363372803
250,0,0,1,0.1343296617269516,3.6131749153137207,0.11552833765745163,3.866692543029785,0.15790417790412903,3.8879213333129883,0.12954400479793549,3.9226152896881104
251,0,0,1,0.1287667453289032,3.641270637512207,0.10556839406490326,3.9413819313049316,0.13637994229793549,3.8825807571411133,0.11336096376180649,3.8924050331115723
252,0,0,1,0.12485550343990326,3.6471328735351562,0.09808474034070969,3.971147060394287,0.13530372083187103,3.933274507522583,0.11158721148967743,3.969458818435669
253,0,0,1,0.12639258801937103,3.6418449878692627,0.10078523308038712,3.9436423778533936,0.13918007910251617,3.9236772060394287,0.11182636767625809,3.967207193374634
254,0,0,1,0.1278848499059677,3.593135118484497,0.09533441811800003,3.833437919616699,0.16258768737316132,3.851863145828247,0.12984295189380646,3.972524881362915
255,0,0,1,0.13381895422935486,3.5992255210876465,0.11134307086467743,3.844587564468384,0.16010642051696777,3.84446382522583,0.13418765366077423,3.9156394004821777
256,0,0,1,0.1274239718914032,3.5952608585357666,0.09614656120538712,3.844898223876953,0.15735609829425812,3.852067708969116,0.12882652878761292,3.974783420562744
257,0,0,1,0.13810884952545166,3.6420326232910156,0.1305803507566452,3.8921704292297363,0.1561204493045807,3.8902151584625244,0.12840799987316132,3.9202234745025635
258,0,0,1,0.1262829750776291,3.608293294906616,0.09701351076364517,3.878845453262329,0.1512276828289032,3.9217844009399414,0.12302694469690323,4.0301313400268555
259,0,0,1,0.12913544476032257,3.6332664489746094,0.10601682215929031,3.913055658340454,0.1470424085855484,3.8944835662841797,0.12109375,3.9241278171539307
260,0,0,1,0.1240408718585968,3.6329658031463623,0.09400908648967743,3.949597120285034,0.13577207922935486,3.937100887298584,0.10768096148967743,4.022395133972168
261,0,0,1,0.13351751863956451,3.5899243354797363,0.10775569826364517,3.812872886657715,0.16598573327064514,3.833163261413574,0.13492506742477417,3.931166887283325
262,0,0,1,0.13335059583187103,3.6462411880493164,0.118826724588871,3.931737184524536,0.14015664160251617,3.947955846786499,0.12043606489896774,3.9399304389953613
263,0,0,1,0.12802933156490326,3.5873677730560303,0.09709323197603226,3.8334274291992188,0.1587611585855484,3.836304187774658,0.12864716351032257,3.9679317474365234
264,0,0,1,0.1232038214802742,3.6529369354248047,0.09520985931158066,4.013187408447266,0.12461136281490326,3.950979709625244,0.09948979318141937,3.9949920177459717
265,0,0,1,0.12692072987556458,3.5955207347869873,0.09572305530309677,3.8260462284088135,0.1623186320066452,3.862790822982788,0.12886638939380646,3.9446334838867188
266,0,0,1,0.12932726740837097,3.5875985622406006,0.09938516467809677,3.8221285343170166,0.16359414160251617,3.828531503677368,0.13354989886283875,3.959707498550415
267,0,0,1,0.1294119656085968,3.6240015029907227,0.10618124157190323,3.911125659942627,0.1429966539144516,3.8842508792877197,0.12007732689380646,3.951535224914551
268,0,0,1,0.1299874484539032,3.6080148220062256,0.10382453352212906,3.868509531021118,0.15681800246238708,3.883777141571045,0.12800940871238708,3.9367897510528564
269,0,0,1,0.1286546289920807,3.5888116359710693,0.09952965378761292,3.8165297508239746,0.16248804330825806,3.8499324321746826,0.12978315353393555,3.951474189758301
270,0,0,1,0.13679347932338715,3.600710153579712,0.11786511540412903,3.8388569355010986,0.16223891079425812,3.8561513423919678,0.1327527016401291,3.8857529163360596
271,0,0,1,0.1283133327960968,3.598668098449707,0.09914102405309677,3.8466176986694336,0.15643933415412903,3.859290361404419,0.1268136203289032,3.979726552963257
272,0,0,1,0.12546834349632263,3.6142680644989014,0.09614157676696777,3.906094551086426,0.14701251685619354,3.9101200103759766,0.1213727667927742,4.015106678009033
273,0,0,1,0.12865214049816132,3.603520393371582,0.09780572354793549,3.8649516105651855,0.15711694955825806,3.89401912689209,0.12701290845870972,3.997175693511963
274,0,0,1,0.13358727097511292,3.612088203430176,0.11279296875,3.858600616455078,0.1550741344690323,3.85406756401062,0.12886638939380646,3.918187379837036
275,0,0,1,0.1241280660033226,3.632159948348999,0.09409378468990326,3.957479476928711,0.13473573327064514,3.9258930683135986,0.10823899507522583,4.033327102661133
276,0,0,1,0.1295689195394516,3.5968081951141357,0.10324656963348389,3.847263813018799,0.15957827866077423,3.8696141242980957,0.1325932741165161,3.9497971534729004
277,0,0,1,0.12695561349391937,3.5867230892181396,0.09410375356674194,3.816699266433716,0.16313575208187103,3.8557815551757812,0.12854750454425812,3.9846510887145996
278,0,0,1,0.13019172847270966,3.603214740753174,0.103271484375,3.8522698879241943,0.15861168503761292,3.8738455772399902,0.13022162020206451,3.9367921352386475
279,0,0,1,0.12925003468990326,3.595158338546753,0.10024712979793549,3.8271868228912354,0.16213926672935486,3.8678016662597656,0.13022162020206451,3.9715335369110107
280,0,0,1,0.12769800424575806,3.6038548946380615,0.0965401753783226,3.868497133255005,0.15437659621238708,3.9024658203125,0.1236049085855484,3.9792003631591797
281,0,0,1,0.1307547390460968,3.606314182281494,0.1045619398355484,3.856332778930664,0.15634964406490326,3.8486297130584717,0.12880659103393555,3.9150550365448
282,0,0,1,0.1255929172039032,3.6289522647857666,0.0987723171710968,3.9461259841918945,0.13925980031490326,3.907763957977295,0.11214524507522583,3.9632129669189453
283,0,0,1,0.1265619993209839,3.5962836742401123,0.0914132222533226,3.8532185554504395,0.15679806470870972,3.8625357151031494,0.12468112260103226,3.998401641845703
284,0,0,1,0.13012196123600006,3.5941760540008545,0.10311702638864517,3.8315134048461914,0.16363400220870972,3.858412981033325,0.1359614133834839,3.9422457218170166
285,0,0,1,0.12503238022327423,3.62962007522583,0.09669463336467743,3.93084979057312,0.14058513939380646,3.942089557647705,0.11086973547935486,4.019593715667725
286,0,0,1,0.13427734375,3.6108906269073486,0.11720244586467743,3.866088390350342,0.15815329551696777,3.884695291519165,0.1318359375,3.9118669033050537
287,0,0,1,0.12312161177396774,3.6461293697357178,0.094168521463871,3.990370273590088,0.13091915845870972,3.934236526489258,0.10359533876180649,3.939976930618286
288,0,0,1,0.12427006661891937,3.642082452774048,0.09719786047935486,3.9736006259918213,0.13228435814380646,3.9563088417053223,0.10887674987316132,4.002928733825684
289,0,0,1,0.13220463693141937,3.597196102142334,0.10765106230974197,3.829862117767334,0.1637834757566452,3.8545875549316406,0.1321946680545807,3.9152722358703613
290,0,0,1,0.1225760281085968,3.6280715465545654,0.08916613459587097,3.9524474143981934,0.13940927386283875,3.9131522178649902,0.10851801186800003,3.96455454826355
291,0,0,1,0.12494020909070969,3.648588180541992,0.0999581441283226,4.001794338226318,0.12936463952064514,3.944230556488037,0.10222018510103226,4.008383750915527
292,0,0,1,0.1284628063440323,3.590815544128418,0.09669463336467743,3.839078664779663,0.16193996369838715,3.8624699115753174,0.1309988796710968,3.964247703552246
293,0,0,1,0.12569007277488708,3.6438863277435303,0.10106923431158066,3.969090461730957,0.13573221862316132,3.9342925548553467,0.10792011767625809,3.988365650177002
294,0,0,1,0.13405561447143555,3.607273578643799,0.11368482559919357,3.8583950996398926,0.15888074040412903,3.8855369091033936,0.13472576439380646,3.9476330280303955
295,0,0,1,0.12802186608314514,3.5940182209014893,0.09584761410951614,3.8286116123199463,0.16198979318141937,3.8565452098846436,0.1302415430545807,3.9905126094818115
296,0,0,1,0.12891371548175812,3.5917251110076904,0.09792529791593552,3.842881917953491,0.1609235405921936,3.870518207550049,0.12743143737316132,3.9754457473754883
297,0,0,1,0.12402592599391937,3.6416993141174316,0.09477638453245163,3.970823287963867,0.13266302645206451,3.938631296157837,0.10652502626180649,4.0095415115356445
298,0,0,1,0.12616589665412903,3.6025984287261963,0.09557358175516129,3.882963180541992,0.15239356458187103,3.909435749053955,0.12286750227212906,4.039902687072754
299,0,0,1,0.13047073781490326,3.6059153079986572,0.10580257326364517,3.872333526611328,0.15291175246238708,3.852264642715454,0.1273716539144516,3.954310655593872
300,0,0,1,0.12997248768806458,3.6115925312042236,0.10606664419174194,3.888434886932373,0.15518374741077423,3.8994412422180176,0.1277104616165161,3.9950063228607178
301,0,0,1,0.12510213255882263,3.6532647609710693,0.09920080751180649,3.990206003189087,0.13198541104793549,3.916043758392334,0.10903619229793549,3.9654541015625
302,0,0,1,0.13166652619838715,3.6269960403442383,0.11149752885103226,3.903968095779419,0.14492984116077423,3.9031903743743896,0.12155213207006454,3.9232661724090576
303,0,0,1,0.1231340691447258,3.6401360034942627,0.09191644936800003,3.985797882080078,0.130859375,3.9371001720428467,0.10427295416593552,4.02312707901001
304,0,0,1,0.12341557443141937,3.6463868618011475,0.09317701309919357,3.989840030670166,0.1326729953289032,3.925416946411133,0.10375478118658066,3.983672618865967
305,0,0,1,0.12832330167293549,3.5885071754455566,0.09611666947603226,3.8140065670013428,0.16474011540412903,3.8501694202423096,0.1283482164144516,3.953571319580078
306,0,0,1,0.13051308691501617,3.646834373474121,0.1106305792927742,3.949108362197876,0.1354631632566452,3.9207003116607666,0.11276306957006454,3.906857490539551
307,0,0,1,0.12265326082706451,3.638298749923706,0.09197624027729034,3.9910616874694824,0.13251355290412903,3.97082257270813,0.10548868030309677,4.032495975494385
308,0,0,1,0.12965859472751617,3.633939266204834,0.10848313570022583,3.9182474613189697,0.14204001426696777,3.905149459838867,0.12131297588348389,3.9296863079071045
309,0,0,1,0.12759336829185486,3.5983951091766357,0.09841357916593552,3.8671021461486816,0.15007174015045166,3.892629384994507,0.11794482916593552,4.0038862228393555
310,0,0,1,0.130859375,3.5985379219055176,0.10587731003761292,3.849411725997925,0.15725645422935486,3.8767504692077637,0.12952406704425812,3.957224130630493
311,0,0,1,0.1302141398191452,3.5995330810546875,0.10291773080825806,3.832784652709961,0.16125239431858063,3.8706588745117188,0.12994259595870972,3.9476993083953857
312,0,0,1,0.1286870241165161,3.6435844898223877,0.1083984375,3.964193820953369,0.1349848508834839,3.9259560108184814,0.10877710580825806,4.00879430770874
313,0,0,1,0.12859733402729034,3.63529634475708,0.10331134498119354,3.933542251586914,0.1443219780921936,3.9045088291168213,0.11728714406490326,3.9813084602355957
314,0,0,1,0.1286546289920807,3.6529829502105713,0.10877212136983871,3.9784252643585205,0.13199537992477417,3.9069151878356934,0.11427774280309677,3.9551796913146973
315,0,0,1,0.12802186608314514,3.6022884845733643,0.09951969236135483,3.8547611236572266,0.1575852930545807,3.8839635848999023,0.1291254758834839,3.9685137271881104
316,0,0,1,0.1268559694290161,3.6059582233428955,0.09498066455125809,3.8850128650665283,0.15437659621238708,3.8948490619659424,0.12747129797935486,3.979518413543701
317,0,0,1,0.1297856569290161,3.5966947078704834,0.10007772594690323,3.8297321796417236,0.16223891079425812,3.834899663925171,0.12962372601032257,3.9312729835510254
318,0,0,1,0.1286097913980484,3.5906052589416504,0.09721779078245163,3.8205718994140625,0.16063456237316132,3.861724615097046,0.12631537020206451,3.983591079711914
319,0,0,1,0.1312181055545807,3.6088814735412598,0.10717274993658066,3.869270086288452,0.15294164419174194,3.8575057983398438,0.12677375972270966,3.9250118732452393
320,0,0,1,0.12968848645687103,3.6079564094543457,0.1045619398355484,3.8663394451141357,0.15802375972270966,3.8893303871154785,0.1328125,3.963235378265381
321,0,0,1,0.1262979358434677,3.604118585586548,0.09556859731674194,3.865856885910034,0.15397799015045166,3.8789801597595215,0.12687340378761292,3.9546024799346924
322,0,0,1,0.13196049630641937,3.602529764175415,0.10748166590929031,3.84071946144104,0.15961813926696777,3.869896411895752,0.13089923560619354,3.9461023807525635
323,0,0,1,0.124755859375,3.6332321166992188,0.09656509011983871,3.945255756378174,0.134765625,3.9091246128082275,0.10656488686800003,3.94258451461792
324,0,0,1,0.13361965119838715,3.5964090824127197,0.11241430044174194,3.8431875705718994,0.16194993257522583,3.8853063583374023,0.13717713952064514,3.9418857097625732
325,0,0,1,0.12904077768325806,3.5894243717193604,0.09872249513864517,3.8209850788116455,0.16147162020206451,3.8441126346588135,0.1291852593421936,3.9642086029052734
326,0,0,1,0.12622319161891937,3.602522373199463,0.09494080394506454,3.8689582347869873,0.15411750972270966,3.892667770385742,0.1251993030309677,3.9871060848236084
327,0,0,1,0.12855249643325806,3.587477207183838,0.09886698424816132,3.8184750080108643,0.16274712979793549,3.856539249420166,0.13125796616077423,3.935924768447876
328,0,0,1,0.12488540261983871,3.623758316040039,0.09533441811800003,3.9232256412506104,0.1399374157190323,3.9300718307495117,0.11100924760103226,4.029982089996338
329,0,0,1,0.13313136994838715,3.6442365646362305,0.11894132196903229,3.94608736038208,0.13828323781490326,3.8885204792022705,0.11852280050516129,3.9229862689971924
330,0,0,1,0.12367715686559677,3.6340417861938477,0.09342613816261292,3.972588062286377,0.1399274468421936,3.9408915042877197,0.11234454810619354,4.039205074310303
331,0,0,1,0.12777522206306458,3.532170057296753,0.10090979188680649,3.6818249225616455,0.18927375972270966,3.7735073566436768,0.1483777016401291,3.8822028636932373
332,0,0,1,0.12760084867477417,3.585240125656128,0.09572803229093552,3.8296985626220703,0.15933912992477417,3.8847403526306152,0.12643495202064514,4.002995014190674
333,0,0,1,0.13210996985435486,3.598038911819458,0.10850805044174194,3.8442463874816895,0.15903021395206451,3.8636505603790283,0.13237403333187103,3.9435410499572754
334,0,0,1,0.12787239253520966,3.645599842071533,0.10754144936800003,3.9732208251953125,0.13251355290412903,3.9251766204833984,0.11304208636283875,3.950105667114258
335,0,0,1,0.13200782239437103,3.59806752204895,0.10769092291593552,3.854538679122925,0.1597377210855484,3.8929507732391357,0.1327527016401291,3.9582645893096924
336,0,0,1,0.1278848499059677,3.584057331085205,0.09484115988016129,3.8175466060638428,0.16228874027729034,3.8505465984344482,0.13109852373600006,3.982821464538574
337,0,0,1,0.12817631661891937,3.590289831161499,0.09717294573783875,3.842280626296997,0.15894052386283875,3.8709716796875,0.12725207209587097,3.981205940246582
338,0,0,1,0.12948919832706451,3.5827081203460693,0.0989815816283226,3.8070573806762695,0.17000159621238708,3.842907428741455,0.1354631632566452,3.934530019760132
339,0,0,1,0.12826849520206451,3.6002564430236816,0.09954459965229034,3.860553503036499,0.15519371628761292,3.8878259658813477,0.1291254758834839,3.9813241958618164
340,0,0,1,0.13421505689620972,3.619990825653076,0.11721739172935486,3.8746492862701416,0.15399792790412903,3.8635952472686768,0.12934470176696777,3.9382126331329346
341,0,0,1,0.13273277878761292,3.6313812732696533,0.11616110801696777,3.914429187774658,0.1396484375,3.8667759895324707,0.11750637739896774,3.8997626304626465
342,0,0,1,0.12880659103393555,3.617940664291382,0.10345084965229034,3.8866734504699707,0.14896564185619354,3.896247148513794,0.12328603118658066,3.958777904510498
343,0,0,1,0.12845782935619354,3.5909743309020996,0.09702347218990326,3.830380439758301,0.16395288705825806,3.845681667327881,0.13167649507522583,3.9618587493896484
344,0,0,1,0.13094158470630646,3.5872414112091064,0.10449716448783875,3.8155248165130615,0.16471022367477417,3.8463306427001953,0.13779495656490326,3.92290997505188
345,0,0,1,0.12869200110435486,3.612257480621338,0.10328643023967743,3.8904969692230225,0.15139707922935486,3.9006121158599854,0.12858736515045166,3.967607021331787
346,0,0,1,0.12340561300516129,3.621628761291504,0.09064093977212906,3.9085311889648438,0.14716199040412903,3.888204336166382,0.11654974520206451,3.97383713722229
347,0,0,1,0.12813645601272583,3.5898706912994385,0.09758151322603226,3.8339035511016846,0.15828284621238708,3.8555150032043457,0.1282884180545807,3.9673759937286377
348,0,0,1,0.13065509498119354,3.603935480117798,0.10559829324483871,3.852552652359009,0.15723653137683868,3.8719818592071533,0.13040098547935486,3.9718782901763916
349,0,0,1,0.12946677207946777,3.608766794204712,0.10293267667293549,3.868096113204956,0.15591119229793549,3.8482038974761963,0.13368940353393555,3.9121944904327393
350,0,0,1,0.12865214049816132,3.6044304370880127,0.09857302159070969,3.8741912841796875,0.1582728773355484,3.895045042037964,0.1288464516401291,3.9961330890655518
351,0,0,1,0.12797701358795166,3.632594347000122,0.10351064056158066,3.92885684967041,0.14590640366077423,3.904862642288208,0.11910076439380646,3.9742302894592285
352,1,1,1,0.2589011490345001,3.5863075256347656,0.36255380511283875,3.695338487625122,0.31201171875,3.685382127761841,0.23162467777729034,3.734555244445801
353,1,1,1,0.25519421696662903,3.621396541595459,0.3842872977256775,3.7255730628967285,0.31617704033851624,3.71067476272583,0.24137036502361298,3.7430434226989746
354,1,1,1,0.3299585282802582,3.5834288597106934,0.49875935912132263,3.635575294494629,0.40347975492477417,3.6107187271118164,0.3012595474720001,3.648716688156128
355,1,1,1,0.29210928082466125,3.5902178287506104,0.4397072196006775,3.6641058921813965,0.358119398355484,3.6518170833587646,0.26104113459587097,3.7050695419311523
356,1,1,1,0.2889329493045807,3.5884032249450684,0.417445570230484,3.675900936126709,0.35180166363716125,3.6722466945648193,0.26189810037612915,3.6925652027130127
357,1,1,1,0.3299585282802582,3.5834288597106934,0.49875935912132263,3.635575294494629,0.40347975492477417,3.6107187271118164,0.3012595474720001,3.648716688156128
358,1,1,1,0.19288603961467743,3.6092655658721924,0.23652243614196777,3.762423276901245,0.2292928844690323,3.7702736854553223,0.1800462305545807,3.8367278575897217
359,1,1,1,0.3188551366329193,3.5905258655548096,0.48859015107154846,3.6480185985565186,0.39561742544174194,3.624946355819702,0.29392537474632263,3.673311710357666
360,1,1,1,0.30226102471351624,3.583928108215332,0.44271165132522583,3.663031578063965,0.37259843945503235,3.6533122062683105,0.27262037992477417,3.671247959136963
361,1,1,1,0.24466626346111298,3.612762212753296,0.34734731912612915,3.7364230155944824,0.2905173599720001,3.7156822681427,0.22165974974632263,3.7728824615478516
362,1,1,1,0.3073456287384033,3.5919058322906494,0.4649682939052582,3.656872510910034,0.3816167116165161,3.6388134956359863,0.28198739886283875,3.679624080657959
363,1,1,1,0.18372328579425812,3.6068503856658936,0.2131447196006775,3.766380786895752,0.21689651906490326,3.799365997314453,0.16097337007522583,3.865048885345459
364,1,1,1,0.21379493176937103,3.6282408237457275,0.29885801672935486,3.759077787399292,0.25429487228393555,3.7569262981414795,0.18048469722270966,3.7850043773651123
365,1,1,1,0.2325439453125,3.61269474029541,0.31591299176216125,3.7262675762176514,0.2747030258178711,3.7319259643554688,0.2015306055545807,3.7747230529785156
366,1,1,1,0.28582388162612915,3.5881881713867188,0.41283681988716125,3.662917375564575,0.3487224876880646,3.6323189735412598,0.2642897069454193,3.6712918281555176
367,1,1,1,0.20419374108314514,3.632294178009033,0.2707369923591614,3.7839081287384033,0.24130061268806458,3.7736940383911133,0.18132174015045166,3.7999560832977295
368,1,1,1,0.23403619229793549,3.62502121925354,0.33437299728393555,3.754939556121826,0.28304368257522583,3.738909959793091,0.22012515366077423,3.775101900100708
369,1,2,0,0.1514369398355484,3.6586661338806152,0.15944375097751617,3.9088778495788574,0.16814811527729034,3.926454782485962,0.09921077638864517,3.962434768676758
370,1,1,1,0.2764543890953064,3.592623233795166,0.40127748250961304,3.676525354385376,0.3328782618045807,3.6653494834899902,0.2426857352256775,3.696969747543335
371,1,1,1,0.1295166015625,3.656254291534424,0.10787029564380646,3.9957966804504395,0.14427216351032257,3.965188503265381,0.11385921388864517,4.0162787437438965
372,1,1,1,0.19022290408611298,3.568251848220825,0.22205336391925812,3.6617002487182617,0.25911790132522583,3.6980347633361816,0.2050183266401291,3.765432119369507
373,1,1,1,0.28326788544654846,3.5858001708984375,0.41901007294654846,3.6898343563079834,0.35042649507522583,3.6879656314849854,0.24551577866077423,3.731715202331543
374,1,1,1,0.2877545952796936,3.6007254123687744,0.43973711133003235,3.6833112239837646,0.3636200428009033,3.6595780849456787,0.2775629758834839,3.6899547576904297
375,1,1,1,0.3267224431037903,3.576611280441284,0.4835229814052582,3.636993169784546,0.3999920189380646,3.611135959625244,0.2938655912876129,3.6290268898010254
376,1,1,1,0.23211544752120972,3.626189947128296,0.3309051990509033,3.7436835765838623,0.28004422783851624,3.72835636138916,0.20631377398967743,3.7785935401916504
377,1,1,1,0.1327601820230484,3.628286123275757,0.11895129084587097,3.9323949813842773,0.15635961294174194,3.9259448051452637,0.13036112487316132,3.9761505126953125
378,1,1,1,0.36025190353393555,3.5720152854919434,0.5506317615509033,3.6165554523468018,0.4467175304889679,3.5921390056610107,0.33597734570503235,3.627951145172119
379,1,1,1,0.22704081237316132,3.619272232055664,0.3124402165412903,3.727403163909912,0.26678091287612915,3.704392671585083,0.20812739431858063,3.7477736473083496
380,1,1,1,0.21037696301937103,3.613757848739624,0.27249082922935486,3.737593650817871,0.2440708726644516,3.7378435134887695,0.17805324494838715,3.786881685256958
381,1,1,1,0.1752232164144516,3.640127420425415,0.21043427288532257,3.8283650875091553,0.2210618555545807,3.9199423789978027,0.14158162474632263,4.026041507720947
382,1,1,1,0.26507192850112915,3.6056089401245117,0.3937739133834839,3.692643404006958,0.3282146751880646,3.6870691776275635,0.23686622083187103,3.720067262649536
383,1,1,1,0.20880499482154846,3.622231960296631,0.2801837623119354,3.7529609203338623,0.2540358006954193,3.7505197525024414,0.1843710094690323,3.796346426010132
384,1,1,1,0.2640281021595001,3.6029930114746094,0.3817213475704193,3.69822359085083,0.31713369488716125,3.6714532375335693,0.24282525479793549,3.7089626789093018
385,1,1,1,0.25034627318382263,3.610233783721924,0.3600974380970001,3.7171971797943115,0.30396005511283875,3.706160068511963,0.23335857689380646,3.7481424808502197
386,1,1,1,0.20426349341869354,3.641225576400757,0.2860730290412903,3.816305637359619,0.24321387708187103,3.8251731395721436,0.18114237487316132,3.8767740726470947
387,1,1,1,0.26669374108314514,3.6084930896759033,0.3921844959259033,3.699897050857544,0.3238600194454193,3.6780922412872314,0.2547632157802582,3.738480806350708
388,1,1,1,0.25690320134162903,3.607381582260132,0.37548330426216125,3.7039716243743896,0.31289857625961304,3.6834075450897217,0.24041374027729034,3.7329022884368896
389,1,1,1,0.29438626766204834,3.5889785289764404,0.43512335419654846,3.6578190326690674,0.3525988459587097,3.6412220001220703,0.25386637449264526,3.692573308944702
390,1,1,1,0.21900908648967743,3.612339496612549,0.28919702768325806,3.7332494258880615,0.2630939185619354,3.7202863693237305,0.18787866830825806,3.7623846530914307
391,1,1,1,0.1953573375940323,3.6392664909362793,0.26687559485435486,3.8045666217803955,0.23531170189380646,3.8130345344543457,0.18064412474632263,3.874558687210083
392,1,1,1,0.331298828125,3.5767674446105957,0.49540117383003235,3.6262459754943848,0.40265265107154846,3.602667808532715,0.2993263602256775,3.6403887271881104
393,1,1,1,0.1565464586019516,3.6695363521575928,0.16831253468990326,3.926023483276367,0.17859135568141937,3.965294122695923,0.11194594949483871,4.0754852294921875
394,1,1,1,0.26112085580825806,3.5941460132598877,0.3614227771759033,3.6761879920959473,0.3033522069454193,3.651928186416626,0.2235730141401291,3.6987876892089844
395,1,1,1,0.2726975977420807,3.604807138442993,0.3942173421382904,3.6846981048583984,0.3313934803009033,3.659189224243164,0.2414301633834839,3.675086736679077
396,1,1,1,0.23829619586467743,3.6093316078186035,0.33733755350112915,3.712355136871338,0.2869698703289032,3.713660717010498,0.2082868218421936,3.7631804943084717
397,1,1,1,0.19091796875,3.6024844646453857,0.22938257455825806,3.7512707710266113,0.22905372083187103,3.786609172821045,0.1667928844690323,3.849324941635132
398,1,1,1,0.21130619943141937,3.640627145767212,0.3024404048919678,3.7888667583465576,0.25499242544174194,3.777404308319092,0.20669244229793549,3.8258605003356934
399,1,1,1,0.25954389572143555,3.6024303436279297,0.37149232625961304,3.694152355194092,0.31127431988716125,3.6814675331115723,0.2357700914144516,3.7463228702545166
400,1,1,1,0.2613276243209839,3.595506191253662,0.3714674413204193,3.6859633922576904,0.31414419412612915,3.6668357849121094,0.22576530277729034,3.698446273803711
401,1,2,0,0.12325115501880646,3.6154141426086426,0.0909598171710968,3.927201986312866,0.1464146226644516,3.877764940261841,0.1227678582072258,3.992694854736328
402,1,1,1,0.23026695847511292,3.6076316833496094,0.30851900577545166,3.7216291427612305,0.26726919412612915,3.7057156562805176,0.19750477373600006,3.73400616645813
403,1,1,1,0.2891696095466614,3.605393171310425,0.4329061508178711,3.6796951293945312,0.35535913705825806,3.661114454269409,0.2690329849720001,3.7011630535125732
404,1,1,1,0.24058564007282257,3.605593681335449,0.3326839506626129,3.715115785598755,0.27883848547935486,3.698091745376587,0.21468430757522583,3.777385711669922
405,1,2,0,0.1558239907026291,3.6625046730041504,0.17496412992477417,3.9136576652526855,0.18810786306858063,3.9941728115081787,0.11033163219690323,4.081105709075928
406,1,1,1,0.33900919556617737,3.5864226818084717,0.5259436964988708,3.641082286834717,0.4295380115509033,3.6219232082366943,0.32356107234954834,3.6609792709350586
407,1,1,1,0.27294921875,3.5997681617736816,0.40680304169654846,3.6850099563598633,0.33814969658851624,3.67707896232605,0.2513153553009033,3.7073750495910645
408,1,1,1,0.18337950110435486,3.6253089904785156,0.22559091448783875,3.7955031394958496,0.22166971862316132,3.809889793395996,0.180524542927742,3.8822035789489746
409,1,1,1,0.3411889970302582,3.5872981548309326,0.5198003053665161,3.642025947570801,0.42448580265045166,3.6217663288116455,0.3195352256298065,3.6535894870758057
410,1,1,1,0.332240492105484,3.5858702659606934,0.5131437182426453,3.6438779830932617,0.418666273355484,3.614794969558716,0.31301817297935486,3.6553547382354736
411,1,1,1,0.22864516079425812,3.6283938884735107,0.31729811429977417,3.7607367038726807,0.2662527859210968,3.739586114883423,0.20430085062980652,3.7864599227905273
412,1,1,1,0.1507319211959839,3.6340136528015137,0.15942880511283875,3.884492874145508,0.17042012512683868,3.8827037811279297,0.1340680718421936,3.9567415714263916
413,1,1,1,0.22047393023967743,3.6141581535339355,0.2897152006626129,3.7397286891937256,0.25115591287612915,3.7114744186401367,0.18965241312980652,3.7912988662719727
414,1,1,1,0.23218519985675812,3.606484889984131,0.32078084349632263,3.71871018409729,0.2790078818798065,3.705918073654175,0.20274633169174194,3.731839179992676
415,1,1,1,0.15887077152729034,3.633397102355957,0.17537268996238708,3.8506734371185303,0.17664819955825806,3.8278331756591797,0.1320551633834839,3.861454963684082
416,1,1,1,0.1981823891401291,3.632617712020874,0.2616489827632904,3.80517578125,0.2331792116165161,3.7881624698638916,0.1856863796710968,3.83717942237854
417,1,1,1,0.24426019191741943,3.616891622543335,0.3576909303665161,3.724529981613159,0.2948620915412903,3.7118282318115234,0.2214006632566452,3.7585742473602295
418,1,1,1,0.20522759854793549,3.6603786945343018,0.30178770422935486,3.8322768211364746,0.25144490599632263,3.8268537521362305,0.20322464406490326,3.844954490661621
419,1,1,1,0.29870355129241943,3.6135261058807373,0.4756756126880646,3.6984810829162598,0.3935048580169678,3.6923954486846924,0.29982462525367737,3.720752477645874
420,1,1,1,0.19353625178337097,3.597036838531494,0.22997547686100006,3.7260220050811768,0.2553611099720001,3.749238967895508,0.16892537474632263,3.837895154953003
421,1,1,1,0.2582584321498871,3.625300168991089,0.3918556571006775,3.7309625148773193,0.3189871609210968,3.7326855659484863,0.23885920643806458,3.7811431884765625
422,1,1,1,0.33701369166374207,3.5662550926208496,0.4932238459587097,3.6234140396118164,0.4056321680545807,3.5936224460601807,0.28820550441741943,3.6281723976135254
423,1,1,1,0.2931256890296936,3.599041223526001,0.436976820230484,3.672724962234497,0.35670438408851624,3.6537601947784424,0.26572462916374207,3.7136428356170654
424,1,1,1,0.3015410602092743,3.5931708812713623,0.45436063408851624,3.657195806503296,0.37544840574264526,3.634843587875366,0.27264028787612915,3.6798245906829834
425,1,1,1,0.2916758060455322,3.582758903503418,0.41023096442222595,3.645399808883667,0.34072065353393555,3.641904592514038,0.227399542927742,3.7004382610321045
426,1,1,1,0.17083615064620972,3.627007007598877,0.19895966351032257,3.816012144088745,0.21925820410251617,3.839431047439575,0.1512276828289032,3.882446050643921
427,1,1,1,0.22898396849632263,3.6105575561523438,0.30962511897087097,3.7253754138946533,0.26795679330825806,3.707698106765747,0.20133130252361298,3.759552478790283
428,1,1,1,0.19681969285011292,3.641718864440918,0.2608816921710968,3.7997326850891113,0.22697106003761292,3.796022415161133,0.19114716351032257,3.8334896564483643
429,1,1,1,0.16950832307338715,3.611769199371338,0.1862444132566452,3.788978099822998,0.19938814640045166,3.811234951019287,0.15391820669174194,3.8747894763946533
430,1,1,1,0.2017473429441452,3.6099674701690674,0.2588239312171936,3.7474541664123535,0.2448481321334839,3.756908655166626,0.1778738796710968,3.843921661376953
431,1,1,1,0.30126953125,3.6036202907562256,0.4667171537876129,3.6794772148132324,0.38612085580825806,3.667750597000122,0.2850366532802582,3.7242343425750732
432,1,1,1,0.29808324575424194,3.5960235595703125,0.44057416915893555,3.6604807376861572,0.36519449949264526,3.642026901245117,0.27431440353393555,3.6636152267456055
433,1,1,1,0.28981485962867737,3.5836901664733887,0.41448599100112915,3.65443754196167,0.3448760211467743,3.634401559829712,0.23909837007522583,3.6769192218780518
434,1,1,1,0.3461814224720001,3.5924222469329834,0.5470693111419678,3.641326427459717,0.4569714367389679,3.6169698238372803,0.3378109037876129,3.6513864994049072
435,1,1,1,0.26760801672935486,3.5996928215026855,0.38034120202064514,3.6765222549438477,0.32078084349632263,3.6572022438049316,0.2378029227256775,3.7092692852020264
436,1,1,1,0.22018493711948395,3.62457013130188,0.30440348386764526,3.7693099975585938,0.25980547070503235,3.7686023712158203,0.19485411047935486,3.831850290298462
437,1,1,1,0.3299585282802582,3.5834288597106934,0.49875935912132263,3.635575294494629,0.40347975492477417,3.6107187271118164,0.3012595474720001,3.648716688156128
438,1,1,1,0.18998375535011292,3.721797466278076,0.29340222477912903,3.950039863586426,0.2655552327632904,4.012420654296875,0.17081871628761292,4.115622520446777
439,1,1,1,0.15472286939620972,3.6788768768310547,0.17673787474632263,3.943927526473999,0.18781886994838715,3.969545841217041,0.11395886540412903,4.078524112701416
440,1,1,1,0.2173100709915161,3.5778400897979736,0.2675681412220001,3.677870512008667,0.26006457209587097,3.678327798843384,0.1782924085855484,3.750838279724121
441,1,1,1,0.2680738866329193,3.610527276992798,0.39883607625961304,3.7032904624938965,0.3290218412876129,3.688624382019043,0.24705037474632263,3.733220338821411
442,1,1,1,0.22576779127120972,3.622389078140259,0.3154047727584839,3.754055976867676,0.2689134180545807,3.74894380569458,0.19499361515045166,3.777698278427124
443,1,1,1,0.220458984375,3.620414972305298,0.29551976919174194,3.7346572875976562,0.2628348171710968,3.7294888496398926,0.19716596603393555,3.772667646408081
444,1,1,1,0.3307158648967743,3.5941002368927,0.5166513919830322,3.6535866260528564,0.4285116195678711,3.6395750045776367,0.3238002061843872,3.683326244354248
445,1,1,1,0.18312041461467743,3.621377944946289,0.21663245558738708,3.8013293743133545,0.20030492544174194,3.7899110317230225,0.1603754758834839,3.8374550342559814
446,1,1,1,0.21676447987556458,3.637517213821411,0.31299325823783875,3.775752544403076,0.26724928617477417,3.7559938430786133,0.2133091539144516,3.7896852493286133
447,1,1,1,0.2933847904205322,3.6069443225860596,0.4443259537220001,3.679001569747925,0.36673906445503235,3.6638317108154297,0.2737962305545807,3.7136409282684326
448,1,1,1,0.28213685750961304,3.602505922317505,0.427021861076355,3.6834723949432373,0.3503766655921936,3.6689798831939697,0.25436463952064514,3.722949266433716
449,1,1,1,0.22166971862316132,3.618195056915283,0.30411452054977417,3.7457115650177,0.2661830186843872,3.7270514965057373,0.20659278333187103,3.7518811225891113
450,1,1,1,0.23863251507282257,3.6233909130096436,0.35619619488716125,3.7356693744659424,0.2984793484210968,3.7278735637664795,0.22158002853393555,3.7692930698394775
451,1,1,1,0.21626374125480652,3.573885440826416,0.262939453125,3.6811816692352295,0.26529616117477417,3.692746877670288,0.17936861515045166,3.7656667232513428
452,1,1,1,0.28629225492477417,3.6070570945739746,0.4410076439380646,3.6924033164978027,0.36764588952064514,3.679460048675537,0.28876355290412903,3.715646266937256
453,1,1,1,0.2940499484539032,3.611933946609497,0.45747965574264526,3.682208299636841,0.3798927664756775,3.664428234100342,0.2950015962123871,3.7096338272094727
454,1,1,1,0.13668137788772583,3.6422855854034424,0.12342553585767746,3.9373083114624023,0.1455775648355484,3.930248498916626,0.1104910671710968,4.0294013023376465
455,1,1,1,0.2334681898355484,3.61838960647583,0.33740732073783875,3.7300610542297363,0.28567442297935486,3.7216408252716064,0.22024473547935486,3.775404930114746
456,1,1,1,0.3299585282802582,3.5834288597106934,0.49875935912132263,3.635575294494629,0.40347975492477417,3.6107187271118164,0.3012595474720001,3.648716688156128
457,1,1,1,0.28307607769966125,3.59855318069458,0.42263731360435486,3.6769585609436035,0.3452646732330322,3.6629531383514404,0.25193318724632263,3.7219364643096924
458,1,1,1,0.26828810572624207,3.601078987121582,0.3968082368373871,3.694077253341675,0.3320810794830322,3.675588846206665,0.2532684803009033,3.712857961654663
459,1,1,1,0.25384894013404846,3.596592664718628,0.3604561984539032,3.692335367202759,0.30513590574264526,3.6618006229400635,0.23469386994838715,3.7150135040283203
460,1,1,1,0.20272889733314514,3.6629884243011475,0.29341715574264526,3.84645938873291,0.23844067752361298,3.8470828533172607,0.18628427386283875,3.9040334224700928
461,1,1,1,0.24017706513404846,3.6173696517944336,0.3352997303009033,3.7145893573760986,0.29063695669174194,3.6918673515319824,0.22255659103393555,3.7052924633026123
462,1,1,1,0.21145567297935486,3.629429817199707,0.2954549789428711,3.777061939239502,0.2590680718421936,3.788329839706421,0.1878587305545807,3.8244218826293945
463,1,1,1,0.17526556551456451,3.652083158493042,0.20527741312980652,3.855534076690674,0.1926618218421936,3.8769524097442627,0.1404256969690323,3.917825698852539
464,1,1,1,0.3302724361419678,3.5875587463378906,0.5074387788772583,3.6540331840515137,0.4139827787876129,3.629260540008545,0.31267935037612915,3.6751863956451416
465,1,1,1,0.2373495250940323,3.6101980209350586,0.3444575071334839,3.7239274978637695,0.30224609375,3.7188355922698975,0.22616389393806458,3.736076831817627
466,1,1,1,0.20447026193141937,3.628880500793457,0.2755649983882904,3.7688539028167725,0.2428152859210968,3.7644765377044678,0.18877550959587097,3.812605619430542
467,1,1,1,0.1990717649459839,3.5916481018066406,0.23756377398967743,3.7160654067993164,0.23970623314380646,3.7566826343536377,0.16477997601032257,3.843613862991333
468,1,1,1,0.17941346764564514,3.6024882793426514,0.20622408390045166,3.75936222076416,0.2240513414144516,3.7783756256103516,0.16641421616077423,3.858682632446289
469,1,1,1,0.31508341431617737,3.5955073833465576,0.4782615005970001,3.6548562049865723,0.3916912376880646,3.631617784500122,0.2940250337123871,3.6715245246887207
470,1,1,1,0.23795489966869354,3.5908267498016357,0.31675001978874207,3.688279628753662,0.29586854577064514,3.698763847351074,0.19104750454425812,3.7843730449676514
471,1,1,1,0.2157331109046936,3.6208643913269043,0.2992914915084839,3.752201557159424,0.2574637234210968,3.751906156539917,0.18821747601032257,3.8070733547210693
472,1,1,1,0.2903529405593872,3.5840325355529785,0.42032545804977417,3.6584441661834717,0.3484135866165161,3.6381707191467285,0.25651705265045166,3.682542085647583
473,1,1,1,0.12471848726272583,3.5088188648223877,0.09485610574483871,3.634572982788086,0.1996372789144516,3.755016565322876,0.1571667641401291,3.8691351413726807
474,1,1,1,0.22062838077545166,3.618561029434204,0.3048120439052582,3.732154130935669,0.2622668147087097,3.736084222793579,0.18937340378761292,3.7980425357818604
475,1,1,1,0.2602364718914032,3.6075282096862793,0.38630518317222595,3.7010562419891357,0.3246472477912903,3.6888487339019775,0.24593430757522583,3.7253646850585938
476,1,1,1,0.21456971764564514,3.6516544818878174,0.2946876883506775,3.8334600925445557,0.24892377853393555,3.8546836376190186,0.18098293244838715,3.9911904335021973
477,1,1,1,0.2658242881298065,3.598674774169922,0.3868233859539032,3.6921441555023193,0.33235013484954834,3.683197498321533,0.2357700914144516,3.721808910369873
478,1,1,1,0.12471848726272583,3.5088188648223877,0.09485610574483871,3.634572982788086,0.1996372789144516,3.755016565322876,0.1571667641401291,3.8691351413726807
479,1,1,1,0.19887994229793549,3.632528305053711,0.2667261064052582,3.7742514610290527,0.23534159362316132,3.772240400314331,0.17621970176696777,3.8135037422180176
480,1,1,1,0.2092633843421936,3.6371309757232666,0.28700971603393555,3.7811784744262695,0.2498006969690323,3.760810613632202,0.19282126426696777,3.8051679134368896
481,1,1,1,0.23446716368198395,3.6024203300476074,0.31553930044174194,3.7100110054016113,0.27471300959587097,3.7059996128082275,0.20972177386283875,3.7820963859558105
482,1,1,1,0.23961156606674194,3.5971803665161133,0.31691446900367737,3.6815552711486816,0.2842594087123871,3.6764705181121826,0.1965680718421936,3.736591339111328
483,1,1,1,0.13472327589988708,3.5480685234069824,0.10962411761283875,3.6825742721557617,0.20042450726032257,3.7620444297790527,0.15567202866077423,3.879016876220703
484,1,1,1,0.26741617918014526,3.600011110305786,0.39554765820503235,3.6872448921203613,0.33220064640045166,3.6679065227508545,0.23941724002361298,3.7093148231506348
485,1,1,1,0.2275839000940323,3.607647180557251,0.31738778948783875,3.719627618789673,0.27460339665412903,3.7282721996307373,0.2030652016401291,3.7842772006988525
486,1,1,1,0.2347511649131775,3.6061806678771973,0.32069116830825806,3.728637218475342,0.2771444320678711,3.715590476989746,0.19547192752361298,3.7750816345214844
487,1,1,1,0.24886150658130646,3.603093147277832,0.3477608859539032,3.7014055252075195,0.2959681749343872,3.6966094970703125,0.21984614431858063,3.7563230991363525
488,1,1,1,0.25950902700424194,3.5952346324920654,0.36490553617477417,3.6888091564178467,0.30953043699264526,3.6642520427703857,0.23917809128761292,3.694275379180908
489,1,1,1,0.2588064968585968,3.6043295860290527,0.38473573327064514,3.7179415225982666,0.32502591609954834,3.7205445766448975,0.23290018737316132,3.7740886211395264
490,1,1,1,0.1984962821006775,3.6217901706695557,0.25164419412612915,3.7687008380889893,0.23020966351032257,3.7586355209350586,0.18431122601032257,3.842128038406372
491,1,1,1,0.12866957485675812,3.5522663593292236,0.09822922945022583,3.7524220943450928,0.18179009854793549,3.812201976776123,0.14710219204425812,3.89269757270813
492,1,1,1,0.25726690888404846,3.629598379135132,0.39163145422935486,3.740859031677246,0.3221859037876129,3.7345664501190186,0.24342314898967743,3.774275302886963
493,1,1,1,0.20733019709587097,3.6273791790008545,0.25913283228874207,3.756772756576538,0.25050821900367737,3.771510362625122,0.16368383169174194,3.8117618560791016
494,1,1,1,0.17249032855033875,3.6085009574890137,0.1881028711795807,3.7777395248413086,0.2047991007566452,3.800652027130127,0.15780451893806458,3.885956048965454
495,1,1,1,0.19834931194782257,3.6202664375305176,0.24008987843990326,3.767530679702759,0.23873962461948395,3.7890474796295166,0.15190528333187103,3.8732616901397705
496,1,1,1,0.20560875535011292,3.6306447982788086,0.27734872698783875,3.7742745876312256,0.2569156587123871,3.7709641456604004,0.21027980744838715,3.808548927307129
497,1,1,1,0.2174595445394516,3.6205406188964844,0.2919573187828064,3.743997097015381,0.2561981678009033,3.722248077392578,0.19172511994838715,3.772869110107422
498,1,1,1,0.2960454225540161,3.5938234329223633,0.4402752220630646,3.666429042816162,0.3661411702632904,3.646653890609741,0.2674585282802582,3.6862146854400635
499,1,1,1,0.24388153851032257,3.6052749156951904,0.34211575984954834,3.702697277069092,0.29362642765045166,3.6985340118408203,0.21308991312980652,3.7425177097320557
500,1,3,0,0.12637266516685486,3.6541290283203125,0.0997140035033226,4.014140605926514,0.13793446123600006,3.9526803493499756,0.10618622601032257,4.009008884429932
501,1,1,1,0.13643723726272583,3.652564525604248,0.1388711780309677,3.989487648010254,0.1546556055545807,4.007796287536621,0.13133768737316132,4.1282243728637695
502,1,1,1,0.28164610266685486,3.603361129760742,0.4239427149295807,3.692103385925293,0.34683912992477417,3.6762914657592773,0.25876912474632263,3.709103584289551
503,1,1,1,0.24941454827785492,3.6115643978118896,0.3549007475376129,3.713533639907837,0.29913702607154846,3.6943936347961426,0.2216198891401291,3.7265288829803467
504,1,1,1,0.2608044743537903,3.591580867767334,0.3597586452960968,3.6716156005859375,0.3080954849720001,3.652888298034668,0.22472895681858063,3.6934196949005127
505,1,1,1,0.27023378014564514,3.6101739406585693,0.4169921875,3.7031614780426025,0.3430624008178711,3.7011356353759766,0.25135523080825806,3.771963119506836
506,1,1,1,0.18845413625240326,3.6382803916931152,0.2467663735151291,3.8062875270843506,0.21762396395206451,3.8065388202667236,0.17323023080825806,3.829613447189331
507,1,1,1,0.2637316584587097,3.5978236198425293,0.37332090735435486,3.6829047203063965,0.31247010827064514,3.666741132736206,0.23009008169174194,3.705240249633789
508,1,1,1,0.3143136203289032,3.5791008472442627,0.46622389554977417,3.6465539932250977,0.3766143023967743,3.623802661895752,0.28029337525367737,3.6817405223846436
509,1,1,1,0.13612085580825806,3.6123170852661133,0.11835837364196777,3.8616292476654053,0.17283162474632263,3.841616630554199,0.13873165845870972,3.9370779991149902
510,1,1,1,0.3299585282802582,3.5834288597106934,0.49875935912132263,3.635575294494629,0.40347975492477417,3.6107187271118164,0.3012595474720001,3.648716688156128
511,1,1,1,0.19088059663772583,3.6066482067108154,0.22923310101032257,3.752434253692627,0.23657724261283875,3.767238140106201,0.17388790845870972,3.8476791381835938
512,1,1,1,0.31879284977912903,3.576371908187866,0.47442004084587097,3.64654803276062,0.38654932379722595,3.6282126903533936,0.2847975194454193,3.6721484661102295
513,1,1,1,0.2684500515460968,3.5915756225585938,0.37828344106674194,3.6799914836883545,0.3139548599720001,3.661461353302002,0.24206791818141937,3.720978021621704
514,1,1,1,0.21109195053577423,3.6306204795837402,0.2855947017669678,3.776674747467041,0.24824616312980652,3.7663373947143555,0.18682238459587097,3.826861619949341
515,1,1,1,0.26222696900367737,3.6127588748931885,0.38347017765045166,3.7136714458465576,0.31735292077064514,3.6947906017303467,0.24657206237316132,3.7250242233276367
516,1,1,1,0.3299585282802582,3.5834288597106934,0.49875935912132263,3.635575294494629,0.40347975492477417,3.6107187271118164,0.3012595474720001,3.648716688156128
517,1,1,1,0.265869140625,3.6109800338745117,0.406758189201355,3.70023775100708,0.3403220474720001,3.6861090660095215,0.24410076439380646,3.7204442024230957
518,1,1,1,0.27632981538772583,3.6091814041137695,0.41503408551216125,3.6923012733459473,0.3473672568798065,3.6745173931121826,0.2603834569454193,3.707998514175415
519,1,1,1,0.2633828818798065,3.5953803062438965,0.36746153235435486,3.675448417663574,0.31330716609954834,3.652778148651123,0.22606424987316132,3.698845148086548
520,1,1,1,0.26182088255882263,3.557161569595337,0.33930066227912903,3.647792100906372,0.3072783648967743,3.647165536880493,0.2019292116165161,3.70173716545105
521,1,1,1,0.2976871430873871,3.6027750968933105,0.4500408470630646,3.6772210597991943,0.3752192258834839,3.643517255783081,0.2814692258834839,3.6873185634613037
522,1,1,1,0.2701764702796936,3.5934386253356934,0.38623544573783875,3.6730220317840576,0.3255341053009033,3.666003465652466,0.2329799085855484,3.711548328399658
523,1,1,1,0.16125239431858063,3.658787488937378,0.17290636897087097,3.9015934467315674,0.18714125454425812,3.9508519172668457,0.12029655277729034,4.041914939880371
524,1,1,1,0.22390435636043549,3.602200746536255,0.3062669336795807,3.712472915649414,0.28531569242477417,3.727158308029175,0.1984614133834839,3.756175994873047
525,1,1,1,0.2350027859210968,3.6222171783447266,0.33395448327064514,3.7458746433258057,0.27941644191741943,3.742225408554077,0.2097616344690323,3.7727315425872803
526,1,1,1,0.25099897384643555,3.6014609336853027,0.349818617105484,3.698119878768921,0.29517099261283875,3.682286262512207,0.22875477373600006,3.737149238586426
527,1,1,1,0.1789201945066452,3.6066277027130127,0.20244239270687103,3.778346538543701,0.21088767051696777,3.8038084506988525,0.15949855744838715,3.8725478649139404
528,1,1,1,0.2030029296875,3.6239891052246094,0.27308374643325806,3.771461009979248,0.2382214516401291,3.7603111267089844,0.18367347121238708,3.8249783515930176
529,1,1,1,0.24536381661891937,3.622523784637451,0.3579599857330322,3.7395050525665283,0.29375597834587097,3.7225821018218994,0.2265027016401291,3.762516498565674
530,1,1,1,0.21870514750480652,3.636678457260132,0.31056180596351624,3.78389573097229,0.26523634791374207,3.784799098968506,0.20234772562980652,3.8197576999664307
531,1,1,1,0.2587467133998871,3.615252733230591,0.3932158648967743,3.731170892715454,0.3233119249343872,3.7386653423309326,0.2370854616165161,3.7700908184051514
532,1,1,1,0.28571179509162903,3.6081509590148926,0.4375797212123871,3.689720392227173,0.3602718412876129,3.6694419384002686,0.27032843232154846,3.7146122455596924
533,1,1,1,0.18071886897087097,3.641476631164551,0.2270607352256775,3.824519395828247,0.2014608532190323,3.8189642429351807,0.15240353345870972,3.8565449714660645
534,1,1,1,0.22879962623119354,3.6258246898651123,0.31939074397087097,3.744504928588867,0.2754005789756775,3.729637861251831,0.20868542790412903,3.7706046104431152
535,1,1,1,0.18234315514564514,3.603792667388916,0.20721061527729034,3.755722761154175,0.2187599539756775,3.7647247314453125,0.15634964406490326,3.8285531997680664
536,1,1,1,0.1987827867269516,3.587256908416748,0.23693597316741943,3.6925389766693115,0.249372199177742,3.713686227798462,0.17024074494838715,3.766916513442993
537,1,1,1,0.23044632375240326,3.6037750244140625,0.30509108304977417,3.7149250507354736,0.2741350531578064,3.6970555782318115,0.18985171616077423,3.7113163471221924
538,1,1,1,0.22065578401088715,3.6070473194122314,0.28272977471351624,3.728451728820801,0.24820630252361298,3.7029869556427,0.17994658648967743,3.7623214721679688
539,1,1,1,0.2632608115673065,3.598694086074829,0.3746761381626129,3.6983203887939453,0.3156588673591614,3.690343141555786,0.23439492285251617,3.7444944381713867
540,1,1,1,0.16991688311100006,3.6377151012420654,0.20377770066261292,3.8404605388641357,0.19856105744838715,3.8338351249694824,0.1545161008834839,3.8966851234436035
541,1,1,1,0.2269984632730484,3.618422031402588,0.32167768478393555,3.7210278511047363,0.2805424928665161,3.7201008796691895,0.20709103345870972,3.748243570327759
542,1,1,1,0.1880754679441452,3.609788656234741,0.22275091707706451,3.754758834838867,0.21514269709587097,3.770819902420044,0.16362403333187103,3.8390986919403076
543,1,1,1,0.2710284888744354,3.589909315109253,0.3792400658130646,3.671759843826294,0.32643094658851624,3.6645705699920654,0.2373046875,3.6928696632385254
544,1,1,1,0.3150385618209839,3.592895746231079,0.49342313408851624,3.6731157302856445,0.4090301990509033,3.6466734409332275,0.3196747303009033,3.690835475921631
545,1,1,1,0.2518061399459839,3.6354660987854004,0.3887416124343872,3.753018379211426,0.3225446343421936,3.7614619731903076,0.2374441921710968,3.808544635772705
546,1,1,1,0.1755993813276291,3.6070055961608887,0.1950085610151291,3.7759268283843994,0.20311503112316132,3.8002257347106934,0.15425701439380646,3.8635659217834473
547,1,1,1,0.27001702785491943,3.6173341274261475,0.4129663407802582,3.709280490875244,0.342793345451355,3.6935174465179443,0.25779256224632263,3.739543914794922
548,1,1,1,0.3240194320678711,3.5810985565185547,0.4885752201080322,3.6417360305786133,0.3974509537220001,3.621361494064331,0.29396525025367737,3.680610179901123
549,1,1,1,0.23660464584827423,3.6090760231018066,0.3247169852256775,3.71105694770813,0.2786889970302582,3.69685697555542,0.20643335580825806,3.7391388416290283
550,1,1,1,0.3112643361091614,3.600052833557129,0.4900251030921936,3.670970916748047,0.4033203125,3.6537530422210693,0.3081552982330322,3.688720703125
551,1,1,1,0.13633011281490326,3.6274759769439697,0.11729711294174194,3.8884971141815186,0.15547272562980652,3.887706756591797,0.11981824040412903,3.9612441062927246
552,1,1,1,0.19170519709587097,3.623570442199707,0.23637793958187103,3.7852113246917725,0.2175542116165161,3.7893002033233643,0.1784917116165161,3.8479232788085938
553,1,1,1,0.25571486353874207,3.603705883026123,0.3696986436843872,3.700404405593872,0.3076769709587097,3.6862287521362305,0.23003028333187103,3.7211921215057373
554,1,1,1,0.3299585282802582,3.5834288597106934,0.49875935912132263,3.635575294494629,0.40347975492477417,3.6107187271118164,0.3012595474720001,3.648716688156128
555,1,1,1,0.21926568448543549,3.6219394207000732,0.3088030219078064,3.7574462890625,0.26608338952064514,3.7625272274017334,0.19264189898967743,3.7877094745635986
556,1,1,1,0.17683503031730652,3.6006932258605957,0.1953473687171936,3.751728057861328,0.207868292927742,3.780057430267334,0.15906010568141937,3.8393685817718506
557,1,1,1,0.1854870766401291,3.6027989387512207,0.22236227989196777,3.7471823692321777,0.23210299015045166,3.7659711837768555,0.1745256632566452,3.821742534637451
558,1,1,1,0.19181978702545166,3.6594717502593994,0.2637665271759033,3.8411378860473633,0.22125118970870972,3.8183579444885254,0.1874402016401291,3.852525234222412
559,1,1,1,0.27000707387924194,3.611009120941162,0.4159109890460968,3.7019946575164795,0.3513432741165161,3.685971975326538,0.25197306275367737,3.7321839332580566
560,1,1,1,0.19900201261043549,3.6376986503601074,0.26869916915893555,3.805967092514038,0.2303989976644516,3.8051555156707764,0.19208386540412903,3.8538079261779785
561,1,1,1,0.2952108383178711,3.605071783065796,0.4416055381298065,3.684662342071533,0.36589205265045166,3.6768887042999268,0.2764269709587097,3.702955961227417
562,1,1,1,0.17256008088588715,3.6662046909332275,0.22207330167293549,3.8912296295166016,0.1950932741165161,3.874501943588257,0.1622488796710968,3.8930106163024902
563,1,1,1,0.3152827024459839,3.591867685317993,0.4845045208930969,3.6557250022888184,0.3990154564380646,3.629239320755005,0.2974131107330322,3.684513807296753
564,1,1,1,0.2811354100704193,3.5999467372894287,0.4157266318798065,3.6742970943450928,0.34033203125,3.6579508781433105,0.2535076439380646,3.702122688293457
565,1,1,1,0.23399384319782257,3.6105167865753174,0.32238519191741943,3.720635414123535,0.27974528074264526,3.7088661193847656,0.21412627398967743,3.7416231632232666
566,1,1,1,0.18118223547935486,3.6062865257263184,0.20729033648967743,3.762066125869751,0.21789301931858063,3.7993688583374023,0.16157126426696777,3.9011964797973633
567,1,1,1,0.20700882375240326,3.6267645359039307,0.28081652522087097,3.7711360454559326,0.24715003371238708,3.75469708442688,0.1896723508834839,3.803614616394043
568,1,1,1,0.25245386362075806,3.6123034954071045,0.36634546518325806,3.7173147201538086,0.3070790767669678,3.6977219581604004,0.2299107164144516,3.7221741676330566
569,1,1,1,0.28678053617477417,3.598283529281616,0.4297771751880646,3.673015832901001,0.355677992105484,3.654301881790161,0.2627750337123871,3.678422451019287
570,1,1,1,0.3658372461795807,3.5711610317230225,0.5614885687828064,3.617323160171509,0.4570910334587097,3.5940701961517334,0.33681440353393555,3.6485207080841064
571,1,1,1,0.193341925740242,3.635364532470703,0.2576729953289032,3.7904131412506104,0.229840949177742,3.783784866333008,0.172712042927742,3.8070621490478516
572,1,1,1,0.19811014831066132,3.5961923599243164,0.24100665748119354,3.7285356521606445,0.24272559583187103,3.754905939102173,0.17336973547935486,3.8484883308410645
573,1,1,1,0.23669931292533875,3.6038122177124023,0.32568857073783875,3.7138311862945557,0.27312856912612915,3.6956839561462402,0.21388711035251617,3.7637906074523926
574,1,1,1,0.24739666283130646,3.600924491882324,0.3451699912548065,3.7050392627716064,0.2937360405921936,3.6924381256103516,0.2211216539144516,3.752230644226074
575,1,1,1,0.2655751705169678,3.5632340908050537,0.3546566069126129,3.646127462387085,0.3118821680545807,3.6371333599090576,0.20469945669174194,3.7083048820495605
576,1,1,1,0.34004801511764526,3.569803237915039,0.5084053874015808,3.625535249710083,0.4156070649623871,3.602297067642212,0.3084542453289032,3.638625144958496
577,1,1,1,0.24781019985675812,3.6233651638031006,0.369648814201355,3.7213776111602783,0.3079759180545807,3.715394973754883,0.22983099520206451,3.7667360305786133
578,1,1,1,0.14721928536891937,3.6728994846343994,0.15435665845870972,3.9483859539031982,0.17408721148967743,3.979736804962158,0.10632573068141937,4.075351238250732
579,1,1,1,0.23139797151088715,3.6028099060058594,0.3158731162548065,3.711043119430542,0.2786889970302582,3.710480213165283,0.20206871628761292,3.734096050262451
580,1,1,1,0.30076131224632263,3.5885212421417236,0.4529256820678711,3.6707515716552734,0.37867704033851624,3.649561882019043,0.28190767765045166,3.6684341430664062
581,1,1,1,0.22144052386283875,3.598618507385254,0.29403001070022583,3.7119617462158203,0.2792868912220001,3.7059621810913086,0.20539699494838715,3.7595574855804443
582,1,1,1,0.20609204471111298,3.6316559314727783,0.28058233857154846,3.769115924835205,0.24096180498600006,3.7587361335754395,0.18811781704425812,3.8033690452575684
583,1,1,1,0.25939443707466125,3.6036131381988525,0.374476820230484,3.688992738723755,0.3180903196334839,3.6828420162200928,0.23537148535251617,3.7250635623931885
584,1,1,1,0.21566584706306458,3.607462167739868,0.27717435359954834,3.7249505519866943,0.2524513602256775,3.709599733352661,0.17546236515045166,3.7852113246917725
585,1,1,1,0.1292375773191452,3.6189448833465576,0.10495056957006454,3.9052412509918213,0.15632972121238708,3.9138195514678955,0.12838807702064514,4.001086711883545
586,1,1,1,0.17155611515045166,3.6031017303466797,0.1903599351644516,3.776501178741455,0.21752430498600006,3.78794264793396,0.15908002853393555,3.861814022064209
587,1,1,1,0.3299585282802582,3.5834288597106934,0.49875935912132263,3.635575294494629,0.40347975492477417,3.6107187271118164,0.3012595474720001,3.648716688156128
588,1,1,1,0.21749192476272583,3.6215708255767822,0.2982700765132904,3.751737356185913,0.25521165132522583,3.744523763656616,0.20268653333187103,3.7859389781951904
589,1,1,1,0.1958107352256775,3.6386005878448486,0.2645338475704193,3.794455051422119,0.23192362487316132,3.7837929725646973,0.18592554330825806,3.8436059951782227
590,1,1,1,0.15646424889564514,3.6595230102539062,0.171247199177742,3.8973231315612793,0.18773914873600006,3.9330148696899414,0.11288265138864517,4.037252902984619
591,1,1,1,0.21578045189380646,3.626697063446045,0.30092573165893555,3.7624549865722656,0.2576630115509033,3.749274969100952,0.20282605290412903,3.80200457572937
592,1,1,1,0.20247229933738708,3.629758596420288,0.2728097140789032,3.7714505195617676,0.24171914160251617,3.7636971473693848,0.1861049085855484,3.8054187297821045
593,1,1,1,0.2173100709915161,3.5778400897979736,0.2675681412220001,3.677870512008667,0.26006457209587097,3.678327798843384,0.1782924085855484,3.750838279724121
594,1,1,1,0.21550391614437103,3.5796313285827637,0.2648577094078064,3.676436185836792,0.2689233720302582,3.7001888751983643,0.1840919852256775,3.792248487472534
595,1,1,1,0.18072384595870972,3.6649067401885986,0.23555584251880646,3.8824164867401123,0.19832190871238708,3.872022867202759,0.16418208181858063,3.9626123905181885
596,1,1,1,0.29329508543014526,3.580662727355957,0.42749521136283875,3.66249418258667,0.36185625195503235,3.6397433280944824,0.27074697613716125,3.672064781188965
597,1,1,1,0.19562141597270966,3.61306095123291,0.23499780893325806,3.765737295150757,0.23209302127361298,3.769911050796509,0.1527622789144516,3.8189172744750977
598,1,1,1,0.2907017171382904,3.597651958465576,0.4406040608882904,3.6757471561431885,0.3586176633834839,3.663137674331665,0.26468828320503235,3.709810972213745
599,1,1,1,0.20148327946662903,3.627248764038086,0.2704031765460968,3.7789978981018066,0.24334342777729034,3.7715396881103516,0.1884167641401291,3.7966997623443604
600,1,1,1,0.2981380522251129,3.5754001140594482,0.4325125515460968,3.6484270095825195,0.3578304350376129,3.624495267868042,0.26397082209587097,3.678595781326294
601,1,1,1,0.1897221803665161,3.615525960922241,0.23261618614196777,3.77728271484375,0.21810227632522583,3.78224515914917,0.17514349520206451,3.8409194946289062
602,1,1,1,0.2448655664920807,3.610971450805664,0.351318359375,3.727531909942627,0.28726881742477417,3.7241570949554443,0.21817202866077423,3.79154109954834
603,1,1,1,0.3122633397579193,3.583214282989502,0.46498823165893555,3.65261173248291,0.3842673599720001,3.6445205211639404,0.2852359712123871,3.6897008419036865
604,1,1,1,0.18478704988956451,3.6263296604156494,0.22744937241077423,3.7835705280303955,0.2158203125,3.7647058963775635,0.18132174015045166,3.798417329788208
605,1,1,1,0.3299585282802582,3.5834288597106934,0.49875935912132263,3.635575294494629,0.40347975492477417,3.6107187271118164,0.3012595474720001,3.648716688156128
606,1,1,1,0.34023237228393555,3.5852224826812744,0.5208017826080322,3.6467227935791016,0.4268175959587097,3.6268677711486816,0.3165457546710968,3.6663098335266113
607,1,1,1,0.15432427823543549,3.6380615234375,0.16870614886283875,3.8749260902404785,0.16996173560619354,3.88250470161438,0.1423588991165161,3.9539408683776855
608,1,1,1,0.2971814274787903,3.601579427719116,0.45888471603393555,3.681042432785034,0.37524911761283875,3.655362844467163,0.2902383506298065,3.6876330375671387
609,1,1,1,0.23795489966869354,3.5908267498016357,0.31675001978874207,3.688279628753662,0.29586854577064514,3.698763847351074,0.19104750454425812,3.7843730449676514
610,1,1,1,0.33542928099632263,3.5888118743896484,0.5103933811187744,3.6487534046173096,0.41989198327064514,3.6246767044067383,0.31289857625961304,3.663694381713867
611,1,1,1,0.20924097299575806,3.618637800216675,0.26486268639564514,3.765514850616455,0.24858497083187103,3.761725425720215,0.17478474974632263,3.828050136566162
612,1,1,1,0.20631128549575806,3.6252129077911377,0.28014886379241943,3.758568048477173,0.2532684803009033,3.7602691650390625,0.19702646136283875,3.7825207710266113
613,1,1,1,0.2984021306037903,3.6080095767974854,0.4596221148967743,3.683602809906006,0.3786371946334839,3.6591310501098633,0.29001912474632263,3.7000412940979004
614,1,1,1,0.3299585282802582,3.5834288597106934,0.49875935912132263,3.635575294494629,0.40347975492477417,3.6107187271118164,0.3012595474720001,3.648716688156128
615,1,1,1,0.230712890625,3.6307525634765625,0.3420758843421936,3.7497522830963135,0.28359174728393555,3.740046977996826,0.21450494229793549,3.778872013092041
616,1,1,1,0.2424665093421936,3.605642795562744,0.3309350907802582,3.707874059677124,0.2832828462123871,3.686189651489258,0.21460458636283875,3.7393202781677246
617,1,1,1,0.25044840574264526,3.599053144454956,0.34430304169654846,3.6984357833862305,0.29342713952064514,3.6785640716552734,0.2232142835855484,3.7200891971588135
618,1,1,1,0.26506945490837097,3.5929737091064453,0.36907583475112915,3.6751534938812256,0.30861368775367737,3.66390061378479,0.2301897257566452,3.7046754360198975
619,1,1,1,0.3151082992553711,3.586376428604126,0.469935804605484,3.643535614013672,0.38063016533851624,3.6208603382110596,0.27543047070503235,3.677279233932495
620,1,1,1,0.17110520601272583,3.6019394397735596,0.18757972121238708,3.7592966556549072,0.21299026906490326,3.784878730773926,0.15971778333187103,3.8772149085998535
621,1,1,1,0.21381735801696777,3.619086980819702,0.28867384791374207,3.753736734390259,0.25505220890045166,3.7437779903411865,0.19451530277729034,3.7764344215393066
622,1,1,1,0.19344407320022583,3.6450483798980713,0.26420000195503235,3.8077170848846436,0.23446467518806458,3.8308470249176025,0.17179527878761292,3.9310905933380127
623,1,1,1,0.330043226480484,3.589106559753418,0.5098403692245483,3.639547824859619,0.4130759537220001,3.6193761825561523,0.3140345811843872,3.6609761714935303
624,1,1,1,0.26125288009643555,3.5884580612182617,0.36529913544654846,3.6703083515167236,0.3120914399623871,3.6536288261413574,0.22034437954425812,3.702876329421997
625,1,1,1,0.2844736576080322,3.590393304824829,0.41861647367477417,3.66454815864563,0.34859293699264526,3.6473042964935303,0.2603435814380646,3.6923370361328125
626,1,1,1,0.1888527274131775,3.641629457473755,0.24594427645206451,3.820995807647705,0.2209721803665161,3.796753168106079,0.18249760568141937,3.834334373474121
627,1,1,1,0.1858084499835968,3.598994493484497,0.2165876030921936,3.7336323261260986,0.2278180718421936,3.748141050338745,0.1591796875,3.836859941482544
628,1,1,1,0.18549704551696777,3.631117343902588,0.23059828579425812,3.8003759384155273,0.21353833377361298,3.7943906784057617,0.18070392310619354,3.8586082458496094
629,1,1,1,0.21279096603393555,3.6172730922698975,0.2869798243045807,3.755894184112549,0.24527661502361298,3.7308847904205322,0.18913424015045166,3.7329821586608887
630,1,1,1,0.2737090289592743,3.610435962677002,0.4170420169830322,3.7046666145324707,0.34134843945503235,3.6947598457336426,0.25296953320503235,3.7244150638580322
631,1,1,1,0.22392427921295166,3.6138176918029785,0.3056042790412903,3.740446090698242,0.2651865482330322,3.734894037246704,0.20509804785251617,3.7854435443878174
632,1,1,1,0.19881267845630646,3.6254119873046875,0.25956133008003235,3.773183584213257,0.23377710580825806,3.776683807373047,0.1723732352256775,3.8137357234954834
633,1,1,1,0.2623116672039032,3.614185094833374,0.4014568626880646,3.7107503414154053,0.33253946900367737,3.7051031589508057,0.25277024507522583,3.7467477321624756
634,1,1,1,0.2888009250164032,3.5892069339752197,0.4267328977584839,3.668698310852051,0.35242944955825806,3.6571662425994873,0.2622967064380646,3.6944761276245117
635,1,1,1,0.1738804429769516,3.6562745571136475,0.21756915748119354,3.8605124950408936,0.19951769709587097,3.857107162475586,0.15909996628761292,3.8698484897613525
636,1,1,1,0.29288652539253235,3.5955071449279785,0.43687719106674194,3.6634809970855713,0.3589763939380646,3.6352431774139404,0.26592394709587097,3.6730120182037354
637,1,1,1,0.21444764733314514,3.624934673309326,0.2902483344078064,3.768307685852051,0.24968111515045166,3.7632503509521484,0.2039022594690323,3.7873129844665527
638,1,1,1,0.19751474261283875,3.6348443031311035,0.2703932225704193,3.7857892513275146,0.23790258169174194,3.7831532955169678,0.1769770383834839,3.8570945262908936
639,1,1,1,0.19986645877361298,3.6004137992858887,0.247174933552742,3.7279727458953857,0.24173907935619354,3.739107131958008,0.1814213991165161,3.8132483959198
640,1,1,1,0.2512804865837097,3.608916759490967,0.35745176672935486,3.7248892784118652,0.2935467064380646,3.697094202041626,0.23066803812980652,3.7495248317718506
641,1,1,1,0.14413264393806458,3.6504769325256348,0.14731146395206451,3.94047212600708,0.1677594780921936,3.9781408309936523,0.12224967777729034,4.054450511932373
642,1,1,1,0.3299585282802582,3.5834288597106934,0.49875935912132263,3.635575294494629,0.40347975492477417,3.6107187271118164,0.3012595474720001,3.648716688156128
643,1,1,1,0.2488415688276291,3.6001882553100586,0.35262376070022583,3.699885606765747,0.29657605290412903,3.6963577270507812,0.21793286502361298,3.7430269718170166
644,1,1,1,0.22551368176937103,3.6140096187591553,0.30275431275367737,3.7283589839935303,0.26796674728393555,3.7138447761535645,0.19202406704425812,3.7756097316741943
645,1,1,1,0.21304009854793549,3.610283374786377,0.27319833636283875,3.7572038173675537,0.2548728287220001,3.762833833694458,0.1792689710855484,3.7886602878570557
646,1,1,1,0.2266770899295807,3.625519275665283,0.3275769352912903,3.7560763359069824,0.27682557702064514,3.737725019454956,0.22004543244838715,3.780545234680176
647,1,1,1,0.12471848726272583,3.5088188648223877,0.09485610574483871,3.634572982788086,0.1996372789144516,3.755016565322876,0.1571667641401291,3.8691351413726807
648,1,1,1,0.23384934663772583,3.611841917037964,0.32872289419174194,3.727355480194092,0.2774932086467743,3.7168097496032715,0.21392697095870972,3.7570338249206543
649,1,1,1,0.19706134498119354,3.580339193344116,0.22921814024448395,3.702923536300659,0.2508470118045807,3.7357089519500732,0.16097337007522583,3.7980685234069824
650,1,1,1,0.2556650638580322,3.6114630699157715,0.37286749482154846,3.7345128059387207,0.30850404500961304,3.71148943901062,0.24569514393806458,3.7837443351745605
651,1,1,1,0.23814672231674194,3.6059584617614746,0.32268911600112915,3.709071159362793,0.2797751724720001,3.6906254291534424,0.21020008623600006,3.7556650638580322
652,1,1,1,0.3299585282802582,3.5834288597106934,0.49875935912132263,3.635575294494629,0.40347975492477417,3.6107187271118164,0.3012595474720001,3.648716688156128
653,1,1,1,0.2644142508506775,3.5988996028900146,0.37649473547935486,3.6858954429626465,0.3168347477912903,3.6567699909210205,0.248883917927742,3.7158873081207275
654,1,1,1,0.12505480647087097,3.5225906372070312,0.095389224588871,3.6769392490386963,0.19519291818141937,3.7668981552124023,0.15593111515045166,3.8889315128326416
655,1,1,1,0.1817377805709839,3.660470724105835,0.24685606360435486,3.8590776920318604,0.21346858143806458,3.8519279956817627,0.18718111515045166,3.897146463394165
656,1,1,1,0.2725555896759033,3.593632936477661,0.3915766477584839,3.675675392150879,0.33576810359954834,3.6619973182678223,0.24587450921535492,3.6928751468658447
657,1,1,1,0.3299585282802582,3.5834288597106934,0.49875935912132263,3.635575294494629,0.40347975492477417,3.6107187271118164,0.3012595474720001,3.648716688156128
658,1,1,1,0.3006267845630646,3.601123571395874,0.45143094658851624,3.662708044052124,0.37337571382522583,3.6449332237243652,0.2730189561843872,3.672968864440918
659,1,1,1,0.13864447176456451,3.630298376083374,0.13278260827064514,3.913696050643921,0.16423189640045166,3.886232614517212,0.12986287474632263,4.005985260009766
660,1,1,1,0.21705347299575806,3.619406223297119,0.3008609712123871,3.739699363708496,0.2536870241165161,3.7453060150146484,0.18600526452064514,3.784635066986084
661,1,1,1,0.2751913070678711,3.5936503410339355,0.40933912992477417,3.690661668777466,0.3454340696334839,3.695312261581421,0.24127072095870972,3.7543365955352783
662,1,1,1,0.3299585282802582,3.5834288597106934,0.49875935912132263,3.635575294494629,0.40347975492477417,3.6107187271118164,0.3012595474720001,3.648716688156128
663,1,1,1,0.1782326102256775,3.627390146255493,0.2052525132894516,3.8083748817443848,0.20036470890045166,3.80061674118042,0.14772002398967743,3.8073394298553467
664,1,1,1,0.3299585282802582,3.5834288597106934,0.49875935912132263,3.635575294494629,0.40347975492477417,3.6107187271118164,0.3012595474720001,3.648716688156128
665,1,1,1,0.27560487389564514,3.5847058296203613,0.39846739172935486,3.6866981983184814,0.33437299728393555,3.6810014247894287,0.24250636994838715,3.702333927154541
666,1,1,1,0.2265874147415161,3.6124415397644043,0.31107500195503235,3.731860876083374,0.2703782618045807,3.730954885482788,0.20021523535251617,3.767768383026123
667,1,1,1,0.2845135033130646,3.616990327835083,0.44878527522087097,3.715097665786743,0.36876195669174194,3.689401626586914,0.2842594087123871,3.7201149463653564
668,1,1,1,0.34045159816741943,3.5878238677978516,0.5329390168190002,3.641838788986206,0.4356763958930969,3.617483615875244,0.33135363459587097,3.653675079345703
669,1,1,1,0.3299585282802582,3.5834288597106934,0.49875935912132263,3.635575294494629,0.40347975492477417,3.6107187271118164,0.3012595474720001,3.648716688156128
670,1,1,1,0.3299585282802582,3.5834288597106934,0.49875935912132263,3.635575294494629,0.40347975492477417,3.6107187271118164,0.3012595474720001,3.648716688156128
671,1,1,1,0.2976970970630646,3.6005289554595947,0.4472058117389679,3.6765341758728027,0.3657724857330322,3.6461341381073,0.2775430381298065,3.6869165897369385
672,1,1,1,0.1989845633506775,3.6168465614318848,0.243408203125,3.7795016765594482,0.23322902619838715,3.776329755783081,0.15591119229793549,3.8223187923431396
673,1,1,1,0.2201799601316452,3.618621349334717,0.29183274507522583,3.742248773574829,0.25193318724632263,3.7015268802642822,0.18636399507522583,3.730937957763672
674,1,1,1,0.19168277084827423,3.629193067550659,0.2441854625940323,3.789365291595459,0.22103196382522583,3.7919390201568604,0.18391261994838715,3.843628168106079
675,1,1,1,0.2856943607330322,3.591951608657837,0.41107800602912903,3.661632537841797,0.3449956178665161,3.632188558578491,0.25520169734954834,3.675048828125
676,1,1,1,0.23354291915893555,3.613764762878418,0.3190668821334839,3.7124364376068115,0.27682557702064514,3.6867170333862305,0.2055763602256775,3.7104218006134033
677,1,1,1,0.28344228863716125,3.5946595668792725,0.41341477632522583,3.671873092651367,0.3441884517669678,3.652895212173462,0.25805166363716125,3.700108051300049
678,1,1,1,0.33078065514564514,3.573596477508545,0.48141542077064514,3.613359212875366,0.3931461274623871,3.593313455581665,0.27891820669174194,3.643158197402954
679,1,1,1,0.3299585282802582,3.5834288597106934,0.49875935912132263,3.635575294494629,0.40347975492477417,3.6107187271118164,0.3012595474720001,3.648716688156128
680,1,1,1,0.22539909183979034,3.6262145042419434,0.32257452607154846,3.749837875366211,0.2738759517669678,3.7351551055908203,0.21111686527729034,3.8023223876953125
681,1,1,1,0.32530492544174194,3.5909173488616943,0.49979570508003235,3.6536073684692383,0.4070870578289032,3.6263341903686523,0.30367106199264526,3.6709983348846436
682,1,1,1,0.2481091469526291,3.5574488639831543,0.31937578320503235,3.6257410049438477,0.3071388602256775,3.633638381958008,0.2328404039144516,3.677137613296509
683,1,1,1,0.2370705008506775,3.6123557090759277,0.32610708475112915,3.720447301864624,0.27150431275367737,3.6927988529205322,0.2079480141401291,3.775733232498169
684,1,1,1,0.30156847834587097,3.591539144515991,0.44736525416374207,3.665701389312744,0.3678053319454193,3.6367380619049072,0.27373644709587097,3.673534870147705
685,1,1,1,0.2461809366941452,3.635404109954834,0.3777801990509033,3.7573790550231934,0.31105509400367737,3.75531005859375,0.23993542790412903,3.7749812602996826
686,1,1,1,0.2617710530757904,3.6121416091918945,0.3858816921710968,3.7126200199127197,0.32683950662612915,3.682795286178589,0.2556002736091614,3.737621784210205
687,1,1,1,0.22543646395206451,3.6278345584869385,0.32423368096351624,3.757356882095337,0.2744040787220001,3.739042043685913,0.2193080335855484,3.785259962081909
688,1,1,1,0.20004084706306458,3.6313979625701904,0.26007452607154846,3.7918694019317627,0.2333984375,3.768465518951416,0.17303092777729034,3.8419718742370605
689,1,1,1,0.2755849361419678,3.6022942066192627,0.407924085855484,3.681783676147461,0.33737245202064514,3.6635751724243164,0.2503986060619354,3.7017669677734375
690,1,1,1,0.1954794079065323,3.6301119327545166,0.2559839189052582,3.782723903656006,0.2283063530921936,3.7787089347839355,0.17837212979793549,3.847374200820923
691,1,1,1,0.23329131305217743,3.628180980682373,0.3362862765789032,3.7545559406280518,0.2795061469078064,3.725088119506836,0.2276785671710968,3.773634433746338
692,1,1,1,0.2411586195230484,3.6004669666290283,0.32130900025367737,3.7130939960479736,0.27570950984954834,3.674389123916626,0.1984614133834839,3.7202248573303223
693,1,1,1,0.33210599422454834,3.5762507915496826,0.4971599876880646,3.6476919651031494,0.4094088673591614,3.619325876235962,0.3094308078289032,3.639636754989624
694,1,1,1,0.3117700517177582,3.59311842918396,0.47988080978393555,3.6683452129364014,0.39632493257522583,3.648245096206665,0.2996651828289032,3.7042431831359863
695,1,1,1,0.25583943724632263,3.6111631393432617,0.37728196382522583,3.697472333908081,0.3157884180545807,3.6858630180358887,0.22231744229793549,3.7384133338928223
696,1,1,1,0.21968171000480652,3.626953363418579,0.31084582209587097,3.7461371421813965,0.26287466287612915,3.737945318222046,0.20565608143806458,3.792034149169922
697,1,1,1,0.19353625178337097,3.597036838531494,0.22997547686100006,3.7260220050811768,0.2553611099720001,3.749238967895508,0.16892537474632263,3.837895154953003
698,2,2,1,0.12698301672935486,3.659165859222412,0.1071428582072258,4.006324291229248,0.12646484375,3.99511456489563,0.09456712007522583,4.026132583618164
699,2,2,1,0.14868910610675812,3.6658289432525635,0.15546774864196777,3.943466901779175,0.16423189640045166,3.9731812477111816,0.10174186527729034,4.0160627365112305
700,2,2,1,0.12878666818141937,3.6271471977233887,0.10322165489196777,3.9287540912628174,0.14549784362316132,3.9301416873931885,0.11214524507522583,4.031100273132324
701,2,1,0,0.13446667790412903,3.6204237937927246,0.12000259011983871,3.902595043182373,0.1672014445066452,3.874783992767334,0.13068000972270966,3.9629404544830322
702,2,2,1,0.1239188015460968,3.6520848274230957,0.09341617673635483,4.04752254486084,0.12268813699483871,4.029158592224121,0.09586255997419357,4.057588577270508
703,2,2,1,0.13282246887683868,3.667022943496704,0.11825872957706451,4.024057388305664,0.1434948891401291,4.0296525955200195,0.09998804330825806,4.073549747467041
704,2,2,1,0.13663405179977417,3.6576778888702393,0.12415298074483871,3.9973111152648926,0.14248843491077423,4.042870044708252,0.09735730290412903,4.059979438781738
705,2,2,1,0.12885642051696777,3.656252384185791,0.10568299144506454,4.025647163391113,0.13352997601032257,4.0441789627075195,0.09729751199483871,4.060835838317871
706,2,2,1,0.12377680093050003,3.653215169906616,0.09515505284070969,4.036496162414551,0.1256277859210968,4.003569602966309,0.09454718977212906,3.992833137512207
707,2,2,1,0.13303670287132263,3.6568667888641357,0.1075265035033226,4.01204776763916,0.1325334757566452,4.004436016082764,0.09357062727212906,4.035569667816162
708,2,2,1,0.12877421081066132,3.677990436553955,0.11696328967809677,4.061512470245361,0.13587172329425812,4.054418563842773,0.09488599747419357,4.09808874130249
709,2,2,1,0.1279745250940323,3.6510026454925537,0.09995315968990326,3.9741289615631104,0.1296735405921936,3.9894721508026123,0.0965401753783226,4.029727458953857
710,2,2,1,0.1288016140460968,3.6578469276428223,0.09962432086467743,4.004100799560547,0.12594667077064514,4.023261547088623,0.09303252398967743,4.053127765655518
711,2,2,1,0.12396115064620972,3.6614482402801514,0.0955984890460968,4.036743640899658,0.12324617058038712,3.985769748687744,0.09426817297935486,4.00634241104126
712,2,2,1,0.13068000972270966,3.627211332321167,0.10476621985435486,3.9200077056884766,0.14317601919174194,3.9475221633911133,0.10512994229793549,4.026919364929199
713,2,2,1,0.12385153770446777,3.669656991958618,0.09658502042293549,4.047923564910889,0.12559789419174194,4.024674892425537,0.09163743257522583,4.021965980529785
714,2,2,1,0.12666663527488708,3.631232261657715,0.10277821868658066,3.9857475757598877,0.13143733143806458,4.019636154174805,0.1023995503783226,4.0716233253479
715,2,2,1,0.1364397257566452,3.6594910621643066,0.11960897594690323,3.9930851459503174,0.13915018737316132,3.9996418952941895,0.09546396136283875,4.033194065093994
716,2,2,1,0.13552045822143555,3.6831560134887695,0.13096898794174194,4.034048557281494,0.13976801931858063,4.056680679321289,0.09289301186800003,4.060072898864746
717,2,2,1,0.12604133784770966,3.608412027359009,0.09125378727912903,3.8886704444885254,0.14916492998600006,3.8566370010375977,0.11924026906490326,3.9458465576171875
718,2,2,1,0.12663424015045166,3.6725881099700928,0.10977359116077423,4.050835132598877,0.12531886994838715,4.016380310058594,0.09432796388864517,4.057046413421631
719,2,2,1,0.12931978702545166,3.661991834640503,0.10465162247419357,4.017996788024902,0.13322106003761292,4.0249834060668945,0.09837372601032257,4.032212257385254
720,2,2,1,0.12274044752120972,3.66628098487854,0.09229013323783875,4.068941116333008,0.11444714665412903,4.005311489105225,0.08583784848451614,3.9835152626037598
721,2,2,1,0.13621801137924194,3.6717569828033447,0.13470084965229034,3.9976327419281006,0.14931440353393555,4.037306308746338,0.09618143737316132,4.06920862197876
722,2,2,1,0.13358478248119354,3.6737160682678223,0.12460638582706451,4.011196136474609,0.14290696382522583,4.043511390686035,0.09630101919174194,4.03104305267334
723,2,2,1,0.1350022852420807,3.681091070175171,0.13231922686100006,4.042022705078125,0.13824337720870972,4.023138523101807,0.09404894709587097,4.042381763458252
724,2,2,1,0.14166633784770966,3.6599373817443848,0.1341727077960968,3.9708492755889893,0.15124760568141937,4.029384613037109,0.09673947840929031,4.018953323364258
725,2,2,1,0.13142986595630646,3.6586992740631104,0.11247409135103226,4.004031181335449,0.1373465359210968,4.036276340484619,0.09855309128761292,4.101921081542969
726,2,2,1,0.12870943546295166,3.6562082767486572,0.10587232559919357,4.022730350494385,0.12718231976032257,4.010499000549316,0.09422831237316132,4.032783508300781
727,2,2,1,0.12665417790412903,3.658477544784546,0.1030622199177742,4.032003879547119,0.1275111585855484,4.011253356933594,0.09325174987316132,4.042530536651611
728,2,2,1,0.12637266516685486,3.6155104637145996,0.09374501556158066,3.9360084533691406,0.13710737228393555,3.937422752380371,0.11037149280309677,4.034489154815674
729,2,2,1,0.1340954750776291,3.656306266784668,0.11386917531490326,3.995974540710449,0.1347058266401291,4.016052722930908,0.09648038446903229,4.031398296356201
730,2,2,1,0.1257149875164032,3.6715216636657715,0.10383450239896774,4.047072887420654,0.13131776452064514,4.028608322143555,0.09661989659070969,4.0476484298706055
731,2,2,1,0.12292230874300003,3.6500141620635986,0.09090501070022583,4.020334243774414,0.123465396463871,4.011541366577148,0.09492585808038712,4.006298542022705
732,2,2,1,0.13546067476272583,3.64250111579895,0.11864735931158066,3.9804728031158447,0.14504942297935486,4.031670570373535,0.10028699040412903,4.082472324371338
733,2,2,1,0.1252366602420807,3.652582883834839,0.09984853118658066,4.0358781814575195,0.12242905050516129,4.036382675170898,0.09251435101032257,4.054071426391602
734,2,2,1,0.12194076925516129,3.6591076850891113,0.08884725719690323,4.05254602432251,0.12087451666593552,4.036355972290039,0.09506537020206451,4.0360589027404785
735,2,2,1,0.1427973508834839,3.6497035026550293,0.1369379758834839,3.9209721088409424,0.15818318724632263,3.9581706523895264,0.10303730517625809,4.0065765380859375
736,2,2,1,0.12603634595870972,3.6448450088500977,0.09620136767625809,4.000466346740723,0.11931999027729034,3.9755303859710693,0.08890704810619354,3.9861018657684326
737,2,2,1,0.14215710759162903,3.672502279281616,0.14116309583187103,3.9764223098754883,0.15346978604793549,3.992727756500244,0.10064572840929031,4.0304951667785645
738,2,2,1,0.124319888651371,3.661763906478882,0.09792529791593552,4.022438049316406,0.12442202866077423,4.008169174194336,0.09380979090929031,4.028043270111084
739,2,2,1,0.12856993079185486,3.650157928466797,0.1021205335855484,4.008879661560059,0.12107381969690323,3.968806505203247,0.08880739659070969,3.958707332611084
740,2,2,1,0.14550532400608063,3.6543736457824707,0.13802912831306458,3.979605197906494,0.15226402878761292,4.047774791717529,0.09994818270206451,4.097507476806641
741,2,2,1,0.12664669752120972,3.6220862865448,0.09822922945022583,3.947197675704956,0.14385363459587097,3.94783878326416,0.11521444469690323,4.044801712036133
742,2,2,1,0.12489785999059677,3.6562681198120117,0.09743701666593552,4.026079177856445,0.1257772594690323,4.038266658782959,0.09337133169174194,4.046104431152344
743,2,2,1,0.1300821155309677,3.6557376384735107,0.11710777878761292,3.9887678623199463,0.13761559128761292,4.028312683105469,0.09512516111135483,4.0349884033203125
744,2,2,1,0.12421277165412903,3.6625149250030518,0.09388452768325806,4.0490899085998535,0.11966876685619354,4.01582145690918,0.09058114886283875,4.028162956237793
745,2,2,1,0.12433981895446777,3.6597743034362793,0.09586255997419357,4.036174774169922,0.12010721862316132,3.9751927852630615,0.08832907676696777,3.9677345752716064
746,2,2,1,0.12785494327545166,3.6112582683563232,0.0985281765460968,3.906902551651001,0.14005699753761292,3.933119773864746,0.11067043989896774,4.024851322174072
747,2,2,1,0.12631288170814514,3.655345916748047,0.0990164577960968,4.026669502258301,0.12509964406490326,3.9908394813537598,0.09191644936800003,3.9913270473480225
748,2,2,1,0.13318867981433868,3.6601574420928955,0.1093401238322258,4.008111000061035,0.1383230984210968,3.9860241413116455,0.0947265625,3.996633768081665
749,2,2,1,0.12776775658130646,3.6517441272735596,0.10412846505641937,3.9894731044769287,0.13443678617477417,4.01193380355835,0.09883210808038712,4.0502119064331055
750,2,2,1,0.12957638502120972,3.6577587127685547,0.10638552159070969,4.02838134765625,0.12763074040412903,3.973219871520996,0.08938536047935486,3.9596433639526367
751,2,2,1,0.12730936706066132,3.6101012229919434,0.09445750713348389,3.899198293685913,0.1493443101644516,3.8973777294158936,0.11892139166593552,4.01206636428833
752,2,2,1,0.1264573633670807,3.6804633140563965,0.10765604674816132,4.050724506378174,0.12955397367477417,4.060379981994629,0.09484613686800003,4.036141872406006
753,2,2,1,0.12801189720630646,3.6743602752685547,0.11317163705825806,4.031830787658691,0.13329081237316132,4.018914699554443,0.09538424760103226,4.027580261230469
754,2,2,1,0.12696558237075806,3.6565093994140625,0.10266860574483871,4.016208648681641,0.13200533390045166,3.988903045654297,0.09713806957006454,4.01107931137085
755,2,2,1,0.14096131920814514,3.668663740158081,0.14501453936100006,3.9327950477600098,0.15219427645206451,3.940352201461792,0.09927056729793549,3.9732985496520996
756,2,2,1,0.12564024329185486,3.615450143814087,0.09597217291593552,3.929810047149658,0.14689293503761292,3.9377248287200928,0.12069515138864517,4.049372673034668
757,2,2,1,0.14465580880641937,3.675042152404785,0.14488500356674194,3.9719386100769043,0.1521444469690323,4.00144100189209,0.0927734375,4.0300750732421875
758,2,2,1,0.12544094026088715,3.6543800830841064,0.09684410691261292,4.038226127624512,0.12851761281490326,4.011630535125732,0.0966796875,4.029890537261963
759,2,2,1,0.13293208181858063,3.654160499572754,0.11786013096570969,4.008243560791016,0.13662905991077423,4.015024662017822,0.0987723171710968,4.043179988861084
760,2,2,1,0.12208525836467743,3.652634382247925,0.08848851919174194,4.042905330657959,0.11499521136283875,4.008752346038818,0.08840879797935486,3.9661858081817627
761,2,2,1,0.13171137869358063,3.6558728218078613,0.11667430400848389,4.001494407653809,0.1437739133834839,4.000346660614014,0.10066565126180649,3.9956443309783936
762,2,2,1,0.1263253390789032,3.653881072998047,0.11112384498119354,4.02031135559082,0.13122807443141937,4.0112385749816895,0.09470663219690323,4.024410724639893
763,2,2,1,0.12976571917533875,3.6430723667144775,0.1117815300822258,3.9949185848236084,0.1386021226644516,4.026888847351074,0.1007254421710968,4.049663543701172
764,2,2,1,0.12646484375,3.6552674770355225,0.10225007683038712,4.022951126098633,0.12965361773967743,3.9980785846710205,0.09628108888864517,4.033947467803955
765,2,2,1,0.12619827687740326,3.6622183322906494,0.1056082546710968,4.037318229675293,0.1310786008834839,4.026911735534668,0.09665975719690323,4.046803951263428
766,2,2,1,0.12540607154369354,3.603250026702881,0.090994693338871,3.9079558849334717,0.14031608402729034,3.9478020668029785,0.112723208963871,4.030056476593018
767,2,2,1,0.12459392845630646,3.6673264503479004,0.09865274280309677,4.040101051330566,0.12251873314380646,4.0143961906433105,0.09255420416593552,4.029284954071045
768,2,2,1,0.12417291104793549,3.6434876918792725,0.09278339892625809,4.00477933883667,0.12518933415412903,4.009472370147705,0.09572305530309677,4.0239434242248535
769,2,2,1,0.1234130859375,3.6410303115844727,0.08936543017625809,3.9972124099731445,0.12365473061800003,3.9530179500579834,0.09771604090929031,3.9798083305358887
770,2,2,1,0.13623046875,3.660759925842285,0.12791971862316132,3.9966893196105957,0.1409139782190323,4.014426231384277,0.09191644936800003,4.036210060119629
771,2,2,1,0.12659189105033875,3.608619451522827,0.09227021038532257,3.9090123176574707,0.1463448703289032,3.888533353805542,0.11429767310619354,3.9769835472106934
772,2,2,1,0.13174624741077423,3.6386241912841797,0.10593211650848389,3.9563050270080566,0.1375657618045807,3.9879753589630127,0.09693877398967743,4.0076069831848145
773,2,2,1,0.12845534086227417,3.65370512008667,0.1018415167927742,4.022749423980713,0.12075494229793549,3.9787919521331787,0.09050143510103226,3.9980180263519287
774,2,2,1,0.12747129797935486,3.6296708583831787,0.10181161761283875,3.9669668674468994,0.14506934583187103,3.980491876602173,0.11182636767625809,4.013010025024414
775,2,2,1,0.12756098806858063,3.656667470932007,0.10072046518325806,4.023398399353027,0.12992267310619354,3.9956281185150146,0.09610172361135483,4.00829553604126
776,2,2,1,0.1496332883834839,3.6499900817871094,0.15393812954425812,3.9135162830352783,0.17036032676696777,3.9792933464050293,0.11306201666593552,4.025559902191162
777,2,2,1,0.12283262610435486,3.660102128982544,0.09538424760103226,4.054220676422119,0.12308673560619354,4.008176803588867,0.09550382196903229,4.022954940795898
778,2,2,1,0.12333585321903229,3.656156539916992,0.09357062727212906,4.043663501739502,0.11959900707006454,3.992917776107788,0.0920758917927742,3.997835397720337
779,2,2,1,0.1256875842809677,3.6612424850463867,0.10271842777729034,4.0555877685546875,0.12983298301696777,4.049811840057373,0.0977957546710968,4.022212982177734
780,2,2,1,0.1431012749671936,3.6522927284240723,0.14605587720870972,3.9269633293151855,0.16375358402729034,3.9696950912475586,0.10180165618658066,4.066170692443848
781,2,2,1,0.12776027619838715,3.660459518432617,0.1060616597533226,4.032790184020996,0.12851761281490326,4.020780086517334,0.09363041818141937,4.0042572021484375
782,2,2,1,0.1386120766401291,3.651905059814453,0.12033142894506454,3.9506025314331055,0.14456114172935486,3.996760129928589,0.09927056729793549,4.027102947235107
783,2,2,1,0.12548579275608063,3.6653828620910645,0.10323162376880646,4.055070400238037,0.12547831237316132,4.008100509643555,0.093191958963871,4.038066864013672
784,2,2,1,0.1309216469526291,3.6616177558898926,0.11623584479093552,4.002829074859619,0.13625039160251617,3.999049186706543,0.09636081010103226,4.002481937408447
785,2,2,1,0.12349529564380646,3.648833990097046,0.09130859375,4.033286094665527,0.12143255770206451,3.999753713607788,0.09133848547935486,3.9720706939697266
786,2,2,1,0.1272495836019516,3.651402711868286,0.10122866928577423,4.023133277893066,0.12801936268806458,3.977815866470337,0.0962611585855484,4.009523868560791
787,2,2,1,0.12380420416593552,3.6644599437713623,0.09585259854793549,4.098711013793945,0.11168686300516129,4.015970706939697,0.08992347121238708,4.061391830444336
788,2,2,1,0.12676379084587097,3.6638824939727783,0.10006775707006454,4.023451328277588,0.12811902165412903,4.003655433654785,0.09574298560619354,4.027685165405273
789,2,2,1,0.12647230923175812,3.6540074348449707,0.10233975946903229,4.015627861022949,0.12801936268806458,3.9967308044433594,0.09450732916593552,4.035428047180176
790,2,2,1,0.12837561964988708,3.6216840744018555,0.09916095435619354,3.9442267417907715,0.14449138939380646,3.9661378860473633,0.11302215605974197,4.046199798583984
791,2,2,1,0.12855498492717743,3.665058135986328,0.11492545902729034,4.025318622589111,0.1358816921710968,4.020387172698975,0.09658003598451614,4.0202226638793945
792,2,2,1,0.13400331139564514,3.6748838424682617,0.12495515495538712,3.9881174564361572,0.14449138939380646,4.0002760887146,0.09921077638864517,4.057051181793213
793,2,2,1,0.13565748929977417,3.650824546813965,0.11869220435619354,3.9855175018310547,0.13149712979793549,3.9769628047943115,0.09243462979793549,4.021129608154297
794,2,2,1,0.124319888651371,3.667895793914795,0.10406867414712906,4.042993068695068,0.12502989172935486,3.996493101119995,0.0938895046710968,4.01889181137085
795,2,2,1,0.12824855744838715,3.6213674545288086,0.10072046518325806,3.9327232837677,0.1403360217809677,3.957892417907715,0.10596699267625809,4.000187873840332
796,2,2,1,0.13739387691020966,3.6639952659606934,0.12634028494358063,3.9786252975463867,0.14714205265045166,4.000812530517578,0.09845343977212906,4.020242691040039
797,2,2,1,0.13279256224632263,3.663139820098877,0.12000757455825806,4.026197910308838,0.14441166818141937,4.028360366821289,0.09941007196903229,4.034081935882568
798,2,2,1,0.12980806827545166,3.6274516582489014,0.10453204810619354,3.934652090072632,0.1486467570066452,3.9637327194213867,0.11152742058038712,3.991422414779663
799,2,2,1,0.12788733839988708,3.6692705154418945,0.10966896265745163,4.054881572723389,0.13020168244838715,4.027858734130859,0.0919363796710968,4.017559051513672
800,2,2,1,0.12810157239437103,3.6450088024139404,0.0992605984210968,3.987902879714966,0.12449178844690323,3.960777997970581,0.09115912020206451,3.983384370803833
801,2,2,1,0.12404834479093552,3.6419448852539062,0.09357062727212906,4.007614612579346,0.12540856003761292,3.9771950244903564,0.09823421388864517,4.007303714752197
802,2,2,1,0.12485550343990326,3.651682138442993,0.09717793017625809,4.014766216278076,0.12687340378761292,4.016258239746094,0.09624122828245163,4.032097816467285
803,2,2,1,0.14638970792293549,3.649705648422241,0.14360450208187103,3.9020886421203613,0.1662248820066452,3.9414303302764893,0.10698341578245163,4.012667655944824
804,2,2,1,0.12343799322843552,3.6571474075317383,0.09153778851032257,4.028902530670166,0.12077487260103226,4.002970218658447,0.09337133169174194,4.039914608001709
805,2,2,1,0.13264808058738708,3.6688578128814697,0.121337890625,4.021886348724365,0.14022639393806458,4.0435614585876465,0.09620136767625809,4.047855854034424
806,2,2,1,0.12195321917533875,3.671337842941284,0.09297771751880646,4.070467948913574,0.11663942784070969,4.003332138061523,0.09052136540412903,4.04535436630249
807,2,2,1,0.12623564898967743,3.643688917160034,0.09866270422935486,3.9963135719299316,0.12882652878761292,4.011834621429443,0.09675940126180649,4.051905155181885
808,2,2,1,0.12854501605033875,3.679412364959717,0.11123843491077423,4.072426795959473,0.1307298243045807,4.027517318725586,0.09297273308038712,4.034726619720459
809,2,2,1,0.13045579195022583,3.665985584259033,0.11394889652729034,4.043244361877441,0.1346261203289032,4.0166544914245605,0.09163743257522583,4.023923397064209
810,2,2,1,0.1239885613322258,3.666827440261841,0.09483617544174194,4.049280166625977,0.11910076439380646,4.004936218261719,0.09042171388864517,4.009477615356445
811,2,2,1,0.12257852405309677,3.6554954051971436,0.09129364788532257,4.03924036026001,0.11702805757522583,4.006641864776611,0.09125876426696777,4.007206916809082
812,2,2,1,0.13476063311100006,3.667412281036377,0.119070865213871,4.03196907043457,0.13171635568141937,4.017703056335449,0.08795041590929031,4.007024765014648
813,2,2,1,0.15066465735435486,3.6449453830718994,0.14336535334587097,3.9239938259124756,0.1681082546710968,3.965797185897827,0.10831871628761292,4.043422222137451
814,2,2,1,0.12647978961467743,3.615560293197632,0.09301259368658066,3.9261839389801025,0.14434191584587097,3.899620294570923,0.11838328838348389,4.016666889190674
815,2,2,1,0.12373943626880646,3.664868116378784,0.09834881126880646,4.0677337646484375,0.12370456010103226,4.035604953765869,0.09434789419174194,4.05449914932251
816,2,2,1,0.12470602989196777,3.669123888015747,0.10139807313680649,4.050169467926025,0.12550820410251617,4.0064311027526855,0.09526466578245163,4.042887210845947
817,2,2,1,0.12594667077064514,3.667715072631836,0.10247428715229034,4.044634819030762,0.12646484375,4.014813423156738,0.09261399507522583,3.992037773132324
818,2,2,1,0.12765315175056458,3.605803966522217,0.09899652749300003,3.8953142166137695,0.14652423560619354,3.920973777770996,0.11724728345870972,3.9886112213134766
819,2,2,1,0.12494519352912903,3.653367519378662,0.09682417660951614,4.02485466003418,0.12134286761283875,3.9793872833251953,0.09223532676696777,4.002809047698975
820,2,2,1,0.12162189185619354,3.6536664962768555,0.08868781477212906,4.048539161682129,0.12446188926696777,3.9382705688476562,0.09739716351032257,3.9566195011138916
821,2,2,1,0.13139000535011292,3.636847972869873,0.10886678844690323,3.9807779788970947,0.13322106003761292,4.025581359863281,0.1007254421710968,4.048080921173096
822,2,2,1,0.12286002933979034,3.657460927963257,0.09589743614196777,4.038499355316162,0.1258370578289032,4.0194807052612305,0.0940290167927742,4.012293338775635
823,2,2,1,0.1305454820394516,3.6563680171966553,0.1151994988322258,4.0128021240234375,0.14117306470870972,4.0230817794799805,0.09749680757522583,4.050694942474365
824,2,2,1,0.1228724867105484,3.657819986343384,0.09125876426696777,4.032376289367676,0.11592195183038712,3.997765064239502,0.08842872828245163,4.0141987800598145
825,2,2,1,0.12350276857614517,3.6441755294799805,0.09396922588348389,4.0302228927612305,0.12156210094690323,3.989999294281006,0.09353076666593552,4.004261493682861
826,2,2,1,0.12600894272327423,3.6332614421844482,0.09653519093990326,4.011870861053467,0.12880659103393555,3.9297540187835693,0.10495056957006454,4.022027969360352
827,2,2,1,0.12687340378761292,3.677583932876587,0.10155751556158066,4.0769267082214355,0.12183114886283875,4.006952285766602,0.0852399542927742,3.970306396484375
828,2,2,1,0.1392049938440323,3.6692259311676025,0.13389867544174194,4.003758430480957,0.14686304330825806,4.012213230133057,0.09636081010103226,4.046329021453857
829,2,2,1,0.12723961472511292,3.66623592376709,0.11071030050516129,4.03636360168457,0.13571229577064514,4.033702850341797,0.10060586780309677,4.056854248046875
830,2,2,1,0.12688086926937103,3.6097662448883057,0.09484613686800003,3.915738582611084,0.1412527859210968,3.923668384552002,0.11417809128761292,4.0272297859191895
831,2,2,1,0.1344866007566452,3.66762375831604,0.12080476433038712,4.023468017578125,0.13543327152729034,4.041939735412598,0.08988361060619354,4.026607513427734
832,2,2,1,0.12243402749300003,3.6559231281280518,0.09013272821903229,4.033443927764893,0.11938974261283875,3.953259229660034,0.0923549085855484,3.962451457977295
833,2,2,1,0.12768305838108063,3.6744191646575928,0.1057826429605484,4.080448627471924,0.12295718491077423,4.016289710998535,0.08888711780309677,4.00089693069458
834,2,2,1,0.13286730647087097,3.6767539978027344,0.114501953125,4.020669460296631,0.1296635866165161,3.9905471801757812,0.0864955335855484,3.9949309825897217
835,2,2,1,0.1456224024295807,3.670783758163452,0.14024633169174194,3.971259117126465,0.14504942297935486,4.034899711608887,0.09115912020206451,4.05837345123291
836,2,2,1,0.13175372779369354,3.6546976566314697,0.11300721019506454,4.013403415679932,0.13325095176696777,3.998504400253296,0.09496571868658066,4.013431072235107
837,2,2,1,0.1321249157190323,3.658137798309326,0.11023198068141937,4.003706455230713,0.1335797905921936,4.017306804656982,0.09420838207006454,4.022424221038818
838,2,2,1,0.1237269788980484,3.657062292098999,0.09439273923635483,4.027500629425049,0.12026666104793549,4.0200514793396,0.08992347121238708,4.04321813583374
839,2,2,1,0.12627799808979034,3.6251258850097656,0.10304727405309677,3.973745346069336,0.1453782618045807,3.9688806533813477,0.11166693270206451,4.020881652832031
840,2,2,1,0.1426229625940323,3.6535022258758545,0.13652941584587097,3.9719364643096924,0.15243342518806458,4.040857791900635,0.10070551186800003,4.071640491485596
841,2,2,1,0.1394815295934677,3.664166212081909,0.13202527165412903,3.9916975498199463,0.14032605290412903,4.029754161834717,0.09476642310619354,4.095057964324951
842,2,3,0,0.1415766477584839,3.631497383117676,0.13428731262683868,3.8905832767486572,0.15571188926696777,3.879943609237671,0.12173150479793549,3.940242290496826
843,2,2,1,0.12199307978153229,3.659560203552246,0.09199617058038712,4.03336238861084,0.12630540132522583,4.0171990394592285,0.09687898308038712,4.02448034286499
844,2,2,1,0.12298458814620972,3.624911308288574,0.087890625,3.945464849472046,0.1471819132566452,3.9197020530700684,0.11615114659070969,4.0065202713012695
845,2,2,1,0.12703284621238708,3.6638689041137695,0.10553351789712906,4.01109504699707,0.1291952282190323,4.0168914794921875,0.09638074040412903,4.041769981384277
846,2,2,1,0.12796705961227417,3.62347412109375,0.0989467054605484,3.9478321075439453,0.14336535334587097,3.958087205886841,0.11122847348451614,4.04819917678833
847,2,2,1,0.14197026193141937,3.6720187664031982,0.14587651193141937,3.9863719940185547,0.15774473547935486,4.038092136383057,0.10204081237316132,4.063086032867432
848,2,2,1,0.12103146314620972,3.6668381690979004,0.08871272951364517,4.07172155380249,0.12063536047935486,3.9016189575195312,0.09484613686800003,3.9291868209838867
849,2,2,1,0.1370774805545807,3.6476447582244873,0.12270806729793549,3.9736886024475098,0.14556759595870972,4.009925842285156,0.09769611060619354,4.03855562210083
850,2,2,1,0.12583455443382263,3.6591038703918457,0.10220523178577423,4.032516002655029,0.12698301672935486,3.9868948459625244,0.09351083636283875,4.027493476867676
851,2,2,1,0.1384526491165161,3.658665657043457,0.1299276500940323,3.968017816543579,0.15083904564380646,4.0053510665893555,0.10022719949483871,4.018890380859375
852,2,2,1,0.1243024542927742,3.6376664638519287,0.09389947354793549,3.9927306175231934,0.12368462979793549,3.992265462875366,0.09432796388864517,3.987957000732422
853,2,2,1,0.13227438926696777,3.657036304473877,0.108572818338871,4.024964332580566,0.13159677386283875,4.01287317276001,0.09273357689380646,4.0275092124938965
854,2,2,1,0.12910804152488708,3.654163122177124,0.10748166590929031,4.017847061157227,0.13608099520206451,4.049868106842041,0.09703842550516129,4.070651054382324
855,2,2,1,0.12310915440320969,3.6625654697418213,0.09460199624300003,4.050771713256836,0.1262655407190323,3.9924235343933105,0.09574298560619354,3.9893839359283447
856,2,2,1,0.13921993970870972,3.6442272663116455,0.12428252398967743,3.9455981254577637,0.14551778137683868,3.992056369781494,0.09759645909070969,4.055135726928711
857,2,2,1,0.13709242641925812,3.6704161167144775,0.12851263582706451,4.012290000915527,0.1322644203901291,4.057033061981201,0.0888671875,4.058084964752197
858,2,2,1,0.15543536841869354,3.66693377494812,0.17363379895687103,3.940227746963501,0.1755121946334839,3.994152069091797,0.11108896136283875,4.0714030265808105
859,2,2,1,0.12359743565320969,3.6619837284088135,0.09428810328245163,4.0253119468688965,0.1226283460855484,4.006257057189941,0.09504543989896774,4.014049053192139
860,2,2,1,0.12673638761043549,3.6077880859375,0.091796875,3.897904872894287,0.14353474974632263,3.908914089202881,0.11256377398967743,3.98990797996521
861,2,2,1,0.12415795773267746,3.6344757080078125,0.09385961294174194,3.9920904636383057,0.12741151452064514,4.008603096008301,0.09644052386283875,3.999586582183838
862,2,2,1,0.12813396751880646,3.668410062789917,0.1104213148355484,4.044355392456055,0.13272280991077423,4.036489009857178,0.09418845176696777,4.02158260345459
863,2,2,1,0.13005968928337097,3.659451723098755,0.12221978604793549,4.012556076049805,0.14452128112316132,4.026546001434326,0.09855309128761292,4.050960540771484
864,2,2,1,0.12249132990837097,3.6483962535858154,0.09010782092809677,4.033287048339844,0.1268933266401291,3.9376473426818848,0.10222018510103226,3.974848985671997
865,2,2,1,0.1263776421546936,3.667389392852783,0.1043177992105484,4.03066349029541,0.12505978345870972,3.9936254024505615,0.09223532676696777,4.008427143096924
866,2,2,1,0.13049565255641937,3.671509265899658,0.11309690028429031,4.035287857055664,0.13353992998600006,4.020147800445557,0.09703842550516129,4.011295795440674
867,2,2,1,0.12521673738956451,3.6215505599975586,0.09418347477912903,3.960747003555298,0.13689811527729034,3.9395835399627686,0.10375478118658066,3.990203619003296
868,2,2,1,0.1260288804769516,3.634347438812256,0.09871751070022583,3.98445463180542,0.13674864172935486,3.9836771488189697,0.10833864659070969,4.031825065612793
869,2,2,1,0.1295863538980484,3.650710344314575,0.10360032320022583,4.002260208129883,0.12565767765045166,3.99524188041687,0.09088010340929031,4.018421173095703
870,2,2,1,0.12357750535011292,3.6659207344055176,0.09830396622419357,4.057729244232178,0.12505978345870972,4.009561538696289,0.09602200239896774,4.07388973236084
871,2,2,1,0.12698301672935486,3.606372117996216,0.09443757683038712,3.906826972961426,0.14226920902729034,3.914337635040283,0.112723208963871,3.9936351776123047
872,2,2,1,0.12354262918233871,3.6714928150177,0.09484115988016129,4.04523229598999,0.12274792790412903,4.017535209655762,0.09161750227212906,4.022623538970947
873,2,2,1,0.123779296875,3.646479845046997,0.09160255640745163,4.027413845062256,0.11762595176696777,4.010589599609375,0.0919363796710968,4.038153171539307
874,2,2,1,0.1266840696334839,3.609100818634033,0.0951799675822258,3.908705472946167,0.14283721148967743,3.9520022869110107,0.11292251199483871,3.993469715118408
875,2,2,1,0.14695771038532257,3.6619765758514404,0.14098872244358063,3.960172414779663,0.16126234829425812,4.016684055328369,0.10724250227212906,4.118565559387207
876,2,2,1,0.12279276549816132,3.656461715698242,0.09328164905309677,4.046682834625244,0.12502989172935486,4.0317206382751465,0.0968191921710968,4.04446268081665
877,2,2,1,0.13610590994358063,3.6669838428497314,0.1281040757894516,3.980008602142334,0.13949896395206451,3.99385666847229,0.09434789419174194,4.009928226470947
878,2,2,1,0.12836067378520966,3.665851593017578,0.1106305792927742,4.015267372131348,0.13328084349632263,4.012411117553711,0.09966916590929031,4.046590805053711
879,2,2,1,0.12630291283130646,3.6736621856689453,0.11319654434919357,4.036577224731445,0.13119818270206451,4.0476226806640625,0.09317203611135483,4.01026725769043
880,2,2,1,0.12634775042533875,3.630932331085205,0.09393434971570969,3.9644088745117188,0.12849768996238708,3.997440814971924,0.09883210808038712,4.025609970092773
881,2,2,1,0.1310960352420807,3.6436538696289062,0.10500537604093552,4.001376152038574,0.1312878578901291,3.9989373683929443,0.09157764166593552,3.9767138957977295
882,2,2,1,0.13997478783130646,3.65673565864563,0.1414969265460968,3.923588752746582,0.1552036851644516,3.961155652999878,0.09576291590929031,3.9989593029022217
883,2,2,1,0.1301443874835968,3.6744511127471924,0.12135283648967743,4.017038822174072,0.13710737228393555,4.016643524169922,0.09313217550516129,4.028247356414795
884,2,2,1,0.14531847834587097,3.6579408645629883,0.1483777016401291,3.9229347705841064,0.16024592518806458,3.958211660385132,0.10012754797935486,4.0298566818237305
885,2,1,0,0.12431491166353226,3.6436543464660645,0.09412866830825806,4.004922866821289,0.13792450726032257,3.971750497817993,0.1106305792927742,4.023058891296387
886,2,2,1,0.12411810457706451,3.639697313308716,0.09606683999300003,4.018360137939453,0.12648476660251617,4.009532928466797,0.09622129797935486,4.033140182495117
887,2,2,1,0.12610360980033875,3.6120033264160156,0.09101462364196777,3.895220994949341,0.15258289873600006,3.876828670501709,0.12023676186800003,3.984419107437134
888,2,2,1,0.12341806292533875,3.6510162353515625,0.09091497957706451,4.010193347930908,0.12461136281490326,3.9537785053253174,0.09512516111135483,4.015084743499756
889,2,2,1,0.1424909234046936,3.657254695892334,0.14957350492477417,3.911492347717285,0.15949855744838715,3.9510183334350586,0.10180165618658066,4.041111946105957
890,2,2,1,0.12525410950183868,3.644775152206421,0.09366529434919357,4.003298282623291,0.12348532676696777,3.991204023361206,0.09293287247419357,4.004932403564453
891,2,2,1,0.13165158033370972,3.6637399196624756,0.11602658033370972,4.04221248626709,0.1291254758834839,4.056953430175781,0.09010283648967743,4.048440456390381
892,2,2,1,0.12471350282430649,3.6464314460754395,0.09663982689380646,4.016704559326172,0.12685346603393555,3.9766693115234375,0.09540417790412903,3.9870481491088867
893,2,2,1,0.12579968571662903,3.660613536834717,0.10750158876180649,4.033694744110107,0.1291952282190323,4.027998447418213,0.09592235088348389,4.0612921714782715
894,2,2,1,0.1251046359539032,3.627484083175659,0.09414361417293549,3.9675047397613525,0.13656927645206451,3.958336353302002,0.11096938699483871,4.038972854614258
895,2,2,1,0.1273442506790161,3.66969895362854,0.10748664289712906,4.019005298614502,0.13363958895206451,4.008873462677002,0.09293287247419357,4.027664661407471
896,2,2,1,0.12582708895206451,3.666429042816162,0.10203085094690323,4.047709941864014,0.12378427386283875,4.022299289703369,0.08938536047935486,4.037235260009766
897,2,2,1,0.12313904613256454,3.654332399368286,0.09231504797935486,4.026068687438965,0.12057556957006454,4.001156806945801,0.09088010340929031,3.995394706726074
898,2,2,1,0.14017409086227417,3.6601204872131348,0.12907066941261292,4.014090061187744,0.1423090696334839,4.0300397872924805,0.09795519709587097,4.04862642288208
899,2,2,1,0.12995754182338715,3.639880418777466,0.10687878727912903,3.9662487506866455,0.14622528851032257,3.9709689617156982,0.11194594949483871,4.0457539558410645
900,2,2,1,0.1255754679441452,3.641141176223755,0.0991559699177742,3.9951257705688477,0.12937459349632263,3.9638757705688477,0.10269849747419357,4.017077445983887
901,2,2,1,0.13379155099391937,3.659715175628662,0.11725226789712906,3.995878219604492,0.13576211035251617,3.9853200912475586,0.09369020909070969,4.014890670776367
902,2,2,1,0.12490533292293549,3.6486098766326904,0.09665975719690323,4.013453483581543,0.1247209832072258,4.010786056518555,0.09386957436800003,4.028237819671631
903,2,2,1,0.14239875972270966,3.6819279193878174,0.14585159718990326,3.9889659881591797,0.15821309387683868,4.036656856536865,0.09745694696903229,4.052147388458252
904,2,2,1,0.12586694955825806,3.612421751022339,0.09108438342809677,3.919424533843994,0.14145208895206451,3.911659002304077,0.11240433156490326,3.9955673217773438
905,2,2,1,0.12403091043233871,3.649567127227783,0.09552375227212906,4.039015293121338,0.12187100946903229,3.9784955978393555,0.09777582436800003,4.02364444732666
906,2,2,1,0.1431710422039032,3.649625778198242,0.14539819955825806,3.919813632965088,0.161481574177742,3.9687750339508057,0.10303730517625809,4.098839282989502
907,2,2,1,0.1428396999835968,3.665626049041748,0.14462092518806458,3.981189250946045,0.15469546616077423,4.048892021179199,0.10249920189380646,4.090803146362305
908,2,2,1,0.12417788803577423,3.6593308448791504,0.09575294703245163,4.043500900268555,0.12015704810619354,4.009703159332275,0.09131855517625809,4.02618932723999
909,2,2,1,0.12192831188440323,3.665733575820923,0.09537926316261292,4.07647705078125,0.12183114886283875,4.0402421951293945,0.09159757196903229,4.007833003997803
910,2,2,1,0.1295938342809677,3.6760668754577637,0.10953941941261292,4.072049140930176,0.12930484116077423,4.069666862487793,0.09233497828245163,4.063889503479004
911,2,2,1,0.12699049711227417,3.6113193035125732,0.09903638809919357,3.93022084236145,0.14305643737316132,3.9583449363708496,0.11130819469690323,4.04171895980835
912,2,2,1,0.12348034977912903,3.673203468322754,0.09921077638864517,4.077641487121582,0.12529894709587097,4.0563859939575195,0.09532445669174194,4.060422420501709
913,2,2,1,0.13802166283130646,3.6653249263763428,0.12962870299816132,3.9848945140838623,0.14469069242477417,4.013223171234131,0.09363041818141937,4.052575588226318
914,2,2,1,0.12533381581306458,3.6359968185424805,0.09394431114196777,3.9763457775115967,0.12631537020206451,3.990375518798828,0.09705835580825806,4.0211501121521
915,2,2,1,0.12398606538772583,3.6592857837677,0.09463687986135483,4.01674222946167,0.12138272821903229,3.9905591011047363,0.0923549085855484,3.997626304626465
916,2,2,1,0.12369708716869354,3.655005693435669,0.09482122957706451,4.027796745300293,0.12087451666593552,3.988128662109375,0.09255420416593552,4.019164562225342
917,2,2,1,0.13387873768806458,3.6747114658355713,0.12570253014564514,4.021324634552002,0.14370416104793549,4.029054641723633,0.09614157676696777,4.05161714553833
918,2,2,1,0.12417539954185486,3.640645980834961,0.09381476789712906,4.001433849334717,0.12415298074483871,3.9809775352478027,0.0943080335855484,3.990278959274292
919,2,2,1,0.12641750276088715,3.6608927249908447,0.10005281120538712,4.023604393005371,0.12322624027729034,3.9910237789154053,0.09229511767625809,4.027639865875244
920,2,2,1,0.12367217242717743,3.6622886657714844,0.09084024280309677,4.039381504058838,0.1188616082072258,3.992706298828125,0.09199617058038712,4.012348175048828
921,2,2,1,0.1292126625776291,3.6857731342315674,0.10616131126880646,4.075984477996826,0.1213727667927742,4.014778137207031,0.08603714406490326,4.030576705932617
922,2,2,1,0.12237922102212906,3.6605324745178223,0.093924380838871,4.0531005859375,0.12191087007522583,4.008092403411865,0.091796875,3.9817628860473633
923,2,2,1,0.14415258169174194,3.672093152999878,0.14345502853393555,3.958425998687744,0.15693756937980652,3.962918281555176,0.1040736585855484,4.044044494628906
924,2,2,1,0.12842294573783875,3.661726474761963,0.11312180757522583,4.034266948699951,0.13735650479793549,4.043673992156982,0.09935028851032257,4.053961753845215
925,2,2,1,0.12533631920814514,3.6655006408691406,0.09860789775848389,4.047850131988525,0.12037627398967743,4.0076985359191895,0.08888711780309677,4.040807247161865
926,2,2,1,0.12966856360435486,3.6509125232696533,0.10880699753761292,4.0241780281066895,0.13425740599632263,4.0164031982421875,0.0958426296710968,4.041380882263184
927,2,2,1,0.1297009438276291,3.6656551361083984,0.11400370299816132,4.024605751037598,0.13541334867477417,3.99727725982666,0.0955636128783226,4.007507801055908
928,2,2,1,0.12356255948543549,3.65140438079834,0.09519491344690323,4.042918682098389,0.12030652165412903,3.9999172687530518,0.09121891111135483,3.966135025024414
929,2,2,1,0.12531140446662903,3.613208532333374,0.09062100946903229,3.9088408946990967,0.1437739133834839,3.9056003093719482,0.11278299987316132,4.014313697814941
930,2,2,1,0.13115333020687103,3.6369714736938477,0.11034657806158066,3.977288007736206,0.13836295902729034,4.0259270668029785,0.09998804330825806,4.049232482910156
931,2,2,1,0.15045540034770966,3.6563401222229004,0.15024115145206451,3.9178881645202637,0.17377829551696777,3.948563575744629,0.11126833409070969,4.040658950805664
932,2,2,1,0.13365702331066132,3.653519868850708,0.11456174403429031,3.997607946395874,0.13983777165412903,4.0116868019104,0.09540417790412903,4.047837734222412
933,2,2,1,0.13767537474632263,3.6595613956451416,0.12214504927396774,3.9927799701690674,0.14403299987316132,4.0233154296875,0.09817442297935486,4.023954391479492
934,2,2,1,0.13154944777488708,3.6660354137420654,0.11776047945022583,3.9916648864746094,0.13544324040412903,3.9999263286590576,0.09592235088348389,4.039684295654297
935,2,2,1,0.1267712563276291,3.622084140777588,0.096854068338871,3.9155821800231934,0.1439732164144516,3.9214425086975098,0.11415816098451614,4.016585350036621
936,2,2,1,0.1396310031414032,3.658959150314331,0.12664420902729034,3.9770240783691406,0.14673349261283875,4.006451606750488,0.09887196868658066,4.037693977355957
937,2,2,1,0.12919025123119354,3.66107439994812,0.11515465378761292,4.000475883483887,0.1364496946334839,4.025122165679932,0.0954241082072258,4.078738689422607
938,2,2,1,0.12601891160011292,3.614866018295288,0.09296774864196777,3.9371883869171143,0.13926976919174194,3.9445478916168213,0.10911590605974197,4.045661926269531
939,2,2,1,0.12437719106674194,3.663902521133423,0.09586754441261292,4.058780670166016,0.11605149507522583,4.017430782318115,0.0888671875,4.04216194152832
940,2,2,1,0.12379174679517746,3.6633596420288086,0.09770108759403229,4.052884101867676,0.1217912957072258,4.009081840515137,0.09103953838348389,4.007005214691162
941,2,2,1,0.12255609780550003,3.6495375633239746,0.08925581723451614,4.012336730957031,0.11736686527729034,3.981321096420288,0.09091995656490326,3.9756686687469482
942,2,2,1,0.12896105647087097,3.624502658843994,0.10390425473451614,3.9482593536376953,0.1416713148355484,3.941408157348633,0.11059071868658066,4.012614727020264
943,2,2,1,0.13047073781490326,3.676792860031128,0.11176657676696777,4.054430961608887,0.12680365145206451,4.034420490264893,0.09175701439380646,4.037141799926758
944,2,2,1,0.12399104982614517,3.63657546043396,0.09380480647087097,4.001540184020996,0.12957389652729034,4.023148536682129,0.09941007196903229,4.03809118270874
945,2,2,1,0.13079459965229034,3.664717435836792,0.10879702866077423,4.043002605438232,0.12505978345870972,4.035219192504883,0.09468670189380646,4.052831172943115
946,2,2,1,0.12512953579425812,3.6540374755859375,0.09648536890745163,4.042396068572998,0.11723732203245163,4.016404628753662,0.09231504797935486,4.056347370147705
947,2,2,1,0.1428471803665161,3.6595396995544434,0.14402802288532257,3.927180290222168,0.16031569242477417,3.9777474403381348,0.10550861060619354,4.057801246643066
948,2,3,0,0.12278030812740326,3.6430962085723877,0.0892508327960968,3.995924711227417,0.12265823781490326,3.9524738788604736,0.09378986060619354,3.973013162612915
949,2,2,1,0.12605628371238708,3.66436767578125,0.11018713563680649,4.012254238128662,0.13165657222270966,4.0067362785339355,0.0945870503783226,4.036241054534912
950,2,2,1,0.1256726235151291,3.672778844833374,0.10559330880641937,4.04888391494751,0.12914539873600006,4.059182167053223,0.09819435328245163,4.080982208251953
951,2,2,1,0.14111328125,3.6801955699920654,0.13077467679977417,4.041452407836914,0.13402821123600006,4.055390357971191,0.08428332209587097,4.000236511230469
952,2,2,1,0.1262132227420807,3.616880178451538,0.09325174987316132,3.934921979904175,0.1408243030309677,3.951669931411743,0.11525430530309677,4.014179706573486
953,2,2,1,0.1225760281085968,3.660813331604004,0.09516003727912903,4.043353080749512,0.12251873314380646,4.002277374267578,0.09378986060619354,4.015937328338623
954,2,2,1,0.12688586115837097,3.6594152450561523,0.10290776193141937,4.033214092254639,0.1309291273355484,4.039120197296143,0.096121646463871,4.0188679695129395
955,2,2,1,0.13161920011043549,3.6432533264160156,0.11815907806158066,3.9857473373413086,0.14553770422935486,4.016090393066406,0.10582748800516129,4.076082706451416
956,2,2,1,0.1260214000940323,3.6681294441223145,0.10197604447603226,4.044754981994629,0.12822863459587097,4.031085014343262,0.09578283876180649,4.070328712463379
957,2,2,1,0.12679119408130646,3.6625797748565674,0.10325155407190323,4.026250839233398,0.12380420416593552,3.988490104675293,0.09245456010103226,4.0155205726623535
958,2,2,1,0.12364725768566132,3.6552696228027344,0.09307238459587097,4.010171413421631,0.11940967291593552,3.974630832672119,0.08964444696903229,3.947309970855713
959,2,2,1,0.14493732154369354,3.6609601974487305,0.14530353248119354,3.9516854286193848,0.15254303812980652,3.95688533782959,0.0969587042927742,3.9833505153656006
960,2,2,1,0.12618333101272583,3.659611940383911,0.10196607559919357,4.024871826171875,0.12623564898967743,4.003236293792725,0.09594228118658066,4.015995025634766
961,2,2,1,0.1284005343914032,3.6507439613342285,0.10230488330125809,4.006721019744873,0.12958386540412903,4.0099968910217285,0.09516501426696777,4.050680637359619
962,2,2,1,0.12510213255882263,3.649959087371826,0.10064074397087097,4.028219223022461,0.12433234602212906,3.9939088821411133,0.09321188926696777,3.994654655456543
963,2,2,1,0.12451420724391937,3.6572697162628174,0.09380480647087097,4.017421722412109,0.11810427159070969,3.999831199645996,0.08922592550516129,4.00268030166626
964,2,2,1,0.13621801137924194,3.6717569828033447,0.13470084965229034,3.9976327419281006,0.14931440353393555,4.037306308746338,0.09618143737316132,4.06920862197876
965,2,2,1,0.12502989172935486,3.66589617729187,0.09804487973451614,4.070586204528809,0.11982820183038712,4.034843921661377,0.09215561300516129,4.067690372467041
966,2,2,1,0.13417519629001617,3.6642343997955322,0.12306680530309677,3.994574785232544,0.1356026828289032,3.9826571941375732,0.08874760568141937,3.981360912322998
967,2,2,1,0.12766560912132263,3.6079304218292236,0.09594228118658066,3.886528968811035,0.14699257910251617,3.894651174545288,0.115652896463871,3.987764835357666
968,2,2,1,0.1296137571334839,3.6768085956573486,0.11198581010103226,4.047962188720703,0.1278001368045807,4.021286487579346,0.0908203125,4.019091606140137
969,2,2,1,0.12364975363016129,3.666196584701538,0.09609673917293549,4.053714752197266,0.12697304785251617,4.034609794616699,0.0943080335855484,4.036348342895508
970,2,2,1,0.13568489253520966,3.6812448501586914,0.132080078125,4.015164852142334,0.14248843491077423,4.038254261016846,0.09578283876180649,4.072409629821777
971,2,2,1,0.12571248412132263,3.6576037406921387,0.09893674403429031,4.0099711418151855,0.12397360801696777,3.9962222576141357,0.091238833963871,4.008737564086914
972,2,2,1,0.1308070570230484,3.63999080657959,0.10482601076364517,3.989258050918579,0.1399274468421936,4.012533664703369,0.10329639166593552,4.02218770980835
973,2,2,1,0.12297462671995163,3.658205509185791,0.09101462364196777,4.03881311416626,0.1188616082072258,3.966465473175049,0.09462691098451614,4.015374660491943
974,2,2,1,0.12484055757522583,3.6641523838043213,0.09974390268325806,4.073480129241943,0.1267538219690323,4.001100540161133,0.09616150707006454,4.014300346374512
975,2,2,1,0.1264050453901291,3.631986618041992,0.09698361903429031,3.9682507514953613,0.1389508843421936,3.998278856277466,0.11045120656490326,4.071093559265137
976,2,2,1,0.13013941049575806,3.669250965118408,0.1165248304605484,4.023645401000977,0.13726681470870972,4.032595157623291,0.096121646463871,4.039394378662109
977,2,2,1,0.1304582804441452,3.6457693576812744,0.11406349390745163,3.9854977130889893,0.14445152878761292,4.005311965942383,0.10977359116077423,4.0404863357543945
978,2,2,1,0.12207280099391937,3.6359665393829346,0.08977897465229034,4.0139851570129395,0.12138272821903229,3.994335412979126,0.09562340378761292,3.986452579498291
979,2,2,1,0.12267319113016129,3.654461622238159,0.09177196025848389,4.020142078399658,0.12343550473451614,4.0183258056640625,0.0955636128783226,4.046715259552002
980,2,2,1,0.13125547766685486,3.6511282920837402,0.11481086164712906,3.9774768352508545,0.13298189640045166,3.9969277381896973,0.09217554330825806,4.013621807098389
981,2,2,1,0.12282266467809677,3.646282196044922,0.09164740145206451,4.04267692565918,0.11972855031490326,3.990262269973755,0.09371013939380646,3.991492986679077
982,2,2,1,0.1287592649459839,3.6838154792785645,0.10646524280309677,4.087560653686523,0.11958904564380646,3.9906673431396484,0.08009805530309677,3.932072639465332
983,2,2,1,0.12246143072843552,3.641292095184326,0.09048150479793549,3.9974119663238525,0.12631537020206451,3.984774351119995,0.10080516338348389,4.014235019683838
984,2,2,1,0.12744389474391937,3.6340091228485107,0.09695371985435486,3.977748155593872,0.13719706237316132,4.003486156463623,0.1071428582072258,4.066778182983398
985,2,2,1,0.1269008070230484,3.656393051147461,0.10495555400848389,4.032186031341553,0.1315668821334839,4.01090669631958,0.09691884368658066,4.03783655166626
986,2,2,1,0.1266317516565323,3.6028802394866943,0.0927734375,3.869065523147583,0.1485770046710968,3.871830940246582,0.11930005997419357,3.955897092819214
987,2,2,1,0.14291444420814514,3.6656265258789062,0.15066465735435486,3.945467710494995,0.16732102632522583,4.024001121520996,0.10750158876180649,4.138116359710693
988,2,2,1,0.15297651290893555,3.666905403137207,0.1594487428665161,3.973189115524292,0.1611328125,4.031601905822754,0.10146284848451614,4.083677291870117
989,2,2,1,0.12516939640045166,3.660874843597412,0.10090979188680649,4.025527000427246,0.1306600719690323,3.99969482421875,0.0965401753783226,4.020644187927246
990,2,2,1,0.12675133347511292,3.6301028728485107,0.0996442511677742,3.9480974674224854,0.1402762234210968,3.952333688735962,0.11092952638864517,4.047969818115234
991,2,2,1,0.12871192395687103,3.66552472114563,0.12019690126180649,4.013306140899658,0.1457768678665161,4.047918319702148,0.09941007196903229,4.072173118591309
992,2,2,1,0.1233607679605484,3.654832601547241,0.09492585808038712,4.01758337020874,0.12558792531490326,4.008886814117432,0.09795519709587097,4.049237251281738
993,2,2,1,0.12500497698783875,3.628941059112549,0.09346599876880646,3.970414161682129,0.13384884595870972,3.9207117557525635,0.1061662957072258,4.0257182121276855
994,2,2,1,0.123779296875,3.663909435272217,0.09513013809919357,4.053789138793945,0.11468630284070969,4.012598991394043,0.08563855290412903,4.013497829437256
995,2,2,1,0.12735171616077423,3.6580007076263428,0.10033182799816132,4.001688480377197,0.12804926931858063,4.01338529586792,0.09454718977212906,4.026981353759766
996,2,2,1,0.12820371985435486,3.6622166633605957,0.10552854090929031,4.018035888671875,0.12945431470870972,4.01093053817749,0.09452725946903229,4.018764495849609
997,2,2,1,0.13727180659770966,3.6415374279022217,0.11376454681158066,3.9579994678497314,0.1383928507566452,4.01454496383667,0.09512516111135483,4.03394079208374
998,2,2,1,0.13818857073783875,3.657742977142334,0.12727698683738708,4.010138988494873,0.14238879084587097,4.010427474975586,0.09315210580825806,4.046213150024414
999,2,2,1,0.14003457129001617,3.6720571517944336,0.1388911008834839,3.99411678314209,0.15013153851032257,4.000796318054199,0.09622129797935486,4.048674583435059
1000,2,2,1,0.12659437954425812,3.6587491035461426,0.1086077019572258,4.015368461608887,0.13711734116077423,4.039970874786377,0.1015625,4.063775539398193
1001,2,2,1,0.1271100640296936,3.6566450595855713,0.1029924675822258,4.027526378631592,0.13073979318141937,4.024542808532715,0.09434789419174194,4.0580902099609375
1002,2,2,1,0.12191585451364517,3.6642487049102783,0.09111925959587097,4.071905136108398,0.11866230517625809,4.025277137756348,0.09271364659070969,4.012897491455078
1003,2,2,1,0.12851263582706451,3.661342144012451,0.11034657806158066,4.029168605804443,0.12477080523967743,3.992572546005249,0.08783083409070969,3.99863862991333
1004,2,2,1,0.12191585451364517,3.6809024810791016,0.09747190028429031,4.101467132568359,0.11833346635103226,4.021052837371826,0.08755181729793549,4.0559983253479
1005,2,2,1,0.12314901500940323,3.645378589630127,0.09222038090229034,4.018153190612793,0.1253487765789032,4.000715255737305,0.09801498800516129,4.002033233642578
1006,2,2,1,0.13574716448783875,3.6706185340881348,0.12791474163532257,4.013750076293945,0.14663384854793549,4.043968677520752,0.09636081010103226,4.029989719390869
1007,2,2,1,0.12150729447603226,3.6584861278533936,0.09051638096570969,4.0197062492370605,0.12273795902729034,4.011204242706299,0.09580276906490326,4.019138813018799
1008,2,2,1,0.13685576617717743,3.674287796020508,0.13460618257522583,3.9954841136932373,0.15543287992477417,3.9941017627716064,0.10399393737316132,4.1038713455200195
1009,2,2,1,0.13715969026088715,3.6495449542999268,0.12141262739896774,3.980137825012207,0.1393694132566452,4.015515327453613,0.09456712007522583,4.028872489929199
1010,2,2,1,0.1242501363158226,3.635228157043457,0.09330655634403229,3.982858896255493,0.12581712007522583,3.9859812259674072,0.09618143737316132,4.000621795654297
1011,2,2,1,0.12631037831306458,3.6644511222839355,0.10208067297935486,4.047198295593262,0.125,4.012914657592773,0.09616150707006454,4.053264141082764
1012,2,2,1,0.12703533470630646,3.6060831546783447,0.09306241571903229,3.890352249145508,0.14538823068141937,3.8404386043548584,0.11720743030309677,3.9421865940093994
1013,2,2,1,0.12433234602212906,3.626132011413574,0.09311722218990326,3.972069025039673,0.13129782676696777,3.9040679931640625,0.10702327638864517,4.026070594787598
1014,2,2,1,0.12347536534070969,3.648212432861328,0.09379982203245163,4.024274826049805,0.12197066098451614,4.032679557800293,0.09432796388864517,4.049228668212891
1015,2,2,1,0.14100117981433868,3.6394460201263428,0.13204021751880646,3.9296629428863525,0.14597615599632263,3.9832754135131836,0.09984853118658066,4.070458889007568
1016,2,2,1,0.13671375811100006,3.662487745285034,0.11953921616077423,4.027384281158447,0.1405552476644516,4.038496971130371,0.09588249027729034,4.036167144775391
1017,2,2,1,0.13727180659770966,3.662026882171631,0.12215002626180649,3.966430187225342,0.1394292116165161,4.016652584075928,0.09056122601032257,4.02816915512085
1018,2,2,1,0.14519640803337097,3.6539127826690674,0.13921496272087097,3.9448838233947754,0.16012635827064514,3.9995644092559814,0.10512994229793549,4.04720401763916
1019,2,2,1,0.12961624562740326,3.6603240966796875,0.12231943011283875,4.000488758087158,0.14280731976032257,4.039355278015137,0.09797512739896774,4.061431884765625
1020,2,2,1,0.12476333230733871,3.6396238803863525,0.09604193270206451,4.009078502655029,0.12783002853393555,3.970611095428467,0.09225525707006454,3.9894144535064697
1021,2,2,1,0.12643495202064514,3.6656486988067627,0.10805464535951614,4.054779529571533,0.12965361773967743,4.0205979347229,0.09809470176696777,4.051605224609375
1022,2,2,1,0.12785494327545166,3.6600289344787598,0.11543367058038712,3.9953815937042236,0.13583186268806458,4.0129852294921875,0.0989118292927742,4.055409908294678
1023,2,2,1,0.12432238459587097,3.66361403465271,0.09728754311800003,4.057410717010498,0.11939971148967743,4.018444538116455,0.09030213207006454,4.056941032409668
1024,2,2,1,0.12244399636983871,3.6550965309143066,0.09169722348451614,4.0443925857543945,0.12122329324483871,3.9741883277893066,0.09265385568141937,3.961066961288452
1025,2,2,1,0.1371895968914032,3.6408143043518066,0.12283262610435486,3.9568004608154297,0.14907525479793549,3.978074789047241,0.09791533648967743,4.035416126251221
1026,2,2,1,0.12320630997419357,3.6290440559387207,0.09081034362316132,3.95890474319458,0.14228913187980652,3.933468818664551,0.11433752626180649,4.02649450302124
1027,2,2,1,0.12700045108795166,3.6715903282165527,0.10872727632522583,4.044679641723633,0.12900589406490326,3.9932796955108643,0.09070073068141937,4.002197265625
1028,2,2,1,0.12323620915412903,3.6724348068237305,0.09103455394506454,4.067812442779541,0.11714763939380646,4.04695463180542,0.0881696417927742,4.027350902557373
1029,2,2,1,0.12630042433738708,3.6643457412719727,0.09997807443141937,4.017591953277588,0.12289740145206451,3.99927020072937,0.08880739659070969,3.9952871799468994
1030,2,2,1,0.14863929152488708,3.6527109146118164,0.15185047686100006,3.9299144744873047,0.16063456237316132,3.961104154586792,0.09683912247419357,4.004322052001953
1031,2,2,1,0.12826849520206451,3.6281464099884033,0.10711295902729034,3.93683123588562,0.14960339665412903,3.9370546340942383,0.11656967550516129,4.028552055358887
1032,2,2,1,0.12366469949483871,3.647582530975342,0.09374501556158066,4.031092166900635,0.12565767765045166,4.0030927658081055,0.09739716351032257,4.022917747497559
1033,2,2,1,0.12924505770206451,3.677081823348999,0.11632055044174194,4.022359371185303,0.13318119943141937,4.025738716125488,0.09540417790412903,4.0104451179504395
1034,2,2,1,0.12353764474391937,3.6546614170074463,0.09502550959587097,4.038590431213379,0.12279774993658066,4.011036396026611,0.09050143510103226,4.01409387588501
1035,2,2,1,0.1221749410033226,3.6448962688446045,0.0918666273355484,4.01610803604126,0.11991788446903229,4.001163482666016,0.09275350719690323,4.010958194732666
1036,2,2,1,0.13133768737316132,3.6639795303344727,0.11779037863016129,4.017892837524414,0.13600127398967743,4.0353899002075195,0.09289301186800003,4.002574443817139
1037,2,2,1,0.1250348687171936,3.6614067554473877,0.09990832209587097,4.031717300415039,0.12566764652729034,3.9954800605773926,0.0913783460855484,3.969029426574707
1038,2,2,1,0.12295718491077423,3.658724308013916,0.08934052288532257,4.045396327972412,0.11423788219690323,3.9797627925872803,0.08725287020206451,3.9707629680633545
1039,2,2,1,0.12489037960767746,3.6712279319763184,0.0964704230427742,4.0687947273254395,0.11924026906490326,4.04638147354126,0.08910634368658066,4.063520431518555
1040,2,2,1,0.12512455880641937,3.6554572582244873,0.0943429097533226,4.0099287033081055,0.12090441584587097,3.997032880783081,0.09097974747419357,4.009200572967529
1041,2,2,1,0.12771543860435486,3.653961658477783,0.10987324267625809,4.010838031768799,0.12989278137683868,4.0106635093688965,0.09554368257522583,3.985189914703369
1042,2,2,1,0.14214962720870972,3.662215232849121,0.14026127755641937,3.9630208015441895,0.15596100687980652,4.003322601318359,0.10375478118658066,4.0180559158325195
1043,2,2,1,0.12906070053577423,3.670520782470703,0.11172671616077423,4.015251636505127,0.12463129311800003,3.997041702270508,0.08926578611135483,4.027461528778076
1044,2,2,1,0.1267712563276291,3.6382179260253906,0.09543905407190323,3.971182346343994,0.12817880511283875,3.9888827800750732,0.09815449267625809,4.062943935394287
1045,2,2,1,0.12545838952064514,3.6289515495300293,0.09317203611135483,3.9587700366973877,0.1282086968421936,3.9846105575561523,0.09931042790412903,4.009833335876465
1046,2,1,0,0.15776465833187103,3.6581764221191406,0.16828761994838715,3.922074794769287,0.18511837720870972,3.9722237586975098,0.11912069469690323,4.054040431976318
1047,2,2,1,0.12686343491077423,3.659315824508667,0.102469302713871,4.010162353515625,0.12672393023967743,3.9736573696136475,0.09494578838348389,4.039252758026123
1048,2,2,1,0.12603634595870972,3.6562697887420654,0.09888691455125809,4.036176681518555,0.11797472834587097,3.9981417655944824,0.08791055530309677,3.992065191268921
1049,2,2,1,0.13537098467350006,3.6689670085906982,0.119315005838871,4.012694835662842,0.13939930498600006,4.014725685119629,0.09490592777729034,4.032129287719727
1050,2,2,1,0.12364975363016129,3.6504411697387695,0.09149792790412903,4.025157928466797,0.11699816584587097,4.044204235076904,0.09030213207006454,4.060030937194824
1051,2,2,1,0.12391631305217743,3.6341447830200195,0.0928083136677742,3.9846997261047363,0.12753108143806458,3.9977340698242188,0.09939014166593552,4.037697792053223
1052,2,2,1,0.1248604878783226,3.6659018993377686,0.09585259854793549,4.045118808746338,0.11776546388864517,3.996192216873169,0.08904655277729034,3.9988808631896973
1053,2,2,1,0.12334582209587097,3.6595168113708496,0.0965401753783226,4.043301105499268,0.12121332436800003,3.9989311695098877,0.0944475457072258,4.009917736053467
1054,2,2,1,0.12703284621238708,3.6199207305908203,0.10482601076364517,3.895479917526245,0.14796914160251617,3.924506664276123,0.11059071868658066,4.005766868591309
1055,2,2,1,0.12346041947603226,3.649461269378662,0.09160754084587097,4.028391361236572,0.11761599034070969,3.98610520362854,0.09050143510103226,4.004184246063232
1056,2,2,1,0.1235002800822258,3.6731150150299072,0.09435785561800003,4.062572479248047,0.12181121855974197,4.015542984008789,0.09225525707006454,4.031756401062012
1057,2,2,1,0.1437739133834839,3.6630163192749023,0.1407645046710968,3.9856293201446533,0.15381856262683868,4.005959987640381,0.09952965378761292,4.031638145446777
1058,2,2,1,0.14949128031730652,3.662156105041504,0.1520298570394516,3.9327826499938965,0.16554726660251617,3.9576234817504883,0.10321667790412903,4.0179572105407715
1059,2,2,1,0.13712731003761292,3.6593451499938965,0.14053033292293549,3.9768126010894775,0.15386837720870972,4.019623279571533,0.09843350946903229,4.069447040557861
1060,2,2,1,0.12517189979553223,3.671907663345337,0.09918088465929031,4.04270076751709,0.12687340378761292,3.9966228008270264,0.0975167378783226,4.005926609039307
1061,2,2,1,0.13414032757282257,3.6430680751800537,0.11980827152729034,3.9892704486846924,0.13875159621238708,4.062553882598877,0.09809470176696777,4.067249298095703
1062,2,2,1,0.12485301494598389,3.617974042892456,0.091727115213871,3.918522596359253,0.14141222834587097,3.9630048274993896,0.11475605517625809,4.077457427978516
1063,2,2,1,0.12869448959827423,3.6754679679870605,0.10820910334587097,4.054332733154297,0.12313655763864517,4.022335529327393,0.087332583963871,4.00456428527832
1064,2,2,1,0.13852737843990326,3.6464591026306152,0.1279047727584839,3.9613571166992188,0.15838249027729034,3.993645429611206,0.10636559128761292,4.074199199676514
1065,2,2,1,0.125732421875,3.6593222618103027,0.10335618257522583,4.025790691375732,0.12629543244838715,4.002998352050781,0.09428810328245163,4.005073070526123
1066,2,2,1,0.12109125405550003,3.6671879291534424,0.08935546875,4.054310321807861,0.12566764652729034,3.976052761077881,0.10200095176696777,4.0230560302734375
1067,2,2,1,0.12569256126880646,3.6652991771698,0.10453702509403229,4.03746223449707,0.13418765366077423,3.998960256576538,0.0982142835855484,4.038960933685303
1068,2,2,1,0.1250448375940323,3.638144016265869,0.09637077152729034,4.002791881561279,0.13040098547935486,4.005502223968506,0.09927056729793549,4.033928871154785
1069,2,2,1,0.14937420189380646,3.657421588897705,0.14849728345870972,3.9325928688049316,0.16223891079425812,3.9703335762023926,0.10092474520206451,4.003554344177246
1070,3,3,1,0.12158451974391937,3.642700433731079,0.08686921745538712,3.9689130783081055,0.13753587007522583,3.920736074447632,0.10650510340929031,3.976609230041504
1071,3,3,1,0.12104890495538712,3.6439390182495117,0.08706353604793549,3.991358518600464,0.13514429330825806,3.9354076385498047,0.10558832436800003,4.000377655029297
1072,3,3,1,0.1393071413040161,3.6541783809661865,0.13380898535251617,3.933757781982422,0.14951370656490326,3.908690929412842,0.11019212007522583,3.9300053119659424
1073,3,3,1,0.12611357867717743,3.6520750522613525,0.09721280634403229,4.031623363494873,0.12651465833187103,4.001969337463379,0.10038663446903229,4.049434185028076
1074,3,3,1,0.12288743257522583,3.631122350692749,0.08770627528429031,3.941657781600952,0.1446707546710968,3.9313266277313232,0.1100725457072258,4.023356914520264
1075,3,3,1,0.124564029276371,3.6178276538848877,0.09383469820022583,3.937556505203247,0.14695271849632263,3.8688547611236572,0.12348532676696777,4.024531841278076
1076,3,3,1,0.12169164419174194,3.6451237201690674,0.08942023664712906,4.01944637298584,0.12999242544174194,3.919816017150879,0.10542888939380646,4.024007797241211
1077,3,3,1,0.12257104367017746,3.635840654373169,0.08894690871238708,3.9580438137054443,0.13834303617477417,3.9226391315460205,0.10748166590929031,4.015019416809082
1078,3,3,1,0.12133041769266129,3.6668171882629395,0.09231504797935486,4.070811748504639,0.11975844949483871,3.948826789855957,0.09440768510103226,4.003166675567627
1079,3,3,1,0.12585200369358063,3.591769218444824,0.09079539775848389,3.834165573120117,0.1625279039144516,3.875781774520874,0.12631537020206451,4.026664733886719
1080,3,3,1,0.1251569390296936,3.593841552734375,0.0897391140460968,3.8616955280303955,0.1593989133834839,3.909289836883545,0.1262555718421936,4.011681079864502
1081,3,3,1,0.12204539775848389,3.646397113800049,0.08780094236135483,4.017931938171387,0.12671396136283875,3.8618276119232178,0.0969587042927742,3.9048304557800293
1082,3,3,1,0.1271623820066452,3.5911762714385986,0.09138333052396774,3.835777759552002,0.16491948068141937,3.8445920944213867,0.12978315353393555,3.9735872745513916
1083,3,3,1,0.12090690433979034,3.6722023487091064,0.08934549987316132,4.07294225692749,0.12230946868658066,3.8964476585388184,0.09060107916593552,3.9289486408233643
1084,3,3,1,0.12197314947843552,3.663548469543457,0.09569315612316132,4.085494041442871,0.12517936527729034,4.008995532989502,0.09986846148967743,4.011774063110352
1085,3,3,1,0.12106136232614517,3.643749475479126,0.08689413219690323,3.9865825176239014,0.13461615145206451,3.9280478954315186,0.10461176186800003,3.994094133377075
1086,3,3,1,0.12133041769266129,3.6668171882629395,0.09231504797935486,4.070811748504639,0.11975844949483871,3.948826789855957,0.09440768510103226,4.003166675567627
1087,3,3,1,0.12317890673875809,3.627505302429199,0.09049146622419357,3.978691816329956,0.13562260568141937,3.914033889770508,0.10801976919174194,4.004981517791748
1088,3,3,1,0.12637515366077423,3.660325765609741,0.10412348061800003,4.020528316497803,0.1326131969690323,3.9551398754119873,0.10562818497419357,4.026037693023682
1089,3,3,1,0.12781010568141937,3.596951484680176,0.09850824624300003,3.8423447608947754,0.15900032222270966,3.8668839931488037,0.1259167641401291,4.01598596572876
1090,3,3,1,0.1252690553665161,3.5924947261810303,0.0897391140460968,3.8442063331604004,0.16162109375,3.8679943084716797,0.1273118555545807,4.002035140991211
1091,3,3,1,0.1230817511677742,3.630206823348999,0.0891462042927742,3.9569640159606934,0.1354532092809677,3.8996541500091553,0.10251913219690323,3.980170965194702
1092,3,3,1,0.1221575066447258,3.635525703430176,0.08852339535951614,3.9652726650238037,0.13931959867477417,3.932408332824707,0.10933513939380646,3.990156650543213
1093,3,3,1,0.12212511897087097,3.645404100418091,0.08863799273967743,4.024789333343506,0.12537866830825806,3.9132888317108154,0.0947265625,3.9408793449401855
1094,3,3,1,0.12613101303577423,3.652399778366089,0.10097955167293549,4.02694034576416,0.1255580335855484,3.9434127807617188,0.09548389166593552,3.915675163269043
1095,3,3,1,0.12500996887683868,3.615703582763672,0.09018255770206451,3.893425464630127,0.15190528333187103,3.874835968017578,0.12350525707006454,3.9998385906219482
1096,3,3,1,0.12138771265745163,3.6544761657714844,0.08742725104093552,4.035162925720215,0.12243901193141937,3.938715696334839,0.09171715378761292,3.945024013519287
1097,3,3,1,0.1225934699177742,3.630197048187256,0.08767139166593552,3.9308364391326904,0.14659398794174194,3.91509747505188,0.11591199040412903,4.0053300857543945
1098,3,3,1,0.1262655407190323,3.5940730571746826,0.09016761183738708,3.8524065017700195,0.16165098547935486,3.8783133029937744,0.12784996628761292,3.963367223739624
1099,3,3,1,0.1240408718585968,3.61950945854187,0.09291792660951614,3.9359750747680664,0.14259804785251617,3.9006290435791016,0.11252391338348389,3.9989373683929443
1100,3,3,1,0.1342001110315323,3.6595258712768555,0.12529397010803223,4.024257183074951,0.12802933156490326,4.087795734405518,0.09349091351032257,4.1822638511657715
1101,3,3,1,0.12206532806158066,3.6633331775665283,0.08905153721570969,4.046550750732422,0.12923508882522583,3.9671523571014404,0.10152263939380646,3.996859073638916
1102,3,3,1,0.12240413576364517,3.6488583087921143,0.09199118614196777,4.007582664489746,0.12778021395206451,3.920377492904663,0.09534438699483871,3.957775831222534
1103,3,3,1,0.12257353961467743,3.631051540374756,0.08826929330825806,3.953883409500122,0.14037586748600006,3.931000232696533,0.10752151906490326,4.009082317352295
1104,3,3,1,0.1225934699177742,3.630197048187256,0.08767139166593552,3.9308364391326904,0.14659398794174194,3.91509747505188,0.11591199040412903,4.0053300857543945
1105,3,3,1,0.12274543195962906,3.663696765899658,0.09264887124300003,4.064049243927002,0.12082469463348389,3.931133985519409,0.09448739886283875,3.96161150932312
1106,3,3,1,0.122366763651371,3.6337263584136963,0.08710837364196777,3.9689412117004395,0.1399374157190323,3.955280303955078,0.1085379421710968,4.0372748374938965
1107,3,3,1,0.1223493292927742,3.6509203910827637,0.089111328125,4.020016670227051,0.12530891597270966,3.8910536766052246,0.09482620656490326,3.902900457382202
1108,3,3,1,0.1255655139684677,3.607602834701538,0.09020746499300003,3.8832919597625732,0.15909996628761292,3.88350248336792,0.12920519709587097,4.021286487579346
1109,3,3,1,0.12514448165893555,3.615419864654541,0.08938037604093552,3.9042868614196777,0.15168605744838715,3.910064458847046,0.1188616082072258,4.048792839050293
1110,3,3,1,0.1273367702960968,3.630903482437134,0.10483597218990326,3.9491469860076904,0.14797911047935486,3.920067310333252,0.12310665845870972,4.055042743682861
1111,3,3,1,0.12232192605733871,3.650740385055542,0.09145308285951614,4.0215744972229,0.13221460580825806,3.9613356590270996,0.10540895909070969,4.020230770111084
1112,3,3,1,0.12352768331766129,3.6333770751953125,0.08906648308038712,3.9492056369781494,0.14099369943141937,3.944448471069336,0.11116868257522583,4.0279669761657715
1113,3,3,1,0.12452416867017746,3.614044189453125,0.08969925343990326,3.9056267738342285,0.14761041104793549,3.9276986122131348,0.11670918017625809,4.008196830749512
1114,3,3,1,0.15063227713108063,3.6406681537628174,0.1520298570394516,3.889915704727173,0.16311582922935486,3.876595973968506,0.11084980517625809,3.892125129699707
1115,3,3,1,0.12543098628520966,3.6091878414154053,0.09268873184919357,3.878084182739258,0.15825293958187103,3.856180429458618,0.13215480744838715,3.9672749042510986
1116,3,3,1,0.12363729625940323,3.6334803104400635,0.09074059128761292,3.969635486602783,0.13928969204425812,3.9177279472351074,0.10931520909070969,3.975752115249634
1117,3,3,1,0.12156957387924194,3.65169358253479,0.09017258882522583,4.010829925537109,0.13196547329425812,3.9400436878204346,0.10556839406490326,3.9722485542297363
1118,3,3,1,0.12254364043474197,3.6382598876953125,0.0871233269572258,3.989591598510742,0.13945910334587097,3.9396212100982666,0.10461176186800003,3.9838063716888428
1119,3,3,1,0.12585946917533875,3.5992162227630615,0.08999820798635483,3.8727786540985107,0.15865154564380646,3.8888261318206787,0.12593670189380646,3.994619369506836
1120,3,3,1,0.12663672864437103,3.594259738922119,0.09069076925516129,3.804471969604492,0.16777941584587097,3.8499138355255127,0.1318359375,3.9472410678863525
1121,3,2,0,0.12462880462408066,3.6548664569854736,0.10078024864196777,4.04785680770874,0.1267438530921936,3.995675802230835,0.09574298560619354,4.100749492645264
1122,3,3,1,0.1228724867105484,3.62990140914917,0.08927574753761292,3.9647839069366455,0.1371472328901291,3.907360315322876,0.10357541590929031,3.9923031330108643
1123,3,3,1,0.12572993338108063,3.6456637382507324,0.10252909362316132,4.023617267608643,0.1346261203289032,3.9650628566741943,0.11419802159070969,4.054973602294922
1124,3,3,1,0.12567761540412903,3.6005985736846924,0.09266382455825806,3.8832669258117676,0.14800900220870972,3.8421194553375244,0.11780532449483871,3.9913721084594727
1125,3,3,1,0.1235177144408226,3.6181602478027344,0.08911630511283875,3.9120540618896484,0.15139707922935486,3.9058117866516113,0.12420280277729034,4.043164253234863
1126,3,3,1,0.12108627706766129,3.652834177017212,0.08640585094690323,4.029062271118164,0.1268235743045807,3.9583561420440674,0.10080516338348389,4.019968509674072
1127,3,3,1,0.12123076617717743,3.645336389541626,0.08695890009403229,3.988311529159546,0.13480548560619354,3.9314754009246826,0.10512994229793549,4.002274990081787
1128,3,3,1,0.12984295189380646,3.5989830493927,0.10214544832706451,3.862250566482544,0.16377350687980652,3.861393451690674,0.1330118030309677,3.9689841270446777
1129,3,3,1,0.12142010033130646,3.652167558670044,0.08904655277729034,4.017289638519287,0.12643495202064514,3.9196879863739014,0.09978874027729034,3.9676454067230225
1130,3,3,1,0.12547831237316132,3.591407299041748,0.08952487260103226,3.850066900253296,0.15772481262683868,3.8654284477233887,0.12567761540412903,3.983031988143921
1131,3,3,1,0.12208525836467743,3.632045030593872,0.08829420059919357,3.9626996517181396,0.1372767835855484,3.930095911026001,0.1089564710855484,4.029632568359375
1132,3,3,1,0.12632283568382263,3.59041166305542,0.09366529434919357,3.8332889080047607,0.16230866312980652,3.8760437965393066,0.12894611060619354,4.002472877502441
1133,3,3,1,0.12167669832706451,3.638671636581421,0.08788564056158066,3.981121301651001,0.13355986773967743,3.9349398612976074,0.10899633169174194,4.0327301025390625
1134,3,3,1,0.12285006791353226,3.6431164741516113,0.09030213207006454,4.0081658363342285,0.13598133623600006,3.962406635284424,0.10943479090929031,4.0524492263793945
1135,3,3,1,0.1212332546710968,3.63693904876709,0.08717813342809677,3.982797145843506,0.1371472328901291,3.9378769397735596,0.10590720176696777,3.994354486465454
1136,3,0,0,0.12473592907190323,3.6161375045776367,0.09108936041593552,3.906191825866699,0.1493443101644516,3.882031202316284,0.11945950239896774,4.0230231285095215
1137,3,3,1,0.15350715816020966,3.6445090770721436,0.1586565226316452,3.8797223567962646,0.16200971603393555,3.8477673530578613,0.13761559128761292,3.849094867706299
1138,3,3,1,0.12145746499300003,3.6369528770446777,0.08767637610435486,3.9755072593688965,0.13223452866077423,3.913790464401245,0.10395407676696777,3.969900369644165
1139,3,3,1,0.17144650220870972,3.641906499862671,0.1990443617105484,3.8125860691070557,0.20220822095870972,3.8289966583251953,0.13345025479793549,3.861260414123535
1140,3,3,1,0.12645487487316132,3.5937352180480957,0.0904715359210968,3.851635694503784,0.16090361773967743,3.897751808166504,0.1255580335855484,4.009047508239746
1141,3,3,1,0.12174146622419357,3.647151470184326,0.08714823424816132,3.9883368015289307,0.13506457209587097,3.9410505294799805,0.10164221376180649,3.9935293197631836
1142,3,3,1,0.12108876556158066,3.6772003173828125,0.08746213465929031,4.071436882019043,0.11713767051696777,3.9573798179626465,0.09058114886283875,3.97513747215271
1143,3,3,1,0.12593670189380646,3.546447277069092,0.09423329681158066,3.694760322570801,0.18993143737316132,3.7771248817443848,0.14915497601032257,3.890700101852417
1144,3,3,1,0.13328583538532257,3.670236587524414,0.1277552992105484,4.011505126953125,0.13774512708187103,4.004123687744141,0.09353076666593552,4.034945487976074
1145,3,3,1,0.12504234910011292,3.606837511062622,0.09008290618658066,3.8740596771240234,0.1542370766401291,3.8786017894744873,0.123465396463871,3.991121768951416
1146,3,3,1,0.12190339714288712,3.6359715461730957,0.08829918503761292,3.980250597000122,0.13556282222270966,3.9365627765655518,0.10554846376180649,4.022658824920654
1147,3,3,1,0.12270059436559677,3.6264796257019043,0.08745216578245163,3.980173110961914,0.1419602930545807,3.939913034439087,0.10925541818141937,3.99507474899292
1148,3,3,1,0.123291015625,3.652434825897217,0.09230010211467743,4.0374627113342285,0.12561781704425812,3.875614881515503,0.10451211780309677,4.030892372131348
1149,3,3,1,0.12511707842350006,3.5937716960906982,0.08922094106674194,3.8688223361968994,0.158203125,3.880385398864746,0.1254185289144516,4.00937557220459
1150,3,3,1,0.14516401290893555,3.634031295776367,0.14162148535251617,3.8792216777801514,0.15906010568141937,3.867121934890747,0.1268136203289032,3.923306703567505
1151,3,3,1,0.1230294331908226,3.6231648921966553,0.0883440300822258,3.9215497970581055,0.14183075726032257,3.904587984085083,0.11015225946903229,4.011579513549805
1152,3,3,1,0.12110869586467743,3.67077374458313,0.09830895066261292,4.114135265350342,0.1146065816283226,3.968350648880005,0.09656010568141937,4.077399253845215
1153,3,3,1,0.12183613330125809,3.642681837081909,0.0870535671710968,3.9871222972869873,0.1345663219690323,3.9477932453155518,0.10405372828245163,3.999616861343384
1154,3,3,1,0.13015684485435486,3.674271821975708,0.11951929330825806,4.034976005554199,0.12136279791593552,4.011002540588379,0.09813456237316132,4.073314189910889
1155,3,3,1,0.12253866344690323,3.6305196285247803,0.08836893737316132,3.9511728286743164,0.1399274468421936,3.9233014583587646,0.10636559128761292,4.00618314743042
1156,3,3,1,0.12226711958646774,3.6405794620513916,0.08717314898967743,3.9842820167541504,0.1366489976644516,3.919127941131592,0.10425302386283875,3.955457925796509
1157,3,3,1,0.12303690612316132,3.6294848918914795,0.08757174760103226,3.9613678455352783,0.1402762234210968,3.945585012435913,0.10690369457006454,3.990678548812866
1158,3,3,1,0.165754035115242,3.645930767059326,0.1865483522415161,3.856868028640747,0.17483457922935486,3.827073335647583,0.12747129797935486,3.932457685470581
1159,3,3,1,0.157209113240242,3.640900135040283,0.16478992998600006,3.874584197998047,0.16377350687980652,3.852874994277954,0.1174665167927742,3.983203172683716
1160,3,3,1,0.12608617544174194,3.5957086086273193,0.09192143380641937,3.7921838760375977,0.1726422905921936,3.8296103477478027,0.13767537474632263,3.957151174545288
1161,3,3,1,0.12108876556158066,3.6472246646881104,0.08870276808738708,4.016177177429199,0.12178132683038712,3.9122822284698486,0.09161750227212906,3.97541880607605
1162,3,3,1,0.12347785383462906,3.648582696914673,0.09357062727212906,4.037912845611572,0.11852280050516129,3.997225522994995,0.098074771463871,4.003454685211182
1163,3,3,1,0.12448181957006454,3.606588125228882,0.08853834122419357,3.9038267135620117,0.1495535671710968,3.9165778160095215,0.116629458963871,4.0440874099731445
1164,3,3,1,0.1495884507894516,3.6608266830444336,0.1591547727584839,3.9180727005004883,0.15681800246238708,3.8814895153045654,0.11455675959587097,3.9392831325531006
1165,3,3,1,0.12160445004701614,3.633151054382324,0.08705855160951614,3.9458022117614746,0.13967832922935486,3.908824920654297,0.10662467777729034,3.959439277648926
1166,3,3,1,0.12319883704185486,3.6367459297180176,0.09513013809919357,3.9891059398651123,0.1355229616165161,3.9385294914245605,0.11019212007522583,4.019171714782715
1167,3,3,1,0.12295220792293549,3.6218948364257812,0.08793048560619354,3.928093910217285,0.14597615599632263,3.931189775466919,0.11571268737316132,4.02686882019043
1168,3,3,1,0.17008380591869354,3.6330466270446777,0.19017557799816132,3.83284854888916,0.19640864431858063,3.8475899696350098,0.12001753598451614,3.8963799476623535
1169,3,3,1,0.13284488022327423,3.6595406532287598,0.12209521979093552,3.986696481704712,0.13457629084587097,3.9552018642425537,0.11959900707006454,4.013164520263672
1170,3,3,1,0.1236397847533226,3.6346564292907715,0.09156768023967743,3.975078821182251,0.13335059583187103,3.8993422985076904,0.10499043017625809,4.008542060852051
1171,3,3,1,0.12120086699724197,3.642761707305908,0.08896683156490326,3.997703790664673,0.13290217518806458,3.9366424083709717,0.10740194469690323,4.015587329864502
1172,3,3,1,0.12336575239896774,3.6220920085906982,0.08814971148967743,3.9016504287719727,0.1483079493045807,3.8967950344085693,0.11479591578245163,3.9904513359069824
1173,3,3,1,0.12291982024908066,3.6219370365142822,0.08837890625,3.926767349243164,0.14933434128761292,3.917789936065674,0.11694833636283875,4.031186103820801
1174,3,3,1,0.12645238637924194,3.5979628562927246,0.09041175246238708,3.8609611988067627,0.15920957922935486,3.9038617610931396,0.1231863796710968,4.011163234710693
1175,3,3,1,0.12680116295814514,3.6077919006347656,0.09281329810619354,3.8974125385284424,0.14806880056858063,3.9366040229797363,0.116629458963871,4.059296131134033
1176,3,3,1,0.12435974925756454,3.641679525375366,0.09966418147087097,3.97115421295166,0.13679847121238708,3.9511945247650146,0.11595184355974197,4.039360523223877
1177,3,3,1,0.12926249206066132,3.6584887504577637,0.1068987175822258,4.020787715911865,0.1382533460855484,3.9512758255004883,0.1085379421710968,4.005876064300537
1178,3,3,1,0.12180374562740326,3.6371872425079346,0.08758669346570969,3.9812276363372803,0.13735650479793549,3.943920373916626,0.10638552159070969,4.0033721923828125
1179,3,3,1,0.12230698019266129,3.63303804397583,0.08817462623119354,3.941797971725464,0.14039580523967743,3.920363426208496,0.1085379421710968,3.9988982677459717
1180,3,3,1,0.12155960500240326,3.651439666748047,0.08885721862316132,4.013681888580322,0.12701290845870972,3.9272713661193848,0.09813456237316132,3.972177028656006
1181,3,3,1,0.12275788933038712,3.6371254920959473,0.0896693617105484,3.9743289947509766,0.13500477373600006,3.916592836380005,0.10879702866077423,4.002564430236816
1182,3,3,1,0.12285754084587097,3.6435437202453613,0.09300760924816132,3.9912679195404053,0.13258330523967743,3.856444835662842,0.10582748800516129,3.95517897605896
1183,3,2,0,0.12365971505641937,3.644083261489868,0.09386459738016129,4.030574798583984,0.12426259368658066,4.031275272369385,0.09335140138864517,4.019001007080078
1184,3,3,1,0.1222272589802742,3.63954496383667,0.08723293989896774,3.969099760055542,0.1370077282190323,3.893592357635498,0.10172193497419357,3.938283681869507
1185,3,3,1,0.12270059436559677,3.6264796257019043,0.08745216578245163,3.980173110961914,0.1419602930545807,3.939913034439087,0.10925541818141937,3.99507474899292
1186,3,3,1,0.1268559694290161,3.6369473934173584,0.09591736644506454,3.948470115661621,0.1433553844690323,3.934450149536133,0.1096540167927742,3.9998183250427246
1187,3,3,1,0.12035883218050003,3.6549582481384277,0.0855887234210968,4.028641223907471,0.13341039419174194,3.9435315132141113,0.10475127398967743,3.972412586212158
1188,3,3,1,0.12548579275608063,3.638383150100708,0.09965421259403229,3.9945502281188965,0.13886120915412903,3.9458916187286377,0.1162109375,4.041845321655273
1189,3,3,1,0.12031897157430649,3.656106948852539,0.08633111417293549,4.041207313537598,0.1271723508834839,3.9304966926574707,0.10004782676696777,3.998605489730835
1190,3,3,1,0.12209273129701614,3.6337406635284424,0.08805504441261292,3.965087890625,0.13819356262683868,3.9214017391204834,0.1075613796710968,3.997591257095337
1191,3,3,1,0.12760333716869354,3.592315673828125,0.09250936657190323,3.8083696365356445,0.16488958895206451,3.8304829597473145,0.12721221148967743,3.9130501747131348
1192,3,3,1,0.12178132683038712,3.6492104530334473,0.08770627528429031,4.027779579162598,0.12850764393806458,3.920905590057373,0.09761638939380646,3.9601879119873047
1193,3,3,1,0.12322872877120972,3.650378942489624,0.09358059614896774,4.008039474487305,0.13053053617477417,3.9221315383911133,0.10520966351032257,3.984466791152954
1194,3,3,1,0.12160445004701614,3.6541495323181152,0.08692900836467743,4.016106128692627,0.1355428844690323,3.9392735958099365,0.10628587007522583,3.9964373111724854
1195,3,3,1,0.12167171388864517,3.6495699882507324,0.08702367544174194,4.017462730407715,0.13331075012683868,3.946030855178833,0.10514987260103226,4.003032684326172
1196,3,3,1,0.12279774993658066,3.6291284561157227,0.08839385211467743,3.945944309234619,0.14336535334587097,3.8884408473968506,0.11039142310619354,3.9698500633239746
1197,3,3,1,0.12319385260343552,3.6424946784973145,0.09084521979093552,3.991060256958008,0.12694315612316132,3.9947404861450195,0.096121646463871,4.014306545257568
1198,3,3,1,0.12229452282190323,3.6485230922698975,0.09221041947603226,4.019019603729248,0.12496013939380646,3.919936180114746,0.10307716578245163,3.9969065189361572
1199,3,3,1,0.12376932799816132,3.6172053813934326,0.08818957209587097,3.89711856842041,0.15344984829425812,3.89401912689209,0.12450174987316132,4.041299819946289
1200,3,3,1,0.12055563926696777,3.6466565132141113,0.08802016824483871,4.0247368812561035,0.12449178844690323,3.919074773788452,0.09390943497419357,3.959040641784668
1201,3,3,1,0.12341557443141937,3.617279052734375,0.08843869715929031,3.9054083824157715,0.14779974520206451,3.9257686138153076,0.11389907449483871,4.024147033691406
1202,3,3,1,0.12559789419174194,3.634143829345703,0.10092972218990326,3.989633321762085,0.13508449494838715,3.9393625259399414,0.11611128598451614,4.0633368492126465
1203,3,3,1,0.13147470355033875,3.6557083129882812,0.12014707922935486,3.993281841278076,0.13598133623600006,3.972885847091675,0.11790496855974197,4.038032531738281
1204,3,3,1,0.1262555718421936,3.5845303535461426,0.09391441941261292,3.8082125186920166,0.16310586035251617,3.836082696914673,0.12840799987316132,3.9697346687316895
1205,3,3,1,0.13204768300056458,3.6410903930664062,0.11206552386283875,3.9929752349853516,0.12957389652729034,3.975005865097046,0.10269849747419357,4.082282066345215
1206,3,3,1,0.12487294524908066,3.610633373260498,0.08917111903429031,3.9033915996551514,0.15204480290412903,3.919321060180664,0.11906090378761292,4.032306671142578
1207,3,3,1,0.12142010033130646,3.652167558670044,0.08904655277729034,4.017289638519287,0.12643495202064514,3.9196879863739014,0.09978874027729034,3.9676454067230225
1208,3,3,1,0.12255859375,3.636840343475342,0.08905153721570969,3.9615061283111572,0.13855229318141937,3.9423906803131104,0.11039142310619354,4.0359272956848145
1209,3,3,1,0.1262904554605484,3.5977039337158203,0.09104950726032257,3.8385138511657715,0.1607840359210968,3.8456151485443115,0.1278698891401291,3.9769327640533447
1210,3,3,1,0.12391132861375809,3.6077122688293457,0.089111328125,3.89091420173645,0.15333028137683868,3.8941314220428467,0.12187100946903229,4.027146339416504
1211,3,0,0,0.1266217827796936,3.617250680923462,0.09837870299816132,3.9040770530700684,0.1482182741165161,3.898211717605591,0.11615114659070969,4.013212203979492
1212,3,3,1,0.12228206545114517,3.631150007247925,0.08742725104093552,3.9509317874908447,0.14158162474632263,3.9367258548736572,0.10606664419174194,3.9879744052886963
1213,3,3,1,0.12627799808979034,3.5943102836608887,0.09094487130641937,3.8589272499084473,0.15818318724632263,3.864936351776123,0.1252192258834839,3.9853572845458984
1214,3,3,1,0.12299954146146774,3.6680169105529785,0.0992605984210968,4.095422267913818,0.1148855984210968,4.038858413696289,0.08888711780309677,4.060538291931152
1215,3,3,1,0.12146493792533875,3.6643149852752686,0.08746213465929031,4.046998023986816,0.12533880770206451,3.9182701110839844,0.09992825239896774,3.9778618812561035
1216,3,3,1,0.12343799322843552,3.633453845977783,0.09232999384403229,3.9718849658966064,0.14302654564380646,3.948512554168701,0.11658960580825806,4.036239147186279
1217,3,3,1,0.1214076429605484,3.6498544216156006,0.08735251426696777,3.9997718334198,0.13108856976032257,3.941087007522583,0.10014747828245163,3.9970149993896484
1218,3,3,1,0.12193827331066132,3.649069309234619,0.0865652859210968,4.004892349243164,0.13237403333187103,3.918774366378784,0.10481106489896774,3.985358476638794
1219,3,3,1,0.12150479853153229,3.65743350982666,0.08795539289712906,4.045487880706787,0.12747129797935486,3.912210702896118,0.10074537247419357,3.9576656818389893
1220,3,3,1,0.12262087315320969,3.643648147583008,0.08982880413532257,3.977813482284546,0.13300183415412903,3.8805723190307617,0.10206074267625809,3.982034683227539
1221,3,3,1,0.1292973756790161,3.6526849269866943,0.11171675473451614,3.996030569076538,0.13215480744838715,3.9660685062408447,0.1110491082072258,4.042713642120361
1222,3,3,1,0.12142258882522583,3.638530969619751,0.08620654791593552,3.96694016456604,0.1380540430545807,3.9185073375701904,0.10664460808038712,3.9801905155181885
1223,3,3,1,0.12202795594930649,3.6443052291870117,0.08741230517625809,3.998802900314331,0.13613080978393555,3.9830174446105957,0.10520966351032257,4.031066417694092
1224,3,3,1,0.1271897852420807,3.599862813949585,0.09495575726032257,3.868349313735962,0.15444634854793549,3.889089584350586,0.12007732689380646,4.010290622711182
1225,3,3,1,0.12197314947843552,3.663548469543457,0.09569315612316132,4.085494041442871,0.12517936527729034,4.008995532989502,0.09986846148967743,4.011774063110352
1226,3,3,1,0.1269356906414032,3.65958833694458,0.10286291688680649,4.050326824188232,0.13033123314380646,4.002370357513428,0.09568319469690323,4.007706642150879
1227,3,3,1,0.12170907855033875,3.642124652862549,0.0885184109210968,3.992007255554199,0.13319116830825806,3.909022808074951,0.10271842777729034,3.963329553604126
1228,3,3,1,0.12726452946662903,3.6259372234344482,0.10144790261983871,3.9554049968719482,0.13458625972270966,3.953279972076416,0.10792011767625809,4.052262306213379
1229,3,0,0,0.13160425424575806,3.636322259902954,0.10943479090929031,3.926379442214966,0.14274752140045166,3.8960559368133545,0.11497528105974197,3.8994626998901367
1230,3,3,1,0.12769301235675812,3.6404199600219727,0.10663464665412903,3.9585084915161133,0.1366489976644516,3.9379420280456543,0.11947943270206451,4.0398664474487305
1231,3,3,1,0.1218087300658226,3.6339707374572754,0.08667489886283875,3.962865114212036,0.13868184387683868,3.920672655105591,0.10921555757522583,4.014598369598389
1232,3,3,1,0.12564024329185486,3.6014909744262695,0.08953981846570969,3.882143497467041,0.15698739886283875,3.905992031097412,0.12450174987316132,4.006402969360352
1233,3,3,1,0.12200802564620972,3.645594596862793,0.08884725719690323,4.000056266784668,0.13376912474632263,3.965360641479492,0.10590720176696777,4.008468151092529
1234,3,3,1,0.12235181778669357,3.6302201747894287,0.088553287088871,3.962808847427368,0.13931959867477417,3.915742874145508,0.10813934355974197,3.976778507232666
1235,3,3,1,0.12133041769266129,3.6668171882629395,0.09231504797935486,4.070811748504639,0.11975844949483871,3.948826789855957,0.09440768510103226,4.003166675567627
1236,3,3,1,0.12221480160951614,3.645847797393799,0.09079539775848389,4.008615493774414,0.1259765625,3.9226388931274414,0.09827407449483871,3.978706121444702
1237,3,3,1,0.12215501070022583,3.636538028717041,0.09043167531490326,3.9731130599975586,0.1353236585855484,3.8876287937164307,0.1085379421710968,3.9660301208496094
1238,3,3,1,0.14618293941020966,3.66200852394104,0.15446627140045166,3.9570350646972656,0.15244339406490326,3.9549615383148193,0.11850287020206451,3.9841909408569336
1239,3,3,1,0.12160943448543549,3.6408071517944336,0.08626633882522583,3.973200798034668,0.14255818724632263,3.942471742630005,0.11172671616077423,4.0065999031066895
1240,3,3,1,0.12177136540412903,3.654132604598999,0.08688914775848389,4.032283782958984,0.1263253390789032,3.9393389225006104,0.09827407449483871,3.9902656078338623
1241,3,3,1,0.12081223726272583,3.6461904048919678,0.08662507683038712,3.984182596206665,0.1344866007566452,3.9230141639709473,0.10441246628761292,3.9700324535369873
1242,3,3,1,0.12310168147087097,3.632229804992676,0.08833406120538712,3.983360528945923,0.1329520046710968,3.9153051376342773,0.1026785671710968,3.9518632888793945
1243,3,3,1,0.12265823781490326,3.682833671569824,0.09344606846570969,4.073047161102295,0.11463648080825806,4.030250549316406,0.09135841578245163,4.060863971710205
1244,3,3,1,0.12109623849391937,3.6472668647766113,0.08686921745538712,4.012560844421387,0.13043087720870972,3.9362823963165283,0.10265863686800003,3.9918463230133057
1245,3,3,1,0.122366763651371,3.6337263584136963,0.08710837364196777,3.9689412117004395,0.1399374157190323,3.955280303955078,0.1085379421710968,4.0372748374938965
1246,3,3,1,0.12590432167053223,3.5901975631713867,0.08989357203245163,3.8431992530822754,0.16556720435619354,3.9194703102111816,0.13091915845870972,4.035926342010498
1247,3,3,1,0.12547582387924194,3.6232454776763916,0.09722775965929031,3.956390380859375,0.14469069242477417,3.88374662399292,0.12155213207006454,3.9855713844299316
1248,3,3,1,0.12119589000940323,3.6573619842529297,0.08701370656490326,4.0358452796936035,0.12496013939380646,3.9239234924316406,0.09470663219690323,3.9507575035095215
1249,3,3,1,0.12618084251880646,3.6272852420806885,0.09951969236135483,3.9359166622161865,0.14290696382522583,3.9143714904785156,0.11031170189380646,4.023306369781494
1250,3,3,1,0.12175890803337097,3.637237787246704,0.08805005997419357,3.966048002243042,0.1360311657190323,3.9556808471679688,0.10845822840929031,4.032708644866943
1251,3,3,1,0.1212506964802742,3.6441619396209717,0.08838886767625809,3.9987034797668457,0.12993262708187103,3.9011428356170654,0.09861288219690323,3.9591753482818604
1252,3,3,1,0.12099908292293549,3.6485073566436768,0.08781090378761292,3.9961416721343994,0.1369280070066452,3.923731803894043,0.10877710580825806,3.9902894496917725
1253,3,3,1,0.1269879937171936,3.594930648803711,0.09118901193141937,3.8228609561920166,0.16760005056858063,3.8625364303588867,0.1316964328289032,4.0024213790893555
1254,3,3,1,0.12299954146146774,3.6680169105529785,0.0992605984210968,4.095422267913818,0.1148855984210968,4.038858413696289,0.08888711780309677,4.060538291931152
1255,3,3,1,0.12239167839288712,3.626636028289795,0.08847357332706451,3.9266204833984375,0.14786949753761292,3.910303831100464,0.11471619457006454,3.9866225719451904
1256,3,3,1,0.12443199753761292,3.6398253440856934,0.09686902165412903,3.9944450855255127,0.1354731321334839,3.9395365715026855,0.1116071417927742,4.069285869598389
1257,3,3,1,0.124930240213871,3.606943368911743,0.08873764425516129,3.89084792137146,0.15573182702064514,3.9505374431610107,0.12440209835767746,4.052227020263672
1258,3,3,1,0.12260592728853226,3.643909454345703,0.09180683642625809,3.995007038116455,0.13067004084587097,3.9456264972686768,0.10231982916593552,4.02045202255249
1259,3,3,1,0.12271055579185486,3.6381630897521973,0.08760662376880646,3.969970941543579,0.13722695410251617,3.96071457862854,0.10512994229793549,4.033743858337402
1260,3,3,1,0.15398547053337097,3.6434452533721924,0.16690249741077423,3.8755149841308594,0.17133688926696777,3.858031988143921,0.14273756742477417,3.875593423843384
1261,3,3,1,0.12633778154850006,3.5770907402038574,0.09212073683738708,3.7807345390319824,0.17414699494838715,3.8505377769470215,0.13482540845870972,3.995269775390625
1262,3,3,1,0.12176139652729034,3.637490749359131,0.08724788576364517,4.010165214538574,0.13304169476032257,3.9481687545776367,0.10347576439380646,3.988058567047119
1263,3,3,1,0.12091188877820969,3.663294553756714,0.08623146265745163,4.048824310302734,0.12809908390045166,3.9306883811950684,0.0987723171710968,3.9334139823913574
1264,3,3,1,0.12316644936800003,3.639704704284668,0.08804508298635483,3.9870409965515137,0.13429726660251617,3.9378199577331543,0.10395407676696777,3.9794862270355225
1265,3,3,1,0.12511210143566132,3.596842050552368,0.0898088738322258,3.841608762741089,0.16401267051696777,3.8811593055725098,0.13175621628761292,4.0164875984191895
1266,3,3,1,0.12129055708646774,3.6680634021759033,0.08667489886283875,4.057714462280273,0.12431241571903229,3.944368839263916,0.09745694696903229,4.016973495483398
1267,3,3,1,0.12297961115837097,3.6265978813171387,0.08916115015745163,3.928750991821289,0.14392338693141937,3.9306931495666504,0.11292251199483871,4.018002033233643
1268,3,3,1,0.14186811447143555,3.6468822956085205,0.1376255601644516,3.9285714626312256,0.146484375,3.9358503818511963,0.12378427386283875,4.003541946411133
1269,3,3,1,0.13330078125,3.6401097774505615,0.11373963207006454,3.969511032104492,0.13548310101032257,3.9810237884521484,0.09972894936800003,4.054356575012207
1270,3,3,1,0.12328603118658066,3.6421759128570557,0.08783083409070969,3.9544475078582764,0.14463089406490326,3.937026262283325,0.11051099747419357,3.997835874557495
1271,3,3,1,0.12159448862075806,3.645188331604004,0.08697385340929031,3.9823555946350098,0.138671875,3.945889711380005,0.11194594949483871,4.051629066467285
1272,3,3,1,0.12220484018325806,3.6413135528564453,0.08836893737316132,3.97462797164917,0.13461615145206451,3.9047300815582275,0.10427295416593552,4.0024847984313965
1273,3,3,1,0.121512271463871,3.6468346118927,0.08899174630641937,4.004927158355713,0.13534358143806458,3.954056739807129,0.10782046616077423,4.03049898147583
1274,3,3,1,0.1282186657190323,3.5779318809509277,0.09890186041593552,3.797783374786377,0.16655372083187103,3.8270909786224365,0.13396842777729034,3.967271566390991
1275,3,3,1,0.1234479621052742,3.6248056888580322,0.09005799144506454,3.935269594192505,0.14389349520206451,3.916828155517578,0.11043127626180649,3.9772603511810303
1276,3,3,1,0.1216692253947258,3.6433792114257812,0.08960957080125809,3.996107816696167,0.12983298301696777,3.900299310684204,0.10062579810619354,3.963160991668701
1277,3,3,1,0.12135782092809677,3.6604671478271484,0.08814971148967743,4.053074836730957,0.1288464516401291,3.9508121013641357,0.10331632196903229,3.994405746459961
1278,3,3,1,0.12181371450424194,3.639302968978882,0.08727280050516129,4.009876728057861,0.12742146849632263,3.9433016777038574,0.0958426296710968,3.965273380279541
1279,3,3,1,0.1275634765625,3.5808417797088623,0.09242964535951614,3.7643253803253174,0.1777443289756775,3.827997922897339,0.13819356262683868,3.9327948093414307
1280,3,3,1,0.12102150171995163,3.6518454551696777,0.08681939542293549,4.025595188140869,0.12796954810619354,3.914421319961548,0.1028180792927742,3.969180107116699
1281,3,3,1,0.12370456010103226,3.630739450454712,0.09181680530309677,3.9503471851348877,0.1339285671710968,3.9034225940704346,0.10387436300516129,3.972179651260376
1282,3,3,1,0.12285255640745163,3.6283814907073975,0.08775609731674194,3.959120988845825,0.13926976919174194,3.9154980182647705,0.10530930757522583,3.9615821838378906
1283,3,3,1,0.12249880284070969,3.6416049003601074,0.08773616701364517,4.012323379516602,0.13215480744838715,3.9542300701141357,0.10112404078245163,3.9974379539489746
1284,3,3,1,0.12184610217809677,3.6450624465942383,0.08729273080825806,3.996346950531006,0.13043087720870972,3.926426887512207,0.09801498800516129,3.969093084335327
1285,3,3,1,0.12275290489196777,3.632524251937866,0.08918606489896774,3.9486591815948486,0.13828323781490326,3.891258955001831,0.10403379797935486,3.9409961700439453
1286,3,3,1,0.1393071413040161,3.6541783809661865,0.13380898535251617,3.933757781982422,0.14951370656490326,3.908690929412842,0.11019212007522583,3.9300053119659424
1287,3,3,1,0.12490283697843552,3.598559856414795,0.08904655277729034,3.8707475662231445,0.15930922329425812,3.94633150100708,0.12474090605974197,4.053523063659668
1288,3,3,1,0.12077487260103226,3.648411750793457,0.08716816455125809,4.014461040496826,0.13055045902729034,3.942370891571045,0.1028180792927742,4.001163005828857
1289,3,3,1,0.12668655812740326,3.6339449882507324,0.10408362001180649,3.9652464389801025,0.1374162882566452,3.900362491607666,0.10891661047935486,3.9978041648864746
1290,3,3,1,0.12422024458646774,3.6121773719787598,0.08827925473451614,3.9092447757720947,0.15324059128761292,3.9264533519744873,0.12398357689380646,4.052724838256836
1291,3,3,1,0.12356006354093552,3.6546835899353027,0.09461694955825806,4.038283348083496,0.12593670189380646,3.907026529312134,0.101981021463871,3.9618916511535645
1292,3,3,1,0.12207778543233871,3.656980276107788,0.09189651906490326,4.019572734832764,0.12783002853393555,3.951200485229492,0.10544881969690323,4.040256977081299
1293,3,3,1,0.12610360980033875,3.646199941635132,0.0977260023355484,4.002702236175537,0.13627032935619354,3.9746251106262207,0.10277821868658066,3.9953460693359375
1294,3,3,1,0.12581463158130646,3.6023008823394775,0.08979392051696777,3.8895792961120605,0.15772481262683868,3.9274702072143555,0.12228953838348389,4.000488758087158
1295,3,3,1,0.12154217064380646,3.639009475708008,0.0880998894572258,3.995532274246216,0.1317063868045807,3.9094347953796387,0.10090481489896774,3.9761011600494385
1296,3,3,1,0.13444674015045166,3.645326852798462,0.11570770293474197,3.9861345291137695,0.12804926931858063,3.9900388717651367,0.09450732916593552,4.1086039543151855
1297,3,3,1,0.1272321343421936,3.6335175037384033,0.10451709479093552,3.9606711864471436,0.13524393737316132,3.9204981327056885,0.10891661047935486,4.030191898345947
1298,3,3,1,0.12271802872419357,3.629801034927368,0.08845862746238708,3.944688558578491,0.1404256969690323,3.9015045166015625,0.10943479090929031,3.9712257385253906
1299,3,3,1,0.12225466221570969,3.629518747329712,0.08829918503761292,3.9565510749816895,0.1414620578289032,3.915187358856201,0.11033163219690323,3.9869942665100098
1300,3,3,1,0.12124322354793549,3.665961265563965,0.08848851919174194,4.071734428405762,0.12319634854793549,3.8987300395965576,0.09747687727212906,3.9411163330078125
1301,3,3,1,0.121390201151371,3.650624990463257,0.08769630640745163,3.996363878250122,0.13123804330825806,3.9242217540740967,0.10144291818141937,3.9648330211639404
1302,3,3,1,0.12203294038772583,3.638256549835205,0.08810486644506454,3.9634110927581787,0.13917012512683868,3.936345338821411,0.10977359116077423,4.0152506828308105
1303,3,3,1,0.12090441584587097,3.651590585708618,0.08676458895206451,4.02308464050293,0.12962372601032257,3.9385762214660645,0.10285793989896774,3.9883742332458496
1304,3,3,1,0.12582708895206451,3.6019046306610107,0.09206592291593552,3.8542590141296387,0.15797393023967743,3.8595218658447266,0.1271524280309677,3.9879310131073
1305,3,3,1,0.12608368694782257,3.597557783126831,0.08985371142625809,3.8640899658203125,0.16353435814380646,3.9142038822174072,0.12914539873600006,4.014814853668213
1306,3,3,1,0.12134785205125809,3.643461227416992,0.08624143153429031,3.9886186122894287,0.13550302386283875,3.944256544113159,0.10933513939380646,4.0
1307,3,3,1,0.14661641418933868,3.608499050140381,0.1407645046710968,3.8319411277770996,0.17591078579425812,3.8513567447662354,0.13038106262683868,3.925863742828369
1308,3,3,1,0.12643495202064514,3.596193313598633,0.09071069955825806,3.8547182083129883,0.16151148080825806,3.8724703788757324,0.1241629421710968,3.9630818367004395
1309,3,3,1,0.1225237175822258,3.6347241401672363,0.08784079551696777,3.9660804271698,0.14044563472270966,3.9480628967285156,0.10983338207006454,4.023952007293701
1310,3,3,1,0.12159697711467743,3.637840509414673,0.08698879927396774,3.9680967330932617,0.14111328125,3.9294540882110596,0.11094945669174194,3.992994546890259
1311,3,3,1,0.15432925522327423,3.6597845554351807,0.1623186320066452,3.9253177642822266,0.1819296032190323,3.9778714179992676,0.11140783876180649,4.065295219421387
1312,3,3,1,0.1235177144408226,3.6238479614257812,0.08783581852912903,3.955698013305664,0.1444614976644516,3.939297676086426,0.11102917790412903,3.99299955368042
1313,3,3,1,0.12299954146146774,3.6680169105529785,0.0992605984210968,4.095422267913818,0.1148855984210968,4.038858413696289,0.08888711780309677,4.060538291931152
1314,3,3,1,0.1253213733434677,3.6000993251800537,0.0899483785033226,3.8759210109710693,0.1560307741165161,3.9172308444976807,0.12003746628761292,4.032375812530518
1315,3,3,1,0.12394870072603226,3.657957077026367,0.09693877398967743,4.033665657043457,0.12607620656490326,3.9620614051818848,0.10660474747419357,4.017199516296387
1316,3,3,1,0.12625807523727417,3.625145435333252,0.09474649280309677,3.96071720123291,0.1437739133834839,3.8936097621917725,0.11637037247419357,4.041445255279541
1317,3,3,1,0.12183364480733871,3.6358859539031982,0.08681939542293549,3.9878909587860107,0.13914021849632263,3.972928524017334,0.10782046616077423,4.010720729827881
1318,3,3,1,0.12760333716869354,3.5814998149871826,0.091796875,3.7856056690216064,0.1719447523355484,3.8372645378112793,0.1351841539144516,3.9379329681396484
1319,3,3,1,0.1235177144408226,3.6238479614257812,0.08783581852912903,3.955698013305664,0.1444614976644516,3.939297676086426,0.11102917790412903,3.99299955368042
1320,3,3,1,0.12222227454185486,3.631234645843506,0.08849848061800003,3.9424614906311035,0.14113320410251617,3.9129421710968018,0.10899633169174194,3.9992685317993164
1321,3,3,1,0.1258295774459839,3.5988240242004395,0.09051139652729034,3.878894567489624,0.1559012234210968,3.9026525020599365,0.12282764166593552,4.008112907409668
1322,3,3,1,0.12650719285011292,3.5977039337158203,0.09026725590229034,3.8473808765411377,0.16402263939380646,3.9294652938842773,0.12679368257522583,4.027349948883057
1323,3,0,0,0.12833824753761292,3.5905544757843018,0.09860291332006454,3.8414855003356934,0.15948860347270966,3.8596062660217285,0.12412308156490326,3.9877970218658447
1324,3,3,1,0.12563276290893555,3.660083293914795,0.10513491928577423,4.041988372802734,0.12110371142625809,3.9451987743377686,0.09901148080825806,4.05555534362793
1325,3,3,1,0.12745137512683868,3.64145827293396,0.10535415261983871,3.9670372009277344,0.14179089665412903,3.9047720432281494,0.1090959832072258,4.0054802894592285
1326,3,3,1,0.12628048658370972,3.5895836353302,0.09010283648967743,3.8530192375183105,0.16211934387683868,3.8854877948760986,0.12733179330825806,3.985600233078003
1327,3,3,1,0.13660165667533875,3.6587820053100586,0.12672393023967743,3.96323823928833,0.15049026906490326,3.908621311187744,0.11856265366077423,3.959489107131958
1328,3,3,1,0.12611109018325806,3.5996601581573486,0.08995834738016129,3.872112989425659,0.162946417927742,3.9137721061706543,0.12908561527729034,4.034892559051514
1329,3,3,1,0.12125816941261292,3.650038957595825,0.09049645066261292,4.031767845153809,0.12567761540412903,3.985807180404663,0.10134326666593552,4.066470146179199
1330,3,3,1,0.17144650220870972,3.641906499862671,0.1990443617105484,3.8125860691070557,0.20220822095870972,3.8289966583251953,0.13345025479793549,3.861260414123535
1331,3,3,1,0.1258196085691452,3.605544090270996,0.08999322354793549,3.879415273666382,0.15393812954425812,3.887040376663208,0.12125318497419357,4.006574630737305
1332,3,3,1,0.12524662911891937,3.620706081390381,0.09215561300516129,3.9157655239105225,0.1464245766401291,3.9179255962371826,0.11804448068141937,4.041870594024658
1333,3,3,1,0.12550073862075806,3.6382675170898438,0.09618143737316132,3.988292694091797,0.13760562241077423,3.946049690246582,0.10941486060619354,4.026957988739014
1334,3,3,1,0.12160196155309677,3.6440834999084473,0.0879603773355484,3.9848759174346924,0.13335059583187103,3.921910047531128,0.1047712042927742,3.9906790256500244
1335,3,3,1,0.13868184387683868,3.611266851425171,0.12452168017625809,3.865316867828369,0.16122248768806458,3.8697075843811035,0.1251395046710968,3.9770665168762207
1336,3,3,1,0.12415546923875809,3.6456449031829834,0.095703125,3.9913578033447266,0.13535355031490326,3.8964881896972656,0.11312180757522583,4.041578769683838
1337,3,3,1,0.1224365234375,3.627159357070923,0.08766143023967743,3.9285552501678467,0.14466078579425812,3.9096920490264893,0.11274313926696777,4.000707149505615
1338,3,3,1,0.12693318724632263,3.584059476852417,0.0921107679605484,3.792070150375366,0.16994179785251617,3.843848943710327,0.13327088952064514,3.982802391052246
1339,3,3,1,0.12269560992717743,3.6243324279785156,0.08811981976032257,3.932149648666382,0.14595623314380646,3.9366424083709717,0.11573261767625809,4.031857967376709
1340,3,3,1,0.12156210094690323,3.6693785190582275,0.09143813699483871,4.078629016876221,0.1285574734210968,3.940779685974121,0.10343590378761292,3.997302532196045
1341,3,3,1,0.12481564283370972,3.6097559928894043,0.08905652165412903,3.8985676765441895,0.1506696343421936,3.9166667461395264,0.11625079810619354,3.97188401222229
1342,3,3,1,0.12612104415893555,3.597933769226074,0.09003806114196777,3.8522493839263916,0.15951849520206451,3.8988630771636963,0.1254185289144516,4.002065658569336
1343,3,3,1,0.1229945570230484,3.643474817276001,0.09129364788532257,3.9883205890655518,0.13674864172935486,3.9119725227355957,0.11615114659070969,4.040151119232178
1344,3,3,1,0.12720224261283875,3.62430477142334,0.09904137253761292,3.9160377979278564,0.14258809387683868,3.9146690368652344,0.11180643737316132,3.965240716934204
1345,3,3,1,0.13135014474391937,3.666135549545288,0.11606146395206451,3.9854040145874023,0.14462092518806458,3.96437668800354,0.10933513939380646,4.008020401000977
1346,3,3,1,0.12139269709587097,3.64385986328125,0.08612184971570969,4.023662090301514,0.13104870915412903,3.927762031555176,0.09980867058038712,3.953474521636963
1347,3,1,0,0.123221255838871,3.6559581756591797,0.09101462364196777,4.023868083953857,0.13142737746238708,3.9350974559783936,0.10241948068141937,3.9795680046081543
1348,3,3,1,0.13753089308738708,3.656993865966797,0.12783002853393555,3.968233585357666,0.15135721862316132,3.9601027965545654,0.09847337007522583,3.9852256774902344
1349,3,3,1,0.12552565336227417,3.6027348041534424,0.08963946998119354,3.9017841815948486,0.15535315871238708,3.9407312870025635,0.12077487260103226,4.032013416290283
1350,3,3,1,0.12537118792533875,3.599761486053467,0.08899174630641937,3.8658530712127686,0.15784437954425812,3.935037851333618,0.1248604878783226,4.051715850830078
1351,3,3,1,0.12209771573543549,3.651404857635498,0.08864795416593552,4.028945446014404,0.12920519709587097,3.9163966178894043,0.10447225719690323,3.9669973850250244
1352,3,3,1,0.12139518558979034,3.6547231674194336,0.08731763809919357,4.027103900909424,0.1321847140789032,3.9445157051086426,0.1042131707072258,3.992159128189087
1353,3,3,1,0.1252964586019516,3.611034870147705,0.08984375,3.903449535369873,0.15616030991077423,3.912385940551758,0.12460140138864517,4.01455545425415
1354,3,3,1,0.1695033460855484,3.648618459701538,0.19366329908370972,3.8498289585113525,0.19752471148967743,3.872767686843872,0.12189093977212906,3.968606948852539
1355,3,3,1,0.12304936349391937,3.657623529434204,0.09710817784070969,4.046382904052734,0.12139269709587097,3.943359136581421,0.09771604090929031,4.0008158683776855
1356,3,3,1,0.12435227632522583,3.644542932510376,0.09760144352912903,3.988513946533203,0.13321109116077423,3.9477109909057617,0.10809949040412903,4.0431413650512695
1357,3,3,1,0.1368333399295807,3.643829822540283,0.124267578125,3.9283108711242676,0.14720185101032257,3.8987951278686523,0.11776546388864517,3.925537347793579
1358,3,3,1,0.15568946301937103,3.650707960128784,0.16784916818141937,3.887704849243164,0.17093829810619354,3.870176076889038,0.11274313926696777,3.9524483680725098
1359,3,3,1,0.12588687241077423,3.590892791748047,0.08989855647087097,3.8549575805664062,0.16319555044174194,3.8976001739501953,0.1291055530309677,4.009725093841553
1360,3,3,1,0.12351522594690323,3.6284995079040527,0.08859314769506454,3.95017147064209,0.13897082209587097,3.908073902130127,0.10499043017625809,3.9812073707580566
1361,3,3,1,0.12111368030309677,3.641517162322998,0.08610690385103226,3.9730355739593506,0.13729670643806458,3.9297430515289307,0.10766103118658066,3.997408390045166
1362,3,3,1,0.1255057156085968,3.578078269958496,0.09081532806158066,3.8019421100616455,0.16805842518806458,3.858642101287842,0.12990273535251617,3.9578092098236084
1363,3,3,1,0.12221231311559677,3.635261058807373,0.08887216448783875,4.010876178741455,0.12874680757522583,3.909133195877075,0.10285793989896774,3.9627978801727295
1364,3,3,1,0.12163185328245163,3.645850419998169,0.08717813342809677,3.9769675731658936,0.13858218491077423,3.9183144569396973,0.10911590605974197,3.9726028442382812
1365,3,3,1,0.12205038219690323,3.6394922733306885,0.08877750486135483,3.9758670330047607,0.13054049015045166,3.8924427032470703,0.10026706010103226,3.930431365966797
1366,3,3,1,0.12728694081306458,3.5924766063690186,0.09086515009403229,3.8330864906311035,0.1667131632566452,3.863179922103882,0.1326729953289032,3.954784393310547
1367,3,3,1,0.1215471550822258,3.6443123817443848,0.08752690255641937,3.9850857257843018,0.13445670902729034,3.9065442085266113,0.10333625227212906,3.9675989151000977
1368,3,3,1,0.1367885023355484,3.6440773010253906,0.12754105031490326,3.9168684482574463,0.14880619943141937,3.9080560207366943,0.12804926931858063,3.952996015548706
1369,3,3,1,0.12242157012224197,3.637512445449829,0.08783083409070969,3.9655094146728516,0.13631018996238708,3.9320857524871826,0.10503029078245163,3.997912645339966
1370,3,3,1,0.12537367641925812,3.6505186557769775,0.10029196739196777,4.031099319458008,0.1330815553665161,3.9648072719573975,0.11208545416593552,4.0371623039245605
1371,3,3,1,0.12170907855033875,3.6321563720703125,0.0860072523355484,3.979897975921631,0.13669881224632263,3.977912187576294,0.10614636540412903,4.05933141708374
1372,3,3,1,0.12136778235435486,3.656040906906128,0.08838886767625809,4.030101299285889,0.12467115372419357,3.9123971462249756,0.0958426296710968,3.967768669128418
1373,3,3,1,0.12210767716169357,3.651841163635254,0.09177694469690323,4.01091194152832,0.12774035334587097,3.9281535148620605,0.10363519936800003,4.007692337036133
1374,3,3,1,0.12228206545114517,3.63995099067688,0.08839883655309677,3.9731709957122803,0.1381237953901291,3.9362239837646484,0.1075613796710968,4.0040764808654785
1375,3,3,1,0.1269356906414032,3.65958833694458,0.10286291688680649,4.050326824188232,0.13033123314380646,4.002370357513428,0.09568319469690323,4.007706642150879
1376,3,3,1,0.12177634239196777,3.6324210166931152,0.08704360574483871,3.9720664024353027,0.1428671032190323,3.96707820892334,0.11214524507522583,4.02292537689209
1377,3,3,1,0.12263333052396774,3.6413683891296387,0.08752690255641937,3.9843456745147705,0.14184071123600006,3.9196290969848633,0.11001275479793549,3.9806158542633057
1378,3,3,1,0.12775778770446777,3.6761693954467773,0.11264349520206451,4.03078556060791,0.13129782676696777,3.956815481185913,0.10341597348451614,3.989978790283203
1379,3,3,1,0.1249476820230484,3.6093909740448,0.08979890495538712,3.8933029174804688,0.15380859375,3.91817307472229,0.11780532449483871,4.0319743156433105
1380,3,3,1,0.12131546437740326,3.653346300125122,0.09007792174816132,4.05514669418335,0.12224967777729034,3.926149368286133,0.09540417790412903,3.9880926609039307
1381,3,3,1,0.12744140625,3.6498162746429443,0.09889189898967743,3.998236656188965,0.12280771136283875,3.954073429107666,0.09187659621238708,3.970932722091675
1382,3,3,1,0.12507972121238708,3.6054811477661133,0.0891462042927742,3.9017996788024902,0.14995215833187103,3.9251062870025635,0.11591199040412903,4.040233612060547
1383,3,3,1,0.12322375178337097,3.6538422107696533,0.09283322840929031,4.049538612365723,0.11589206010103226,3.9490110874176025,0.09297273308038712,3.978349447250366
1384,3,3,1,0.12553560733795166,3.608819007873535,0.09437280893325806,3.9243967533111572,0.14999201893806458,3.9314377307891846,0.12161192297935486,4.047689437866211
1385,3,3,1,0.1227678582072258,3.667593240737915,0.09445252269506454,4.056337833404541,0.13060028851032257,3.9994659423828125,0.10269849747419357,4.014360427856445
1386,3,3,1,0.12356753647327423,3.626297950744629,0.08985371142625809,3.9423866271972656,0.14156170189380646,3.8750526905059814,0.11421795189380646,3.987785816192627
1387,3,3,1,0.12075244635343552,3.6636545658111572,0.088134765625,4.0569844245910645,0.1262555718421936,3.9556431770324707,0.09956951439380646,4.046637535095215
1388,3,3,1,0.12721221148967743,3.6029295921325684,0.09167729318141937,3.8126630783081055,0.16670319437980652,3.8429672718048096,0.12914539873600006,3.9898147583007812
1389,3,1,0,0.17120735347270966,3.610325336456299,0.18775908648967743,3.797287940979004,0.20240752398967743,3.8411777019500732,0.14275749027729034,3.909395456314087
1390,3,3,1,0.12232939898967743,3.6301116943359375,0.08706852048635483,3.972532272338867,0.14183075726032257,3.9506781101226807,0.10997289419174194,4.014135360717773
1391,3,3,1,0.1256551891565323,3.598128318786621,0.08971420675516129,3.8688769340515137,0.15677814185619354,3.886099338531494,0.12505978345870972,4.007171154022217
1392,3,3,1,0.12146244943141937,3.6344244480133057,0.08675960451364517,3.9741573333740234,0.13557277619838715,3.9085631370544434,0.10780054330825806,4.00776481628418
1393,3,3,1,0.12176638096570969,3.635377883911133,0.08741230517625809,3.984382152557373,0.13607102632522583,3.9512267112731934,0.10857780277729034,4.040381908416748
1394,3,3,1,0.12259595841169357,3.637255907058716,0.08798030763864517,3.999094009399414,0.13387873768806458,3.9714179039001465,0.10443239659070969,3.9931297302246094
1395,3,3,1,0.12327108532190323,3.6511459350585938,0.09597217291593552,4.0223236083984375,0.13172632455825806,3.9231410026550293,0.11003268510103226,4.067922592163086
1396,3,3,1,0.12052823603153229,3.6512060165405273,0.08633609861135483,4.014889240264893,0.12939453125,3.9185214042663574,0.10010761767625809,3.952816963195801
1397,3,3,1,0.12152224034070969,3.646453380584717,0.08598233759403229,4.002143859863281,0.13751594722270966,3.9541304111480713,0.10548868030309677,3.99130916595459
1398,3,3,1,0.12218739837408066,3.639488697052002,0.08786571025848389,3.9751062393188477,0.1357421875,3.912200927734375,0.1036551296710968,3.9503941535949707
1399,3,3,1,0.14409278333187103,3.6221299171447754,0.13879145681858063,3.8782668113708496,0.16624481976032257,3.8522448539733887,0.13930962979793549,3.915736675262451
1400,3,3,1,0.12502740323543549,3.6028056144714355,0.08894192427396774,3.861408233642578,0.15779456496238708,3.8965582847595215,0.12605628371238708,4.006007671356201
1401,3,3,1,0.12158203125,3.650848388671875,0.0881696417927742,4.0237908363342285,0.1285574734210968,3.947601079940796,0.09717793017625809,3.9347825050354004
1402,3,3,1,0.12961873412132263,3.639054298400879,0.11486069113016129,4.0000433921813965,0.14131256937980652,3.9560680389404297,0.11965879797935486,4.066455841064453
1403,3,3,1,0.12198810279369354,3.636530637741089,0.08729273080825806,3.9684932231903076,0.1377650648355484,3.922821044921875,0.10375478118658066,3.9661929607391357
1404,3,3,1,0.12138522416353226,3.6554951667785645,0.08781090378761292,4.028256893157959,0.1268833726644516,3.925783395767212,0.09659996628761292,3.9896843433380127
1405,3,3,1,0.12596161663532257,3.579585552215576,0.09341617673635483,3.821057081222534,0.16367386281490326,3.8410348892211914,0.13004225492477417,3.9776244163513184
1406,3,3,1,0.12615841627120972,3.593116283416748,0.0908551886677742,3.827310085296631,0.16562698781490326,3.8546416759490967,0.13129782676696777,3.976775884628296
1407,3,3,1,0.14521633088588715,3.674821138381958,0.15489476919174194,3.9620754718780518,0.15730628371238708,3.9684531688690186,0.09642060101032257,4.021703243255615
1408,3,3,1,0.1225411519408226,3.6589887142181396,0.08975406736135483,4.034306526184082,0.12755101919174194,3.9206249713897705,0.10160236060619354,4.00255012512207
1409,3,3,1,0.12316644936800003,3.6417880058288574,0.09150788933038712,3.971741199493408,0.13655930757522583,3.9321365356445312,0.10624600946903229,3.9744887351989746
1410,3,3,1,0.12154465913772583,3.6508843898773193,0.08903160691261292,4.021601676940918,0.12362483888864517,3.9052071571350098,0.09135841578245163,3.9286649227142334
1411,3,3,1,0.12507472932338715,3.5959248542785645,0.08945511281490326,3.844658613204956,0.16219905018806458,3.891134738922119,0.12607620656490326,4.014069080352783
1412,3,3,1,0.14349240064620972,3.6652371883392334,0.14298170804977417,3.979893445968628,0.15034079551696777,3.9869422912597656,0.09703842550516129,4.041281700134277
1413,3,0,0,0.12858736515045166,3.6169791221618652,0.10236965864896774,3.9068431854248047,0.14696268737316132,3.888662815093994,0.12242905050516129,3.987628221511841
1414,3,3,1,0.12417291104793549,3.645814895629883,0.0972377210855484,4.021777153015137,0.12882652878761292,3.9334003925323486,0.10493063926696777,4.039126396179199
1415,3,3,1,0.1267538219690323,3.5875983238220215,0.09382971376180649,3.8034727573394775,0.16804847121238708,3.850569248199463,0.13052056729793549,4.003053665161133
1416,3,3,1,0.122244693338871,3.625535011291504,0.08695392310619354,3.9276301860809326,0.14238879084587097,3.907691240310669,0.10823899507522583,3.9756951332092285
1417,3,3,1,0.1253911256790161,3.6056861877441406,0.08920101076364517,3.881248950958252,0.15858179330825806,3.8944954872131348,0.1276506632566452,3.9989070892333984
1418,3,3,1,0.1216692253947258,3.65453839302063,0.0863211452960968,4.033015727996826,0.13102877140045166,3.930413007736206,0.10116390138864517,3.9633569717407227
1419,3,3,1,0.12964864075183868,3.6495139598846436,0.11492545902729034,3.9844794273376465,0.1346360743045807,3.928576707839966,0.1095145046710968,4.043858051300049
1420,3,3,1,0.12265574932098389,3.667980194091797,0.09779077768325806,4.077393531799316,0.12543845176696777,3.9841911792755127,0.09929049760103226,3.961461305618286
1421,3,3,1,0.12347038090229034,3.6289496421813965,0.09022241830825806,3.948531150817871,0.14185068011283875,3.9234280586242676,0.11290258169174194,4.001059055328369
1422,3,3,1,0.12319883704185486,3.6475846767425537,0.0905412957072258,3.9838762283325195,0.13264308869838715,3.8816769123077393,0.1004464253783226,4.003373146057129
1423,3,3,1,0.12200802564620972,3.6423685550689697,0.08714325726032257,3.999485492706299,0.13336056470870972,3.9407458305358887,0.105887271463871,4.031808853149414
1424,3,3,1,0.12181869894266129,3.655003070831299,0.08846858888864517,4.0219645500183105,0.12502989172935486,3.9324140548706055,0.10206074267625809,3.9896504878997803
1425,3,3,1,0.1258794069290161,3.5994973182678223,0.09003806114196777,3.8608267307281494,0.15846221148967743,3.875047206878662,0.12587690353393555,3.9990501403808594
1426,3,3,1,0.12169413268566132,3.6457860469818115,0.08732760697603226,3.9890453815460205,0.13201530277729034,3.908665418624878,0.0984933003783226,3.9307973384857178
1427,3,3,1,0.12128058820962906,3.6700491905212402,0.08760163933038712,4.0720624923706055,0.11895129084587097,3.9181535243988037,0.08683434128761292,3.9366536140441895
1428,3,3,1,0.12241659313440323,3.646899700164795,0.0904017835855484,4.017746925354004,0.12503986060619354,3.9342525005340576,0.09663982689380646,4.011136531829834
1429,3,3,1,0.12401845306158066,3.6677513122558594,0.09713806957006454,4.052010536193848,0.11757612973451614,3.9857614040374756,0.09004304558038712,3.9940237998962402
1430,3,3,1,0.122610904276371,3.641749858856201,0.08863300830125809,3.9638540744781494,0.13541334867477417,3.9171388149261475,0.10321667790412903,3.9982621669769287
1431,3,3,1,0.1264125257730484,3.599097490310669,0.09164740145206451,3.7968902587890625,0.17033043503761292,3.8369507789611816,0.13408800959587097,3.935790777206421
1432,3,3,1,0.12160943448543549,3.6602683067321777,0.08820950239896774,4.058969497680664,0.11720743030309677,3.9100492000579834,0.08637595176696777,3.945777654647827
1433,3,3,1,0.12558294832706451,3.654155969619751,0.10043147951364517,4.040432453155518,0.1217215359210968,3.9600491523742676,0.09512516111135483,4.022836685180664
1434,3,3,1,0.1368408203125,3.634145975112915,0.11933992058038712,3.8977956771850586,0.156598761677742,3.9000954627990723,0.1259765625,3.9623477458953857
