index,label,prediction,correct,rate_layer1,com_layer1,rate_layer2,com_layer2,rate_layer3,com_layer3,rate_layer4,com_layer4
0,0,0,1,0.11852528899908066,3.6384177207946777,0.08289321511983871,3.9734928607940674,0.11744658648967743,4.0311384201049805,0.09705835580825806,4.145380020141602
1,0,0,1,0.1202741339802742,3.658029317855835,0.09180683642625809,3.9914252758026123,0.11597177386283875,4.02741003036499,0.09675940126180649,4.072296619415283
2,0,0,1,0.12483806908130646,3.63630747795105,0.09825912863016129,3.91278338432312,0.12429248541593552,3.9618375301361084,0.10176179558038712,3.9943203926086426
3,0,0,1,0.12058304250240326,3.6184120178222656,0.08541931957006454,3.9282548427581787,0.1282784640789032,3.9935524463653564,0.1036551296710968,4.099788665771484
4,0,0,1,0.12174645066261292,3.6080212593078613,0.08760662376880646,3.8974008560180664,0.13119818270206451,3.962327241897583,0.10640545189380646,4.139726638793945
5,0,0,1,0.12128308415412903,3.6199162006378174,0.08872269093990326,3.9135172367095947,0.12767060101032257,3.9760379791259766,0.10134326666593552,4.092822074890137
6,0,0,1,0.1239885613322258,3.6499297618865967,0.09892179071903229,3.9483730792999268,0.11912069469690323,3.9680442810058594,0.10138312727212906,3.997837543487549
7,0,0,1,0.12087202817201614,3.6424286365509033,0.08955974876880646,3.958498001098633,0.11947943270206451,3.9683070182800293,0.09996811300516129,4.07117223739624
8,0,0,1,0.11733697354793549,3.6715497970581055,0.08550402522087097,4.033914089202881,0.10564811527729034,3.9979248046875,0.08350605517625809,4.022911548614502
9,0,0,1,0.12281768023967743,3.6247057914733887,0.09231006354093552,3.9082961082458496,0.12719227373600006,3.988248109817505,0.10604671388864517,4.064273834228516
10,0,0,1,0.12227459251880646,3.6193716526031494,0.0909598171710968,3.900416374206543,0.1261160671710968,3.953934907913208,0.10259885340929031,4.062742710113525
11,0,0,1,0.12143255770206451,3.6142704486846924,0.08756676316261292,3.9025888442993164,0.12687340378761292,3.96002197265625,0.10022719949483871,4.088486671447754
12,0,0,1,0.11705047637224197,3.6840481758117676,0.08690907806158066,4.071776866912842,0.10139309614896774,4.016510963439941,0.08322703838348389,4.042385101318359
13,0,0,1,0.12062788754701614,3.6231181621551514,0.08728774636983871,3.917118549346924,0.12233936041593552,4.010181427001953,0.09889189898967743,4.099153518676758
14,0,0,1,0.1261957883834839,3.633626699447632,0.10120874643325806,3.9137990474700928,0.1298130601644516,3.968526840209961,0.11240433156490326,4.038652420043945
15,0,0,1,0.12067023664712906,3.614889144897461,0.08788065612316132,3.9213063716888428,0.1246512234210968,3.9875290393829346,0.10263870656490326,4.065436840057373
16,0,0,1,0.11692342907190323,3.661503314971924,0.083740234375,4.005712032318115,0.10687380284070969,4.012307643890381,0.08484135568141937,4.071646690368652
17,0,0,1,0.12081971019506454,3.6230359077453613,0.08658023923635483,3.923577070236206,0.12475087493658066,3.997284173965454,0.09968908876180649,4.0927629470825195
18,0,0,1,0.12159199267625809,3.6215169429779053,0.0909249410033226,3.9024055004119873,0.12907564640045166,3.991816520690918,0.104910708963871,4.090805530548096
19,0,0,1,0.12356255948543549,3.6695094108581543,0.09999800473451614,3.9850025177001953,0.11069037020206451,3.9604790210723877,0.09773596376180649,3.989396333694458
20,0,0,1,0.1267712563276291,3.6755752563476562,0.10974369943141937,3.989330768585205,0.11100924760103226,3.930251359939575,0.09297273308038712,3.88574481010437
21,0,0,1,0.12274294346570969,3.6286990642547607,0.09529455751180649,3.9129979610443115,0.1266840696334839,3.9613780975341797,0.10795997828245163,4.032305717468262
22,0,0,1,0.11973104625940323,3.625143051147461,0.08674465864896774,3.9277427196502686,0.12336575239896774,3.999434471130371,0.1003069207072258,4.096165180206299
23,0,0,1,0.12016700953245163,3.6268346309661865,0.08622647821903229,3.9334335327148438,0.1252192258834839,3.974534511566162,0.10227997601032257,4.09333610534668
24,0,0,1,0.12095672637224197,3.643605947494507,0.09247449040412903,3.965301752090454,0.11636041104793549,4.018669128417969,0.098074771463871,4.0879902839660645
25,0,0,1,0.12702038884162903,3.660050630569458,0.1077008917927742,3.9531829357147217,0.1213030144572258,3.9480817317962646,0.10028699040412903,3.9131557941436768
26,0,0,1,0.12302196025848389,3.6727349758148193,0.100516177713871,3.9933083057403564,0.11398875713348389,3.977707862854004,0.0984933003783226,3.9704573154449463
27,0,0,1,0.12190838158130646,3.618739128112793,0.08808992058038712,3.918212652206421,0.1291155070066452,3.9859535694122314,0.10275828838348389,4.106284141540527
28,0,0,1,0.12701041996479034,3.6283860206604004,0.10240951925516129,3.88834285736084,0.13264308869838715,3.937420129776001,0.11023198068141937,3.977219343185425
29,0,0,1,0.1257847398519516,3.679170608520508,0.10931022465229034,3.999772071838379,0.1180245503783226,4.000084400177002,0.10642538219690323,4.019662857055664
30,0,0,1,0.12223722040653229,3.6254100799560547,0.09136838465929031,3.930363178253174,0.12585698068141937,3.9820268154144287,0.10556839406490326,4.084387302398682
31,0,0,1,0.12036630511283875,3.6185529232025146,0.08642079681158066,3.911386489868164,0.12547831237316132,3.985546350479126,0.10110411047935486,4.122807025909424
32,0,0,1,0.12289241701364517,3.6765050888061523,0.09933533519506454,4.008175849914551,0.10894650965929031,3.9693589210510254,0.09797512739896774,3.9886085987091064
33,0,0,1,0.12699547410011292,3.633481740951538,0.10237962007522583,3.902034282684326,0.12847775220870972,3.9605987071990967,0.10465162247419357,3.9809560775756836
34,0,0,1,0.12199307978153229,3.6212706565856934,0.09087013453245163,3.906459093093872,0.13076968491077423,4.008458614349365,0.1053292378783226,4.121475696563721
35,0,0,1,0.12738411128520966,3.6689417362213135,0.10911590605974197,3.963561534881592,0.11612124741077423,3.929717779159546,0.09897162020206451,3.9142167568206787
36,0,0,1,0.12124820053577423,3.6700432300567627,0.09515006840229034,3.984081268310547,0.11380939185619354,3.993608236312866,0.09813456237316132,4.0326972007751465
37,0,0,1,0.12361736595630646,3.6218535900115967,0.09523975104093552,3.9034266471862793,0.13077965378761292,3.9931423664093018,0.107840396463871,4.0670857429504395
38,0,0,1,0.12021185457706451,3.6433041095733643,0.08857321739196777,3.940034866333008,0.12275788933038712,4.01680326461792,0.10188137739896774,4.121674537658691
39,0,0,1,0.12795957922935486,3.6582624912261963,0.11006756126880646,3.952333450317383,0.11935985088348389,3.939138412475586,0.10010761767625809,3.9191718101501465
40,0,0,1,0.12104641646146774,3.6380867958068848,0.09123385697603226,3.9554367065429688,0.12072504311800003,3.981593132019043,0.10224011540412903,4.063937664031982
41,0,0,1,0.12210269272327423,3.631199836730957,0.09222038090229034,3.917553663253784,0.12414301186800003,3.9898056983947754,0.10243941098451614,4.070622444152832
42,0,0,1,0.11728964000940323,3.694951295852661,0.0887625515460968,4.127027988433838,0.09415856003761292,4.035665035247803,0.07413902878761292,4.089247226715088
43,0,0,1,0.12531638145446777,3.623004674911499,0.0994349867105484,3.905346393585205,0.1326131969690323,3.9546890258789062,0.11031170189380646,4.027100086212158
44,0,0,1,0.12048837542533875,3.6308281421661377,0.08934052288532257,3.944007635116577,0.1209542378783226,3.9873125553131104,0.10130341351032257,4.080660820007324
45,0,0,1,0.123099185526371,3.623823642730713,0.09383469820022583,3.917910099029541,0.1277104616165161,3.988295793533325,0.1057477667927742,4.0335469245910645
46,0,0,1,0.12582209706306458,3.6621391773223877,0.10377969592809677,3.9596714973449707,0.11720743030309677,3.921186923980713,0.09777582436800003,3.894822597503662
47,0,0,1,0.12545588612556458,3.66125226020813,0.10687380284070969,3.970163106918335,0.11805444955825806,3.9303622245788574,0.10654495656490326,3.9897119998931885
48,0,0,1,0.12087701261043549,3.61159086227417,0.08622647821903229,3.906853199005127,0.12856744229793549,3.9803905487060547,0.10293765366077423,4.099515914916992
49,0,0,1,0.1172746941447258,3.669484853744507,0.08526984602212906,4.050017356872559,0.10342593491077423,4.020522117614746,0.08280850946903229,4.054633140563965
50,0,0,1,0.1245291531085968,3.6226019859313965,0.09670957922935486,3.904533863067627,0.12905572354793549,3.97444224357605,0.10911590605974197,4.034520626068115
51,0,0,1,0.11906837671995163,3.6395647525787354,0.0864955335855484,3.9639976024627686,0.1198381707072258,4.005321979522705,0.09925063699483871,4.098393440246582
52,0,0,1,0.1172223761677742,3.661707878112793,0.08448261767625809,4.012561798095703,0.10936503112316132,4.006924629211426,0.08767139166593552,4.049556732177734
53,0,0,1,0.12202795594930649,3.6315865516662598,0.09400908648967743,3.9461522102355957,0.12443199753761292,3.9917514324188232,0.10160236060619354,4.100431442260742
54,0,0,1,0.11895876377820969,3.663525342941284,0.08817462623119354,4.011979579925537,0.1066545769572258,3.9956088066101074,0.08462212979793549,4.050164699554443
55,0,0,1,0.12238918989896774,3.6622700691223145,0.09853316098451614,3.9864988327026367,0.11368981003761292,3.95819091796875,0.099051333963871,4.002213478088379
56,0,0,1,0.12061543017625809,3.6107897758483887,0.08589763939380646,3.8772621154785156,0.13166652619838715,3.9688186645507812,0.10391421616077423,4.088991165161133
57,0,0,1,0.12178132683038712,3.61615252494812,0.08955974876880646,3.9236161708831787,0.12971340119838715,3.946300983428955,0.10624600946903229,4.086287975311279
58,0,0,1,0.12010721862316132,3.6337010860443115,0.08777104318141937,3.949988603591919,0.12159199267625809,3.985084295272827,0.09797512739896774,4.068348407745361
59,0,0,1,0.1229422390460968,3.632786273956299,0.09600207209587097,3.927288770675659,0.12254862487316132,3.968287467956543,0.10507015138864517,4.00948429107666
60,0,0,1,0.12338568270206451,3.666229248046875,0.09974390268325806,3.978670358657837,0.11441724747419357,3.9741334915161133,0.0989118292927742,3.9683659076690674
61,0,0,1,0.12158700823783875,3.606995105743408,0.08601223677396774,3.899264335632324,0.13157685101032257,3.981823682785034,0.10473134368658066,4.110561370849609
62,0,0,1,0.11759107559919357,3.6811575889587402,0.08877750486135483,4.05954647064209,0.10229989886283875,4.010228157043457,0.08338648080825806,4.052581310272217
63,0,0,1,0.12274792790412903,3.638171672821045,0.09514010697603226,3.9339094161987305,0.12113361060619354,3.9682462215423584,0.10245934128761292,4.018673419952393
64,0,0,1,0.12426010519266129,3.6163716316223145,0.09734733402729034,3.8861193656921387,0.13338050246238708,3.9629435539245605,0.10967394709587097,4.051426410675049
65,0,0,1,0.12513203918933868,3.6113998889923096,0.09766122698783875,3.8916893005371094,0.13427734375,3.9445641040802,0.10702327638864517,4.060335159301758
66,0,0,1,0.12723712623119354,3.6307709217071533,0.10264867544174194,3.889282703399658,0.13069993257522583,3.9586002826690674,0.1079799085855484,3.9791436195373535
67,0,0,1,0.12502241134643555,3.6739065647125244,0.10281309485435486,3.999757766723633,0.11018215864896774,3.9491724967956543,0.09329161047935486,3.9457380771636963
68,0,0,1,0.11933493614196777,3.639054775238037,0.08677953481674194,3.954469680786133,0.12000757455825806,4.007058143615723,0.09620136767625809,4.116842746734619
69,0,0,1,0.11898118257522583,3.6427345275878906,0.08359573781490326,3.9983906745910645,0.11545360088348389,4.018557071685791,0.09199617058038712,4.090337753295898
70,0,0,1,0.120047427713871,3.6646053791046143,0.09098473191261292,3.996166706085205,0.11145766824483871,3.976933479309082,0.09006297588348389,3.999114751815796
71,0,0,1,0.12218739837408066,3.667645215988159,0.09878228604793549,3.991072416305542,0.11302215605974197,3.943925142288208,0.09699856489896774,3.972673177719116
72,0,0,1,0.12150231003761292,3.6400599479675293,0.09267378598451614,3.965806484222412,0.11765585094690323,3.9972896575927734,0.09943000227212906,4.073561668395996
73,0,0,1,0.12652462720870972,3.6212096214294434,0.10066067427396774,3.896054983139038,0.13276267051696777,3.9437813758850098,0.11166693270206451,4.013742446899414
74,0,0,1,0.11807188391685486,3.6908111572265625,0.09094487130641937,4.066673755645752,0.10512994229793549,4.05222749710083,0.0901227667927742,4.096417427062988
75,0,0,1,0.12191087007522583,3.6336848735809326,0.09265884011983871,3.935796022415161,0.12481066584587097,3.9877843856811523,0.10646524280309677,4.095656871795654
76,0,0,1,0.12100157141685486,3.618373155593872,0.08703862130641937,3.897704601287842,0.12809908390045166,4.0,0.1018415167927742,4.104892253875732
77,0,0,1,0.12505480647087097,3.687696695327759,0.10907605290412903,4.012744426727295,0.10751155763864517,3.944758653640747,0.09855309128761292,3.964812994003296
78,0,0,1,0.123709537088871,3.620222330093384,0.09696866571903229,3.918816089630127,0.13005220890045166,3.9587771892547607,0.10995296388864517,4.064709186553955
79,0,0,1,0.11667928844690323,3.68003249168396,0.08652044832706451,4.081025123596191,0.09776586294174194,4.014065742492676,0.08083545416593552,4.080374717712402
80,0,0,1,0.11768823862075806,3.66882586479187,0.08896683156490326,4.041722774505615,0.10228993743658066,4.006234645843506,0.08659518510103226,4.102876663208008
81,0,0,1,0.11885662376880646,3.6243345737457275,0.08347616344690323,3.933985948562622,0.1238141730427742,4.002334117889404,0.09855309128761292,4.0960564613342285
82,0,0,1,0.11990542709827423,3.6426002979278564,0.0898786261677742,3.955429792404175,0.11672911047935486,4.008622169494629,0.09630101919174194,4.054014682769775
83,0,1,0,0.12513452768325806,3.536412477493286,0.09238480031490326,3.738701343536377,0.17408721148967743,3.894676685333252,0.1354631632566452,4.071354866027832
84,0,0,1,0.12053820490837097,3.6198408603668213,0.08609195798635483,3.9353549480438232,0.12392378598451614,3.9682374000549316,0.09747687727212906,4.0805559158325195
85,0,0,1,0.12013213336467743,3.6613786220550537,0.090994693338871,3.9864754676818848,0.11498524993658066,4.011959552764893,0.09572305530309677,4.072038173675537
86,0,0,1,0.1228724867105484,3.6350715160369873,0.0948311910033226,3.9324331283569336,0.12247887253761292,3.9808802604675293,0.10405372828245163,4.0792951583862305
87,0,0,1,0.12018445134162903,3.6757664680480957,0.09401407092809677,4.03646183013916,0.10439253598451614,4.002290725708008,0.08689413219690323,4.048853397369385
88,0,0,1,0.11810676008462906,3.686937093734741,0.08986368030309677,4.058882236480713,0.10284797102212906,4.00397253036499,0.08679448068141937,4.078530311584473
89,0,0,1,0.12760084867477417,3.633190155029297,0.1040387824177742,3.8995258808135986,0.12739157676696777,3.9511890411376953,0.10489077866077423,3.9768192768096924
90,0,0,1,0.12088946998119354,3.631620168685913,0.09069574624300003,3.922869920730591,0.12356504797935486,3.990645170211792,0.10247927159070969,4.064955234527588
91,0,0,1,0.12197813391685486,3.6843535900115967,0.09888691455125809,4.025999069213867,0.10251913219690323,3.961897373199463,0.08916613459587097,3.9597675800323486
92,0,0,1,0.11680883169174194,3.6790010929107666,0.08413883298635483,4.072896480560303,0.09698859602212906,3.996917724609375,0.07890225946903229,4.034604549407959
93,0,0,1,0.12446438521146774,3.6435821056365967,0.10036670416593552,3.9332306385040283,0.12347536534070969,3.970381736755371,0.10485092550516129,4.018627643585205
94,0,0,1,0.12276536226272583,3.6721930503845215,0.09844347834587097,3.9995951652526855,0.11088966578245163,3.9591121673583984,0.09494578838348389,3.930520534515381
95,0,0,1,0.12115851789712906,3.6216843128204346,0.08914121985435486,3.934995174407959,0.12488041818141937,3.9935364723205566,0.1037946417927742,4.112135410308838
96,0,0,1,0.118826724588871,3.678623914718628,0.08769132196903229,4.066761493682861,0.09957947582006454,3.952867031097412,0.0744977667927742,4.006420612335205
97,0,0,1,0.12169413268566132,3.634403944015503,0.09230508655309677,3.9446723461151123,0.12226960808038712,3.963651180267334,0.10405372828245163,4.036008358001709
98,0,0,1,0.11988300830125809,3.669672966003418,0.0906110480427742,4.015726566314697,0.10795997828245163,3.9820010662078857,0.08749202638864517,4.010933876037598
99,0,0,1,0.12141760438680649,3.6396241188049316,0.09294284135103226,3.9461777210235596,0.1257075071334839,4.007926940917969,0.10526944696903229,4.092389106750488
100,0,0,1,0.11937978118658066,3.6187186241149902,0.08281349390745163,3.9418206214904785,0.12363480031490326,4.007495880126953,0.09929049760103226,4.128462314605713
101,0,0,1,0.11918795853853226,3.623748540878296,0.08403918147087097,3.9268393516540527,0.12187100946903229,4.001798629760742,0.09833386540412903,4.122213363647461
102,0,0,1,0.12120585143566132,3.6229419708251953,0.08815967291593552,3.9289023876190186,0.12540856003761292,3.982677698135376,0.1012834832072258,4.104289531707764
103,0,0,1,0.12130051851272583,3.6341006755828857,0.09016761183738708,3.9254019260406494,0.123465396463871,3.996852397918701,0.10158243030309677,4.08671760559082
104,0,0,1,0.12118592113256454,3.6674890518188477,0.09416354447603226,3.9843907356262207,0.11343072354793549,3.9687252044677734,0.09711813926696777,3.9983582496643066
105,0,0,1,0.12210020422935486,3.6065657138824463,0.08891700953245163,3.887425661087036,0.1319056898355484,3.965022325515747,0.10247927159070969,4.094321250915527
106,0,0,1,0.11899115145206451,3.6689348220825195,0.09047652035951614,4.016080379486084,0.1026088148355484,3.9667863845825195,0.08450254797935486,4.006368160247803
107,0,0,1,0.12192083895206451,3.6234164237976074,0.09086515009403229,3.9296483993530273,0.12815888226032257,3.9888811111450195,0.10628587007522583,4.117757320404053
108,0,0,1,0.12626305222511292,3.672217607498169,0.10754144936800003,3.983876943588257,0.11686862260103226,3.975358009338379,0.10154256969690323,3.966437578201294
109,0,0,1,0.12490782141685486,3.6812262535095215,0.1042131707072258,4.006645679473877,0.11245416104793549,3.938856840133667,0.09492585808038712,3.8992230892181396
110,0,0,1,0.11925522238016129,3.6740338802337646,0.0920758917927742,4.018290042877197,0.10974369943141937,3.9976391792297363,0.09373006969690323,4.045077800750732
111,0,0,1,0.12063536047935486,3.6064348220825195,0.08618661761283875,3.89715576171875,0.12710259854793549,3.9671502113342285,0.1032366082072258,4.103088855743408
112,0,0,1,0.12613101303577423,3.641477346420288,0.102957583963871,3.9440088272094727,0.12295718491077423,3.9670960903167725,0.10461176186800003,3.997332811355591
113,0,0,1,0.12791971862316132,3.635058879852295,0.10637057572603226,3.926741361618042,0.13109852373600006,3.9626786708831787,0.10981345176696777,4.012704372406006
114,0,0,1,0.12426508218050003,3.634129285812378,0.0984933003783226,3.9190611839294434,0.12665417790412903,3.95389461517334,0.10786032676696777,3.988359212875366
115,0,0,1,0.12292230874300003,3.6194722652435303,0.09329161047935486,3.9054155349731445,0.1284877210855484,3.9655654430389404,0.10594706237316132,4.033483982086182
116,0,0,1,0.12002252042293549,3.641911268234253,0.08881238102912903,3.955960750579834,0.1192801296710968,4.000584602355957,0.09944993257522583,4.118236541748047
117,0,0,1,0.11907336115837097,3.6317341327667236,0.08589265495538712,3.953941583633423,0.11931002885103226,3.99699330329895,0.0977957546710968,4.13103723526001
118,0,0,1,0.12768803536891937,3.633147954940796,0.11037646979093552,3.90051007270813,0.13410793244838715,3.976445198059082,0.10863759368658066,4.0737481117248535
119,0,0,1,0.11965381354093552,3.663689374923706,0.08954480290412903,3.9905407428741455,0.11103913933038712,3.987525701522827,0.0913783460855484,4.021155834197998
120,0,0,1,0.11909826844930649,3.6644842624664307,0.08899174630641937,3.9997200965881348,0.1079799085855484,3.9903101921081543,0.08876753598451614,4.05231237411499
121,0,0,1,0.12041613459587097,3.6862173080444336,0.09743203967809677,4.054973125457764,0.10175183415412903,3.9906961917877197,0.08808992058038712,4.0117645263671875
122,0,0,1,0.1279994398355484,3.6199493408203125,0.10396404564380646,3.8921210765838623,0.13606105744838715,3.923319101333618,0.11405850946903229,3.991962194442749
123,0,0,1,0.1222795769572258,3.6339540481567383,0.09216557443141937,3.928100347518921,0.12394371628761292,3.9597201347351074,0.10481106489896774,4.008176326751709
124,0,0,1,0.12203294038772583,3.623884916305542,0.09056122601032257,3.9146676063537598,0.12514947354793549,3.9605860710144043,0.09929049760103226,4.050782680511475
125,0,0,1,0.12622816860675812,3.6976258754730225,0.10870734602212906,4.017279148101807,0.11085977405309677,3.920809030532837,0.09594228118658066,3.909015417098999
126,0,0,1,0.12536372244358063,3.6830015182495117,0.11128327995538712,4.0132975578308105,0.11109893023967743,3.9761414527893066,0.08824936300516129,3.9846432209014893
127,0,0,1,0.11792739480733871,3.677905321121216,0.08755680173635483,4.045922756195068,0.10276825726032257,3.978473663330078,0.08145328611135483,4.025201797485352
128,0,0,1,0.12529894709587097,3.640488386154175,0.10347077995538712,3.942215919494629,0.12052574753761292,3.9648616313934326,0.10568797588348389,3.9945313930511475
129,0,0,1,0.11820392310619354,3.679227828979492,0.08993343263864517,4.038947582244873,0.10548868030309677,4.006896018981934,0.09008290618658066,4.073894023895264
130,0,0,1,0.12115851789712906,3.6274828910827637,0.09056620299816132,3.930351495742798,0.12415298074483871,4.013885498046875,0.10218032449483871,4.107665538787842
131,0,0,1,0.11988051980733871,3.666735887527466,0.0894252210855484,4.0130934715271,0.10779057443141937,3.9663493633270264,0.08755181729793549,3.986114263534546
132,0,0,1,0.12042111158370972,3.6157889366149902,0.08626136183738708,3.912320137023926,0.12471101433038712,3.9903316497802734,0.09885203838348389,4.115120887756348
133,0,0,1,0.11926767230033875,3.6469764709472656,0.0863909050822258,3.9656267166137695,0.1209542378783226,4.017054080963135,0.098074771463871,4.1009955406188965
134,0,0,1,0.12127560377120972,3.6166677474975586,0.08925581723451614,3.907670021057129,0.12748126685619354,3.9736573696136475,0.10375478118658066,4.072032451629639
135,0,0,1,0.12702536582946777,3.668771743774414,0.10951948910951614,3.9714298248291016,0.11828363686800003,3.9561920166015625,0.10580755770206451,3.957995891571045
136,0,0,1,0.12089694291353226,3.605555534362793,0.08515524864196777,3.903282403945923,0.12963367998600006,3.9532630443573,0.10526944696903229,4.106777667999268
137,0,0,1,0.1294468492269516,3.680452585220337,0.11815907806158066,3.982078790664673,0.11483577638864517,3.9340505599975586,0.09638074040412903,3.9007444381713867
138,0,0,1,0.1272495836019516,3.6925156116485596,0.11363998800516129,4.018677711486816,0.10775071382522583,3.942939043045044,0.09917091578245163,3.953979015350342
139,0,0,1,0.12236178666353226,3.6695847511291504,0.09745694696903229,3.9927914142608643,0.11197584122419357,3.979442834854126,0.09883210808038712,3.998185157775879
140,0,0,1,0.11990293860435486,3.623187303543091,0.08645567297935486,3.9288265705108643,0.12020687013864517,3.9754621982574463,0.09717793017625809,4.088187217712402
141,0,0,1,0.11913564056158066,3.625737190246582,0.08281847834587097,3.946997880935669,0.1220703125,3.998938798904419,0.09954958409070969,4.117116928100586
142,0,0,1,0.1239188015460968,3.624964714050293,0.09407385438680649,3.9004290103912354,0.12952406704425812,3.9950761795043945,0.10674425959587097,4.075429439544678
143,0,0,1,0.12726452946662903,3.6375844478607178,0.10523955523967743,3.9186155796051025,0.12739157676696777,3.942349910736084,0.10690369457006454,4.012677192687988
144,0,0,1,0.1224713996052742,3.633937358856201,0.0944475457072258,3.9290990829467773,0.12324617058038712,3.9818079471588135,0.10507015138864517,4.054628372192383
145,0,0,1,0.12084711343050003,3.6129584312438965,0.08804508298635483,3.9091732501983643,0.12295718491077423,3.9645838737487793,0.10000797361135483,4.085890769958496
146,0,0,1,0.12021434307098389,3.630276679992676,0.08652542531490326,3.9525508880615234,0.11905093491077423,3.9981584548950195,0.09693877398967743,4.095394611358643
147,0,0,1,0.11805444955825806,3.677154541015625,0.0906459242105484,4.0456767082214355,0.103445865213871,4.023504257202148,0.08860810101032257,4.083670616149902
148,0,0,1,0.12107879668474197,3.6284103393554688,0.09243961423635483,3.918503761291504,0.12340561300516129,3.99773907661438,0.10544881969690323,4.098658084869385
149,0,0,1,0.12146244943141937,3.625420570373535,0.09003806114196777,3.9133970737457275,0.12266820669174194,3.970592975616455,0.09697863459587097,4.036169528961182
150,0,0,1,0.12541353702545166,3.6568074226379395,0.1027483269572258,3.956502676010132,0.11841318011283875,3.9200539588928223,0.10176179558038712,3.908539056777954
151,0,0,1,0.12038873136043549,3.6109466552734375,0.0855189710855484,3.8961198329925537,0.12658442556858063,3.9877195358276367,0.10124362260103226,4.129724502563477
152,0,0,1,0.12681859731674194,3.660865068435669,0.10626096278429031,3.9488911628723145,0.11821388453245163,3.945797920227051,0.1007254421710968,3.922041893005371
153,0,0,1,0.11939472705125809,3.6272170543670654,0.08431321382522583,3.944096326828003,0.12355508655309677,3.9935479164123535,0.10054607689380646,4.103072166442871
154,0,0,1,0.12138023972511292,3.623175859451294,0.090018130838871,3.93241810798645,0.12428252398967743,3.992222547531128,0.10166214406490326,4.118800163269043
155,0,0,1,0.12563276290893555,3.673170804977417,0.10788524150848389,3.9992148876190186,0.11557318270206451,3.963442087173462,0.09636081010103226,3.980558395385742
156,0,0,1,0.12422273308038712,3.6390984058380127,0.10072046518325806,3.9480583667755127,0.12488041818141937,3.9782955646514893,0.10995296388864517,4.004531383514404
157,0,0,1,0.12467862665653229,3.6686315536499023,0.10456692427396774,3.981131076812744,0.11545360088348389,3.913257360458374,0.1021205335855484,3.9342310428619385
158,0,0,1,0.11903350055217743,3.678344964981079,0.09121891111135483,4.032663345336914,0.10668446868658066,3.995142936706543,0.08424346148967743,4.028388977050781
159,0,0,1,0.1256801038980484,3.632282018661499,0.09903638809919357,3.9175429344177246,0.12969347834587097,3.9529004096984863,0.10989317297935486,4.0166850090026855
160,0,0,1,0.12286999821662903,3.644188165664673,0.09659000486135483,3.9317033290863037,0.11999760568141937,3.962796926498413,0.1018415167927742,4.028767108917236
161,0,0,1,0.12710508704185486,3.6571412086486816,0.10749661177396774,3.956291913986206,0.11548349261283875,3.947018623352051,0.09897162020206451,3.9172372817993164
162,0,0,1,0.11578243970870972,3.669872522354126,0.08201131969690323,4.0569868087768555,0.10486088693141937,4.0352559089660645,0.08404416590929031,4.076120376586914
163,0,0,1,0.12001504749059677,3.6318421363830566,0.08621153235435486,3.9531872272491455,0.12223971635103226,3.9968206882476807,0.09867267310619354,4.1034135818481445
164,0,0,1,0.12201550602912903,3.6215648651123047,0.08925581723451614,3.9231326580047607,0.12986287474632263,3.9767496585845947,0.1051897332072258,4.103448390960693
165,0,0,1,0.11942462623119354,3.6280195713043213,0.08437300473451614,3.9489192962646484,0.1219308003783226,3.978097438812256,0.09990832209587097,4.112507343292236
166,0,0,1,0.1233956441283226,3.6234352588653564,0.09371013939380646,3.908815383911133,0.1278599351644516,3.953627824783325,0.10493063926696777,4.031148910522461
167,0,0,1,0.12264080345630646,3.669260025024414,0.09780572354793549,3.981813669204712,0.11468630284070969,3.9779303073883057,0.09937021136283875,3.9805455207824707
168,0,0,1,0.12543098628520966,3.621501922607422,0.09883709251880646,3.8904571533203125,0.13119818270206451,3.9423515796661377,0.11212531477212906,4.009420394897461
169,0,0,1,0.12587441504001617,3.645991325378418,0.10542390495538712,3.943239212036133,0.12563775479793549,3.972001791000366,0.11232461780309677,3.9964513778686523
170,0,0,1,0.1257249414920807,3.650801420211792,0.1028180792927742,3.93109130859375,0.12035634368658066,3.9464316368103027,0.09954958409070969,3.9371371269226074
171,0,0,1,0.12226711958646774,3.6200616359710693,0.09157266467809677,3.905979633331299,0.12896603345870972,3.976510524749756,0.10780054330825806,4.089850425720215
172,0,0,1,0.12510712444782257,3.637587308883667,0.10099948197603226,3.9442553520202637,0.12373445183038712,3.940887451171875,0.10995296388864517,4.0277323722839355
173,0,0,1,0.12008479982614517,3.6226375102996826,0.08519013226032257,3.9149022102355957,0.12498006969690323,4.022963047027588,0.10106424987316132,4.1232500076293945
174,0,0,1,0.12080476433038712,3.6101832389831543,0.08493103832006454,3.8900034427642822,0.1307298243045807,3.971034288406372,0.10584741830825806,4.123893737792969
175,0,0,1,0.12408322095870972,3.6610584259033203,0.10087491571903229,3.971895694732666,0.11472616344690323,3.957960605621338,0.09843350946903229,3.96254301071167
176,0,0,1,0.11927016824483871,3.619788646697998,0.08418367058038712,3.9381511211395264,0.1240234375,3.99333119392395,0.10068558156490326,4.124900817871094
177,0,0,1,0.12207528948783875,3.612934112548828,0.08861806243658066,3.9075677394866943,0.12963367998600006,3.9817819595336914,0.10333625227212906,4.103182315826416
178,0,0,1,0.12527652084827423,3.6097400188446045,0.09661491215229034,3.8887112140655518,0.13597138226032257,3.943862199783325,0.11393893510103226,4.043204307556152
179,0,0,1,0.11840073019266129,3.6750898361206055,0.09000318497419357,4.039858341217041,0.10531927645206451,4.008893966674805,0.08936543017625809,4.078501224517822
180,0,0,1,0.12642747163772583,3.673313856124878,0.1081194207072258,3.9841012954711914,0.11319155991077423,3.9446253776550293,0.09424824267625809,3.925565719604492
181,0,0,1,0.11747398972511292,3.6666948795318604,0.08504563570022583,4.036674499511719,0.10654495656490326,3.9984099864959717,0.0821707546710968,4.023768901824951
182,0,0,1,0.11920539289712906,3.672518253326416,0.09261897951364517,4.030609607696533,0.10378467291593552,3.9803168773651123,0.08474170416593552,3.978127956390381
183,0,0,1,0.12354760617017746,3.657290458679199,0.09752670675516129,3.9473791122436523,0.11902104318141937,3.9616544246673584,0.0955636128783226,3.982064723968506
184,0,0,1,0.12649224698543549,3.6273560523986816,0.10157744586467743,3.881542205810547,0.13063018023967743,3.939049482345581,0.10762117058038712,3.987036943435669
185,0,0,1,0.12246641516685486,3.617567539215088,0.09405393153429031,3.928643226623535,0.12650470435619354,3.9766836166381836,0.10845822840929031,4.084160327911377
186,0,0,1,0.12270059436559677,3.620429277420044,0.09331652522087097,3.889583110809326,0.13042090833187103,3.9769253730773926,0.10612643510103226,4.051267623901367
187,0,0,1,0.11588458716869354,3.6841800212860107,0.08432815968990326,4.071314811706543,0.09948979318141937,4.017828464508057,0.07886240631341934,4.052059650421143
188,0,0,1,0.12041115015745163,3.634667158126831,0.08955974876880646,3.942030668258667,0.12022680044174194,3.9958558082580566,0.10052614659070969,4.103291034698486
189,0,0,1,0.12803930044174194,3.6396217346191406,0.10596200823783875,3.911600112915039,0.1314174085855484,3.9540491104125977,0.11563296616077423,3.991037607192993
190,0,0,1,0.12108627706766129,3.673757791519165,0.09734733402729034,4.045245170593262,0.10546875,4.024659633636475,0.08950494229793549,4.0779337882995605
191,0,0,1,0.11781279742717743,3.6757311820983887,0.08913125842809677,4.051260471343994,0.10234972834587097,3.9674813747406006,0.0852399542927742,3.994154691696167
192,0,0,1,0.12307676672935486,3.6664035320281982,0.09930544346570969,3.9853997230529785,0.1109095960855484,3.9653189182281494,0.0955636128783226,3.954535961151123
193,0,0,1,0.12083964049816132,3.6148929595947266,0.08688914775848389,3.9327943325042725,0.12630540132522583,3.990138053894043,0.10150270909070969,4.115452766418457
194,0,0,1,0.11772560328245163,3.6448071002960205,0.08274872601032257,3.9988560676574707,0.11136798560619354,4.007068634033203,0.09016262739896774,4.082670211791992
195,0,0,1,0.12162686884403229,3.609889030456543,0.0877859890460968,3.9177591800689697,0.13019172847270966,3.9731342792510986,0.10363519936800003,4.113846302032471
196,0,0,1,0.11848791688680649,3.629283905029297,0.08355090022087097,3.9500863552093506,0.11735690385103226,4.003566265106201,0.09538424760103226,4.1117844581604
197,0,0,1,0.1214076429605484,3.6124267578125,0.08836893737316132,3.8984551429748535,0.1296635866165161,3.980325937271118,0.10383450239896774,4.084644794464111
198,0,0,1,0.12257852405309677,3.674111843109131,0.09955456852912903,4.010409832000732,0.10986328125,3.9673469066619873,0.09466677159070969,3.948631525039673
199,0,0,1,0.12563775479793549,3.621708393096924,0.09983856976032257,3.8892104625701904,0.13091915845870972,3.9453494548797607,0.11234454810619354,4.037076473236084
200,0,0,1,0.1196114644408226,3.679420232772827,0.09156768023967743,4.023397445678711,0.10375478118658066,3.965808629989624,0.08627630770206451,3.98105788230896
201,0,0,1,0.12242905050516129,3.6125264167785645,0.09107939898967743,3.8974835872650146,0.13180604577064514,3.973917007446289,0.1065848171710968,4.080216884613037
202,0,0,1,0.11571019887924194,3.703059434890747,0.08424346148967743,4.136621952056885,0.09058114886283875,4.029592990875244,0.06720343977212906,4.076512336730957
203,0,0,1,0.1263253390789032,3.6772501468658447,0.10914082080125809,3.9966673851013184,0.10928530991077423,3.97218918800354,0.09594228118658066,3.947237253189087
204,0,0,1,0.12192831188440323,3.637190103530884,0.09221041947603226,3.941211462020874,0.12533880770206451,3.9977738857269287,0.101004458963871,4.080110549926758
205,0,0,1,0.12068020552396774,3.677119016647339,0.097098208963871,4.03278923034668,0.10713288933038712,3.986419916152954,0.09217554330825806,4.00908088684082
206,0,0,1,0.12007981538772583,3.6791975498199463,0.09595224261283875,4.056288242340088,0.10607660561800003,4.027148723602295,0.08390465378761292,4.039430141448975
207,0,0,1,0.12013711780309677,3.616560220718384,0.08435307443141937,3.9371531009674072,0.12278778105974197,3.974273681640625,0.09809470176696777,4.079439163208008
208,0,0,1,0.12449676543474197,3.6301076412200928,0.0967843160033226,3.921029567718506,0.12923508882522583,3.9821112155914307,0.10889668017625809,4.057466983795166
209,0,0,1,0.11795230209827423,3.6647095680236816,0.08697883039712906,4.024345397949219,0.109375,4.000729084014893,0.0857979878783226,4.026712894439697
210,0,0,1,0.12161939591169357,3.633359909057617,0.09161750227212906,3.9466500282287598,0.12508967518806458,3.9933083057403564,0.10120376199483871,4.043127059936523
211,0,0,1,0.1206752210855484,3.6161229610443115,0.0849260613322258,3.9113523960113525,0.12641501426696777,3.9667348861694336,0.10026706010103226,4.059630393981934
212,0,0,1,0.12194574624300003,3.6172828674316406,0.09155771136283875,3.9312689304351807,0.12435227632522583,3.9791650772094727,0.10060586780309677,4.0530900955200195
213,0,0,1,0.12129553407430649,3.6664750576019287,0.09395428001880646,3.995227336883545,0.1104213148355484,3.982853651046753,0.0919363796710968,4.023195266723633
214,0,0,1,0.12088697403669357,3.6666460037231445,0.09326669573783875,3.9881937503814697,0.11026187241077423,3.99349308013916,0.09253427386283875,3.9868619441986084
215,0,0,1,0.12010223418474197,3.678614377975464,0.09516501426696777,4.043979167938232,0.10188137739896774,3.970266103744507,0.08518016338348389,3.978708505630493
216,0,0,1,0.12477080523967743,3.665462017059326,0.10293267667293549,3.975023031234741,0.11482580751180649,3.939946174621582,0.09707828611135483,3.9326627254486084
217,0,0,1,0.12200304865837097,3.6178505420684814,0.0904366597533226,3.907167673110962,0.12557795643806458,3.9646880626678467,0.10301737487316132,4.091700553894043
218,0,0,1,0.12210020422935486,3.610891103744507,0.08917111903429031,3.9010448455810547,0.13126793503761292,3.9587035179138184,0.10664460808038712,4.090450286865234
219,0,0,1,0.12518933415412903,3.6330294609069824,0.10279814898967743,3.920948028564453,0.12650470435619354,3.9854273796081543,0.10931520909070969,4.041567802429199
220,0,0,1,0.12224967777729034,3.609920024871826,0.09056122601032257,3.900858163833618,0.13248366117477417,3.9841294288635254,0.1067243292927742,4.109617233276367
221,0,0,1,0.12861227989196777,3.653837203979492,0.11095941811800003,3.9290525913238525,0.12295718491077423,3.928438186645508,0.10831871628761292,3.938730478286743
222,0,0,1,0.12096918374300003,3.6270852088928223,0.08995336294174194,3.929323196411133,0.12349529564380646,3.973210573196411,0.1011439710855484,4.068177223205566
223,0,0,1,0.12463876605033875,3.627171039581299,0.09760144352912903,3.910562038421631,0.12714245915412903,3.9514851570129395,0.10467155277729034,4.017707347869873
224,0,0,1,0.11751385033130646,3.6683554649353027,0.08603216707706451,4.032026290893555,0.10764110088348389,4.023791790008545,0.08713328838348389,4.072049617767334
225,0,0,1,0.12352020293474197,3.645294666290283,0.09637575596570969,3.9415810108184814,0.12247887253761292,3.970710277557373,0.10229989886283875,4.050068378448486
226,0,0,1,0.12560038268566132,3.6724913120269775,0.10543885082006454,3.9998581409454346,0.11319155991077423,3.950171709060669,0.09470663219690323,3.9402356147766113
227,0,0,1,0.12664669752120972,3.641796350479126,0.10567303001880646,3.9498798847198486,0.12313655763864517,3.958242177963257,0.11055085808038712,3.9899044036865234
228,0,3,0,0.12555305659770966,3.534425973892212,0.09345602989196777,3.7542784214019775,0.17244300246238708,3.8859288692474365,0.13115832209587097,4.069442272186279
229,0,0,1,0.11824377626180649,3.66770601272583,0.08656030893325806,4.0301618576049805,0.10960418730974197,4.008455276489258,0.08633609861135483,4.081717491149902
230,0,0,1,0.1202043816447258,3.618992328643799,0.08675960451364517,3.9135704040527344,0.12564772367477417,3.9927828311920166,0.10056600719690323,4.112167835235596
231,0,0,1,0.12215252220630646,3.6813371181488037,0.10038663446903229,4.023426532745361,0.10897640138864517,3.976773977279663,0.09634087979793549,3.9937939643859863
232,0,0,1,0.12393125891685486,3.663818836212158,0.100760318338871,3.9811105728149414,0.1143275648355484,3.97245717048645,0.1003069207072258,3.979137659072876
233,0,0,1,0.12194076925516129,3.6199028491973877,0.08878248184919357,3.9190189838409424,0.12636518478393555,3.9536314010620117,0.102957583963871,4.093883037567139
234,0,0,1,0.1201869398355484,3.615952253341675,0.08475665748119354,3.9273412227630615,0.12523914873600006,3.964672088623047,0.10112404078245163,4.066614151000977
235,0,0,1,0.11887405812740326,3.6190874576568604,0.0842633917927742,3.933479070663452,0.1196986585855484,3.9855144023895264,0.09658003598451614,4.102558612823486
236,0,0,1,0.12213757634162903,3.6749954223632812,0.09896165132522583,4.020793437957764,0.11003268510103226,3.972287654876709,0.09893175959587097,4.0028204917907715
237,0,0,1,0.12382413446903229,3.610956907272339,0.09357062727212906,3.9059104919433594,0.12720224261283875,3.9863688945770264,0.10020726919174194,4.101630687713623
238,0,0,1,0.12455406785011292,3.623497486114502,0.09771105647087097,3.9029626846313477,0.12831830978393555,3.970179319381714,0.11065050959587097,4.03962516784668
239,0,0,1,0.12420529127120972,3.6691739559173584,0.1025390625,3.9833333492279053,0.11632055044174194,3.992546796798706,0.1012834832072258,4.003541946411133
240,0,0,1,0.12063536047935486,3.6295225620269775,0.09103455394506454,3.933063268661499,0.1209542378783226,3.9899489879608154,0.10158243030309677,4.10712194442749
241,0,0,1,0.12954898178577423,3.6718971729278564,0.11384924501180649,3.956630229949951,0.12431241571903229,3.9410018920898438,0.10497049987316132,3.9215872287750244
242,0,0,1,0.12301697582006454,3.640320062637329,0.09557358175516129,3.9408299922943115,0.12232939898967743,3.9621212482452393,0.10807956010103226,4.0322699546813965
243,0,0,1,0.12275540083646774,3.695951223373413,0.10601183772087097,4.048925876617432,0.11168686300516129,4.011152744293213,0.09359055757522583,4.016396999359131
244,0,0,1,0.12555305659770966,3.624528646469116,0.09953463822603226,3.9101967811584473,0.12990273535251617,3.9713101387023926,0.10997289419174194,4.039325714111328
245,0,0,1,0.12279276549816132,3.628322124481201,0.09350087493658066,3.911755323410034,0.12457150220870972,3.97168231010437,0.10395407676696777,4.03355073928833
246,0,0,1,0.11950185149908066,3.630657196044922,0.08468689769506454,3.953638792037964,0.11835339665412903,3.9976425170898438,0.09620136767625809,4.113942623138428
247,0,0,1,0.12029406428337097,3.6807422637939453,0.09531448781490326,4.039728164672852,0.10399393737316132,3.9472978115081787,0.08866788446903229,3.9761743545532227
248,0,0,1,0.12171157449483871,3.602976083755493,0.08859314769506454,3.894606590270996,0.1288364976644516,3.9757134914398193,0.10241948068141937,4.084452152252197
249,0,0,1,0.12101402878761292,3.6222620010375977,0.08946508169174194,3.9230897426605225,0.12319634854793549,4.008816719055176,0.10020726919174194,4.11555290222168
250,0,0,1,0.12761828303337097,3.6375739574432373,0.1068987175822258,3.9182474613189697,0.12898597121238708,3.9694066047668457,0.109793521463871,3.9722273349761963
251,0,0,1,0.1229945570230484,3.6664235591888428,0.09826909005641937,3.997109889984131,0.10941486060619354,3.926229476928711,0.09408880770206451,3.925015926361084
252,0,0,1,0.11841318011283875,3.6788690090179443,0.09013771265745163,4.0229949951171875,0.10758130997419357,4.006669044494629,0.09034199267625809,4.011030197143555
253,0,0,1,0.12060297280550003,3.6748878955841064,0.09375497698783875,4.008821964263916,0.11196587979793549,3.9794411659240723,0.09129862487316132,3.9845011234283447
254,0,0,1,0.12061792612075806,3.616539716720581,0.08611686527729034,3.9170331954956055,0.1256277859210968,3.9854049682617188,0.1015625,4.119505405426025
255,0,0,1,0.12708266079425812,3.628126621246338,0.10271842777729034,3.9068684577941895,0.12994259595870972,3.9474692344665527,0.11198581010103226,3.9966185092926025
256,0,0,1,0.12033142894506454,3.622396469116211,0.08731266111135483,3.933291435241699,0.1232561394572258,3.980839252471924,0.10074537247419357,4.103857517242432
257,0,0,1,0.1321498304605484,3.6756021976470947,0.12333087623119354,3.9485719203948975,0.12977319955825806,3.9368808269500732,0.11025191098451614,3.9716196060180664
258,0,0,1,0.11972107738256454,3.6386165618896484,0.08857820183038712,3.9494881629943848,0.1183035671710968,4.000421047210693,0.09811463207006454,4.0899858474731445
259,0,0,1,0.12297961115837097,3.664985418319702,0.09825414419174194,3.9837727546691895,0.11808434128761292,3.9702954292297363,0.099609375,3.956782817840576
260,0,0,1,0.11766830831766129,3.664323568344116,0.08616669476032257,4.020932197570801,0.10540895909070969,3.997920274734497,0.08456233888864517,4.092151641845703
261,0,0,1,0.12632782757282257,3.6195547580718994,0.09896165132522583,3.902174949645996,0.1324637234210968,3.957045078277588,0.10883688926696777,4.055118083953857
262,0,0,1,0.12724459171295166,3.67729115486145,0.11145766824483871,3.9919536113739014,0.11391900479793549,3.9664101600646973,0.1003069207072258,3.9348301887512207
263,0,0,1,0.12070013582706451,3.6153147220611572,0.08803511410951614,3.930499792098999,0.12475087493658066,4.005831241607666,0.10293765366077423,4.129332065582275
264,0,0,1,0.1171700581908226,3.6872408390045166,0.0879255011677742,4.09463357925415,0.09668964892625809,4.017520427703857,0.07766661047935486,4.071850299835205
265,0,0,1,0.1200823113322258,3.623459577560425,0.08688416332006454,3.9100241661071777,0.1281987428665161,3.9968907833099365,0.10218032449483871,4.110395908355713
266,0,0,1,0.12222974747419357,3.619150400161743,0.09056620299816132,3.9135169982910156,0.1280691921710968,3.9702770709991455,0.10656488686800003,4.095193386077881
267,0,0,1,0.12322872877120972,3.6573941707611084,0.09800003468990326,3.9837307929992676,0.11441724747419357,3.9614179134368896,0.0986328125,3.981208324432373
268,0,0,1,0.12318139523267746,3.6341867446899414,0.09497568011283875,3.9263980388641357,0.12461136281490326,3.97441029548645,0.10220025479793549,4.027496337890625
269,0,0,1,0.12233936041593552,3.614095449447632,0.09168726205825806,3.8997392654418945,0.1291055530309677,3.950216054916382,0.10461176186800003,4.072585105895996
270,0,0,1,0.12997248768806458,3.6336348056793213,0.1089913472533226,3.8934857845306396,0.1321946680545807,3.9501733779907227,0.10813934355974197,3.9848875999450684
271,0,0,1,0.1214250847697258,3.619170665740967,0.09063596278429031,3.930570125579834,0.12380420416593552,3.9780263900756836,0.10166214406490326,4.088414192199707
272,0,0,1,0.11863988637924194,3.6476283073425293,0.08769132196903229,3.979034185409546,0.11474609375,4.023187160491943,0.096121646463871,4.104084491729736
273,0,0,1,0.12098413705825806,3.6319289207458496,0.08817960321903229,3.9436094760894775,0.12148237973451614,3.996964931488037,0.09956951439380646,4.103482723236084
274,0,0,1,0.1267338991165161,3.640627384185791,0.10394411534070969,3.9203336238861084,0.12420280277729034,3.943437099456787,0.10489077866077423,3.96199893951416
275,0,0,1,0.11791493743658066,3.6666102409362793,0.08640086650848389,4.038463592529297,0.10457190126180649,4.036973476409912,0.0860770046710968,4.121092796325684
276,0,0,1,0.12279526144266129,3.623318672180176,0.09454221278429031,3.9135704040527344,0.12654456496238708,3.96157169342041,0.10628587007522583,4.01875114440918
277,0,0,1,0.12055813521146774,3.607339859008789,0.08577805757522583,3.890857458114624,0.12823860347270966,3.967907428741455,0.10098452866077423,4.114466190338135
278,0,0,1,0.12326858937740326,3.6312522888183594,0.09457210451364517,3.927401065826416,0.12410315126180649,3.9511001110076904,0.10405372828245163,4.014939785003662
279,0,0,1,0.12192581593990326,3.6214499473571777,0.09120894223451614,3.9189882278442383,0.12729193270206451,3.9917802810668945,0.10433274507522583,4.092263698577881
280,0,0,1,0.12056560814380646,3.63486647605896,0.08739735931158066,3.9366626739501953,0.1203962042927742,3.9946200847625732,0.09663982689380646,4.106826305389404
281,0,0,1,0.12337322533130646,3.6383094787597656,0.0952497199177742,3.9313175678253174,0.12389389425516129,3.9630820751190186,0.10562818497419357,4.030566215515137
282,0,0,1,0.11884167790412903,3.6597139835357666,0.09002311527729034,3.993856430053711,0.11039142310619354,3.982668399810791,0.09105946868658066,4.03129768371582
283,0,0,1,0.11932746320962906,3.630326271057129,0.08246970176696777,3.947559118270874,0.11999760568141937,3.9648728370666504,0.09466677159070969,4.063579082489014
284,0,0,1,0.12269311398267746,3.6220102310180664,0.09355069696903229,3.9088196754455566,0.12907564640045166,3.9886512756347656,0.10835857689380646,4.0735697746276855
285,0,0,1,0.11866480112075806,3.662061929702759,0.0889369398355484,4.010476112365723,0.11079998314380646,4.01151180267334,0.08860810101032257,4.064327716827393
286,0,0,1,0.12761080265045166,3.6416327953338623,0.10843829810619354,3.9156405925750732,0.12846778333187103,3.95074462890625,0.11031170189380646,3.972357749938965
287,0,0,1,0.11739178001880646,3.6783881187438965,0.08657027035951614,4.05519437789917,0.10147280991077423,3.9809486865997314,0.08127391338348389,4.0093183517456055
288,0,0,1,0.11804448068141937,3.6723787784576416,0.08930066227912903,4.039111614227295,0.10385443270206451,4.011514186859131,0.08828922361135483,4.021218776702881
289,0,0,1,0.12516939640045166,3.6230595111846924,0.09854312986135483,3.9046921730041504,0.13038106262683868,3.9460408687591553,0.10795997828245163,3.9737861156463623
290,0,0,1,0.11626075953245163,3.662102460861206,0.08070093393325806,4.02092981338501,0.10660474747419357,3.9888763427734375,0.08340641111135483,4.042294025421143
291,0,0,1,0.11886658519506454,3.678605794906616,0.09187659621238708,4.045715808868408,0.10216039419174194,4.035505294799805,0.0823102667927742,4.140435695648193
292,0,0,1,0.1213030144572258,3.6228127479553223,0.08734255284070969,3.9183685779571533,0.12612603604793549,3.9676859378814697,0.10243941098451614,4.0935797691345215
293,0,0,1,0.11975346505641937,3.677824020385742,0.09408880770206451,4.037492275238037,0.10849808156490326,4.000642776489258,0.08783083409070969,4.055820465087891
294,0,0,1,0.12674884498119354,3.6398444175720215,0.10422313213348389,3.9132325649261475,0.1283581703901291,3.971508502960205,0.11075015366077423,4.013316631317139
295,0,0,1,0.12107879668474197,3.6175878047943115,0.08740732073783875,3.9203100204467773,0.12720224261283875,3.9764199256896973,0.10297751426696777,4.123088836669922
296,0,0,1,0.12177136540412903,3.6208879947662354,0.0889369398355484,3.916358470916748,0.1270228773355484,3.9856436252593994,0.10076530277729034,4.084651947021484
297,0,0,1,0.11759606003761292,3.6739683151245117,0.0867047980427742,4.048500061035156,0.10218032449483871,4.015798568725586,0.08376514166593552,4.092315196990967
298,0,0,1,0.11917051672935486,3.6371352672576904,0.08643574267625809,3.9452385902404785,0.11932995915412903,4.017536640167236,0.09813456237316132,4.11657190322876
299,0,0,1,0.12369459122419357,3.6328647136688232,0.0972725972533226,3.9346923828125,0.12250876426696777,3.9699039459228516,0.10568797588348389,4.024703025817871
300,0,0,1,0.1231166273355484,3.6346216201782227,0.09739217907190323,3.941269874572754,0.12235929071903229,3.9903900623321533,0.10279814898967743,4.077937126159668
301,0,0,1,0.11887156963348389,3.684696912765503,0.09129364788532257,4.041969299316406,0.10356544703245163,3.9573750495910645,0.08655532449483871,3.9769744873046875
302,0,0,1,0.12542599439620972,3.6589865684509277,0.10369499027729034,3.959254264831543,0.11651984602212906,3.9278199672698975,0.10020726919174194,3.9073190689086914
303,0,0,1,0.11730707436800003,3.67155122756958,0.0844377800822258,4.067563533782959,0.10192123800516129,4.0232696533203125,0.082449771463871,4.0746917724609375
304,0,0,1,0.11693588644266129,3.6796905994415283,0.08480647951364517,4.04976224899292,0.10233975946903229,3.9879260063171387,0.08013791590929031,4.020890235900879
305,0,0,1,0.12149982154369354,3.6154682636260986,0.08749701082706451,3.9047319889068604,0.12859733402729034,3.9439752101898193,0.09958944469690323,4.060636520385742
306,0,0,1,0.1243896484375,3.678316116333008,0.10275330394506454,4.000436305999756,0.10885681957006454,3.961277961730957,0.09446747601032257,3.9371306896209717
307,0,0,1,0.11649244278669357,3.6723124980926514,0.08383490145206451,4.049566268920898,0.1011439710855484,4.0078816413879395,0.08041693270206451,4.070631980895996
308,0,0,1,0.12340810149908066,3.663968324661255,0.10052614659070969,3.973780632019043,0.11587212979793549,3.9864981174468994,0.10220025479793549,3.9701638221740723
309,0,0,1,0.12081971019506454,3.6302733421325684,0.08972915261983871,3.9446942806243896,0.11794482916593552,3.9939167499542236,0.09450732916593552,4.0885701179504395
310,0,0,1,0.1238141730427742,3.628973960876465,0.0971330925822258,3.9213130474090576,0.12539859116077423,3.976478099822998,0.10734215378761292,4.038618564605713
311,0,0,1,0.12351522594690323,3.628983497619629,0.09411371499300003,3.9088358879089355,0.12887635827064514,3.973865270614624,0.10582748800516129,4.0258002281188965
312,0,0,1,0.12251374870538712,3.673959970474243,0.10064572840929031,4.017574310302734,0.10889668017625809,4.009974479675293,0.09090003371238708,4.048234939575195
313,0,0,1,0.12223722040653229,3.6620335578918457,0.09505540132522583,3.985480546951294,0.11441724747419357,3.9667305946350098,0.09400908648967743,4.012931823730469
314,0,0,1,0.12255112081766129,3.67981219291687,0.10099449753761292,4.020226955413818,0.10499043017625809,3.9334661960601807,0.09390943497419357,3.9651951789855957
315,0,0,1,0.12122578173875809,3.632005214691162,0.09078045189380646,3.9346871376037598,0.12368462979793549,3.9659199714660645,0.10305723547935486,4.0634307861328125
316,0,0,1,0.11959651857614517,3.634469985961914,0.08606704324483871,3.972559928894043,0.1199079230427742,3.9955954551696777,0.09879224747419357,4.0893683433532715
317,0,0,1,0.12300451844930649,3.6210429668426514,0.09139827638864517,3.90323805809021,0.12898597121238708,3.9310877323150635,0.10327646136283875,4.033577919006348
318,0,0,1,0.12143753468990326,3.620748281478882,0.08834900707006454,3.908414125442505,0.12637515366077423,3.9766597747802734,0.09976880997419357,4.064722537994385
319,0,0,1,0.12402841448783875,3.636343479156494,0.09791035205125809,3.9371025562286377,0.12204041332006454,3.959745168685913,0.10576769709587097,4.014132499694824
320,0,0,1,0.12282764166593552,3.633275270462036,0.09575294703245163,3.9277760982513428,0.1252889782190323,3.955142021179199,0.10690369457006454,4.044556140899658
321,0,0,1,0.11892388761043549,3.6320254802703857,0.08616669476032257,3.936047077178955,0.11949936300516129,3.9611408710479736,0.09939014166593552,4.0964508056640625
322,0,0,1,0.12516939640045166,3.6311399936676025,0.09872747957706451,3.909613847732544,0.1280691921710968,3.977513313293457,0.10628587007522583,4.038627624511719
323,0,0,1,0.11847546696662903,3.664486885070801,0.08814971148967743,4.003108978271484,0.10547871142625809,3.989513397216797,0.08464206010103226,4.0035319328308105
324,0,0,1,0.1268061399459839,3.626392364501953,0.10360530763864517,3.8980956077575684,0.13175621628761292,3.967024564743042,0.11385921388864517,4.010502338409424
325,0,0,1,0.12191087007522583,3.612596035003662,0.08986865729093552,3.9013140201568604,0.12788982689380646,4.005142688751221,0.10381457209587097,4.109618186950684
326,0,0,1,0.1189139187335968,3.6311776638031006,0.08571328967809677,3.9458234310150146,0.11864237487316132,4.008315086364746,0.09823421388864517,4.122134208679199
327,0,0,1,0.12192831188440323,3.618086338043213,0.0902971550822258,3.898637056350708,0.1294642835855484,3.971982717514038,0.10473134368658066,4.07269287109375
328,0,0,1,0.11868472397327423,3.657102108001709,0.08724788576364517,3.9917194843292236,0.10982342064380646,4.008166313171387,0.08960458636283875,4.103869915008545
329,0,0,1,0.12710259854793549,3.67453932762146,0.11156229674816132,3.9904873371124268,0.11473612487316132,3.967604637145996,0.1022600457072258,3.99824595451355
330,0,0,1,0.11723483353853226,3.6642513275146484,0.08515027165412903,4.027735710144043,0.1089564710855484,4.016005039215088,0.08854831010103226,4.0945305824279785
331,0,0,1,0.12645985186100006,3.5366218090057373,0.09881217777729034,3.7617990970611572,0.1702108532190323,3.929629325866699,0.13167649507522583,4.069471836090088
332,0,0,1,0.12089444696903229,3.611811637878418,0.08728276193141937,3.8986756801605225,0.12613600492477417,3.9942328929901123,0.10056600719690323,4.089972019195557
333,0,0,1,0.12555554509162903,3.622770309448242,0.09994319826364517,3.901390790939331,0.12841796875,3.9443626403808594,0.1124441921710968,4.018433094024658
334,0,0,1,0.12190090864896774,3.6785335540771484,0.10038663446903229,4.039011478424072,0.10614636540412903,3.998967409133911,0.09337133169174194,4.026254177093506
335,0,0,1,0.12468859553337097,3.62606143951416,0.09804986417293549,3.907973051071167,0.12750118970870972,3.979679584503174,0.10877710580825806,3.991938352584839
336,0,0,1,0.1207624152302742,3.6121506690979004,0.08603714406490326,3.911165237426758,0.12736168503761292,3.9875595569610596,0.10383450239896774,4.140115261077881
337,0,0,1,0.12135034799575806,3.6174991130828857,0.08852339535951614,3.9181628227233887,0.1261160671710968,4.00142240524292,0.10335618257522583,4.13112211227417
338,0,0,1,0.12239915132522583,3.607445240020752,0.08981883525848389,3.8927719593048096,0.13328084349632263,3.955289602279663,0.10678412020206451,4.083613395690918
339,0,0,1,0.12094178050756454,3.6283600330352783,0.09074059128761292,3.9441027641296387,0.12145248800516129,3.986462116241455,0.10271842777729034,4.093713760375977
340,0,0,1,0.12775032222270966,3.6440718173980713,0.10904615372419357,3.920588493347168,0.12511958181858063,3.9431347846984863,0.11047113686800003,3.975645065307617
341,0,0,1,0.1268933266401291,3.663872241973877,0.10919065028429031,3.9824321269989014,0.11583226919174194,3.9507055282592773,0.09915098547935486,3.943718671798706
342,0,0,1,0.1219308003783226,3.6485166549682617,0.09494080394506454,3.95570707321167,0.11956911534070969,4.0032501220703125,0.10200095176696777,4.028526782989502
343,0,0,1,0.12122578173875809,3.6148250102996826,0.08768634498119354,3.917949914932251,0.1289760023355484,3.991346597671509,0.10443239659070969,4.1114501953125
344,0,0,1,0.1240931898355484,3.6137475967407227,0.09591736644506454,3.905043840408325,0.1302315890789032,3.950723171234131,0.11037149280309677,4.034850120544434
345,0,0,1,0.12155960500240326,3.6416025161743164,0.09429308772087097,3.9506473541259766,0.12013711780309677,3.9806735515594482,0.10391421616077423,4.047947883605957
346,0,0,1,0.11757861822843552,3.6503803730010986,0.08322205394506454,3.98868465423584,0.11729711294174194,3.9785914421081543,0.0919363796710968,4.060047626495361
347,0,0,1,0.12136279791593552,3.6210689544677734,0.08901167660951614,3.9271199703216553,0.12462133169174194,3.979769706726074,0.10291773080825806,4.114058971405029
348,0,0,1,0.12384406477212906,3.633669853210449,0.09672950953245163,3.927114486694336,0.12609614431858063,3.965702533721924,0.10692362487316132,4.0477166175842285
349,0,0,1,0.12237423658370972,3.635295867919922,0.09465182572603226,3.955782413482666,0.12313655763864517,3.9619648456573486,0.1079799085855484,4.058324337005615
350,0,0,1,0.12120336294174194,3.636232852935791,0.08931560814380646,3.949068307876587,0.12272799760103226,3.978970527648926,0.09976880997419357,4.0854973793029785
351,0,0,1,0.12178381532430649,3.6628618240356445,0.09555365145206451,3.9869120121002197,0.11703802645206451,4.000766277313232,0.09815449267625809,4.030253887176514
352,1,1,1,0.24916791915893555,3.61449933052063,0.3541334569454193,3.6934409141540527,0.29685506224632263,3.697012424468994,0.21488361060619354,3.7487478256225586
353,1,1,1,0.24833834171295166,3.639815330505371,0.3772670030593872,3.7412142753601074,0.3055444657802582,3.7254257202148438,0.22905372083187103,3.753937244415283
354,1,1,1,0.31996622681617737,3.6039302349090576,0.4885353446006775,3.645939350128174,0.3964146077632904,3.6212010383605957,0.2895407974720001,3.660930633544922
355,1,1,1,0.28333017230033875,3.6162171363830566,0.43149611353874207,3.6760621070861816,0.34859293699264526,3.6605968475341797,0.2475685477256775,3.7191274166107178
356,1,1,1,0.28037306666374207,3.6127736568450928,0.4096928834915161,3.68577241897583,0.34196627140045166,3.681032657623291,0.25,3.6977040767669678
357,1,1,1,0.31996622681617737,3.6039302349090576,0.4885353446006775,3.645939350128174,0.3964146077632904,3.6212010383605957,0.2895407974720001,3.660930633544922
358,1,1,1,0.18534010648727417,3.6384665966033936,0.2280970960855484,3.7864131927490234,0.20636358857154846,3.7982518672943115,0.1604352593421936,3.858757734298706
359,1,1,1,0.3095428943634033,3.6095385551452637,0.47943738102912903,3.6571264266967773,0.38731664419174194,3.633631706237793,0.2823660671710968,3.679912567138672
360,1,1,1,0.29296875,3.6093196868896484,0.43397241830825806,3.6729047298431396,0.3617466390132904,3.668585777282715,0.2596261203289032,3.681123733520508
361,1,1,1,0.23784278333187103,3.6338822841644287,0.34036192297935486,3.745418071746826,0.2782306373119354,3.7210700511932373,0.20709103345870972,3.786931037902832
362,1,1,1,0.2986537218093872,3.610767364501953,0.4561792314052582,3.6649301052093506,0.3726881444454193,3.6447861194610596,0.26823580265045166,3.6986403465270996
363,1,1,1,0.1760702282190323,3.635873556137085,0.20418626070022583,3.780093193054199,0.19173508882522583,3.8259966373443604,0.13980787992477417,3.9007840156555176
364,1,1,1,0.20757931470870972,3.6494407653808594,0.29190748929977417,3.7763497829437256,0.23998524248600006,3.7662250995635986,0.16902503371238708,3.820068359375
365,1,1,1,0.22561831772327423,3.6325953006744385,0.30765703320503235,3.741238594055176,0.25828084349632263,3.743354320526123,0.18536750972270966,3.801849365234375
366,1,1,1,0.2772540748119354,3.611562490463257,0.4041673243045807,3.6765329837799072,0.3390963673591614,3.655881643295288,0.25275030732154846,3.6876676082611084
367,1,1,1,0.19816744327545166,3.655205726623535,0.26379144191741943,3.807098150253296,0.22473891079425812,3.8008246421813965,0.16653379797935486,3.831737756729126
368,1,1,1,0.22750169038772583,3.6439812183380127,0.32926100492477417,3.767568588256836,0.27146443724632263,3.74737548828125,0.2064732164144516,3.77944016456604
369,1,2,0,0.14656159281730652,3.6878175735473633,0.15248823165893555,3.965365171432495,0.1429269015789032,3.9705779552459717,0.08009805530309677,4.081363677978516
370,1,1,1,0.26747599244117737,3.6193151473999023,0.3921795189380646,3.6886370182037354,0.32034239172935486,3.6690516471862793,0.22875477373600006,3.7077016830444336
371,1,3,0,0.12424764782190323,3.686870813369751,0.10067562013864517,4.04701566696167,0.1146065816283226,4.007651329040527,0.0905412957072258,4.0750603675842285
372,1,1,1,0.18466249108314514,3.5795481204986572,0.21566087007522583,3.7038166522979736,0.2382214516401291,3.774993658065796,0.18614476919174194,3.8582441806793213
373,1,1,1,0.2733502984046936,3.6159579753875732,0.4107491672039032,3.687150478363037,0.3377411365509033,3.693801164627075,0.23224249482154846,3.7337167263031006
374,1,1,1,0.27965062856674194,3.624948740005493,0.43215879797935486,3.69020938873291,0.3546316921710968,3.6703102588653564,0.26538583636283875,3.710648775100708
375,1,1,1,0.3162119388580322,3.6034507751464844,0.47444993257522583,3.644564390182495,0.39080435037612915,3.622443675994873,0.28232619166374207,3.6487364768981934
376,1,1,1,0.22584502398967743,3.64717173576355,0.3237553834915161,3.7686636447906494,0.2663922905921936,3.7520294189453125,0.19270168244838715,3.8148722648620605
377,1,1,1,0.1262829750776291,3.660531520843506,0.11127829551696777,3.983388662338257,0.1273716539144516,3.9993741512298584,0.1053292378783226,4.0711445808410645
378,1,1,1,0.3489840626716614,3.592226266860962,0.5419672727584839,3.622551202774048,0.44166532158851624,3.602567672729492,0.32328203320503235,3.6412057876586914
379,1,1,1,0.21979880332946777,3.643484592437744,0.3050362765789032,3.7480807304382324,0.2551518678665161,3.7245850563049316,0.19403699040412903,3.7713639736175537
380,1,1,1,0.20314492285251617,3.6387104988098145,0.2645886540412903,3.7532012462615967,0.22651267051696777,3.7406625747680664,0.16260762512683868,3.799607753753662
381,1,1,1,0.16916204988956451,3.6607954502105713,0.19995614886283875,3.8681352138519287,0.19470463693141937,3.964123010635376,0.1213727667927742,4.083250999450684
382,1,1,1,0.2576829493045807,3.6278278827667236,0.3865692615509033,3.7095351219177246,0.3160674273967743,3.6968283653259277,0.22295519709587097,3.7354071140289307
383,1,1,1,0.20184201002120972,3.6440305709838867,0.27308374643325806,3.772902250289917,0.2371053844690323,3.752248525619507,0.1686662882566452,3.7922723293304443
384,1,1,1,0.2562355399131775,3.624199151992798,0.3742924928665161,3.7103378772735596,0.30632174015045166,3.687865972518921,0.23062817752361298,3.7291738986968994
385,1,1,1,0.24329110980033875,3.630049467086792,0.35173189640045166,3.7286171913146973,0.29076650738716125,3.7125329971313477,0.21765385568141937,3.756340980529785
386,1,1,1,0.19951021671295166,3.666491746902466,0.28153398633003235,3.8368639945983887,0.2323620766401291,3.8472423553466797,0.17109772562980652,3.885148525238037
387,1,1,1,0.2589609622955322,3.62968373298645,0.384033203125,3.7166988849639893,0.3147221803665161,3.6937592029571533,0.24248644709587097,3.7516231536865234
388,1,1,1,0.24925512075424194,3.628206968307495,0.36778539419174194,3.7099409103393555,0.30283400416374207,3.6955907344818115,0.22951211035251617,3.7458319664001465
389,1,1,1,0.28517618775367737,3.613372802734375,0.42697206139564514,3.664869546890259,0.34246450662612915,3.644979238510132,0.24125079810619354,3.6931846141815186
390,1,1,1,0.2115652859210968,3.63921856880188,0.28231126070022583,3.748274803161621,0.24493780732154846,3.7253458499908447,0.17189492285251617,3.7783188819885254
391,1,1,1,0.18935097754001617,3.660425901412964,0.25997987389564514,3.8153281211853027,0.22094227373600006,3.81485652923584,0.16697224974632263,3.895082473754883
392,1,1,1,0.32088547945022583,3.602720260620117,0.4871203303337097,3.6373214721679688,0.395527720451355,3.6167993545532227,0.28792649507522583,3.655153274536133
393,1,1,1,0.15160883963108063,3.6923773288726807,0.16065450012683868,3.9592792987823486,0.15424704551696777,4.014212608337402,0.09588249027729034,4.1500725746154785
394,1,1,1,0.25273287296295166,3.6188626289367676,0.35278818011283875,3.6920318603515625,0.29028818011283875,3.66060209274292,0.21063855290412903,3.712839365005493
395,1,1,1,0.2641775906085968,3.623746871948242,0.38458624482154846,3.6987874507904053,0.3187878727912903,3.677471876144409,0.2282366007566452,3.6958611011505127
396,1,1,1,0.23084990680217743,3.635094165802002,0.32876771688461304,3.732530117034912,0.26983019709587097,3.724388837814331,0.18971221148967743,3.7755017280578613
397,1,1,1,0.18312041461467743,3.637050151824951,0.22062838077545166,3.7570064067840576,0.20384247601032257,3.800449848175049,0.14281727373600006,3.8738486766815186
398,1,1,1,0.20547173917293549,3.6623826026916504,0.2975476384162903,3.8028266429901123,0.24230706691741943,3.778376340866089,0.1930803507566452,3.8456854820251465
399,1,1,1,0.25177374482154846,3.620725393295288,0.3626385033130646,3.7107291221618652,0.3001534640789032,3.696258306503296,0.22235730290412903,3.748319387435913
400,1,1,1,0.25348272919654846,3.6223292350769043,0.36344069242477417,3.6990156173706055,0.30019330978393555,3.681859016418457,0.2116948366165161,3.708341121673584
401,1,2,0,0.11642517894506454,3.6471948623657227,0.08260921388864517,4.01839542388916,0.1121651753783226,3.9731698036193848,0.09169722348451614,4.120843410491943
402,1,1,1,0.22276337444782257,3.628781318664551,0.3003178834915161,3.7305517196655273,0.25109612941741943,3.7045798301696777,0.18287627398967743,3.751525640487671
403,1,1,1,0.2811005115509033,3.62125563621521,0.4237234890460968,3.6925790309906006,0.3458326756954193,3.6729001998901367,0.2571747303009033,3.7147395610809326
404,1,1,1,0.23359523713588715,3.628387451171875,0.3253896236419678,3.7314376831054688,0.26747846603393555,3.7140302658081055,0.20182955265045166,3.7857213020324707
405,1,2,0,0.15082161128520966,3.6848747730255127,0.16638930141925812,3.9453511238098145,0.1619100719690323,4.007016181945801,0.090262271463871,4.091631889343262
406,1,1,1,0.32955995202064514,3.603539228439331,0.5166513919830322,3.654811382293701,0.4220045208930969,3.6376774311065674,0.30968987941741943,3.6581504344940186
407,1,1,1,0.26497727632522583,3.6257567405700684,0.398890882730484,3.704068183898926,0.3274174928665161,3.6773290634155273,0.23867984116077423,3.7291250228881836
408,1,1,1,0.17918676137924194,3.6420955657958984,0.22170957922935486,3.827430486679077,0.2077287882566452,3.8596854209899902,0.16904495656490326,3.935746192932129
409,1,1,1,0.33203622698783875,3.604440212249756,0.5116589665412903,3.6533031463623047,0.41822782158851624,3.6373839378356934,0.30668047070503235,3.673966646194458
410,1,1,1,0.32274892926216125,3.606719970703125,0.5046934485435486,3.652496576309204,0.41166093945503235,3.619616985321045,0.30010363459587097,3.669013261795044
411,1,1,1,0.2222825586795807,3.6489477157592773,0.31060168147087097,3.777651309967041,0.2536870241165161,3.7466022968292236,0.1916254758834839,3.789287567138672
412,1,1,1,0.14458106458187103,3.6635708808898926,0.15112802386283875,3.9114465713500977,0.14591637253761292,3.9142253398895264,0.11354033648967743,3.962787389755249
413,1,1,1,0.21321697533130646,3.640097141265869,0.28229132294654846,3.7583353519439697,0.23569037020206451,3.7281837463378906,0.1747448891401291,3.7961907386779785
414,1,1,1,0.22457697987556458,3.63100266456604,0.3129085600376129,3.727667808532715,0.2637416124343872,3.7071447372436523,0.18837690353393555,3.7419593334198
415,1,1,1,0.15255549550056458,3.667994737625122,0.16773955523967743,3.8823442459106445,0.1545858532190323,3.86527419090271,0.114676333963871,3.904240608215332
416,1,1,1,0.19258958101272583,3.6580517292022705,0.2560437321662903,3.823094367980957,0.21843111515045166,3.8053832054138184,0.1715959757566452,3.8565621376037598
417,1,1,1,0.23725485801696777,3.643895149230957,0.3499332368373871,3.7369327545166016,0.2817282974720001,3.7212436199188232,0.20569594204425812,3.772987127304077
418,1,1,1,0.2004145383834839,3.673341751098633,0.29723870754241943,3.8419129848480225,0.24129065871238708,3.8386058807373047,0.19186463952064514,3.863508939743042
419,1,1,1,0.2914690375328064,3.6266517639160156,0.46763890981674194,3.7056479454040527,0.3837790787220001,3.698387622833252,0.28435903787612915,3.7304458618164062
420,1,1,1,0.18709641695022583,3.614177942276001,0.22086754441261292,3.774075746536255,0.22860530018806458,3.8089447021484375,0.1439134180545807,3.9055533409118652
421,1,1,1,0.2515171468257904,3.6451303958892822,0.3852389454841614,3.743633508682251,0.3079659640789032,3.736903429031372,0.22458943724632263,3.79172945022583
422,1,1,1,0.32449525594711304,3.5938122272491455,0.48525190353393555,3.619968891143799,0.3971121609210968,3.5966475009918213,0.27828043699264526,3.626441240310669
423,1,1,1,0.28473523259162903,3.6185834407806396,0.4283521771430969,3.6853625774383545,0.34712809324264526,3.6599972248077393,0.2517338991165161,3.720133066177368
424,1,1,1,0.29293885827064514,3.611116886138916,0.4458107352256775,3.6670279502868652,0.36500516533851624,3.6474924087524414,0.26112085580825806,3.693481922149658
425,1,1,1,0.28171584010124207,3.603229522705078,0.40230387449264526,3.6595041751861572,0.33107462525367737,3.653654098510742,0.21849091351032257,3.693058490753174
426,1,1,1,0.16480737924575806,3.6468446254730225,0.19007094204425812,3.8364789485931396,0.1921835094690323,3.8816239833831787,0.12994259595870972,3.9461655616760254
427,1,1,1,0.22104939818382263,3.6372857093811035,0.3008858859539032,3.7352333068847656,0.251953125,3.707364320755005,0.18564651906490326,3.7596349716186523
428,1,1,1,0.19076600670814514,3.662344217300415,0.2547781765460968,3.8233890533447266,0.2140764445066452,3.7997021675109863,0.17763471603393555,3.835857629776001
429,1,1,1,0.16211684048175812,3.646730661392212,0.1777443289756775,3.8185794353485107,0.1726323366165161,3.845128059387207,0.13006217777729034,3.9171009063720703
430,1,1,1,0.1945900321006775,3.6411983966827393,0.25056302547454834,3.7670464515686035,0.22182916104793549,3.76824951171875,0.15601083636283875,3.869442939758301
431,1,1,1,0.2932203710079193,3.6226794719696045,0.45721060037612915,3.6958611011505127,0.3765445649623871,3.6782491207122803,0.2702885866165161,3.746644973754883
432,1,1,1,0.2891073226928711,3.616208553314209,0.4312420189380646,3.674265146255493,0.3549206852912903,3.6517112255096436,0.26141980290412903,3.6808722019195557
433,1,1,1,0.2806745171546936,3.6093196868896484,0.4056421220302582,3.666605234146118,0.3320910334587097,3.643641710281372,0.22662228345870972,3.6885058879852295
434,1,1,1,0.3367944657802582,3.6083643436431885,0.5364665985107422,3.655078887939453,0.44805285334587097,3.6263372898101807,0.3224649131298065,3.6678614616394043
435,1,1,1,0.25909048318862915,3.6230709552764893,0.3711286187171936,3.6912615299224854,0.3078862428665161,3.663559675216675,0.22229750454425812,3.7268245220184326
436,1,1,1,0.21371771395206451,3.6503124237060547,0.29744797945022583,3.778371572494507,0.24713009595870972,3.773064613342285,0.1794682741165161,3.829317092895508
437,1,1,1,0.31996622681617737,3.6039302349090576,0.4885353446006775,3.645939350128174,0.3964146077632904,3.6212010383605957,0.2895407974720001,3.660930633544922
438,1,1,1,0.185163214802742,3.733726978302002,0.28288424015045166,3.9675920009613037,0.24658203125,4.042271137237549,0.15543287992477417,4.14514684677124
439,1,1,1,0.1494065821170807,3.6890933513641357,0.16718152165412903,3.9606306552886963,0.16167090833187103,3.980522632598877,0.0926339253783226,4.059380531311035
440,1,1,1,0.2099260538816452,3.6064486503601074,0.2609962821006775,3.69826078414917,0.24096180498600006,3.7188289165496826,0.16097337007522583,3.8137922286987305
441,1,1,1,0.2606026828289032,3.6313858032226562,0.39198023080825806,3.7149558067321777,0.31957510113716125,3.6977860927581787,0.2338169664144516,3.739260196685791
442,1,1,1,0.21922582387924194,3.6436891555786133,0.3083944320678711,3.7725863456726074,0.2549525499343872,3.7617745399475098,0.1819993555545807,3.8070521354675293
443,1,1,1,0.21359315514564514,3.641127586364746,0.28707948327064514,3.752542495727539,0.2463030070066452,3.74098801612854,0.18287627398967743,3.786290407180786
444,1,1,1,0.3217524290084839,3.609365463256836,0.5071548223495483,3.6618854999542236,0.4208286702632904,3.6539273262023926,0.30863359570503235,3.6961772441864014
445,1,1,1,0.1759556382894516,3.655273914337158,0.2089494913816452,3.8178935050964355,0.18155093491077423,3.8054778575897217,0.14546795189380646,3.8643648624420166
446,1,1,1,0.21128377318382263,3.6564714908599854,0.30737802386283875,3.7920799255371094,0.25645726919174194,3.7771215438842773,0.19905930757522583,3.811173439025879
447,1,1,1,0.2852085530757904,3.624073028564453,0.43515822291374207,3.69785213470459,0.3574318289756775,3.6738967895507812,0.2622767686843872,3.7260637283325195
448,1,1,1,0.2744065821170807,3.6187074184417725,0.4185467064380646,3.6965739727020264,0.33952486515045166,3.6866047382354736,0.2413504421710968,3.7485549449920654
449,1,1,1,0.21481385827064514,3.64235520362854,0.29585856199264526,3.760256052017212,0.25227200984954834,3.734239101409912,0.19258210062980652,3.7718100547790527
450,1,1,1,0.23230727016925812,3.640000104904175,0.3507154881954193,3.752237558364868,0.2869001030921936,3.7417943477630615,0.2102399468421936,3.7680349349975586
451,1,1,1,0.20674973726272583,3.6083550453186035,0.2532784640789032,3.6992759704589844,0.23949696123600006,3.7227678298950195,0.15648914873600006,3.8231024742126465
452,1,1,1,0.2786167562007904,3.6279025077819824,0.43365851044654846,3.7072393894195557,0.359375,3.6947925090789795,0.27668607234954834,3.735719919204712
453,1,1,1,0.28631964325904846,3.6243138313293457,0.45061880350112915,3.6945412158966064,0.37280771136283875,3.6782851219177246,0.2830038070678711,3.7171831130981445
454,1,1,1,0.13045579195022583,3.6715426445007324,0.11594188213348389,3.98581862449646,0.11965879797935486,3.980013370513916,0.08918606489896774,4.080446720123291
455,1,1,1,0.22665716707706451,3.639631986618042,0.3295300602912903,3.747875690460205,0.27258050441741943,3.7298383712768555,0.20685186982154846,3.795644998550415
456,1,1,1,0.31996622681617737,3.6039302349090576,0.4885353446006775,3.645939350128174,0.3964146077632904,3.6212010383605957,0.2895407974720001,3.660930633544922
457,1,1,1,0.27476033568382263,3.620032548904419,0.41444116830825806,3.6903703212738037,0.33554884791374207,3.6757936477661133,0.23826131224632263,3.7248849868774414
458,1,1,1,0.2600994408130646,3.618652105331421,0.38737642765045166,3.7003653049468994,0.32080078125,3.6807069778442383,0.23979590833187103,3.7189993858337402
459,1,1,1,0.2454584836959839,3.6245877742767334,0.3527682423591614,3.7018728256225586,0.2940250337123871,3.6776926517486572,0.224609375,3.7164151668548584
460,1,1,1,0.19821976125240326,3.681299924850464,0.2893315553665161,3.8637161254882812,0.22903379797935486,3.859206438064575,0.17657844722270966,3.917494297027588
461,1,1,1,0.23307208716869354,3.63785719871521,0.3256736099720001,3.7358791828155518,0.2751813530921936,3.7121853828430176,0.2071707546710968,3.7233285903930664
462,1,1,1,0.20504075288772583,3.6496810913085938,0.2887934446334839,3.794624090194702,0.24132055044174194,3.7972497940063477,0.1716557741165161,3.83176589012146
463,1,1,1,0.16964784264564514,3.6703133583068848,0.19710120558738708,3.888495683670044,0.17310068011283875,3.897818088531494,0.12296715378761292,3.941166877746582
464,1,1,1,0.3211345970630646,3.6080710887908936,0.4989437162876129,3.6588077545166016,0.4069674611091614,3.6398138999938965,0.29982462525367737,3.682199001312256
465,1,1,1,0.22940997779369354,3.634639024734497,0.3370037376880646,3.741461992263794,0.2857840359210968,3.721259355545044,0.21125636994838715,3.7385849952697754
466,1,1,1,0.19803042709827423,3.649834632873535,0.2684650123119354,3.7857911586761475,0.22752909362316132,3.7672228813171387,0.1735491007566452,3.818098306655884
467,1,1,1,0.19068877398967743,3.627978563308716,0.22790776193141937,3.731231689453125,0.21389707922935486,3.764220714569092,0.14283721148967743,3.863262176513672
468,1,1,1,0.17166323959827423,3.631474256515503,0.19706134498119354,3.784152030944824,0.1946249157190323,3.809840679168701,0.14112325012683868,3.902273654937744
469,1,1,1,0.3052804172039032,3.6078977584838867,0.46760401129722595,3.6616408824920654,0.38334062695503235,3.6430373191833496,0.28039300441741943,3.689032554626465
470,1,1,1,0.23021215200424194,3.6116936206817627,0.30905213952064514,3.713097333908081,0.2779117524623871,3.734590768814087,0.17476482689380646,3.840118646621704
471,1,1,1,0.20928581058979034,3.6460378170013428,0.2923160493373871,3.7772929668426514,0.24587450921535492,3.7720677852630615,0.17827247083187103,3.8365566730499268
472,1,1,1,0.28067702054977417,3.613743305206299,0.41241827607154846,3.665510892868042,0.3383689224720001,3.6446871757507324,0.24459899961948395,3.691192150115967
473,1,1,1,0.12485550343990326,3.5147452354431152,0.09455715864896774,3.745494842529297,0.18431122601032257,3.93576979637146,0.14134247601032257,4.11195707321167
474,1,1,1,0.21380241215229034,3.6441822052001953,0.2974928319454193,3.7566490173339844,0.24715998768806458,3.7462403774261475,0.17426657676696777,3.8157594203948975
475,1,1,1,0.2527801990509033,3.63026762008667,0.37894609570503235,3.7190492153167725,0.3129085600376129,3.696124315261841,0.23391661047935486,3.738689661026001
476,1,1,1,0.20941784977912903,3.6634507179260254,0.2872339189052582,3.852365255355835,0.23373724520206451,3.8782827854156494,0.16780930757522583,4.009026050567627
477,1,1,1,0.2564597427845001,3.619204521179199,0.3770577609539032,3.6979928016662598,0.3168148100376129,3.692951202392578,0.2205038219690323,3.748011589050293
478,1,1,1,0.12485550343990326,3.5147452354431152,0.09455715864896774,3.745494842529297,0.18431122601032257,3.93576979637146,0.14134247601032257,4.11195707321167
479,1,1,1,0.19260701537132263,3.6543188095092773,0.25901326537132263,3.7922284603118896,0.21837133169174194,3.78132700920105,0.16017617285251617,3.8424785137176514
480,1,1,1,0.2029506117105484,3.6570961475372314,0.2801787555217743,3.795778274536133,0.23443478345870972,3.768638849258423,0.17791374027729034,3.8246891498565674
481,1,1,1,0.22688136994838715,3.628239154815674,0.30738797783851624,3.728320360183716,0.2609614133834839,3.7144112586975098,0.19451530277729034,3.8080942630767822
482,1,1,1,0.23137804865837097,3.6207242012023926,0.30780652165412903,3.6972708702087402,0.26490750908851624,3.6790175437927246,0.17733576893806458,3.7378063201904297
483,1,1,1,0.13369937241077423,3.5474956035614014,0.10710299760103226,3.735764741897583,0.18072384595870972,3.8900530338287354,0.13703761994838715,4.063699722290039
484,1,1,1,0.2592424750328064,3.625924825668335,0.38777002692222595,3.7000784873962402,0.32103994488716125,3.68532133102417,0.22568558156490326,3.7164430618286133
485,1,1,1,0.220319464802742,3.6349871158599854,0.3099639117717743,3.7362685203552246,0.25953641533851624,3.734113931655884,0.18811781704425812,3.7790019512176514
486,1,1,1,0.22741450369358063,3.632462739944458,0.3129185140132904,3.7410197257995605,0.2645089328289032,3.73044753074646,0.18881537020206451,3.803673267364502
487,1,1,1,0.24056072533130646,3.625384569168091,0.3392607867717743,3.7039990425109863,0.28066205978393555,3.6907153129577637,0.20394212007522583,3.7492425441741943
488,1,1,1,0.2511883080005646,3.6174514293670654,0.3571328818798065,3.697885036468506,0.29858896136283875,3.6764116287231445,0.2292729616165161,3.711665391921997
489,1,1,1,0.25011956691741943,3.629551887512207,0.37657445669174194,3.722360372543335,0.3107561469078064,3.7283949851989746,0.21599967777729034,3.7736666202545166
490,1,1,1,0.1915382742881775,3.657020330429077,0.2439313530921936,3.7798726558685303,0.2122727930545807,3.7819454669952393,0.16990193724632263,3.8587682247161865
491,1,1,1,0.1242327019572258,3.571187973022461,0.09294284135103226,3.821753978729248,0.15079918503761292,3.899094581604004,0.11953921616077423,4.010670185089111
492,1,1,1,0.2510886490345001,3.6444056034088135,0.38547810912132263,3.757105827331543,0.31309789419174194,3.7474539279937744,0.2299904227256775,3.797313690185547
493,1,1,1,0.20073340833187103,3.6391730308532715,0.25045838952064514,3.7723402976989746,0.2267717570066452,3.750098943710327,0.14506934583187103,3.768786907196045
494,1,1,1,0.16499920189380646,3.6392982006073,0.17960280179977417,3.8105807304382324,0.1774553507566452,3.843890428543091,0.1349051296710968,3.9466686248779297
495,1,1,1,0.19228814542293549,3.6384189128875732,0.23111148178577423,3.789544105529785,0.2154715359210968,3.8071961402893066,0.13325095176696777,3.8852827548980713
496,1,1,1,0.19966217875480652,3.647705554962158,0.27020886540412903,3.793811798095703,0.24184869229793549,3.800494432449341,0.20017537474632263,3.8315412998199463
497,1,1,1,0.21016521751880646,3.6434414386749268,0.2844088673591614,3.7537052631378174,0.24054327607154846,3.7308919429779053,0.17938855290412903,3.797133684158325
498,1,1,1,0.28727129101753235,3.6146228313446045,0.43168047070503235,3.678751230239868,0.35627591609954834,3.658238410949707,0.2560786008834839,3.693361282348633
499,1,1,1,0.23601672053337097,3.631134033203125,0.3341089189052582,3.719566822052002,0.2790975570678711,3.708190441131592,0.19760443270206451,3.7386786937713623
500,1,3,0,0.12049335986375809,3.6879689693450928,0.09142319113016129,4.063981533050537,0.10781050473451614,3.979757785797119,0.08193159848451614,4.025541305541992
501,1,1,1,0.1313401758670807,3.6772632598876953,0.1336844265460968,4.023741245269775,0.13098891079425812,4.067401885986328,0.11015225946903229,4.1738739013671875
502,1,1,1,0.2734648883342743,3.6249008178710938,0.41587111353874207,3.7014148235321045,0.33708345890045166,3.6855766773223877,0.24643255770206451,3.724059820175171
503,1,1,1,0.24215510487556458,3.631194591522217,0.34755659103393555,3.72355055809021,0.28575414419174194,3.699679136276245,0.2077885866165161,3.7370996475219727
504,1,1,1,0.251953125,3.6149935722351074,0.35018235445022583,3.6836931705474854,0.29308831691741943,3.6544947624206543,0.2101801633834839,3.7023515701293945
505,1,1,1,0.262939453125,3.6330037117004395,0.40959322452545166,3.7145254611968994,0.3332369923591614,3.709129571914673,0.2372448891401291,3.7817540168762207
506,1,1,1,0.18239545822143555,3.657228708267212,0.23921296000480652,3.8166253566741943,0.20149074494838715,3.8224036693573,0.16073420643806458,3.851456880569458
507,1,1,1,0.2554856836795807,3.623534917831421,0.3643076419830322,3.698774576187134,0.29844945669174194,3.6740901470184326,0.21677693724632263,3.72041916847229
508,1,1,1,0.30433622002601624,3.6059036254882812,0.45737501978874207,3.655674934387207,0.36979830265045166,3.6357316970825195,0.26755818724632263,3.6817877292633057
509,1,1,1,0.1286969780921936,3.633894681930542,0.10914082080125809,3.91860294342041,0.1383230984210968,3.9319934844970703,0.10917569696903229,4.064804553985596
510,1,1,1,0.31996622681617737,3.6039302349090576,0.4885353446006775,3.645939350128174,0.3964146077632904,3.6212010383605957,0.2895407974720001,3.660930633544922
511,1,1,1,0.18298837542533875,3.6345417499542236,0.22031448781490326,3.7718124389648438,0.2103894203901291,3.799981117248535,0.15166613459587097,3.908278465270996
512,1,1,1,0.3090097904205322,3.6025846004486084,0.4665278196334839,3.6504580974578857,0.37871691584587097,3.637889862060547,0.27214205265045166,3.670084238052368
513,1,1,1,0.25999730825424194,3.6182916164398193,0.37073999643325806,3.691596508026123,0.3035016655921936,3.667006015777588,0.2287348508834839,3.7381720542907715
514,1,1,1,0.20444037020206451,3.650967597961426,0.2775081694126129,3.790473461151123,0.23240193724632263,3.773261308670044,0.17151625454425812,3.8560307025909424
515,1,1,1,0.2554233968257904,3.633362293243408,0.37654954195022583,3.7270922660827637,0.30764707922935486,3.7130825519561768,0.2354910671710968,3.7428910732269287
516,1,1,1,0.31996622681617737,3.6039302349090576,0.4885353446006775,3.645939350128174,0.3964146077632904,3.6212010383605957,0.2895407974720001,3.660930633544922
517,1,1,1,0.25843778252601624,3.6327803134918213,0.39829298853874207,3.7135565280914307,0.3280452787876129,3.689732789993286,0.23192362487316132,3.7257025241851807
518,1,1,1,0.2688959836959839,3.6242992877960205,0.40669840574264526,3.7055840492248535,0.3362862765789032,3.684683084487915,0.24738918244838715,3.732619047164917
519,1,1,1,0.2550073564052582,3.6180808544158936,0.35874220728874207,3.687837600708008,0.29982462525367737,3.6625897884368896,0.2126913219690323,3.7080209255218506
520,1,1,1,0.25148725509643555,3.5977869033813477,0.33156290650367737,3.6489946842193604,0.2881656587123871,3.6522927284240723,0.18427136540412903,3.7046289443969727
521,1,1,1,0.2898372709751129,3.6206648349761963,0.4402453303337097,3.692866563796997,0.36541372537612915,3.6574039459228516,0.2685546875,3.7125046253204346
522,1,1,1,0.26226431131362915,3.617335557937622,0.37811902165412903,3.6897878646850586,0.3120615482330322,3.6717653274536133,0.21849091351032257,3.701176643371582
523,1,1,1,0.15547522902488708,3.682417631149292,0.163434699177742,3.9355525970458984,0.16041533648967743,3.993974447250366,0.09958944469690323,4.085651397705078
524,1,1,1,0.21619398891925812,3.630706787109375,0.2970593571662903,3.730480909347534,0.26239636540412903,3.7466201782226562,0.17699696123600006,3.783470392227173
525,1,1,1,0.22866758704185486,3.641024589538574,0.32643595337867737,3.7625348567962646,0.2671695649623871,3.760098457336426,0.19688695669174194,3.7823667526245117
526,1,1,1,0.2430519461631775,3.624427318572998,0.3410196006298065,3.714292049407959,0.2828543484210968,3.6872997283935547,0.21685665845870972,3.7585699558258057
527,1,1,1,0.17145149409770966,3.6410741806030273,0.19390246272087097,3.8018860816955566,0.18573620915412903,3.851011276245117,0.13745614886283875,3.928374767303467
528,1,1,1,0.1966901421546936,3.649285078048706,0.2656499147415161,3.791886329650879,0.22430045902729034,3.774667978286743,0.1734095960855484,3.835076332092285
529,1,1,1,0.23866240680217743,3.643458843231201,0.3520607352256775,3.7464194297790527,0.28353196382522583,3.7356340885162354,0.21312977373600006,3.7773518562316895
530,1,1,1,0.21294791996479034,3.6588985919952393,0.30435866117477417,3.8081393241882324,0.25074735283851624,3.8004610538482666,0.1872209757566452,3.8365979194641113
531,1,1,1,0.25201788544654846,3.6317293643951416,0.38539838790893555,3.7421364784240723,0.31086575984954834,3.7481086254119873,0.2220982164144516,3.781855821609497
532,1,1,1,0.2780163884162903,3.6286492347717285,0.4306640625,3.702855348587036,0.3508549928665161,3.6794285774230957,0.25833067297935486,3.7244253158569336
533,1,1,1,0.17470502853393555,3.6699178218841553,0.22086754441261292,3.848902463912964,0.18474967777729034,3.8220603466033936,0.1374162882566452,3.8427846431732178
534,1,1,1,0.2224644273519516,3.6464462280273438,0.3121063709259033,3.764786720275879,0.26064252853393555,3.7436535358428955,0.19672751426696777,3.781886339187622
535,1,1,1,0.1746128648519516,3.6365866661071777,0.19752968847751617,3.7683441638946533,0.1923828125,3.78757905960083,0.13520407676696777,3.8660082817077637
536,1,1,1,0.19010333716869354,3.622062921524048,0.22685645520687103,3.7143044471740723,0.22257652878761292,3.747447967529297,0.14817841351032257,3.797175407409668
537,1,1,1,0.22305235266685486,3.6290836334228516,0.2962721288204193,3.735398530960083,0.25471341609954834,3.710418224334717,0.17400749027729034,3.725231885910034
538,1,1,1,0.21325184404850006,3.6307404041290283,0.2745535671710968,3.743122100830078,0.23188376426696777,3.707907199859619,0.1679089516401291,3.7665281295776367
539,1,1,1,0.25521913170814514,3.6236298084259033,0.3659169673919678,3.70644474029541,0.30236566066741943,3.6905710697174072,0.21982620656490326,3.74560284614563
540,1,1,1,0.16394291818141937,3.6662259101867676,0.19706134498119354,3.8651866912841797,0.17744538187980652,3.8529791831970215,0.13626036047935486,3.9011261463165283
541,1,1,1,0.22021235525608063,3.6405227184295654,0.31427374482154846,3.7453866004943848,0.2647779881954193,3.7317752838134766,0.1921635866165161,3.776394844055176
542,1,1,1,0.18049465119838715,3.6392922401428223,0.21435047686100006,3.783012866973877,0.19512316584587097,3.79990816116333,0.14917489886283875,3.8478291034698486
543,1,1,1,0.2621546983718872,3.614866256713867,0.37076491117477417,3.685408592224121,0.312220960855484,3.6641452312469482,0.22680164873600006,3.7169594764709473
544,1,1,1,0.3068872392177582,3.6153409481048584,0.486348032951355,3.6862783432006836,0.40119776129722595,3.659869432449341,0.302734375,3.698551654815674
545,1,1,1,0.24595922231674194,3.6508355140686035,0.38231924176216125,3.770698308944702,0.31133410334587097,3.764395236968994,0.22395168244838715,3.8324286937713623
546,1,1,1,0.16797621548175812,3.6386313438415527,0.18643374741077423,3.7990005016326904,0.17826251685619354,3.839733839035034,0.1332310289144516,3.897681474685669
547,1,1,1,0.2631312608718872,3.6346912384033203,0.4044114649295807,3.728769063949585,0.33220064640045166,3.7018327713012695,0.24388153851032257,3.751246213912964
548,1,1,1,0.3138701617717743,3.605381488800049,0.47962671518325806,3.6493563652038574,0.3895886540412903,3.6327245235443115,0.2817482352256775,3.6838791370391846
549,1,1,1,0.22935517132282257,3.6335740089416504,0.3175223171710968,3.730055809020996,0.2635423243045807,3.710023880004883,0.1923828125,3.761835813522339
550,1,1,1,0.30281656980514526,3.6180760860443115,0.4814901351928711,3.677173376083374,0.3950793147087097,3.6619415283203125,0.29418447613716125,3.7025270462036133
551,1,1,1,0.1299600452184677,3.658673048019409,0.10898138582706451,3.9301421642303467,0.12641501426696777,3.92661190032959,0.0958426296710968,4.009565353393555
552,1,1,1,0.18436603248119354,3.65289306640625,0.22777821123600006,3.8009886741638184,0.19844147562980652,3.8113386631011963,0.16316565871238708,3.861732006072998
553,1,1,1,0.24800202250480652,3.625906467437744,0.36181640625,3.7066292762756348,0.2945631444454193,3.691542625427246,0.21611925959587097,3.73598313331604
554,1,1,1,0.31996622681617737,3.6039302349090576,0.4885353446006775,3.645939350128174,0.3964146077632904,3.6212010383605957,0.2895407974720001,3.660930633544922
555,1,1,1,0.21293048560619354,3.64746356010437,0.30227598547935486,3.775960922241211,0.2496512234210968,3.769448757171631,0.17705675959587097,3.808532238006592
556,1,1,1,0.16896523535251617,3.6358072757720947,0.18640385568141937,3.785924196243286,0.1809331178665161,3.8204548358917236,0.13606105744838715,3.88267183303833
557,1,1,1,0.17783650755882263,3.6295580863952637,0.21382732689380646,3.7819228172302246,0.20776864886283875,3.81333327293396,0.15395806729793549,3.8740453720092773
558,1,1,1,0.1867326945066452,3.676663637161255,0.25900331139564514,3.8556642532348633,0.21148556470870972,3.8343307971954346,0.1771763414144516,3.8554556369781494
559,1,1,1,0.2628971040248871,3.63031005859375,0.4079838991165161,3.7178080081939697,0.3393056392669678,3.6984140872955322,0.24029415845870972,3.73898983001709
560,1,1,1,0.19321487843990326,3.659454822540283,0.2629992365837097,3.830122232437134,0.22025470435619354,3.8119258880615234,0.18285633623600006,3.8573296070098877
561,1,1,1,0.28757521510124207,3.623502492904663,0.4334641993045807,3.7019240856170654,0.35740193724632263,3.6965649127960205,0.2640704810619354,3.7261886596679688
562,1,1,1,0.16748295724391937,3.6856119632720947,0.21676696836948395,3.9037373065948486,0.18264707922935486,3.8839542865753174,0.1531210094690323,3.891188383102417
563,1,1,1,0.3061423599720001,3.6146652698516846,0.4755062162876129,3.6657235622406006,0.3916613459587097,3.6389172077178955,0.2842594087123871,3.6839375495910645
564,1,1,1,0.27321329712867737,3.619549512863159,0.40774473547935486,3.684784173965454,0.3300681412220001,3.6622891426086426,0.24069274961948395,3.7049763202667236
565,1,1,1,0.2268415093421936,3.6316771507263184,0.31378546357154846,3.7337801456451416,0.2651965022087097,3.7246835231781006,0.20031489431858063,3.769973039627075
566,1,1,1,0.17337970435619354,3.63749361038208,0.198590949177742,3.787044048309326,0.19145606458187103,3.825066328048706,0.13891102373600006,3.9562411308288574
567,1,1,1,0.20041204988956451,3.6523051261901855,0.2739506959915161,3.786024808883667,0.23002032935619354,3.7706103324890137,0.1732102930545807,3.814980983734131
568,1,1,1,0.24545100331306458,3.6295394897460938,0.3582838475704193,3.725222110748291,0.29419443011283875,3.7030789852142334,0.2157605141401291,3.73868465423584
569,1,1,1,0.2784000337123871,3.6165974140167236,0.42128705978393555,3.681682825088501,0.34637075662612915,3.6569809913635254,0.25247129797935486,3.6862173080444336
570,1,1,1,0.35445231199264526,3.5943350791931152,0.5527642369270325,3.6222891807556152,0.4510223865509033,3.6055102348327637,0.3226243555545807,3.6551766395568848
571,1,1,1,0.18729321658611298,3.6585440635681152,0.2514150142669678,3.813971519470215,0.2142259180545807,3.805051565170288,0.15991708636283875,3.820413827896118
572,1,1,1,0.1898442506790161,3.632556915283203,0.23117126524448395,3.745112895965576,0.21704599261283875,3.7779717445373535,0.15015146136283875,3.882797956466675
573,1,1,1,0.22886937856674194,3.6350276470184326,0.3195302486419678,3.7260918617248535,0.26139986515045166,3.708066463470459,0.19987642765045166,3.763087034225464
574,1,1,1,0.23973363637924194,3.6270639896392822,0.3373923599720001,3.719785690307617,0.28078165650367737,3.7030200958251953,0.20703125,3.752117872238159
575,1,1,1,0.25644978880882263,3.597886085510254,0.3477708399295807,3.656083822250366,0.29836973547935486,3.6631152629852295,0.19264189898967743,3.7445685863494873
576,1,1,1,0.3292410671710968,3.5944385528564453,0.5002889633178711,3.6326661109924316,0.40795400738716125,3.6192140579223633,0.2962372303009033,3.6495559215545654
577,1,1,1,0.24130560457706451,3.6423158645629883,0.36247408390045166,3.7427353858947754,0.29361647367477417,3.7289326190948486,0.21438536047935486,3.790740966796875
578,1,1,1,0.14226920902729034,3.6983609199523926,0.14608576893806458,3.990723133087158,0.14673349261283875,4.008353233337402,0.08561862260103226,4.080540180206299
579,1,1,1,0.22391431033611298,3.6298882961273193,0.3083246946334839,3.7284510135650635,0.2634127736091614,3.722705602645874,0.18927375972270966,3.7412867546081543
580,1,1,1,0.29248544573783875,3.6168339252471924,0.4450185298919678,3.679086923599243,0.36841318011283875,3.660923480987549,0.27046793699264526,3.6724634170532227
581,1,1,1,0.212873175740242,3.6252150535583496,0.28586873412132263,3.7296035289764404,0.2596460282802582,3.736912727355957,0.18572624027729034,3.7726151943206787
582,1,1,1,0.19988888502120972,3.654174566268921,0.2739157974720001,3.787980318069458,0.22761878371238708,3.7647316455841064,0.17468510568141937,3.8124358654022217
583,1,1,1,0.2513950765132904,3.625396490097046,0.3656728267669678,3.7025015354156494,0.30423906445503235,3.6929023265838623,0.22072304785251617,3.7320992946624756
584,1,1,1,0.20844128727912903,3.632831335067749,0.2683354616165161,3.742628574371338,0.23217274248600006,3.730117082595825,0.15796396136283875,3.7863991260528564
585,1,1,1,0.12235181778669357,3.649522542953491,0.09678930044174194,3.9801812171936035,0.12337571382522583,4.007188320159912,0.10042649507522583,4.122246265411377
586,1,1,1,0.1638432741165161,3.6304280757904053,0.18170040845870972,3.809751033782959,0.189801886677742,3.840447425842285,0.13394850492477417,3.9333431720733643
587,1,1,1,0.31996622681617737,3.6039302349090576,0.4885353446006775,3.645939350128174,0.3964146077632904,3.6212010383605957,0.2895407974720001,3.660930633544922
588,1,1,1,0.21062858402729034,3.646141767501831,0.29232102632522583,3.770564079284668,0.2414301633834839,3.7506604194641113,0.1886160671710968,3.8025147914886475
589,1,1,1,0.18975207209587097,3.658977508544922,0.2577327787876129,3.8119587898254395,0.21785315871238708,3.788811683654785,0.17301100492477417,3.853588342666626
590,1,1,1,0.15138711035251617,3.682299852371216,0.1630859375,3.9351704120635986,0.1623883843421936,3.986008882522583,0.09699856489896774,4.115265846252441
591,1,1,1,0.20970185101032257,3.6525137424468994,0.29479730129241943,3.781550407409668,0.24381177127361298,3.7662158012390137,0.18809789419174194,3.813096046447754
592,1,1,1,0.1956537961959839,3.650890588760376,0.2642747461795807,3.791689395904541,0.22484852373600006,3.7684364318847656,0.1720942258834839,3.8292994499206543
593,1,1,1,0.2099260538816452,3.6064486503601074,0.2609962821006775,3.69826078414917,0.24096180498600006,3.7188289165496826,0.16097337007522583,3.8137922286987305
594,1,1,1,0.2057856321334839,3.6044986248016357,0.25419023633003235,3.695552349090576,0.24206791818141937,3.731640100479126,0.16049505770206451,3.845150947570801
595,1,1,1,0.17615991830825806,3.683335304260254,0.23111645877361298,3.9001638889312744,0.18911431729793549,3.890504837036133,0.15740592777729034,3.966827154159546
596,1,1,1,0.2850615680217743,3.6127278804779053,0.41978734731674194,3.6707892417907715,0.3519909977912903,3.6501996517181396,0.2598254084587097,3.6703996658325195
597,1,1,1,0.18867835402488708,3.6390140056610107,0.22623364627361298,3.7868123054504395,0.20771881937980652,3.781578302383423,0.13265305757522583,3.824669361114502
598,1,1,1,0.2827223241329193,3.6225383281707764,0.43344923853874207,3.689591407775879,0.3506756126880646,3.670654535293579,0.2529894709587097,3.7245943546295166
599,1,1,1,0.19515056908130646,3.6539223194122314,0.26400071382522583,3.8035707473754883,0.22762873768806458,3.77467942237854,0.17241309583187103,3.7886948585510254
600,1,1,1,0.28846707940101624,3.6045961380004883,0.42421674728393555,3.6554462909698486,0.34896165132522583,3.63602614402771,0.2507573366165161,3.684072494506836
601,1,1,1,0.18255241215229034,3.6493899822235107,0.22389687597751617,3.788882255554199,0.19702646136283875,3.8065950870513916,0.15880101919174194,3.8900601863861084
602,1,1,1,0.2372448891401291,3.637474775314331,0.3447165787220001,3.7352499961853027,0.2764369249343872,3.7273709774017334,0.2038823366165161,3.797067403793335
603,1,1,1,0.30303579568862915,3.606539011001587,0.45604971051216125,3.6631085872650146,0.375209242105484,3.656122922897339,0.27403539419174194,3.703127384185791
604,1,1,1,0.17781658470630646,3.6497750282287598,0.21909378468990326,3.8029472827911377,0.19565130770206451,3.796475410461426,0.16619499027729034,3.8191630840301514
605,1,1,1,0.31996622681617737,3.6039302349090576,0.4885353446006775,3.645939350128174,0.3964146077632904,3.6212010383605957,0.2895407974720001,3.660930633544922
606,1,1,1,0.3304891586303711,3.604473114013672,0.5121123790740967,3.6557116508483887,0.42023077607154846,3.6386141777038574,0.30205675959587097,3.6836235523223877
607,1,1,1,0.1485944390296936,3.6691200733184814,0.16218909621238708,3.9217560291290283,0.14888592064380646,3.928117275238037,0.12498006969690323,3.9623663425445557
608,1,1,1,0.28922194242477417,3.62247633934021,0.45218828320503235,3.694201946258545,0.3667789399623871,3.668541193008423,0.27841994166374207,3.7048676013946533
609,1,1,1,0.23021215200424194,3.6116936206817627,0.30905213952064514,3.713097333908081,0.2779117524623871,3.734590768814087,0.17476482689380646,3.840118646621704
610,1,1,1,0.32550421357154846,3.6062986850738525,0.5004334449768066,3.6556615829467773,0.4128168821334839,3.6338136196136475,0.30004385113716125,3.6695449352264404
611,1,1,1,0.20280113816261292,3.642348289489746,0.2564722001552582,3.793841600418091,0.22836615145206451,3.7862722873687744,0.15575174987316132,3.858861207962036
612,1,1,1,0.19988639652729034,3.6494715213775635,0.2738759517669678,3.7792716026306152,0.23638790845870972,3.757946252822876,0.18269690871238708,3.783353328704834
613,1,1,1,0.29047253727912903,3.621785879135132,0.45075830817222595,3.6955642700195312,0.3706652522087097,3.671290636062622,0.27606824040412903,3.7209067344665527
614,1,1,1,0.31996622681617737,3.6039302349090576,0.4885353446006775,3.645939350128174,0.3964146077632904,3.6212010383605957,0.2895407974720001,3.660930633544922
615,1,1,1,0.22477877140045166,3.6521589756011963,0.3360321521759033,3.7690789699554443,0.2739855647087097,3.7610111236572266,0.20276625454425812,3.784057378768921
616,1,1,1,0.23487573862075806,3.6309118270874023,0.3228684961795807,3.730266571044922,0.2693120241165161,3.698216438293457,0.1997767835855484,3.7500996589660645
617,1,1,1,0.24274304509162903,3.6266894340515137,0.33666494488716125,3.716101884841919,0.2799844443798065,3.6875112056732178,0.20900429785251617,3.7309048175811768
618,1,1,1,0.25669142603874207,3.6150741577148438,0.3611088991165161,3.6835780143737793,0.2961874008178711,3.6658143997192383,0.2167370766401291,3.7115402221679688
619,1,1,1,0.30558931827545166,3.607372760772705,0.460469126701355,3.654353141784668,0.370814710855484,3.6323227882385254,0.26343271136283875,3.6852777004241943
620,1,1,1,0.16361407935619354,3.6330318450927734,0.17909955978393555,3.8000056743621826,0.1843710094690323,3.8347747325897217,0.13606105744838715,3.938040018081665
621,1,1,1,0.20729033648967743,3.64754581451416,0.2816336452960968,3.7698893547058105,0.24081233143806458,3.762103796005249,0.17861127853393555,3.8018300533294678
622,1,1,1,0.18794342875480652,3.662217378616333,0.25787726044654846,3.835094690322876,0.21518255770206451,3.850884437561035,0.1540975719690323,3.969865560531616
623,1,1,1,0.32078832387924194,3.6090381145477295,0.5009666085243225,3.6539294719696045,0.4061304032802582,3.630802869796753,0.3010602593421936,3.6662254333496094
624,1,1,1,0.25256097316741943,3.614450693130493,0.356166273355484,3.682124614715576,0.2963069975376129,3.658550500869751,0.20593510568141937,3.6999902725219727
625,1,1,1,0.27606573700904846,3.615295648574829,0.41199976205825806,3.676708221435547,0.33938536047935486,3.663515090942383,0.2497209757566452,3.700000047683716
626,1,1,1,0.1831503063440323,3.659729480743408,0.24028918147087097,3.8404629230499268,0.20855587720870972,3.8288021087646484,0.17329001426696777,3.848418712615967
627,1,1,1,0.17806819081306458,3.633859395980835,0.20721061527729034,3.7575020790100098,0.20121173560619354,3.7856576442718506,0.13548310101032257,3.891291618347168
628,1,1,1,0.1787208914756775,3.659130096435547,0.22338367998600006,3.811906099319458,0.194684699177742,3.790602445602417,0.16621491312980652,3.8612709045410156
629,1,1,1,0.20605717599391937,3.6468029022216797,0.28068697452545166,3.771225690841675,0.23077765107154846,3.7441599369049072,0.17552216351032257,3.752129077911377
630,1,1,1,0.26636987924575806,3.6313140392303467,0.4101911187171936,3.7169458866119385,0.33207109570503235,3.7054975032806396,0.2401745766401291,3.739938497543335
631,1,1,1,0.21747198700904846,3.642465114593506,0.29804089665412903,3.7675113677978516,0.24908322095870972,3.7544806003570557,0.19038982689380646,3.8309431076049805
632,1,1,1,0.19256965816020966,3.6498143672943115,0.2530343234539032,3.798326253890991,0.21596978604793549,3.7987818717956543,0.1556919664144516,3.862903118133545
633,1,1,1,0.2555006444454193,3.6332099437713623,0.3949049413204193,3.724649667739868,0.32256457209587097,3.718968152999878,0.23957668244838715,3.765660047531128
634,1,1,1,0.2802584767341614,3.614677667617798,0.42003148794174194,3.6822850704193115,0.3438895046710968,3.665633201599121,0.25093668699264526,3.701850414276123
635,1,1,1,0.1684744656085968,3.6782498359680176,0.21176956593990326,3.8891608715057373,0.18375319242477417,3.884652853012085,0.14756058156490326,3.8795244693756104
636,1,1,1,0.2844163477420807,3.616123676300049,0.42849668860435486,3.6725969314575195,0.35000795125961304,3.6486446857452393,0.25458386540412903,3.6880381107330322
637,1,1,1,0.2084437757730484,3.647655725479126,0.2842245101928711,3.7925848960876465,0.23818159103393555,3.771818161010742,0.19236287474632263,3.787919521331787
638,1,1,1,0.19173011183738708,3.658766746520996,0.2635423243045807,3.8105456829071045,0.222028449177742,3.798841953277588,0.16193000972270966,3.865600109100342
639,1,1,1,0.19177743792533875,3.6315975189208984,0.23830117285251617,3.7508153915405273,0.21622887253761292,3.7722015380859375,0.1583426296710968,3.859156608581543
640,1,1,1,0.2433733195066452,3.6367461681365967,0.35051119327545166,3.726435422897339,0.2835519015789032,3.701704502105713,0.21689651906490326,3.7611870765686035
641,1,1,1,0.13894590735435486,3.6725893020629883,0.1403210610151291,3.980257749557495,0.14305643737316132,4.042351722717285,0.10124362260103226,4.1435041427612305
642,1,1,1,0.31996622681617737,3.6039302349090576,0.4885353446006775,3.645939350128174,0.3964146077632904,3.6212010383605957,0.2895407974720001,3.660930633544922
643,1,1,1,0.24131307005882263,3.6254374980926514,0.34545400738716125,3.709810495376587,0.2858538031578064,3.7008297443389893,0.20808753371238708,3.7397758960723877
644,1,1,1,0.21804498136043549,3.639805793762207,0.29551976919174194,3.741468906402588,0.25144490599632263,3.718899965286255,0.17761479318141937,3.766831159591675
645,1,1,1,0.20635363459587097,3.638352394104004,0.2645089328289032,3.7705507278442383,0.23494300246238708,3.7701148986816406,0.16212929785251617,3.779717206954956
646,1,1,1,0.2204241007566452,3.6489827632904053,0.32160794734954834,3.7719836235046387,0.26718947291374207,3.7528064250946045,0.2074497789144516,3.792295217514038
647,1,1,1,0.12485550343990326,3.5147452354431152,0.09455715864896774,3.745494842529297,0.18431122601032257,3.93576979637146,0.14134247601032257,4.11195707321167
648,1,1,1,0.22666463255882263,3.6368303298950195,0.32134386897087097,3.7357468605041504,0.26530611515045166,3.718036413192749,0.1990194469690323,3.7742838859558105
649,1,1,1,0.1890171617269516,3.613459348678589,0.2209223508834839,3.727153778076172,0.22452965378761292,3.759320020675659,0.1397879421710968,3.8172225952148438
650,1,1,1,0.24846789240837097,3.6367948055267334,0.3675561845302582,3.7427408695220947,0.3017079830169678,3.725534200668335,0.23509247601032257,3.7909460067749023
651,1,1,1,0.23084741830825806,3.6289820671081543,0.3143335282802582,3.7239253520965576,0.2643096148967743,3.6984994411468506,0.19515305757522583,3.749591588973999
652,1,1,1,0.31996622681617737,3.6039302349090576,0.4885353446006775,3.645939350128174,0.3964146077632904,3.6212010383605957,0.2895407974720001,3.660930633544922
653,1,1,1,0.2560063600540161,3.622081995010376,0.36832350492477417,3.702342987060547,0.30708903074264526,3.665347099304199,0.23672671616077423,3.722764730453491
654,1,1,1,0.12434978783130646,3.5267956256866455,0.09398417174816132,3.763134241104126,0.17727598547935486,3.935300827026367,0.13841278851032257,4.0984883308410645
655,1,1,1,0.17681759595870972,3.678750514984131,0.24102160334587097,3.8767313957214355,0.20051418244838715,3.862687587738037,0.17059949040412903,3.8926401138305664
656,1,1,1,0.2642822265625,3.6194560527801514,0.3832409977912903,3.6912686824798584,0.3224051296710968,3.678524971008301,0.23393653333187103,3.705230951309204
657,1,1,1,0.31996622681617737,3.6039302349090576,0.4885353446006775,3.645939350128174,0.3964146077632904,3.6212010383605957,0.2895407974720001,3.660930633544922
658,1,1,1,0.29200711846351624,3.6208643913269043,0.442158579826355,3.6793324947357178,0.36372965574264526,3.6555163860321045,0.2604033648967743,3.6874330043792725
659,1,1,1,0.13174624741077423,3.6574010848999023,0.12475087493658066,3.9717230796813965,0.1361706703901291,3.994584798812866,0.10429288446903229,4.124020576477051
660,1,1,1,0.21046167612075806,3.6444525718688965,0.2934121787548065,3.7612967491149902,0.24004504084587097,3.7493462562561035,0.17267219722270966,3.790050745010376
661,1,1,1,0.2659139633178711,3.619908094406128,0.4001813530921936,3.697664260864258,0.33060625195503235,3.690659284591675,0.2259446680545807,3.7487871646881104
662,1,1,1,0.31996622681617737,3.6039302349090576,0.4885353446006775,3.645939350128174,0.3964146077632904,3.6212010383605957,0.2895407974720001,3.660930633544922
663,1,1,1,0.1718849539756775,3.654878616333008,0.19732540845870972,3.8315069675445557,0.17904974520206451,3.8219056129455566,0.1326131969690323,3.836188793182373
664,1,1,1,0.31996622681617737,3.6039302349090576,0.4885353446006775,3.645939350128174,0.3964146077632904,3.6212010383605957,0.2895407974720001,3.660930633544922
665,1,1,1,0.2659040093421936,3.616661787033081,0.39128267765045166,3.6882543563842773,0.32140862941741943,3.683326005935669,0.22716039419174194,3.7182838916778564
666,1,1,1,0.21909627318382263,3.636747121810913,0.30328741669654846,3.741075277328491,0.25589922070503235,3.7211837768554688,0.1888950914144516,3.768094539642334
667,1,1,1,0.2776128053665161,3.635072946548462,0.44089803099632263,3.7316081523895264,0.35912588238716125,3.7045977115631104,0.2698899805545807,3.7360804080963135
668,1,1,1,0.3308379352092743,3.607487916946411,0.5239606499671936,3.654120922088623,0.4289999008178711,3.629671812057495,0.3168447017669678,3.662536144256592
669,1,1,1,0.31996622681617737,3.6039302349090576,0.4885353446006775,3.645939350128174,0.3964146077632904,3.6212010383605957,0.2895407974720001,3.660930633544922
670,1,1,1,0.31996622681617737,3.6039302349090576,0.4885353446006775,3.645939350128174,0.3964146077632904,3.6212010383605957,0.2895407974720001,3.660930633544922
671,1,1,1,0.28934648633003235,3.617438316345215,0.43836694955825806,3.6867427825927734,0.35711294412612915,3.65686297416687,0.26482778787612915,3.698976516723633
672,1,1,1,0.19267676770687103,3.6475653648376465,0.234619140625,3.798063278198242,0.21111686527729034,3.7859435081481934,0.13659916818141937,3.8335278034210205
673,1,1,1,0.21321697533130646,3.639139175415039,0.28395047783851624,3.7557289600372314,0.23620854318141937,3.7117786407470703,0.1723732352256775,3.758122444152832
674,1,1,1,0.18496641516685486,3.658531665802002,0.23670180141925812,3.799987316131592,0.20379264652729034,3.805633068084717,0.17018096148967743,3.870476722717285
675,1,1,1,0.2767682671546936,3.6138150691986084,0.4017358720302582,3.676758050918579,0.3335758149623871,3.6551456451416016,0.2427455335855484,3.7044334411621094
676,1,1,1,0.22616638243198395,3.630897283554077,0.31020307540893555,3.728649616241455,0.26084181666374207,3.6866214275360107,0.1925223171710968,3.713871717453003
677,1,1,1,0.2745186984539032,3.615941047668457,0.40513890981674194,3.682793617248535,0.3332868218421936,3.6530826091766357,0.24242664873600006,3.7037980556488037
678,1,1,1,0.3193384110927582,3.610203981399536,0.47103196382522583,3.6096596717834473,0.383510023355484,3.594683885574341,0.2681560814380646,3.6334447860717773
679,1,1,1,0.31996622681617737,3.6039302349090576,0.4885353446006775,3.645939350128174,0.3964146077632904,3.6212010383605957,0.2895407974720001,3.660930633544922
680,1,1,1,0.21929308772087097,3.6515121459960938,0.3161969780921936,3.76470947265625,0.2611507475376129,3.744152307510376,0.19666773080825806,3.816781520843506
681,1,1,1,0.31640127301216125,3.6085617542266846,0.4909518361091614,3.661281108856201,0.4003806412220001,3.6406829357147217,0.2900988459587097,3.6941466331481934
682,1,1,1,0.2390485405921936,3.584111452102661,0.3114785850048065,3.6367430686950684,0.2876873314380646,3.662487030029297,0.21494339406490326,3.7125637531280518
683,1,1,1,0.2302420437335968,3.6326375007629395,0.31825971603393555,3.742109775543213,0.25859972834587097,3.7045586109161377,0.19495375454425812,3.776221513748169
684,1,1,1,0.2926922142505646,3.6151554584503174,0.43834203481674194,3.6722097396850586,0.3583286702632904,3.646625280380249,0.2606225907802582,3.690448760986328
685,1,1,1,0.24046854674816132,3.651409864425659,0.37154215574264526,3.7725894451141357,0.30108019709587097,3.76269268989563,0.22676178812980652,3.793285369873047
686,1,1,1,0.2544568181037903,3.627094030380249,0.37900587916374207,3.722787618637085,0.3167649805545807,3.6955769062042236,0.24308434128761292,3.737804412841797
687,1,1,1,0.21948491036891937,3.6503865718841553,0.3183145225048065,3.7734594345092773,0.26392099261283875,3.756277084350586,0.20703125,3.800153970718384
688,1,1,1,0.19360849261283875,3.6538808345794678,0.25369200110435486,3.805349826812744,0.21683673560619354,3.778952121734619,0.16025589406490326,3.872901439666748
689,1,1,1,0.2677026689052582,3.6248860359191895,0.39907026290893555,3.6945502758026123,0.3259626030921936,3.6701414585113525,0.23670679330825806,3.71659517288208
690,1,1,1,0.1890520304441452,3.6540777683258057,0.2486049085855484,3.807279109954834,0.21098731458187103,3.7982335090637207,0.16193000972270966,3.8686769008636475
691,1,1,1,0.22677424550056458,3.6492106914520264,0.3309600055217743,3.7718780040740967,0.2699298560619354,3.7389988899230957,0.21625876426696777,3.784996747970581
692,1,1,1,0.23309949040412903,3.6285696029663086,0.31309789419174194,3.7258594036102295,0.2604631781578064,3.686318874359131,0.18494898080825806,3.753232717514038
693,1,1,1,0.321533203125,3.6019632816314697,0.4872000515460968,3.653958320617676,0.40181559324264526,3.6383702754974365,0.29711416363716125,3.6585726737976074
694,1,1,1,0.3031803071498871,3.619734048843384,0.4715650677680969,3.677584648132324,0.38994738459587097,3.6606101989746094,0.28750795125961304,3.7144739627838135
695,1,1,1,0.24823620915412903,3.6434707641601562,0.3676857352256775,3.707775592803955,0.30081114172935486,3.6944048404693604,0.20768892765045166,3.7453219890594482
696,1,1,1,0.2131447196006775,3.6492555141448975,0.3041643500328064,3.7631824016571045,0.2502690553665161,3.746526002883911,0.194196417927742,3.789203643798828
697,1,1,1,0.18709641695022583,3.614177942276001,0.22086754441261292,3.774075746536255,0.22860530018806458,3.8089447021484375,0.1439134180545807,3.9055533409118652
698,2,2,1,0.12142757326364517,3.6864101886749268,0.09938516467809677,4.047275066375732,0.10183154791593552,4.0586161613464355,0.07280372828245163,4.144265174865723
699,2,2,1,0.14394830167293549,3.6919801235198975,0.14755061268806458,3.9792327880859375,0.13918007910251617,4.008520126342773,0.081473208963871,4.076076507568359
700,2,2,1,0.12345792353153229,3.647799491882324,0.09638571739196777,4.018506050109863,0.11748644709587097,4.068448066711426,0.0890066921710968,4.1706223487854
701,2,1,0,0.12759087979793549,3.648313045501709,0.11222496628761292,3.9869472980499268,0.13604113459587097,4.0077643394470215,0.10315688699483871,4.1505022048950195
702,2,2,1,0.1179373562335968,3.6878604888916016,0.08526486903429031,4.092853546142578,0.0945172980427742,4.03542423248291,0.07292331010103226,4.092648029327393
703,2,2,1,0.1277901828289032,3.698202610015869,0.11154236644506454,4.079153060913086,0.11757612973451614,4.0602593421936035,0.07766661047935486,4.103926181793213
704,2,2,1,0.1316690295934677,3.6847481727600098,0.1177455335855484,4.061145782470703,0.11922033876180649,4.085339546203613,0.07684949040412903,4.109958648681641
705,2,2,1,0.12362483888864517,3.6872479915618896,0.09849828481674194,4.074409484863281,0.10732222348451614,4.063138484954834,0.07471699267625809,4.105094909667969
706,2,2,1,0.1180594265460968,3.6853978633880615,0.0871233269572258,4.114319801330566,0.09815449267625809,4.054720878601074,0.0715680792927742,4.042884826660156
707,2,2,1,0.12736168503761292,3.6815390586853027,0.09973891824483871,4.059296607971191,0.10594706237316132,4.052577018737793,0.07208625227212906,4.112800598144531
708,2,2,1,0.12487045675516129,3.7135305404663086,0.11205556243658066,4.129168510437012,0.11262356489896774,4.135993480682373,0.0743582546710968,4.163763046264648
709,2,2,1,0.12247388809919357,3.6721858978271484,0.09258908778429031,4.049722671508789,0.10200095176696777,4.019343376159668,0.07160793989896774,4.030893325805664
710,2,2,1,0.1230294331908226,3.6900475025177,0.09260901808738708,4.078495502471924,0.10082509368658066,4.0607829093933105,0.07152821868658066,4.117860317230225
711,2,2,1,0.11825623363256454,3.6932103633880615,0.08795041590929031,4.097156047821045,0.09662985801696777,4.0650715827941895,0.06999362260103226,4.0945329666137695
712,2,2,1,0.12442202866077423,3.648386240005493,0.09564333409070969,3.98504900932312,0.11462651193141937,4.0605926513671875,0.08248963207006454,4.12080192565918
713,2,2,1,0.11806192249059677,3.7040576934814453,0.08920101076364517,4.1069655418396,0.09912109375,4.071177005767822,0.06893733888864517,4.10581111907959
714,2,2,1,0.12051577866077423,3.660430908203125,0.09505041688680649,4.047648906707764,0.10538902878761292,4.111006259918213,0.08127391338348389,4.1910247802734375
715,2,2,1,0.13106116652488708,3.6833622455596924,0.11187121272087097,4.0458292961120605,0.11309191584587097,4.042206287384033,0.07405930757522583,4.08638334274292
716,2,2,1,0.1307123899459839,3.707960844039917,0.12361487001180649,4.082910060882568,0.11507493257522583,4.082005500793457,0.07089046388864517,4.077874660491943
717,2,2,1,0.11973104625940323,3.6351096630096436,0.08332668989896774,3.9876224994659424,0.11408840864896774,3.9686436653137207,0.08918606489896774,4.083798885345459
718,2,2,1,0.1213553249835968,3.708763599395752,0.1030970960855484,4.108496189117432,0.10103435814380646,4.060755729675293,0.07378029078245163,4.112911701202393
719,2,2,1,0.12380420416593552,3.685910224914551,0.09739217907190323,4.066097259521484,0.10787029564380646,4.070115566253662,0.07682956010103226,4.108949184417725
720,2,2,1,0.11661949753761292,3.6953132152557373,0.08441286534070969,4.120233535766602,0.08867785334587097,4.045173645019531,0.06351642310619354,4.044556140899658
721,2,2,1,0.1314348429441452,3.6956348419189453,0.12741151452064514,4.047591209411621,0.12515944242477417,4.09068489074707,0.07467713207006454,4.124899864196777
722,2,2,1,0.1284702867269516,3.7018752098083496,0.11749640852212906,4.061784267425537,0.11855269223451614,4.082037448883057,0.07559391111135483,4.085684299468994
723,2,2,1,0.1306924670934677,3.710794687271118,0.12784996628761292,4.093881607055664,0.11478595435619354,4.056081295013428,0.07294324040412903,4.06721305847168
724,2,2,1,0.13649702072143555,3.6793270111083984,0.126708984375,4.008493423461914,0.12616589665412903,4.076139450073242,0.07704878598451614,4.108639240264893
725,2,2,1,0.12612852454185486,3.678366184234619,0.10424306243658066,4.035465240478516,0.11145766824483871,4.0318284034729,0.0771484375,4.124773979187012
726,2,2,1,0.12285754084587097,3.6872212886810303,0.09771105647087097,4.082147598266602,0.10057596862316132,4.0435943603515625,0.07238519936800003,4.0947136878967285
727,2,2,1,0.1210065558552742,3.6856689453125,0.09533441811800003,4.07473611831665,0.10158243030309677,4.062193393707275,0.07210618257522583,4.1249308586120605
728,2,2,1,0.1203962042927742,3.6464574337005615,0.08676458895206451,4.016538619995117,0.10921555757522583,4.0744524002075195,0.0852399542927742,4.1610941886901855
729,2,2,1,0.1282884180545807,3.680654764175415,0.10624103248119354,4.049664497375488,0.10949457436800003,4.064888954162598,0.0751953125,4.120593547821045
730,2,2,1,0.12003497779369354,3.700745105743408,0.09595722705125809,4.094812870025635,0.10503029078245163,4.049430847167969,0.07386001199483871,4.0609822273254395
731,2,2,1,0.11700812727212906,3.6829118728637695,0.0832170769572258,4.076817035675049,0.09644052386283875,4.029138088226318,0.0721261128783226,4.058579921722412
732,2,2,1,0.13029137253761292,3.6792352199554443,0.11172671616077423,4.041785717010498,0.11973851919174194,4.088715076446533,0.07922113686800003,4.184654235839844
733,2,2,1,0.1197858527302742,3.6842126846313477,0.09261399507522583,4.096675395965576,0.09753666818141937,4.076624393463135,0.07079081237316132,4.0875563621521
734,2,2,1,0.11572016030550003,3.6843340396881104,0.08076071739196777,4.09192419052124,0.09372010082006454,4.0658159255981445,0.07168766111135483,4.0847930908203125
735,2,2,1,0.13708993792533875,3.678478717803955,0.12818379700183868,3.9766781330108643,0.1338588148355484,4.0212907791137695,0.08567841351032257,4.1449174880981445
736,2,2,1,0.12040118873119354,3.673184394836426,0.08839883655309677,4.063070774078369,0.0930524542927742,4.047547817230225,0.06531010568141937,4.070796489715576
737,2,2,1,0.13726183772087097,3.6963772773742676,0.13279755413532257,4.015345573425293,0.12836813926696777,4.030041694641113,0.07973931729793549,4.0572357177734375
738,2,2,1,0.1187569722533226,3.697608470916748,0.09127869457006454,4.094268321990967,0.09871252626180649,4.058045864105225,0.07136878371238708,4.090198040008545
739,2,2,1,0.12293725460767746,3.6770284175872803,0.0945172980427742,4.067105770111084,0.09364038705825806,4.004895210266113,0.06427375227212906,3.992558240890503
740,2,2,1,0.14049047231674194,3.6775898933410645,0.13062021136283875,4.027730941772461,0.12774035334587097,4.1171698570251465,0.07946030050516129,4.1622772216796875
741,2,2,1,0.12049335986375809,3.6492855548858643,0.09007294476032257,4.002046585083008,0.11323142051696777,4.025785446166992,0.0908203125,4.124204635620117
742,2,2,1,0.11879683285951614,3.6843936443328857,0.08910135924816132,4.073980808258057,0.0987723171710968,4.0670905113220215,0.07027263939380646,4.1125922203063965
743,2,2,1,0.12421277165412903,3.687986373901367,0.10883688926696777,4.031770706176758,0.11235450953245163,4.050110816955566,0.07467713207006454,4.080063819885254
744,2,2,1,0.11876694113016129,3.6909217834472656,0.08725784718990326,4.124821662902832,0.09375,4.050914287567139,0.06937579810619354,4.065785884857178
745,2,2,1,0.11873205751180649,3.6950273513793945,0.08849848061800003,4.122677803039551,0.0933314710855484,4.027332782745361,0.06534996628761292,4.016163349151611
746,2,2,1,0.12296964228153229,3.630821943283081,0.09266382455825806,4.000967979431152,0.11306201666593552,4.062929630279541,0.08695392310619354,4.195507526397705
747,2,2,1,0.12021434307098389,3.67800235748291,0.09073560684919357,4.077700138092041,0.09794522821903229,4.0154643058776855,0.06859853118658066,4.048518180847168
748,2,2,1,0.12740403413772583,3.6877260208129883,0.10171695053577423,4.060102939605713,0.11196587979793549,4.033196926116943,0.0729631707072258,4.054903030395508
749,2,2,1,0.12261340022087097,3.6814985275268555,0.09798508882522583,4.055933952331543,0.10957429558038712,4.058021068572998,0.07611208409070969,4.078554630279541
750,2,2,1,0.12357750535011292,3.686866283416748,0.09832888096570969,4.080516815185547,0.1014229878783226,4.030065059661865,0.06768175959587097,4.0159010887146
751,2,2,1,0.12167918682098389,3.6315131187438965,0.08685925602912903,3.9896748065948486,0.11701809614896774,4.039427757263184,0.09189651906490326,4.157883167266846
752,2,2,1,0.12059051543474197,3.700223207473755,0.09979372471570969,4.0972089767456055,0.103934146463871,4.091371059417725,0.0733816921710968,4.089353561401367
753,2,2,1,0.12347038090229034,3.7057220935821533,0.10726741701364517,4.098100185394287,0.10901626199483871,4.09195613861084,0.0736607164144516,4.1095781326293945
754,2,2,1,0.12116848677396774,3.6798388957977295,0.09521982073783875,4.071163177490234,0.10516980290412903,4.050502300262451,0.07553412020206451,4.078628063201904
755,2,2,1,0.13558274507522583,3.6939585208892822,0.13683833181858063,3.964426040649414,0.1277901828289032,3.9714598655700684,0.07948023080825806,4.097542762756348
756,2,2,1,0.1197335347533226,3.6423370838165283,0.08883728832006454,4.0012898445129395,0.115164615213871,4.024487495422363,0.09345105290412903,4.147152900695801
757,2,2,1,0.13946907222270966,3.7028615474700928,0.1363450586795807,4.023277759552002,0.12615592777729034,4.0368876457214355,0.07186702638864517,4.094841957092285
758,2,2,1,0.11915058642625809,3.6858952045440674,0.08821448683738708,4.087432861328125,0.10103435814380646,4.043298244476318,0.07346141338348389,4.061855792999268
759,2,2,1,0.12838557362556458,3.6887552738189697,0.1121302992105484,4.079537868499756,0.113699771463871,4.090096473693848,0.0796595960855484,4.132099151611328
760,2,2,1,0.11626574397087097,3.684872627258301,0.08079061657190323,4.095775604248047,0.08833904564380646,4.012521266937256,0.06331712007522583,3.947119951248169
761,2,2,1,0.12672144174575806,3.6786718368530273,0.10997787863016129,4.042585849761963,0.1184430792927742,4.042318820953369,0.079520083963871,4.0596489906311035
762,2,2,1,0.12131297588348389,3.6864423751831055,0.10375478118658066,4.0572896003723145,0.10592713207006454,4.029068470001221,0.0743582546710968,4.066738128662109
763,2,2,1,0.12430992722511292,3.669492483139038,0.1047712042927742,4.036808013916016,0.11409837007522583,4.072489261627197,0.08095503598451614,4.1339240074157715
764,2,2,1,0.1206752210855484,3.685838222503662,0.09453224390745163,4.067042827606201,0.10359533876180649,4.034244060516357,0.07368063926696777,4.086556434631348
765,2,2,1,0.1209542378783226,3.6955018043518066,0.0988420769572258,4.082366943359375,0.10570790618658066,4.0844645500183105,0.07437818497419357,4.1296892166137695
766,2,2,1,0.11903101205825806,3.634763479232788,0.08243482559919357,3.989241361618042,0.10697345435619354,4.060083866119385,0.08514030277729034,4.141385555267334
767,2,2,1,0.11903101205825806,3.698702335357666,0.09138831496238708,4.103260040283203,0.09564333409070969,4.027193069458008,0.0704520046710968,4.05374813079834
768,2,2,1,0.11817651987075806,3.673377275466919,0.08522500842809677,4.081496715545654,0.09768614172935486,4.0917067527771,0.07308274507522583,4.1333513259887695
769,2,2,1,0.11730209738016129,3.663827896118164,0.08145826309919357,4.063551425933838,0.09720782935619354,4.021629810333252,0.07585299760103226,4.051760196685791
770,2,2,1,0.130859375,3.6813700199127197,0.12020687013864517,4.0244550704956055,0.11726721376180649,4.044952392578125,0.07095025479793549,4.050842761993408
771,2,2,1,0.12017448246479034,3.632662296295166,0.08422353118658066,3.9898250102996826,0.11479591578245163,4.02612829208374,0.08715321868658066,4.142693996429443
772,2,2,1,0.12601393461227417,3.6640965938568115,0.09777582436800003,4.033530235290527,0.10938496142625809,4.027785301208496,0.07497607916593552,4.099415302276611
773,2,2,1,0.12311413884162903,3.6865780353546143,0.09467175602912903,4.09188985824585,0.09539420902729034,4.027159690856934,0.06674505770206451,4.021200180053711
774,2,2,1,0.12157206237316132,3.647704839706421,0.0932965949177742,4.0035247802734375,0.11572265625,4.068543910980225,0.08749202638864517,4.145785808563232
775,2,2,1,0.12189093977212906,3.688685417175293,0.09345105290412903,4.100128173828125,0.10289780050516129,4.034766674041748,0.07272400707006454,4.089887619018555
776,2,2,1,0.14434440433979034,3.6683695316314697,0.1451241672039032,3.9452054500579834,0.14469069242477417,4.00709342956543,0.09331154078245163,4.104656219482422
777,2,2,1,0.11702556908130646,3.6920063495635986,0.08775609731674194,4.106739521026611,0.09693877398967743,4.065892219543457,0.07118941098451614,4.058790683746338
778,2,2,1,0.11783521622419357,3.69450306892395,0.08631616830825806,4.096917629241943,0.09287308156490326,4.013519287109375,0.06816007196903229,3.9856724739074707
779,2,2,1,0.12026416510343552,3.6911652088165283,0.09609673917293549,4.106704235076904,0.10468152165412903,4.074821472167969,0.07696906477212906,4.1017608642578125
780,2,2,1,0.13753338158130646,3.678537130355835,0.13790956139564514,3.9615955352783203,0.13891102373600006,4.005021572113037,0.08402423560619354,4.123576641082764
781,2,2,1,0.12261340022087097,3.6902759075164795,0.09916593134403229,4.092598915100098,0.10460180044174194,4.073258876800537,0.07204639166593552,4.080774784088135
782,2,2,1,0.13255590200424194,3.6705820560455322,0.11181640625,3.9990196228027344,0.11783521622419357,4.045158386230469,0.07718829810619354,4.0994062423706055
783,2,2,1,0.12048588693141937,3.696178913116455,0.09726263582706451,4.129911422729492,0.10099449753761292,4.081203937530518,0.0726841539144516,4.132986068725586
784,2,2,1,0.12542101740837097,3.691786766052246,0.10786531120538712,4.053489685058594,0.1089564710855484,4.037680625915527,0.07320232689380646,4.046555995941162
785,2,2,1,0.1176932156085968,3.681116819381714,0.08365055173635483,4.086306571960449,0.09529455751180649,4.054481029510498,0.06957509368658066,4.077341556549072
786,2,2,1,0.12131546437740326,3.6804115772247314,0.09374003112316132,4.085893630981445,0.09999800473451614,4.020627975463867,0.072265625,4.04798698425293
787,2,2,1,0.11860749870538712,3.6945600509643555,0.08982880413532257,4.166953086853027,0.08694395422935486,4.1015472412109375,0.06770168989896774,4.158080577850342
788,2,2,1,0.12148237973451614,3.696722984313965,0.09363540261983871,4.099611759185791,0.10223014652729034,4.060629844665527,0.07288344949483871,4.086409568786621
789,2,2,1,0.12080476433038712,3.681741237640381,0.0941336452960968,4.079023838043213,0.1012834832072258,4.029417514801025,0.0721261128783226,4.05277681350708
790,2,2,1,0.12275788933038712,3.6439645290374756,0.09129862487316132,4.017299652099609,0.11601163446903229,4.067600250244141,0.08846858888864517,4.138093948364258
791,2,2,1,0.12358996272087097,3.6874217987060547,0.10849310457706451,4.064936637878418,0.11091955751180649,4.038990020751953,0.07537467777729034,4.063194274902344
792,2,2,1,0.12861476838588715,3.6955857276916504,0.117361880838871,4.044746398925781,0.1192103773355484,4.022486209869385,0.07698899507522583,4.0962982177734375
793,2,2,1,0.1302664577960968,3.676936388015747,0.11192601919174194,4.046073913574219,0.10655492544174194,4.014308452606201,0.07192681729793549,4.0858964920043945
794,2,2,1,0.1191755011677742,3.69942307472229,0.09718789905309677,4.098943710327148,0.09986846148967743,4.043603897094727,0.07244499027729034,4.0629987716674805
795,2,2,1,0.12256357073783875,3.6384811401367188,0.09306241571903229,3.9998929500579834,0.111746646463871,4.047708034515381,0.08336655050516129,4.1398515701293945
796,2,2,1,0.13233667612075806,3.689783811569214,0.11918048560619354,4.047867774963379,0.1223493292927742,4.057908535003662,0.07726801186800003,4.077121257781982
797,2,2,1,0.12741898000240326,3.6861205101013184,0.11195093393325806,4.0437493324279785,0.11979831010103226,4.074280261993408,0.07981903851032257,4.1240949630737305
798,2,2,1,0.12384406477212906,3.6583924293518066,0.09715799987316132,4.022820472717285,0.11833346635103226,4.05810546875,0.08793048560619354,4.09882116317749
799,2,2,1,0.12287497520446777,3.701214551925659,0.10194116830825806,4.112512111663818,0.10461176186800003,4.064774036407471,0.06957509368658066,4.057576656341553
800,2,2,1,0.12217742949724197,3.66857647895813,0.09132852405309677,4.055046558380127,0.09719786047935486,4.0249128341674805,0.06784119457006454,4.050822734832764
801,2,2,1,0.11811921745538712,3.6731767654418945,0.08603216707706451,4.072160720825195,0.09589245915412903,4.031798839569092,0.07292331010103226,4.038535118103027
802,2,2,1,0.11944704502820969,3.6839427947998047,0.08992347121238708,4.07535457611084,0.10038663446903229,4.064323902130127,0.07419881969690323,4.102336883544922
803,2,2,1,0.14063994586467743,3.6749565601348877,0.1349400132894516,3.9420299530029297,0.14008688926696777,3.9908947944641113,0.0870535671710968,4.086080551147461
804,2,2,1,0.11735440790653229,3.6869254112243652,0.08301777392625809,4.062417507171631,0.09456712007522583,4.043519496917725,0.07174744457006454,4.0797224044799805
805,2,2,1,0.12742894887924194,3.693319797515869,0.11450693011283875,4.059394359588623,0.11547353118658066,4.057732105255127,0.0754743292927742,4.072352886199951
806,2,2,1,0.1165771484375,3.7012288570404053,0.08634107559919357,4.138149738311768,0.09015265852212906,4.0254225730896,0.06600765138864517,4.035024166107178
807,2,2,1,0.12003248184919357,3.675833225250244,0.090750552713871,4.058032512664795,0.10180165618658066,4.0616679191589355,0.0749162957072258,4.118382453918457
808,2,2,1,0.123291015625,3.708749294281006,0.10443239659070969,4.113597393035889,0.10612643510103226,4.060281753540039,0.07162787020206451,4.058987140655518
809,2,2,1,0.12561781704425812,3.7003211975097656,0.10767597705125809,4.096524715423584,0.11025191098451614,4.067516326904297,0.07025270909070969,4.111489295959473
810,2,2,1,0.11811423301696777,3.6943600177764893,0.08680444955825806,4.1129608154296875,0.09228515625,4.049238681793213,0.06782126426696777,4.048192977905273
811,2,2,1,0.11678890138864517,3.689270496368408,0.08361566811800003,4.101954460144043,0.09021244943141937,4.0558929443359375,0.06758210808038712,4.10468864440918
812,2,2,1,0.12985540926456451,3.69791841506958,0.11259865015745163,4.093411445617676,0.10769092291593552,4.055612087249756,0.06734295189380646,4.083456516265869
813,2,2,1,0.14499959349632263,3.671328544616699,0.1339983195066452,3.9665353298187256,0.13915018737316132,4.0075907707214355,0.08701370656490326,4.116124629974365
814,2,2,1,0.12075991928577423,3.6330196857452393,0.08559370785951614,4.006228446960449,0.11240433156490326,4.023404121398926,0.0906808003783226,4.180439472198486
815,2,2,1,0.11862742900848389,3.6936662197113037,0.09165237843990326,4.112150192260742,0.09945990145206451,4.059513092041016,0.07258450239896774,4.101317882537842
816,2,2,1,0.11894132196903229,3.6987266540527344,0.09419842064380646,4.088860511779785,0.09907126426696777,4.025749206542969,0.07274393737316132,4.0690412521362305
817,2,2,1,0.12060795724391937,3.694854736328125,0.09581772238016129,4.101138591766357,0.1019112691283226,4.06257963180542,0.07204639166593552,4.071922779083252
818,2,2,1,0.12182118743658066,3.633190155029297,0.09149792790412903,3.999183177947998,0.11539380997419357,4.0870466232299805,0.08972416818141937,4.171701431274414
819,2,2,1,0.11906339228153229,3.6885526180267334,0.08932556957006454,4.097836017608643,0.09738719463348389,4.06395149230957,0.0715680792927742,4.08994722366333
820,2,2,1,0.11539380997419357,3.6832470893859863,0.08079560101032257,4.1090898513793945,0.0943080335855484,3.970519781112671,0.07150828838348389,4.009754657745361
821,2,2,1,0.12606874108314514,3.6706254482269287,0.10154256969690323,4.050196170806885,0.10820910334587097,4.0875773429870605,0.07957987487316132,4.136739253997803
822,2,2,1,0.11715012788772583,3.6952898502349854,0.08776605874300003,4.095259666442871,0.09888193011283875,4.0474653244018555,0.07124920189380646,4.0774827003479
823,2,2,1,0.12526655197143555,3.6918044090270996,0.10818418860435486,4.048910617828369,0.11554328352212906,4.074687480926514,0.07726801186800003,4.125870704650879
824,2,2,1,0.11679637432098389,3.6856002807617188,0.08294802159070969,4.073162078857422,0.08825932443141937,4.005758285522461,0.06449298560619354,4.029357433319092
825,2,2,1,0.1177978515625,3.6763455867767334,0.08624640852212906,4.081513404846191,0.09508530050516129,4.039719104766846,0.07118941098451614,4.043673038482666
826,2,2,1,0.1206403449177742,3.662557363510132,0.089773990213871,4.06726598739624,0.10251913219690323,4.029840469360352,0.08288823068141937,4.123827934265137
827,2,2,1,0.12127062678337097,3.7068140506744385,0.09376494586467743,4.1210479736328125,0.09658003598451614,4.071295738220215,0.06355628371238708,4.064597129821777
828,2,2,1,0.1347407102584839,3.697037935256958,0.12744638323783875,4.051448345184326,0.12254862487316132,4.046836853027344,0.0758928582072258,4.114495754241943
829,2,2,1,0.12139518558979034,3.695807456970215,0.10284797102212906,4.090785980224609,0.11152742058038712,4.074338912963867,0.07948023080825806,4.110331058502197
830,2,2,1,0.12084462493658066,3.6305971145629883,0.08690907806158066,3.9658889770507812,0.11114875227212906,4.007261753082275,0.08920599520206451,4.122877597808838
831,2,2,1,0.12913793325424194,3.6948318481445312,0.11360012739896774,4.086227893829346,0.11157724261283875,4.082343578338623,0.06923628598451614,4.05670690536499
832,2,2,1,0.11652981489896774,3.692577362060547,0.08278857916593552,4.109051704406738,0.09201610088348389,4.018518447875977,0.06875797361135483,4.012463569641113
833,2,2,1,0.12244898080825806,3.70184326171875,0.09935028851032257,4.122567653656006,0.10000797361135483,4.060382843017578,0.06772162020206451,4.042966365814209
834,2,2,1,0.1270054429769516,3.7031443119049072,0.10604172945022583,4.078466415405273,0.10381457209587097,4.051449298858643,0.06421396881341934,4.0611419677734375
835,2,2,1,0.1402513086795807,3.6941630840301514,0.13155193626880646,4.017422199249268,0.12076490372419357,4.048601150512695,0.07047193497419357,4.064479827880859
836,2,2,1,0.12585946917533875,3.6777379512786865,0.10451211780309677,4.0469584465026855,0.10613639652729034,4.032203674316406,0.07272400707006454,4.015072822570801
837,2,2,1,0.12675879895687103,3.6847803592681885,0.10293267667293549,4.070090293884277,0.10781050473451614,4.0545334815979,0.07029256969690323,4.066061973571777
838,2,2,1,0.11744409799575806,3.689476728439331,0.0860770046710968,4.085031032562256,0.09434789419174194,4.0457329750061035,0.06885761767625809,4.105644226074219
839,2,2,1,0.12076739966869354,3.646347761154175,0.09570810198783875,4.040085315704346,0.11696826666593552,4.09950590133667,0.08926578611135483,4.238222599029541
840,2,2,1,0.1367635875940323,3.6713359355926514,0.12816385924816132,4.013451099395752,0.12690329551696777,4.093207836151123,0.08089524507522583,4.135008811950684
841,2,2,1,0.13516920804977417,3.693814754486084,0.12599648535251617,4.059237480163574,0.11577247828245163,4.085470676422119,0.07264429330825806,4.108642101287842
842,2,3,0,0.13525639474391937,3.6626083850860596,0.12639009952545166,3.9363739490509033,0.12888631224632263,3.944796562194824,0.10020726919174194,3.992044448852539
843,2,2,1,0.11588209122419357,3.688171863555908,0.08350107818841934,4.088370323181152,0.09830396622419357,4.039432525634766,0.07292331010103226,4.057392597198486
844,2,2,1,0.11686363816261292,3.6587934494018555,0.0799037367105484,4.0154643058776855,0.11357022821903229,3.963499069213867,0.08810985088348389,4.0717034339904785
845,2,2,1,0.12161939591169357,3.691103935241699,0.0982840359210968,4.060174465179443,0.10401386767625809,4.04608154296875,0.07461734861135483,4.097756385803223
846,2,2,1,0.12169662863016129,3.644728660583496,0.09089504927396774,4.003233909606934,0.11426777392625809,4.069242000579834,0.08713328838348389,4.149130821228027
847,2,2,1,0.1368756890296936,3.6965582370758057,0.13777503371238708,4.03370475769043,0.13354989886283875,4.108267307281494,0.0827287957072258,4.1628522872924805
848,2,2,1,0.11538882553577423,3.699641704559326,0.08195651322603226,4.145358562469482,0.09129862487316132,3.9452085494995117,0.06774155050516129,3.9661664962768555
849,2,2,1,0.13201530277729034,3.6759510040283203,0.11489556729793549,4.008889675140381,0.1198381707072258,4.044985771179199,0.0768694207072258,4.11096715927124
850,2,2,1,0.1204485222697258,3.6821444034576416,0.09453722834587097,4.075049877166748,0.10141302645206451,4.023877143859863,0.07186702638864517,4.063782691955566
851,2,2,1,0.13301429152488708,3.681699752807617,0.12237423658370972,4.022718906402588,0.12510961294174194,4.0501790046691895,0.07940050959587097,4.118724822998047
852,2,2,1,0.11841567605733871,3.667388916015625,0.08627630770206451,4.034823417663574,0.0972377210855484,4.037302494049072,0.07190688699483871,4.07566499710083
853,2,2,1,0.12651465833187103,3.688524007797241,0.10020726919174194,4.082189559936523,0.10613639652729034,4.033893585205078,0.06913663446903229,4.0049004554748535
854,2,2,1,0.12367964535951614,3.688957929611206,0.09998305886983871,4.071908950805664,0.11084980517625809,4.10625696182251,0.0760323628783226,4.153342247009277
855,2,2,1,0.11733946204185486,3.693488359451294,0.08674465864896774,4.104250431060791,0.10010761767625809,4.047481536865234,0.07314253598451614,4.046866416931152
856,2,2,1,0.1340157687664032,3.6738171577453613,0.11816903948783875,4.036808967590332,0.12210020422935486,4.079817295074463,0.07663025707006454,4.1326398849487305
857,2,2,1,0.1320975124835968,3.700744867324829,0.12027662247419357,4.077754974365234,0.1095145046710968,4.119199275970459,0.06764189898967743,4.1208014488220215
858,2,2,1,0.15065717697143555,3.68373703956604,0.1647700071334839,3.962019920349121,0.1496930718421936,3.9980695247650146,0.087890625,4.104308605194092
859,2,2,1,0.11808682978153229,3.6905338764190674,0.08727280050516129,4.082724571228027,0.09781568497419357,4.069784164428711,0.0728236585855484,4.073070526123047
860,2,2,1,0.12048837542533875,3.6289258003234863,0.08357581496238708,3.964588165283203,0.11128826439380646,3.998656988143921,0.08571826666593552,4.059521198272705
861,2,2,1,0.11793237924575806,3.6650753021240234,0.08533960580825806,4.036198139190674,0.10047632455825806,4.083011150360107,0.0736607164144516,4.096590995788574
862,2,2,1,0.12306680530309677,3.696558713912964,0.10310208052396774,4.097182750701904,0.10696348547935486,4.068101406097412,0.07238519936800003,4.082874298095703
863,2,2,1,0.12480319291353226,3.685689687728882,0.11468630284070969,4.0325398445129395,0.11972855031490326,4.065501689910889,0.07808513939380646,4.118938446044922
864,2,2,1,0.11670419573783875,3.6882550716400146,0.08253447711467743,4.106730937957764,0.09962930530309677,4.028605937957764,0.07862324267625809,4.05880880355835
865,2,2,1,0.12074248492717743,3.701033592224121,0.0969587042927742,4.088489055633545,0.09949976205825806,4.045368194580078,0.07013312727212906,4.08042049407959
866,2,2,1,0.12531886994838715,3.6919331550598145,0.10663464665412903,4.0814409255981445,0.10984335094690323,4.0681304931640625,0.07720822840929031,4.121063709259033
867,2,2,1,0.1186000257730484,3.6484761238098145,0.08575812727212906,4.027829647064209,0.10579758882522583,4.0617876052856445,0.07884247601032257,4.12942361831665
868,2,2,1,0.12035135924816132,3.659118175506592,0.09135841578245163,4.049192905426025,0.11040138453245163,4.111021041870117,0.08575812727212906,4.175691604614258
869,2,2,1,0.12383410334587097,3.682304620742798,0.09601203352212906,4.071043014526367,0.09931042790412903,4.038029193878174,0.06871811300516129,4.061774730682373
870,2,2,1,0.1179373562335968,3.6979362964630127,0.09063097834587097,4.091863632202148,0.10013751685619354,4.086376667022705,0.07427854090929031,4.122082233428955
871,2,2,1,0.1213204488158226,3.638103485107422,0.08677953481674194,3.99259352684021,0.11242426186800003,4.030313968658447,0.08693399280309677,4.165520191192627
872,2,2,1,0.11756118386983871,3.7005085945129395,0.08641083538532257,4.101712703704834,0.09467673301696777,4.0362067222595215,0.06818000227212906,4.056708335876465
873,2,2,1,0.11831353604793549,3.6832940578460693,0.084402896463871,4.085714340209961,0.09143813699483871,4.0636444091796875,0.06829958409070969,4.0980448722839355
874,2,2,1,0.12021932750940323,3.629110813140869,0.08647061884403229,3.974013328552246,0.11317163705825806,4.06093168258667,0.088309146463871,4.14195442199707
875,2,2,1,0.14155422151088715,3.6817550659179688,0.13258828222751617,3.999511480331421,0.13382892310619354,4.047430992126465,0.0835658460855484,4.1113762855529785
876,2,2,1,0.11684121936559677,3.6832263469696045,0.0854143425822258,4.106049060821533,0.09845343977212906,4.083704471588135,0.07467713207006454,4.11769437789917
877,2,2,1,0.1308070570230484,3.6972975730895996,0.12056560814380646,4.041367053985596,0.11424784362316132,4.053030967712402,0.07304288446903229,4.0668487548828125
878,2,2,1,0.12283511459827423,3.693856954574585,0.1035505011677742,4.068084716796875,0.10959422588348389,4.059829235076904,0.07872289419174194,4.085569858551025
879,2,2,1,0.12146244943141937,3.6970014572143555,0.1064801886677742,4.067380905151367,0.1061662957072258,4.051999092102051,0.07244499027729034,4.074828147888184
880,2,2,1,0.1199427992105484,3.656046152114868,0.08472675830125809,4.003587245941162,0.10033681243658066,4.049061298370361,0.07619180530309677,4.086843013763428
881,2,2,1,0.1259591281414032,3.6688356399536133,0.09790536761283875,4.049313068389893,0.10433274507522583,4.005539417266846,0.06804049760103226,3.964557647705078
882,2,2,1,0.13429975509643555,3.6846165657043457,0.13339544832706451,3.9653007984161377,0.13039101660251617,4.014138221740723,0.07676976919174194,4.105140209197998
883,2,2,1,0.12564772367477417,3.7055277824401855,0.11539879441261292,4.092008113861084,0.11334104090929031,4.092843532562256,0.07122927159070969,4.110240459442139
884,2,2,1,0.13976551592350006,3.6843483448028564,0.1394740492105484,3.9553816318511963,0.13526387512683868,3.9818034172058105,0.07989875227212906,4.06585168838501
885,2,1,0,0.11860998719930649,3.6709582805633545,0.08640086650848389,4.046075820922852,0.10873724520206451,4.0231852531433105,0.0864955335855484,4.107834339141846
886,2,2,1,0.11801956593990326,3.6710431575775146,0.08806002885103226,4.077118873596191,0.09883210808038712,4.030147075653076,0.0725446417927742,4.057417392730713
887,2,2,1,0.12005241215229034,3.6389708518981934,0.08303770422935486,3.972698926925659,0.1192801296710968,3.9774436950683594,0.09153778851032257,4.098410606384277
888,2,2,1,0.11746402084827423,3.6785857677459717,0.08316227048635483,4.067641258239746,0.09628108888864517,4.022665977478027,0.07043207436800003,4.035370826721191
889,2,2,1,0.13692551851272583,3.682568311691284,0.1425083726644516,3.953325033187866,0.13471579551696777,3.974036455154419,0.08246970176696777,4.062590599060059
890,2,2,1,0.11911072582006454,3.676880359649658,0.08473174273967743,4.049100399017334,0.09683912247419357,4.054949760437012,0.07178730517625809,4.096057891845703
891,2,2,1,0.12605877220630646,3.6791961193084717,0.10783043503761292,4.065659523010254,0.10495056957006454,4.0921950340271,0.06977438926696777,4.107969284057617
892,2,2,1,0.11883419752120972,3.6771347522735596,0.08931062370538712,4.073975086212158,0.1001674085855484,4.035017967224121,0.072265625,4.048814296722412
893,2,2,1,0.12043855339288712,3.6915295124053955,0.10102438926696777,4.08522367477417,0.10436264425516129,4.053470611572266,0.07401944696903229,4.098276615142822
894,2,2,1,0.11966627091169357,3.6522326469421387,0.08758170902729034,4.051939964294434,0.1090262234210968,4.075953006744385,0.0876116082072258,4.209280967712402
895,2,2,1,0.12180374562740326,3.7036590576171875,0.09961435198783875,4.086130142211914,0.10667450726032257,4.038579940795898,0.0697544664144516,4.049428462982178
896,2,2,1,0.12048090249300003,3.696166515350342,0.09503049403429031,4.090546607971191,0.09832389652729034,4.039424419403076,0.06897719949483871,4.041895389556885
897,2,2,1,0.11741171032190323,3.6834499835968018,0.08466696739196777,4.084034442901611,0.09376993030309677,4.026248455047607,0.06732302159070969,4.016873836517334
898,2,2,1,0.13492506742477417,3.6845827102661133,0.12144750356674194,4.044676780700684,0.11715760082006454,4.066938877105713,0.0771484375,4.101007461547852
899,2,2,1,0.1251395046710968,3.657071113586426,0.10053113102912903,4.017940998077393,0.120047427713871,4.071470260620117,0.09052136540412903,4.176574230194092
900,2,2,1,0.11981325596570969,3.66717267036438,0.09184171259403229,4.067704677581787,0.10080516338348389,4.017299175262451,0.07802534848451614,4.007407188415527
901,2,2,1,0.12831582129001617,3.689556837081909,0.11023198068141937,4.047414779663086,0.11100924760103226,4.0636444091796875,0.07174744457006454,4.07111120223999
902,2,2,1,0.11866728961467743,3.6764705181121826,0.08854831010103226,4.067465782165527,0.09887196868658066,4.053114414215088,0.07091039419174194,4.04749870300293
903,2,2,1,0.13751594722270966,3.704021692276001,0.13868184387683868,4.017784118652344,0.1330915093421936,4.070679664611816,0.07788584381341934,4.09493350982666
904,2,2,1,0.12020935863256454,3.6360018253326416,0.08364556729793549,4.002323150634766,0.10995296388864517,4.039332866668701,0.08575812727212906,4.132698059082031
905,2,2,1,0.11802206188440323,3.6812665462493896,0.087576724588871,4.105422019958496,0.09559351205825806,4.037318706512451,0.07431839406490326,4.099758625030518
906,2,2,1,0.13806650042533875,3.6731202602386475,0.13708247244358063,3.979391574859619,0.13592155277729034,4.022213935852051,0.08229033648967743,4.188665390014648
907,2,2,1,0.13768285512924194,3.688783645629883,0.13581691682338715,4.005796432495117,0.12921516597270966,4.094701766967773,0.08127391338348389,4.149583339691162
908,2,2,1,0.11852030456066132,3.690635919570923,0.08783581852912903,4.081853866577148,0.09338129311800003,4.028812408447266,0.06971460580825806,4.045454502105713
909,2,2,1,0.11614865064620972,3.694228172302246,0.08795539289712906,4.131422519683838,0.095703125,4.076218128204346,0.07011319696903229,4.092381954193115
910,2,2,1,0.12404336780309677,3.7017393112182617,0.10175183415412903,4.124669551849365,0.10387436300516129,4.092766761779785,0.07039222121238708,4.05860710144043
911,2,2,1,0.12048090249300003,3.6370291709899902,0.09055624157190323,4.0049519538879395,0.11355029791593552,4.102588653564453,0.08695392310619354,4.168003559112549
912,2,2,1,0.11777044832706451,3.7075560092926025,0.09161252528429031,4.130690097808838,0.10040656477212906,4.106093883514404,0.07389987260103226,4.122168064117432
913,2,2,1,0.13374671339988708,3.690483808517456,0.12412308156490326,4.049172878265381,0.1231863796710968,4.083967208862305,0.07348134368658066,4.120423316955566
914,2,2,1,0.11943957209587097,3.6613757610321045,0.0861467644572258,4.024465084075928,0.09932038933038712,4.064613342285156,0.07403937727212906,4.100134372711182
915,2,2,1,0.11776047945022583,3.6887876987457275,0.08649054914712906,4.0698771476745605,0.096121646463871,4.029545783996582,0.07041215151548386,4.025757312774658
916,2,2,1,0.11759854853153229,3.686622142791748,0.08613181114196777,4.081217288970947,0.09391940385103226,4.025251865386963,0.07089046388864517,4.064661026000977
917,2,2,1,0.1290034055709839,3.69862699508667,0.11979831010103226,4.069913387298584,0.11992785334587097,4.064727783203125,0.07688935101032257,4.102643966674805
918,2,2,1,0.1183907613158226,3.679713010787964,0.08620157092809677,4.081671714782715,0.0980050191283226,4.0761566162109375,0.07306281477212906,4.109929084777832
919,2,2,1,0.12021932750940323,3.689889430999756,0.09216058999300003,4.0677409172058105,0.09736726433038712,4.056902885437012,0.06943558901548386,4.083524703979492
920,2,2,1,0.11806192249059677,3.6925787925720215,0.08340641111135483,4.104121685028076,0.09228515625,4.031206130981445,0.06889747828245163,4.034133434295654
921,2,2,1,0.12396364659070969,3.7140674591064453,0.09896663576364517,4.143885612487793,0.0977260023355484,4.057816028594971,0.06455277651548386,4.105896949768066
922,2,2,1,0.11662448197603226,3.6845388412475586,0.08643574267625809,4.113903522491455,0.0958426296710968,4.062591075897217,0.06993383169174194,4.0721001625061035
923,2,2,1,0.13897579908370972,3.698669910430908,0.13510443270206451,4.001880645751953,0.13088926672935486,4.006699562072754,0.08522002398967743,4.110851287841797
924,2,2,1,0.12310168147087097,3.6900675296783447,0.10510004311800003,4.06537389755249,0.1133510023355484,4.108395576477051,0.078543521463871,4.131692409515381
925,2,2,1,0.11974350363016129,3.6932759284973145,0.09118901193141937,4.096874713897705,0.09506537020206451,4.024528503417969,0.06690449267625809,4.066428184509277
926,2,2,1,0.12446188926696777,3.6773619651794434,0.10049624741077423,4.053842544555664,0.1067243292927742,4.045097827911377,0.07336176186800003,4.079054832458496
927,2,2,1,0.12425262480974197,3.6908133029937744,0.10607660561800003,4.054438591003418,0.10936503112316132,4.051662921905518,0.07405930757522583,4.100646018981934
928,2,2,1,0.11784518510103226,3.6871299743652344,0.08804508298635483,4.100899696350098,0.09466677159070969,4.05336856842041,0.06804049760103226,4.032805919647217
929,2,2,1,0.11935736238956451,3.6461145877838135,0.08290816098451614,4.001682758331299,0.11127829551696777,4.028566360473633,0.08502072840929031,4.1502580642700195
930,2,2,1,0.12559041380882263,3.673457145690918,0.10228993743658066,4.028397560119629,0.11291254311800003,4.082693576812744,0.07886240631341934,4.125853061676025
931,2,2,1,0.14519640803337097,3.6796321868896484,0.14195531606674194,3.961742401123047,0.14786949753761292,4.01125431060791,0.09139827638864517,4.1194939613342285
932,2,2,1,0.12798947095870972,3.6851837635040283,0.1067940816283226,4.059111595153809,0.11524433642625809,4.084306240081787,0.07387994229793549,4.073914051055908
933,2,2,1,0.13208256661891937,3.6842453479766846,0.11479591578245163,4.063932418823242,0.11942960321903229,4.106633186340332,0.07746731489896774,4.132493019104004
934,2,2,1,0.1258893609046936,3.6967525482177734,0.11025191098451614,4.043835639953613,0.11043127626180649,4.067947864532471,0.0749162957072258,4.116786479949951
935,2,2,1,0.1210065558552742,3.6396968364715576,0.08972915261983871,4.007107734680176,0.11343072354793549,4.035667419433594,0.08701370656490326,4.144754886627197
936,2,2,1,0.13412538170814514,3.6784300804138184,0.11917051672935486,4.0221171379089355,0.12252869457006454,4.062784671783447,0.07997847348451614,4.144530296325684
937,2,2,1,0.12340561300516129,3.6880247592926025,0.1072823628783226,4.037386417388916,0.11134805530309677,4.066135883331299,0.07405930757522583,4.110602855682373
938,2,2,1,0.1200299933552742,3.6374711990356445,0.08498086780309677,3.9849319458007812,0.10809949040412903,4.033923149108887,0.08238998800516129,4.138364791870117
939,2,2,1,0.118948794901371,3.693279266357422,0.08920101076364517,4.112550735473633,0.09093988686800003,4.046679973602295,0.06536989659070969,4.037805080413818
940,2,2,1,0.11846798658370972,3.6949572563171387,0.09090003371238708,4.1243696212768555,0.09646045416593552,4.0546488761901855,0.06792091578245163,4.068075180053711
941,2,2,1,0.11635791510343552,3.679084539413452,0.08144331723451614,4.076899528503418,0.08967434614896774,4.036004066467285,0.06748246401548386,4.044595241546631
942,2,2,1,0.12427255511283875,3.648925542831421,0.09750677645206451,4.031425476074219,0.11492545902729034,4.094944953918457,0.08842872828245163,4.216136932373047
943,2,2,1,0.1256352663040161,3.699688673019409,0.10550861060619354,4.105449676513672,0.10305723547935486,4.069328784942627,0.06955516338348389,4.081948280334473
944,2,2,1,0.11818896979093552,3.6713249683380127,0.0870535671710968,4.071256637573242,0.10343590378761292,4.05934476852417,0.07581313699483871,4.0885910987854
945,2,2,1,0.12546585500240326,3.7004547119140625,0.10211057215929031,4.110324859619141,0.1027483269572258,4.1006693840026855,0.07391980290412903,4.138312339782715
946,2,2,1,0.11978086829185486,3.6895864009857178,0.0894949734210968,4.096815586090088,0.09274353832006454,4.082733631134033,0.07208625227212906,4.142383098602295
947,2,2,1,0.13701021671295166,3.6813645362854004,0.13606105744838715,3.968104600906372,0.1360112428665161,4.005568027496338,0.08773118257522583,4.124943256378174
948,2,3,0,0.11692342907190323,3.6823198795318604,0.08196647465229034,4.083034515380859,0.09290298074483871,4.020915985107422,0.06758210808038712,4.016808986663818
949,2,2,1,0.12074248492717743,3.6934821605682373,0.10342593491077423,4.054388523101807,0.10685387253761292,4.043644428253174,0.07378029078245163,4.109130382537842
950,2,2,1,0.12057556957006454,3.7024381160736084,0.09862782806158066,4.092346668243408,0.10453204810619354,4.082364082336426,0.07766661047935486,4.147806167602539
951,2,2,1,0.13574965298175812,3.702739953994751,0.1232561394572258,4.079876899719238,0.11045120656490326,4.094640731811523,0.06377550959587097,4.055624961853027
952,2,2,1,0.12014459073543549,3.642129898071289,0.08545419573783875,4.005830764770508,0.1103515625,4.059328079223633,0.08880739659070969,4.150583267211914
953,2,2,1,0.11657963693141937,3.688819646835327,0.08714325726032257,4.093824863433838,0.096609927713871,4.039092540740967,0.07266422361135483,4.065825462341309
954,2,2,1,0.12099160999059677,3.683427095413208,0.09529954195022583,4.084383487701416,0.104910708963871,4.08225679397583,0.07346141338348389,4.073521614074707
955,2,2,1,0.12704530358314514,3.666862726211548,0.11173668503761292,4.049050331115723,0.11989795416593552,4.110289096832275,0.083426333963871,4.155040740966797
956,2,2,1,0.12011469155550003,3.6965675354003906,0.09432297945022583,4.097512245178223,0.1013532355427742,4.0388360023498535,0.07314253598451614,4.063487529754639
957,2,2,1,0.12106136232614517,3.6952567100524902,0.09583266824483871,4.083498001098633,0.09922073781490326,4.050316333770752,0.07093032449483871,4.094970703125
958,2,2,1,0.11756118386983871,3.6917567253112793,0.08545918017625809,4.092467308044434,0.09349091351032257,4.036559581756592,0.06700414419174194,4.038370132446289
959,2,2,1,0.1403210610151291,3.687178134918213,0.138671875,3.996478796005249,0.12775032222270966,4.0121684074401855,0.07732780277729034,4.098196029663086
960,2,2,1,0.12069016695022583,3.6912026405334473,0.09437280893325806,4.07845401763916,0.10015744715929031,4.037707805633545,0.07344148308038712,4.04993200302124
961,2,2,1,0.12298209965229034,3.678746461868286,0.09574298560619354,4.083420276641846,0.10339604318141937,4.079221248626709,0.07134885340929031,4.071228981018066
962,2,2,1,0.11964136362075806,3.6868298053741455,0.0937151238322258,4.101812839508057,0.09826410561800003,4.067741394042969,0.0724051296710968,4.139278888702393
963,2,2,1,0.11890894174575806,3.690096616744995,0.08643075823783875,4.095866680145264,0.09279336780309677,4.0694804191589355,0.06644611060619354,4.056088924407959
964,2,2,1,0.1314348429441452,3.6956348419189453,0.12741151452064514,4.047591209411621,0.12515944242477417,4.09068489074707,0.07467713207006454,4.124899864196777
965,2,2,1,0.11922033876180649,3.6948344707489014,0.09037686884403229,4.122663974761963,0.0954241082072258,4.110902309417725,0.07067123800516129,4.1971235275268555
966,2,2,1,0.1285749077796936,3.6910736560821533,0.1161760613322258,4.054852485656738,0.11017218977212906,4.057163715362549,0.06823979318141937,4.061039924621582
967,2,2,1,0.12180624157190323,3.6281957626342773,0.08802515268325806,3.945944309234619,0.1160016730427742,4.007043838500977,0.08964444696903229,4.103379249572754
968,2,2,1,0.1248604878783226,3.709277629852295,0.10525450110435486,4.11204719543457,0.10307716578245163,4.071828842163086,0.06853874027729034,4.073858737945557
969,2,2,1,0.11760353296995163,3.6955959796905518,0.08863799273967743,4.116638660430908,0.09918088465929031,4.068220615386963,0.07047193497419357,4.041572570800781
970,2,2,1,0.13060526549816132,3.7111165523529053,0.12415795773267746,4.0590715408325195,0.11761599034070969,4.0665082931518555,0.07613201439380646,4.105759143829346
971,2,2,1,0.11961644887924194,3.6882431507110596,0.0915178582072258,4.076328277587891,0.09857302159070969,4.039729118347168,0.06913663446903229,4.06514835357666
972,2,2,1,0.1251395046710968,3.6612119674682617,0.09764130413532257,4.036485195159912,0.1129324734210968,4.081443786621094,0.08079560101032257,4.126048564910889
973,2,2,1,0.11726223677396774,3.6875505447387695,0.08386479318141937,4.1038498878479,0.09154774993658066,4.020137310028076,0.0711495503783226,4.078151226043701
974,2,2,1,0.11876942962408066,3.6785106658935547,0.09194634854793549,4.093963146209717,0.09942004084587097,4.014132499694824,0.07224569469690323,4.03613805770874
975,2,2,1,0.12080227583646774,3.6625559329986572,0.08927076309919357,4.032148361206055,0.11158721148967743,4.090641021728516,0.08609693497419357,4.174768447875977
976,2,2,1,0.12456901371479034,3.692458391189575,0.10915576666593552,4.0632643699646,0.11224489659070969,4.043501377105713,0.07447783648967743,4.027562141418457
977,2,2,1,0.12514448165893555,3.6703426837921143,0.10643534362316132,4.039134979248047,0.118094302713871,4.105138778686523,0.08854831010103226,4.1827592849731445
978,2,2,1,0.11648496985435486,3.6704306602478027,0.08242984861135483,4.06685209274292,0.09204599261283875,4.041896820068359,0.06837930530309677,4.0067033767700195
979,2,2,1,0.11650241166353226,3.689340353012085,0.08336156606674194,4.090729713439941,0.0954241082072258,4.052213668823242,0.07172751426696777,4.068908214569092
980,2,2,1,0.12568508088588715,3.681671380996704,0.1070382222533226,4.045710563659668,0.10681401193141937,4.06782341003418,0.0700334832072258,4.061752796173096
981,2,2,1,0.11695332080125809,3.6839346885681152,0.0833914577960968,4.095297813415527,0.09259406477212906,4.056607723236084,0.06955516338348389,4.050143241882324
982,2,2,1,0.12392129749059677,3.7140300273895264,0.10033681243658066,4.151703357696533,0.09624122828245163,4.040070533752441,0.05911192297935486,4.06641960144043
983,2,2,1,0.11641521751880646,3.6823883056640625,0.08250956237316132,4.07608699798584,0.09980867058038712,4.04822301864624,0.07772640138864517,4.1182050704956055
984,2,2,1,0.12128058820962906,3.66292142868042,0.08949995785951614,4.046929836273193,0.11031170189380646,4.07967472076416,0.084402896463871,4.1704840660095215
985,2,2,1,0.12154217064380646,3.6864187717437744,0.0979352667927742,4.0853681564331055,0.10526944696903229,4.036349773406982,0.07421875,4.0784101486206055
986,2,2,1,0.1204833984375,3.622128486633301,0.08461714535951614,3.9514219760894775,0.1163504421710968,4.021069049835205,0.09024234861135483,4.159010410308838
987,2,2,1,0.13790956139564514,3.6910834312438965,0.142822265625,3.9747776985168457,0.14238879084587097,4.0470290184021,0.08852837979793549,4.1861772537231445
988,2,2,1,0.14844247698783875,3.6893398761749268,0.15332528948783875,4.015142917633057,0.13836295902729034,4.066330432891846,0.08129384368658066,4.132140159606934
989,2,2,1,0.11939971148967743,3.691307783126831,0.09347596019506454,4.085176467895508,0.10349569469690323,4.0344696044921875,0.07344148308038712,4.068928241729736
990,2,2,1,0.1213727667927742,3.6524219512939453,0.09293785691261292,4.021980285644531,0.11305205523967743,4.0777435302734375,0.08737244457006454,4.175866603851318
991,2,2,1,0.12309420853853226,3.6893606185913086,0.11285773664712906,4.045825958251953,0.1199776753783226,4.084219455718994,0.07886240631341934,4.134950637817383
992,2,2,1,0.11763342469930649,3.6924543380737305,0.08778101205825806,4.089113235473633,0.09888193011283875,4.0906982421875,0.07304288446903229,4.075579643249512
993,2,2,1,0.11873205751180649,3.6541335582733154,0.08545918017625809,4.04308557510376,0.10376474261283875,4.020455360412598,0.08235012739896774,4.118586540222168
994,2,2,1,0.118582583963871,3.6972899436950684,0.08869778364896774,4.127064228057861,0.09017258882522583,4.058791160583496,0.06407445669174194,4.046656131744385
995,2,2,1,0.12153718620538712,3.684807062149048,0.09295778721570969,4.079326629638672,0.1007254421710968,4.053126335144043,0.0711495503783226,4.040056228637695
996,2,2,1,0.12278030812740326,3.6953840255737305,0.09860291332006454,4.092572212219238,0.10545878112316132,4.070774078369141,0.07330197840929031,4.095432281494141
997,2,2,1,0.1317063868045807,3.665203809738159,0.10641541332006454,4.027952194213867,0.11164700239896774,4.058104038238525,0.07238519936800003,4.0707597732543945
998,2,2,1,0.1333705335855484,3.681859016418457,0.12105388939380646,4.050502300262451,0.11772560328245163,4.0411376953125,0.0711495503783226,4.066386699676514
999,2,2,1,0.13568489253520966,3.694023609161377,0.13269291818141937,4.03060245513916,0.12701290845870972,4.047544479370117,0.07643096148967743,4.1022162437438965
1000,2,2,1,0.12139518558979034,3.6834943294525146,0.10180165618658066,4.0632829666137695,0.11163703352212906,4.046951770782471,0.07963966578245163,4.067567348480225
1001,2,2,1,0.12169911712408066,3.6838958263397217,0.09488599747419357,4.053770065307617,0.10483099520206451,4.064163684844971,0.07180723547935486,4.094088077545166
1002,2,2,1,0.11630062013864517,3.692378520965576,0.0832868292927742,4.112646579742432,0.09184669703245163,4.044917106628418,0.06814014166593552,4.041532516479492
1003,2,2,1,0.1229248046875,3.6977686882019043,0.10280313342809677,4.104492664337158,0.09954958409070969,4.052852630615234,0.06746253371238708,4.080059051513672
1004,2,2,1,0.11665686219930649,3.705383539199829,0.09074557572603226,4.142974853515625,0.09480627626180649,4.083560943603516,0.07015305757522583,4.199999809265137
1005,2,2,1,0.11696328967809677,3.681640148162842,0.08418367058038712,4.07871675491333,0.09832389652729034,4.051788806915283,0.07439811527729034,4.0792927742004395
1006,2,2,1,0.13071736693382263,3.6990909576416016,0.11988300830125809,4.0810441970825195,0.12138272821903229,4.085789203643799,0.07513552159070969,4.103713512420654
1007,2,2,1,0.11525679379701614,3.687668800354004,0.08277363330125809,4.0884246826171875,0.09498564898967743,4.076059818267822,0.07186702638864517,4.12118673324585
1008,2,2,1,0.1318110227584839,3.699697494506836,0.12668904662132263,4.047626495361328,0.12976323068141937,4.056903839111328,0.08302774280309677,4.125540256500244
1009,2,2,1,0.13146473467350006,3.665422201156616,0.11313675343990326,4.022900581359863,0.11257373541593552,4.054882049560547,0.07270407676696777,4.0679826736450195
1010,2,2,1,0.11818896979093552,3.6623666286468506,0.08584781736135483,4.058792591094971,0.09945990145206451,4.064321994781494,0.07372049987316132,4.087050437927246
1011,2,2,1,0.12028659135103226,3.6896281242370605,0.09397421032190323,4.093791484832764,0.098563052713871,4.040643215179443,0.07252471148967743,4.062654495239258
1012,2,2,1,0.12148985266685486,3.6224701404571533,0.08568339049816132,3.9715065956115723,0.11305205523967743,3.992772102355957,0.08944515138864517,4.150846481323242
1013,2,2,1,0.11849041283130646,3.6515989303588867,0.08601722121238708,4.038809299468994,0.10383450239896774,4.05316686630249,0.08424346148967743,4.209604740142822
1014,2,2,1,0.11768823862075806,3.68976092338562,0.08696388453245163,4.108743190765381,0.09599210321903229,4.100799560546875,0.07069116830825806,4.087961673736572
1015,2,2,1,0.13531120121479034,3.6627819538116455,0.12309171259403229,3.9672131538391113,0.11971858888864517,4.043948650360107,0.07912149280309677,4.111334800720215
1016,2,2,1,0.13083694875240326,3.6919209957122803,0.11099429428577423,4.069309234619141,0.11517458409070969,4.08470344543457,0.0747767835855484,4.104477405548096
1017,2,2,1,0.1317063868045807,3.6922903060913086,0.1137346550822258,4.031585216522217,0.11387914419174194,4.051364898681641,0.07065130770206451,4.061777114868164
1018,2,2,1,0.13990503549575806,3.6800692081451416,0.13100884854793549,3.994523525238037,0.1336495578289032,4.064792633056641,0.08470185101032257,4.148235321044922
1019,2,2,1,0.12429248541593552,3.689769983291626,0.11486566811800003,4.05409049987793,0.1179547980427742,4.0843963623046875,0.07720822840929031,4.102735996246338
1020,2,2,1,0.11892139166593552,3.6726579666137695,0.08812978118658066,4.064733028411865,0.09928052872419357,4.034627914428711,0.07007334381341934,4.0614333152771
1021,2,2,1,0.12139518558979034,3.696812868118286,0.1012137234210968,4.096288204193115,0.1044921875,4.0541672706604,0.07611208409070969,4.090599536895752
1022,2,2,1,0.12263333052396774,3.690509080886841,0.10832370072603226,4.05859899520874,0.11158721148967743,4.069030284881592,0.07768654078245163,4.097999095916748
1023,2,2,1,0.11863988637924194,3.690086841583252,0.08997329324483871,4.106822490692139,0.09431799501180649,4.086635112762451,0.068359375,4.111953258514404
1024,2,2,1,0.11663693189620972,3.6879899501800537,0.08467195183038712,4.114511013031006,0.09351083636283875,4.021632671356201,0.06955516338348389,4.039255142211914
1025,2,2,1,0.13208505511283875,3.674386978149414,0.1162806898355484,4.021167278289795,0.12264827638864517,4.024780750274658,0.07746731489896774,4.141240119934082
1026,2,2,1,0.11697573959827423,3.655904531478882,0.08273377269506454,4.02439022064209,0.11169682443141937,4.043447017669678,0.0905412957072258,4.150341033935547
1027,2,2,1,0.12167420238256454,3.696709632873535,0.1015276238322258,4.097904682159424,0.10464166104793549,4.078944683074951,0.06967474520206451,4.0860981941223145
1028,2,2,1,0.11728216707706451,3.701495409011841,0.08285833895206451,4.118159770965576,0.09111925959587097,4.078740119934082,0.06538982689380646,4.082292079925537
1029,2,2,1,0.12117346376180649,3.6986842155456543,0.09349589049816132,4.102850914001465,0.09836375713348389,4.056833267211914,0.06740274280309677,4.040804386138916
1030,2,2,1,0.1436593234539032,3.6822738647460938,0.14458605647087097,3.991178274154663,0.1350446343421936,4.037485122680664,0.07643096148967743,4.094654560089111
1031,2,2,1,0.12266571074724197,3.645585775375366,0.09986347705125809,4.004390716552734,0.12096420675516129,4.080072402954102,0.09255420416593552,4.197889804840088
1032,2,2,1,0.11800213158130646,3.67965030670166,0.08606704324483871,4.0974297523498535,0.09738719463348389,4.043691635131836,0.07180723547935486,4.083263874053955
1033,2,2,1,0.12459641695022583,3.7010436058044434,0.10975366830825806,4.0693206787109375,0.10978356003761292,4.076427459716797,0.07497607916593552,4.0858588218688965
1034,2,2,1,0.117431640625,3.679091215133667,0.08712830394506454,4.093269348144531,0.0972377210855484,4.081061840057373,0.06812021881341934,4.082797050476074
1035,2,2,1,0.11632055044174194,3.683607578277588,0.08421356976032257,4.079813003540039,0.09383968263864517,4.050971508026123,0.06929607689380646,4.070750713348389
1036,2,2,1,0.12583206593990326,3.691011667251587,0.10932517051696777,4.070959568023682,0.11109893023967743,4.081980228424072,0.07112962007522583,4.029419898986816
1037,2,2,1,0.119315005838871,3.6885621547698975,0.09275350719690323,4.090782165527344,0.09922073781490326,4.028623104095459,0.06816007196903229,3.988011598587036
1038,2,2,1,0.11711525171995163,3.6945607662200928,0.08159777522087097,4.117237567901611,0.08723293989896774,4.020562171936035,0.06544961780309677,4.031973361968994
1039,2,2,1,0.11941216886043549,3.7013747692108154,0.08990354090929031,4.123420715332031,0.09454718977212906,4.110982418060303,0.06754224747419357,4.110062122344971
1040,2,2,1,0.11940718442201614,3.6842753887176514,0.08630619943141937,4.059981346130371,0.0935407355427742,4.0057525634765625,0.06786112487316132,4.021732807159424
1041,2,2,1,0.12202048301696777,3.68576979637146,0.10260383039712906,4.060845851898193,0.10578762739896774,4.078372478485107,0.07507573068141937,4.1194586753845215
1042,2,2,1,0.1368059366941452,3.6900665760040283,0.13184590637683868,4.013377666473389,0.13158680498600006,4.076864719390869,0.08352598547935486,4.119303226470947
1043,2,2,1,0.123465396463871,3.7000606060028076,0.10450214892625809,4.0714216232299805,0.10027702152729034,4.029513835906982,0.0682198628783226,4.014315128326416
1044,2,2,1,0.12064532935619354,3.6703972816467285,0.08695392310619354,4.023435592651367,0.10049624741077423,4.037878036499023,0.07551418989896774,4.113486289978027
1045,2,2,1,0.1190185546875,3.656954526901245,0.0846121609210968,4.014662742614746,0.1003069207072258,4.056825160980225,0.07601243257522583,4.048243522644043
1046,2,1,0,0.1515141725540161,3.676236152648926,0.15794403851032257,3.955772876739502,0.15777462720870972,4.01326322555542,0.09691884368658066,4.102406024932861
1047,2,2,1,0.12152472883462906,3.6869683265686035,0.09526965022087097,4.089692115783691,0.10124362260103226,4.036712646484375,0.07238519936800003,4.052037239074707
1048,2,2,1,0.12024423480033875,3.6816458702087402,0.09149294346570969,4.086750507354736,0.09243462979793549,4.058322429656982,0.06437340378761292,4.013312816619873
1049,2,2,1,0.12938953936100006,3.6948091983795166,0.11051099747419357,4.068485260009766,0.11240433156490326,4.063032150268555,0.07164780050516129,4.079833030700684
1050,2,2,1,0.11782525479793549,3.681178092956543,0.08410893380641937,4.07541036605835,0.09031210094690323,4.045459747314453,0.06672512739896774,4.0439066886901855
1051,2,2,1,0.11799216270446777,3.6663429737091064,0.08503567427396774,4.054432392120361,0.10070551186800003,4.043241500854492,0.07639110088348389,4.063136100769043
1052,2,2,1,0.11953423917293549,3.6919469833374023,0.08934549987316132,4.119785785675049,0.09283322840929031,4.080291748046875,0.06588806957006454,4.111917495727539
1053,2,2,1,0.11773058772087097,3.690465211868286,0.0892159566283226,4.092874050140381,0.09543406963348389,4.0593085289001465,0.07202646881341934,4.12811279296875
1054,2,2,1,0.12150479853153229,3.6433682441711426,0.09797512739896774,3.9809296131134033,0.12041613459587097,4.05925178527832,0.08836893737316132,4.154036998748779
1055,2,2,1,0.11745405942201614,3.6848793029785156,0.08348114788532257,4.098597526550293,0.09052136540412903,4.033685684204102,0.06525031477212906,4.010995864868164
1056,2,2,1,0.11817402392625809,3.7026519775390625,0.08752690255641937,4.107474327087402,0.09501554071903229,4.028212070465088,0.0693359375,4.044552803039551
1057,2,2,1,0.1388636976480484,3.6891696453094482,0.1340780407190323,4.025715351104736,0.13160674273967743,4.051185131072998,0.080496646463871,4.084179401397705
1058,2,2,1,0.14382871985435486,3.689177989959717,0.14536331593990326,3.976452350616455,0.14025630056858063,4.000284194946289,0.08386479318141937,4.088878154754639
1059,2,2,1,0.1317487359046936,3.680438756942749,0.13206014037132263,3.98905873298645,0.12850764393806458,4.033576488494873,0.07852359861135483,4.094923973083496
1060,2,2,1,0.11969118565320969,3.693516492843628,0.09191147238016129,4.1042985916137695,0.10171197354793549,4.08944845199585,0.07551418989896774,4.107944011688232
1061,2,2,1,0.12930983304977417,3.6679189205169678,0.11289261281490326,4.035925388336182,0.1150948628783226,4.127532482147217,0.07866310328245163,4.149227142333984
1062,2,2,1,0.11874202638864517,3.647679567337036,0.0837053582072258,4.002142906188965,0.11045120656490326,4.070191383361816,0.08797034621238708,4.187811374664307
1063,2,2,1,0.12347038090229034,3.7067511081695557,0.1009695827960968,4.119467258453369,0.09928052872419357,4.071765422821045,0.06521045416593552,4.085268974304199
1064,2,2,1,0.13295698165893555,3.667153835296631,0.11931002885103226,3.9929006099700928,0.1318359375,4.045275688171387,0.08619658648967743,4.154913425445557
1065,2,2,1,0.11995525658130646,3.685842514038086,0.09590740501880646,4.064418792724609,0.1011439710855484,4.03192138671875,0.07372049987316132,4.069748401641846
1066,2,3,0,0.11544861644506454,3.696387767791748,0.08166254311800003,4.111165523529053,0.09711813926696777,4.022778511047363,0.07503587007522583,4.035059928894043
1067,2,2,1,0.12010721862316132,3.694578170776367,0.09707330167293549,4.078940391540527,0.10705316811800003,4.043842315673828,0.07579320669174194,4.125690460205078
1068,2,2,1,0.1192452535033226,3.669410467147827,0.08862802386283875,4.06212043762207,0.103515625,4.05410099029541,0.07621173560619354,4.099372386932373
1069,2,2,1,0.14369668066501617,3.679530620574951,0.13906049728393555,3.9666428565979004,0.13708744943141937,4.0134477615356445,0.07997847348451614,4.104410648345947
1070,3,3,1,0.11509735137224197,3.6752235889434814,0.078787662088871,4.0470499992370605,0.10517976433038712,4.023874759674072,0.08085538446903229,4.09169340133667
1071,3,3,1,0.11484324932098389,3.6782143115997314,0.07900689542293549,4.070694446563721,0.10413344949483871,4.000382900238037,0.08089524507522583,4.060852527618408
1072,3,3,1,0.13333067297935486,3.6827168464660645,0.12695810198783875,3.984851360321045,0.12510961294174194,3.9949023723602295,0.09149792790412903,4.0280985832214355
1073,3,3,1,0.12040866166353226,3.6749632358551025,0.08924585580825806,4.083966255187988,0.10188137739896774,4.104948997497559,0.07969945669174194,4.167541980743408
1074,3,3,1,0.11663195490837097,3.6598031520843506,0.07975426316261292,4.030174255371094,0.11087970435619354,3.981306791305542,0.08274872601032257,4.0546722412109375
1075,3,3,1,0.11883170902729034,3.640566110610962,0.086669921875,4.029031276702881,0.11581233888864517,4.0221991539001465,0.09831393510103226,4.164605617523193
1076,3,3,1,0.11554079502820969,3.667090654373169,0.08145826309919357,4.081472873687744,0.1008649542927742,4.019265174865723,0.08047672361135483,4.105002403259277
1077,3,3,1,0.11658462136983871,3.6608402729034424,0.08170738816261292,4.041465759277344,0.10691366344690323,3.9743685722351074,0.0807756707072258,4.046138763427734
1078,3,3,1,0.11579489707946777,3.7006518840789795,0.0855887234210968,4.1549072265625,0.09300263226032257,4.021536350250244,0.07302295416593552,4.101528167724609
1079,3,3,1,0.11955167353153229,3.6173081398010254,0.08238998800516129,3.921807050704956,0.1282884180545807,4.009787082672119,0.09923070669174194,4.12211275100708
1080,3,3,1,0.1184430792927742,3.6274397373199463,0.08063117414712906,3.9402458667755127,0.12253866344690323,3.989346981048584,0.0977957546710968,4.103525638580322
1081,3,3,1,0.11648745834827423,3.6795482635498047,0.079764224588871,4.083515644073486,0.09571308642625809,3.9510672092437744,0.07055165618658066,3.980790853500366
1082,3,3,1,0.12037128955125809,3.6145122051239014,0.08204121142625809,3.9238431453704834,0.12733179330825806,3.983721971511841,0.10180165618658066,4.14310884475708
1083,3,3,1,0.11532904207706451,3.707089424133301,0.0824148952960968,4.14207124710083,0.09386957436800003,3.948619842529297,0.06624680757522583,4.015343189239502
1084,3,3,1,0.11666184663772583,3.695744037628174,0.08941525965929031,4.147665023803711,0.09961933642625809,4.083125114440918,0.07808513939380646,4.1135783195495605
1085,3,3,1,0.11456672102212906,3.6755893230438232,0.07872787863016129,4.062021255493164,0.10157246142625809,3.9654664993286133,0.07702885568141937,4.020698547363281
1086,3,3,1,0.11579489707946777,3.7006518840789795,0.0855887234210968,4.1549072265625,0.09300263226032257,4.021536350250244,0.07302295416593552,4.101528167724609
1087,3,3,1,0.11735440790653229,3.657503128051758,0.08287826925516129,4.049417018890381,0.10403379797935486,3.970402240753174,0.08087531477212906,4.074174404144287
1088,3,3,1,0.12091687321662903,3.689082622528076,0.09757652878761292,4.073325157165527,0.10503029078245163,3.961480140686035,0.08185187727212906,3.970294713973999
1089,3,3,1,0.12207778543233871,3.6231250762939453,0.09105448424816132,3.9223530292510986,0.1286870241165161,3.989623546600342,0.10251913219690323,4.143662452697754
1090,3,3,1,0.1181466206908226,3.6238269805908203,0.08047672361135483,3.923229217529297,0.1255580335855484,3.988412618637085,0.0979352667927742,4.121082782745361
1091,3,3,1,0.1167864128947258,3.6617889404296875,0.08104471862316132,4.032521724700928,0.1040736585855484,4.0038299560546875,0.07649075239896774,4.046117782592773
1092,3,3,1,0.11603156477212906,3.6605119705200195,0.08048170059919357,4.031139850616455,0.10685387253761292,3.9862911701202393,0.08336655050516129,4.077934265136719
1093,3,3,1,0.11570770293474197,3.679563283920288,0.08038703352212906,4.099231243133545,0.09494578838348389,3.974391222000122,0.06981424987316132,4.036825656890869
1094,3,3,1,0.12099658697843552,3.6839754581451416,0.0943429097533226,4.089622497558594,0.10018733888864517,4.031330585479736,0.07419881969690323,4.030351638793945
1095,3,3,1,0.11874202638864517,3.636665105819702,0.0823102667927742,3.9990921020507812,0.11792489886283875,4.00160551071167,0.09606186300516129,4.128630638122559
1096,3,3,1,0.11524932086467743,3.6855950355529785,0.07953503727912903,4.11545467376709,0.09127869457006454,3.9818778038024902,0.06600765138864517,4.02445650100708
1097,3,3,1,0.11639528721570969,3.6627070903778076,0.0796595960855484,4.016012191772461,0.11199577152729034,3.96165132522583,0.08765146136283875,4.057526111602783
1098,3,3,1,0.11970114707946777,3.6211366653442383,0.08138352632522583,3.926288604736328,0.12608617544174194,4.000948429107666,0.10068558156490326,4.1215362548828125
1099,3,3,1,0.117361880838871,3.6498196125030518,0.08440788090229034,4.013340473175049,0.10997289419174194,4.026821136474609,0.08679448068141937,4.101492404937744
1100,3,3,1,0.12935218214988708,3.6818172931671143,0.11893634498119354,4.0616230964660645,0.11025191098451614,4.13105583190918,0.0806361585855484,4.222936153411865
1101,3,3,1,0.11634296923875809,3.699042797088623,0.08145826309919357,4.12539005279541,0.0989118292927742,3.991839647293091,0.07585299760103226,4.049921035766602
1102,3,3,1,0.11683374643325806,3.6749753952026367,0.08500079810619354,4.0863423347473145,0.09950972348451614,4.002002716064453,0.0717075914144516,4.058921813964844
1103,3,3,1,0.11643265187740326,3.6625800132751465,0.07974430173635483,4.014745235443115,0.1086774542927742,3.955620765686035,0.082449771463871,4.0350494384765625
1104,3,3,1,0.11639528721570969,3.6627070903778076,0.0796595960855484,4.016012191772461,0.11199577152729034,3.96165132522583,0.08765146136283875,4.057526111602783
1105,3,3,1,0.11726223677396774,3.6948587894439697,0.08515524864196777,4.122110843658447,0.09406887739896774,3.9937500953674316,0.07025270909070969,4.0303544998168945
1106,3,3,1,0.11576002091169357,3.671659469604492,0.07812998443841934,4.046298027038574,0.10796994715929031,4.049376964569092,0.08390465378761292,4.123753070831299
1107,3,3,1,0.11674904078245163,3.6829123497009277,0.08200135082006454,4.109490871429443,0.09552375227212906,3.948988199234009,0.0703125,4.046485424041748
1108,3,3,1,0.11876444518566132,3.629685640335083,0.08118921518325806,3.96287202835083,0.12314651906490326,4.0052595138549805,0.09817442297935486,4.116321563720703
1109,3,3,1,0.11878687143325806,3.6352710723876953,0.08112942427396774,3.9773998260498047,0.1164202019572258,3.9880168437957764,0.09153778851032257,4.122577667236328
1110,3,3,1,0.12169164419174194,3.649545431137085,0.09848333895206451,4.025751113891602,0.12084462493658066,4.081965923309326,0.10168207436800003,4.203253746032715
1111,3,2,0,0.11605647951364517,3.6782724857330322,0.08332668989896774,4.075879096984863,0.10190130770206451,3.975552558898926,0.08069594949483871,4.070634841918945
1112,3,3,1,0.11706293374300003,3.6608641147613525,0.08043187856674194,4.026637077331543,0.10743183642625809,3.9923012256622314,0.08701370656490326,4.099633693695068
1113,3,3,1,0.11836584657430649,3.6409404277801514,0.08129384368658066,3.9715616703033447,0.11438735574483871,4.00862455368042,0.09024234861135483,4.075971603393555
1114,3,3,1,0.1449946165084839,3.6633620262145996,0.14517398178577423,3.9268627166748047,0.13959860801696777,3.9190521240234375,0.09247449040412903,3.9303879737854004
1115,3,3,1,0.11954918503761292,3.634241819381714,0.0851004421710968,3.974180221557617,0.12412308156490326,4.017581939697266,0.1028180792927742,4.198875904083252
1116,3,3,1,0.11787507683038712,3.6672160625457764,0.08273875713348389,4.034023761749268,0.10856784135103226,3.9784305095672607,0.085379458963871,4.044817924499512
1117,3,3,1,0.11529415845870972,3.684377670288086,0.0821707546710968,4.066638469696045,0.10254902392625809,3.99873685836792,0.08117426186800003,4.022342205047607
1118,3,3,1,0.11610381305217743,3.6686620712280273,0.07785096019506454,4.032959938049316,0.10583744943141937,3.964315891265869,0.07878268510103226,4.029850959777832
1119,3,3,1,0.11907833814620972,3.6291344165802,0.08098991215229034,3.948446750640869,0.12365473061800003,4.016842842102051,0.09817442297935486,4.117742538452148
1120,3,3,1,0.12002252042293549,3.6144089698791504,0.08219566941261292,3.9276232719421387,0.12951411306858063,3.9909210205078125,0.10166214406490326,4.1386003494262695
1121,3,2,0,0.11927265673875809,3.686906099319458,0.09424824267625809,4.113977432250977,0.10223014652729034,4.083633899688721,0.0770089253783226,4.170289993286133
1122,3,3,1,0.11672163754701614,3.6602566242218018,0.0811593160033226,4.035115718841553,0.10497049987316132,3.989177942276001,0.07768654078245163,4.041816234588623
1123,3,3,1,0.12045349925756454,3.668424606323242,0.09637077152729034,4.085565090179443,0.10984335094690323,4.074389934539795,0.09394929558038712,4.177980422973633
1124,3,3,1,0.11966627091169357,3.6176745891571045,0.08490613102912903,3.972712755203247,0.11599170416593552,4.018470764160156,0.09247449040412903,4.185344696044922
1125,3,3,1,0.11728964000940323,3.639939785003662,0.0808454230427742,3.9971649646759033,0.11652981489896774,3.964597225189209,0.09538424760103226,4.11011266708374
1126,3,3,1,0.11473363637924194,3.6888720989227295,0.07838907092809677,4.10646390914917,0.09483617544174194,3.9607019424438477,0.07344148308038712,4.031750202178955
1127,3,3,1,0.11473862081766129,3.677790641784668,0.079031802713871,4.060837268829346,0.10215042531490326,3.97678279876709,0.07856345176696777,4.035768508911133
1128,3,3,1,0.12268315255641937,3.6239898204803467,0.09281329810619354,3.9258642196655273,0.13013193011283875,3.982081413269043,0.10516980290412903,4.089444637298584
1129,3,3,1,0.1152518093585968,3.68460750579834,0.08142338693141937,4.094541549682617,0.09738719463348389,4.032027244567871,0.07555405050516129,4.103930473327637
1130,3,3,1,0.11905591934919357,3.6190834045410156,0.08041194826364517,3.934382438659668,0.12083465605974197,3.994887113571167,0.09600207209587097,4.111480236053467
1131,3,3,1,0.11585718393325806,3.6659786701202393,0.08014289289712906,4.027292728424072,0.1063058003783226,4.004499435424805,0.08490114659070969,4.116901397705078
1132,3,3,1,0.1207275390625,3.6125543117523193,0.08640086650848389,3.925321578979492,0.13052056729793549,3.9906091690063477,0.10409358888864517,4.113727569580078
1133,3,3,1,0.115234375,3.671804666519165,0.07981405407190323,4.056869983673096,0.10259885340929031,4.011946201324463,0.08282843977212906,4.054860591888428
1134,3,3,1,0.11678142845630646,3.671523332595825,0.08235012739896774,4.074600696563721,0.10483099520206451,3.984790802001953,0.08555883169174194,4.045655727386475
1135,3,3,1,0.11476103961467743,3.6697998046875,0.07893714308738708,4.0486650466918945,0.10585737973451614,4.011202335357666,0.07800541818141937,3.984670400619507
1136,3,0,0,0.11875198781490326,3.640387773513794,0.083182193338871,3.97526216506958,0.11658960580825806,3.9798290729522705,0.0924944207072258,4.124326705932617
1137,3,3,1,0.14718939363956451,3.6753041744232178,0.15116290748119354,3.9195425510406494,0.14111328125,3.8783984184265137,0.12278778105974197,3.890277624130249
1138,3,3,1,0.11555822938680649,3.6713664531707764,0.08017776906490326,4.0607757568359375,0.10132333636283875,3.947777271270752,0.07918128371238708,4.009564399719238
1139,3,3,1,0.16567930579185486,3.6599202156066895,0.19034996628761292,3.8361165523529053,0.17938855290412903,3.8452394008636475,0.11834342777729034,3.8960928916931152
1140,3,3,1,0.11970364302396774,3.61891770362854,0.0815080925822258,3.936854362487793,0.12379424273967743,4.006198406219482,0.0972377210855484,4.156384468078613
1141,3,3,1,0.11532654613256454,3.6778130531311035,0.07889728248119354,4.047553062438965,0.1032366082072258,3.9669883251190186,0.0758928582072258,3.996323585510254
1142,3,3,1,0.11497030407190323,3.7009966373443604,0.07988380640745163,4.138901233673096,0.08662507683038712,3.965949535369873,0.06224090978503227,3.949087381362915
1143,3,3,1,0.12416045367717743,3.5498104095458984,0.09101960808038712,3.78678560256958,0.16511878371238708,3.9159927368164062,0.12802933156490326,4.101494312286377
1144,3,3,1,0.1287393420934677,3.697582960128784,0.12256357073783875,4.066059589385986,0.11479591578245163,4.036718845367432,0.0739397332072258,4.091644287109375
1145,3,3,1,0.11884167790412903,3.628626585006714,0.08208605647087097,3.967405080795288,0.11936981230974197,3.9942398071289062,0.09638074040412903,4.125516891479492
1146,3,3,1,0.11541125178337097,3.6681201457977295,0.07999341934919357,4.049081325531006,0.10340601205825806,3.9936397075653076,0.07975924760103226,4.090704441070557
1147,3,3,1,0.11630310863256454,3.6624398231506348,0.07783601433038712,3.9964792728424072,0.10589724034070969,3.936953067779541,0.08129384368658066,4.002942085266113
1148,3,3,1,0.1176583394408226,3.6829066276550293,0.08567841351032257,4.117062091827393,0.09780572354793549,3.9924604892730713,0.08171237260103226,4.152926921844482
1149,3,3,1,0.11851532012224197,3.623000383377075,0.07996851205825806,3.9437382221221924,0.12282764166593552,3.9931039810180664,0.09799505770206451,4.117144584655762
1150,3,3,1,0.13872168958187103,3.6653976440429688,0.1340680718421936,3.9239258766174316,0.13333067297935486,3.9070253372192383,0.1057477667927742,3.929513692855835
1151,3,3,1,0.11655721813440323,3.657383441925049,0.0806361585855484,4.018289566040039,0.11003268510103226,4.021282196044922,0.0852399542927742,4.10965633392334
1152,3,3,1,0.11601413041353226,3.6955699920654297,0.09282824397087097,4.175674915313721,0.09252431243658066,4.096499919891357,0.0784040167927742,4.199796676635742
1153,3,3,1,0.11548847705125809,3.6719229221343994,0.07865811884403229,4.0544753074646,0.10158243030309677,3.9928388595581055,0.07776626199483871,4.026909351348877
1154,3,3,1,0.1247209832072258,3.7047178745269775,0.11396882683038712,4.096485137939453,0.10138312727212906,4.068114757537842,0.08498086780309677,4.151969909667969
1155,3,3,1,0.11625577509403229,3.664980888366699,0.08041194826364517,4.030485153198242,0.10691366344690323,3.9812657833099365,0.08039700239896774,4.087506294250488
1156,3,3,1,0.11613868921995163,3.674424648284912,0.0786481574177742,4.0539751052856445,0.10319674760103226,3.952491283416748,0.0765904039144516,3.96799373626709
1157,3,3,1,0.11661700904369354,3.658499002456665,0.07844886183738708,4.011051177978516,0.10646524280309677,3.9785661697387695,0.08051657676696777,4.010643482208252
1158,3,3,1,0.15943129360675812,3.674234628677368,0.179443359375,3.891350746154785,0.15616030991077423,3.8700146675109863,0.11407843977212906,3.9807827472686768
1159,3,3,1,0.15124012529850006,3.6714324951171875,0.15741589665412903,3.9116921424865723,0.1443219780921936,3.879237651824951,0.10622607916593552,3.995684862136841
1160,3,3,1,0.1208321675658226,3.6039626598358154,0.08474170416593552,3.893990993499756,0.13782484829425812,3.9799726009368896,0.10991310328245163,4.150498867034912
1161,3,3,1,0.11510483175516129,3.679746389389038,0.08111945539712906,4.095633029937744,0.09077048301696777,3.9552090167999268,0.06546954810619354,4.058143138885498
1162,3,3,1,0.11763342469930649,3.683220624923706,0.08624640852212906,4.101271152496338,0.09267378598451614,4.088602066040039,0.0770089253783226,4.065993785858154
1163,3,3,1,0.11747398972511292,3.6353726387023926,0.07873285561800003,3.9621567726135254,0.11420798301696777,4.001047134399414,0.08920599520206451,4.117739200592041
1164,3,3,1,0.14387106895446777,3.6871049404144287,0.15306620299816132,3.9572930335998535,0.13491509854793549,3.9258439540863037,0.09783561527729034,3.9879813194274902
1165,3,3,1,0.11558812856674194,3.666386365890503,0.07925602048635483,4.030301094055176,0.10751155763864517,3.964315414428711,0.08073581010103226,4.032090663909912
1166,3,3,1,0.11673907935619354,3.6632308959960938,0.08715321868658066,4.05179500579834,0.10634566098451614,4.054441452026367,0.08745216578245163,4.127620697021484
1167,3,3,1,0.11641521751880646,3.6501176357269287,0.07929587364196777,3.9964184761047363,0.11150749027729034,3.9957103729248047,0.0890066921710968,4.09001350402832
1168,3,3,1,0.1645956188440323,3.6534886360168457,0.18204918503761292,3.8758552074432373,0.17197464406490326,3.8720014095306396,0.10020726919174194,3.9287986755371094
1169,3,3,1,0.1273019015789032,3.6907827854156494,0.11521942168474197,4.024821758270264,0.11287268251180649,4.023483753204346,0.10481106489896774,4.088229656219482
1170,3,3,1,0.11769820004701614,3.6620805263519287,0.0842633917927742,4.056764602661133,0.10324656963348389,4.020750999450684,0.08025749027729034,4.109262466430664
1171,3,3,1,0.11466886103153229,3.6710116863250732,0.08061622828245163,4.061310291290283,0.10204081237316132,4.005859375,0.08143335580825806,4.067058086395264
1172,3,3,1,0.11689352989196777,3.6515920162200928,0.07971440255641937,3.9775609970092773,0.1154436394572258,3.995425224304199,0.0890066921710968,4.095835208892822
1173,3,3,1,0.11650490015745163,3.653059959411621,0.07996851205825806,3.9966354370117188,0.11407843977212906,3.9462788105010986,0.08806999027729034,4.028965950012207
1174,3,3,1,0.12026914954185486,3.6157798767089844,0.08193658292293549,3.9361507892608643,0.1251993030309677,4.007879734039307,0.09701849520206451,4.080731391906738
1175,3,3,1,0.1208321675658226,3.6327855587005615,0.08477160334587097,3.9712002277374268,0.115652896463871,4.013700008392334,0.091796875,4.121580600738525
1176,3,3,1,0.11888901144266129,3.677807331085205,0.09298767894506454,4.043294429779053,0.11079001426696777,4.0250043869018555,0.09765625,4.081836700439453
1177,3,3,1,0.1235177144408226,3.684959888458252,0.0989815816283226,4.064029216766357,0.10912587493658066,4.020272254943848,0.08378507196903229,4.094671726226807
1178,3,3,1,0.11550591886043549,3.67169189453125,0.07966458052396774,4.044092655181885,0.10397400707006454,3.961184501647949,0.07804527878761292,3.9956588745117188
1179,3,3,1,0.1162109375,3.6641013622283936,0.08039700239896774,4.030800819396973,0.10841836780309677,4.014705657958984,0.08382493257522583,4.107227802276611
1180,3,3,1,0.11542868614196777,3.687119722366333,0.08137356489896774,4.095824241638184,0.09628108888864517,3.9832332134246826,0.07234534621238708,4.050688743591309
1181,3,3,1,0.11693588644266129,3.6647562980651855,0.08222058415412903,4.051751136779785,0.10538902878761292,3.987802505493164,0.0838448628783226,4.061326503753662
1182,3,3,1,0.11667181551456451,3.6660261154174805,0.08554388582706451,4.061855792999268,0.10272839665412903,3.9772043228149414,0.08135363459587097,4.080107688903809
1183,3,2,0,0.11745157092809677,3.67549729347229,0.08555883169174194,4.062834739685059,0.09728754311800003,4.0826592445373535,0.07122927159070969,4.1186347007751465
1184,3,3,1,0.11613121628761292,3.67187237739563,0.07913145422935486,4.044200897216797,0.10522958636283875,3.9482953548431396,0.07473692297935486,3.9495999813079834
1185,3,3,1,0.11630310863256454,3.6624398231506348,0.07783601433038712,3.9964792728424072,0.10589724034070969,3.936953067779541,0.08129384368658066,4.002942085266113
1186,3,3,1,0.12034637480974197,3.6732425689697266,0.08748206496238708,4.011447906494141,0.11113879084587097,3.9911234378814697,0.08330675959587097,4.034449577331543
1187,3,3,1,0.11397381126880646,3.684896230697632,0.07680962979793549,4.070576190948486,0.10073541104793549,3.9699277877807617,0.0782645046710968,4.053475856781006
1188,3,3,1,0.12001753598451614,3.664085865020752,0.09262894093990326,4.072185516357422,0.11138791590929031,4.061638832092285,0.09283322840929031,4.155431747436523
1189,3,3,1,0.11421795189380646,3.6941416263580322,0.078543521463871,4.130677700042725,0.09617147594690323,4.014195442199707,0.07437818497419357,4.114683628082275
1190,3,3,1,0.11571767181158066,3.6663079261779785,0.08008310943841934,4.037454128265381,0.10595703125,3.9974608421325684,0.08097496628761292,4.053901195526123
1191,3,3,1,0.12209273129701614,3.608459711074829,0.08511539548635483,3.8922319412231445,0.13083943724632263,3.9678597450256348,0.10004782676696777,4.118326663970947
1192,3,3,1,0.11562300473451614,3.6819357872009277,0.07887735217809677,4.075863838195801,0.09627112001180649,3.942138433456421,0.07152821868658066,3.968514919281006
1193,3,3,1,0.11704051494598389,3.686788320541382,0.08569833636283875,4.088255882263184,0.10056600719690323,3.989694833755493,0.07926099747419357,4.0294189453125
1194,3,3,1,0.1153041273355484,3.682222843170166,0.07839404791593552,4.075377941131592,0.10378467291593552,3.957369089126587,0.08013791590929031,4.0223822593688965
1195,3,3,1,0.11524184793233871,3.683715581893921,0.07858338207006454,4.072406768798828,0.10146284848451614,3.9719111919403076,0.08051657676696777,4.055445671081543
1196,3,3,1,0.1163330078125,3.6581578254699707,0.07980906963348389,4.00736665725708,0.11089963465929031,3.969179630279541,0.08306760340929031,4.013675689697266
1197,3,3,1,0.11678142845630646,3.6745312213897705,0.08274374157190323,4.0526885986328125,0.09728754311800003,4.030625820159912,0.07376036047935486,4.066468715667725
1198,3,3,1,0.11670170724391937,3.680307388305664,0.08545419573783875,4.100460529327393,0.09677933156490326,4.0271830558776855,0.07886240631341934,4.080363750457764
1199,3,3,1,0.11760104447603226,3.646188974380493,0.08016282320022583,3.978245973587036,0.12089444696903229,4.010468006134033,0.09699856489896774,4.125950336456299
1200,3,3,1,0.1146588996052742,3.675893545150757,0.0803920179605484,4.0978617668151855,0.09477638453245163,3.9804437160491943,0.06814014166593552,4.032173156738281
1201,3,3,1,0.11753128468990326,3.6502394676208496,0.08040198683738708,3.9871723651885986,0.11504504084587097,4.0045905113220215,0.08862802386283875,4.107263088226318
1202,3,3,1,0.12017697095870972,3.666583776473999,0.09518992900848389,4.068934917449951,0.10928530991077423,4.0644659996032715,0.09725765138864517,4.176639556884766
1203,3,3,1,0.12540358304977417,3.683241367340088,0.11292749643325806,4.034987926483154,0.11413823068141937,4.015889644622803,0.10227997601032257,4.072291374206543
1204,3,3,1,0.12078483402729034,3.6049623489379883,0.08708346635103226,3.906797170639038,0.13250358402729034,3.9714221954345703,0.10353555530309677,4.140904903411865
1205,3,3,1,0.12697304785251617,3.6633965969085693,0.10576271265745163,4.051349639892578,0.10701330751180649,4.086320877075195,0.08484135568141937,4.1634955406188965
1206,3,3,1,0.11845553666353226,3.634187936782837,0.08036710321903229,3.9655301570892334,0.11783521622419357,4.004481792449951,0.09209582209587097,4.1110148429870605
1207,3,3,1,0.1152518093585968,3.68460750579834,0.08142338693141937,4.094541549682617,0.09738719463348389,4.032027244567871,0.07555405050516129,4.103930473327637
1208,3,3,1,0.11675900220870972,3.6664247512817383,0.08162268996238708,4.036747455596924,0.10771085321903229,4.003885746002197,0.08561862260103226,4.066108226776123
1209,3,3,1,0.1202218160033226,3.618363857269287,0.08279356360435486,3.924715757369995,0.12564772367477417,3.967959403991699,0.09966916590929031,4.1117777824401855
1210,3,3,1,0.11745405942201614,3.6366682052612305,0.08064612746238708,3.9699740409851074,0.11982820183038712,4.020623683929443,0.09480627626180649,4.145049571990967
1211,3,3,1,0.12040367722511292,3.6478657722473145,0.0906110480427742,3.9811394214630127,0.11773556470870972,3.998645782470703,0.0916573628783226,4.08762788772583
1212,3,3,1,0.11588458716869354,3.665971517562866,0.0789271742105484,4.023167610168457,0.108328677713871,4.014257907867432,0.08079560101032257,4.074987888336182
1213,3,3,1,0.11980578303337097,3.623838186264038,0.08244479447603226,3.9480268955230713,0.12159199267625809,4.007949352264404,0.0962611585855484,4.1318840980529785
1214,3,3,1,0.11759357154369354,3.701883316040039,0.09279834479093552,4.184966564178467,0.09090999513864517,4.127151012420654,0.06770168989896774,4.1616129875183105
1215,3,3,1,0.1152692511677742,3.693624496459961,0.07946527749300003,4.118816375732422,0.09613161534070969,4.001762390136719,0.07511559128761292,4.061820030212402
1216,3,3,1,0.11711525171995163,3.6673331260681152,0.0837053582072258,4.032202243804932,0.11170679330825806,4.021320343017578,0.09237483888864517,4.145415306091309
1217,3,3,1,0.11555574089288712,3.678969383239746,0.0799386128783226,4.084953784942627,0.10012754797935486,3.9581010341644287,0.07415895909070969,4.038699150085449
1218,3,3,1,0.11552833765745163,3.683809995651245,0.07828941941261292,4.0920891761779785,0.0997488796710968,3.9652347564697266,0.0765904039144516,4.016393661499023
1219,3,2,0,0.11480338871479034,3.691925525665283,0.07886738330125809,4.098300457000732,0.09611168503761292,3.953862190246582,0.07395966351032257,3.965507984161377
1220,3,3,1,0.11679637432098389,3.6788601875305176,0.08278360217809677,4.070418357849121,0.10242944955825806,3.9690630435943604,0.07848373800516129,4.066531181335449
1221,3,3,1,0.12324118614196777,3.68253493309021,0.10469148308038712,4.048543453216553,0.10649513453245163,4.023486614227295,0.09363041818141937,4.097062587738037
1222,3,3,1,0.11501265317201614,3.6775619983673096,0.07817980647087097,4.051112174987793,0.10563815385103226,3.9703800678253174,0.07985889166593552,4.006738185882568
1223,3,3,1,0.11580237001180649,3.6765553951263428,0.07876773923635483,4.041179180145264,0.1050502210855484,4.031872272491455,0.08153299987316132,4.102664470672607
1224,3,3,1,0.12185357511043549,3.613579273223877,0.08769132196903229,3.944431781768799,0.12419284135103226,4.001765251159668,0.09705835580825806,4.119301795959473
1225,3,3,1,0.11666184663772583,3.695744037628174,0.08941525965929031,4.147665023803711,0.09961933642625809,4.083125114440918,0.07808513939380646,4.1135783195495605
1226,3,3,1,0.12164181470870972,3.687474489212036,0.09635084122419357,4.116299629211426,0.1042131707072258,4.0628228187561035,0.0724051296710968,4.054500579833984
1227,3,3,1,0.116019107401371,3.67026686668396,0.08128388226032257,4.071349620819092,0.10241948068141937,3.9848220348358154,0.07621173560619354,4.0167365074157715
1228,3,3,1,0.12169413268566132,3.65387225151062,0.09507034718990326,4.032283306121826,0.10857780277729034,4.093520641326904,0.08795041590929031,4.142533302307129
1229,3,0,0,0.12513452768325806,3.6718695163726807,0.10146783292293549,3.9900810718536377,0.11545360088348389,3.9533920288085938,0.09446747601032257,3.9215190410614014
1230,3,3,1,0.12162686884403229,3.6729137897491455,0.09890684485435486,4.008362293243408,0.10983338207006454,4.017329216003418,0.1014229878783226,4.09766149520874
1231,3,3,1,0.11519201844930649,3.6722896099090576,0.07824955880641937,4.047883033752441,0.10403379797935486,3.9772987365722656,0.0818917378783226,4.047943592071533
1232,3,3,1,0.11921785026788712,3.6308014392852783,0.08074577152729034,3.9542760848999023,0.12182118743658066,3.9955010414123535,0.09711813926696777,4.115534782409668
1233,3,3,1,0.11580237001180649,3.675028085708618,0.08055643737316132,4.057397365570068,0.10296755284070969,4.003097057342529,0.08171237260103226,4.069268226623535
1234,3,3,1,0.1158796027302742,3.660905122756958,0.08012296259403229,4.030284404754639,0.10621611773967743,3.9968101978302,0.08121412247419357,4.045644283294678
1235,3,3,1,0.11579489707946777,3.7006518840789795,0.0855887234210968,4.1549072265625,0.09300263226032257,4.021536350250244,0.07302295416593552,4.101528167724609
1236,3,3,1,0.11604402214288712,3.6760051250457764,0.08323700726032257,4.0750627517700195,0.09738719463348389,4.01739501953125,0.07481664419174194,4.085775375366211
1237,3,3,1,0.11586465686559677,3.6665806770324707,0.0822405144572258,4.045801639556885,0.10510004311800003,4.013842582702637,0.08390465378761292,4.086935997009277
1238,3,3,1,0.1406175196170807,3.691664457321167,0.14802394807338715,3.99424409866333,0.13232421875,3.994126081466675,0.10315688699483871,4.033809661865234
1239,3,3,1,0.11495286226272583,3.6756386756896973,0.0771833136677742,4.046285152435303,0.10924545675516129,4.007023811340332,0.08504065871238708,4.071478843688965
1240,3,3,1,0.11573760211467743,3.6815402507781982,0.07909159362316132,4.105833530426025,0.0933314710855484,3.9455478191375732,0.06873804330825806,3.95737886428833
1241,3,3,1,0.11488310992717743,3.6797354221343994,0.07908661663532257,4.062873840332031,0.10322663933038712,3.973066806793213,0.07774633169174194,3.9835939407348633
1242,3,3,1,0.11656469106674194,3.668860912322998,0.07954499870538712,4.038020610809326,0.10186144709587097,3.968010187149048,0.07888232916593552,3.985851526260376
1243,3,3,1,0.11678391695022583,3.712125062942505,0.08617167174816132,4.145186424255371,0.09007294476032257,4.10443639755249,0.06899712979793549,4.160600662231445
1244,3,3,1,0.11473612487316132,3.679781198501587,0.0783342644572258,4.075054168701172,0.09868263453245163,3.9657678604125977,0.07928092777729034,4.091251850128174
1245,3,3,1,0.11576002091169357,3.671659469604492,0.07812998443841934,4.046298027038574,0.10796994715929031,4.049376964569092,0.08390465378761292,4.123753070831299
1246,3,3,1,0.12006735801696777,3.6173126697540283,0.08179707080125809,3.922884702682495,0.12996253371238708,4.000153541564941,0.10210060328245163,4.132929801940918
1247,3,3,1,0.11924276500940323,3.647404193878174,0.0900530144572258,4.043819904327393,0.11499521136283875,4.015424728393555,0.0989118292927742,4.150715351104736
1248,3,3,1,0.11527921259403229,3.6905605792999268,0.079520083963871,4.107957363128662,0.09365034848451614,3.9273250102996826,0.06646604090929031,3.9862070083618164
1249,3,3,1,0.12030153721570969,3.652578115463257,0.09198620915412903,4.002491474151611,0.11253387480974197,4.015319347381592,0.08735251426696777,4.130047798156738
1250,3,3,1,0.11590202152729034,3.6725990772247314,0.08036710321903229,4.048295021057129,0.1047014519572258,4.040639400482178,0.08274872601032257,4.133429527282715
1251,3,3,1,0.11491549760103226,3.678286552429199,0.08055146038532257,4.083998203277588,0.09841357916593552,4.001518726348877,0.07230548560619354,4.0540242195129395
1252,3,3,1,0.11477100104093552,3.6769697666168213,0.07998345792293549,4.0732574462890625,0.10499043017625809,3.98699688911438,0.08242984861135483,4.041102409362793
1253,3,3,1,0.12080476433038712,3.6135239601135254,0.08310247957706451,3.9245758056640625,0.13158680498600006,3.9953806400299072,0.10297751426696777,4.134507656097412
1254,3,3,1,0.11759357154369354,3.701883316040039,0.09279834479093552,4.184966564178467,0.09090999513864517,4.127151012420654,0.06770168989896774,4.1616129875183105
1255,3,3,1,0.11606893688440323,3.654160737991333,0.08038205653429031,4.000433921813965,0.11531408876180649,3.9783096313476562,0.08876753598451614,4.04490327835083
1256,3,3,1,0.11836834251880646,3.6676137447357178,0.08988858759403229,4.065572738647461,0.10706313699483871,4.046258449554443,0.08938536047935486,4.150947570800781
1257,3,3,1,0.11848293989896774,3.63130784034729,0.0799386128783226,3.9460856914520264,0.12140265852212906,4.012558460235596,0.09797512739896774,4.1413750648498535
1258,3,3,1,0.1160714253783226,3.677712917327881,0.08334163576364517,4.065762042999268,0.10042649507522583,4.027981758117676,0.08009805530309677,4.1189351081848145
1259,3,3,1,0.11653728783130646,3.668227195739746,0.07902184128761292,4.031714916229248,0.10459183156490326,3.986661672592163,0.07922113686800003,4.0387420654296875
1260,3,3,1,0.14800900220870972,3.6747794151306152,0.15997688472270966,3.914943218231201,0.14902542531490326,3.8798394203186035,0.12557795643806458,3.8901760578155518
1261,3,3,1,0.12126564234495163,3.59559965133667,0.08501075953245163,3.858340263366699,0.13976801931858063,3.9474546909332275,0.10656488686800003,4.108098030090332
1262,3,3,1,0.1155657097697258,3.6716246604919434,0.07869797945022583,4.070465564727783,0.10176179558038712,3.9926557540893555,0.07874282449483871,4.046064376831055
1263,3,3,1,0.11447454988956451,3.69883131980896,0.07767657935619354,4.099102020263672,0.09670957922935486,3.9809377193450928,0.0726841539144516,4.007403373718262
1264,3,3,1,0.11714265495538712,3.6702394485473633,0.07999341934919357,4.067081928253174,0.10186144709587097,3.9756407737731934,0.07782605290412903,4.029961585998535
1265,3,3,1,0.11854273080825806,3.6186113357543945,0.08131875842809677,3.9281294345855713,0.1273816078901291,3.9841978549957275,0.10158243030309677,4.119286060333252
1266,3,3,1,0.11534398794174194,3.6987688541412354,0.07881756126880646,4.112269878387451,0.09397919476032257,3.9574806690216064,0.07238519936800003,4.029184818267822
1267,3,3,1,0.11718251556158066,3.657362222671509,0.08168745785951614,4.031045913696289,0.11113879084587097,3.9892406463623047,0.08743223547935486,4.0508317947387695
1268,3,3,1,0.13636499643325806,3.674832820892334,0.1314522922039032,3.9738845825195312,0.12561781704425812,3.982865333557129,0.10893654078245163,4.0479326248168945
1269,3,3,1,0.1281389445066452,3.655086040496826,0.10754643380641937,4.0186238288879395,0.11166693270206451,4.0796003341674805,0.08238998800516129,4.146831035614014
1270,3,3,1,0.116507388651371,3.6635019779205322,0.07916135340929031,4.014979839324951,0.11067043989896774,3.9713668823242188,0.08392458409070969,4.052006721496582
1271,3,3,1,0.11491051316261292,3.6695573329925537,0.07818479090929031,4.0545501708984375,0.10629583895206451,4.01978063583374,0.08358577638864517,4.118264198303223
1272,3,3,1,0.11568279564380646,3.673335313796997,0.0801478773355484,4.054022312164307,0.10284797102212906,3.974130392074585,0.07850366830825806,4.080985069274902
1273,3,3,1,0.11537886410951614,3.679492235183716,0.08118423074483871,4.0681233406066895,0.10332629084587097,3.9817726612091064,0.08167251199483871,4.061249256134033
1274,3,3,1,0.12285006791353226,3.6005313396453857,0.09205596148967743,3.885094165802002,0.13537348806858063,3.9481046199798584,0.10971380770206451,4.120617389678955
1275,3,3,1,0.11727219820022583,3.6577515602111816,0.0819266140460968,4.018184185028076,0.1110491082072258,3.971733570098877,0.08294802159070969,4.01777982711792
1276,3,3,1,0.11543615907430649,3.675701856613159,0.08184690028429031,4.081511974334717,0.0996791273355484,4.016894817352295,0.07411909848451614,4.047593593597412
1277,3,3,1,0.11524433642625809,3.693687915802002,0.0800432488322258,4.10849666595459,0.09873245656490326,3.996568441390991,0.07794562727212906,4.080286502838135
1278,3,3,1,0.11567781120538712,3.6789422035217285,0.07853356003761292,4.062872886657715,0.09506537020206451,3.954507350921631,0.06873804330825806,3.9353435039520264
1279,3,3,1,0.12196817249059677,3.5925979614257812,0.08505062013864517,3.864499092102051,0.14134247601032257,3.9648900032043457,0.10953443497419357,4.15010929107666
1280,3,3,1,0.11477100104093552,3.6904492378234863,0.0787527859210968,4.103947639465332,0.09557358175516129,3.967886447906494,0.07499600946903229,4.005049228668213
1281,3,3,1,0.1178850457072258,3.6592137813568115,0.08474170416593552,4.035512924194336,0.10300741344690323,3.985295534133911,0.07866310328245163,4.013681411743164
1282,3,3,1,0.1163330078125,3.6650748252868652,0.07924605160951614,4.02904748916626,0.10648517310619354,3.9819390773773193,0.07928092777729034,4.02312707901001
1283,3,3,1,0.11638034135103226,3.670776605606079,0.07942542433738708,4.051565170288086,0.10206074267625809,3.9900410175323486,0.07692920416593552,4.045595645904541
1284,3,3,1,0.11573261767625809,3.6753273010253906,0.07919124513864517,4.074934005737305,0.09770607203245163,3.9625701904296875,0.07025270909070969,3.996312141418457
1285,3,3,1,0.11705795675516129,3.6663191318511963,0.08141342550516129,4.024540901184082,0.10695352405309677,3.969160556793213,0.08023755997419357,4.054396629333496
1286,3,3,1,0.13333067297935486,3.6827168464660645,0.12695810198783875,3.984851360321045,0.12510961294174194,3.9949023723602295,0.09149792790412903,4.0280985832214355
1287,3,3,1,0.1180245503783226,3.627385139465332,0.07959482818841934,3.929076671600342,0.12361487001180649,4.028536796569824,0.0983537957072258,4.137791156768799
1288,3,3,1,0.1147286519408226,3.6795430183410645,0.0794852077960968,4.080862522125244,0.09965919703245163,3.9949004650115967,0.07591278851032257,4.053032398223877
1289,3,3,1,0.12053322046995163,3.665006399154663,0.09698859602212906,4.049213886260986,0.10959422588348389,4.030459880828857,0.08745216578245163,4.142434120178223
1290,3,3,1,0.11735191941261292,3.6430816650390625,0.07950016111135483,3.994046211242676,0.11776546388864517,3.9873921871185303,0.09554368257522583,4.125365257263184
1291,3,3,1,0.11782774329185486,3.681396245956421,0.08755680173635483,4.09833288192749,0.09687898308038712,3.98539400100708,0.07579320669174194,4.022876739501953
1292,3,3,1,0.11625079810619354,3.6853034496307373,0.08470682799816132,4.104052543640137,0.10038663446903229,4.029779434204102,0.08392458409070969,4.115174770355225
1293,3,3,1,0.1203090101480484,3.670738935470581,0.0894949734210968,4.051553249359131,0.1066545769572258,4.018592834472656,0.07678969949483871,4.0373735427856445
1294,3,3,1,0.11905093491077423,3.6244874000549316,0.08037707209587097,3.941110849380493,0.12149234116077423,4.030183792114258,0.09562340378761292,4.142767906188965
1295,3,3,1,0.11580735445022583,3.672266960144043,0.08078064769506454,4.083081245422363,0.09952965378761292,3.937124490737915,0.07368063926696777,4.006221294403076
1296,3,3,1,0.12885144352912903,3.6629674434661865,0.10860271751880646,4.026792526245117,0.10549864172935486,4.09974479675293,0.07888232916593552,4.191005706787109
1297,3,3,1,0.12108378112316132,3.6614270210266113,0.09703842550516129,4.0227460861206055,0.10803969949483871,4.016048908233643,0.09010283648967743,4.118557929992676
1298,3,3,1,0.11662198603153229,3.659069061279297,0.08031229674816132,4.021030902862549,0.10908601433038712,3.9929661750793457,0.08378507196903229,4.05042839050293
1299,3,3,1,0.11598174273967743,3.6607742309570312,0.07998844236135483,4.02753210067749,0.10821906477212906,3.99511981010437,0.08476163446903229,4.086762428283691
1300,3,3,1,0.11546356230974197,3.701519012451172,0.0815778449177742,4.145422458648682,0.09433792531490326,3.9872188568115234,0.07188695669174194,4.069309711456299
1301,3,3,1,0.11531907320022583,3.688485622406006,0.08013293147087097,4.0836286544799805,0.10048628598451614,3.9819517135620117,0.07635124027729034,4.031845569610596
1302,3,3,1,0.11582479625940323,3.6736068725585938,0.08009307086467743,4.04628324508667,0.10685387253761292,3.9791102409362793,0.08233019709587097,3.99564266204834
1303,3,3,1,0.11485321074724197,3.6883065700531006,0.07826948910951614,4.084792137145996,0.09904137253761292,3.985712766647339,0.07680962979793549,4.014270782470703
1304,3,3,1,0.11994778364896774,3.622891902923584,0.08411391824483871,3.9398767948150635,0.12285754084587097,3.973963737487793,0.100027896463871,4.136879920959473
1305,3,3,1,0.11924026906490326,3.620361804962158,0.08066107332706451,3.9232194423675537,0.12636518478393555,4.012696266174316,0.10024712979793549,4.1516900062561035
1306,3,3,1,0.11474359780550003,3.6747865676879883,0.07754703611135483,4.059946060180664,0.10289780050516129,4.003389358520508,0.08167251199483871,4.058077335357666
1307,3,3,1,0.13970573246479034,3.640328884124756,0.13237403333187103,3.8768067359924316,0.14782963693141937,3.935692548751831,0.10871731489896774,4.016682147979736
1308,3,3,1,0.1196463406085968,3.621837615966797,0.08136359602212906,3.91867733001709,0.12567761540412903,3.9771645069122314,0.09831393510103226,4.091019630432129
1309,3,3,1,0.11640027165412903,3.6676225662231445,0.07942043989896774,4.029046535491943,0.10912587493658066,4.004565715789795,0.08306760340929031,4.052303314208984
1310,3,3,1,0.11489058285951614,3.6708009243011475,0.07841397821903229,4.046130180358887,0.10740194469690323,4.0036187171936035,0.08364556729793549,4.0438408851623535
1311,3,3,1,0.14881865680217743,3.680365562438965,0.15352459251880646,3.9569337368011475,0.15657883882522583,4.01101016998291,0.09496571868658066,4.136831283569336
1312,3,3,1,0.1164725124835968,3.657989978790283,0.07775131613016129,4.002114772796631,0.11023198068141937,3.971072196960449,0.084402896463871,4.041794776916504
1313,3,3,1,0.11759357154369354,3.701883316040039,0.09279834479093552,4.184966564178467,0.09090999513864517,4.127151012420654,0.06770168989896774,4.1616129875183105
1314,3,3,1,0.11918795853853226,3.6207804679870605,0.08107461780309677,3.930678367614746,0.12061543017625809,3.9971909523010254,0.09373006969690323,4.103763580322266
1315,3,3,1,0.11826370656490326,3.682865619659424,0.09009785205125809,4.097992420196533,0.09931042790412903,4.017158508300781,0.08480149507522583,4.080376148223877
1316,3,3,1,0.12001006305217743,3.647167444229126,0.08634107559919357,4.018350601196289,0.11210538446903229,4.001333236694336,0.09209582209587097,4.149967670440674
1317,3,3,1,0.11561304330825806,3.663118362426758,0.0780203640460968,4.024650573730469,0.106863833963871,4.00466251373291,0.08179209381341934,4.0460524559021
1318,3,3,1,0.1213030144572258,3.60225510597229,0.08345623314380646,3.8907463550567627,0.1344965696334839,3.994739532470703,0.10512994229793549,4.139336585998535
1319,3,3,1,0.1164725124835968,3.657989978790283,0.07775131613016129,4.002114772796631,0.11023198068141937,3.971072196960449,0.084402896463871,4.041794776916504
1320,3,3,1,0.11610879749059677,3.6611881256103516,0.08065110445022583,4.033360004425049,0.10803969949483871,3.999723196029663,0.08211097121238708,4.059951305389404
1321,3,3,1,0.11888153105974197,3.6263201236724854,0.08144830167293549,3.946962833404541,0.12138272821903229,4.009687423706055,0.09687898308038712,4.150175094604492
1322,3,3,1,0.11976093798875809,3.6205978393554688,0.0814383327960968,3.93306827545166,0.12719227373600006,4.034863471984863,0.09976880997419357,4.143827438354492
1323,3,0,0,0.12199059128761292,3.616708755493164,0.09003806114196777,3.9052071571350098,0.12770049273967743,3.9865782260894775,0.0997488796710968,4.088311672210693
1324,3,3,1,0.12060297280550003,3.6888930797576904,0.10000298917293549,4.112002372741699,0.09809470176696777,4.078220367431641,0.07884247601032257,4.175682544708252
1325,3,3,1,0.12145746499300003,3.664437770843506,0.0979701429605484,4.034887790679932,0.11219507455825806,3.992539405822754,0.08543924987316132,4.087707042694092
1326,3,3,1,0.11969367414712906,3.618657112121582,0.081298828125,3.9430654048919678,0.12578722834587097,4.008476734161377,0.0991908460855484,4.12678337097168
1327,3,3,1,0.13090918958187103,3.683755874633789,0.11896125227212906,3.996272325515747,0.12382413446903229,3.926525115966797,0.09697863459587097,3.9971230030059814
1328,3,3,1,0.11953174322843552,3.623621940612793,0.08102977275848389,3.937649965286255,0.1253487765789032,3.979410171508789,0.09941007196903229,4.101243019104004
1329,3,3,1,0.11531907320022583,3.677856922149658,0.08277363330125809,4.097092628479004,0.09732740372419357,4.048326015472412,0.07866310328245163,4.141373157501221
1330,3,3,1,0.16567930579185486,3.6599202156066895,0.19034996628761292,3.8361165523529053,0.17938855290412903,3.8452394008636475,0.11834342777729034,3.8960928916931152
1331,3,3,1,0.11953921616077423,3.6282927989959717,0.0814383327960968,3.9533190727233887,0.12014707922935486,4.009289264678955,0.0944475457072258,4.103397369384766
1332,3,3,1,0.1189313605427742,3.6416423320770264,0.0838099867105484,3.9726531505584717,0.11470623314380646,4.0196332931518555,0.09502550959587097,4.162961483001709
1333,3,3,1,0.11971360445022583,3.6653971672058105,0.088553287088871,4.044561862945557,0.10890664905309677,4.001006603240967,0.08699378371238708,4.087743282318115
1334,3,3,1,0.11514468491077423,3.675529956817627,0.0797991082072258,4.06356143951416,0.10164221376180649,3.9944117069244385,0.08003826439380646,4.096862316131592
1335,3,3,1,0.13161171972751617,3.639901638031006,0.11569774150848389,3.917316198348999,0.13091915845870972,3.9260921478271484,0.10172193497419357,4.043691158294678
1336,3,3,1,0.11839324980974197,3.665621519088745,0.08913623541593552,4.078256130218506,0.10614636540412903,4.0782012939453125,0.08826929330825806,4.216075897216797
1337,3,3,1,0.1164376363158226,3.661695718765259,0.08002331852912903,4.0191144943237305,0.11182636767625809,3.9860095977783203,0.08617665618658066,4.067992687225342
1338,3,3,1,0.12201301008462906,3.603283166885376,0.08525490015745163,3.89994740486145,0.1358119398355484,3.987306594848633,0.10371492058038712,4.1485395431518555
1339,3,3,1,0.11627570539712906,3.6560611724853516,0.07981405407190323,4.016854763031006,0.11220503598451614,4.026909351348877,0.08964444696903229,4.180747032165527
1340,3,3,1,0.11548349261283875,3.7019803524017334,0.08435805886983871,4.155513763427734,0.09984853118658066,3.9999001026153564,0.08099489659070969,4.094734191894531
1341,3,3,1,0.11802953481674194,3.6397695541381836,0.07956492900848389,3.965808868408203,0.11513472348451614,3.9989614486694336,0.08958466351032257,4.062736511230469
1342,3,3,1,0.11970114707946777,3.6234676837921143,0.08149812370538712,3.934217691421509,0.12433234602212906,4.020517826080322,0.09825414419174194,4.139350891113281
1343,3,3,1,0.11744658648967743,3.6668081283569336,0.08428830653429031,4.07448148727417,0.10890664905309677,4.041632175445557,0.09295280277729034,4.158019065856934
1344,3,0,0,0.1208670437335968,3.656203031539917,0.09089504927396774,3.97703218460083,0.11239437013864517,3.973579168319702,0.08856824040412903,4.040954113006592
1345,3,3,1,0.12560038268566132,3.6937143802642822,0.10820910334587097,4.030896186828613,0.11869220435619354,4.014776229858398,0.08771125227212906,4.068166255950928
1346,3,3,1,0.11493293195962906,3.6822586059570312,0.07727299630641937,4.078986167907715,0.0983537957072258,3.97011137008667,0.0732421875,3.977959156036377
1347,3,3,1,0.11706791818141937,3.6923305988311768,0.08267398923635483,4.085759162902832,0.09991828352212906,3.9821481704711914,0.07479671388864517,4.00319766998291
1348,3,3,1,0.13238899409770966,3.6858417987823486,0.12151725590229034,4.017220973968506,0.12762077152729034,4.0391974449157715,0.08011798560619354,4.09054708480835
1349,3,3,1,0.11861995607614517,3.6348628997802734,0.08016282320022583,3.9661881923675537,0.1187220960855484,3.998908758163452,0.09363041818141937,4.125372409820557
1350,3,3,1,0.1189313605427742,3.628173351287842,0.08074577152729034,3.955448627471924,0.12159199267625809,4.0225372314453125,0.09590242058038712,4.113466262817383
1351,3,3,1,0.11592444032430649,3.6800119876861572,0.07967454195022583,4.078919410705566,0.09733737260103226,3.950655221939087,0.07768654078245163,3.996151924133301
1352,3,3,1,0.11541872471570969,3.6888625621795654,0.07996851205825806,4.108598232269287,0.10193119943141937,3.9849448204040527,0.07830436527729034,4.0190887451171875
1353,3,3,1,0.1188441663980484,3.635530948638916,0.08062619715929031,3.9623656272888184,0.1204659566283226,4.014889717102051,0.0965401753783226,4.138521671295166
1354,3,3,1,0.1642991602420807,3.6694061756134033,0.18607501685619354,3.8799068927764893,0.17270208895206451,3.8679821491241455,0.10413344949483871,3.964401960372925
1355,3,3,1,0.11685118079185486,3.6878583431243896,0.08955974876880646,4.11660623550415,0.09396922588348389,4.048886299133301,0.07708864659070969,4.123836517333984
1356,3,3,1,0.11802206188440323,3.672147750854492,0.08963946998119354,4.052970886230469,0.10325653851032257,4.0223894119262695,0.0855189710855484,4.118154048919678
1357,3,3,1,0.13055045902729034,3.6784214973449707,0.117117740213871,3.9831957817077637,0.12129304558038712,3.9361648559570312,0.09815449267625809,3.946599006652832
1358,3,3,1,0.14981265366077423,3.676666259765625,0.1613171547651291,3.922877311706543,0.1472417116165161,3.89719820022583,0.09550382196903229,3.9933221340179443
1359,3,3,1,0.11946946382522583,3.6134791374206543,0.08050163090229034,3.909822463989258,0.1265345960855484,3.9769256114959717,0.10064572840929031,4.098019599914551
1360,3,3,1,0.11690100282430649,3.6563026905059814,0.07947026193141937,4.015047073364258,0.10585737973451614,3.959521770477295,0.07782605290412903,3.9846351146698
1361,3,3,1,0.11482830345630646,3.6781723499298096,0.07827447354793549,4.054869651794434,0.10447225719690323,3.9700496196746826,0.0803571417927742,4.035466194152832
1362,3,3,1,0.1200997456908226,3.5982284545898438,0.08337651193141937,3.8807218074798584,0.13487523794174194,3.965644598007202,0.1030970960855484,4.114440441131592
1363,3,3,1,0.11602409183979034,3.677474021911621,0.08095503598451614,4.087641716003418,0.09780572354793549,3.956087589263916,0.07539460808038712,4.00607967376709
1364,3,3,1,0.11537139117717743,3.6803135871887207,0.079275943338871,4.0482683181762695,0.10711295902729034,4.010791778564453,0.0848214253783226,4.074717998504639
1365,3,3,1,0.11585967242717743,3.6715333461761475,0.08091019093990326,4.056160926818848,0.09942004084587097,3.9595067501068115,0.0751953125,4.019877910614014
1366,3,3,1,0.12023676186800003,3.6127548217773438,0.08150310814380646,3.9078125953674316,0.1293347328901291,3.9825100898742676,0.10204081237316132,4.119140625
1367,3,3,1,0.1154610738158226,3.6765270233154297,0.07978913933038712,4.059323310852051,0.10245934128761292,3.972184419631958,0.07752710580825806,4.032647609710693
1368,3,3,1,0.1308344602584839,3.6715030670166016,0.12068020552396774,3.9821228981018066,0.12457150220870972,3.9741621017456055,0.11124840378761292,3.949659585952759
1369,3,3,1,0.11614865064620972,3.669111728668213,0.07981903851032257,4.044132232666016,0.10458187013864517,3.980276346206665,0.07898198068141937,4.049457550048828
1370,3,3,1,0.11985311657190323,3.66998553276062,0.09327168017625809,4.0645833015441895,0.10718271136283875,4.056898593902588,0.09036192297935486,4.124172687530518
1371,3,3,1,0.1153913214802742,3.6742372512817383,0.07739756256341934,4.049761772155762,0.10346579551696777,3.985938549041748,0.07890225946903229,4.062137126922607
1372,3,3,1,0.11569525301456451,3.687065362930298,0.08137854933738708,4.117125034332275,0.09407883882522583,3.983158588409424,0.07047193497419357,4.073246479034424
1373,3,3,1,0.11611128598451614,3.6825437545776367,0.08451251685619354,4.089199542999268,0.09959940612316132,4.036118030548096,0.08073581010103226,4.130091190338135
1374,3,3,1,0.11626075953245163,3.670823574066162,0.0803571417927742,4.03788423538208,0.10696348547935486,3.9830446243286133,0.08238998800516129,4.048137187957764
1375,3,3,1,0.12164181470870972,3.687474489212036,0.09635084122419357,4.116299629211426,0.1042131707072258,4.0628228187561035,0.0724051296710968,4.054500579833984
1376,3,2,0,0.11538135260343552,3.6636078357696533,0.07821966707706451,4.026371002197266,0.10790018737316132,4.003139972686768,0.0856584832072258,4.0800371170043945
1377,3,3,1,0.11659209430217743,3.676844596862793,0.079275943338871,4.0543646812438965,0.10677415132522583,3.9184319972991943,0.08159279078245163,3.962628126144409
1378,3,3,1,0.12244648486375809,3.7073304653167725,0.10580755770206451,4.088340759277344,0.10703323781490326,4.022995948791504,0.0818917378783226,4.04770040512085
1379,3,3,1,0.11810676008462906,3.6349637508392334,0.08068100363016129,3.971160411834717,0.11920040845870972,4.029677391052246,0.09351083636283875,4.169863700866699
1380,3,3,1,0.1154436394572258,3.6885197162628174,0.08267398923635483,4.126017093658447,0.09324178844690323,4.007908344268799,0.07106982916593552,4.119741916656494
1381,3,3,1,0.12211515009403229,3.679280996322632,0.09206592291593552,4.068513870239258,0.09682916104793549,4.0034990310668945,0.06628666818141937,3.975646495819092
1382,3,3,1,0.1188092902302742,3.633054494857788,0.08059131354093552,3.9732303619384766,0.11597177386283875,4.029730319976807,0.08896683156490326,4.127240180969238
1383,3,3,1,0.1176932156085968,3.6818153858184814,0.08612683415412903,4.114196300506592,0.08881735801696777,4.023224353790283,0.06951530277729034,4.091742992401123
1384,3,3,1,0.11916055530309677,3.63564133644104,0.08549405634403229,3.988635778427124,0.11738679558038712,4.110611438751221,0.09715799987316132,4.212923049926758
1385,3,3,1,0.11699816584587097,3.69555401802063,0.08703363686800003,4.124856948852539,0.10113400965929031,4.004729747772217,0.07585299760103226,4.00105094909668
1386,3,3,1,0.11746153235435486,3.6617178916931152,0.08225047588348389,4.041434288024902,0.11006257683038712,3.9895880222320557,0.08910634368658066,4.118988990783691
1387,3,3,1,0.11502261459827423,3.6936821937561035,0.08107959479093552,4.131505966186523,0.09774593263864517,3.995718240737915,0.07593271881341934,4.077165126800537
1388,3,3,1,0.12161192297935486,3.608550548553467,0.08428830653429031,3.8912336826324463,0.13389867544174194,3.9601101875305176,0.10301737487316132,4.131553649902344
1389,3,1,0,0.1648821085691452,3.6341617107391357,0.18006616830825806,3.8206419944763184,0.1784917116165161,3.8641133308410645,0.12442202866077423,3.937690258026123
1390,3,3,1,0.11593689769506454,3.6585800647735596,0.07814493030309677,4.018490314483643,0.10984335094690323,4.010523319244385,0.08529974520206451,4.070794582366943
1391,3,3,1,0.1191580593585968,3.6221697330474854,0.08113440871238708,3.93349289894104,0.12324617058038712,4.008974552154541,0.09867267310619354,4.1438093185424805
1392,3,3,1,0.11503756791353226,3.6725642681121826,0.078299380838871,4.0497612953186035,0.10306720435619354,3.990621566772461,0.08043686300516129,4.054757118225098
1393,3,3,1,0.1156180202960968,3.67147159576416,0.07945531606674194,4.0568132400512695,0.1048409566283226,4.010740280151367,0.08344626426696777,4.075471878051758
1394,3,3,1,0.11640774458646774,3.67340087890625,0.07966458052396774,4.071299076080322,0.10159239172935486,4.000294208526611,0.07959980517625809,4.062844276428223
1395,3,3,1,0.11783771216869354,3.673537492752075,0.09002809971570969,4.117272853851318,0.1048409566283226,4.036308288574219,0.09056122601032257,4.141725540161133
1396,3,3,1,0.1142054945230484,3.6886110305786133,0.07838907092809677,4.08803129196167,0.09678930044174194,3.9684958457946777,0.07312260568141937,3.9910056591033936
1397,3,3,1,0.11493542790412903,3.6806397438049316,0.07712850719690323,4.073772430419922,0.10425302386283875,3.9683616161346436,0.07878268510103226,4.012142658233643
1398,3,3,1,0.11649742722511292,3.6705729961395264,0.08045180886983871,4.068619728088379,0.10398397594690323,3.949113607406616,0.07730787247419357,4.0061869621276855
1399,3,3,1,0.13693299889564514,3.64741849899292,0.13027143478393555,3.9060277938842773,0.13878148794174194,3.9095282554626465,0.11754623800516129,3.987283706665039
1400,3,3,1,0.11830606311559677,3.62825083732605,0.07968451082706451,3.9332833290100098,0.12224967777729034,4.006195068359375,0.09841357916593552,4.13669490814209
1401,3,3,1,0.11565040796995163,3.686190128326416,0.08032725006341934,4.103833198547363,0.09809470176696777,3.98334002494812,0.07308274507522583,4.0368146896362305
1402,3,3,1,0.12460887432098389,3.6564104557037354,0.10942980647087097,4.060237884521484,0.11792489886283875,4.082558631896973,0.10048628598451614,4.194169044494629
1403,3,3,1,0.11604402214288712,3.6702733039855957,0.0792061910033226,4.029439449310303,0.104422427713871,3.9367306232452393,0.07696906477212906,3.9761781692504883
1404,3,3,1,0.11551837623119354,3.684537410736084,0.08037208765745163,4.109106540679932,0.09707828611135483,4.014267921447754,0.07242505997419357,4.0924601554870605
1405,3,3,1,0.12036630511283875,3.605410099029541,0.08574318140745163,3.908303737640381,0.13206513226032257,3.9700446128845215,0.10329639166593552,4.097240924835205
1406,3,3,1,0.11929258704185486,3.617374897003174,0.08202128112316132,3.9179930686950684,0.1277303844690323,3.9763612747192383,0.09996811300516129,4.1186203956604
1407,3,3,1,0.1405901163816452,3.698213815689087,0.14860191941261292,4.007778644561768,0.13495495915412903,3.9945359230041504,0.07918128371238708,4.022653102874756
1408,3,3,1,0.11641272157430649,3.6808619499206543,0.08204619586467743,4.096131801605225,0.09852319955825806,3.9814908504486084,0.07732780277729034,4.094587802886963
1409,3,3,1,0.11707040667533875,3.6704189777374268,0.084158755838871,4.05221700668335,0.10612643510103226,4.00319242477417,0.08306760340929031,4.053022861480713
1410,3,3,1,0.11548847705125809,3.6832261085510254,0.0811941921710968,4.096710681915283,0.09344108402729034,3.9897620677948,0.0651506707072258,4.018660068511963
1411,3,3,1,0.11913315206766129,3.621149778366089,0.0810546875,3.916154384613037,0.12746132910251617,3.9931983947753906,0.0997488796710968,4.137462615966797
1412,3,3,1,0.13894590735435486,3.6840641498565674,0.13705256581306458,4.0225396156311035,0.12791971862316132,4.067305564880371,0.07936064898967743,4.135861396789551
1413,3,0,0,0.12162438035011292,3.647078037261963,0.09406887739896774,3.9953389167785645,0.11436742544174194,3.9613139629364014,0.09642060101032257,4.054567813873291
1414,3,3,1,0.11857511103153229,3.667689085006714,0.09046655893325806,4.083218574523926,0.10221021622419357,4.05566930770874,0.08408401906490326,4.168049335479736
1415,3,3,1,0.1216692253947258,3.606564521789551,0.086844302713871,3.890533447265625,0.13482540845870972,3.9771618843078613,0.10419324040412903,4.100038051605225
1416,3,3,1,0.11571767181158066,3.658320665359497,0.0784040167927742,3.9970767498016357,0.1090959832072258,3.9841980934143066,0.08157286047935486,4.019789695739746
1417,3,3,1,0.11867476254701614,3.6298885345458984,0.07991868257522583,3.931483745574951,0.12307676672935486,4.009230136871338,0.09915098547935486,4.140502452850342
1418,3,3,1,0.11488062143325806,3.68068265914917,0.07759685814380646,4.077629566192627,0.09928052872419357,3.9943792819976807,0.07539460808038712,4.028284549713135
1419,3,3,1,0.12338318675756454,3.6726431846618652,0.10778061300516129,4.040911674499512,0.11041135340929031,4.01741886138916,0.09359055757522583,4.102001667022705
1420,3,3,1,0.1171875,3.6907951831817627,0.09239975363016129,4.144513130187988,0.10148277878761292,4.068146228790283,0.078543521463871,4.099213600158691
1421,3,3,1,0.1177106574177742,3.6617989540100098,0.08266402035951614,4.027122974395752,0.11092952638864517,4.002874374389648,0.09050143510103226,4.074212551116943
1422,3,3,1,0.11749640852212906,3.6813459396362305,0.08376016467809677,4.079709529876709,0.10397400707006454,3.9884033203125,0.07870296388864517,4.107115745544434
1423,3,3,1,0.11537637561559677,3.671755313873291,0.07798050343990326,4.056290149688721,0.10266860574483871,3.9944677352905273,0.08143335580825806,4.099608421325684
1424,3,3,1,0.11580486595630646,3.6897494792938232,0.08042190968990326,4.1058173179626465,0.0959821417927742,4.018376350402832,0.07573341578245163,4.087894916534424
1425,3,3,1,0.1197858527302742,3.621591806411743,0.08169742673635483,3.947063446044922,0.1224190816283226,3.969963312149048,0.09757652878761292,4.110294342041016
1426,3,3,1,0.11559311300516129,3.6801939010620117,0.0794503316283226,4.064843654632568,0.10164221376180649,3.978529453277588,0.07342155277729034,4.014114856719971
1427,3,3,1,0.11514966934919357,3.704664468765259,0.07961475104093552,4.12935733795166,0.08944515138864517,3.964015245437622,0.06108497828245163,4.004567623138428
1428,3,3,1,0.11675900220870972,3.6729538440704346,0.08308753371238708,4.077176570892334,0.09663982689380646,4.015260696411133,0.07274393737316132,4.094520568847656
1429,3,3,1,0.11858009546995163,3.6948466300964355,0.09031210094690323,4.110504150390625,0.09234494715929031,4.069278240203857,0.06937579810619354,4.089916706085205
1430,3,3,1,0.11636289954185486,3.6746878623962402,0.08092015981674194,4.051967144012451,0.10433274507522583,3.9815664291381836,0.078543521463871,4.072824001312256
1431,3,3,1,0.12055066227912903,3.6141765117645264,0.08413384854793549,3.908918619155884,0.13429726660251617,3.987682819366455,0.10443239659070969,4.126526832580566
1432,3,3,1,0.11543615907430649,3.692427158355713,0.07998844236135483,4.126884460449219,0.08785076439380646,3.9955761432647705,0.06261957436800003,4.035645961761475
1433,3,3,1,0.12057806551456451,3.6865766048431396,0.09467175602912903,4.127519607543945,0.09632094949483871,4.03486442565918,0.07328204810619354,4.107968330383301
1434,3,3,1,0.1309640109539032,3.6674909591674805,0.11196089535951614,3.9756574630737305,0.12740154564380646,3.929917812347412,0.10243941098451614,4.0116729736328125
