index,label,prediction,correct,rate_layer1,com_layer1,rate_layer2,com_layer2,rate_layer3,com_layer3,rate_layer4,com_layer4
0,0,0,1,0.27243104577064514,3.580343008041382,0.19833186268806458,3.627242088317871,0.3199637234210968,3.686598777770996,0.08669482916593552,3.703218460083008
1,0,0,1,0.26592394709587097,3.5911338329315186,0.21374760568141937,3.6686713695526123,0.3377411365509033,3.712064504623413,0.08882732689380646,3.7125868797302246
2,0,0,1,0.27164381742477417,3.5838959217071533,0.22107182443141937,3.63258957862854,0.3408701419830322,3.686964750289917,0.09223532676696777,3.6886343955993652
3,0,0,1,0.27452367544174194,3.574794054031372,0.19735032320022583,3.6127142906188965,0.31805044412612915,3.673246145248413,0.08793048560619354,3.703535795211792
4,0,0,1,0.2756696343421936,3.5730552673339844,0.19952267408370972,3.6143338680267334,0.3206612765789032,3.6821529865264893,0.08697385340929031,3.700733184814453
5,0,0,1,0.27276983857154846,3.579841375350952,0.20224310457706451,3.619718551635742,0.3221460282802582,3.6694815158843994,0.089285708963871,3.7203125953674316
6,0,0,1,0.2691824734210968,3.591752052307129,0.22249680757522583,3.6628897190093994,0.3404615819454193,3.6983842849731445,0.09223532676696777,3.730337142944336
7,0,0,1,0.2703782618045807,3.5867762565612793,0.21067841351032257,3.6413300037384033,0.3284737765789032,3.689530611038208,0.09149792790412903,3.7002830505371094
8,0,0,1,0.26412028074264526,3.5967931747436523,0.2074946165084839,3.6883180141448975,0.33424344658851624,3.7245543003082275,0.08715321868658066,3.707752227783203
9,0,0,1,0.2733777165412903,3.578770875930786,0.21174465119838715,3.626429557800293,0.32941046357154846,3.671537160873413,0.09203603118658066,3.6873104572296143
10,0,0,1,0.27479273080825806,3.575681686401367,0.20741987228393555,3.6220033168792725,0.3284936845302582,3.673532485961914,0.08946508169174194,3.7059478759765625
11,0,0,1,0.2755899131298065,3.573835611343384,0.20104731619358063,3.6235036849975586,0.32266420125961304,3.6858863830566406,0.08715321868658066,3.707752227783203
12,0,0,1,0.2615094780921936,3.602179527282715,0.21036450564861298,3.709054708480835,0.33577805757522583,3.740889072418213,0.0894252210855484,3.719634532928467
13,0,0,1,0.27549025416374207,3.57559871673584,0.20430584251880646,3.621509552001953,0.32396963238716125,3.6741411685943604,0.08840879797935486,3.6846258640289307
14,0,0,1,0.2740553319454193,3.5806124210357666,0.22384704649448395,3.632915735244751,0.34204599261283875,3.6714930534362793,0.09380979090929031,3.7006585597991943
15,0,0,1,0.27311861515045166,3.578991651535034,0.20326948165893555,3.6336984634399414,0.3256337642669678,3.6868841648101807,0.08818957209587097,3.679095983505249
16,0,0,1,0.26601362228393555,3.5894737243652344,0.20078323781490326,3.6530349254608154,0.3231026828289032,3.7124969959259033,0.08577805757522583,3.706319808959961
17,0,0,1,0.27459341287612915,3.576643943786621,0.20037467777729034,3.6184604167938232,0.3208904564380646,3.683466911315918,0.08781090378761292,3.686563730239868
18,0,0,1,0.2745635211467743,3.5762712955474854,0.20707111060619354,3.6156880855560303,0.3266501724720001,3.667205572128296,0.09008290618658066,3.700000047683716
19,0,0,1,0.26627272367477417,3.597806930541992,0.22885443270206451,3.6736481189727783,0.34707826375961304,3.710737943649292,0.09321188926696777,3.708359956741333
20,0,0,1,0.2627849876880646,3.602479934692383,0.24624322354793549,3.7141354084014893,0.3696189224720001,3.736142635345459,0.10060586780309677,3.7398970127105713
21,0,0,1,0.2708665430545807,3.582996129989624,0.2168217897415161,3.640232563018799,0.33508050441741943,3.684143304824829,0.09335140138864517,3.696840286254883
22,0,0,1,0.2728794515132904,3.5781843662261963,0.20297552645206451,3.6375374794006348,0.3247568607330322,3.7060141563415527,0.08806999027729034,3.701063632965088
23,0,0,1,0.2735271751880646,3.5776166915893555,0.19977180659770966,3.6292805671691895,0.31915655732154846,3.679124593734741,0.08918606489896774,3.7108380794525146
24,0,0,1,0.2696608006954193,3.5867114067077637,0.2158452272415161,3.6629810333251953,0.3410196006298065,3.7174041271209717,0.090262271463871,3.7067785263061523
25,0,0,1,0.2670200765132904,3.5957977771759033,0.2395119071006775,3.6703624725341797,0.35571786761283875,3.7023279666900635,0.09879224747419357,3.7000200748443604
26,0,0,1,0.2637515962123871,3.6014809608459473,0.22737962007522583,3.6816110610961914,0.3480847477912903,3.7224528789520264,0.09365034848451614,3.710151195526123
27,0,0,1,0.2748525142669678,3.5757739543914795,0.20325952768325806,3.6064224243164062,0.3199039399623871,3.6557953357696533,0.08944515138864517,3.71256685256958
28,0,0,1,0.27439412474632263,3.580803394317627,0.22417590022087097,3.614473342895508,0.3369040787220001,3.6606523990631104,0.09683912247419357,3.7112574577331543
29,0,0,1,0.26035353541374207,3.6046619415283203,0.24685107171535492,3.7054336071014404,0.3600825071334839,3.7132697105407715,0.1037946417927742,3.7208142280578613
30,0,0,1,0.2738361060619354,3.578129529953003,0.20814234018325806,3.6164212226867676,0.3266501724720001,3.666778564453125,0.09042171388864517,3.6949527263641357
31,0,0,1,0.27492228150367737,3.575700521469116,0.20214344561100006,3.6280102729797363,0.322963148355484,3.6812713146209717,0.08852837979793549,3.7001349925994873
32,0,0,1,0.2633928656578064,3.6026785373687744,0.23045380413532257,3.713834762573242,0.3513432741165161,3.7533042430877686,0.09412866830825806,3.7344908714294434
33,0,0,1,0.2749820649623871,3.5802500247955322,0.22946228086948395,3.6296956539154053,0.34489595890045166,3.676605701446533,0.0979352667927742,3.714489221572876
34,0,0,1,0.2756198048591614,3.5739543437957764,0.20603474974632263,3.6022441387176514,0.3246970474720001,3.6499202251434326,0.09062100946903229,3.6989223957061768
35,0,0,1,0.2647779881954193,3.6017086505889893,0.24091199040412903,3.6956899166107178,0.35877710580825806,3.7339463233947754,0.09958944469690323,3.70782470703125
36,0,0,1,0.2666613459587097,3.594693660736084,0.22155512869358063,3.6703622341156006,0.3390963673591614,3.7008140087127686,0.09279336780309677,3.719072103500366
37,0,0,1,0.2746332883834839,3.5762336254119873,0.21479889750480652,3.6145763397216797,0.33185186982154846,3.6569275856018066,0.0936104878783226,3.6961891651153564
38,0,0,1,0.27025869488716125,3.584639310836792,0.20590521395206451,3.627014398574829,0.32515543699264526,3.6736438274383545,0.09014269709587097,3.7024099826812744
39,0,0,1,0.26818597316741943,3.594545364379883,0.2461037039756775,3.683159828186035,0.35760122537612915,3.7150979042053223,0.10182158648967743,3.738892078399658
40,0,0,1,0.2698899805545807,3.585031747817993,0.2124471813440323,3.657731294631958,0.3340740501880646,3.7048768997192383,0.08920599520206451,3.729222536087036
41,0,0,1,0.2733179032802582,3.581012010574341,0.21424585580825806,3.630976676940918,0.33415377140045166,3.680941104888916,0.09028220176696777,3.6997792720794678
42,0,0,1,0.2569256126880646,3.6096653938293457,0.21807736158370972,3.757636785507202,0.3481943607330322,3.800297737121582,0.08416374027729034,3.7686479091644287
43,0,0,1,0.27312856912612915,3.5800650119781494,0.22102698683738708,3.635535717010498,0.33742228150367737,3.671480417251587,0.09510523080825806,3.710184335708618
44,0,0,1,0.2710658311843872,3.5794427394866943,0.2073003053665161,3.636013984680176,0.330775648355484,3.685274362564087,0.08876753598451614,3.683206081390381
45,0,0,1,0.27339762449264526,3.577963352203369,0.21090760827064514,3.6221120357513428,0.3323800265789032,3.6742618083953857,0.08994339406490326,3.70307993888855
46,0,0,1,0.2673090696334839,3.593215227127075,0.23173926770687103,3.6703574657440186,0.35167211294174194,3.71712327003479,0.09317203611135483,3.6791443824768066
47,0,0,1,0.2648577094078064,3.598893880844116,0.2407475709915161,3.695978879928589,0.3633609712123871,3.719888210296631,0.1008649542927742,3.7134952545166016
48,0,0,1,0.27515146136283875,3.5745327472686768,0.1986706703901291,3.6188995838165283,0.3191366195678711,3.685443162918091,0.08661511540412903,3.681546211242676
49,0,0,1,0.26393094658851624,3.5949935913085938,0.20774872601032257,3.702225685119629,0.33658522367477417,3.75421142578125,0.0856584832072258,3.7235922813415527
50,0,0,1,0.27340760827064514,3.5790719985961914,0.21872009336948395,3.6340153217315674,0.3378308415412903,3.6810808181762695,0.09287308156490326,3.7002146244049072
51,0,0,1,0.2667510211467743,3.585378646850586,0.20257194340229034,3.65024471282959,0.32655054330825806,3.7058894634246826,0.08795041590929031,3.6924993991851807
52,0,0,1,0.26572462916374207,3.5912773609161377,0.20226801931858063,3.667356491088867,0.3270986080169678,3.712627649307251,0.0864955335855484,3.7239630222320557
53,0,0,1,0.27320829033851624,3.5802605152130127,0.2170509696006775,3.6378579139709473,0.33535951375961304,3.6703808307647705,0.09414859861135483,3.7106266021728516
54,0,0,1,0.2681560814380646,3.5912671089172363,0.21204859018325806,3.6809134483337402,0.335658460855484,3.737501382827759,0.08514030277729034,3.722846508026123
55,0,0,1,0.26588407158851624,3.5931339263916016,0.22567063570022583,3.673724412918091,0.3472277522087097,3.7064714431762695,0.09422831237316132,3.681049108505249
56,0,0,1,0.27515146136283875,3.57395339012146,0.19757454097270966,3.602461338043213,0.3154396414756775,3.663212776184082,0.08868781477212906,3.7208988666534424
57,0,0,1,0.27150431275367737,3.579681396484375,0.20257194340229034,3.6246156692504883,0.3195352256298065,3.6815319061279297,0.08924585580825806,3.722644090652466
58,0,0,1,0.2711355984210968,3.5805065631866455,0.20521265268325806,3.6303203105926514,0.3269491195678711,3.6789088249206543,0.0891462042927742,3.6984126567840576
59,0,0,1,0.2692522406578064,3.585344076156616,0.2185407280921936,3.654644012451172,0.3381098508834839,3.706749200820923,0.09303252398967743,3.711653709411621
60,0,0,1,0.26523634791374207,3.596310615539551,0.22917330265045166,3.6837985515594482,0.35306718945503235,3.7293331623077393,0.09105946868658066,3.723353147506714
61,0,0,1,0.2766561508178711,3.570399522781372,0.19775888323783875,3.600261926651001,0.31770169734954834,3.6619722843170166,0.08888711780309677,3.7015695571899414
62,0,0,1,0.26077207922935486,3.60109281539917,0.2158302664756775,3.716376543045044,0.3457928001880646,3.75732684135437,0.08589763939380646,3.7257540225982666
63,0,0,1,0.27068716287612915,3.5869534015655518,0.21646802127361298,3.6451687812805176,0.3338647782802582,3.6874403953552246,0.09133848547935486,3.7180886268615723
64,0,0,1,0.2752610743045807,3.5758607387542725,0.21861547231674194,3.623173952102661,0.3321807086467743,3.6694164276123047,0.09510523080825806,3.70515513420105
65,0,0,1,0.27639707922935486,3.574467420578003,0.21526725590229034,3.618238687515259,0.3309949040412903,3.6596219539642334,0.09066087007522583,3.6975159645080566
66,0,0,1,0.2755998969078064,3.580034017562866,0.22776825726032257,3.6223039627075195,0.34323182702064514,3.6766345500946045,0.09606186300516129,3.682572603225708
67,0,0,1,0.26608338952064514,3.6013782024383545,0.2315599024295807,3.6831846237182617,0.35174185037612915,3.7270667552948,0.09241469949483871,3.6972179412841797
68,0,0,1,0.26857462525367737,3.5867466926574707,0.20293566584587097,3.6378591060638428,0.3235909640789032,3.691220283508301,0.0887276753783226,3.7084455490112305
69,0,0,1,0.2703583240509033,3.585197687149048,0.19936822354793549,3.649322748184204,0.3235211968421936,3.694603681564331,0.0856584832072258,3.703350305557251
70,0,0,1,0.26551538705825806,3.5932068824768066,0.2117396742105484,3.6601643562316895,0.33494099974632263,3.713078737258911,0.08683434128761292,3.698416233062744
71,0,0,1,0.26391103863716125,3.5979082584381104,0.22890923917293549,3.701195001602173,0.3491808772087097,3.7316572666168213,0.09131855517625809,3.7420339584350586
72,0,0,1,0.26831552386283875,3.5869791507720947,0.2136678844690323,3.6699934005737305,0.3372827470302582,3.715277671813965,0.08946508169174194,3.725996971130371
73,0,0,1,0.27493223547935486,3.578108072280884,0.22271105647087097,3.6228103637695312,0.3393654227256775,3.668134927749634,0.0952845960855484,3.669106960296631
74,0,0,1,0.26092153787612915,3.605560541152954,0.21577048301696777,3.711541175842285,0.34029215574264526,3.7497730255126953,0.08870774507522583,3.7571332454681396
75,0,0,1,0.26874402165412903,3.5844860076904297,0.213239386677742,3.6520864963531494,0.3339345455169678,3.6983377933502197,0.09209582209587097,3.7119669914245605
76,0,0,1,0.27550023794174194,3.57344388961792,0.2009725719690323,3.6040756702423096,0.3196249008178711,3.6579577922821045,0.08948501199483871,3.6986637115478516
77,0,0,1,0.2589983344078064,3.611981153488159,0.24667669832706451,3.733947277069092,0.3651845455169678,3.753922462463379,0.10160236060619354,3.7601020336151123
78,0,0,1,0.27046793699264526,3.5789551734924316,0.22197364270687103,3.6640255451202393,0.3387176990509033,3.700538396835327,0.09466677159070969,3.717052698135376
79,0,0,1,0.26152941584587097,3.6001904010772705,0.21157026290893555,3.714951753616333,0.33821946382522583,3.763118267059326,0.08651546388864517,3.738309144973755
80,0,0,1,0.26134008169174194,3.5974605083465576,0.21521244943141937,3.711071014404297,0.3407704830169678,3.7582828998565674,0.08735251426696777,3.75519061088562
81,0,0,1,0.2716338336467743,3.58072566986084,0.19749481976032257,3.6307079792022705,0.32080078125,3.6934738159179688,0.08669482916593552,3.7002298831939697
82,0,0,1,0.2709861099720001,3.583327293395996,0.21118661761283875,3.6467230319976807,0.3314233720302582,3.6820108890533447,0.09259406477212906,3.722987413406372
83,0,0,1,0.27974528074264526,3.562925338745117,0.19016560912132263,3.5663793087005615,0.3039401173591614,3.628340005874634,0.0929129421710968,3.7398111820220947
84,0,0,1,0.2744738459587097,3.5774035453796387,0.1995774805545807,3.6294686794281006,0.3216378390789032,3.685906410217285,0.08589763939380646,3.685382843017578
85,0,0,1,0.2685447037220001,3.590151786804199,0.2141362428665161,3.6631765365600586,0.3377710282802582,3.7005841732025146,0.09044164419174194,3.711106300354004
86,0,0,1,0.27115553617477417,3.5834405422210693,0.21738480031490326,3.6378180980682373,0.33318716287612915,3.689107656478882,0.09331154078245163,3.6888082027435303
87,0,0,1,0.2633828818798065,3.59812331199646,0.22378228604793549,3.7003161907196045,0.3496592044830322,3.739661931991577,0.09006297588348389,3.724496603012085
88,0,0,1,0.2590182423591614,3.609856605529785,0.2168068289756775,3.717883825302124,0.34211575984954834,3.760573148727417,0.08934549987316132,3.7401294708251953
89,0,0,1,0.2739855647087097,3.5823967456817627,0.23235709965229034,3.642714738845825,0.346400648355484,3.68143367767334,0.09787547588348389,3.696803092956543
90,0,0,1,0.2707071006298065,3.5843701362609863,0.20691166818141937,3.640050172805786,0.3268594443798065,3.6912899017333984,0.0888671875,3.7017269134521484
91,0,0,1,0.26025390625,3.6052379608154297,0.2322923243045807,3.7308995723724365,0.35843828320503235,3.763441801071167,0.09498564898967743,3.759127140045166
92,0,0,1,0.2630440890789032,3.5976436138153076,0.2090292125940323,3.7149667739868164,0.34050142765045166,3.761603832244873,0.08535953611135483,3.7606818675994873
93,0,0,1,0.2673788070678711,3.5917561054229736,0.22428052127361298,3.658684015274048,0.3425542116165161,3.70473575592041,0.09253427386283875,3.6939477920532227
94,0,0,1,0.2638811469078064,3.5998640060424805,0.2254813015460968,3.6890509128570557,0.34775587916374207,3.7354001998901367,0.09355069696903229,3.7023861408233643
95,0,0,1,0.2746432423591614,3.5767931938171387,0.20465460419654846,3.623664140701294,0.3252052664756775,3.6728358268737793,0.08936543017625809,3.702720880508423
96,0,0,1,0.26209741830825806,3.6021976470947266,0.21683673560619354,3.72743558883667,0.3463408648967743,3.7703418731689453,0.08466199040412903,3.7156307697296143
97,0,0,1,0.2704280912876129,3.5855257511138916,0.21029974520206451,3.6441433429718018,0.33067601919174194,3.691598415374756,0.09036192297935486,3.7157034873962402
98,0,0,1,0.26383131742477417,3.5969178676605225,0.21525231003761292,3.6806628704071045,0.3415975570678711,3.730980157852173,0.08709342777729034,3.710068702697754
99,0,0,1,0.27062737941741943,3.585094690322876,0.21124640107154846,3.6439454555511475,0.3314831852912903,3.675454616546631,0.09099967777729034,3.697766065597534
100,0,0,1,0.27375638484954834,3.576878309249878,0.19488400220870972,3.609858274459839,0.31665536761283875,3.6711459159851074,0.08701370656490326,3.6946861743927
101,0,0,1,0.27431440353393555,3.5774848461151123,0.19909916818141937,3.6243743896484375,0.3197444975376129,3.68607234954834,0.08729273080825806,3.714611768722534
102,0,0,1,0.27390584349632263,3.5758721828460693,0.20332928001880646,3.622044086456299,0.32566365599632263,3.675652503967285,0.08826929330825806,3.707383155822754
103,0,0,1,0.2741250693798065,3.5769383907318115,0.20967693626880646,3.6186583042144775,0.32901185750961304,3.6640517711639404,0.09233497828245163,3.698683261871338
104,0,0,1,0.2648477256298065,3.5969221591949463,0.21625378727912903,3.6767044067382812,0.3361567258834839,3.7226240634918213,0.08960458636283875,3.7037365436553955
105,0,0,1,0.2760881781578064,3.571861743927002,0.20064373314380646,3.602433681488037,0.31952527165412903,3.6597535610198975,0.08940529078245163,3.693268060684204
106,0,0,1,0.2643893361091614,3.5982587337493896,0.21710079908370972,3.700824022293091,0.34600207209587097,3.7503600120544434,0.08729273080825806,3.696803569793701
107,0,0,1,0.2709163725376129,3.5806450843811035,0.208740234375,3.633178234100342,0.32796555757522583,3.681696653366089,0.09121891111135483,3.705483913421631
108,0,0,1,0.26495733857154846,3.6005489826202393,0.24209780991077423,3.701131820678711,0.3605508506298065,3.7262728214263916,0.10032685101032257,3.7411601543426514
109,0,0,1,0.26406049728393555,3.602098226547241,0.2336525321006775,3.6847424507141113,0.35160234570503235,3.7280070781707764,0.09697863459587097,3.7209205627441406
110,0,0,1,0.26239636540412903,3.597789764404297,0.2187250852584839,3.6980795860290527,0.3394451439380646,3.722639799118042,0.09440768510103226,3.7268314361572266
111,0,0,1,0.27487245202064514,3.5741734504699707,0.20000597834587097,3.6178066730499268,0.3202626705169678,3.669933795928955,0.08870774507522583,3.704111337661743
112,0,0,1,0.2696109712123871,3.586376428604126,0.2304936647415161,3.6674952507019043,0.3505062162876129,3.7049808502197266,0.09638074040412903,3.706368923187256
113,0,0,1,0.27074697613716125,3.585057020187378,0.2348881959915161,3.6550495624542236,0.34728753566741943,3.6835384368896484,0.10064572840929031,3.710693120956421
114,0,0,1,0.2711455523967743,3.5857772827148438,0.22060845792293549,3.6425232887268066,0.3378208577632904,3.689655065536499,0.09386957436800003,3.6857750415802
115,0,0,1,0.2749621272087097,3.576957941055298,0.21098731458187103,3.617248296737671,0.33025747537612915,3.6675820350646973,0.09042171388864517,3.694071054458618
116,0,0,1,0.2718331515789032,3.5815463066101074,0.20721061527729034,3.637683868408203,0.3285634517669678,3.6914350986480713,0.08920599520206451,3.707998275756836
117,0,0,1,0.2716836631298065,3.5827465057373047,0.20217832922935486,3.63413667678833,0.32375040650367737,3.689002513885498,0.08785076439380646,3.7096188068389893
118,0,0,1,0.2738361060619354,3.5834062099456787,0.23900867998600006,3.635438919067383,0.34859293699264526,3.6668572425842285,0.10208067297935486,3.7007029056549072
119,0,0,1,0.26497727632522583,3.5959157943725586,0.21097736060619354,3.675798177719116,0.3345324397087097,3.7182390689849854,0.08836893737316132,3.7081642150878906
120,0,0,1,0.26649194955825806,3.592005491256714,0.21197384595870972,3.6684844493865967,0.33612683415412903,3.7214136123657227,0.08587770909070969,3.6922719478607178
121,0,0,1,0.25813138484954834,3.608245849609375,0.23024453222751617,3.730973243713379,0.3555384874343872,3.7743771076202393,0.0927734375,3.764983892440796
122,0,0,1,0.2736567258834839,3.580256462097168,0.22658242285251617,3.6337409019470215,0.33932557702064514,3.67919659614563,0.09755659848451614,3.7015321254730225
123,0,0,1,0.2707270383834839,3.5850632190704346,0.20942282676696777,3.6352779865264893,0.32926100492477417,3.683069944381714,0.0895647332072258,3.686025857925415
124,0,0,1,0.2733079493045807,3.5790278911590576,0.20826689898967743,3.6312918663024902,0.3296396732330322,3.6803507804870605,0.08824936300516129,3.7016711235046387
125,0,0,1,0.2596859037876129,3.610706090927124,0.2426060289144516,3.720693349838257,0.3599928319454193,3.750678300857544,0.09588249027729034,3.741633653640747
126,0,1,0,0.26015424728393555,3.6078829765319824,0.25364217162132263,3.732806921005249,0.37271803617477417,3.7459561824798584,0.10389429330825806,3.695760488510132
127,0,0,1,0.2626853287220001,3.5998635292053223,0.21047911047935486,3.685967206954956,0.33632612228393555,3.721963882446289,0.08739237487316132,3.710604429244995
128,0,0,1,0.2690529227256775,3.5895185470581055,0.232666015625,3.6782662868499756,0.35041654109954834,3.715768575668335,0.09564333409070969,3.7234840393066406
129,0,0,1,0.26322343945503235,3.5997729301452637,0.2146095633506775,3.6933114528656006,0.3384287357330322,3.739149570465088,0.08842872828245163,3.716249704360962
130,0,0,1,0.2734972834587097,3.5804853439331055,0.20889966189861298,3.628974199295044,0.3311244249343872,3.679767608642578,0.08920599520206451,3.6901252269744873
131,0,0,1,0.26601362228393555,3.5936317443847656,0.21008051931858063,3.6606109142303467,0.3349708914756775,3.7132232189178467,0.08665497601032257,3.6977920532226562
132,0,0,1,0.2757294178009033,3.573979139328003,0.2016003578901291,3.619593620300293,0.3229033648967743,3.682384967803955,0.08667489886283875,3.6909635066986084
133,0,0,1,0.27033841609954834,3.5854251384735107,0.20267657935619354,3.625448703765869,0.31957510113716125,3.6671032905578613,0.09032206237316132,3.7206530570983887
134,0,0,1,0.2739756107330322,3.5789263248443604,0.20542190968990326,3.6327826976776123,0.3258230984210968,3.678257942199707,0.0888671875,3.701502561569214
135,0,0,1,0.2645786702632904,3.6006176471710205,0.24505241215229034,3.707134485244751,0.3616170883178711,3.723965883255005,0.0993303582072258,3.7339487075805664
136,0,0,1,0.2765664756298065,3.5727462768554688,0.1971609890460968,3.6111292839050293,0.31638631224632263,3.6756534576416016,0.08785076439380646,3.6989564895629883
137,0,0,1,0.2650769352912903,3.6044509410858154,0.25794702768325806,3.70211124420166,0.3674565553665161,3.728569507598877,0.10315688699483871,3.720247268676758
138,0,1,0,0.2592175602912903,3.614269733428955,0.2561533451080322,3.7477972507476807,0.3710837662220001,3.7787535190582275,0.1050502210855484,3.79814076423645
139,0,0,1,0.2657047212123871,3.593571901321411,0.22492824494838715,3.685495376586914,0.34824416041374207,3.728274345397949,0.09398915618658066,3.699533462524414
140,0,0,1,0.27278977632522583,3.5793607234954834,0.20245236158370972,3.6192257404327393,0.32421875,3.6765737533569336,0.0881696417927742,3.684222459793091
141,0,0,1,0.2733079493045807,3.5787363052368164,0.19534239172935486,3.6144468784332275,0.31457269191741943,3.674733877182007,0.08731266111135483,3.6948184967041016
142,0,0,1,0.2758888602256775,3.5755977630615234,0.21363799273967743,3.6082839965820312,0.32960978150367737,3.662635564804077,0.0926339253783226,3.693631649017334
143,0,0,1,0.2706473171710968,3.5863771438598633,0.23190368711948395,3.6593761444091797,0.3472177982330322,3.701354503631592,0.09586255997419357,3.7068607807159424
144,0,0,1,0.27318838238716125,3.5827102661132812,0.21539679169654846,3.6469199657440186,0.3378208577632904,3.692516326904297,0.0905412957072258,3.6810476779937744
145,0,0,1,0.2745037376880646,3.575852155685425,0.2056809961795807,3.638526201248169,0.3268893361091614,3.705005407333374,0.08619658648967743,3.7114450931549072
146,0,0,1,0.27333784103393555,3.577761650085449,0.20470942556858063,3.642749309539795,0.3294403553009033,3.6976406574249268,0.08703363686800003,3.710785388946533
147,0,0,1,0.2610809803009033,3.5970611572265625,0.21686163544654846,3.7065134048461914,0.34301260113716125,3.7438557147979736,0.0904017835855484,3.725308656692505
148,0,0,1,0.27395567297935486,3.581078052520752,0.2145398110151291,3.630646228790283,0.33248963952064514,3.667325973510742,0.09217554330825806,3.7037837505340576
149,0,0,1,0.2740553319454193,3.5791215896606445,0.2070760875940323,3.6362454891204834,0.32844388484954834,3.6877729892730713,0.08818957209587097,3.6743502616882324
150,0,0,1,0.26963087916374207,3.595018148422241,0.2297114133834839,3.6613309383392334,0.34601202607154846,3.6974916458129883,0.09524473547935486,3.7099812030792236
151,0,0,1,0.27638712525367737,3.5714595317840576,0.20001095533370972,3.6067557334899902,0.3197444975376129,3.664505958557129,0.08952487260103226,3.6950132846832275
152,0,0,1,0.26823580265045166,3.5960323810577393,0.23445472121238708,3.6700100898742676,0.35084500908851624,3.7094125747680664,0.09624122828245163,3.6875128746032715
153,0,0,1,0.2719128727912903,3.5785906314849854,0.1968221813440323,3.620281934738159,0.31740275025367737,3.6828455924987793,0.08661511540412903,3.7061665058135986
154,0,0,1,0.2745535671710968,3.5778889656066895,0.20739994943141937,3.6375341415405273,0.3272779881954193,3.683920383453369,0.08918606489896774,3.71463680267334
155,0,0,1,0.2655353248119354,3.5993170738220215,0.2445940226316452,3.7029190063476562,0.35795000195503235,3.7279863357543945,0.10020726919174194,3.736475706100464
156,0,0,1,0.2710658311843872,3.5845158100128174,0.227399542927742,3.6659510135650635,0.3466099202632904,3.693068504333496,0.09679926186800003,3.7119622230529785
157,0,0,1,0.2624163031578064,3.603706121444702,0.23422053456306458,3.6974620819091797,0.35069555044174194,3.733327627182007,0.09398915618658066,3.723494529724121
158,0,0,1,0.2632533311843872,3.599212646484375,0.21967673301696777,3.694488525390625,0.3440887928009033,3.729887008666992,0.08683434128761292,3.7089741230010986
159,0,0,1,0.27207228541374207,3.582390308380127,0.21839624643325806,3.6365294456481934,0.3378109037876129,3.6877875328063965,0.0915178582072258,3.6992595195770264
160,0,0,1,0.2684151828289032,3.586909770965576,0.22185905277729034,3.656036615371704,0.3431819975376129,3.6985974311828613,0.09484613686800003,3.7125446796417236
161,0,0,1,0.2674585282802582,3.596982002258301,0.24029415845870972,3.695944309234619,0.36038145422935486,3.7276926040649414,0.09757652878761292,3.724060535430908
162,0,0,1,0.26329320669174194,3.59257435798645,0.2037976235151291,3.6821749210357666,0.3332369923591614,3.7472264766693115,0.08364556729793549,3.690493106842041
163,0,0,1,0.2724708914756775,3.5789051055908203,0.20271643996238708,3.6286683082580566,0.32452765107154846,3.6824393272399902,0.08882732689380646,3.7024905681610107
164,0,0,1,0.27445390820503235,3.575702667236328,0.20492365956306458,3.607527494430542,0.3222556412220001,3.658925771713257,0.09056122601032257,3.7242517471313477
165,0,0,1,0.2725207209587097,3.5788357257843018,0.19861586391925812,3.6296815872192383,0.3219268023967743,3.6947007179260254,0.08647560328245163,3.6971652507781982
166,0,0,1,0.27360689640045166,3.5785410404205322,0.21148556470870972,3.627338171005249,0.3329480290412903,3.681461811065674,0.09018255770206451,3.68574595451355
167,0,0,1,0.2672193944454193,3.594085693359375,0.22429049015045166,3.659365653991699,0.34132853150367737,3.6877646446228027,0.0947265625,3.7248053550720215
168,0,0,1,0.2749521732330322,3.578138589859009,0.21916353702545166,3.617250442504883,0.3344826102256775,3.6664183139801025,0.09418845176696777,3.712653398513794
169,0,0,1,0.26753824949264526,3.591813087463379,0.2361288219690323,3.6755571365356445,0.35321667790412903,3.7003047466278076,0.10146284848451614,3.6967196464538574
170,0,0,1,0.27062737941741943,3.587083101272583,0.23059330880641937,3.652859687805176,0.3490613102912903,3.698164463043213,0.0964006707072258,3.6969196796417236
171,0,0,1,0.2748226225376129,3.5759453773498535,0.20894451439380646,3.6216139793395996,0.3275868892669678,3.6671533584594727,0.09105946868658066,3.702998399734497
172,0,0,1,0.2702387571334839,3.585714817047119,0.2271653711795807,3.66288685798645,0.3487822711467743,3.7157795429229736,0.09369020909070969,3.714528799057007
173,0,0,1,0.27521124482154846,3.574516534805298,0.2002052664756775,3.6122641563415527,0.3194754421710968,3.6681535243988037,0.08962451666593552,3.711585521697998
174,0,0,1,0.27598851919174194,3.571995973587036,0.1960797905921936,3.5974488258361816,0.3145826756954193,3.6573221683502197,0.0888671875,3.7127158641815186
175,0,0,1,0.2674884498119354,3.5937860012054443,0.22901885211467743,3.6691830158233643,0.3455636203289032,3.718726634979248,0.09285315126180649,3.7164628505706787
176,0,0,1,0.27263033390045166,3.578493356704712,0.19730548560619354,3.6303534507751465,0.31943556666374207,3.6940977573394775,0.0867745503783226,3.7000458240509033
177,0,0,1,0.27373644709587097,3.5745904445648193,0.20415636897087097,3.617034673690796,0.32259446382522583,3.6670992374420166,0.09000318497419357,3.7185561656951904
178,0,0,1,0.27744337916374207,3.572049379348755,0.2138671875,3.6067001819610596,0.3306361436843872,3.6558468341827393,0.0933314710855484,3.704035758972168
179,0,0,1,0.2622568607330322,3.599855661392212,0.21466436982154846,3.6994242668151855,0.3398337662220001,3.7502858638763428,0.08771125227212906,3.7286980152130127
180,0,0,1,0.2640704810619354,3.604301929473877,0.24190349876880646,3.699697256088257,0.36214524507522583,3.7396399974823,0.0986328125,3.7258031368255615
181,0,0,1,0.26578444242477417,3.5903193950653076,0.20714086294174194,3.6708037853240967,0.33381497859954834,3.7294247150421143,0.08428332209587097,3.681248426437378
182,0,0,1,0.2635522782802582,3.596680164337158,0.2184809446334839,3.6970582008361816,0.34475645422935486,3.7409892082214355,0.0881696417927742,3.721745014190674
183,0,0,1,0.2684949040412903,3.5917086601257324,0.22060845792293549,3.6505184173583984,0.3353097140789032,3.6870338916778564,0.09548389166593552,3.696722984313965
184,0,0,1,0.2740752398967743,3.581042766571045,0.2252819985151291,3.6279995441436768,0.3373525142669678,3.676995277404785,0.09526466578245163,3.6995816230773926
185,0,0,1,0.2726602256298065,3.577223777770996,0.21472914516925812,3.6585841178894043,0.3353296220302582,3.7062792778015137,0.0905412957072258,3.7233104705810547
186,0,0,1,0.27423468232154846,3.577361822128296,0.20994599163532257,3.614210844039917,0.3289022445678711,3.662273406982422,0.08974409848451614,3.6948699951171875
187,0,0,1,0.2603136897087097,3.6013474464416504,0.20387734472751617,3.699894905090332,0.331752210855484,3.7611138820648193,0.08478156477212906,3.7219088077545166
188,0,0,1,0.2719826102256775,3.5819594860076904,0.20778359472751617,3.6328322887420654,0.3309849202632904,3.6791207790374756,0.08932556957006454,3.706157922744751
189,0,0,1,0.27389588952064514,3.582514762878418,0.2313855141401291,3.633591651916504,0.34554368257522583,3.66723370552063,0.09795519709587097,3.6972532272338867
190,0,0,1,0.26363199949264526,3.5960841178894043,0.23093709349632263,3.703516721725464,0.3565250337123871,3.7393369674682617,0.09713806957006454,3.7593352794647217
191,0,0,1,0.2615891993045807,3.5980725288391113,0.21610431373119354,3.7099578380584717,0.3427734375,3.7560322284698486,0.09064093977212906,3.7220757007598877
192,0,0,1,0.26623284816741943,3.595987558364868,0.22783800959587097,3.6789276599884033,0.34950971603393555,3.721588611602783,0.09199617058038712,3.697573661804199
193,0,0,1,0.2735172212123871,3.575233221054077,0.2028210610151291,3.636573553085327,0.3247568607330322,3.691408395767212,0.08787069469690323,3.7171695232391357
194,0,0,1,0.2687041461467743,3.585759401321411,0.19906428456306458,3.6446824073791504,0.3253946006298065,3.7109694480895996,0.08585777878761292,3.669219970703125
195,0,0,1,0.27585896849632263,3.5711448192596436,0.2005540430545807,3.6086156368255615,0.32042211294174194,3.6637537479400635,0.08826929330825806,3.6933844089508057
196,0,0,1,0.2715441584587097,3.582275152206421,0.19952766597270966,3.6397643089294434,0.32152822613716125,3.69401216506958,0.08715321868658066,3.696547031402588
197,0,0,1,0.2753308415412903,3.5734708309173584,0.20133130252361298,3.601663112640381,0.3195651173591614,3.655867099761963,0.08906648308038712,3.6972477436065674
198,0,0,1,0.2632732689380646,3.6015141010284424,0.22881954908370972,3.7046923637390137,0.3525290787220001,3.7275912761688232,0.09592235088348389,3.7178475856781006
199,0,0,1,0.2744240164756775,3.5775082111358643,0.2224370241165161,3.6271839141845703,0.34024232625961304,3.667994260787964,0.09432796388864517,3.705894708633423
200,0,0,1,0.26530611515045166,3.597092866897583,0.21515265107154846,3.6813488006591797,0.34132853150367737,3.732607364654541,0.08611686527729034,3.695903778076172
201,0,0,1,0.27521124482154846,3.57545804977417,0.20558135211467743,3.6171202659606934,0.32496610283851624,3.664469003677368,0.09024234861135483,3.7034010887145996
202,0,0,1,0.2573142349720001,3.6063435077667236,0.21123644709587097,3.750023603439331,0.3462611436843872,3.8061470985412598,0.0810546875,3.751905679702759
203,0,0,1,0.2636120915412903,3.6027822494506836,0.24648237228393555,3.719587564468384,0.368672251701355,3.7679271697998047,0.10070551186800003,3.7646942138671875
204,0,0,1,0.2713348865509033,3.5836057662963867,0.21097736060619354,3.622331380844116,0.3264010548591614,3.6661577224731445,0.09386957436800003,3.7042462825775146
205,0,0,1,0.25903818011283875,3.6066935062408447,0.22659239172935486,3.7164783477783203,0.35039660334587097,3.75795578956604,0.09259406477212906,3.7135169506073
206,0,0,1,0.2617984712123871,3.5986602306365967,0.22980108857154846,3.7142794132232666,0.35180166363716125,3.741842269897461,0.09317203611135483,3.7392513751983643
207,0,0,1,0.2757493555545807,3.5748770236968994,0.19839166104793549,3.6177608966827393,0.3195651173591614,3.6838691234588623,0.08637595176696777,3.6811258792877197
208,0,0,1,0.27480268478393555,3.5788519382476807,0.21834143996238708,3.62922739982605,0.33595743775367737,3.6665775775909424,0.09279336780309677,3.7100515365600586
209,0,0,1,0.2654854953289032,3.5911717414855957,0.20819714665412903,3.6743407249450684,0.33234015107154846,3.7187490463256836,0.08822943270206451,3.7110910415649414
210,0,0,1,0.27272000908851624,3.58038592338562,0.21053391695022583,3.6238551139831543,0.3280054032802582,3.6696135997772217,0.09313217550516129,3.709822416305542
211,0,0,1,0.27591875195503235,3.5737297534942627,0.19844147562980652,3.615145206451416,0.320033460855484,3.6842384338378906,0.0867745503783226,3.6715664863586426
212,0,0,1,0.2737862765789032,3.5784895420074463,0.20937798917293549,3.6349618434906006,0.3320910334587097,3.6928224563598633,0.08852837979793549,3.7129671573638916
213,0,0,1,0.2660534977912903,3.5945916175842285,0.22088249027729034,3.6834793090820312,0.34111925959587097,3.7177202701568604,0.08932556957006454,3.741856336593628
214,0,0,1,0.26672112941741943,3.594597578048706,0.21681182086467743,3.667379140853882,0.33827924728393555,3.7042744159698486,0.08908641338348389,3.7087247371673584
215,0,0,1,0.25951650738716125,3.6014668941497803,0.22525708377361298,3.712630033493042,0.3514927327632904,3.7586538791656494,0.08864795416593552,3.736510753631592
216,0,0,1,0.26656168699264526,3.5961122512817383,0.23039400577545166,3.676304578781128,0.345703125,3.7283523082733154,0.09420838207006454,3.7017135620117188
217,0,0,1,0.27488240599632263,3.5754575729370117,0.20644830167293549,3.6259684562683105,0.3277662694454193,3.6758177280426025,0.08834900707006454,3.699075222015381
218,0,0,1,0.27424466609954834,3.576505184173584,0.20082807540893555,3.6125733852386475,0.31957510113716125,3.6637356281280518,0.08978395909070969,3.705216407775879
219,0,0,1,0.2725506126880646,3.5826478004455566,0.2304438352584839,3.6468400955200195,0.34805482625961304,3.6845223903656006,0.09841357916593552,3.699676036834717
220,0,0,1,0.2759287357330322,3.5743589401245117,0.20487384498119354,3.6212456226348877,0.32391980290412903,3.6747677326202393,0.09024234861135483,3.7146642208099365
221,0,0,1,0.2695212662220001,3.594705581665039,0.244001105427742,3.6653189659118652,0.3579699397087097,3.6959052085876465,0.10144291818141937,3.694302558898926
222,0,0,1,0.27129504084587097,3.582369089126587,0.20703125,3.641557455062866,0.32920119166374207,3.686009168624878,0.0890066921710968,3.693237781524658
223,0,0,1,0.2740752398967743,3.578970432281494,0.21918845176696777,3.629796266555786,0.33988359570503235,3.6745924949645996,0.09219547361135483,3.686338186264038
224,0,0,1,0.26369181275367737,3.5947396755218506,0.2093431055545807,3.696449041366577,0.3399932086467743,3.7381224632263184,0.08655532449483871,3.723923444747925
225,0,0,1,0.27053770422935486,3.5875353813171387,0.21861547231674194,3.6440958976745605,0.3330177664756775,3.688291072845459,0.09105946868658066,3.682425022125244
226,0,0,1,0.2660634517669678,3.598689079284668,0.23691605031490326,3.6890852451324463,0.35626593232154846,3.7267005443573,0.09307238459587097,3.7231264114379883
227,0,0,1,0.27150431275367737,3.5858840942382812,0.23619359731674194,3.6782617568969727,0.35711294412612915,3.707871675491333,0.09907126426696777,3.711526870727539
228,0,0,1,0.2817980647087097,3.5621132850646973,0.19449536502361298,3.5874576568603516,0.3107661008834839,3.6525685787200928,0.0899832546710968,3.702547073364258
229,0,0,1,0.26690050959587097,3.592219352722168,0.20520268380641937,3.6815831661224365,0.33059629797935486,3.7317941188812256,0.08561862260103226,3.7153165340423584
230,0,0,1,0.2747030258178711,3.575216770172119,0.2014608532190323,3.601919174194336,0.3189173936843872,3.656386613845825,0.08940529078245163,3.713999032974243
231,0,0,1,0.26160913705825806,3.6055688858032227,0.23103176057338715,3.706571102142334,0.35249918699264526,3.734663963317871,0.09440768510103226,3.736542224884033
232,0,0,1,0.26664140820503235,3.595709800720215,0.22919821739196777,3.679093837738037,0.3489815890789032,3.7205963134765625,0.09384964406490326,3.7256317138671875
233,0,0,1,0.2737762928009033,3.5780375003814697,0.20459482073783875,3.618001699447632,0.32216596603393555,3.6663780212402344,0.0905412957072258,3.710763931274414
234,0,0,1,0.27425462007522583,3.575866460800171,0.19613459706306458,3.6083831787109375,0.31630659103393555,3.673335075378418,0.08753188699483871,3.696493625640869
235,0,0,1,0.27115553617477417,3.579214334487915,0.20038464665412903,3.644935131072998,0.3240194320678711,3.709958076477051,0.08651546388864517,3.726330280303955
236,0,0,1,0.2632334232330322,3.599182367324829,0.22766362130641937,3.6976780891418457,0.3489217758178711,3.729344606399536,0.09337133169174194,3.7479188442230225
237,0,0,1,0.27521124482154846,3.5751683712005615,0.21543167531490326,3.6355059146881104,0.33367544412612915,3.694042205810547,0.08890704810619354,3.758350133895874
238,0,0,1,0.2739855647087097,3.5795235633850098,0.21915856003761292,3.6352930068969727,0.3355189561843872,3.679863452911377,0.09161750227212906,3.707852840423584
239,0,0,1,0.26551538705825806,3.5964720249176025,0.23300482332706451,3.692505121231079,0.35265862941741943,3.7175755500793457,0.09986846148967743,3.734184741973877
240,0,0,1,0.26920241117477417,3.5819358825683594,0.21036450564861298,3.6535847187042236,0.3339046537876129,3.7057716846466064,0.08898676186800003,3.730123281478882
241,0,0,1,0.26783719658851624,3.5994865894317627,0.245710089802742,3.6613199710845947,0.3584582209587097,3.6808907985687256,0.10293765366077423,3.674733877182007
242,0,0,1,0.2702288031578064,3.5845563411712646,0.21684668958187103,3.6484076976776123,0.3355090022087097,3.692833185195923,0.0936104878783226,3.7087502479553223
243,0,0,1,0.2580317258834839,3.6100640296936035,0.2462083399295807,3.7190327644348145,0.36246412992477417,3.7270853519439697,0.09943000227212906,3.7458407878875732
244,0,0,1,0.27416494488716125,3.579580545425415,0.22027960419654846,3.6261563301086426,0.33862802386283875,3.666382312774658,0.09331154078245163,3.6894490718841553
245,0,0,1,0.2717633843421936,3.5826854705810547,0.21318458020687103,3.6307756900787354,0.33102479577064514,3.677473783493042,0.09213568270206451,3.686999797821045
246,0,0,1,0.27167370915412903,3.5792832374572754,0.20005081593990326,3.631740093231201,0.3212093412876129,3.6988582611083984,0.0866350457072258,3.691511392593384
247,0,0,1,0.2617984712123871,3.6018574237823486,0.22655253112316132,3.7188475131988525,0.35368502140045166,3.7598118782043457,0.08922592550516129,3.7239222526550293
248,0,0,1,0.27597853541374207,3.5727386474609375,0.2023327797651291,3.6119580268859863,0.321986585855484,3.665170907974243,0.08944515138864517,3.6931817531585693
249,0,0,1,0.27284955978393555,3.5802929401397705,0.20740492641925812,3.6380233764648438,0.33032724261283875,3.6958882808685303,0.08930563926696777,3.7118947505950928
250,0,0,1,0.27181321382522583,3.5870513916015625,0.23706552386283875,3.656074047088623,0.3543725907802582,3.6848039627075195,0.09817442297935486,3.6987414360046387
251,0,0,1,0.2659936845302582,3.5971603393554688,0.22620874643325806,3.699566125869751,0.35027700662612915,3.754317045211792,0.09066087007522583,3.6992745399475098
252,0,0,1,0.26406049728393555,3.5966262817382812,0.21294543147087097,3.663726329803467,0.33575811982154846,3.7054073810577393,0.08990354090929031,3.7027266025543213
253,0,0,1,0.26397082209587097,3.5957720279693604,0.21873505413532257,3.688617467880249,0.3436304032802582,3.7115182876586914,0.08902662247419357,3.6944258213043213
254,0,0,1,0.27523118257522583,3.5752716064453125,0.2006237953901291,3.614563226699829,0.3208107352256775,3.673262119293213,0.08699378371238708,3.6918671131134033
255,0,0,1,0.27408522367477417,3.5801491737365723,0.22604431211948395,3.634455919265747,0.342006117105484,3.6767868995666504,0.09359055757522583,3.6801533699035645
256,0,0,1,0.2711256444454193,3.5781755447387695,0.2014259696006775,3.634897470474243,0.32130900025367737,3.700564384460449,0.08675462007522583,3.7091660499572754
257,0,0,1,0.26363199949264526,3.6020562648773193,0.25965601205825806,3.695436954498291,0.3675262928009033,3.7094788551330566,0.10542888939380646,3.68601131439209
258,0,0,1,0.26921236515045166,3.5865042209625244,0.20768395066261292,3.6557350158691406,0.32997846603393555,3.709699869155884,0.08767139166593552,3.69834041595459
259,0,0,1,0.2675681412220001,3.59476375579834,0.22397659718990326,3.6646718978881836,0.34317201375961304,3.7054126262664795,0.09376993030309677,3.6911795139312744
260,0,0,1,0.2649274468421936,3.5942602157592773,0.20670738816261292,3.687950372695923,0.3330576419830322,3.7374861240386963,0.08755181729793549,3.7491464614868164
261,0,0,1,0.2763671875,3.5756471157073975,0.21927814185619354,3.6154963970184326,0.333984375,3.666487693786621,0.0934709832072258,3.693603515625
262,0,0,1,0.2645786702632904,3.6055514812469482,0.2481863796710968,3.7050108909606934,0.36359015107154846,3.732726812362671,0.10237962007522583,3.723574161529541
263,0,0,1,0.27390584349632263,3.5760905742645264,0.20435068011283875,3.6327106952667236,0.326381117105484,3.68699049949646,0.08874760568141937,3.7076127529144287
264,0,0,1,0.26153936982154846,3.6030633449554443,0.21323440968990326,3.725681781768799,0.3421356678009033,3.7584028244018555,0.08500079810619354,3.749589681625366
265,0,0,1,0.27213209867477417,3.5803215503692627,0.19923369586467743,3.613574504852295,0.3167649805545807,3.6702842712402344,0.08808992058038712,3.709728479385376
266,0,0,1,0.2753806412220001,3.5745251178741455,0.207135871052742,3.6194164752960205,0.3272978961467743,3.675414800643921,0.09034199267625809,3.702845811843872
267,0,0,1,0.26872408390045166,3.59057354927063,0.227294921875,3.6730310916900635,0.34901148080825806,3.7079145908355713,0.09273357689380646,3.7109391689300537
268,0,0,1,0.27053770422935486,3.5837783813476562,0.2148885875940323,3.6329615116119385,0.33534955978393555,3.6879029273986816,0.0906808003783226,3.6797802448272705
269,0,0,1,0.2744140625,3.5768392086029053,0.20762914419174194,3.6296794414520264,0.32705873250961304,3.679564952850342,0.08936543017625809,3.710972309112549
270,0,0,1,0.27369657158851624,3.583812713623047,0.23623843491077423,3.644240140914917,0.3511340022087097,3.678406238555908,0.09899155050516129,3.686933755874634
271,0,0,1,0.27228155732154846,3.580003023147583,0.20754942297935486,3.6472537517547607,0.3283940553665161,3.6953420639038086,0.08824936300516129,3.731255531311035
272,0,0,1,0.2684251368045807,3.5876305103302,0.20775867998600006,3.666698694229126,0.32893216609954834,3.718501091003418,0.08864795416593552,3.7243704795837402
273,0,0,1,0.2715541124343872,3.580639123916626,0.2080078125,3.6222574710845947,0.3277263939380646,3.6804306507110596,0.08920599520206451,3.696157217025757
274,0,0,1,0.26984015107154846,3.5865800380706787,0.23157984018325806,3.652316093444824,0.3469487428665161,3.7002038955688477,0.09743701666593552,3.709552049636841
275,0,0,1,0.26753824949264526,3.5930051803588867,0.2104940563440323,3.687835931777954,0.33381497859954834,3.733215808868408,0.08581791818141937,3.722944736480713
276,0,0,1,0.27243104577064514,3.580050468444824,0.21294043958187103,3.6379334926605225,0.33365553617477417,3.6828837394714355,0.0905412957072258,3.688091516494751
277,0,0,1,0.2764369249343872,3.5718250274658203,0.19889488816261292,3.6063528060913086,0.31910672783851624,3.6689255237579346,0.08806999027729034,3.687033176422119
278,0,0,1,0.2726004421710968,3.5821757316589355,0.21457967162132263,3.624027729034424,0.33297792077064514,3.6806225776672363,0.09119898080825806,3.685533285140991
279,0,0,1,0.27361685037612915,3.5785927772521973,0.20702128112316132,3.6314802169799805,0.32831433415412903,3.6775124073028564,0.08910634368658066,3.7081189155578613
280,0,0,1,0.27221181988716125,3.5806641578674316,0.20488879084587097,3.6147561073303223,0.3221460282802582,3.6656768321990967,0.08846858888864517,3.694300413131714
281,0,0,1,0.27082669734954834,3.5855472087860107,0.21517756581306458,3.646282434463501,0.3346121609210968,3.6954345703125,0.08992347121238708,3.7056736946105957
282,0,0,1,0.2650868892669678,3.5928502082824707,0.21269629895687103,3.6713907718658447,0.3403220474720001,3.720309257507324,0.08918606489896774,3.700782060623169
283,0,0,1,0.2742944657802582,3.5773086547851562,0.19612464308738708,3.6162893772125244,0.31825971603393555,3.6787211894989014,0.08751195669174194,3.6920974254608154
284,0,0,1,0.2735869586467743,3.5781097412109375,0.2110520899295807,3.6179323196411133,0.3297293484210968,3.662062883377075,0.0910993292927742,3.694596290588379
285,0,0,1,0.26629263162612915,3.5911760330200195,0.21039441227912903,3.6638169288635254,0.33349609375,3.7078614234924316,0.08836893737316132,3.7047812938690186
286,0,0,1,0.2714146077632904,3.5851597785949707,0.2362234890460968,3.6453566551208496,0.3490613102912903,3.679237127304077,0.10108418017625809,3.6920347213745117
287,0,0,1,0.26299425959587097,3.5973401069641113,0.21036949753761292,3.700061559677124,0.33888712525367737,3.7535579204559326,0.0848214253783226,3.7304980754852295
288,0,0,1,0.26285475492477417,3.598604917526245,0.21375258266925812,3.6998205184936523,0.3409099876880646,3.7402589321136475,0.08856824040412903,3.735823631286621
289,0,0,1,0.27318838238716125,3.5802297592163086,0.2184709757566452,3.622194766998291,0.3373525142669678,3.66178297996521,0.09271364659070969,3.690025806427002
290,0,0,1,0.2680165767669678,3.5887491703033447,0.19856604933738708,3.6465511322021484,0.3229830861091614,3.7023632526397705,0.08527981489896774,3.7085766792297363
291,0,0,1,0.2633928656578064,3.6007113456726074,0.2266322523355484,3.7434375286102295,0.3544324040412903,3.781264066696167,0.08926578611135483,3.8236212730407715
292,0,0,1,0.27492228150367737,3.575120449066162,0.20402184128761292,3.607599973678589,0.321498304605484,3.6598269939422607,0.09066087007522583,3.7012529373168945
293,0,0,1,0.2642897069454193,3.5965614318847656,0.22137077152729034,3.692775249481201,0.3459223508834839,3.721755027770996,0.08968430757522583,3.7206666469573975
294,0,0,1,0.27150431275367737,3.5855906009674072,0.23128587007522583,3.6417922973632812,0.345912367105484,3.679342031478882,0.09964923560619354,3.6884000301361084
295,0,0,1,0.2739855647087097,3.577996015548706,0.20071348547935486,3.6264522075653076,0.3218271732330322,3.6891255378723145,0.08763153851032257,3.698885679244995
296,0,0,1,0.27345743775367737,3.578456401824951,0.20520268380641937,3.6145684719085693,0.3247867524623871,3.6666769981384277,0.08902662247419357,3.6982314586639404
297,0,0,1,0.26167887449264526,3.6002285480499268,0.21004563570022583,3.699409246444702,0.3364955186843872,3.7469794750213623,0.08577805757522583,3.7174720764160156
298,0,0,1,0.27179327607154846,3.580054998397827,0.20321966707706451,3.630176305770874,0.3249860405921936,3.6742403507232666,0.0888671875,3.699932813644409
299,0,0,1,0.27097615599632263,3.585334539413452,0.2200155407190323,3.65682315826416,0.34052136540412903,3.694047689437866,0.09219547361135483,3.6977951526641846
300,0,0,1,0.27004942297935486,3.5826938152313232,0.22295020520687103,3.6548149585723877,0.33982381224632263,3.6898422241210938,0.09739716351032257,3.7137303352355957
301,0,0,1,0.2598951756954193,3.602890968322754,0.21887455880641937,3.706435441970825,0.3440190553665161,3.738724946975708,0.09046157449483871,3.7034590244293213
302,0,0,1,0.2687739133834839,3.5952470302581787,0.23268096148967743,3.6834261417388916,0.3531668484210968,3.728139638900757,0.09301259368658066,3.6910221576690674
303,0,0,1,0.26348254084587097,3.595628023147583,0.2096819132566452,3.710911512374878,0.3369837999343872,3.7530531883239746,0.08318717777729034,3.720651626586914
304,0,0,1,0.2631337642669678,3.599181890487671,0.20430584251880646,3.6761369705200195,0.3278559446334839,3.7202515602111816,0.08727280050516129,3.704270362854004
305,0,0,1,0.27472296357154846,3.5743770599365234,0.20105727016925812,3.6032016277313232,0.31965482234954834,3.6549036502838135,0.08890704810619354,3.713068723678589
306,0,0,1,0.26300421357154846,3.6018261909484863,0.2329799085855484,3.6941401958465576,0.35697343945503235,3.7429864406585693,0.09253427386283875,3.7062244415283203
307,0,0,1,0.26288464665412903,3.597778797149658,0.2036830335855484,3.692563533782959,0.3297293484210968,3.7472574710845947,0.08354591578245163,3.7220897674560547
308,0,0,1,0.2652064561843872,3.5963778495788574,0.23087731003761292,3.683499574661255,0.34936025738716125,3.7220685482025146,0.09608179330825806,3.721842050552368
309,0,0,1,0.27347734570503235,3.5795438289642334,0.2107033133506775,3.6439735889434814,0.33611685037612915,3.6993772983551025,0.08659518510103226,3.711852788925171
310,0,0,1,0.2726103961467743,3.5820813179016113,0.21931301057338715,3.6368675231933594,0.3373226225376129,3.6747214794158936,0.09327168017625809,3.702777862548828
311,0,0,1,0.27439412474632263,3.576881170272827,0.2135184109210968,3.6113781929016113,0.3309251368045807,3.6535277366638184,0.0923549085855484,3.70025897026062
312,0,0,1,0.2645886540412903,3.6004066467285156,0.23256635665893555,3.7004520893096924,0.3505261540412903,3.749545097351074,0.09337133169174194,3.783351182937622
313,0,0,1,0.26545560359954834,3.5945417881011963,0.21823181211948395,3.6653425693511963,0.3360869586467743,3.7045392990112305,0.093191958963871,3.6781437397003174
314,0,0,1,0.26125040650367737,3.604569435119629,0.2341408133506775,3.72298002243042,0.3573022782802582,3.7484660148620605,0.09562340378761292,3.7240517139434814
315,0,0,1,0.27080675959587097,3.581064224243164,0.20883987843990326,3.6303470134735107,0.3289022445678711,3.6730594635009766,0.09211575239896774,3.7167892456054688
316,0,0,1,0.26900309324264526,3.5839970111846924,0.19863580167293549,3.640253782272339,0.3202527165412903,3.6964340209960938,0.0866350457072258,3.7066943645477295
317,0,0,1,0.27313855290412903,3.5782196521759033,0.20808254182338715,3.6210999488830566,0.32641103863716125,3.67383074760437,0.08870774507522583,3.680521249771118
318,0,0,1,0.27392578125,3.5760486125946045,0.202392578125,3.6149282455444336,0.32468709349632263,3.675168037414551,0.08783083409070969,3.68754243850708
319,0,0,1,0.2714743912220001,3.584627151489258,0.22290536761283875,3.656757116317749,0.3446767330169678,3.697042465209961,0.09353076666593552,3.701683282852173
320,0,0,1,0.27125516533851624,3.583336353302002,0.21647301316261292,3.6378116607666016,0.33316725492477417,3.670335531234741,0.0948660671710968,3.697899103164673
321,0,0,1,0.27025869488716125,3.582390069961548,0.20201390981674194,3.6305832862854004,0.3205317258834839,3.6763041019439697,0.08922592550516129,3.7196784019470215
322,0,0,1,0.27311861515045166,3.58139967918396,0.22127610445022583,3.627659797668457,0.3366549611091614,3.6796116828918457,0.09279336780309677,3.6877148151397705
323,0,0,1,0.2647181749343872,3.595520496368408,0.21165497601032257,3.6725518703460693,0.3372727930545807,3.7368669509887695,0.08484135568141937,3.693681001663208
324,0,0,1,0.2753407955169678,3.579928398132324,0.22761379182338715,3.6313726902008057,0.34183672070503235,3.6664528846740723,0.09855309128761292,3.700101137161255
325,0,0,1,0.27492228150367737,3.5780928134918213,0.20418128371238708,3.6259639263153076,0.32405930757522583,3.6832103729248047,0.08834900707006454,3.6981728076934814
326,0,0,1,0.26970064640045166,3.582597494125366,0.2040318101644516,3.6380465030670166,0.3247867524623871,3.6868958473205566,0.089285708963871,3.716517925262451
327,0,0,1,0.2732182741165161,3.5769567489624023,0.20547671616077423,3.615955352783203,0.3237204849720001,3.6623775959014893,0.09044164419174194,3.6967828273773193
328,0,0,1,0.2688934803009033,3.587162733078003,0.20859076082706451,3.666881561279297,0.3315529227256775,3.7134828567504883,0.08687420189380646,3.733883857727051
329,0,0,1,0.26412028074264526,3.601433753967285,0.25026407837867737,3.707858085632324,0.36903101205825806,3.7432830333709717,0.09941007196903229,3.7367682456970215
330,0,0,1,0.26466837525367737,3.595519542694092,0.20594008266925812,3.6888201236724854,0.33251953125,3.7428152561187744,0.08597736060619354,3.7021327018737793
331,0,0,1,0.2808215022087097,3.563784122467041,0.20239755511283875,3.5951948165893555,0.32099011540412903,3.655904531478882,0.08954480290412903,3.7035388946533203
332,0,0,1,0.27556997537612915,3.5744194984436035,0.20222316682338715,3.6128315925598145,0.32193678617477417,3.669761896133423,0.08876753598451614,3.691962242126465
333,0,0,1,0.2733179032802582,3.5801005363464355,0.22264130413532257,3.6361641883850098,0.3434111773967743,3.6723928451538086,0.09376993030309677,3.716259241104126
334,0,0,1,0.26155930757522583,3.603398323059082,0.23554587364196777,3.729116916656494,0.35528936982154846,3.76084041595459,0.09341119229793549,3.7384254932403564
335,0,0,1,0.2738560140132904,3.578960657119751,0.21939770877361298,3.632829189300537,0.33939531445503235,3.681229591369629,0.09355069696903229,3.686408281326294
336,0,0,1,0.27682557702064514,3.571634292602539,0.1997319459915161,3.6123430728912354,0.3182397782802582,3.6708104610443115,0.08912627398967743,3.7173523902893066
337,0,0,1,0.27647680044174194,3.5742294788360596,0.20547173917293549,3.6325807571411133,0.32598254084587097,3.6816556453704834,0.08864795416593552,3.7063848972320557
338,0,0,1,0.2759685814380646,3.5730483531951904,0.2052973508834839,3.604844093322754,0.3235311508178711,3.6604859828948975,0.09060107916593552,3.707435131072998
339,0,0,1,0.2717135548591614,3.5805552005767822,0.21078802645206451,3.652862548828125,0.3323800265789032,3.7008843421936035,0.09111925959587097,3.736220359802246
340,0,0,1,0.26970064640045166,3.592425584793091,0.2413952797651291,3.6801998615264893,0.35789021849632263,3.717945098876953,0.09879224747419357,3.7399637699127197
341,0,0,1,0.2658242881298065,3.598702907562256,0.2440708726644516,3.6980769634246826,0.35872727632522583,3.725714683532715,0.09950972348451614,3.7526535987854004
342,0,0,1,0.2688436508178711,3.5912747383117676,0.21599967777729034,3.6530263423919678,0.33506056666374207,3.6953961849212646,0.09229511767625809,3.6996328830718994
343,0,0,1,0.2721719443798065,3.5793211460113525,0.20158043503761292,3.615403652191162,0.32007333636283875,3.6618306636810303,0.09014269709587097,3.7010834217071533
344,0,0,1,0.27488240599632263,3.5759289264678955,0.21367286145687103,3.615902900695801,0.32906168699264526,3.6557445526123047,0.09375,3.702806234359741
345,0,0,1,0.26808634400367737,3.586700439453125,0.21800760924816132,3.656999111175537,0.3377511203289032,3.6995632648468018,0.0927734375,3.7142856121063232
346,0,0,1,0.2668706178665161,3.588028907775879,0.19586056470870972,3.6384127140045166,0.31787109375,3.6988306045532227,0.08693399280309677,3.6813387870788574
347,0,0,1,0.2733577787876129,3.576808214187622,0.2053471803665161,3.6389577388763428,0.32837411761283875,3.699359655380249,0.08834900707006454,3.711482048034668
348,0,0,1,0.2728794515132904,3.5803754329681396,0.2196916788816452,3.635769844055176,0.33806002140045166,3.6810905933380127,0.09267378598451614,3.715268850326538
349,0,0,1,0.2688436508178711,3.584120988845825,0.21617406606674194,3.655057907104492,0.33687418699264526,3.705436944961548,0.09341119229793549,3.714529514312744
350,0,0,1,0.27172353863716125,3.5820741653442383,0.2073003053665161,3.6213526725769043,0.3229531943798065,3.6718194484710693,0.09241469949483871,3.704550266265869
351,0,0,1,0.26578444242477417,3.594818592071533,0.22090241312980652,3.6770570278167725,0.34160754084587097,3.71051025390625,0.09408880770206451,3.735013723373413
352,1,1,1,0.3255639970302582,3.597257614135742,0.5472187995910645,3.6096842288970947,0.4973393678665161,3.5941412448883057,0.19312021136283875,3.617647171020508
353,1,1,1,0.31005859375,3.6111843585968018,0.5837950110435486,3.6300930976867676,0.5296555757522583,3.5973622798919678,0.22299505770206451,3.620877742767334
354,1,1,1,0.35131338238716125,3.598553419113159,0.6828015446662903,3.583015203475952,0.5594208240509033,3.549546718597412,0.24824616312980652,3.5773122310638428
355,1,1,1,0.33122408390045166,3.60528302192688,0.6363301277160645,3.6104421615600586,0.5406169891357422,3.5851950645446777,0.23052853345870972,3.6273016929626465
356,1,1,1,0.33975404500961304,3.5961577892303467,0.6317811012268066,3.5974478721618652,0.5422811508178711,3.5741560459136963,0.2336176633834839,3.611755609512329
357,1,1,1,0.35131338238716125,3.598553419113159,0.6828015446662903,3.583015203475952,0.5594208240509033,3.549546718597412,0.24824616312980652,3.5773122310638428
358,1,1,1,0.29211175441741943,3.5940847396850586,0.4020746946334839,3.637413501739502,0.43614476919174194,3.6359212398529053,0.15056999027729034,3.659695625305176
359,1,1,1,0.3434111773967743,3.6003713607788086,0.6775400638580322,3.589484214782715,0.5583047270774841,3.5587127208709717,0.2470105141401291,3.591495990753174
360,1,1,1,0.34420838952064514,3.5932488441467285,0.6471719145774841,3.5777041912078857,0.5473533272743225,3.5560734272003174,0.22682158648967743,3.5795624256134033
361,1,1,1,0.30793607234954834,3.6067569255828857,0.5425153374671936,3.6441383361816406,0.5082708597183228,3.6196722984313965,0.205915167927742,3.6481804847717285
362,1,1,1,0.3402722477912903,3.6015756130218506,0.655183732509613,3.590944290161133,0.5470543503761292,3.57016658782959,0.24021443724632263,3.5930473804473877
363,1,0,0,0.2895009517669678,3.5913190841674805,0.3706752061843872,3.633098602294922,0.4151885211467743,3.6295931339263916,0.14297671616077423,3.6533315181732178
364,1,1,1,0.28854432702064514,3.6144840717315674,0.48331373929977417,3.658690929412842,0.48477357625961304,3.6425135135650635,0.1870814710855484,3.6485564708709717
365,1,1,1,0.3077467381954193,3.601917028427124,0.4939662218093872,3.6188459396362305,0.47904375195503235,3.61365008354187,0.17713648080825806,3.625337600708008
366,1,1,1,0.3294702470302582,3.5992801189422607,0.6060367226600647,3.59958553314209,0.5326948761940002,3.5763885974884033,0.22690130770206451,3.6021080017089844
367,1,1,1,0.2904077470302582,3.608104944229126,0.45838648080825806,3.659717321395874,0.4668467044830322,3.6427671909332275,0.171875,3.6342763900756836
368,1,1,1,0.2982900142669678,3.616790294647217,0.5342394709587097,3.666268825531006,0.5096958875656128,3.624528408050537,0.2048588991165161,3.6373188495635986
369,1,0,0,0.2709163725376129,3.606024980545044,0.3343779742717743,3.6846418380737305,0.4121691584587097,3.6884822845458984,0.1263950914144516,3.620624303817749
370,1,1,1,0.3283940553665161,3.59893798828125,0.5845972299575806,3.6033272743225098,0.5194216370582581,3.58693528175354,0.20956233143806458,3.605325698852539
371,1,0,0,0.26168885827064514,3.6051177978515625,0.23113639652729034,3.6937270164489746,0.34106943011283875,3.717562198638916,0.103515625,3.713515520095825
372,1,0,0,0.29963529109954834,3.580930471420288,0.35117384791374207,3.595357656478882,0.3932856321334839,3.60567045211792,0.14367426931858063,3.649604558944702
373,1,1,1,0.33184191584587097,3.6009128093719482,0.6177654266357422,3.595799684524536,0.5294363498687744,3.5702052116394043,0.21739476919174194,3.593050956726074
374,1,1,1,0.3265903890132904,3.6091413497924805,0.6403310298919678,3.6151325702667236,0.5486686825752258,3.5749001502990723,0.24220742285251617,3.6001811027526855
375,1,1,1,0.36081990599632263,3.5921730995178223,0.6756068468093872,3.571775197982788,0.5526845455169678,3.5496456623077393,0.23644769191741943,3.5762810707092285
376,1,1,1,0.3016980290412903,3.608997106552124,0.5211704969406128,3.6342291831970215,0.4940011203289032,3.6226046085357666,0.18953284621238708,3.644479513168335
377,1,0,0,0.2636021077632904,3.5967187881469727,0.25311902165412903,3.7087910175323486,0.3631417453289032,3.7091269493103027,0.10855787247419357,3.724619150161743
378,1,1,1,0.3679647445678711,3.5950820446014404,0.7407774329185486,3.5724422931671143,0.5842733383178711,3.53507399559021,0.2683354616165161,3.565359592437744
379,1,1,1,0.3013293147087097,3.612520217895508,0.4915347993373871,3.6480188369750977,0.4855807423591614,3.637053966522217,0.19148597121238708,3.6448793411254883
380,1,1,1,0.3014189898967743,3.601593494415283,0.4442213177680969,3.6380317211151123,0.4582270383834839,3.62945818901062,0.16244818270206451,3.6518218517303467
381,1,0,0,0.28002431988716125,3.595032215118408,0.3820003569126129,3.5988731384277344,0.4099469780921936,3.6061644554138184,0.13972815871238708,3.641420602798462
382,1,1,1,0.3187181055545807,3.6066157817840576,0.5919612646102905,3.621005058288574,0.5281409621238708,3.5854716300964355,0.2165178507566452,3.619661331176758
383,1,1,1,0.29336732625961304,3.6101222038269043,0.46099230647087097,3.6564528942108154,0.47393175959587097,3.6369848251342773,0.17869099974632263,3.6285970211029053
384,1,1,1,0.31728315353393555,3.6047425270080566,0.5737454295158386,3.6234748363494873,0.5159637928009033,3.602630376815796,0.21396683156490326,3.6254656314849854
385,1,1,1,0.3109753727912903,3.607491970062256,0.5525200963020325,3.6245930194854736,0.5093371272087097,3.602058172225952,0.20376275479793549,3.6249022483825684
386,1,1,1,0.2849569320678711,3.6208560466766357,0.49848034977912903,3.6773717403411865,0.506367564201355,3.628495454788208,0.2057756632566452,3.6841647624969482
387,1,1,1,0.31638631224632263,3.609858274459839,0.5920758843421936,3.6277096271514893,0.5328941941261292,3.602202892303467,0.23240193724632263,3.625589609146118
388,1,1,1,0.31274911761283875,3.609877347946167,0.5636160373687744,3.6379950046539307,0.5196607708930969,3.6113059520721436,0.2180524468421936,3.6300156116485596
389,1,1,1,0.33833903074264526,3.5992400646209717,0.6221201419830322,3.603930711746216,0.5340800285339355,3.5831592082977295,0.2234135866165161,3.6314897537231445
390,1,1,1,0.30304327607154846,3.6015257835388184,0.4580078125,3.615029811859131,0.45637354254722595,3.599414825439453,0.16521842777729034,3.6162846088409424
391,1,1,1,0.2801438868045807,3.61832594871521,0.4543307423591614,3.6890311241149902,0.4841657280921936,3.643402576446533,0.18857620656490326,3.660008430480957
392,1,1,1,0.3565050959587097,3.595930337905884,0.6806142330169678,3.577136516571045,0.5561423897743225,3.546156644821167,0.24091199040412903,3.5731303691864014
393,1,0,0,0.2762376368045807,3.6090328693389893,0.3503766655921936,3.635931968688965,0.4024832546710968,3.6536271572113037,0.12958386540412903,3.652414560317993
394,1,1,1,0.32349130511283875,3.5976033210754395,0.5347676277160645,3.608180284500122,0.49935227632522583,3.604517936706543,0.18961255252361298,3.6343283653259277
395,1,1,1,0.32696905732154846,3.5971291065216064,0.5837053656578064,3.599853277206421,0.5174385905265808,3.584524154663086,0.2045200914144516,3.6114792823791504
396,1,1,1,0.30904215574264526,3.6020700931549072,0.5171297192573547,3.6118316650390625,0.48749402165412903,3.6039328575134277,0.18476960062980652,3.614173173904419
397,1,0,0,0.29445353150367737,3.591322898864746,0.38750597834587097,3.6196157932281494,0.42085856199264526,3.6225316524505615,0.1433553844690323,3.6225497722625732
398,1,1,1,0.2831234037876129,3.622483491897583,0.49093690514564514,3.6772046089172363,0.4835279583930969,3.6512374877929688,0.19441565871238708,3.651973247528076
399,1,1,1,0.3149513602256775,3.606720209121704,0.5653150677680969,3.633301258087158,0.5253308415412903,3.59812593460083,0.22159996628761292,3.632880687713623
400,1,1,1,0.3243682086467743,3.5988450050354004,0.5506965517997742,3.59989857673645,0.4988839328289032,3.590444326400757,0.19331951439380646,3.6093814373016357
401,1,0,0,0.26246610283851624,3.5880632400512695,0.20190927386283875,3.6902081966400146,0.3300183415412903,3.742677688598633,0.08812978118658066,3.775214910507202
402,1,1,1,0.30712890625,3.6002726554870605,0.47546136379241943,3.6190176010131836,0.4681819975376129,3.615839719772339,0.16749043762683868,3.6321990489959717
403,1,1,1,0.3261818289756775,3.6058411598205566,0.627197265625,3.606088399887085,0.5429587960243225,3.5776240825653076,0.23622846603393555,3.611575126647949
404,1,1,1,0.3086037039756775,3.602764129638672,0.5175083875656128,3.6397857666015625,0.4990333914756775,3.6369335651397705,0.19921875,3.6770708560943604
405,1,0,0,0.2690529227256775,3.608036994934082,0.3501923084259033,3.6573379039764404,0.41160115599632263,3.625566005706787,0.13626036047935486,3.633903741836548
406,1,1,1,0.3523995578289032,3.6013176441192627,0.7249680757522583,3.580533981323242,0.5818817615509033,3.537444591522217,0.26594388484954834,3.564523458480835
407,1,1,1,0.3183493912220001,3.607913017272949,0.6075862646102905,3.6204025745391846,0.5309609770774841,3.593172311782837,0.22110171616077423,3.6193437576293945
408,1,0,0,0.27683553099632263,3.6099133491516113,0.38727179169654846,3.690892457962036,0.4279635548591614,3.714834451675415,0.16194993257522583,3.7268028259277344
409,1,1,1,0.3579201102256775,3.5959129333496094,0.7249182462692261,3.570855140686035,0.5792012214660645,3.537781238555908,0.2645886540412903,3.56583309173584
410,1,1,1,0.35270845890045166,3.5992088317871094,0.7120585441589355,3.578191041946411,0.5744578838348389,3.540001392364502,0.2588687837123871,3.565709352493286
411,1,1,1,0.2991669178009033,3.610085964202881,0.5093421339988708,3.65279221534729,0.49105149507522583,3.650635242462158,0.18975207209587097,3.672093152999878
412,1,0,0,0.27011916041374207,3.603792428970337,0.3048618733882904,3.6939547061920166,0.39289698004722595,3.6958506107330322,0.12721221148967743,3.6894876956939697
413,1,1,1,0.29781168699264526,3.607106924057007,0.463887095451355,3.656770944595337,0.4687001705169678,3.665483236312866,0.17301100492477417,3.6904735565185547
414,1,1,1,0.3084442615509033,3.601524829864502,0.5049326419830322,3.6314854621887207,0.49090200662612915,3.6156344413757324,0.18759964406490326,3.628598690032959
415,1,1,1,0.27347734570503235,3.6071271896362305,0.3289819657802582,3.691948890686035,0.40440648794174194,3.6823301315307617,0.13111846148967743,3.698282480239868
416,1,1,1,0.28443875908851624,3.6154708862304688,0.45377272367477417,3.694951295852661,0.47291532158851624,3.65571665763855,0.18020567297935486,3.6648972034454346
417,1,1,1,0.30752748250961304,3.6110949516296387,0.5369399785995483,3.628584146499634,0.4962432086467743,3.616518497467041,0.1937779039144516,3.6265556812286377
418,1,1,1,0.2698800265789032,3.633164644241333,0.5108916759490967,3.7095320224761963,0.5115393996238708,3.6603615283966064,0.22319434583187103,3.673185110092163
419,1,1,1,0.3242884874343872,3.6115293502807617,0.6929159164428711,3.6010096073150635,0.5744878053665161,3.5499298572540283,0.2619379758834839,3.5742220878601074
420,1,0,0,0.2996651828289032,3.581570863723755,0.3855677843093872,3.5807197093963623,0.4090999662876129,3.589881658554077,0.1394491344690323,3.635272264480591
421,1,1,1,0.3056142330169678,3.6161270141601562,0.6027682423591614,3.638826847076416,0.5313596129417419,3.613356351852417,0.22797751426696777,3.631873369216919
422,1,1,1,0.3689213991165161,3.5944032669067383,0.6797323226928711,3.569624423980713,0.5507612824440002,3.548036813735962,0.2372448891401291,3.586693525314331
423,1,1,1,0.3293706178665161,3.6060872077941895,0.6348702311515808,3.6098759174346924,0.5452108383178711,3.581927537918091,0.23734454810619354,3.6104626655578613
424,1,1,1,0.3399234712123871,3.5999648571014404,0.6421147584915161,3.5899903774261475,0.5423609018325806,3.5650320053100586,0.22995056211948395,3.5969839096069336
425,1,1,1,0.33617666363716125,3.600456476211548,0.5927485227584839,3.5973000526428223,0.5314193964004517,3.5837535858154297,0.2084263414144516,3.6301395893096924
426,1,0,0,0.2784000337123871,3.5968215465545654,0.3590162694454193,3.648606538772583,0.40797391533851624,3.6176204681396484,0.1389508843421936,3.6381239891052246
427,1,1,1,0.30645129084587097,3.6047215461730957,0.4839215874671936,3.6265430450439453,0.4778778553009033,3.627387523651123,0.17964763939380646,3.63723087310791
428,1,1,1,0.28017377853393555,3.6231327056884766,0.44843152165412903,3.706695318222046,0.47980108857154846,3.6776671409606934,0.19630898535251617,3.6661930084228516
429,1,0,0,0.2850964665412903,3.593149185180664,0.33340638875961304,3.6371569633483887,0.3946209251880646,3.651195764541626,0.12671396136283875,3.6860647201538086
430,1,1,1,0.2971440553665161,3.594050884246826,0.43087831139564514,3.6197919845581055,0.4490094780921936,3.6062052249908447,0.15977758169174194,3.6143195629119873
431,1,1,1,0.32894212007522583,3.6062405109405518,0.6765385866165161,3.596020221710205,0.5650709271430969,3.55385684967041,0.2517338991165161,3.5822184085845947
432,1,1,1,0.3386579155921936,3.594144582748413,0.6361258029937744,3.5867724418640137,0.5403679013252258,3.566120147705078,0.23262116312980652,3.5944995880126953
433,1,1,1,0.34114915132522583,3.5921132564544678,0.5937300324440002,3.5817863941192627,0.5163823366165161,3.5716326236724854,0.20428092777729034,3.5918049812316895
434,1,1,1,0.35300740599632263,3.600733995437622,0.75272536277771,3.570213556289673,0.5983936190605164,3.5167527198791504,0.2731783986091614,3.546436071395874
435,1,1,1,0.3215680718421936,3.602571964263916,0.5628138780593872,3.612107038497925,0.5121073722839355,3.6020703315734863,0.20525749027729034,3.618021249771118
436,1,1,1,0.29475247859954834,3.6119544506073,0.5051867365837097,3.6625211238861084,0.5028300285339355,3.622037172317505,0.20434071123600006,3.655515432357788
437,1,1,1,0.35131338238716125,3.598553419113159,0.6828015446662903,3.583015203475952,0.5594208240509033,3.549546718597412,0.24824616312980652,3.5773122310638428
438,1,1,1,0.2609614133834839,3.648350477218628,0.5062679052352905,3.650428056716919,0.4818638265132904,3.611402988433838,0.18466995656490326,3.6098639965057373
439,1,0,0,0.2694714665412903,3.6097922325134277,0.35986328125,3.6443662643432617,0.416015625,3.637443780899048,0.13335059583187103,3.617396593093872
440,1,0,0,0.3122110068798065,3.585139274597168,0.4198770225048065,3.5944275856018066,0.43446069955825806,3.625128984451294,0.14931440353393555,3.612386465072632
441,1,1,1,0.31826967000961304,3.6107892990112305,0.5993403196334839,3.6327707767486572,0.5301638245582581,3.6040637493133545,0.22646284103393555,3.6318752765655518
442,1,1,1,0.30150869488716125,3.6091814041137695,0.5140754580497742,3.6505229473114014,0.4953862428665161,3.626455783843994,0.19146603345870972,3.6481730937957764
443,1,1,1,0.29913702607154846,3.6044838428497314,0.47189393639564514,3.62872314453125,0.4693777859210968,3.6298325061798096,0.1716756969690323,3.646273612976074
444,1,1,1,0.3477160334587097,3.6008195877075195,0.722920298576355,3.5783393383026123,0.5867546200752258,3.534119129180908,0.2697504758834839,3.558699607849121
445,1,1,1,0.28553491830825806,3.601626396179199,0.3849848508834839,3.675311803817749,0.4413364827632904,3.6813430786132812,0.14409278333187103,3.7142462730407715
446,1,1,1,0.28094106912612915,3.627105951309204,0.5136818289756775,3.6881802082061768,0.5117087960243225,3.6499581336975098,0.2220982164144516,3.6538047790527344
447,1,1,1,0.3308553695678711,3.605776786804199,0.6449846625328064,3.6036338806152344,0.5471739172935486,3.5733745098114014,0.24019451439380646,3.612595319747925
448,1,1,1,0.32550421357154846,3.6022348403930664,0.6242277026176453,3.6040546894073486,0.5371691584587097,3.5806403160095215,0.22863520681858063,3.6192469596862793
449,1,1,1,0.29977479577064514,3.605159044265747,0.491455078125,3.6389386653900146,0.4857102930545807,3.6170244216918945,0.18690210580825806,3.632330894470215
450,1,1,1,0.2997249662876129,3.615898609161377,0.5514538884162903,3.647810220718384,0.5135223865509033,3.6158578395843506,0.2102399468421936,3.6291592121124268
451,1,0,0,0.3132573366165161,3.5833120346069336,0.41269728541374207,3.58457088470459,0.42574137449264526,3.5885918140411377,0.1484375,3.634666919708252
452,1,1,1,0.3220065236091614,3.612675666809082,0.6501913070678711,3.6208925247192383,0.5624402165412903,3.5679991245269775,0.2548030912876129,3.5816190242767334
453,1,1,1,0.32370057702064514,3.613502025604248,0.6629414558410645,3.612551212310791,0.5636360049247742,3.5593154430389404,0.2568359375,3.57639479637146
454,1,0,0,0.2654256820678711,3.6014041900634766,0.25531628727912903,3.694397211074829,0.36005261540412903,3.720912218093872,0.10933513939380646,3.7595698833465576
455,1,1,1,0.29949575662612915,3.6134753227233887,0.5284897089004517,3.636692762374878,0.5040457248687744,3.6094460487365723,0.2079480141401291,3.620950698852539
456,1,1,1,0.35131338238716125,3.598553419113159,0.6828015446662903,3.583015203475952,0.5594208240509033,3.549546718597412,0.24824616312980652,3.5773122310638428
457,1,1,1,0.3275669515132904,3.601423740386963,0.615966796875,3.6099395751953125,0.5308713316917419,3.5926156044006348,0.22793765366077423,3.6169450283050537
458,1,1,1,0.31903699040412903,3.6083521842956543,0.589619517326355,3.6210885047912598,0.5304527878761292,3.5874850749969482,0.2232142835855484,3.6258928775787354
459,1,1,1,0.31831949949264526,3.6051840782165527,0.5525151491165161,3.6298742294311523,0.5131038427352905,3.6029210090637207,0.21059869229793549,3.616826057434082
460,1,1,1,0.2761579155921936,3.634539842605591,0.5064173936843872,3.687563896179199,0.5047034621238708,3.651871681213379,0.216657355427742,3.6631405353546143
461,1,1,1,0.3076072037220001,3.6021575927734375,0.5240254402160645,3.6211800575256348,0.49481824040412903,3.615736246109009,0.1903698891401291,3.6279313564300537
462,1,1,1,0.29363638162612915,3.6103436946868896,0.4861537218093872,3.6394083499908447,0.47980108857154846,3.607821464538574,0.18056440353393555,3.6257174015045166
463,1,1,1,0.2759386897087097,3.614567995071411,0.38946905732154846,3.672883987426758,0.43796834349632263,3.6614184379577637,0.15162627398967743,3.671004295349121
464,1,1,1,0.35146284103393555,3.5985822677612305,0.7105538249015808,3.5800883769989014,0.5739197731018066,3.540438175201416,0.2594068944454193,3.5665335655212402
465,1,1,1,0.30534517765045166,3.6054434776306152,0.5318578481674194,3.6336350440979004,0.5016940236091614,3.5975053310394287,0.19395726919174194,3.6185779571533203
466,1,1,1,0.28623244166374207,3.6149213314056396,0.4512067437171936,3.671705722808838,0.4718789756298065,3.649279832839966,0.18403220176696777,3.65323805809021
467,1,0,0,0.30304327607154846,3.5852487087249756,0.38763052225112915,3.6004319190979004,0.4147002398967743,3.619112730026245,0.14054527878761292,3.661939859390259
468,1,0,0,0.29232102632522583,3.5865347385406494,0.3544822037220001,3.6152420043945312,0.40412744879722595,3.6212551593780518,0.13458625972270966,3.645638942718506
469,1,1,1,0.3465301990509033,3.5950827598571777,0.6759058237075806,3.5861473083496094,0.5607063174247742,3.557208299636841,0.25185346603393555,3.591200351715088
470,1,1,1,0.30841436982154846,3.5920517444610596,0.47496312856674194,3.6158485412597656,0.468470960855484,3.6267123222351074,0.17338965833187103,3.6821839809417725
471,1,1,1,0.2911451756954193,3.6159427165985107,0.4936373829841614,3.667019844055176,0.49362245202064514,3.636385679244995,0.19897958636283875,3.6516425609588623
472,1,1,1,0.33772122859954834,3.6018412113189697,0.6014130115509033,3.606349229812622,0.5236567258834839,3.589210271835327,0.21697624027729034,3.6119225025177
473,1,0,0,0.28170838952064514,3.5603113174438477,0.19167031347751617,3.5609452724456787,0.30486685037612915,3.6232595443725586,0.09351083636283875,3.742753505706787
474,1,1,1,0.2964465022087097,3.6088271141052246,0.4834930896759033,3.6440606117248535,0.4789341390132904,3.628875255584717,0.18279655277729034,3.6337766647338867
475,1,1,1,0.31689453125,3.606553316116333,0.5817970633506775,3.6302785873413086,0.5273337960243225,3.5943422317504883,0.21574059128761292,3.6330716609954834
476,1,1,1,0.2860032618045807,3.6192467212677,0.5237115025520325,3.6768558025360107,0.506746232509613,3.6464908123016357,0.20742984116077423,3.67630672454834
477,1,1,1,0.32175740599632263,3.603363275527954,0.5702925324440002,3.6007513999938965,0.5069255828857422,3.5754358768463135,0.19672751426696777,3.600243091583252
478,1,0,0,0.28170838952064514,3.5603113174438477,0.19167031347751617,3.5609452724456787,0.30486685037612915,3.6232595443725586,0.09351083636283875,3.742753505706787
479,1,1,1,0.2865513265132904,3.611107349395752,0.44146105647087097,3.652336835861206,0.46426576375961304,3.6449453830718994,0.17657844722270966,3.640519142150879
480,1,1,1,0.2893415093421936,3.611551284790039,0.46641820669174194,3.65226674079895,0.4716796875,3.6216249465942383,0.17859135568141937,3.62336802482605
481,1,1,1,0.30938097834587097,3.599059581756592,0.49843549728393555,3.6279213428497314,0.49151983857154846,3.626599073410034,0.19501355290412903,3.661522626876831
482,1,1,1,0.31671515107154846,3.592266321182251,0.4737573564052582,3.5904295444488525,0.4595623314380646,3.5925452709198,0.16597576439380646,3.6015849113464355
483,1,0,0,0.28213685750961304,3.563133478164673,0.21252690255641937,3.579650640487671,0.3163265287876129,3.632718086242676,0.09488599747419357,3.736609935760498
484,1,1,1,0.3216477930545807,3.6066360473632812,0.5883489847183228,3.621269702911377,0.5244738459587097,3.595569133758545,0.21536192297935486,3.63205623626709
485,1,1,1,0.3024553656578064,3.6058578491210938,0.49393633008003235,3.6421849727630615,0.4871751368045807,3.6140644550323486,0.18849648535251617,3.6209557056427
486,1,1,1,0.3087233006954193,3.603208303451538,0.5130341053009033,3.6212027072906494,0.5009267330169678,3.5961527824401855,0.19393733143806458,3.6239852905273438
487,1,1,1,0.3146723508834839,3.6017162799835205,0.5297901034355164,3.6187942028045654,0.4938018023967743,3.6039271354675293,0.1904296875,3.6248037815093994
488,1,1,1,0.32105985283851624,3.6091747283935547,0.5482102632522583,3.628185510635376,0.5123863816261292,3.6111555099487305,0.2103196680545807,3.619349956512451
489,1,1,1,0.3160475194454193,3.6078319549560547,0.5875867009162903,3.619506359100342,0.5193120241165161,3.580247163772583,0.21000079810619354,3.6066243648529053
490,1,1,1,0.2924206852912903,3.6052820682525635,0.42252272367477417,3.6538052558898926,0.45441046357154846,3.642705202102661,0.16890545189380646,3.6493215560913086
491,1,0,0,0.2804926633834839,3.5647292137145996,0.21182437241077423,3.604224443435669,0.3210897445678711,3.6446216106414795,0.093191958963871,3.7324635982513428
492,1,1,1,0.3060925602912903,3.6178338527679443,0.6067691445350647,3.6415369510650635,0.5447225570678711,3.6028831005096436,0.24007493257522583,3.6231114864349365
493,1,1,1,0.29468271136283875,3.6011767387390137,0.4273706376552582,3.599836826324463,0.4356166124343872,3.6017613410949707,0.15489476919174194,3.6053783893585205
494,1,0,0,0.28532564640045166,3.5899486541748047,0.33943021297454834,3.64095401763916,0.4014369249343872,3.644731283187866,0.13165657222270966,3.6695427894592285
495,1,0,0,0.29802095890045166,3.5904972553253174,0.4092594087123871,3.61025071144104,0.42813295125961304,3.6259427070617676,0.1447504758834839,3.6512460708618164
496,1,1,1,0.28846460580825806,3.6097140312194824,0.4597417116165161,3.6423182487487793,0.4851522445678711,3.6019184589385986,0.19373804330825806,3.6150600910186768
497,1,1,1,0.29565927386283875,3.6107852458953857,0.460693359375,3.64798903465271,0.4684610068798065,3.648124933242798,0.16932398080825806,3.67055082321167
498,1,1,1,0.33338648080825806,3.6034493446350098,0.6368482708930969,3.595080614089966,0.5449517369270325,3.559255361557007,0.2312260866165161,3.593001127243042
499,1,1,1,0.3146025836467743,3.602609872817993,0.5262675285339355,3.619859218597412,0.49267578125,3.6072287559509277,0.1926020383834839,3.622413158416748
500,1,0,0,0.2642099857330322,3.6030399799346924,0.2214455008506775,3.688018798828125,0.3474569320678711,3.7339394092559814,0.0984933003783226,3.6958720684051514
501,1,0,0,0.25797194242477417,3.6130640506744385,0.3020916283130646,3.7761871814727783,0.3978097140789032,3.7207233905792236,0.13472576439380646,3.7176034450531006
502,1,1,1,0.32243502140045166,3.6062676906585693,0.6222397089004517,3.619220733642578,0.5403379797935486,3.588521718978882,0.23301976919174194,3.6115293502807617
503,1,1,1,0.3138153553009033,3.6046931743621826,0.5402781963348389,3.6182448863983154,0.5016342401504517,3.603555917739868,0.1967872977256775,3.6281142234802246
504,1,1,1,0.32516542077064514,3.5933008193969727,0.5269949436187744,3.591207265853882,0.48887914419174194,3.590847969055176,0.18433114886283875,3.605903387069702
505,1,1,1,0.31456273794174194,3.61513614654541,0.6210538744926453,3.6349880695343018,0.5404874682426453,3.6000847816467285,0.23768335580825806,3.627955675125122
506,1,1,1,0.2779615819454193,3.6167993545532227,0.435322642326355,3.700220823287964,0.46551138162612915,3.6744513511657715,0.17910952866077423,3.6955602169036865
507,1,1,1,0.3241489827632904,3.599895477294922,0.5524055361747742,3.601515293121338,0.5027602910995483,3.6022040843963623,0.19226323068141937,3.6145951747894287
508,1,1,1,0.3524892330169678,3.594238519668579,0.6561254262924194,3.5912277698516846,0.5476621985435486,3.5779945850372314,0.24422034621238708,3.618410348892212
509,1,0,0,0.27167370915412903,3.5847485065460205,0.2402094602584839,3.6532325744628906,0.3472476899623871,3.685310125350952,0.09984853118658066,3.695209503173828
510,1,1,1,0.35131338238716125,3.598553419113159,0.6828015446662903,3.583015203475952,0.5594208240509033,3.549546718597412,0.24824616312980652,3.5773122310638428
511,1,0,0,0.29541015625,3.588834524154663,0.386683851480484,3.615276575088501,0.4221440553665161,3.6085970401763916,0.14554767310619354,3.6379570960998535
512,1,1,1,0.35298746824264526,3.594585418701172,0.6688406467437744,3.586364507675171,0.5524453520774841,3.5680477619171143,0.24565528333187103,3.6007626056671143
513,1,1,1,0.32594266533851624,3.5989787578582764,0.5635911226272583,3.6227025985717773,0.5143295526504517,3.618882417678833,0.21783322095870972,3.646843433380127
514,1,1,1,0.29005900025367737,3.6110002994537354,0.47600942850112915,3.6593570709228516,0.4822723865509033,3.6392130851745605,0.18552693724632263,3.6635513305664062
515,1,1,1,0.31461256742477417,3.607848644256592,0.5854043364524841,3.6264798641204834,0.525789201259613,3.6039724349975586,0.22018493711948395,3.6253621578216553
516,1,1,1,0.35131338238716125,3.598553419113159,0.6828015446662903,3.583015203475952,0.5594208240509033,3.549546718597412,0.24824616312980652,3.5773122310638428
517,1,1,1,0.31204161047935486,3.6108450889587402,0.6064502596855164,3.6247854232788086,0.5336714386940002,3.5816824436187744,0.22291533648967743,3.612248659133911
518,1,1,1,0.31817999482154846,3.6065456867218018,0.6114975214004517,3.6109020709991455,0.5397500395774841,3.5703682899475098,0.23016980290412903,3.6036019325256348
519,1,1,1,0.32438814640045166,3.594906806945801,0.5421267151832581,3.5982978343963623,0.4974788725376129,3.5886664390563965,0.19188456237316132,3.6137306690216064
520,1,1,1,0.3422353267669678,3.578383445739746,0.49854013323783875,3.5635175704956055,0.4642956554889679,3.583285093307495,0.16826769709587097,3.600142240524292
521,1,1,1,0.32921117544174194,3.604836940765381,0.655781626701355,3.5931103229522705,0.5538703799247742,3.5595877170562744,0.23907843232154846,3.5874457359313965
522,1,1,1,0.3269491195678711,3.5978360176086426,0.570466935634613,3.5944275856018066,0.5066067576408386,3.5817973613739014,0.20155054330825806,3.608128070831299
523,1,0,0,0.2751016318798065,3.5983264446258545,0.35528936982154846,3.641218423843384,0.4093092083930969,3.628143548965454,0.13319116830825806,3.626814365386963
524,1,1,1,0.3078264594078064,3.5907223224639893,0.48164957761764526,3.590644359588623,0.46306997537612915,3.5781149864196777,0.17099808156490326,3.58717942237854
525,1,1,1,0.3032126724720001,3.610589027404785,0.5325503945350647,3.6396126747131348,0.5056999325752258,3.620891571044922,0.19969706237316132,3.646806478500366
526,1,1,1,0.3150809109210968,3.601726770401001,0.5359484553337097,3.6213150024414062,0.5036471486091614,3.6132326126098633,0.20196905732154846,3.6554174423217773
527,1,0,0,0.2899593412876129,3.590212345123291,0.3545270562171936,3.619450569152832,0.40482500195503235,3.6280860900878906,0.1319754421710968,3.6591663360595703
528,1,1,1,0.29007890820503235,3.6086912155151367,0.4490094780921936,3.6697661876678467,0.47303491830825806,3.641900062561035,0.1801060289144516,3.6558592319488525
529,1,1,1,0.30450811982154846,3.614307165145874,0.556416392326355,3.6450235843658447,0.5122767686843872,3.6138927936553955,0.2131098508834839,3.627326250076294
530,1,1,1,0.29111525416374207,3.616074562072754,0.5097008347511292,3.658452272415161,0.4962930381298065,3.6306521892547607,0.1941366344690323,3.6421310901641846
531,1,1,1,0.31086575984954834,3.6101744174957275,0.6036301851272583,3.63031268119812,0.5349270701408386,3.5862035751342773,0.22444993257522583,3.619694471359253
532,1,1,1,0.3236806392669678,3.610307216644287,0.6444814205169678,3.6099884510040283,0.5516182780265808,3.5690078735351562,0.2385004758834839,3.5958051681518555
533,1,1,1,0.27648675441741943,3.6204497814178467,0.4005899131298065,3.695497512817383,0.44515305757522583,3.676844596862793,0.15609055757522583,3.6648366451263428
534,1,1,1,0.29815050959587097,3.609257936477661,0.5070351958274841,3.638673782348633,0.49431002140045166,3.6195948123931885,0.18941326439380646,3.6352062225341797
535,1,0,0,0.2933872640132904,3.5872223377227783,0.3563954830169678,3.605144739151001,0.40907007455825806,3.622347831726074,0.1316964328289032,3.6395277976989746
536,1,0,0,0.30682995915412903,3.580526828765869,0.38854730129241943,3.583986282348633,0.4169921875,3.5954930782318115,0.1378348171710968,3.634615421295166
537,1,1,1,0.31260961294174194,3.5953588485717773,0.4822275638580322,3.596590280532837,0.4681819975376129,3.6093268394470215,0.16541773080825806,3.5977108478546143
538,1,1,1,0.30032286047935486,3.6024951934814453,0.4541015625,3.6512179374694824,0.464564710855484,3.660703659057617,0.164899542927742,3.6831037998199463
539,1,1,1,0.3212192952632904,3.6029160022735596,0.5682896375656128,3.6167213916778564,0.5115194320678711,3.596177816390991,0.20812739431858063,3.6221392154693604
540,1,1,1,0.2763771414756775,3.6124751567840576,0.3729322850704193,3.6963753700256348,0.4323580861091614,3.672743558883667,0.15467554330825806,3.671434164047241
541,1,1,1,0.30126953125,3.6046042442321777,0.49805185198783875,3.6304759979248047,0.485371470451355,3.6127331256866455,0.18706153333187103,3.6119751930236816
542,1,1,1,0.29133450984954834,3.5961828231811523,0.38097894191741943,3.6454017162323,0.43418166041374207,3.653485059738159,0.14556759595870972,3.6986582279205322
543,1,1,1,0.33144330978393555,3.602146625518799,0.5752301812171936,3.600367307662964,0.5126554369926453,3.5822415351867676,0.20246730744838715,3.5958263874053955
544,1,1,1,0.34615153074264526,3.5981805324554443,0.7021583914756775,3.5872442722320557,0.5889668464660645,3.5284245014190674,0.26923230290412903,3.548523187637329
545,1,1,1,0.30041253566741943,3.623511552810669,0.6066495776176453,3.6414990425109863,0.5450912714004517,3.585437297821045,0.23272082209587097,3.6086323261260986
546,1,0,0,0.2882952094078064,3.590128183364868,0.34955456852912903,3.629545211791992,0.40691763162612915,3.6309783458709717,0.13103874027729034,3.6526236534118652
547,1,1,1,0.3157684803009033,3.6082112789154053,0.6186174750328064,3.6200034618377686,0.5386040806770325,3.5879926681518555,0.23016980290412903,3.608797311782837
548,1,1,1,0.3529077470302582,3.598390579223633,0.6790596842765808,3.583373785018921,0.5582549571990967,3.5562992095947266,0.24607381224632263,3.5752813816070557
549,1,1,1,0.30777662992477417,3.6037039756774902,0.4956652522087097,3.6223437786102295,0.4796416461467743,3.626513957977295,0.17691725492477417,3.6269009113311768
550,1,1,1,0.3341139256954193,3.6073548793792725,0.6945900321006775,3.5999913215637207,0.5738899111747742,3.554513692855835,0.2637515962123871,3.570878028869629
551,1,0,0,0.2705576419830322,3.5930535793304443,0.2351422905921936,3.6513116359710693,0.34336134791374207,3.682705879211426,0.10010761767625809,3.716902256011963
552,1,1,1,0.28694993257522583,3.605292320251465,0.40785932540893555,3.6580216884613037,0.44791334867477417,3.6517608165740967,0.1602957546710968,3.6662936210632324
553,1,1,1,0.31749242544174194,3.6039044857025146,0.55859375,3.6181318759918213,0.5066067576408386,3.6001298427581787,0.2015904039144516,3.6209590435028076
554,1,1,1,0.35131338238716125,3.598553419113159,0.6828015446662903,3.583015203475952,0.5594208240509033,3.549546718597412,0.24824616312980652,3.5773122310638428
555,1,1,1,0.2990473508834839,3.606764316558838,0.49727457761764526,3.6344070434570312,0.48453444242477417,3.6083004474639893,0.18267697095870972,3.6291730403900146
556,1,0,0,0.28957071900367737,3.587425470352173,0.34623125195503235,3.6239171028137207,0.4056321680545807,3.6340343952178955,0.13578204810619354,3.64479660987854
557,1,1,1,0.28923189640045166,3.5977604389190674,0.3790457546710968,3.638124942779541,0.4254324734210968,3.6156980991363525,0.15535315871238708,3.628993034362793
558,1,1,1,0.2682856321334839,3.632916212081909,0.4607630968093872,3.734485387802124,0.48733457922935486,3.689438819885254,0.20384247601032257,3.687915563583374
559,1,1,1,0.31449297070503235,3.6116602420806885,0.6196637749671936,3.6080212593078613,0.5425701141357422,3.5652732849121094,0.23148517310619354,3.5932846069335938
560,1,1,1,0.2777622640132904,3.6214752197265625,0.459926038980484,3.7057275772094727,0.48233217000961304,3.687767267227173,0.19981664419174194,3.7049670219421387
561,1,1,1,0.33402422070503235,3.6023268699645996,0.6651337146759033,3.5995805263519287,0.5601482391357422,3.5602540969848633,0.24641261994838715,3.5921223163604736
562,1,1,1,0.2607845366001129,3.632072687149048,0.4149892330169678,3.75112247467041,0.4622030258178711,3.722721576690674,0.18480946123600006,3.7339587211608887
563,1,1,1,0.3418467044830322,3.6067919731140137,0.6870415806770325,3.5949583053588867,0.5643135905265808,3.5625462532043457,0.2582509517669678,3.588362455368042
564,1,1,1,0.32691922783851624,3.6030116081237793,0.6059918999671936,3.609225034713745,0.5265963673591614,3.591143846511841,0.22026465833187103,3.615816116333008
565,1,1,1,0.30557435750961304,3.603489398956299,0.5097357034683228,3.6351728439331055,0.4940609037876129,3.6168415546417236,0.19383768737316132,3.628624200820923
566,1,0,0,0.29118502140045166,3.5888915061950684,0.3611786365509033,3.6160573959350586,0.4129364490509033,3.6232776641845703,0.13970822095870972,3.6601996421813965
567,1,1,1,0.29104551672935486,3.61314058303833,0.46086275577545166,3.664313554763794,0.46989595890045166,3.643812894821167,0.17476482689380646,3.65948224067688
568,1,1,1,0.31338685750961304,3.605710744857788,0.5567302703857422,3.6171579360961914,0.5115593075752258,3.5956637859344482,0.20513790845870972,3.625279426574707
569,1,1,1,0.32928091287612915,3.605314016342163,0.6249800324440002,3.6066999435424805,0.5414540767669678,3.5722908973693848,0.23276068270206451,3.5983388423919678
570,1,1,1,0.37109375,3.595569372177124,0.7527751922607422,3.571486234664917,0.5963308811187744,3.527864694595337,0.27244099974632263,3.552889585494995
571,1,1,1,0.2813396751880646,3.6137852668762207,0.4334193468093872,3.661313533782959,0.4599609375,3.6418821811676025,0.17348931729793549,3.6529581546783447
572,1,0,0,0.29957547783851624,3.589162826538086,0.39765027165412903,3.612279176712036,0.42589086294174194,3.604529857635498,0.14971300959587097,3.6269967555999756
573,1,1,1,0.30908203125,3.6088273525238037,0.5096011757850647,3.651815176010132,0.48712530732154846,3.642930269241333,0.1898118555545807,3.6631667613983154
574,1,1,1,0.31504103541374207,3.601961135864258,0.5341497659683228,3.6255805492401123,0.5002889633178711,3.6220297813415527,0.19551178812980652,3.661060094833374
575,1,1,1,0.33542928099632263,3.5856034755706787,0.5205376744270325,3.592721700668335,0.4825115501880646,3.6057496070861816,0.17797352373600006,3.6399776935577393
576,1,1,1,0.36490553617477417,3.5922608375549316,0.6994230151176453,3.5729358196258545,0.5646225214004517,3.5451369285583496,0.2503587305545807,3.582550525665283
577,1,1,1,0.3109653890132904,3.6077356338500977,0.5566805005073547,3.61578106880188,0.5075135231018066,3.596033811569214,0.20073340833187103,3.6245036125183105
578,1,0,0,0.2655452787876129,3.6073250770568848,0.3299984037876129,3.667592763900757,0.39892578125,3.655808925628662,0.12896603345870972,3.6272599697113037
579,1,1,1,0.3074676990509033,3.60239839553833,0.49798208475112915,3.6300039291381836,0.4863978624343872,3.6017086505889893,0.1872209757566452,3.616457223892212
580,1,1,1,0.3385283648967743,3.598257303237915,0.6564692258834839,3.5833358764648438,0.5486985445022583,3.55233097076416,0.23206312954425812,3.581758737564087
581,1,1,1,0.3072783648967743,3.5978400707244873,0.46041932702064514,3.6245129108428955,0.467982679605484,3.6067967414855957,0.17087849974632263,3.611849784851074
582,1,1,1,0.2859334945678711,3.614797592163086,0.4581473171710968,3.6734817028045654,0.47584500908851624,3.653250217437744,0.1833147257566452,3.662426710128784
583,1,1,1,0.3157684803009033,3.6021838188171387,0.5563367009162903,3.619359016418457,0.5066665410995483,3.601180076599121,0.20143096148967743,3.6292667388916016
584,1,1,1,0.30430883169174194,3.5979435443878174,0.4388502240180969,3.612438917160034,0.44970703125,3.6404306888580322,0.1537388414144516,3.6245787143707275
585,1,0,0,0.26517656445503235,3.591334342956543,0.2223074734210968,3.6826841831207275,0.34176698327064514,3.7165350914001465,0.09948979318141937,3.7502002716064453
586,1,0,0,0.28743821382522583,3.5882821083068848,0.33684927225112915,3.6271984577178955,0.4011678695678711,3.621690034866333,0.1355229616165161,3.644852876663208
587,1,1,1,0.35131338238716125,3.598553419113159,0.6828015446662903,3.583015203475952,0.5594208240509033,3.549546718597412,0.24824616312980652,3.5773122310638428
588,1,1,1,0.2948620915412903,3.6118621826171875,0.48372727632522583,3.6609396934509277,0.4800601899623871,3.6343538761138916,0.18831712007522583,3.650862455368042
589,1,1,1,0.2776825428009033,3.6205053329467773,0.4523776173591614,3.6909706592559814,0.47689133882522583,3.6594645977020264,0.18837690353393555,3.659754514694214
590,1,0,0,0.27296915650367737,3.6017961502075195,0.34145307540893555,3.655834674835205,0.4029814898967743,3.660954475402832,0.12531886994838715,3.6692111492156982
591,1,1,1,0.29266980290412903,3.6108274459838867,0.48641282320022583,3.6533470153808594,0.4866669178009033,3.634096384048462,0.18963249027729034,3.661271572113037
592,1,1,1,0.2854253053665161,3.6136577129364014,0.45340898633003235,3.661344289779663,0.4779575765132904,3.63124418258667,0.18166054785251617,3.634448766708374
593,1,0,0,0.3122110068798065,3.585139274597168,0.4198770225048065,3.5944275856018066,0.43446069955825806,3.625128984451294,0.14931440353393555,3.612386465072632
594,1,0,0,0.31279894709587097,3.583179473876953,0.41468530893325806,3.58461594581604,0.4257114827632904,3.591278314590454,0.14688296616077423,3.6275441646575928
595,1,1,1,0.2660236060619354,3.630918502807617,0.43702664971351624,3.7524654865264893,0.4762735068798065,3.7310597896575928,0.20575574040412903,3.743316650390625
596,1,1,1,0.33603712916374207,3.6009726524353027,0.6320950388908386,3.608036994934082,0.5407366156578064,3.5695488452911377,0.2265027016401291,3.591201066970825
597,1,0,0,0.2952008843421936,3.5953619480133057,0.3955177664756775,3.6074929237365723,0.42603036761283875,3.639112949371338,0.13994738459587097,3.6088008880615234
598,1,1,1,0.3275569975376129,3.607769727706909,0.6398476958274841,3.6168198585510254,0.5428491830825806,3.5931053161621094,0.23987562954425812,3.620471954345703
599,1,1,1,0.28632214665412903,3.6107611656188965,0.45601481199264526,3.6690921783447266,0.47617384791374207,3.623836040496826,0.18307557702064514,3.6200740337371826
600,1,1,1,0.34470662474632263,3.593836784362793,0.6185178160667419,3.594470739364624,0.5336814522743225,3.58195161819458,0.22570551931858063,3.6210155487060547
601,1,1,1,0.29103556275367737,3.5977540016174316,0.3985620439052582,3.6460440158843994,0.4385562837123871,3.6466031074523926,0.14817841351032257,3.6681909561157227
602,1,1,1,0.3101980984210968,3.612579822540283,0.5524752736091614,3.654287338256836,0.5074039101600647,3.6377973556518555,0.20826689898967743,3.660478353500366
603,1,1,1,0.3461116850376129,3.599372386932373,0.6711176633834839,3.5901734828948975,0.5566805005073547,3.553415536880493,0.24252630770206451,3.578354835510254
604,1,1,1,0.2841697037220001,3.6020970344543457,0.39802393317222595,3.651724338531494,0.44598013162612915,3.639392137527466,0.15698739886283875,3.647073745727539
605,1,1,1,0.35131338238716125,3.598553419113159,0.6828015446662903,3.583015203475952,0.5594208240509033,3.549546718597412,0.24824616312980652,3.5773122310638428
606,1,1,1,0.358119398355484,3.594996929168701,0.7303840517997742,3.57863712310791,0.5866350531578064,3.539137125015259,0.26983019709587097,3.571312427520752
607,1,1,1,0.2712751030921936,3.608015298843384,0.32385003566741943,3.708329439163208,0.41397279500961304,3.687143325805664,0.14180085062980652,3.675755500793457
608,1,1,1,0.33019769191741943,3.607617139816284,0.6631008982658386,3.604769706726074,0.5634366869926453,3.5542960166931152,0.2522919178009033,3.581167459487915
609,1,1,1,0.30841436982154846,3.5920517444610596,0.47496312856674194,3.6158485412597656,0.468470960855484,3.6267123222351074,0.17338965833187103,3.6821839809417725
610,1,1,1,0.35431280732154846,3.5963549613952637,0.7133838534355164,3.575244903564453,0.5776965022087097,3.5406653881073,0.2631935477256775,3.5670149326324463
611,1,1,1,0.29621732234954834,3.602839231491089,0.44563135504722595,3.624955177307129,0.45164021849632263,3.6267237663269043,0.16013631224632263,3.6413192749023438
612,1,1,1,0.2865513265132904,3.6119766235351562,0.45658281445503235,3.667081356048584,0.4715401828289032,3.626289129257202,0.17679767310619354,3.6453611850738525
613,1,1,1,0.32670000195503235,3.6081745624542236,0.6655672192573547,3.6091837882995605,0.56396484375,3.568124294281006,0.255859375,3.598301887512207
614,1,1,1,0.35131338238716125,3.598553419113159,0.6828015446662903,3.583015203475952,0.5594208240509033,3.549546718597412,0.24824616312980652,3.5773122310638428
615,1,1,1,0.2937459945678711,3.6213786602020264,0.5446677803993225,3.6668221950531006,0.5164121985435486,3.623255968093872,0.2172951102256775,3.640282392501831
616,1,1,1,0.3134665787220001,3.5986266136169434,0.5132583379745483,3.6152329444885254,0.49256616830825806,3.621727705001831,0.1843710094690323,3.6454436779022217
617,1,1,1,0.31790098547935486,3.599053382873535,0.5256746411323547,3.6210227012634277,0.49593430757522583,3.6132254600524902,0.1897321343421936,3.634558916091919
618,1,1,1,0.32445791363716125,3.600184202194214,0.5536561012268066,3.6142942905426025,0.5041155219078064,3.599932909011841,0.20063376426696777,3.615476369857788
619,1,1,1,0.3471579849720001,3.596101999282837,0.6545161008834839,3.585670232772827,0.5460578799247742,3.565714120864868,0.23268096148967743,3.5951178073883057
620,1,0,0,0.2880361080169678,3.5879950523376465,0.3357830345630646,3.6299021244049072,0.39784955978393555,3.625046968460083,0.1283482164144516,3.648447275161743
621,1,1,1,0.2979113459587097,3.611018180847168,0.46911370754241943,3.656282901763916,0.4774692952632904,3.6342689990997314,0.18040497601032257,3.64052152633667
622,1,1,1,0.2783103287220001,3.61584734916687,0.4470663070678711,3.6648759841918945,0.4687400162220001,3.6291587352752686,0.17922911047935486,3.6267096996307373
623,1,1,1,0.3510144352912903,3.6015613079071045,0.7081323862075806,3.5843799114227295,0.5725446343421936,3.5435638427734375,0.25938695669174194,3.5745677947998047
624,1,1,1,0.3248465359210968,3.5956318378448486,0.5358538031578064,3.593651294708252,0.49341318011283875,3.5936787128448486,0.18650349974632263,3.5993802547454834
625,1,1,1,0.33215081691741943,3.6021840572357178,0.6114227771759033,3.606111764907837,0.5342893004417419,3.5744447708129883,0.22550621628761292,3.583561658859253
626,1,1,1,0.27689531445503235,3.6198582649230957,0.42917928099632263,3.7140867710113525,0.4663185477256775,3.691490650177002,0.18538743257522583,3.718017578125
627,1,0,0,0.29518094658851624,3.5873000621795654,0.3631766140460968,3.600087881088257,0.40316087007522583,3.6228928565979004,0.12976323068141937,3.642143964767456
628,1,1,1,0.27989476919174194,3.6126458644866943,0.3972765803337097,3.6867623329162598,0.4399314224720001,3.6800081729888916,0.15790417790412903,3.6887543201446533
629,1,1,1,0.2942243218421936,3.6140689849853516,0.46691644191741943,3.6686017513275146,0.4692482352256775,3.652261734008789,0.177594855427742,3.6739983558654785
630,1,1,1,0.31642618775367737,3.6120803356170654,0.6276057958602905,3.63008189201355,0.5477718114852905,3.5835728645324707,0.23909837007522583,3.617821216583252
631,1,1,1,0.3036312162876129,3.6045618057250977,0.492396742105484,3.6353793144226074,0.48273077607154846,3.6297504901885986,0.1808832883834839,3.6485235691070557
632,1,1,1,0.29015862941741943,3.607081413269043,0.43699178099632263,3.6529998779296875,0.4562041461467743,3.6321399211883545,0.16430164873600006,3.6217856407165527
633,1,1,1,0.30785635113716125,3.614811897277832,0.6054338812828064,3.640071392059326,0.5378965735435486,3.5937678813934326,0.23112642765045166,3.619642972946167
634,1,1,1,0.3343431055545807,3.60270619392395,0.6325035691261292,3.6153955459594727,0.5452008843421936,3.584003448486328,0.23915815353393555,3.6267499923706055
635,1,1,1,0.2676379084587097,3.6242833137512207,0.39899054169654846,3.7028183937072754,0.4561344087123871,3.6745095252990723,0.16515864431858063,3.6944611072540283
636,1,1,1,0.3330675959587097,3.601065158843994,0.6271125674247742,3.5976133346557617,0.5389229655265808,3.571317672729492,0.2282963991165161,3.6033172607421875
637,1,1,1,0.29578882455825806,3.6129097938537598,0.49201807379722595,3.6811747550964355,0.4938715696334839,3.6498053073883057,0.2075892835855484,3.6545698642730713
638,1,1,1,0.2852160334587097,3.6149466037750244,0.44863080978393555,3.670153856277466,0.47074297070503235,3.6501269340515137,0.18377311527729034,3.6445071697235107
639,1,1,1,0.30011358857154846,3.590629816055298,0.41075414419174194,3.617758274078369,0.4349987804889679,3.6120541095733643,0.15537308156490326,3.6250641345977783
640,1,1,1,0.31065648794174194,3.6113553047180176,0.5516232848167419,3.6500139236450195,0.5120874643325806,3.638988971710205,0.21448500454425812,3.6537818908691406
641,1,0,0,0.2666015625,3.6040966510772705,0.31837931275367737,3.702942132949829,0.3945810794830322,3.685178279876709,0.1343470960855484,3.6969292163848877
642,1,1,1,0.35131338238716125,3.598553419113159,0.6828015446662903,3.583015203475952,0.5594208240509033,3.549546718597412,0.24824616312980652,3.5773122310638428
643,1,1,1,0.31345662474632263,3.6052582263946533,0.5456393361091614,3.6310176849365234,0.5125458240509033,3.596383810043335,0.21434549987316132,3.635425329208374
644,1,1,1,0.3073481321334839,3.602794885635376,0.47770845890045166,3.6203718185424805,0.46683672070503235,3.6071763038635254,0.17053969204425812,3.63889217376709
645,1,1,1,0.3057337999343872,3.596623420715332,0.45545679330825806,3.6004462242126465,0.4572504758834839,3.6078977584838867,0.1593989133834839,3.6040260791778564
646,1,1,1,0.29099568724632263,3.6205053329467773,0.5226951241493225,3.6730246543884277,0.5081512928009033,3.634270668029785,0.21334901452064514,3.638486623764038
647,1,0,0,0.28170838952064514,3.5603113174438477,0.19167031347751617,3.5609452724456787,0.30486685037612915,3.6232595443725586,0.09351083636283875,3.742753505706787
648,1,1,1,0.3004424273967743,3.610447645187378,0.5188087821006775,3.650599718093872,0.49774792790412903,3.626206159591675,0.20352359116077423,3.633960008621216
649,1,0,0,0.30471739172935486,3.5826547145843506,0.38081949949264526,3.5841269493103027,0.4122588336467743,3.5888423919677734,0.1369379758834839,3.622907876968384
650,1,1,1,0.3096998631954193,3.611795663833618,0.5820860266685486,3.658691883087158,0.5398597121238708,3.6280086040496826,0.24433991312980652,3.6622350215911865
651,1,1,1,0.3089425265789032,3.600167751312256,0.4948232173919678,3.622164249420166,0.4793426990509033,3.6267592906951904,0.17803332209587097,3.633269786834717
652,1,1,1,0.35131338238716125,3.598553419113159,0.6828015446662903,3.583015203475952,0.5594208240509033,3.549546718597412,0.24824616312980652,3.5773122310638428
653,1,1,1,0.31888750195503235,3.6053247451782227,0.5630430579185486,3.628901481628418,0.5183154940605164,3.611931324005127,0.2188895046710968,3.651005983352661
654,1,0,0,0.2783103287220001,3.563607692718506,0.1936284303665161,3.5844783782958984,0.3040696680545807,3.637936592102051,0.0924944207072258,3.739064931869507
655,1,1,1,0.2673688530921936,3.626775026321411,0.44295579195022583,3.720954179763794,0.48049864172935486,3.687488317489624,0.20045439898967743,3.669914484024048
656,1,1,1,0.3285634517669678,3.5954749584198,0.5879354476928711,3.590156078338623,0.5183154940605164,3.577479124069214,0.21020008623600006,3.59893798828125
657,1,1,1,0.35131338238716125,3.598553419113159,0.6828015446662903,3.583015203475952,0.5594208240509033,3.549546718597412,0.24824616312980652,3.5773122310638428
658,1,1,1,0.33869779109954834,3.596869468688965,0.6468729972839355,3.5881845951080322,0.5437858700752258,3.5634231567382812,0.2297114133834839,3.592573404312134
659,1,0,0,0.26579439640045166,3.5978705883026123,0.2739506959915161,3.6999073028564453,0.3744419515132904,3.6922504901885986,0.12189093977212906,3.7305428981781006
660,1,1,1,0.29239076375961304,3.6125009059906006,0.48180902004241943,3.6556808948516846,0.4883609712123871,3.6357533931732178,0.19327965378761292,3.643947124481201
661,1,1,1,0.32842394709587097,3.602403163909912,0.6020159125328064,3.596116781234741,0.5209462642669678,3.5722291469573975,0.20966199040412903,3.5888783931732178
662,1,1,1,0.35131338238716125,3.598553419113159,0.6828015446662903,3.583015203475952,0.5594208240509033,3.549546718597412,0.24824616312980652,3.5773122310638428
663,1,1,1,0.28625237941741943,3.5992133617401123,0.373779296875,3.6534478664398193,0.4303750693798065,3.6485910415649414,0.14277741312980652,3.614879846572876
664,1,1,1,0.35131338238716125,3.598553419113159,0.6828015446662903,3.583015203475952,0.5594208240509033,3.549546718597412,0.24824616312980652,3.5773122310638428
665,1,1,1,0.331263929605484,3.5997352600097656,0.5956682562828064,3.6106998920440674,0.5181760191917419,3.584326982498169,0.20984135568141937,3.6118340492248535
666,1,1,1,0.30400988459587097,3.607348918914795,0.4986298084259033,3.647871255874634,0.4927654564380646,3.6188676357269287,0.19222337007522583,3.641576051712036
667,1,1,1,0.3191366195678711,3.6142821311950684,0.6660504937171936,3.6109933853149414,0.5631277561187744,3.5585460662841797,0.25827088952064514,3.5727293491363525
668,1,1,1,0.3539341390132904,3.59980845451355,0.7293078303337097,3.581226348876953,0.58642578125,3.5353872776031494,0.2696707546710968,3.5617470741271973
669,1,1,1,0.35131338238716125,3.598553419113159,0.6828015446662903,3.583015203475952,0.5594208240509033,3.549546718597412,0.24824616312980652,3.5773122310638428
670,1,1,1,0.35131338238716125,3.598553419113159,0.6828015446662903,3.583015203475952,0.5594208240509033,3.549546718597412,0.24824616312980652,3.5773122310638428
671,1,1,1,0.33108457922935486,3.6065011024475098,0.6446309089660645,3.608022928237915,0.5504822731018066,3.5705080032348633,0.23899872601032257,3.595146656036377
672,1,0,0,0.2962671220302582,3.5963473320007324,0.41477498412132263,3.617307424545288,0.4380381107330322,3.637381076812744,0.14668366312980652,3.608423948287964
673,1,1,1,0.29752272367477417,3.606457471847534,0.462910532951355,3.647393226623535,0.4707529544830322,3.655468702316284,0.16800861060619354,3.6513640880584717
674,1,1,1,0.28385084867477417,3.6099350452423096,0.4223483204841614,3.685490846633911,0.45344385504722595,3.667567729949951,0.16980229318141937,3.673474073410034
675,1,1,1,0.33333665132522583,3.5971121788024902,0.5952945351600647,3.59403395652771,0.5224509835243225,3.587785482406616,0.2108777016401291,3.6121349334716797
676,1,1,1,0.30186742544174194,3.6071040630340576,0.48797231912612915,3.6260082721710205,0.48014986515045166,3.632699728012085,0.17448580265045166,3.6412336826324463
677,1,1,1,0.3287029564380646,3.601649284362793,0.6037248969078064,3.6129074096679688,0.5310008525848389,3.586953639984131,0.2249681055545807,3.608167886734009
678,1,1,1,0.3643873631954193,3.589930772781372,0.6581532955169678,3.5692310333251953,0.5399693250656128,3.554155111312866,0.2269810289144516,3.5951356887817383
679,1,1,1,0.35131338238716125,3.598553419113159,0.6828015446662903,3.583015203475952,0.5594208240509033,3.549546718597412,0.24824616312980652,3.5773122310638428
680,1,1,1,0.2952806055545807,3.6176767349243164,0.5187689065933228,3.6580259799957275,0.49837571382522583,3.6312358379364014,0.20003587007522583,3.6393344402313232
681,1,1,1,0.34665974974632263,3.60213303565979,0.6980578303337097,3.5887739658355713,0.5679209232330322,3.559622287750244,0.2582509517669678,3.587667942047119
682,1,1,1,0.3323999345302582,3.577270030975342,0.4604940414428711,3.5603692531585693,0.44263193011283875,3.5668070316314697,0.169782355427742,3.6068787574768066
683,1,1,1,0.30431878566741943,3.605684518814087,0.5054258704185486,3.6366164684295654,0.4921077787876129,3.6417462825775146,0.18873564898967743,3.6592397689819336
684,1,1,1,0.3379404544830322,3.596703290939331,0.6370276212692261,3.592363119125366,0.5405871272087097,3.5696141719818115,0.2298509180545807,3.598456621170044
685,1,1,1,0.30165815353393555,3.6182942390441895,0.5915128588676453,3.6390974521636963,0.5400291085243225,3.588378667831421,0.23120614886283875,3.611154317855835
686,1,1,1,0.31038743257522583,3.6113393306732178,0.5833067297935486,3.630842447280884,0.5405372977256775,3.5939090251922607,0.2302694469690323,3.6151981353759766
687,1,1,1,0.2861427664756775,3.6229496002197266,0.5210957527160645,3.6864781379699707,0.5103236436843872,3.64170503616333,0.21591995656490326,3.6409451961517334
688,1,1,1,0.2896205186843872,3.609448194503784,0.4409528374671936,3.656568765640259,0.4671356678009033,3.642604112625122,0.16892537474632263,3.6559698581695557
689,1,1,1,0.32564371824264526,3.6044249534606934,0.5961863994598389,3.609433650970459,0.5224509835243225,3.595986843109131,0.21900908648967743,3.624715566635132
690,1,1,1,0.28859415650367737,3.608611583709717,0.4365682601928711,3.668686628341675,0.4667171537876129,3.64973521232605,0.1742466539144516,3.673110008239746
691,1,1,1,0.2962472140789032,3.617309808731079,0.5362523794174194,3.6713309288024902,0.5073341727256775,3.6535983085632324,0.2170161008834839,3.6529524326324463
692,1,1,1,0.3179408311843872,3.5973172187805176,0.49965620040893555,3.615328550338745,0.4829898774623871,3.6344056129455566,0.17444594204425812,3.6506340503692627
693,1,1,1,0.3590162694454193,3.595869779586792,0.6977987289428711,3.5771398544311523,0.5636060833930969,3.5505754947662354,0.24954161047935486,3.581583023071289
694,1,1,1,0.3362762928009033,3.606323719024658,0.6841816902160645,3.598231792449951,0.5649912357330322,3.56203031539917,0.2596261203289032,3.583864212036133
695,1,1,1,0.31728315353393555,3.6006596088409424,0.5585638284683228,3.5945444107055664,0.5033780932426453,3.580085039138794,0.19407685101032257,3.5983774662017822
696,1,1,1,0.2933374345302582,3.6154160499572754,0.4868761897087097,3.6566240787506104,0.4831293821334839,3.646618366241455,0.1921037882566452,3.651934862136841
697,1,0,0,0.2996651828289032,3.581570863723755,0.3855677843093872,3.5807197093963623,0.4090999662876129,3.589881658554077,0.1394491344690323,3.635272264480591
698,2,0,0,0.25841039419174194,3.605506658554077,0.23906847834587097,3.7266058921813965,0.3599230647087097,3.7479166984558105,0.10702327638864517,3.7318434715270996
699,2,0,0,0.26434949040412903,3.6200618743896484,0.3312191069126129,3.6843419075012207,0.4044363796710968,3.6602768898010254,0.13004225492477417,3.624980926513672
700,2,0,0,0.27235132455825806,3.583806037902832,0.23820152878761292,3.673234701156616,0.3545719087123871,3.6854026317596436,0.09982860088348389,3.7592334747314453
701,2,0,0,0.26741868257522583,3.591742515563965,0.2525460422039032,3.6880462169647217,0.3621651828289032,3.6982719898223877,0.10748166590929031,3.7554237842559814
702,2,0,0,0.2667311131954193,3.5986850261688232,0.22949716448783875,3.7096893787384033,0.3435506820678711,3.7672293186187744,0.10485092550516129,3.8055503368377686
703,2,0,0,0.2635522782802582,3.6060950756073,0.2852359712123871,3.6841461658477783,0.3814273774623871,3.6746609210968018,0.12296715378761292,3.6670987606048584
704,2,0,0,0.26405054330825806,3.603139877319336,0.31591299176216125,3.6879425048828125,0.39758050441741943,3.6507344245910645,0.13135762512683868,3.647549629211426
705,2,0,0,0.2654954493045807,3.602184534072876,0.2686244249343872,3.6975183486938477,0.3699776828289032,3.6946239471435547,0.11706791818141937,3.6911814212799072
706,2,0,0,0.26085180044174194,3.607517957687378,0.2301548570394516,3.725066661834717,0.3457130789756775,3.763352870941162,0.10176179558038712,3.823932647705078
707,2,0,0,0.26969069242477417,3.601832628250122,0.26113080978393555,3.697767496109009,0.37154215574264526,3.7012739181518555,0.1145368292927742,3.7259440422058105
708,2,0,0,0.25554049015045166,3.609382390975952,0.29548490047454834,3.7236995697021484,0.3869977593421936,3.7182767391204834,0.13231424987316132,3.717879295349121
709,2,0,0,0.2631736099720001,3.6029534339904785,0.2313406765460968,3.6930930614471436,0.34796515107154846,3.723674774169922,0.1100725457072258,3.722252368927002
710,2,0,0,0.26907286047935486,3.596548318862915,0.26037347316741943,3.6769871711730957,0.3714325428009033,3.6785426139831543,0.11694833636283875,3.6901841163635254
711,2,0,0,0.26265543699264526,3.6070642471313477,0.23264607787132263,3.721628427505493,0.3531568944454193,3.739813804626465,0.09968908876180649,3.7646942138671875
712,2,0,0,0.27471300959587097,3.5813987255096436,0.255615234375,3.66009783744812,0.3655133843421936,3.663794994354248,0.10457190126180649,3.7591004371643066
713,2,0,0,0.26133009791374207,3.6126978397369385,0.23098692297935486,3.7319672107696533,0.35054606199264526,3.7233214378356934,0.10578762739896774,3.775998592376709
714,2,0,0,0.2646484375,3.600497007369995,0.24517697095870972,3.753007650375366,0.356166273355484,3.7501258850097656,0.11545360088348389,3.8092525005340576
715,2,0,0,0.27026864886283875,3.600619316101074,0.27768751978874207,3.7005724906921387,0.3803113102912903,3.6844491958618164,0.11611128598451614,3.6652934551239014
716,2,0,0,0.2594268023967743,3.6174232959747314,0.3157336115837097,3.71998929977417,0.40643933415412903,3.6886508464813232,0.13269291818141937,3.6512465476989746
717,2,0,0,0.27095621824264526,3.580817222595215,0.20068359375,3.667858362197876,0.31964483857154846,3.7117249965667725,0.08824936300516129,3.751354932785034
718,2,0,0,0.2564871609210968,3.616807222366333,0.24918785691261292,3.7418670654296875,0.3646863102912903,3.751810312271118,0.10915576666593552,3.7589921951293945
719,2,0,0,0.26460856199264526,3.602658748626709,0.26317861676216125,3.754378080368042,0.37391382455825806,3.7243824005126953,0.11770567297935486,3.736539125442505
720,2,0,0,0.26253587007522583,3.6043801307678223,0.22288544476032257,3.727768659591675,0.34071069955825806,3.785937786102295,0.09673947840929031,3.7896580696105957
721,2,0,0,0.2626454830169678,3.604203701019287,0.30484694242477417,3.6942665576934814,0.3915417790412903,3.6677441596984863,0.13167649507522583,3.6576359272003174
722,2,0,0,0.2654954493045807,3.6034982204437256,0.29056718945503235,3.6538290977478027,0.3821249008178711,3.6574699878692627,0.1282884180545807,3.6588473320007324
723,2,0,0,0.2558693289756775,3.6259686946868896,0.3042590022087097,3.754364013671875,0.4015066921710968,3.7084035873413086,0.13028140366077423,3.7003211975097656
724,2,0,0,0.2684949040412903,3.6063315868377686,0.3162069320678711,3.6563405990600586,0.3954380452632904,3.6309754848480225,0.13179607689380646,3.629668951034546
725,2,0,0,0.2689034640789032,3.5965535640716553,0.28335756063461304,3.6623587608337402,0.3799525499343872,3.668388843536377,0.1180245503783226,3.647754192352295
726,2,0,0,0.2626355290412903,3.603353977203369,0.24594925343990326,3.674168825149536,0.3627431392669678,3.7064173221588135,0.11053092777729034,3.6783266067504883
727,2,0,0,0.2636120915412903,3.6053905487060547,0.24472855031490326,3.703245162963867,0.3622548580169678,3.729623317718506,0.1044921875,3.726301670074463
728,2,0,0,0.2724609375,3.5784873962402344,0.21713069081306458,3.7091259956359863,0.3346719443798065,3.746464252471924,0.08785076439380646,3.811025381088257
729,2,0,0,0.26871412992477417,3.6013498306274414,0.27609315514564514,3.6968941688537598,0.376185804605484,3.676035165786743,0.12027662247419357,3.6787075996398926
730,2,0,0,0.2583107352256775,3.6062417030334473,0.24982061982154846,3.7117271423339844,0.3621850907802582,3.7029659748077393,0.1155133917927742,3.7165286540985107
731,2,0,0,0.26657167077064514,3.5991177558898926,0.22116149961948395,3.694016456604004,0.34190648794174194,3.744804859161377,0.09632094949483871,3.7711565494537354
732,2,0,0,0.26893335580825806,3.596339225769043,0.27831533551216125,3.6738216876983643,0.3785674273967743,3.6603844165802,0.11854273080825806,3.7106590270996094
733,2,0,0,0.26434949040412903,3.602834701538086,0.24437977373600006,3.7133827209472656,0.35806959867477417,3.7458603382110596,0.11071030050516129,3.7706570625305176
734,2,0,0,0.2608019709587097,3.607022762298584,0.21320949494838715,3.713824987411499,0.3291513919830322,3.7682178020477295,0.09474649280309677,3.797854423522949
735,2,0,0,0.2681461274623871,3.6038129329681396,0.2925302982330322,3.682279586791992,0.3821747303009033,3.656628131866455,0.11880181729793549,3.642174243927002
736,2,0,0,0.2665218412876129,3.5982577800750732,0.2375239133834839,3.7116546630859375,0.35264867544174194,3.772810697555542,0.10415337979793549,3.7992727756500244
737,2,0,0,0.2661232352256775,3.6116976737976074,0.31640625,3.682224750518799,0.3974509537220001,3.662078380584717,0.1310786008834839,3.6419339179992676
738,2,0,0,0.26462849974632263,3.6024250984191895,0.24104152619838715,3.6973416805267334,0.35904616117477417,3.724043130874634,0.11208545416593552,3.7405760288238525
739,2,0,0,0.26393094658851624,3.6006946563720703,0.24192841351032257,3.7079660892486572,0.36477598547935486,3.7617604732513428,0.10526944696903229,3.726618766784668
740,2,0,0,0.2741948366165161,3.597543239593506,0.33897680044174194,3.692506790161133,0.4137934446334839,3.642335891723633,0.14277741312980652,3.6409826278686523
741,2,0,0,0.26880380511283875,3.5881001949310303,0.22190888226032257,3.684943199157715,0.3434012234210968,3.718348264694214,0.09683912247419357,3.7906975746154785
742,2,0,0,0.26662150025367737,3.597622871398926,0.23358777165412903,3.6861908435821533,0.34893175959587097,3.7192139625549316,0.10572783648967743,3.766446828842163
743,2,0,0,0.26076212525367737,3.607841730117798,0.2620575428009033,3.7313103675842285,0.3632015287876129,3.722947835922241,0.11471619457006454,3.7329742908477783
744,2,0,0,0.2616290748119354,3.60807466506958,0.23154495656490326,3.727491855621338,0.3561762571334839,3.7528467178344727,0.10666453838348389,3.7599029541015625
745,2,0,0,0.26467832922935486,3.597379684448242,0.2333635538816452,3.692209243774414,0.3538644015789032,3.7459096908569336,0.10594706237316132,3.787245988845825
746,2,0,0,0.26957109570503235,3.587350368499756,0.23079758882522583,3.7333879470825195,0.3429926633834839,3.7649621963500977,0.09733737260103226,3.869778871536255
747,2,0,0,0.26690050959587097,3.6029720306396484,0.23882931470870972,3.710643768310547,0.3638492524623871,3.7447211742401123,0.10222018510103226,3.7463443279266357
748,2,0,0,0.26858457922935486,3.603717565536499,0.2608916461467743,3.6917612552642822,0.36750638484954834,3.665048837661743,0.1070033460855484,3.7209908962249756
749,2,0,0,0.2641501724720001,3.598159074783325,0.255859375,3.7093005180358887,0.3687918484210968,3.6944527626037598,0.11716756969690323,3.697397470474243
750,2,0,0,0.2666912376880646,3.604416608810425,0.26828065514564514,3.720271110534668,0.37386399507522583,3.7167491912841797,0.11385921388864517,3.7243130207061768
751,2,0,0,0.27193278074264526,3.58074688911438,0.21761399507522583,3.6768476963043213,0.3353296220302582,3.7088942527770996,0.09616150707006454,3.789015531539917
752,2,0,0,0.25798189640045166,3.6036927700042725,0.26164400577545166,3.736598491668701,0.37139269709587097,3.7225382328033447,0.1209542378783226,3.721865177154541
753,2,0,0,0.25581949949264526,3.6194686889648438,0.27358198165893555,3.7404067516326904,0.3806401491165161,3.6995129585266113,0.11754623800516129,3.6804001331329346
754,2,0,0,0.2647381126880646,3.601046323776245,0.24980567395687103,3.7029738426208496,0.3635602593421936,3.715135335922241,0.11110889166593552,3.7182061672210693
755,2,0,0,0.26671117544174194,3.612067937850952,0.29340222477912903,3.6738839149475098,0.3849948048591614,3.680626392364502,0.12894611060619354,3.665842294692993
756,2,0,0,0.2686144709587097,3.5859177112579346,0.2164929360151291,3.6921589374542236,0.33466199040412903,3.739727258682251,0.09363041818141937,3.8335461616516113
757,2,0,0,0.26258569955825806,3.613752841949463,0.3298788070678711,3.677924156188965,0.4056919515132904,3.6696550846099854,0.1298828125,3.617461919784546
758,2,0,0,0.26804646849632263,3.596787929534912,0.24740912020206451,3.6848316192626953,0.36150747537612915,3.7072055339813232,0.11274313926696777,3.70691180229187
759,2,0,0,0.26412028074264526,3.6015846729278564,0.27855947613716125,3.7347071170806885,0.38556280732154846,3.6948723793029785,0.12531886994838715,3.6875
760,2,0,0,0.26468828320503235,3.603719711303711,0.2138073891401291,3.7077741622924805,0.32997846603393555,3.7620038986206055,0.09088010340929031,3.7706141471862793
761,2,0,0,0.26586416363716125,3.6021363735198975,0.27556997537612915,3.713820695877075,0.37158203125,3.681756019592285,0.11603156477212906,3.71779465675354
762,2,0,0,0.26318359375,3.5980842113494873,0.2521175444126129,3.6854212284088135,0.36249402165412903,3.698765754699707,0.11073023080825806,3.724261999130249
763,2,0,0,0.26887357234954834,3.595322847366333,0.2888631820678711,3.6787290573120117,0.38242384791374207,3.6779582500457764,0.12603634595870972,3.68058180809021
764,2,0,0,0.2628946006298065,3.6032521724700928,0.24088707566261292,3.7361159324645996,0.3476462662220001,3.7641241550445557,0.11065050959587097,3.8063759803771973
765,2,0,0,0.26147958636283875,3.6005334854125977,0.25219228863716125,3.7226569652557373,0.36206552386283875,3.712996006011963,0.1167689710855484,3.7397167682647705
766,2,0,0,0.27410513162612915,3.578216552734375,0.19588547945022583,3.633880138397217,0.3196249008178711,3.706063985824585,0.08717314898967743,3.7126200199127197
767,2,0,0,0.25972574949264526,3.6083486080169678,0.23956173658370972,3.724215269088745,0.35997289419174194,3.744657278060913,0.11084980517625809,3.714311361312866
768,2,0,0,0.26708984375,3.5936648845672607,0.22347337007522583,3.682511329650879,0.34302255511283875,3.7278854846954346,0.10540895909070969,3.804499864578247
769,2,0,0,0.2663823366165161,3.5959150791168213,0.21489855647087097,3.7085158824920654,0.3311842381954193,3.7512261867523193,0.09492585808038712,3.782909870147705
770,2,0,0,0.25938695669174194,3.610795259475708,0.26852479577064514,3.724644660949707,0.3669184446334839,3.7379212379455566,0.12023676186800003,3.7425825595855713
771,2,0,0,0.27361685037612915,3.577427387237549,0.20377270877361298,3.6635043621063232,0.32468709349632263,3.701408624649048,0.086356021463871,3.782137155532837
772,2,0,0,0.2703882157802582,3.594125509262085,0.24705536663532257,3.6902692317962646,0.35982340574264526,3.701016426086426,0.10676418989896774,3.7631137371063232
773,2,0,0,0.2675880789756775,3.597996473312378,0.24288006126880646,3.699263572692871,0.36107900738716125,3.7654201984405518,0.10813934355974197,3.753225326538086
774,2,0,0,0.2709462642669678,3.5867598056793213,0.24198321998119354,3.7095558643341064,0.35019728541374207,3.7260050773620605,0.10439253598451614,3.837724208831787
775,2,0,0,0.2694614827632904,3.5964276790618896,0.24273058772087097,3.69854474067688,0.35740193724632263,3.71753191947937,0.10158243030309677,3.7469098567962646
776,2,0,0,0.27354711294174194,3.599395275115967,0.3244977593421936,3.676391124725342,0.3944016993045807,3.6490814685821533,0.13193558156490326,3.6425981521606445
777,2,0,0,0.26236647367477417,3.6035170555114746,0.23777303099632263,3.6930556297302246,0.35579758882522583,3.7332866191864014,0.11156728118658066,3.745802164077759
778,2,0,0,0.26337292790412903,3.60408616065979,0.22576530277729034,3.7185733318328857,0.3417370915412903,3.7815945148468018,0.10243941098451614,3.8198442459106445
779,2,0,0,0.2643594443798065,3.598024845123291,0.24154974520206451,3.7328383922576904,0.35397401452064514,3.7405831813812256,0.11312180757522583,3.770437002182007
780,2,0,0,0.2686144709587097,3.6002004146575928,0.3003826439380646,3.6574442386627197,0.38940927386283875,3.6848866939544678,0.12246890366077423,3.703336000442505
781,2,0,0,0.2634127736091614,3.6024816036224365,0.2667510211467743,3.7204976081848145,0.3731166124343872,3.702427625656128,0.11834342777729034,3.6916470527648926
782,2,0,0,0.2731684446334839,3.596578359603882,0.28635701537132263,3.6639466285705566,0.3854830861091614,3.664977788925171,0.11924026906490326,3.654019832611084
783,2,0,0,0.2576729953289032,3.614974021911621,0.2517438530921936,3.793532133102417,0.3708246946334839,3.7826833724975586,0.11088966578245163,3.837167501449585
784,2,0,0,0.2628946006298065,3.609468460083008,0.28019869327545166,3.7107598781585693,0.3833705186843872,3.6836659908294678,0.11935985088348389,3.6805810928344727
785,2,0,0,0.26789700984954834,3.5959677696228027,0.22097715735435486,3.69610595703125,0.34156766533851624,3.7489278316497803,0.096121646463871,3.7607297897338867
786,2,0,0,0.2626355290412903,3.6015329360961914,0.23384685814380646,3.701538324356079,0.3555584251880646,3.7420475482940674,0.10220025479793549,3.7398595809936523
787,2,0,0,0.2634526491165161,3.6053786277770996,0.228759765625,3.7925641536712646,0.3467693626880646,3.8244776725769043,0.09909119457006454,3.875100612640381
788,2,0,0,0.2630639970302582,3.6025607585906982,0.24151486158370972,3.7023909091949463,0.3536551296710968,3.720259189605713,0.11158721148967743,3.7601356506347656
789,2,0,0,0.26474806666374207,3.60512638092041,0.25309908390045166,3.720658302307129,0.362025648355484,3.719240188598633,0.1125837042927742,3.7537617683410645
790,2,0,0,0.27265027165412903,3.5828003883361816,0.23771822452545166,3.668503999710083,0.34810465574264526,3.6988234519958496,0.11298230290412903,3.7964367866516113
791,2,0,0,0.26098135113716125,3.6089346408843994,0.2820970118045807,3.7118937969207764,0.37970343232154846,3.6769893169403076,0.12185107916593552,3.668302297592163
792,2,0,0,0.2608717381954193,3.609114170074463,0.28165358304977417,3.687558650970459,0.3819256126880646,3.681529998779297,0.1196986585855484,3.665001630783081
793,2,0,0,0.2678670883178711,3.6013541221618652,0.28125,3.716765880584717,0.3906847834587097,3.7225425243377686,0.11854273080825806,3.673335552215576
794,2,0,0,0.26002469658851624,3.6001763343811035,0.2504085600376129,3.7068326473236084,0.36270326375961304,3.719050407409668,0.11218510568141937,3.7283709049224854
795,2,0,0,0.2707369923591614,3.588317632675171,0.2546286880970001,3.7146267890930176,0.36402860283851624,3.719224691390991,0.10752151906490326,3.819277048110962
796,2,0,0,0.26670119166374207,3.6046555042266846,0.2966208755970001,3.6662018299102783,0.38321107625961304,3.6517579555511475,0.1238839253783226,3.6679537296295166
797,2,0,0,0.2674485743045807,3.601773500442505,0.2911053001880646,3.660562038421631,0.38047072291374207,3.6523139476776123,0.12268813699483871,3.6783626079559326
798,2,0,0,0.26710978150367737,3.591829776763916,0.2302495241165161,3.6953604221343994,0.34400907158851624,3.7112276554107666,0.10026706010103226,3.7805604934692383
799,2,0,0,0.26042330265045166,3.609703779220581,0.26963087916374207,3.7039692401885986,0.37712252140045166,3.6937243938446045,0.11734693497419357,3.6717052459716797
800,2,0,0,0.26691046357154846,3.5984320640563965,0.2389538735151291,3.6885673999786377,0.353515625,3.7339611053466797,0.10654495656490326,3.717545747756958
801,2,0,0,0.2654157280921936,3.596245527267456,0.21981623768806458,3.723559617996216,0.33828920125961304,3.780458450317383,0.09687898308038712,3.8202016353607178
802,2,0,0,0.2664720118045807,3.5996036529541016,0.2465571165084839,3.671536922454834,0.35879701375961304,3.6953284740448,0.11531408876180649,3.7015209197998047
803,2,0,0,0.2689532935619354,3.6033716201782227,0.3107810318470001,3.6869258880615234,0.3886120915412903,3.6497256755828857,0.12533880770206451,3.668468713760376
804,2,0,0,0.2651865482330322,3.599353790283203,0.22680164873600006,3.705052614212036,0.34601202607154846,3.7632980346679688,0.10443239659070969,3.79465651512146
805,2,0,0,0.26607340574264526,3.6106138229370117,0.28224149346351624,3.6971065998077393,0.3788364827632904,3.6922693252563477,0.11862244457006454,3.664818525314331
806,2,0,0,0.25924745202064514,3.614429473876953,0.22646783292293549,3.7593557834625244,0.349330335855484,3.804940700531006,0.10138312727212906,3.823275089263916
807,2,0,0,0.26308393478393555,3.6013407707214355,0.22860530018806458,3.700143814086914,0.34600207209587097,3.719630241394043,0.10064572840929031,3.7837624549865723
808,2,0,0,0.25527143478393555,3.6157238483428955,0.2596111595630646,3.7312350273132324,0.37365472316741943,3.704376459121704,0.11876195669174194,3.6976003646850586
809,2,0,0,0.26489755511283875,3.609750509262085,0.2833326756954193,3.70456862449646,0.3837890625,3.6980059146881104,0.11961893737316132,3.669610023498535
810,2,0,0,0.2640804350376129,3.606241226196289,0.23057836294174194,3.7388391494750977,0.35341596603393555,3.7923080921173096,0.10227997601032257,3.815666437149048
811,2,0,0,0.2619479298591614,3.6037964820861816,0.22082270681858063,3.7298285961151123,0.341029554605484,3.7856996059417725,0.09488599747419357,3.7899601459503174
812,2,0,0,0.2626155912876129,3.611595869064331,0.28774213790893555,3.7198662757873535,0.3850446343421936,3.6966874599456787,0.12222974747419357,3.691831111907959
813,2,0,0,0.2712053656578064,3.6035420894622803,0.3181849718093872,3.6551573276519775,0.38654932379722595,3.6451497077941895,0.12326610088348389,3.6488277912139893
814,2,0,0,0.2734972834587097,3.5791373252868652,0.20725545287132263,3.676755428314209,0.3252849876880646,3.722482681274414,0.08946508169174194,3.794163465499878
815,2,0,0,0.26252591609954834,3.6163599491119385,0.25919264554977417,3.7603275775909424,0.3716318607330322,3.7341127395629883,0.1174665167927742,3.750763416290283
816,2,0,0,0.26055532693862915,3.606038808822632,0.23514728248119354,3.738107919692993,0.3551100194454193,3.7661633491516113,0.0997488796710968,3.808990955352783
817,2,0,0,0.25987523794174194,3.6081905364990234,0.24479830265045166,3.7293007373809814,0.3607800602912903,3.711199998855591,0.11633051186800003,3.7154359817504883
818,2,0,0,0.27209222316741943,3.579747200012207,0.22182916104793549,3.7036969661712646,0.3351801633834839,3.7386727333068848,0.0959821417927742,3.84966778755188
819,2,0,0,0.2651865482330322,3.598489284515381,0.23136559128761292,3.713153600692749,0.35105428099632263,3.7538676261901855,0.10321667790412903,3.8044023513793945
820,2,0,0,0.2627750337123871,3.603299140930176,0.20139607787132263,3.709606409072876,0.3248465359210968,3.7703609466552734,0.08597736060619354,3.726935625076294
821,2,0,0,0.2716836631298065,3.5907790660858154,0.26359713077545166,3.6919760704040527,0.3715023100376129,3.684316396713257,0.12292729318141937,3.7260050773620605
822,2,0,0,0.26120057702064514,3.60148024559021,0.22614894807338715,3.701205253601074,0.343769907951355,3.7435214519500732,0.10066565126180649,3.7948920726776123
823,2,0,0,0.2612802982330322,3.615865707397461,0.2712252736091614,3.713902473449707,0.36868223547935486,3.6896047592163086,0.12087451666593552,3.6867270469665527
824,2,0,0,0.26092153787612915,3.6047203540802,0.21549145877361298,3.7149596214294434,0.33757174015045166,3.7828845977783203,0.09568319469690323,3.829202175140381
825,2,0,0,0.2652662694454193,3.59658145904541,0.22165974974632263,3.719564914703369,0.3380201756954193,3.772294521331787,0.09761638939380646,3.825234889984131
826,2,0,0,0.2702288031578064,3.5913047790527344,0.23684629797935486,3.7568578720092773,0.35117384791374207,3.7788655757904053,0.10283800959587097,3.830620050430298
827,2,0,0,0.2630540430545807,3.6124706268310547,0.24831591546535492,3.707773208618164,0.3616170883178711,3.7198050022125244,0.11385921388864517,3.7090845108032227
828,2,0,0,0.26467832922935486,3.6143970489501953,0.31811025738716125,3.6766908168792725,0.40090879797935486,3.6771724224090576,0.12942442297935486,3.6539883613586426
829,2,0,0,0.26171875,3.6025357246398926,0.25764310359954834,3.696847915649414,0.3677555024623871,3.695651054382324,0.11619100719690323,3.680788993835449
830,2,0,0,0.2737165093421936,3.580129623413086,0.2203991860151291,3.6665537357330322,0.33729273080825806,3.7123019695281982,0.09729751199483871,3.7771406173706055
831,2,0,0,0.26412028074264526,3.6009809970855713,0.30319276452064514,3.695030450820923,0.39387354254722595,3.6687750816345215,0.1305803507566452,3.655067205429077
832,2,0,0,0.26307398080825806,3.6051137447357178,0.20795300602912903,3.7243213653564453,0.32718828320503235,3.793933153152466,0.0881696417927742,3.792043447494507
833,2,0,0,0.2597058415412903,3.6151485443115234,0.26154935359954834,3.7592105865478516,0.37224966287612915,3.7384355068206787,0.1135602667927742,3.760617733001709
834,2,0,0,0.26293447613716125,3.615856885910034,0.2790078818798065,3.708632469177246,0.3813974857330322,3.694126605987549,0.11680883169174194,3.6862311363220215
835,2,0,0,0.2684650123119354,3.6035780906677246,0.33508050441741943,3.6585676670074463,0.4153081178665161,3.6613481044769287,0.14024633169174194,3.613187551498413
836,2,0,0,0.2632633149623871,3.6041107177734375,0.2597905397415161,3.7227518558502197,0.36228474974632263,3.717818260192871,0.12019690126180649,3.7466423511505127
837,2,0,0,0.2701092064380646,3.599350690841675,0.2774234712123871,3.67234206199646,0.3773019015789032,3.667591094970703,0.11808434128761292,3.657046318054199
838,2,0,0,0.26629263162612915,3.599670648574829,0.23334860801696777,3.723576784133911,0.3542231321334839,3.777393341064453,0.10437260568141937,3.7970211505889893
839,2,0,0,0.2704579830169678,3.5861244201660156,0.24478833377361298,3.7029919624328613,0.35292768478393555,3.7017533779144287,0.1044921875,3.790005683898926
840,2,0,0,0.27110570669174194,3.595677375793457,0.3303322196006775,3.673720598220825,0.40234375,3.65199613571167,0.13669881224632263,3.6661319732666016
841,2,0,0,0.26614317297935486,3.609405517578125,0.30363619327545166,3.7224857807159424,0.3965541124343872,3.6943585872650146,0.13052056729793549,3.6807146072387695
842,2,0,0,0.2699398100376129,3.597069025039673,0.2674236595630646,3.6736533641815186,0.36930006742477417,3.692687511444092,0.1159319207072258,3.7068936824798584
843,2,0,0,0.2598154544830322,3.6080236434936523,0.22041413187980652,3.7140920162200928,0.33861806988716125,3.7487714290618896,0.09727758169174194,3.77484130859375
844,2,0,0,0.2695412039756775,3.5893747806549072,0.19335438311100006,3.6474862098693848,0.3158681392669678,3.702820301055908,0.08721300959587097,3.704981803894043
845,2,0,0,0.26210737228393555,3.60966420173645,0.24397620558738708,3.7371699810028076,0.36101919412612915,3.727511167526245,0.11318159848451614,3.7191407680511475
846,2,0,0,0.2705974876880646,3.5853803157806396,0.2339215874671936,3.675307273864746,0.34810465574264526,3.7091288566589355,0.10196109116077423,3.8006255626678467
847,2,0,0,0.25847017765045166,3.603130578994751,0.3351353108882904,3.672717571258545,0.4047353267669678,3.6420130729675293,0.13600127398967743,3.6554806232452393
848,2,0,0,0.25861966609954834,3.609987258911133,0.20201390981674194,3.7385127544403076,0.32842394709587097,3.7876994609832764,0.08225047588348389,3.78192400932312
849,2,0,0,0.2694614827632904,3.595798969268799,0.2865264117717743,3.695237159729004,0.38417768478393555,3.689025402069092,0.11902104318141937,3.689049005508423
850,2,0,0,0.26169881224632263,3.606160879135132,0.24759845435619354,3.73224139213562,0.36409837007522583,3.7433083057403564,0.10740194469690323,3.7608089447021484
851,2,0,0,0.26662150025367737,3.6073031425476074,0.2914590537548065,3.670341968536377,0.38711732625961304,3.670536518096924,0.12480069696903229,3.656020402908325
852,2,0,0,0.26573461294174194,3.5967299938201904,0.2155412882566452,3.6874711513519287,0.3357182741165161,3.754645347595215,0.09745694696903229,3.810838460922241
853,2,0,0,0.2663225531578064,3.6045424938201904,0.2759287357330322,3.692307710647583,0.3758470118045807,3.6739931106567383,0.11778539419174194,3.6610829830169678
854,2,0,0,0.2661032974720001,3.60080885887146,0.27396562695503235,3.6974501609802246,0.3751295506954193,3.69889760017395,0.11738679558038712,3.6804754734039307
855,2,0,0,0.26294443011283875,3.6001439094543457,0.22685645520687103,3.6917264461517334,0.34596219658851624,3.7217581272125244,0.09992825239896774,3.747307538986206
856,2,0,0,0.26802653074264526,3.6001412868499756,0.2867008149623871,3.6951096057891846,0.38353994488716125,3.678011894226074,0.12274792790412903,3.6897222995758057
857,2,0,0,0.26329320669174194,3.61539626121521,0.3162517845630646,3.7190301418304443,0.3989357352256775,3.6997551918029785,0.13313136994838715,3.7026946544647217
858,2,0,0,0.26887357234954834,3.6069231033325195,0.3845563530921936,3.666787624359131,0.4326769709587097,3.652740716934204,0.1441127210855484,3.609320878982544
859,2,0,0,0.2623365819454193,3.6055610179901123,0.23560068011283875,3.690183162689209,0.3520009517669678,3.736524820327759,0.11176657676696777,3.7619471549987793
860,2,0,0,0.2762874662876129,3.582125186920166,0.20836156606674194,3.6765105724334717,0.3277263939380646,3.718681573867798,0.08655532449483871,3.7547779083251953
861,2,0,0,0.2682955861091614,3.5915539264678955,0.22545140981674194,3.6726999282836914,0.34391939640045166,3.7388811111450195,0.09767618030309677,3.741481304168701
862,2,0,0,0.26204758882522583,3.6118948459625244,0.2733428180217743,3.717139720916748,0.37782007455825806,3.6785178184509277,0.11977837979793549,3.701164722442627
863,2,0,0,0.26197782158851624,3.6023201942443848,0.27862921357154846,3.6872787475585938,0.3773716390132904,3.668999195098877,0.12049585580825806,3.68888521194458
864,2,0,0,0.2656748294830322,3.600952625274658,0.2162388414144516,3.722580671310425,0.3350904881954193,3.7593302726745605,0.09213568270206451,3.8001298904418945
865,2,0,0,0.2613002061843872,3.6138739585876465,0.24788245558738708,3.721935272216797,0.36379942297935486,3.7232935428619385,0.11493542790412903,3.7140626907348633
866,2,0,0,0.2599848508834839,3.59980845451355,0.2756447196006775,3.730130434036255,0.3787766993045807,3.698981761932373,0.12480069696903229,3.7275631427764893
867,2,0,0,0.26953125,3.5873632431030273,0.21269629895687103,3.6870388984680176,0.3298788070678711,3.7416627407073975,0.08952487260103226,3.770925998687744
868,2,0,0,0.26836535334587097,3.591660261154175,0.24300462007522583,3.7181990146636963,0.34784558415412903,3.7442920207977295,0.11017218977212906,3.8241679668426514
869,2,0,0,0.2661730647087097,3.5985922813415527,0.24910813570022583,3.6717803478240967,0.3648158311843872,3.7073476314544678,0.11585219949483871,3.7135729789733887
870,2,0,0,0.2584303319454193,3.608891725540161,0.232421875,3.716858148574829,0.35090482234954834,3.7389957904815674,0.10423310101032257,3.7741873264312744
871,2,0,0,0.2752610743045807,3.579263687133789,0.22921814024448395,3.6512553691864014,0.3427036702632904,3.694774866104126,0.10373485088348389,3.7877042293548584
872,2,0,0,0.2607521414756775,3.6096227169036865,0.2298060804605484,3.728031635284424,0.35131338238716125,3.7724862098693848,0.103515625,3.815363883972168
873,2,0,0,0.26398077607154846,3.6021289825439453,0.2261090874671936,3.72794771194458,0.3461814224720001,3.792515754699707,0.10227997601032257,3.827552556991577
874,2,0,0,0.2743542790412903,3.57834529876709,0.22568558156490326,3.6795742511749268,0.3351901173591614,3.7325563430786133,0.10263870656490326,3.8106796741485596
875,2,0,0,0.2705078125,3.6004936695098877,0.32804030179977417,3.650602340698242,0.40037068724632263,3.6495344638824463,0.13083943724632263,3.6280274391174316
876,2,0,0,0.2629743218421936,3.601212501525879,0.22534677386283875,3.722472906112671,0.3450952470302582,3.764892816543579,0.10604671388864517,3.809998035430908
877,2,0,0,0.2626355290412903,3.6087796688079834,0.2886240482330322,3.698315143585205,0.3845065236091614,3.7083916664123535,0.12729193270206451,3.650383710861206
878,2,0,0,0.26148954033851624,3.604626417160034,0.2443947196006775,3.7334203720092773,0.35522958636283875,3.7413039207458496,0.11080994457006454,3.770143985748291
879,2,0,0,0.25855985283851624,3.6088950634002686,0.2508968412876129,3.6985859870910645,0.35641542077064514,3.716107130050659,0.11358019709587097,3.7332866191864014
880,2,0,0,0.2702487111091614,3.592367172241211,0.22391681373119354,3.661778688430786,0.34001314640045166,3.7133142948150635,0.105887271463871,3.7536232471466064
881,2,0,0,0.2698899805545807,3.593487024307251,0.2580915093421936,3.676370620727539,0.3687021732330322,3.6713783740997314,0.1089564710855484,3.742271900177002
882,2,0,0,0.26440927386283875,3.608313798904419,0.30433374643325806,3.6969597339630127,0.39002710580825806,3.6833930015563965,0.1310786008834839,3.6650447845458984
883,2,0,0,0.26135003566741943,3.6121554374694824,0.29756754636764526,3.6905715465545654,0.3908940553665161,3.683075428009033,0.1282884180545807,3.6395835876464844
884,2,0,0,0.26789700984954834,3.6090240478515625,0.29991430044174194,3.66255784034729,0.38967832922935486,3.6641604900360107,0.13091915845870972,3.657329797744751
885,2,0,0,0.26412028074264526,3.6012072563171387,0.21451988816261292,3.6995935440063477,0.33213087916374207,3.729702949523926,0.0968191921710968,3.7251956462860107
886,2,0,0,0.26718947291374207,3.5957930088043213,0.23008011281490326,3.7154488563537598,0.3460419178009033,3.78094220161438,0.10138312727212906,3.8175742626190186
887,2,0,0,0.2702387571334839,3.5856411457061768,0.19396723806858063,3.63627028465271,0.3178611099720001,3.7068467140197754,0.08589763939380646,3.702552318572998
888,2,0,0,0.2666040360927582,3.5967369079589844,0.22172950208187103,3.7180800437927246,0.344935804605484,3.7720353603363037,0.09478635340929031,3.790790557861328
889,2,0,0,0.26580435037612915,3.6079328060150146,0.2961176633834839,3.661663770675659,0.3869479298591614,3.6822898387908936,0.12408322095870972,3.6909732818603516
890,2,0,0,0.26915258169174194,3.591521739959717,0.22456951439380646,3.6793575286865234,0.34421834349632263,3.7510058879852295,0.10327646136283875,3.795252799987793
891,2,0,0,0.2606525123119354,3.608020782470703,0.29565927386283875,3.765385866165161,0.39511916041374207,3.7129454612731934,0.13123804330825806,3.7137434482574463
892,2,0,0,0.2652762234210968,3.5968596935272217,0.2294224351644516,3.7419536113739014,0.3445870578289032,3.7884905338287354,0.10224011540412903,3.8230018615722656
893,2,0,0,0.26152941584587097,3.608191967010498,0.2500946521759033,3.7198526859283447,0.3661611080169678,3.7338685989379883,0.11142776906490326,3.7064926624298096
894,2,0,0,0.2687539756298065,3.5919911861419678,0.2138671875,3.7145187854766846,0.33368542790412903,3.773188829421997,0.09058114886283875,3.8213422298431396
895,2,0,0,0.2631038725376129,3.610915422439575,0.26060765981674194,3.680145263671875,0.3718709945678711,3.682753562927246,0.11810427159070969,3.6748228073120117
896,2,0,0,0.26071229577064514,3.6091043949127197,0.2329450249671936,3.7457275390625,0.3526885211467743,3.780832290649414,0.10279814898967743,3.8218302726745605
897,2,0,0,0.2632633149623871,3.6010825634002686,0.21861547231674194,3.7059507369995117,0.3376713991165161,3.7574808597564697,0.09548389166593552,3.7672719955444336
898,2,0,0,0.26881375908851624,3.606687307357788,0.3119070827960968,3.707832098007202,0.39486008882522583,3.651709794998169,0.1259765625,3.669356107711792
899,2,0,0,0.2646484375,3.5893516540527344,0.2626255452632904,3.728590488433838,0.3643275499343872,3.720439910888672,0.12294722348451614,3.802237033843994
900,2,0,0,0.2613002061843872,3.603081464767456,0.22761878371238708,3.7264249324798584,0.3490513265132904,3.764359951019287,0.10120376199483871,3.7699882984161377
901,2,0,0,0.2640903890132904,3.610218048095703,0.2758888602256775,3.7137181758880615,0.379603773355484,3.679267168045044,0.11752630770206451,3.6911988258361816
902,2,0,0,0.2647879421710968,3.598336696624756,0.22815190255641937,3.6969709396362305,0.3466697037220001,3.7534852027893066,0.10327646136283875,3.802778959274292
903,2,0,0,0.2640206515789032,3.610945463180542,0.32315248250961304,3.695704460144043,0.40133729577064514,3.674910068511963,0.12908561527729034,3.632237195968628
904,2,0,0,0.2728794515132904,3.5896873474121094,0.21132612228393555,3.6975998878479004,0.32950013875961304,3.7236132621765137,0.09117905050516129,3.8069944381713867
905,2,0,0,0.26433950662612915,3.6028196811676025,0.23750397562980652,3.738776445388794,0.3588169515132904,3.789296865463257,0.10409358888864517,3.792839288711548
906,2,0,0,0.27522122859954834,3.5904994010925293,0.306884765625,3.63128924369812,0.39226919412612915,3.643998384475708,0.1319754421710968,3.65433406829834
907,2,0,0,0.2666712999343872,3.6034154891967773,0.33676955103874207,3.6618189811706543,0.40886080265045166,3.638947010040283,0.13273277878761292,3.6112613677978516
908,2,0,0,0.2635323703289032,3.6044769287109375,0.22763870656490326,3.7022411823272705,0.35209062695503235,3.7461862564086914,0.1022600457072258,3.7772364616394043
909,2,0,0,0.2599948048591614,3.6072208881378174,0.22666214406490326,3.7522640228271484,0.3402523100376129,3.7840094566345215,0.10333625227212906,3.8298938274383545
910,2,0,0,0.2588687837123871,3.6158673763275146,0.27805623412132263,3.7613561153411865,0.3858717381954193,3.7323553562164307,0.12314651906490326,3.6878135204315186
911,2,0,0,0.2675183415412903,3.583289861679077,0.22761379182338715,3.699669361114502,0.3367147445678711,3.7443325519561768,0.09739716351032257,3.8500101566314697
912,2,0,0,0.2618483006954193,3.6067283153533936,0.24257612228393555,3.749455690383911,0.3532266318798065,3.767991542816162,0.110770083963871,3.8155810832977295
913,2,0,0,0.26271525025367737,3.612691640853882,0.3243134021759033,3.717902660369873,0.40654894709587097,3.69741153717041,0.13273277878761292,3.660510540008545
914,2,0,0,0.2689532935619354,3.595479726791382,0.2362234890460968,3.679779052734375,0.35222017765045166,3.735358953475952,0.10991310328245163,3.7722575664520264
915,2,0,0,0.2645089328289032,3.599871873855591,0.22720025479793549,3.711052656173706,0.3440190553665161,3.7623612880706787,0.10303730517625809,3.80967116355896
916,2,0,0,0.2628348171710968,3.6029345989227295,0.22639808058738708,3.7072558403015137,0.3520407974720001,3.756340503692627,0.10186144709587097,3.7855606079101562
917,2,0,0,0.26462849974632263,3.604910373687744,0.2912099361419678,3.6931920051574707,0.3858916461467743,3.6961653232574463,0.12488041818141937,3.6611874103546143
918,2,0,0,0.2659737765789032,3.5958187580108643,0.23042888939380646,3.7063655853271484,0.3487723171710968,3.7524571418762207,0.10493063926696777,3.7870845794677734
919,2,0,0,0.26244619488716125,3.60648512840271,0.2361537367105484,3.7019221782684326,0.35612642765045166,3.741983413696289,0.10612643510103226,3.7355868816375732
920,2,0,0,0.26252591609954834,3.601214647293091,0.22203344106674194,3.721787214279175,0.34086015820503235,3.778547525405884,0.10134326666593552,3.8275320529937744
921,2,0,0,0.2583904564380646,3.6178171634674072,0.2707170844078064,3.7402732372283936,0.3791952133178711,3.7391269207000732,0.11545360088348389,3.6992921829223633
922,2,0,0,0.26133009791374207,3.604308843612671,0.23003527522087097,3.7406485080718994,0.34830397367477417,3.7749836444854736,0.10297751426696777,3.795238971710205
923,2,0,0,0.2669602930545807,3.608846664428711,0.30763712525367737,3.6795153617858887,0.39330556988716125,3.6654841899871826,0.12232939898967743,3.6581947803497314
924,2,0,0,0.2651466727256775,3.602036952972412,0.2823909819126129,3.679023265838623,0.37705275416374207,3.6505894660949707,0.12139269709587097,3.6923329830169678
925,2,0,0,0.26044324040412903,3.6118381023406982,0.2353166788816452,3.743293285369873,0.3547811508178711,3.7720136642456055,0.10311702638864517,3.8028604984283447
926,2,0,0,0.2698999345302582,3.5989294052124023,0.2759287357330322,3.6609244346618652,0.3745914399623871,3.6587746143341064,0.11806441098451614,3.676738739013672
927,2,0,0,0.25567999482154846,3.6127912998199463,0.2558942437171936,3.777994155883789,0.3635503053665161,3.766439199447632,0.11684869229793549,3.767695665359497
928,2,0,0,0.26126036047935486,3.6030590534210205,0.22321926057338715,3.7296488285064697,0.3427634537220001,3.779486656188965,0.09442761540412903,3.8085689544677734
929,2,0,0,0.2746332883834839,3.579608201980591,0.20716577768325806,3.6833016872406006,0.32712849974632263,3.707871437072754,0.0867745503783226,3.7590720653533936
930,2,0,0,0.2681461274623871,3.5928871631622314,0.27660635113716125,3.6914403438568115,0.37509962916374207,3.668694496154785,0.12203045189380646,3.7122325897216797
931,2,0,0,0.2750418484210968,3.5950145721435547,0.3247518539428711,3.6455299854278564,0.3941226899623871,3.6468358039855957,0.12372449040412903,3.63901424407959
932,2,0,0,0.2668108344078064,3.6027638912200928,0.2802136540412903,3.6650426387786865,0.3762655258178711,3.6641595363616943,0.11864237487316132,3.66033935546875
933,2,0,0,0.26920241117477417,3.5971498489379883,0.3017428517341614,3.700005054473877,0.38953882455825806,3.66565203666687,0.12651465833187103,3.6613106727600098
934,2,0,0,0.25827088952064514,3.607569932937622,0.2580416798591614,3.738250732421875,0.362324595451355,3.721947193145752,0.11810427159070969,3.745359420776367
935,2,0,0,0.27102598547935486,3.586109161376953,0.22490832209587097,3.70093035697937,0.3390664756298065,3.7410802841186523,0.09632094949483871,3.8448169231414795
936,2,0,0,0.2687639594078064,3.59975528717041,0.29427415132522583,3.6954386234283447,0.3831712305545807,3.6662073135375977,0.12615592777729034,3.675671339035034
937,2,0,0,0.25881895422935486,3.612405300140381,0.25556042790412903,3.7135226726531982,0.3627829849720001,3.7445476055145264,0.11415816098451614,3.728177309036255
938,2,0,0,0.2762475907802582,3.5828583240509033,0.21473413705825806,3.6710288524627686,0.33017775416374207,3.739633083343506,0.08944515138864517,3.797905445098877
939,2,0,0,0.25980547070503235,3.6115756034851074,0.23773816227912903,3.76615309715271,0.35940489172935486,3.787839412689209,0.10821906477212906,3.8062615394592285
940,2,0,0,0.25929728150367737,3.6134276390075684,0.2441057413816452,3.747678279876709,0.35934510827064514,3.748370885848999,0.11350047588348389,3.7452151775360107
941,2,0,0,0.2641501724720001,3.599592685699463,0.21241728961467743,3.733492851257324,0.33466199040412903,3.7968080043792725,0.092215396463871,3.812837600708008
942,2,0,0,0.2692621946334839,3.5852115154266357,0.2484753578901291,3.7040305137634277,0.36061063408851624,3.7116169929504395,0.10680405050516129,3.805187463760376
943,2,0,0,0.25927734375,3.6210076808929443,0.27337270975112915,3.7473161220550537,0.39371412992477417,3.7072386741638184,0.1282086968421936,3.6600341796875
944,2,0,0,0.26266542077064514,3.5989603996276855,0.21856564283370972,3.7182393074035645,0.3353196680545807,3.760059356689453,0.09745694696903229,3.7719836235046387
945,2,0,0,0.2655751705169678,3.6059811115264893,0.2760881781578064,3.7627949714660645,0.3862802982330322,3.733077049255371,0.12655451893806458,3.764251947402954
946,2,0,0,0.2645687162876129,3.6041054725646973,0.242919921875,3.7007896900177,0.3602917790412903,3.7459065914154053,0.11455675959587097,3.7882742881774902
947,2,0,0,0.27110570669174194,3.60019850730896,0.30020827054977417,3.6455612182617188,0.3853834569454193,3.645575761795044,0.13087929785251617,3.6654484272003174
948,2,0,0,0.2662527859210968,3.5965418815612793,0.20851103961467743,3.6927525997161865,0.33422353863716125,3.7598390579223633,0.08667489886283875,3.730512857437134
949,2,0,0,0.2583904564380646,3.612765073776245,0.2565768361091614,3.7129485607147217,0.3682337999343872,3.7240278720855713,0.11806441098451614,3.696826457977295
950,2,0,0,0.2576929032802582,3.6061484813690186,0.25836554169654846,3.750805139541626,0.3676657974720001,3.7438747882843018,0.11611128598451614,3.7953999042510986
951,2,0,0,0.2654954493045807,3.6067636013031006,0.32823461294174194,3.701205253601074,0.40783441066741943,3.679136037826538,0.13329081237316132,3.6540071964263916
952,2,0,0,0.275390625,3.5809812545776367,0.21840620040893555,3.701517105102539,0.3313934803009033,3.7511727809906006,0.0975167378783226,3.8456978797912598
953,2,0,0,0.2595065236091614,3.6063666343688965,0.23356285691261292,3.7004501819610596,0.3520009517669678,3.7235591411590576,0.10921555757522583,3.741058349609375
954,2,0,0,0.26245614886283875,3.6008808612823486,0.2680165767669678,3.69437837600708,0.3740134537220001,3.6854500770568848,0.11930005997419357,3.6724023818969727
955,2,0,0,0.26676100492477417,3.592827796936035,0.2891422212123871,3.7024054527282715,0.3806002736091614,3.673508882522583,0.12956392765045166,3.7094292640686035
956,2,0,0,0.25861966609954834,3.6084845066070557,0.2388143688440323,3.7267322540283203,0.3588169515132904,3.73919677734375,0.10792011767625809,3.759556770324707
957,2,0,0,0.2624163031578064,3.6081490516662598,0.23706552386283875,3.7143757343292236,0.3567243218421936,3.7350411415100098,0.10654495656490326,3.7250280380249023
958,2,0,0,0.26416015625,3.603153705596924,0.22306978702545166,3.71972918510437,0.33996331691741943,3.757357358932495,0.09753666818141937,3.786473274230957
959,2,0,0,0.26622289419174194,3.6064157485961914,0.3116878569126129,3.702383518218994,0.3940329849720001,3.68888783454895,0.12924505770206451,3.662914514541626
960,2,0,0,0.26321348547935486,3.5981297492980957,0.235107421875,3.712420701980591,0.3542330861091614,3.753460168838501,0.10425302386283875,3.7662014961242676
961,2,0,0,0.2641701102256775,3.599283218383789,0.2449427992105484,3.703667640686035,0.3560367524623871,3.7227742671966553,0.10726243257522583,3.7279820442199707
962,2,0,0,0.2588787376880646,3.6012933254241943,0.23498284816741943,3.7440736293792725,0.35501036047935486,3.7877392768859863,0.0993303582072258,3.8360755443573
963,2,0,0,0.2641701102256775,3.6065258979797363,0.24046854674816132,3.7078092098236084,0.35774075984954834,3.751866340637207,0.11003268510103226,3.7536678314208984
964,2,0,0,0.2626454830169678,3.604203701019287,0.30484694242477417,3.6942665576934814,0.3915417790412903,3.6677441596984863,0.13167649507522583,3.6576359272003174
965,2,0,0,0.2577427327632904,3.607036590576172,0.22932776808738708,3.7581419944763184,0.3513432741165161,3.7985706329345703,0.10245934128761292,3.826103925704956
966,2,0,0,0.2618682086467743,3.603599786758423,0.26172372698783875,3.707019090652466,0.3662806749343872,3.7289767265319824,0.11856265366077423,3.7443268299102783
967,2,0,0,0.27452367544174194,3.5788230895996094,0.2177833914756775,3.656096935272217,0.33575811982154846,3.693209409713745,0.092215396463871,3.7814998626708984
968,2,0,0,0.25881895422935486,3.6216070652008057,0.2821468412876129,3.744825839996338,0.3820551633834839,3.7390193939208984,0.12537866830825806,3.680655002593994
969,2,0,0,0.2607421875,3.6075823307037354,0.22780312597751617,3.721266031265259,0.3450055718421936,3.7533648014068604,0.10224011540412903,3.7822611331939697
970,2,0,0,0.2647978961467743,3.606555461883545,0.3109404742717743,3.662858247756958,0.3950992524623871,3.679865837097168,0.13506457209587097,3.6861443519592285
971,2,0,0,0.26334303617477417,3.6027169227600098,0.24049843847751617,3.6799187660217285,0.35752150416374207,3.707592487335205,0.11497528105974197,3.709135055541992
972,2,0,0,0.27186304330825806,3.588813066482544,0.25728434324264526,3.6853091716766357,0.3732661008834839,3.6845266819000244,0.11009246855974197,3.7474656105041504
973,2,0,0,0.2573939561843872,3.6069300174713135,0.21359315514564514,3.7669177055358887,0.3352299928665161,3.81388783454895,0.08808992058038712,3.830543041229248
974,2,0,0,0.2631238102912903,3.6048476696014404,0.24368223547935486,3.7615931034088135,0.35948461294174194,3.7827582359313965,0.10188137739896774,3.8243348598480225
975,2,0,0,0.27150431275367737,3.586838483810425,0.24733935296535492,3.694532871246338,0.35543885827064514,3.6999635696411133,0.11292251199483871,3.7732086181640625
976,2,0,0,0.26335299015045166,3.6114349365234375,0.26808634400367737,3.7192506790161133,0.37008729577064514,3.693152666091919,0.11850287020206451,3.6740665435791016
977,2,0,0,0.26336294412612915,3.597184896469116,0.2792819142341614,3.7186591625213623,0.3761061131954193,3.70566725730896,0.12703284621238708,3.7637276649475098
978,2,0,0,0.2631238102912903,3.599091053009033,0.20475426316261292,3.7216691970825195,0.3229731321334839,3.785844326019287,0.08759167790412903,3.734015941619873
979,2,0,0,0.26502710580825806,3.597683906555176,0.22447484731674194,3.689077377319336,0.34023237228393555,3.733474016189575,0.10046635568141937,3.785756826400757
980,2,0,0,0.2608219087123871,3.604722261428833,0.2587292790412903,3.725273370742798,0.3665497303009033,3.729257345199585,0.11401864886283875,3.744450330734253
981,2,0,0,0.26363199949264526,3.5964243412017822,0.21671216189861298,3.7266812324523926,0.3351801633834839,3.788024663925171,0.09376993030309677,3.8165781497955322
982,2,0,0,0.25880900025367737,3.6182427406311035,0.26279494166374207,3.7362353801727295,0.3812778890132904,3.7545344829559326,0.10632573068141937,3.7049672603607178
983,2,0,0,0.2657645046710968,3.596625328063965,0.21837133169174194,3.7026102542877197,0.3364756107330322,3.7546348571777344,0.09608179330825806,3.788633108139038
984,2,0,0,0.2701092064380646,3.5856268405914307,0.2375239133834839,3.7070817947387695,0.3532465696334839,3.6999351978302,0.10664460808038712,3.8060176372528076
985,2,0,0,0.2661730647087097,3.6066040992736816,0.26600366830825806,3.717988967895508,0.3722895383834839,3.6888651847839355,0.11832349747419357,3.7010273933410645
986,2,0,0,0.27550023794174194,3.5772416591644287,0.210065558552742,3.657028913497925,0.32601243257522583,3.7067489624023438,0.08791055530309677,3.7621853351593018
987,2,0,0,0.2656150162220001,3.605177164077759,0.3231375515460968,3.675830602645874,0.39824816584587097,3.6582260131835938,0.13185586035251617,3.6494860649108887
988,2,1,0,0.2658442258834839,3.607654333114624,0.3712930381298065,3.689962387084961,0.43425142765045166,3.6488595008850098,0.15463568270206451,3.628044843673706
989,2,0,0,0.2628447711467743,3.5993857383728027,0.2401994913816452,3.735443592071533,0.3544921875,3.7404284477233887,0.11047113686800003,3.7844128608703613
990,2,0,0,0.2698700428009033,3.5875120162963867,0.2237474024295807,3.706281900405884,0.3420858383178711,3.7480556964874268,0.09323181957006454,3.838819980621338
991,2,0,0,0.25860968232154846,3.605001449584961,0.27390584349632263,3.7084803581237793,0.3731764256954193,3.6960933208465576,0.12236925959587097,3.6934852600097656
992,2,0,0,0.26152941584587097,3.6044960021972656,0.21815210580825806,3.7195780277252197,0.33902662992477417,3.7754688262939453,0.09885203838348389,3.8431451320648193
993,2,0,0,0.2684151828289032,3.589322805404663,0.21621392667293549,3.6951723098754883,0.34051138162612915,3.7323169708251953,0.09185666590929031,3.793013572692871
994,2,0,0,0.2608816921710968,3.603743314743042,0.2378029227256775,3.7481980323791504,0.35468152165412903,3.7945101261138916,0.10572783648967743,3.8265786170959473
995,2,0,0,0.2625657618045807,3.6055638790130615,0.2452566921710968,3.693035840988159,0.3595742881298065,3.709705114364624,0.11489556729793549,3.7033824920654297
996,2,0,0,0.25972574949264526,3.609154462814331,0.23983079195022583,3.720494508743286,0.35319674015045166,3.7344260215759277,0.1121651753783226,3.758706569671631
997,2,0,0,0.2733079493045807,3.5925912857055664,0.2742147445678711,3.674504041671753,0.3783581852912903,3.681108236312866,0.11617107689380646,3.654829263687134
998,2,0,0,0.26594388484954834,3.6080260276794434,0.3030831515789032,3.7160611152648926,0.3900171220302582,3.6865274906158447,0.12440209835767746,3.6763858795166016
999,2,0,0,0.2628946006298065,3.6153059005737305,0.3178262412548065,3.712552309036255,0.4085519015789032,3.705749034881592,0.1378946155309677,3.652261972427368
1000,2,0,0,0.25944674015045166,3.6038947105407715,0.2576979100704193,3.7240192890167236,0.3651048243045807,3.7146756649017334,0.11716756969690323,3.720360517501831
1001,2,0,0,0.26676100492477417,3.5994770526885986,0.2569405734539032,3.684190034866333,0.37139269709587097,3.673785924911499,0.11575254797935486,3.658057928085327
1002,2,0,0,0.2600446343421936,3.614002227783203,0.22344347834587097,3.7262632846832275,0.3513432741165161,3.7456464767456055,0.09699856489896774,3.780768394470215
1003,2,0,0,0.2613799273967743,3.6047275066375732,0.2525809109210968,3.719019889831543,0.3722197711467743,3.7383341789245605,0.10730229318141937,3.763744354248047
1004,2,0,0,0.2546038031578064,3.6172211170196533,0.23599429428577423,3.804454803466797,0.3531568944454193,3.8285269737243652,0.0991908460855484,3.889692544937134
1005,2,0,0,0.26663145422935486,3.596853256225586,0.22058852016925812,3.696112871170044,0.3423548936843872,3.7450809478759766,0.09705835580825806,3.7607803344726562
1006,2,0,0,0.26893335580825806,3.597561836242676,0.3010353446006775,3.650871515274048,0.3848353624343872,3.664491653442383,0.1279296875,3.653684377670288
1007,2,0,0,0.2620774805545807,3.6058175563812256,0.22353315353393555,3.7242777347564697,0.3364157974720001,3.7652251720428467,0.10032685101032257,3.7866506576538086
1008,2,0,0,0.2603336274623871,3.6177990436553955,0.29429906606674194,3.6941440105438232,0.38621053099632263,3.6874887943267822,0.12725207209587097,3.6999216079711914
1009,2,0,0,0.2698202133178711,3.599918842315674,0.30057695508003235,3.7057371139526367,0.39004701375961304,3.6767666339874268,0.12944434583187103,3.6646652221679688
1010,2,0,0,0.26551538705825806,3.5940701961517334,0.22222277522087097,3.6782584190368652,0.33965441584587097,3.7218425273895264,0.09831393510103226,3.7672815322875977
1011,2,0,0,0.26363199949264526,3.605269193649292,0.23885422945022583,3.7142200469970703,0.3595244586467743,3.739238977432251,0.11084980517625809,3.734987497329712
1012,2,0,0,0.27562978863716125,3.5753796100616455,0.20506815612316132,3.668691396713257,0.32300302386283875,3.7211389541625977,0.08994339406490326,3.7589187622070312
1013,2,0,0,0.2643594443798065,3.5923328399658203,0.21464942395687103,3.737239122390747,0.3326590359210968,3.77398681640625,0.08838886767625809,3.852085590362549
1014,2,0,0,0.2630540430545807,3.604250431060791,0.22619877755641937,3.723914623260498,0.34303250908851624,3.7697536945343018,0.10249920189380646,3.817227363586426
1015,2,0,0,0.27425462007522583,3.601555109024048,0.30265963077545166,3.6613383293151855,0.3913125693798065,3.671445608139038,0.124441958963871,3.7165279388427734
1016,2,0,0,0.26644212007522583,3.6032238006591797,0.2974230647087097,3.699601411819458,0.384765625,3.6642236709594727,0.12655451893806458,3.676063060760498
1017,2,0,0,0.2704280912876129,3.599565267562866,0.28356683254241943,3.6557552814483643,0.3800322711467743,3.664971113204956,0.11641023308038712,3.7104947566986084
1018,2,0,0,0.2741350531578064,3.592839002609253,0.30835458636283875,3.645908832550049,0.3870675265789032,3.6332671642303467,0.12998245656490326,3.642594337463379
1019,2,0,0,0.26251593232154846,3.60017466545105,0.2834024131298065,3.6780591011047363,0.38061025738716125,3.675638198852539,0.1286272257566452,3.6767895221710205
1020,2,0,0,0.2640804350376129,3.6002037525177,0.22825154662132263,3.7073192596435547,0.3474370241165161,3.7355589866638184,0.09470663219690323,3.790193557739258
1021,2,0,0,0.2607421875,3.6071619987487793,0.2497658133506775,3.722476005554199,0.36407843232154846,3.719536781311035,0.11573261767625809,3.7026002407073975
1022,2,0,0,0.2582210600376129,3.6092309951782227,0.2550671696662903,3.7581701278686523,0.3634207546710968,3.764162302017212,0.11194594949483871,3.798290967941284
1023,2,0,0,0.26042330265045166,3.6086323261260986,0.23722994327545166,3.7475478649139404,0.34811463952064514,3.7909772396087646,0.10736208409070969,3.817337989807129
1024,2,0,0,0.26201769709587097,3.6034457683563232,0.2244100719690323,3.754751443862915,0.34875237941741943,3.7949025630950928,0.09000318497419357,3.8179805278778076
1025,2,0,0,0.2702288031578064,3.596393585205078,0.28033819794654846,3.6585798263549805,0.38195550441741943,3.666475296020508,0.11740672588348389,3.6525208950042725
1026,2,0,0,0.2649972140789032,3.5931637287139893,0.2016003578901291,3.6833572387695312,0.32139867544174194,3.745915174484253,0.08910634368658066,3.7734286785125732
1027,2,0,0,0.26182836294174194,3.602778196334839,0.26709482073783875,3.713134527206421,0.3727778196334839,3.696383237838745,0.11627072095870972,3.7380871772766113
1028,2,0,0,0.2627849876880646,3.603314161300659,0.23314432799816132,3.745774030685425,0.3441685140132904,3.7552549839019775,0.10622607916593552,3.8257036209106445
1029,2,0,0,0.26112085580825806,3.608342170715332,0.2461385875940323,3.7484261989593506,0.3620356321334839,3.7516446113586426,0.11184629797935486,3.7777974605560303
1030,2,0,0,0.2720423936843872,3.6009156703948975,0.3313436508178711,3.6538150310516357,0.4051538407802582,3.6398987770080566,0.13251355290412903,3.617987632751465
1031,2,0,0,0.26405054330825806,3.594799518585205,0.25112104415893555,3.732743501663208,0.3538644015789032,3.7472050189971924,0.11260363459587097,3.840177059173584
1032,2,0,0,0.2640306055545807,3.6071481704711914,0.22710059583187103,3.7290916442871094,0.3510243892669678,3.753108501434326,0.09867267310619354,3.747727632522583
1033,2,0,0,0.2608119249343872,3.6086041927337646,0.27678072452545166,3.717556953430176,0.37356504797935486,3.6986501216888428,0.12631537020206451,3.7000632286071777
1034,2,0,0,0.26104113459587097,3.605894088745117,0.22543646395206451,3.719135284423828,0.3441585600376129,3.753887176513672,0.09869260340929031,3.7641355991363525
1035,2,0,0,0.26398077607154846,3.5983164310455322,0.22334881126880646,3.709773063659668,0.34015265107154846,3.7691519260406494,0.10052614659070969,3.8031325340270996
1036,2,0,0,0.26427972316741943,3.6024281978607178,0.2897849380970001,3.683464765548706,0.38535353541374207,3.6744589805603027,0.12131297588348389,3.671923875808716
1037,2,0,0,0.2613002061843872,3.607581377029419,0.2345942258834839,3.715826988220215,0.35251912474632263,3.75073504447937,0.109375,3.744351387023926
1038,2,0,0,0.2620774805545807,3.606882095336914,0.21401666104793549,3.74102520942688,0.33382493257522583,3.8105075359344482,0.0948660671710968,3.848109245300293
1039,2,0,0,0.2612404227256775,3.607682228088379,0.24060307443141937,3.717705488204956,0.3535754084587097,3.7529451847076416,0.11166693270206451,3.749598503112793
1040,2,0,0,0.2648676633834839,3.6016929149627686,0.22766859829425812,3.6917757987976074,0.3514927327632904,3.7445638179779053,0.10495056957006454,3.755981683731079
1041,2,0,0,0.26370176672935486,3.6021993160247803,0.2712053656578064,3.6866180896759033,0.3731365501880646,3.6905059814453125,0.12264827638864517,3.7278192043304443
1042,2,0,0,0.26830556988716125,3.603416919708252,0.3190220296382904,3.668712615966797,0.4007294178009033,3.639702558517456,0.1337890625,3.636228322982788
1043,2,0,0,0.2590680718421936,3.612239360809326,0.24725964665412903,3.755692481994629,0.3651646077632904,3.7738027572631836,0.10849808156490326,3.7933504581451416
1044,2,0,0,0.2703683078289032,3.593505859375,0.24189352989196777,3.6639270782470703,0.35677415132522583,3.691897392272949,0.11282286047935486,3.731849431991577
1045,2,0,0,0.2715541124343872,3.5877583026885986,0.23213288187980652,3.6794590950012207,0.345424085855484,3.7301812171936035,0.10650510340929031,3.800898313522339
1046,2,0,0,0.2737165093421936,3.5993518829345703,0.3572375178337097,3.625685214996338,0.40725645422935486,3.6131787300109863,0.13339045643806458,3.6231884956359863
1047,2,0,0,0.2613799273967743,3.6044986248016357,0.23820152878761292,3.711512804031372,0.3602020740509033,3.7042078971862793,0.11334104090929031,3.727800130844116
1048,2,0,0,0.2651965022087097,3.601247549057007,0.24717992544174194,3.722072124481201,0.36206552386283875,3.763664960861206,0.10953443497419357,3.78220534324646
1049,2,0,0,0.2638014256954193,3.6147773265838623,0.2818628251552582,3.688992500305176,0.3794443607330322,3.6666579246520996,0.11890146136283875,3.665940284729004
1050,2,0,0,0.26230666041374207,3.6039586067199707,0.2150978446006775,3.732783555984497,0.33107462525367737,3.7912051677703857,0.09548389166593552,3.799833059310913
1051,2,0,0,0.2694614827632904,3.5927295684814453,0.22501793503761292,3.7029361724853516,0.34036192297935486,3.767244338989258,0.09929049760103226,3.82778000831604
1052,2,0,0,0.26287466287612915,3.6092114448547363,0.24059808254241943,3.729379415512085,0.355000376701355,3.7813334465026855,0.10831871628761292,3.7878565788269043
1053,2,0,0,0.2579520046710968,3.6097891330718994,0.21361805498600006,3.749265193939209,0.33464205265045166,3.8044190406799316,0.09349091351032257,3.826262950897217
1054,2,0,0,0.27089643478393555,3.581239700317383,0.24900849163532257,3.6868159770965576,0.36197584867477417,3.684349536895752,0.10130341351032257,3.7820184230804443
1055,2,0,0,0.26399075984954834,3.6010870933532715,0.22496312856674194,3.705122709274292,0.34324178099632263,3.7709972858428955,0.10373485088348389,3.8240153789520264
1056,2,0,0,0.2627451419830322,3.6051504611968994,0.2363032102584839,3.69156813621521,0.3531568944454193,3.720457077026367,0.11288265138864517,3.7452330589294434
1057,2,0,0,0.26865431666374207,3.6106083393096924,0.3220065236091614,3.7023890018463135,0.40246331691741943,3.6776022911071777,0.13360969722270966,3.6587111949920654
1058,2,0,0,0.2728296220302582,3.599839210510254,0.3319365680217743,3.63077712059021,0.4051339328289032,3.63946270942688,0.13153699040412903,3.6066665649414062
1059,2,0,0,0.2640306055545807,3.6003546714782715,0.30777662992477417,3.6822509765625,0.39282724261283875,3.6663706302642822,0.13167649507522583,3.647646427154541
1060,2,0,0,0.2566366195678711,3.611050605773926,0.2351422905921936,3.7502224445343018,0.3535853624343872,3.770876169204712,0.11011239886283875,3.80651593208313
1061,2,0,0,0.2655751705169678,3.5981388092041016,0.2952257990837097,3.7213642597198486,0.3917311131954193,3.6879498958587646,0.1316964328289032,3.6723668575286865
1062,2,0,0,0.26837530732154846,3.586031436920166,0.20866549015045166,3.695845365524292,0.3261618912220001,3.731355667114258,0.08884725719690323,3.7985644340515137
1063,2,0,0,0.25713488459587097,3.6186249256134033,0.27044302225112915,3.766244888305664,0.38115832209587097,3.7448365688323975,0.12045599520206451,3.73477840423584
1064,2,0,0,0.2686144709587097,3.595822811126709,0.2829838991165161,3.656419515609741,0.37538862228393555,3.6443684101104736,0.12091437727212906,3.669358730316162
1065,2,0,0,0.2614496946334839,3.6075007915496826,0.24861985445022583,3.705244541168213,0.36388909816741943,3.7215542793273926,0.11401864886283875,3.6948084831237793
1066,2,0,0,0.25895845890045166,3.614691972732544,0.21564093232154846,3.750739336013794,0.34044164419174194,3.7911250591278076,0.09351083636283875,3.7674765586853027
1067,2,0,0,0.26516661047935486,3.602329969406128,0.2535076439380646,3.7099056243896484,0.36083984375,3.6992626190185547,0.114676333963871,3.7158498764038086
1068,2,0,0,0.2670101225376129,3.5949244499206543,0.22419582307338715,3.6939351558685303,0.3408103287220001,3.7416741847991943,0.09775589406490326,3.789602518081665
1069,2,0,0,0.27164381742477417,3.60711669921875,0.32710856199264526,3.68595027923584,0.4004504084587097,3.6630170345306396,0.1331712305545807,3.6477103233337402
1070,3,0,0,0.2629145383834839,3.596043109893799,0.19408182799816132,3.6591789722442627,0.31617704033851624,3.7110846042633057,0.08462212979793549,3.7041921615600586
1071,3,0,0,0.26104113459587097,3.5973048210144043,0.19564631581306458,3.6666412353515625,0.3192761540412903,3.710986375808716,0.08575812727212906,3.7148501873016357
1072,3,0,0,0.2637316584587097,3.6070806980133057,0.27461832761764526,3.710216522216797,0.37837809324264526,3.7215769290924072,0.11069037020206451,3.719841480255127
1073,3,0,0,0.26783719658851624,3.599858522415161,0.2299107164144516,3.7460992336273193,0.3477459251880646,3.7798378467559814,0.09594228118658066,3.8051517009735107
1074,3,0,0,0.2668008506298065,3.5913946628570557,0.19397719204425812,3.653806686401367,0.3185786008834839,3.7132937908172607,0.08645567297935486,3.675426483154297
1075,3,0,0,0.26587411761283875,3.5846107006073,0.20899932086467743,3.702004909515381,0.32942044734954834,3.7523140907287598,0.08739237487316132,3.815507411956787
1076,3,0,0,0.25888869166374207,3.60250186920166,0.20220324397087097,3.723923921585083,0.3312539756298065,3.7908971309661865,0.08260921388864517,3.779252052307129
1077,3,0,0,0.26273515820503235,3.5945537090301514,0.20069853961467743,3.6923115253448486,0.33039700984954834,3.7552781105041504,0.08432318270206451,3.6929802894592285
1078,3,0,0,0.2560885548591614,3.6113078594207764,0.22206830978393555,3.791294574737549,0.3477858006954193,3.810922384262085,0.08972416818141937,3.8682806491851807
1079,3,0,0,0.27542051672935486,3.5729222297668457,0.19195431470870972,3.591444730758667,0.3110251724720001,3.651319980621338,0.08972416818141937,3.6894712448120117
1080,3,0,0,0.27472296357154846,3.5764808654785156,0.1923130601644516,3.598839282989502,0.31211134791374207,3.6644742488861084,0.08962451666593552,3.6933510303497314
1081,3,0,0,0.2649972140789032,3.599067449569702,0.19788344204425812,3.684912919998169,0.32641103863716125,3.7740566730499268,0.08348612487316132,3.696108818054199
1082,3,0,0,0.27746331691741943,3.5697457790374756,0.19226323068141937,3.58764386177063,0.30863359570503235,3.6493606567382812,0.09060107916593552,3.715574026107788
1083,3,0,0,0.25714483857154846,3.6129820346832275,0.20642836391925812,3.756655693054199,0.33945509791374207,3.810391902923584,0.08181201666593552,3.776857376098633
1084,3,0,0,0.2563974857330322,3.604430675506592,0.2219686657190323,3.7757575511932373,0.33546915650367737,3.7956037521362305,0.09474649280309677,3.7923853397369385
1085,3,0,0,0.25960618257522583,3.5984184741973877,0.19595025479793549,3.68282151222229,0.3236009180545807,3.739607095718384,0.08308753371238708,3.6912927627563477
1086,3,0,0,0.2560885548591614,3.6113078594207764,0.22206830978393555,3.791294574737549,0.3477858006954193,3.810922384262085,0.08972416818141937,3.8682806491851807
1087,3,0,0,0.2657545506954193,3.5906858444213867,0.2042759507894516,3.693748712539673,0.33443278074264526,3.7450313568115234,0.08221061527729034,3.690666675567627
1088,3,0,0,0.25957629084587097,3.608468770980835,0.23732461035251617,3.743659734725952,0.3589365482330322,3.7723209857940674,0.10112404078245163,3.729404926300049
1089,3,0,0,0.27229154109954834,3.579249858856201,0.20823700726032257,3.6406660079956055,0.3309350907802582,3.6938271522521973,0.08892697840929031,3.7214252948760986
1090,3,0,0,0.27339762449264526,3.5770156383514404,0.19096778333187103,3.597161293029785,0.3075474202632904,3.6614716053009033,0.08996332436800003,3.7042534351348877
1091,3,0,0,0.2664620578289032,3.5897157192230225,0.20004583895206451,3.6762640476226807,0.3291712999343872,3.745103359222412,0.08264907449483871,3.6971304416656494
1092,3,0,0,0.2625657618045807,3.5955443382263184,0.20070351660251617,3.686112880706787,0.3225346803665161,3.7353787422180176,0.0864955335855484,3.7023041248321533
1093,3,0,0,0.2635921537876129,3.59855580329895,0.20270147919654846,3.7054789066314697,0.3324398100376129,3.7762057781219482,0.08382493257522583,3.7244412899017334
1094,3,0,0,0.26329320669174194,3.6010899543762207,0.23108159005641937,3.736734390258789,0.3580397069454193,3.7825772762298584,0.09378986060619354,3.7785804271698
1095,3,0,0,0.2728196680545807,3.581561803817749,0.19555164873600006,3.6439054012298584,0.31817004084587097,3.71928334236145,0.08561862260103226,3.6641061305999756
1096,3,0,0,0.26223692297935486,3.605715036392212,0.198346808552742,3.7074530124664307,0.3279157280921936,3.7679824829101562,0.08340641111135483,3.7084827423095703
1097,3,0,0,0.26494738459587097,3.591883659362793,0.19232800602912903,3.6456050872802734,0.3127889633178711,3.7042593955993652,0.08703363686800003,3.6954431533813477
1098,3,0,0,0.2765963673591614,3.572828531265259,0.19222337007522583,3.589839220046997,0.30910196900367737,3.6628518104553223,0.09060107916593552,3.71403431892395
1099,3,0,0,0.2650868892669678,3.5926620960235596,0.20401684939861298,3.6756293773651123,0.3311144709587097,3.7236969470977783,0.08555883169174194,3.7013742923736572
1100,3,1,0,0.26328322291374207,3.60622239112854,0.3020816743373871,3.761500358581543,0.40650907158851624,3.7447173595428467,0.1335100382566452,3.8392298221588135
1101,3,0,0,0.2615891993045807,3.6043198108673096,0.20363320410251617,3.700024366378784,0.3261618912220001,3.7468454837799072,0.08960458636283875,3.7522242069244385
1102,3,0,0,0.25902822613716125,3.6023313999176025,0.2084362953901291,3.7225701808929443,0.3460419178009033,3.783879518508911,0.084402896463871,3.731523036956787
1103,3,0,0,0.2661631107330322,3.5912766456604004,0.19372309744358063,3.64501953125,0.31771165132522583,3.7111313343048096,0.08545918017625809,3.697761297225952
1104,3,0,0,0.26494738459587097,3.591883659362793,0.19232800602912903,3.6456050872802734,0.3127889633178711,3.7042593955993652,0.08703363686800003,3.6954431533813477
1105,3,0,0,0.26043325662612915,3.6102545261383057,0.2114506959915161,3.7701642513275146,0.3349509537220001,3.787255048751831,0.08631616830825806,3.7448625564575195
1106,3,0,0,0.26727917790412903,3.594064474105835,0.19142617285251617,3.635502338409424,0.31198182702064514,3.685192346572876,0.08793048560619354,3.705575704574585
1107,3,0,0,0.2619479298591614,3.6029977798461914,0.2018793821334839,3.7108445167541504,0.333705335855484,3.786669969558716,0.08446268737316132,3.697734832763672
1108,3,0,0,0.2740055024623871,3.5795905590057373,0.1919044852256775,3.611278533935547,0.31009843945503235,3.6708762645721436,0.08918606489896774,3.7117319107055664
1109,3,0,0,0.27200254797935486,3.5853238105773926,0.19324477016925812,3.6350135803222656,0.31518056988716125,3.701223611831665,0.08729273080825806,3.6863014698028564
1110,3,0,0,0.2630639970302582,3.5942270755767822,0.234479621052742,3.7690656185150146,0.35494059324264526,3.7765798568725586,0.10196109116077423,3.8389365673065186
1111,3,0,0,0.2613799273967743,3.605642318725586,0.2097616344690323,3.702090263366699,0.33833903074264526,3.7506258487701416,0.09187659621238708,3.7277657985687256
1112,3,0,0,0.2687539756298065,3.5924360752105713,0.19892477989196777,3.662416934967041,0.3215581178665161,3.72422456741333,0.08805005997419357,3.6905839443206787
1113,3,0,0,0.2717135548591614,3.5834524631500244,0.19659298658370972,3.6340320110321045,0.32001355290412903,3.7003798484802246,0.08645567297935486,3.688566207885742
1114,3,0,0,0.2721121609210968,3.6021900177001953,0.30496153235435486,3.6905908584594727,0.395717054605484,3.7045655250549316,0.12410315126180649,3.668379545211792
1115,3,0,0,0.27060744166374207,3.583996057510376,0.20148077607154846,3.6717443466186523,0.32139867544174194,3.7272191047668457,0.08966437727212906,3.7201600074768066
1116,3,0,0,0.26686063408851624,3.5914487838745117,0.20359334349632263,3.675590991973877,0.3249262571334839,3.7379090785980225,0.0870535671710968,3.7332875728607178
1117,3,0,0,0.25972574949264526,3.6004834175109863,0.20539699494838715,3.6996893882751465,0.32940050959587097,3.7386252880096436,0.08842872828245163,3.753211736679077
1118,3,0,0,0.26920241117477417,3.589487314224243,0.19140625,3.630622625350952,0.3130580186843872,3.6923861503601074,0.0866350457072258,3.681159496307373
1119,3,0,0,0.27606824040412903,3.574465751647949,0.1916952282190323,3.5961427688598633,0.3088030219078064,3.671560764312744,0.0899832546710968,3.683499336242676
1120,3,0,0,0.2770846486091614,3.571171760559082,0.19086813926696777,3.5832202434539795,0.30806559324264526,3.648681879043579,0.09086017310619354,3.702127695083618
1121,3,0,0,0.25889867544174194,3.607213020324707,0.2338618040084839,3.7785542011260986,0.3508549928665161,3.8131444454193115,0.10134326666593552,3.895968437194824
1122,3,0,0,0.2640306055545807,3.594202995300293,0.1997518688440323,3.686363458633423,0.32845383882522583,3.7442128658294678,0.08308753371238708,3.7136003971099854
1123,3,0,0,0.25854989886283875,3.603792428970337,0.23973114788532257,3.7949912548065186,0.35306718945503235,3.822923421859741,0.10568797588348389,3.8793137073516846
1124,3,0,0,0.26907286047935486,3.583030939102173,0.20400190353393555,3.6798553466796875,0.3301379084587097,3.7264111042022705,0.08589763939380646,3.764733076095581
1125,3,0,0,0.2685546875,3.5874953269958496,0.19311024248600006,3.643789768218994,0.3177315890789032,3.7129998207092285,0.08671475946903229,3.705814838409424
1126,3,0,0,0.26334303617477417,3.599273443222046,0.19793327152729034,3.6804611682891846,0.32690927386283875,3.7555019855499268,0.08346619457006454,3.668576955795288
1127,3,0,0,0.26148954033851624,3.5991005897521973,0.19439572095870972,3.674133777618408,0.3198939561843872,3.7443461418151855,0.08364556729793549,3.699547290802002
1128,3,0,0,0.27159398794174194,3.580040454864502,0.21274115145206451,3.6322076320648193,0.3283940553665161,3.6649067401885986,0.09604193270206451,3.715916156768799
1129,3,0,0,0.25902822613716125,3.6029083728790283,0.20237264037132263,3.718984603881836,0.33465200662612915,3.7690796852111816,0.08199138939380646,3.719980478286743
1130,3,0,0,0.2757294178009033,3.574629545211792,0.19106744229793549,3.5905914306640625,0.3083147406578064,3.659308433532715,0.0904017835855484,3.712522029876709
1131,3,0,0,0.26393094658851624,3.592803716659546,0.1967424601316452,3.6660165786743164,0.3201929032802582,3.7237956523895264,0.08466199040412903,3.702683687210083
1132,3,0,0,0.27466318011283875,3.575409173965454,0.19910913705825806,3.614133358001709,0.3202626705169678,3.6730451583862305,0.08657525479793549,3.698664903640747
1133,3,0,0,0.2632334232330322,3.5957374572753906,0.19667768478393555,3.671429395675659,0.3226841390132904,3.7342967987060547,0.08288823068141937,3.689588785171509
1134,3,0,0,0.2668108344078064,3.5949952602386475,0.20281608402729034,3.6825037002563477,0.3249362111091614,3.74426531791687,0.08713328838348389,3.7385635375976562
1135,3,0,0,0.2613201439380646,3.596438407897949,0.1940220445394516,3.6685755252838135,0.3216278553009033,3.725306749343872,0.08595743030309677,3.706005096435547
1136,3,0,0,0.2701689898967743,3.586456298828125,0.1986009180545807,3.65775203704834,0.3264010548591614,3.7130515575408936,0.08394451439380646,3.683760643005371
1137,3,0,0,0.26956114172935486,3.610069751739502,0.31035754084587097,3.7061808109283447,0.40350964665412903,3.7219271659851074,0.12757094204425812,3.735353946685791
1138,3,0,0,0.2634725570678711,3.594402313232422,0.1972307413816452,3.6779587268829346,0.3252451419830322,3.759765863418579,0.08256935328245163,3.6705286502838135
1139,3,0,0,0.2790278196334839,3.6031570434570312,0.36925023794174194,3.6587235927581787,0.41780930757522583,3.658581495285034,0.13634008169174194,3.6773862838745117
1140,3,0,0,0.27557995915412903,3.575230598449707,0.19306042790412903,3.598792314529419,0.3106863796710968,3.674995183944702,0.08920599520206451,3.721403121948242
1141,3,0,0,0.26349249482154846,3.5952272415161133,0.19575592875480652,3.6675405502319336,0.3207509517669678,3.7200510501861572,0.08402423560619354,3.6869070529937744
1142,3,0,0,0.2580815553665161,3.6137301921844482,0.2068568617105484,3.762699604034424,0.3400629758834839,3.8181445598602295,0.0825892835855484,3.7046332359313965
1143,3,0,0,0.2803431749343872,3.563039779663086,0.19221839308738708,3.573291063308716,0.30619218945503235,3.6376802921295166,0.09299266338348389,3.7513930797576904
1144,3,0,0,0.2570551633834839,3.615172863006592,0.2764269709587097,3.7584714889526367,0.3798230290412903,3.758946418762207,0.12109375,3.75016450881958
1145,3,0,0,0.2687739133834839,3.5854218006134033,0.19382771849632263,3.6487069129943848,0.31748244166374207,3.7077527046203613,0.08613679558038712,3.717954635620117
1146,3,0,0,0.26201769709587097,3.5942800045013428,0.1965082883834839,3.6770284175872803,0.32657045125961304,3.75018310546875,0.08256935328245163,3.697803497314453
1147,3,0,0,0.27123525738716125,3.587053060531616,0.19313018023967743,3.6298437118530273,0.31545957922935486,3.7129859924316406,0.08753188699483871,3.677367925643921
1148,3,0,0,0.25958624482154846,3.6080613136291504,0.20868542790412903,3.752650260925293,0.33826929330825806,3.8335297107696533,0.08352598547935486,3.8179430961608887
1149,3,0,0,0.27654653787612915,3.5742650032043457,0.19187958538532257,3.5897796154022217,0.30889269709587097,3.6626555919647217,0.08940529078245163,3.693713665008545
1150,3,0,0,0.2698999345302582,3.603692054748535,0.2845035493373871,3.7064149379730225,0.38472574949264526,3.713686227798462,0.11840321868658066,3.734724760055542
1151,3,0,0,0.2663225531578064,3.588191270828247,0.19452527165412903,3.646329641342163,0.3177315890789032,3.707824945449829,0.08406409621238708,3.6953532695770264
1152,3,0,0,0.24458904564380646,3.6220004558563232,0.23481345176696777,3.8718807697296143,0.3498784303665161,3.895531415939331,0.09976880997419357,3.9524569511413574
1153,3,0,0,0.2645687162876129,3.5968737602233887,0.19327466189861298,3.6572916507720947,0.31664541363716125,3.708899736404419,0.08623644709587097,3.691472053527832
1154,3,0,0,0.2570651173591614,3.613133192062378,0.2759486436843872,3.790553331375122,0.38848254084587097,3.781864881515503,0.11449696868658066,3.8228025436401367
1155,3,0,0,0.26426976919174194,3.5946831703186035,0.19554169476032257,3.667736768722534,0.3189871609210968,3.720064878463745,0.08390465378761292,3.722327709197998
1156,3,0,0,0.26630261540412903,3.5967295169830322,0.19411171972751617,3.66272234916687,0.3223254084587097,3.72933292388916,0.08553890138864517,3.666356086730957
1157,3,0,0,0.27160394191741943,3.5847885608673096,0.19557656347751617,3.6281557083129883,0.3150111436843872,3.6914780139923096,0.08679448068141937,3.701262950897217
1158,3,0,0,0.27507174015045166,3.611360788345337,0.3539939224720001,3.7112936973571777,0.42691725492477417,3.7213947772979736,0.1427176296710968,3.730624198913574
1159,3,0,0,0.27103593945503235,3.6154637336730957,0.3197295367717743,3.702451229095459,0.40796396136283875,3.7357351779937744,0.13604113459587097,3.703047275543213
1160,3,0,0,0.27439412474632263,3.5764453411102295,0.1917649805545807,3.6072022914886475,0.30960020422935486,3.6610448360443115,0.09034199267625809,3.711669921875
1161,3,0,0,0.2599051296710968,3.600644111633301,0.20623405277729034,3.7281601428985596,0.34160754084587097,3.796592950820923,0.08123405277729034,3.7330715656280518
1162,3,0,0,0.2642996609210968,3.599027156829834,0.21648795902729034,3.73730731010437,0.3399733006954193,3.7854442596435547,0.09002311527729034,3.8169138431549072
1163,3,0,0,0.2737962305545807,3.581198215484619,0.1958705335855484,3.634004831314087,0.3177913725376129,3.7100436687469482,0.08749202638864517,3.7029612064361572
1164,3,0,0,0.26607340574264526,3.611887216567993,0.31048208475112915,3.71412992477417,0.40197503566741943,3.712189197540283,0.12356504797935486,3.726774215698242
1165,3,0,0,0.2642897069454193,3.5911319255828857,0.19332948327064514,3.650533437728882,0.3173329830169678,3.7165017127990723,0.0849609375,3.6950504779815674
1166,3,0,0,0.25847017765045166,3.598851203918457,0.21152044832706451,3.72411847114563,0.3366948366165161,3.7615129947662354,0.08679448068141937,3.7761194705963135
1167,3,0,0,0.26874402165412903,3.586080312728882,0.19323481619358063,3.634324312210083,0.3160475194454193,3.7027368545532227,0.08641581237316132,3.6967251300811768
1168,3,0,0,0.28283441066741943,3.5968360900878906,0.3558872640132904,3.622725009918213,0.40913981199264526,3.661917209625244,0.12523914873600006,3.6492679119110107
1169,3,0,0,0.2620774805545807,3.6066160202026367,0.26218709349632263,3.73896861076355,0.37977319955825806,3.7594919204711914,0.11276306957006454,3.8227288722991943
1170,3,0,0,0.2636618912220001,3.5999093055725098,0.20093271136283875,3.707796096801758,0.3265405595302582,3.77945613861084,0.08266900479793549,3.7851977348327637
1171,3,0,0,0.2578623294830322,3.5992965698242188,0.20015046000480652,3.704214572906494,0.3280652165412903,3.762772560119629,0.08438297361135483,3.753896951675415
1172,3,0,0,0.26831552386283875,3.5853450298309326,0.19190947711467743,3.6231274604797363,0.3134067952632904,3.687450408935547,0.08751195669174194,3.698474168777466
1173,3,0,0,0.2670200765132904,3.5888938903808594,0.19178491830825806,3.6381585597991943,0.31232061982154846,3.704294443130493,0.08601722121238708,3.710148334503174
1174,3,0,0,0.27675580978393555,3.575234889984131,0.1935437172651291,3.607825994491577,0.31288862228393555,3.6863276958465576,0.0885881707072258,3.698537588119507
1175,3,0,0,0.27152422070503235,3.5842998027801514,0.20649313926696777,3.6487791538238525,0.3240991532802582,3.6937954425811768,0.09341119229793549,3.759974479675293
1176,3,0,0,0.26121053099632263,3.6007707118988037,0.2194126695394516,3.7178735733032227,0.3399134874343872,3.7542436122894287,0.09321188926696777,3.795809268951416
1177,3,0,0,0.26152941584587097,3.602095603942871,0.2485451102256775,3.7404778003692627,0.3653041124343872,3.756376266479492,0.10397400707006454,3.7312631607055664
1178,3,0,0,0.2647879421710968,3.593594789505005,0.19664281606674194,3.6617934703826904,0.3235211968421936,3.727715253829956,0.0838448628783226,3.6762537956237793
1179,3,0,0,0.26531606912612915,3.5900094509124756,0.19551678001880646,3.6535255908966064,0.3188576102256775,3.7114508152008057,0.08713328838348389,3.7333028316497803
1180,3,0,0,0.2611706852912903,3.601778030395508,0.201764777302742,3.7069761753082275,0.33039700984954834,3.7740681171417236,0.08135363459587097,3.708721160888672
1181,3,0,0,0.2647381126880646,3.593217134475708,0.20281608402729034,3.6937551498413086,0.33173230290412903,3.7730250358581543,0.08358577638864517,3.7210299968719482
1182,3,0,0,0.2580217719078064,3.598849058151245,0.21499322354793549,3.7535574436187744,0.3458326756954193,3.794957399368286,0.08490114659070969,3.7859153747558594
1183,3,0,0,0.26481783390045166,3.5976293087005615,0.2216796875,3.7016541957855225,0.33947503566741943,3.7470571994781494,0.0969587042927742,3.77862286567688
1184,3,0,0,0.26706990599632263,3.594007730484009,0.1919194459915161,3.642150640487671,0.31414419412612915,3.6976051330566406,0.08751195669174194,3.685492992401123
1185,3,0,0,0.27123525738716125,3.587053060531616,0.19313018023967743,3.6298437118530273,0.31545957922935486,3.7129859924316406,0.08753188699483871,3.677367925643921
1186,3,0,0,0.2661730647087097,3.594137191772461,0.20460478961467743,3.645878553390503,0.3239297568798065,3.697665214538574,0.08767139166593552,3.6887929439544678
1187,3,0,0,0.2624860405921936,3.6046087741851807,0.189069464802742,3.662792921066284,0.3106166124343872,3.7252254486083984,0.08629623800516129,3.697690486907959
1188,3,0,0,0.25897839665412903,3.603832483291626,0.22697603702545166,3.762528896331787,0.34490591287612915,3.797844648361206,0.10122369229793549,3.843276262283325
1189,3,0,0,0.25841039419174194,3.613450527191162,0.19701649248600006,3.7330434322357178,0.32461732625961304,3.7890164852142334,0.08270886540412903,3.684096336364746
1190,3,0,0,0.26301419734954834,3.592634677886963,0.1968919336795807,3.6684465408325195,0.3238101899623871,3.7330358028411865,0.08143335580825806,3.699950933456421
1191,3,0,0,0.27816087007522583,3.569570779800415,0.19636878371238708,3.6103217601776123,0.3162866532802582,3.6758663654327393,0.08936543017625809,3.722569227218628
1192,3,0,0,0.26670119166374207,3.595613479614258,0.19764429330825806,3.6818089485168457,0.3272879421710968,3.767202615737915,0.08376514166593552,3.6742801666259766
1193,3,0,0,0.2617884874343872,3.5990254878997803,0.2084362953901291,3.6944589614868164,0.3352499008178711,3.7504384517669678,0.08846858888864517,3.7172787189483643
1194,3,0,0,0.263671875,3.5999999046325684,0.1911969780921936,3.6546618938446045,0.31400468945503235,3.7096569538116455,0.08655532449483871,3.6935298442840576
1195,3,0,0,0.2642298936843872,3.5985443592071533,0.19245754182338715,3.6599788665771484,0.31478196382522583,3.712843179702759,0.08655532449483871,3.7071149349212646
1196,3,0,0,0.26559510827064514,3.590477705001831,0.19504842162132263,3.651876211166382,0.3192063868045807,3.712515115737915,0.08476163446903229,3.672701597213745
1197,3,0,0,0.2684749662876129,3.595315933227539,0.21243223547935486,3.696875810623169,0.33457228541374207,3.749307632446289,0.08870774507522583,3.740957021713257
1198,3,0,0,0.2609414756298065,3.6029558181762695,0.2114357352256775,3.7268829345703125,0.33910635113716125,3.7927417755126953,0.08470185101032257,3.7352941036224365
1199,3,0,0,0.2707967758178711,3.5874884128570557,0.19132652878761292,3.6251561641693115,0.3116629421710968,3.690817356109619,0.08801019936800003,3.696784496307373
1200,3,0,0,0.2578822374343872,3.6049306392669678,0.20328442752361298,3.738725423812866,0.3395049273967743,3.812709093093872,0.0803571417927742,3.70957350730896
1201,3,0,0,0.27144449949264526,3.583003044128418,0.19358357787132263,3.62463641166687,0.3148019015789032,3.689120292663574,0.087332583963871,3.6640803813934326
1202,3,0,0,0.2605329155921936,3.5983171463012695,0.23274573683738708,3.7640912532806396,0.34573301672935486,3.807868480682373,0.09915098547935486,3.873567819595337
1203,3,0,0,0.25987523794174194,3.607001781463623,0.2591378390789032,3.752009153366089,0.3781987428665161,3.769425392150879,0.11447703838348389,3.8074512481689453
1204,3,0,0,0.27389588952064514,3.5748744010925293,0.19897958636283875,3.625150203704834,0.31935587525367737,3.688124179840088,0.08741230517625809,3.7243502140045166
1205,3,0,0,0.265625,3.597951650619507,0.2657894194126129,3.7560782432556152,0.37804925441741943,3.769914150238037,0.11597177386283875,3.821275234222412
1206,3,0,0,0.27390584349632263,3.579292058944702,0.19204400479793549,3.6088106632232666,0.30959025025367737,3.677642583847046,0.08854831010103226,3.707404851913452
1207,3,0,0,0.25902822613716125,3.6029083728790283,0.20237264037132263,3.718984603881836,0.33465200662612915,3.7690796852111816,0.08199138939380646,3.719980478286743
1208,3,0,0,0.26544561982154846,3.5958404541015625,0.19607481360435486,3.672401189804077,0.3208107352256775,3.750978469848633,0.08514030277729034,3.691479444503784
1209,3,0,0,0.2736567258834839,3.578544855117798,0.19194933772087097,3.615730047225952,0.3075474202632904,3.6864206790924072,0.08826929330825806,3.7295100688934326
1210,3,0,0,0.27097615599632263,3.5818777084350586,0.19249242544174194,3.6183154582977295,0.31358617544174194,3.680765151977539,0.08852837979793549,3.7113912105560303
1211,3,0,0,0.26732900738716125,3.588027000427246,0.21290557086467743,3.6619315147399902,0.33408400416374207,3.71079158782959,0.09002311527729034,3.724374532699585
1212,3,0,0,0.2655452787876129,3.591413974761963,0.19199417531490326,3.640681028366089,0.315638929605484,3.6981215476989746,0.08613679558038712,3.69435453414917
1213,3,0,0,0.2760881781578064,3.5736303329467773,0.19472955167293549,3.60980486869812,0.31533002853393555,3.67437744140625,0.08755181729793549,3.694741725921631
1214,3,0,0,0.2535574734210968,3.613008499145508,0.2419782280921936,3.786311388015747,0.3623644709587097,3.805466890335083,0.1099330335855484,3.838469982147217
1215,3,0,0,0.25908800959587097,3.611461639404297,0.1965780407190323,3.717747211456299,0.3256736099720001,3.787222385406494,0.08235012739896774,3.7071635723114014
1216,3,0,0,0.2667311131954193,3.5924458503723145,0.2018345445394516,3.660865545272827,0.3214285671710968,3.695777416229248,0.09442761540412903,3.7370197772979736
1217,3,0,0,0.2616390287876129,3.6011197566986084,0.19640864431858063,3.6869609355926514,0.326381117105484,3.758861780166626,0.08193159848451614,3.6759912967681885
1218,3,0,0,0.26285475492477417,3.6029646396636963,0.19059410691261292,3.6694116592407227,0.3160674273967743,3.727315664291382,0.08631616830825806,3.6961441040039062
1219,3,0,0,0.2605428695678711,3.604719638824463,0.19532744586467743,3.6861464977264404,0.31979432702064514,3.7509660720825195,0.0856584832072258,3.724057674407959
1220,3,0,0,0.2645188868045807,3.5967602729797363,0.19905433058738708,3.6829617023468018,0.3248564898967743,3.747637987136841,0.08237005770206451,3.7241714000701904
1221,3,0,0,0.2607322037220001,3.6041276454925537,0.24735431373119354,3.747849702835083,0.36640027165412903,3.773749589920044,0.10307716578245163,3.7757153511047363
1222,3,0,0,0.26466837525367737,3.594615936279297,0.19178491830825806,3.6424190998077393,0.31539979577064514,3.6941328048706055,0.08629623800516129,3.6762125492095947
1223,3,0,0,0.267578125,3.5905332565307617,0.19435586035251617,3.6496615409851074,0.3150011897087097,3.7102906703948975,0.08801019936800003,3.709012746810913
1224,3,0,0,0.27424466609954834,3.5769412517547607,0.21174465119838715,3.660501718521118,0.33194154500961304,3.703671455383301,0.09203603118658066,3.774794340133667
1225,3,0,0,0.2563974857330322,3.604430675506592,0.2219686657190323,3.7757575511932373,0.33546915650367737,3.7956037521362305,0.09474649280309677,3.7923853397369385
1226,3,0,0,0.2606923580169678,3.6085777282714844,0.24653717875480652,3.7776925563812256,0.3632314205169678,3.7790732383728027,0.09494578838348389,3.761964797973633
1227,3,0,0,0.26232659816741943,3.600303888320923,0.19823719561100006,3.688441038131714,0.32695910334587097,3.7591052055358887,0.0818917378783226,3.683377981185913
1228,3,0,0,0.26806640625,3.5915021896362305,0.23518215119838715,3.7370026111602783,0.3561064898967743,3.763347864151001,0.09741708636283875,3.822626829147339
1229,3,0,0,0.26768773794174194,3.5948703289031982,0.22738459706306458,3.652299642562866,0.3440389633178711,3.6932077407836914,0.09576291590929031,3.6819980144500732
1230,3,0,0,0.26288464665412903,3.600507974624634,0.2305135875940323,3.709456443786621,0.3513532280921936,3.744434118270874,0.09614157676696777,3.770315170288086
1231,3,0,0,0.2656150162220001,3.593172073364258,0.19376793503761292,3.6548213958740234,0.31888750195503235,3.725414752960205,0.08462212979793549,3.686292886734009
1232,3,0,0,0.2760981321334839,3.5741147994995117,0.19222337007522583,3.590461492538452,0.30918166041374207,3.6606504917144775,0.08972416818141937,3.6894712448120117
1233,3,0,0,0.2632533311843872,3.5997426509857178,0.19658800959587097,3.677412748336792,0.3234713673591614,3.7344813346862793,0.0855189710855484,3.6881844997406006
1234,3,0,0,0.2651466727256775,3.5915138721466064,0.19770905375480652,3.67279052734375,0.32572343945503235,3.7348792552948,0.08450254797935486,3.6898584365844727
1235,3,0,0,0.2560885548591614,3.6113078594207764,0.22206830978393555,3.791294574737549,0.3477858006954193,3.810922384262085,0.08972416818141937,3.8682806491851807
1236,3,0,0,0.2610809803009033,3.601297616958618,0.20489874482154846,3.7273612022399902,0.3342036008834839,3.7748823165893555,0.08260921388864517,3.773944616317749
1237,3,0,0,0.26190808415412903,3.5945286750793457,0.20311503112316132,3.6977384090423584,0.3286232352256775,3.7507429122924805,0.08531967550516129,3.748189687728882
1238,3,0,0,0.2624163031578064,3.616427421569824,0.31202664971351624,3.74029541015625,0.40510401129722595,3.73126220703125,0.13135762512683868,3.7385828495025635
1239,3,0,0,0.26630261540412903,3.592987537384033,0.19065888226032257,3.633042335510254,0.30961015820503235,3.6811394691467285,0.08904655277729034,3.6965084075927734
1240,3,0,0,0.26273515820503235,3.604680299758911,0.19585059583187103,3.6894779205322266,0.32682955265045166,3.7582168579101562,0.08260921388864517,3.6566948890686035
1241,3,0,0,0.26077207922935486,3.6004815101623535,0.1949986070394516,3.6790759563446045,0.32293325662612915,3.7410128116607666,0.08380500227212906,3.67800235748291
1242,3,0,0,0.2679468095302582,3.592175245285034,0.1998913735151291,3.6575686931610107,0.32871291041374207,3.740715980529785,0.08270886540412903,3.682650566101074
1243,3,0,0,0.2547632157802582,3.61624813079834,0.22558094561100006,3.774975061416626,0.3452945649623871,3.824305295944214,0.09813456237316132,3.8759138584136963
1244,3,0,0,0.26351243257522583,3.601799964904785,0.19671256840229034,3.6821255683898926,0.3196249008178711,3.74690580368042,0.08647560328245163,3.7236690521240234
1245,3,0,0,0.26727917790412903,3.594064474105835,0.19142617285251617,3.635502338409424,0.31198182702064514,3.685192346572876,0.08793048560619354,3.705575704574585
1246,3,0,0,0.2783103287220001,3.5699093341827393,0.1923479288816452,3.5873591899871826,0.3074079155921936,3.663684368133545,0.09119898080825806,3.6986451148986816
1247,3,0,0,0.26454877853393555,3.587125301361084,0.2186902016401291,3.724961280822754,0.33359572291374207,3.7827463150024414,0.09568319469690323,3.8477401733398438
1248,3,0,0,0.2606923580169678,3.6078896522521973,0.20186443626880646,3.736344575881958,0.33612683415412903,3.8052237033843994,0.07967952638864517,3.6800899505615234
1249,3,0,0,0.2650868892669678,3.5916097164154053,0.21739476919174194,3.691098213195801,0.3371831178665161,3.7383928298950195,0.09117905050516129,3.760218620300293
1250,3,0,0,0.26063257455825806,3.5978970527648926,0.19850625097751617,3.6952385902404785,0.3297193944454193,3.7618775367736816,0.08260921388864517,3.6516284942626953
1251,3,0,0,0.2593670189380646,3.599392890930176,0.19970203936100006,3.701554298400879,0.3292410671710968,3.7719430923461914,0.08055643737316132,3.71598219871521
1252,3,0,0,0.25848013162612915,3.5985195636749268,0.19677235186100006,3.687185049057007,0.3264409303665161,3.759577512741089,0.08346619457006454,3.679560661315918
1253,3,0,0,0.27753308415412903,3.571254253387451,0.19152583181858063,3.5854837894439697,0.30810546875,3.6564247608184814,0.09066087007522583,3.6915805339813232
1254,3,0,0,0.2535574734210968,3.613008499145508,0.2419782280921936,3.786311388015747,0.3623644709587097,3.805466890335083,0.1099330335855484,3.838469982147217
1255,3,0,0,0.2634626030921936,3.5868980884552,0.19472455978393555,3.6502737998962402,0.3159279227256775,3.685370922088623,0.0880301296710968,3.7165496349334717
1256,3,0,0,0.2620874345302582,3.600205421447754,0.2209223508834839,3.731213331222534,0.3426937162876129,3.7759814262390137,0.09420838207006454,3.821028232574463
1257,3,0,0,0.27425462007522583,3.5785553455352783,0.1908930540084839,3.593923807144165,0.30842435359954834,3.6528706550598145,0.09034199267625809,3.7006397247314453
1258,3,0,0,0.26272520422935486,3.5959415435791016,0.20543187856674194,3.6884384155273438,0.32975924015045166,3.740934371948242,0.08557876199483871,3.7650208473205566
1259,3,0,0,0.2680165767669678,3.592095375061035,0.1938127726316452,3.6465203762054443,0.3162766993045807,3.7194619178771973,0.08641581237316132,3.6812729835510254
1260,3,1,0,0.2680066227912903,3.6147983074188232,0.3208805024623871,3.7171826362609863,0.4032007157802582,3.7063417434692383,0.12788982689380646,3.717780828475952
1261,3,0,0,0.2765066921710968,3.570852041244507,0.19151586294174194,3.5863468647003174,0.30948060750961304,3.6542809009552,0.0895647332072258,3.695371627807617
1262,3,0,0,0.26594388484954834,3.5950989723205566,0.1952875852584839,3.658017635345459,0.3187181055545807,3.7050399780273438,0.08611686527729034,3.7167322635650635
1263,3,0,0,0.2604830861091614,3.608492612838745,0.19294582307338715,3.682737350463867,0.31908681988716125,3.7399206161499023,0.08448261767625809,3.7032318115234375
1264,3,0,0,0.2667510211467743,3.590421676635742,0.19641362130641937,3.6557672023773193,0.3168845474720001,3.7075157165527344,0.08715321868658066,3.6869425773620605
1265,3,0,0,0.2730986773967743,3.5778660774230957,0.18965740501880646,3.5927493572235107,0.3048270046710968,3.6526641845703125,0.09091995656490326,3.725339651107788
1266,3,0,0,0.26000478863716125,3.611720085144043,0.19623425602912903,3.7091786861419678,0.32396963238716125,3.766571283340454,0.08296795189380646,3.7028584480285645
1267,3,0,0,0.26817601919174194,3.5873959064483643,0.1953822523355484,3.6416585445404053,0.3149314224720001,3.717883825302124,0.08679448068141937,3.687485694885254
1268,3,0,0,0.26874402165412903,3.6044347286224365,0.29080137610435486,3.7125332355499268,0.393574595451355,3.716933250427246,0.12117346376180649,3.754934310913086
1269,3,0,0,0.26902303099632263,3.595844030380249,0.26380640268325806,3.7235727310180664,0.38062021136283875,3.7341082096099854,0.11019212007522583,3.781153917312622
1270,3,0,0,0.2668207883834839,3.5922093391418457,0.19146105647087097,3.6375465393066406,0.31201171875,3.6929194927215576,0.08743223547935486,3.6849782466888428
1271,3,0,0,0.2613201439380646,3.6065053939819336,0.19072364270687103,3.6914234161376953,0.31588807702064514,3.7622082233428955,0.08420360088348389,3.7216567993164062
1272,3,0,0,0.2630540430545807,3.597886085510254,0.19701151549816132,3.6764371395111084,0.32279375195503235,3.7235822677612305,0.0841238796710968,3.7131011486053467
1273,3,0,0,0.26105108857154846,3.6004886627197266,0.1990094780921936,3.683891534805298,0.3254244923591614,3.742168664932251,0.08577805757522583,3.730250835418701
1274,3,0,0,0.27528101205825806,3.572561025619507,0.2072056382894516,3.6225743293762207,0.32808512449264526,3.675525426864624,0.09024234861135483,3.7025177478790283
1275,3,0,0,0.2666015625,3.588995933532715,0.19817741215229034,3.6547579765319824,0.32321229577064514,3.707044839859009,0.08589763939380646,3.6895592212677
1276,3,0,0,0.2601044178009033,3.598881244659424,0.20391222834587097,3.706543445587158,0.33563855290412903,3.757615327835083,0.08290816098451614,3.6973557472229004
1277,3,0,0,0.26125040650367737,3.605484962463379,0.19849130511283875,3.7056076526641846,0.32669004797935486,3.7731211185455322,0.083426333963871,3.714524507522583
1278,3,0,0,0.2663424611091614,3.5987353324890137,0.20162029564380646,3.6968812942504883,0.32608217000961304,3.751917600631714,0.0857979878783226,3.720325231552124
1279,3,0,0,0.2791473865509033,3.565737247467041,0.19059908390045166,3.571286678314209,0.3055145740509033,3.6374311447143555,0.0916573628783226,3.7205915451049805
1280,3,0,0,0.2619280219078064,3.6051740646362305,0.19798807799816132,3.706369400024414,0.3276965022087097,3.7723581790924072,0.08432318270206451,3.7123610973358154
1281,3,0,0,0.2645587623119354,3.5935440063476562,0.20846620202064514,3.7037763595581055,0.3414480984210968,3.7692689895629883,0.0828683003783226,3.7294371128082275
1282,3,0,0,0.26806640625,3.588230848312378,0.19507333636283875,3.642061710357666,0.32328203320503235,3.7000184059143066,0.08462212979793549,3.677814483642578
1283,3,0,0,0.2670997977256775,3.594799280166626,0.19752471148967743,3.6661789417266846,0.3247668147087097,3.7325334548950195,0.08488121628761292,3.704860210418701
1284,3,0,0,0.26369181275367737,3.599085569381714,0.1970912367105484,3.6858205795288086,0.3242685794830322,3.742724657058716,0.08543924987316132,3.7394447326660156
1285,3,0,0,0.2645986080169678,3.5936052799224854,0.1980329155921936,3.670759439468384,0.3257433772087097,3.740921974182129,0.08238998800516129,3.6855344772338867
1286,3,0,0,0.2637316584587097,3.6070806980133057,0.27461832761764526,3.710216522216797,0.37837809324264526,3.7215769290924072,0.11069037020206451,3.719841480255127
1287,3,0,0,0.2761080861091614,3.5742385387420654,0.1919393688440323,3.5959296226501465,0.31094545125961304,3.674753189086914,0.08860810101032257,3.667116403579712
1288,3,0,0,0.2596958577632904,3.603468894958496,0.1989995241165161,3.708362579345703,0.32907167077064514,3.766526460647583,0.08450254797935486,3.70070743560791
1289,3,0,0,0.26099130511283875,3.5988316535949707,0.23040397465229034,3.7394633293151855,0.35691365599632263,3.756791353225708,0.09426817297935486,3.782452344894409
1290,3,0,0,0.2723911702632904,3.5810866355895996,0.1902303844690323,3.6065478324890137,0.3057138919830322,3.6631898880004883,0.09064093977212906,3.7249341011047363
1291,3,0,0,0.2601941227912903,3.601355791091919,0.2183065563440323,3.7607667446136475,0.3468291461467743,3.8041372299194336,0.086356021463871,3.753288745880127
1292,3,0,0,0.25750356912612915,3.609689950942993,0.20840142667293549,3.7397851943969727,0.33756178617477417,3.786450147628784,0.08587770909070969,3.767695426940918
1293,3,0,0,0.2652861773967743,3.598227024078369,0.22470404207706451,3.691877841949463,0.34189650416374207,3.7247157096862793,0.09434789419174194,3.6784958839416504
1294,3,0,0,0.27508169412612915,3.576707124710083,0.19173011183738708,3.601205825805664,0.3082449734210968,3.6683478355407715,0.08974409848451614,3.7166333198547363
1295,3,0,0,0.26041334867477417,3.5995867252349854,0.2025320827960968,3.7197470664978027,0.33541932702064514,3.77890682220459,0.08117426186800003,3.71077823638916
1296,3,0,0,0.2712053656578064,3.5984346866607666,0.2686692774295807,3.740963935852051,0.38525390625,3.7552313804626465,0.1123046875,3.8212954998016357
1297,3,0,0,0.2631238102912903,3.5994319915771484,0.227643683552742,3.7233469486236572,0.3494598865509033,3.753685474395752,0.09646045416593552,3.782231330871582
1298,3,0,0,0.26530611515045166,3.592698335647583,0.19694176316261292,3.6681761741638184,0.3267498314380646,3.734583616256714,0.08316724747419357,3.6755332946777344
1299,3,0,0,0.26537588238716125,3.590514898300171,0.19486407935619354,3.650984287261963,0.31670519709587097,3.706594944000244,0.0856584832072258,3.7168450355529785
1300,3,0,0,0.25588926672935486,3.615210771560669,0.20246730744838715,3.759671211242676,0.3335658311843872,3.8254168033599854,0.07973931729793549,3.7410647869110107
1301,3,0,0,0.26155930757522583,3.599740982055664,0.1955915093421936,3.6821377277374268,0.32321229577064514,3.743610382080078,0.08316724747419357,3.6817636489868164
1302,3,0,0,0.26349249482154846,3.593714475631714,0.19477936625480652,3.663008689880371,0.31524035334587097,3.721510887145996,0.08703363686800003,3.707350492477417
1303,3,0,0,0.2621372640132904,3.6036264896392822,0.19583067297935486,3.683136463165283,0.319545179605484,3.745408058166504,0.08597736060619354,3.7183587551116943
1304,3,0,0,0.27223172783851624,3.577802896499634,0.19696667790412903,3.632854461669922,0.31818997859954834,3.691647529602051,0.08834900707006454,3.7006542682647705
1305,3,0,0,0.2774733006954193,3.569509744644165,0.19048947095870972,3.5736031532287598,0.3044682741165161,3.635301351547241,0.09147799760103226,3.7217864990234375
1306,3,0,0,0.2653559446334839,3.597957134246826,0.19417151808738708,3.6638011932373047,0.3139548599720001,3.7212910652160645,0.08791055530309677,3.7125368118286133
1307,3,0,0,0.27604830265045166,3.5889105796813965,0.27463826537132263,3.6489179134368896,0.37183114886283875,3.6552767753601074,0.10680405050516129,3.6943459510803223
1308,3,0,0,0.2781010866165161,3.5690484046936035,0.19174006581306458,3.5850634574890137,0.3078364133834839,3.6557037830352783,0.09078045189380646,3.719209671020508
1309,3,0,0,0.26686063408851624,3.5915982723236084,0.1972058266401291,3.6573522090911865,0.31874799728393555,3.706787109375,0.08637595176696777,3.704430103302002
1310,3,0,0,0.2625558078289032,3.5949597358703613,0.19258210062980652,3.653730630874634,0.3164162039756775,3.7027368545532227,0.08679448068141937,3.704477548599243
1311,3,0,0,0.2746332883834839,3.600761890411377,0.3397241532802582,3.645136594772339,0.4006795883178711,3.645551919937134,0.12800940871238708,3.671804428100586
1312,3,0,0,0.26921236515045166,3.588984251022339,0.1901506632566452,3.6145057678222656,0.30919164419174194,3.678645133972168,0.08870774507522583,3.7038867473602295
1313,3,0,0,0.2535574734210968,3.613008499145508,0.2419782280921936,3.786311388015747,0.3623644709587097,3.805466890335083,0.1099330335855484,3.838469982147217
1314,3,0,0,0.2751913070678711,3.5767672061920166,0.19326968491077423,3.608868360519409,0.3138851225376129,3.6824660301208496,0.08828922361135483,3.6794581413269043
1315,3,0,0,0.25978556275367737,3.606520891189575,0.22233736515045166,3.7481625080108643,0.3506656587123871,3.794543981552124,0.0927734375,3.7937700748443604
1316,3,0,0,0.26857462525367737,3.587859869003296,0.21230268478393555,3.7011969089508057,0.3337651491165161,3.750671863555908,0.09020248800516129,3.7976138591766357
1317,3,0,0,0.26725924015045166,3.593773365020752,0.19362343847751617,3.6438074111938477,0.31651586294174194,3.703869342803955,0.08575812727212906,3.68998384475708
1318,3,0,0,0.2790377736091614,3.5676379203796387,0.19150091707706451,3.581110954284668,0.30757731199264526,3.658005475997925,0.09093988686800003,3.697348117828369
1319,3,0,0,0.26921236515045166,3.588984251022339,0.1901506632566452,3.6145057678222656,0.30919164419174194,3.678645133972168,0.08870774507522583,3.7038867473602295
1320,3,0,0,0.26370176672935486,3.5930166244506836,0.1952875852584839,3.6665902137756348,0.31917649507522583,3.734436511993408,0.08428332209587097,3.6930716037750244
1321,3,0,0,0.2733677327632904,3.5784637928009033,0.19375298917293549,3.6084039211273193,0.31185227632522583,3.6613516807556152,0.08954480290412903,3.726240873336792
1322,3,0,0,0.2771245241165161,3.5718445777893066,0.19135642051696777,3.5830860137939453,0.30855387449264526,3.656665802001953,0.09046157449483871,3.700815200805664
1323,3,0,0,0.2741948366165161,3.5767552852630615,0.20771881937980652,3.614392042160034,0.3259626030921936,3.66521954536438,0.0899832546710968,3.705204963684082
1324,3,0,0,0.2555105984210968,3.6115987300872803,0.2448979616165161,3.8095703125,0.36962890625,3.8128488063812256,0.10237962007522583,3.836869716644287
1325,3,0,0,0.26302415132522583,3.598257303237915,0.22790776193141937,3.717196464538574,0.350605845451355,3.742098569869995,0.09255420416593552,3.758613348007202
1326,3,0,0,0.27587890625,3.575401782989502,0.19130659103393555,3.592613697052002,0.30763712525367737,3.662153482437134,0.09028220176696777,3.705960273742676
1327,3,0,0,0.26279494166374207,3.6117851734161377,0.26291951537132263,3.709564208984375,0.3705556392669678,3.7333943843841553,0.1128627210855484,3.706162929534912
1328,3,0,0,0.27718430757522583,3.574561357498169,0.19384266436100006,3.6001029014587402,0.3113938868045807,3.6759896278381348,0.08904655277729034,3.6931512355804443
1329,3,0,0,0.25830078125,3.6055707931518555,0.20767895877361298,3.7395999431610107,0.33926576375961304,3.783616304397583,0.08462212979793549,3.765897274017334
1330,3,0,0,0.2790278196334839,3.6031570434570312,0.36925023794174194,3.6587235927581787,0.41780930757522583,3.658581495285034,0.13634008169174194,3.6773862838745117
1331,3,0,0,0.2744738459587097,3.5788919925689697,0.19389747083187103,3.6101346015930176,0.3145228624343872,3.673415184020996,0.08806999027729034,3.681828498840332
1332,3,0,0,0.2705675959587097,3.5875442028045654,0.20530232787132263,3.6716902256011963,0.3295798599720001,3.730029582977295,0.08653539419174194,3.731229782104492
1333,3,0,0,0.2670200765132904,3.594118595123291,0.21750935912132263,3.692681312561035,0.3410893678665161,3.7335593700408936,0.09215561300516129,3.7595155239105225
1334,3,0,0,0.26042330265045166,3.599601984024048,0.19672751426696777,3.692077875137329,0.32062140107154846,3.7557108402252197,0.08254942297935486,3.6953163146972656
1335,3,0,0,0.2717036008834839,3.5880584716796875,0.25229692459106445,3.6592609882354736,0.36365991830825806,3.68827748298645,0.10682398080825806,3.713432788848877
1336,3,0,0,0.25693556666374207,3.6065001487731934,0.2186453640460968,3.7553038597106934,0.34228515625,3.795015811920166,0.09470663219690323,3.839646577835083
1337,3,0,0,0.2663424611091614,3.591851234436035,0.19116708636283875,3.6418368816375732,0.31199178099632263,3.6988086700439453,0.08693399280309677,3.6976158618927
1338,3,0,0,0.2785993218421936,3.5676729679107666,0.194196417927742,3.589439630508423,0.3118622303009033,3.6567611694335938,0.09046157449483871,3.7290151119232178
1339,3,0,0,0.26836535334587097,3.5866103172302246,0.19633887708187103,3.654215097427368,0.3204520046710968,3.7192611694335938,0.08549904078245163,3.723776340484619
1340,3,0,0,0.2567462623119354,3.6107897758483887,0.2089494913816452,3.7600209712982178,0.32759684324264526,3.791482925415039,0.09076052159070969,3.778656244277954
1341,3,0,0,0.2740752398967743,3.577552318572998,0.1909877210855484,3.5954816341400146,0.30771681666374207,3.664734363555908,0.08896683156490326,3.695340394973755
1342,3,0,0,0.2757294178009033,3.574810266494751,0.19223831593990326,3.6006011962890625,0.3102778196334839,3.668015480041504,0.0897042378783226,3.700733184814453
1343,3,0,0,0.25777262449264526,3.6027910709381104,0.19878527522087097,3.7150661945343018,0.3247967064380646,3.7879977226257324,0.08238998800516129,3.7839865684509277
1344,3,0,0,0.2677275836467743,3.591283082962036,0.21287567913532257,3.646904706954956,0.33152303099632263,3.6988487243652344,0.0899832546710968,3.7136213779449463
1345,3,0,0,0.26092153787612915,3.611633062362671,0.24802693724632263,3.69903564453125,0.3567342758178711,3.705634117126465,0.11102917790412903,3.6961047649383545
1346,3,0,0,0.2659040093421936,3.5961999893188477,0.19355368614196777,3.657322406768799,0.3187679350376129,3.716183662414551,0.08518016338348389,3.67080020904541
1347,3,0,0,0.2631337642669678,3.6027040481567383,0.205182746052742,3.6822807788848877,0.32648077607154846,3.73842453956604,0.0906808003783226,3.6907691955566406
1348,3,0,0,0.26581433415412903,3.6086971759796143,0.28386080265045166,3.723478317260742,0.37979310750961304,3.701519250869751,0.11240433156490326,3.725886583328247
1349,3,0,0,0.2753009498119354,3.5753066539764404,0.1917201429605484,3.590737819671631,0.30912187695503235,3.6592631340026855,0.0897042378783226,3.693401575088501
1350,3,0,0,0.27367666363716125,3.58050537109375,0.1936383843421936,3.620265483856201,0.31686463952064514,3.6975910663604736,0.08737244457006454,3.6770071983337402
1351,3,0,0,0.26363199949264526,3.6016783714294434,0.20029495656490326,3.689800977706909,0.32705873250961304,3.7623472213745117,0.0842633917927742,3.692762613296509
1352,3,0,0,0.2638711631298065,3.597280979156494,0.19620934128761292,3.672625780105591,0.31762197613716125,3.725105047225952,0.08787069469690323,3.739623546600342
1353,3,0,0,0.2728196680545807,3.5826940536499023,0.19244758784770966,3.6242847442626953,0.3108258843421936,3.6928699016571045,0.0885881707072258,3.694038152694702
1354,3,0,0,0.28011399507522583,3.5979366302490234,0.35623106360435486,3.6328797340393066,0.40283203125,3.6502411365509033,0.12984295189380646,3.6698389053344727
1355,3,0,0,0.2576032280921936,3.6063594818115234,0.2227708399295807,3.7654716968536377,0.3481943607330322,3.790738821029663,0.09189651906490326,3.8139231204986572
1356,3,0,0,0.2592175602912903,3.6032752990722656,0.21629862487316132,3.7224268913269043,0.33965441584587097,3.7620654106140137,0.09197624027729034,3.797833204269409
1357,3,0,0,0.2668706178665161,3.6048316955566406,0.25459879636764526,3.703594923019409,0.36728712916374207,3.7302892208099365,0.10598692297935486,3.707596778869629
1358,3,0,0,0.27159398794174194,3.6082186698913574,0.3244031071662903,3.6863720417022705,0.4013572037220001,3.693199634552002,0.12368462979793549,3.692877769470215
1359,3,0,0,0.2779615819454193,3.5700509548187256,0.19133150577545166,3.584594249725342,0.3069993555545807,3.6541483402252197,0.09052136540412903,3.7016732692718506
1360,3,0,0,0.26804646849632263,3.5933306217193604,0.19565130770206451,3.6494855880737305,0.3179408311843872,3.7225914001464844,0.0852399542927742,3.7124152183532715
1361,3,0,0,0.26195791363716125,3.5970404148101807,0.19335438311100006,3.6601643562316895,0.31935587525367737,3.71358585357666,0.08599729090929031,3.6971030235290527
1362,3,0,0,0.2772939205169678,3.569518804550171,0.19116708636283875,3.5814740657806396,0.30599290132522583,3.638746976852417,0.0913783460855484,3.728680372238159
1363,3,0,0,0.2646484375,3.595715045928955,0.20356345176696777,3.6995790004730225,0.3362962305545807,3.776283025741577,0.08141342550516129,3.6832313537597656
1364,3,0,0,0.2624959945678711,3.5969555377960205,0.19173011183738708,3.659104585647583,0.31436342000961304,3.7244746685028076,0.08541931957006454,3.72025203704834
1365,3,0,0,0.26316365599632263,3.5957438945770264,0.20263172686100006,3.6960830688476562,0.3323102593421936,3.755847454071045,0.08256935328245163,3.7202510833740234
1366,3,0,0,0.27783203125,3.5694918632507324,0.19094786047935486,3.5802109241485596,0.30613240599632263,3.6482861042022705,0.09080038219690323,3.7212467193603516
1367,3,0,0,0.2628946006298065,3.5964672565460205,0.1950085610151291,3.6727049350738525,0.32174745202064514,3.7308597564697266,0.08444275707006454,3.679490089416504
1368,3,0,0,0.26369181275367737,3.602562189102173,0.25972574949264526,3.6999692916870117,0.37231943011283875,3.7298665046691895,0.10780054330825806,3.7561471462249756
1369,3,0,0,0.26386120915412903,3.5929226875305176,0.19561642408370972,3.6653168201446533,0.32321229577064514,3.736889123916626,0.08506058156490326,3.6804122924804688
1370,3,0,0,0.25861966609954834,3.602936029434204,0.23012495040893555,3.768766164779663,0.3462412357330322,3.81410813331604,0.1008649542927742,3.8203911781311035
1371,3,0,0,0.26627272367477417,3.595973253250122,0.1924077272415161,3.6447677612304688,0.3147321343421936,3.7155206203460693,0.08655532449483871,3.7066543102264404
1372,3,0,0,0.25973573327064514,3.603874921798706,0.2025669664144516,3.7295355796813965,0.3365553319454193,3.791170835494995,0.08117426186800003,3.6997299194335938
1373,3,0,0,0.25959622859954834,3.6019346714019775,0.20712092518806458,3.720327138900757,0.33493104577064514,3.7665348052978516,0.08522002398967743,3.770346164703369
1374,3,0,0,0.2648776173591614,3.5949738025665283,0.19573600590229034,3.665775775909424,0.3210200071334839,3.7252211570739746,0.08476163446903229,3.705854654312134
1375,3,0,0,0.2606923580169678,3.6085777282714844,0.24653717875480652,3.7776925563812256,0.3632314205169678,3.7790732383728027,0.09494578838348389,3.761964797973633
1376,3,0,0,0.2674984037876129,3.5935776233673096,0.19173508882522583,3.6477832794189453,0.3127690553665161,3.7074904441833496,0.08725287020206451,3.722932815551758
1377,3,0,0,0.2675183415412903,3.596289873123169,0.19630400836467743,3.6645092964172363,0.3197046220302582,3.74363374710083,0.08543924987316132,3.678563117980957
1378,3,0,0,0.25514188408851624,3.618262767791748,0.2571149468421936,3.747190237045288,0.3707350194454193,3.780292510986328,0.109793521463871,3.714648723602295
1379,3,0,0,0.27388590574264526,3.577878952026367,0.1952875852584839,3.613266944885254,0.31204161047935486,3.668454885482788,0.08992347121238708,3.7535459995269775
1380,3,0,0,0.25959622859954834,3.605043888092041,0.20698142051696777,3.742236852645874,0.3392358720302582,3.800046920776367,0.08067601919174194,3.7549407482147217
1381,3,0,0,0.2657047212123871,3.601747751235962,0.2333286851644516,3.738372802734375,0.35975366830825806,3.7764389514923096,0.09450732916593552,3.753690481185913
1382,3,0,0,0.2732381820678711,3.5807440280914307,0.19400210678577423,3.6171765327453613,0.3149513602256775,3.688002347946167,0.08828922361135483,3.700451374053955
1383,3,0,0,0.26183831691741943,3.604201555252075,0.2162039577960968,3.7623119354248047,0.3455636203289032,3.8160505294799805,0.08755181729793549,3.788982391357422
1384,3,0,0,0.2709462642669678,3.579183578491211,0.20380261540412903,3.6646294593811035,0.32402941584587097,3.718086004257202,0.08996332436800003,3.778688430786133
1385,3,0,0,0.25846022367477417,3.61098051071167,0.220563605427742,3.7275233268737793,0.34128865599632263,3.7540950775146484,0.09299266338348389,3.692241668701172
1386,3,0,0,0.2664819657802582,3.5940468311309814,0.1974748820066452,3.6833527088165283,0.3207310140132904,3.740818977355957,0.0851004421710968,3.7494144439697266
1387,3,0,0,0.2587093412876129,3.6114320755004883,0.1984265297651291,3.7400126457214355,0.3263911008834839,3.813946485519409,0.08428332209587097,3.769212484359741
1388,3,0,0,0.2763771414756775,3.5725257396698,0.19246751070022583,3.596313714981079,0.31037747859954834,3.6570777893066406,0.08906648308038712,3.7050793170928955
1389,3,0,0,0.2867506444454193,3.5918474197387695,0.34620633721351624,3.635576009750366,0.40608057379722595,3.634021282196045,0.14389349520206451,3.6508309841156006
1390,3,0,0,0.2677873969078064,3.594090700149536,0.19197425246238708,3.6335842609405518,0.31251993775367737,3.6880619525909424,0.08810985088348389,3.689436674118042
1391,3,0,0,0.2761678695678711,3.5734286308288574,0.19293087720870972,3.593616008758545,0.3094308078289032,3.658830404281616,0.09002311527729034,3.71994686126709
1392,3,0,0,0.26434949040412903,3.5948431491851807,0.19359354674816132,3.660790205001831,0.3187081515789032,3.7267611026763916,0.08392458409070969,3.700071334838867
1393,3,0,0,0.2647381126880646,3.595438003540039,0.19370315968990326,3.659130096435547,0.32048189640045166,3.7201268672943115,0.08512037247419357,3.6951534748077393
1394,3,0,0,0.265625,3.595288038253784,0.1969517320394516,3.6667256355285645,0.3187081515789032,3.719757318496704,0.08643574267625809,3.7334563732147217
1395,3,0,0,0.25563016533851624,3.6088955402374268,0.22594965994358063,3.798981189727783,0.34691885113716125,3.8331992626190186,0.09434789419174194,3.8648078441619873
1396,3,0,0,0.2591378390789032,3.603691577911377,0.19644351303577423,3.6969590187072754,0.3278658986091614,3.7603185176849365,0.08260921388864517,3.6904704570770264
1397,3,0,0,0.26413026452064514,3.5988454818725586,0.19182975590229034,3.645775318145752,0.31414419412612915,3.7065820693969727,0.08611686527729034,3.6727609634399414
1398,3,0,0,0.2651466727256775,3.594107151031494,0.19582070410251617,3.6679558753967285,0.3212093412876129,3.7345969676971436,0.08408401906490326,3.680255889892578
1399,3,0,0,0.2685546875,3.5956215858459473,0.27569952607154846,3.6972928047180176,0.37336573004722595,3.708791494369507,0.1183035671710968,3.7156333923339844
1400,3,0,0,0.2724609375,3.581230401992798,0.18913424015045166,3.5999999046325684,0.3039202094078064,3.6542508602142334,0.09044164419174194,3.730938673019409
1401,3,0,0,0.2611607015132904,3.6048152446746826,0.19487403333187103,3.6872060298919678,0.3190668821334839,3.751678705215454,0.08434311300516129,3.709829807281494
1402,3,0,0,0.25924745202064514,3.6032826900482178,0.2573690414428711,3.76664400100708,0.37302693724632263,3.767350435256958,0.1183035671710968,3.7794811725616455
1403,3,0,0,0.2649972140789032,3.594554901123047,0.1937430202960968,3.6517937183380127,0.3164859712123871,3.7153022289276123,0.08500079810619354,3.697303533554077
1404,3,0,0,0.25972574949264526,3.6094229221343994,0.19661790132522583,3.717094898223877,0.32558393478393555,3.7760536670684814,0.08402423560619354,3.7345824241638184
1405,3,0,0,0.2760881781578064,3.5721864700317383,0.19882014393806458,3.59798526763916,0.3177913725376129,3.6624438762664795,0.08741230517625809,3.704514265060425
1406,3,0,0,0.27473294734954834,3.5746099948883057,0.19148097932338715,3.5955870151519775,0.3088727593421936,3.6554393768310547,0.09022241830825806,3.7123923301696777
1407,3,0,0,0.26356226205825806,3.6127641201019287,0.34496572613716125,3.6932520866394043,0.41828760504722595,3.6831283569335938,0.1336495578289032,3.648374557495117
1408,3,0,0,0.2610809803009033,3.606412172317505,0.19794324040412903,3.705094575881958,0.32433831691741943,3.7603540420532227,0.08424346148967743,3.737165927886963
1409,3,0,0,0.2626155912876129,3.5963799953460693,0.20324955880641937,3.691368579864502,0.3254244923591614,3.7572648525238037,0.08438297361135483,3.726735830307007
1410,3,0,0,0.2596759498119354,3.600560188293457,0.20271643996238708,3.714496374130249,0.33827924728393555,3.7787728309631348,0.07932078838348389,3.677889347076416
1411,3,0,0,0.27425462007522583,3.576847553253174,0.19097277522087097,3.599519968032837,0.3093012571334839,3.6563355922698975,0.08992347121238708,3.6855053901672363
1412,3,0,0,0.2655452787876129,3.606199264526367,0.32052674889564514,3.7132019996643066,0.4013671875,3.710387706756592,0.1275111585855484,3.6944358348846436
1413,3,0,0,0.2662428319454193,3.58847975730896,0.22222775220870972,3.6806869506835938,0.34483617544174194,3.7303569316864014,0.09133848547935486,3.7309622764587402
1414,3,0,0,0.26021403074264526,3.6029181480407715,0.2229253053665161,3.767735004425049,0.34727758169174194,3.79150652885437,0.09064093977212906,3.8359718322753906
1415,3,0,0,0.2756198048591614,3.57312273979187,0.19679228961467743,3.6018431186676025,0.31572863459587097,3.662226915359497,0.08695392310619354,3.706853151321411
1416,3,0,0,0.2647978961467743,3.5891318321228027,0.19113221764564514,3.630927324295044,0.31218111515045166,3.6864147186279297,0.08715321868658066,3.6864852905273438
1417,3,0,0,0.2749621272087097,3.575327157974243,0.19026027619838715,3.5903735160827637,0.30494657158851624,3.6475720405578613,0.0905412957072258,3.719348430633545
1418,3,0,0,0.2663225531578064,3.5981814861297607,0.19475944340229034,3.6633834838867188,0.3208605647087097,3.7298052310943604,0.08545918017625809,3.6875
1419,3,0,0,0.25716477632522583,3.6073546409606934,0.25138014554977417,3.7849087715148926,0.3706851899623871,3.7830586433410645,0.10887674987316132,3.823906183242798
1420,3,0,0,0.2561284303665161,3.6061160564422607,0.24049843847751617,3.8065011501312256,0.35383450984954834,3.805058002471924,0.1023995503783226,3.8119890689849854
1421,3,0,0,0.26710978150367737,3.5903749465942383,0.19903938472270966,3.667567729949951,0.32403936982154846,3.7287042140960693,0.08478156477212906,3.696755886077881
1422,3,0,0,0.2651865482330322,3.599766969680786,0.20551657676696777,3.7184832096099854,0.32892218232154846,3.7841432094573975,0.08619658648967743,3.8358380794525146
1423,3,0,0,0.26594388484954834,3.5971221923828125,0.1935686320066452,3.6586873531341553,0.3164959251880646,3.700576066970825,0.08763153851032257,3.7318625450134277
1424,3,0,0,0.26329320669174194,3.602376699447632,0.20186443626880646,3.701937437057495,0.3288325071334839,3.7777812480926514,0.08334662020206451,3.717120885848999
1425,3,0,0,0.27612802386283875,3.57481050491333,0.19233796000480652,3.601170778274536,0.3104671537876129,3.6692450046539307,0.08984375,3.7036380767822266
1426,3,0,0,0.26299425959587097,3.597302198410034,0.19502849876880646,3.6608333587646484,0.32348135113716125,3.7165915966033936,0.08298788219690323,3.691162347793579
1427,3,0,0,0.2592275142669678,3.611978054046631,0.19597017765045166,3.719973564147949,0.32767656445503235,3.77921724319458,0.08123405277729034,3.6972522735595703
1428,3,0,0,0.2619878053665161,3.599444627761841,0.20592015981674194,3.7280843257904053,0.3400629758834839,3.784592390060425,0.082449771463871,3.7686729431152344
1429,3,0,0,0.2573142349720001,3.6143598556518555,0.23181401193141937,3.7692902088165283,0.35509008169174194,3.8051860332489014,0.09530452638864517,3.836679220199585
1430,3,0,0,0.26431959867477417,3.595966100692749,0.19628407061100006,3.672191858291626,0.32320231199264526,3.7415058612823486,0.08354591578245163,3.7151718139648438
1431,3,0,0,0.2718929350376129,3.5791826248168945,0.19122688472270966,3.616206407546997,0.3143235743045807,3.684335708618164,0.08822943270206451,3.699570894241333
1432,3,0,0,0.2632334232330322,3.6047470569610596,0.20130141079425812,3.7188258171081543,0.3262217044830322,3.7672970294952393,0.08334662020206451,3.7582497596740723
1433,3,0,0,0.2598154544830322,3.6081769466400146,0.23579001426696777,3.778167486190796,0.3580496609210968,3.7990593910217285,0.09721779078245163,3.8095531463623047
1434,3,0,0,0.27256056666374207,3.5967752933502197,0.2524264454841614,3.6798453330993652,0.35459181666374207,3.704895496368408,0.10931520909070969,3.669644594192505
