index,label,prediction,correct,rate_layer1,com_layer1,rate_layer2,com_layer2,rate_layer3,com_layer3,rate_layer4,com_layer4
0,0,0,1,0.13671875,3.543658971786499,0.16101820766925812,3.600705623626709,0.31274911761283875,3.627943277359009,0.07559391111135483,3.8257315158843994
1,0,0,1,0.14477039873600006,3.558645486831665,0.17831732332706451,3.6178715229034424,0.32336175441741943,3.646348237991333,0.07995854318141937,3.7816550731658936
2,0,0,1,0.14449138939380646,3.548137903213501,0.1805943101644516,3.5773327350616455,0.3271982669830322,3.615380048751831,0.08187180757522583,3.77896785736084
3,0,0,1,0.13513432443141937,3.5378658771514893,0.15912488102912903,3.577230215072632,0.31064650416374207,3.6098029613494873,0.07573341578245163,3.8144736289978027
4,0,0,1,0.13427734375,3.5324676036834717,0.1615612953901291,3.574230670928955,0.31274911761283875,3.6113429069519043,0.07605229318141937,3.784067153930664
5,0,0,1,0.1375657618045807,3.5406737327575684,0.16614516079425812,3.5748815536499023,0.31421396136283875,3.6095712184906006,0.07653061300516129,3.7841145992279053
6,0,0,1,0.14727160334587097,3.5567359924316406,0.1864885538816452,3.6160197257995605,0.3268893361091614,3.6469333171844482,0.0848214253783226,3.8089754581451416
7,0,0,1,0.14249840378761292,3.5508391857147217,0.17116250097751617,3.6038191318511963,0.31973451375961304,3.6265971660614014,0.07928092777729034,3.8207643032073975
8,0,0,1,0.14477039873600006,3.5647027492523193,0.17200453579425812,3.620242118835449,0.32096022367477417,3.649104356765747,0.07946030050516129,3.815901756286621
9,0,0,1,0.14107342064380646,3.54559588432312,0.17402243614196777,3.587883234024048,0.3198840022087097,3.6182050704956055,0.07892218977212906,3.7704546451568604
10,0,0,1,0.13803412020206451,3.5392000675201416,0.1689104288816452,3.570042133331299,0.3152204155921936,3.6059179306030273,0.0784040167927742,3.7574987411499023
11,0,0,1,0.13541334867477417,3.536684036254883,0.1643315553665161,3.587350606918335,0.31308791041374207,3.6176199913024902,0.07633130997419357,3.7723238468170166
12,0,0,1,0.14712212979793549,3.569154739379883,0.17784398794174194,3.6490166187286377,0.3236806392669678,3.6682777404785156,0.08043686300516129,3.827552080154419
13,0,0,1,0.13744617998600006,3.5400564670562744,0.16734594106674194,3.5753118991851807,0.3144032955169678,3.609711170196533,0.07716836780309677,3.7747933864593506
14,0,0,1,0.14430205523967743,3.5467164516448975,0.1878587305545807,3.6014747619628906,0.32523515820503235,3.6275200843811035,0.08312738686800003,3.75449538230896
15,0,0,1,0.1375657618045807,3.5395870208740234,0.16811822354793549,3.583723545074463,0.3162567615509033,3.619025230407715,0.07796555757522583,3.7822086811065674
16,0,0,1,0.1410534828901291,3.5541505813598633,0.16614018380641937,3.5971810817718506,0.31994378566741943,3.641666889190674,0.07635124027729034,3.8217175006866455
17,0,0,1,0.13654933869838715,3.538349151611328,0.1629813015460968,3.5677294731140137,0.31344667077064514,3.6111268997192383,0.07661032676696777,3.7908427715301514
18,0,0,1,0.13716717064380646,3.5383944511413574,0.17011618614196777,3.574319839477539,0.31687459349632263,3.611906051635742,0.07800541818141937,3.7544710636138916
19,0,0,1,0.1516461968421936,3.565448760986328,0.19119200110435486,3.6215567588806152,0.3311344087123871,3.646975517272949,0.08396444469690323,3.7735581398010254
20,0,0,1,0.15822304785251617,3.57381272315979,0.21031469106674194,3.676861524581909,0.345424085855484,3.6824660301208496,0.0887276753783226,3.81109619140625
21,0,0,1,0.14221937954425812,3.5465247631073,0.1796177476644516,3.5981693267822266,0.3220065236091614,3.6229188442230225,0.08055643737316132,3.7689263820648193
22,0,0,1,0.13697783648967743,3.5403025150299072,0.16613520681858063,3.5843329429626465,0.3167649805545807,3.627406597137451,0.07633130997419357,3.7637076377868652
23,0,0,1,0.1360112428665161,3.54062557220459,0.16334004700183868,3.589177370071411,0.3126992881298065,3.6193435192108154,0.07746731489896774,3.779264211654663
24,0,0,1,0.14308632910251617,3.551849126815796,0.17921914160251617,3.602891206741333,0.32096022367477417,3.6327733993530273,0.0809151753783226,3.7793102264404297
25,0,0,1,0.15417729318141937,3.563857316970825,0.19939811527729034,3.620389699935913,0.34052136540412903,3.6438019275665283,0.08659518510103226,3.7852704524993896
26,0,0,1,0.15170599520206451,3.566277027130127,0.1930903196334839,3.6246581077575684,0.3339743912220001,3.652155637741089,0.08452247828245163,3.7880218029022217
27,0,0,1,0.13709741830825806,3.5382323265075684,0.16352936625480652,3.5683250427246094,0.31448301672935486,3.6010329723358154,0.07499600946903229,3.808928966522217
28,0,0,1,0.1446010023355484,3.5455172061920166,0.18432117998600006,3.5796616077423096,0.3261021077632904,3.613537073135376,0.08205118030309677,3.7704639434814453
29,0,3,0,0.15875118970870972,3.575732946395874,0.21453483402729034,3.657578229904175,0.3436702787876129,3.6625783443450928,0.0920758917927742,3.800865888595581
30,0,0,1,0.14016661047935486,3.5435802936553955,0.17185506224632263,3.5848891735076904,0.31798070669174194,3.6181447505950928,0.0777064710855484,3.797640323638916
31,0,0,1,0.13555285334587097,3.537601947784424,0.164655402302742,3.5925803184509277,0.31279894709587097,3.624370813369751,0.07718829810619354,3.7962820529937744
32,0,0,1,0.15238361060619354,3.5695135593414307,0.19498863816261292,3.6644434928894043,0.3299286365509033,3.6739253997802734,0.08631616830825806,3.8051259517669678
33,0,0,1,0.14558753371238708,3.5467488765716553,0.18566645681858063,3.587000846862793,0.32740750908851624,3.615351915359497,0.08215082436800003,3.775109052658081
34,0,0,1,0.13679847121238708,3.536057710647583,0.16774453222751617,3.5665786266326904,0.3153798580169678,3.6031153202056885,0.07688935101032257,3.78356671333313
35,0,0,1,0.15754543244838715,3.5693864822387695,0.20659278333187103,3.6423404216766357,0.34275349974632263,3.663013219833374,0.08808992058038712,3.772171974182129
36,0,0,1,0.14791932702064514,3.561640977859497,0.18691205978393555,3.6258463859558105,0.327357679605484,3.6405892372131348,0.08252949267625809,3.7969088554382324
37,0,0,1,0.1403459757566452,3.542104482650757,0.17521324753761292,3.5807883739471436,0.3197444975376129,3.610652208328247,0.07987882196903229,3.773702621459961
38,0,0,1,0.14004702866077423,3.5452539920806885,0.16968770325183868,3.5778841972351074,0.31762197613716125,3.615203619003296,0.07810506969690323,3.7971420288085938
39,0,0,1,0.15428690612316132,3.5653297901153564,0.2053920179605484,3.644179105758667,0.33814969658851624,3.6540932655334473,0.08605707436800003,3.820518732070923
40,0,0,1,0.14137236773967743,3.5494465827941895,0.17541255056858063,3.614213466644287,0.31935587525367737,3.636763572692871,0.07776626199483871,3.798564910888672
41,0,0,1,0.14068478345870972,3.542923927307129,0.17392279207706451,3.5780789852142334,0.31985411047935486,3.614025831222534,0.07936064898967743,3.7820191383361816
42,0,0,1,0.15187539160251617,3.578439712524414,0.18680743873119354,3.698770523071289,0.3289620578289032,3.68941593170166,0.07876275479793549,3.845900774002075
43,0,0,1,0.14290696382522583,3.545219898223877,0.18303072452545166,3.6017966270446777,0.32445791363716125,3.617966890335083,0.07985889166593552,3.7723982334136963
44,0,0,1,0.14001713693141937,3.5452992916107178,0.17049983143806458,3.5813560485839844,0.3180903196334839,3.623664617538452,0.07858338207006454,3.7745370864868164
45,0,0,1,0.1399972140789032,3.540536642074585,0.1738729625940323,3.575780153274536,0.3183095455169678,3.6125597953796387,0.07824457436800003,3.760061025619507
46,0,0,1,0.15102837979793549,3.5620875358581543,0.1923927664756775,3.6214325428009033,0.3337153196334839,3.6493475437164307,0.08137356489896774,3.7599804401397705
47,0,0,1,0.15435665845870972,3.5676565170288086,0.20711594820022583,3.653780460357666,0.33731263875961304,3.660443067550659,0.08962451666593552,3.7707359790802
48,0,0,1,0.13510443270206451,3.537468671798706,0.16097834706306458,3.5849454402923584,0.31136399507522583,3.6172308921813965,0.07487643510103226,3.776151180267334
49,0,0,1,0.14430205523967743,3.5631515979766846,0.17132194340229034,3.636643886566162,0.32007333636283875,3.6608033180236816,0.07694913446903229,3.8142967224121094
50,0,0,1,0.14227917790412903,3.544543981552124,0.1811872124671936,3.5918052196502686,0.32322224974632263,3.617246150970459,0.0813337042927742,3.7625582218170166
51,0,0,1,0.1388113796710968,3.543933868408203,0.1650739312171936,3.580875873565674,0.3167550265789032,3.622770309448242,0.07698899507522583,3.786694288253784
52,0,0,1,0.14120295643806458,3.5540578365325928,0.16631954908370972,3.593780994415283,0.31935587525367737,3.6383862495422363,0.07772640138864517,3.817692279815674
53,0,0,1,0.1421595960855484,3.550189256668091,0.1808384507894516,3.6128392219543457,0.32481664419174194,3.636305093765259,0.08097496628761292,3.7964558601379395
54,0,0,1,0.14371412992477417,3.5603244304656982,0.17426657676696777,3.6255717277526855,0.32215601205825806,3.656252861022949,0.07702885568141937,3.7922379970550537
55,0,0,1,0.14929448068141937,3.5618741512298584,0.18839184939861298,3.6184709072113037,0.3265405595302582,3.6467087268829346,0.08316724747419357,3.765875816345215
56,0,0,1,0.13369937241077423,3.533576726913452,0.15866151452064514,3.5599172115325928,0.3115832209587097,3.6045477390289307,0.07441804558038712,3.785752534866333
57,0,0,1,0.13852240145206451,3.5426228046417236,0.1669323891401291,3.5907950401306152,0.31693437695503235,3.6216633319854736,0.0743582546710968,3.812650680541992
58,0,0,1,0.13893096148967743,3.5439679622650146,0.16610530018806458,3.585278034210205,0.31540974974632263,3.6167383193969727,0.07647082209587097,3.8149595260620117
59,0,0,1,0.14427216351032257,3.5502140522003174,0.18047472834587097,3.601954698562622,0.3251953125,3.626279354095459,0.0821707546710968,3.7785592079162598
60,0,0,1,0.15030093491077423,3.56394624710083,0.19062897562980652,3.6274960041046143,0.3319714665412903,3.655700206756592,0.08322703838348389,3.7614941596984863
61,0,0,1,0.13393853604793549,3.5335912704467773,0.15906010568141937,3.5674726963043213,0.30996888875961304,3.604835033416748,0.07461734861135483,3.789797067642212
62,0,0,1,0.1477299928665161,3.566070795059204,0.180524542927742,3.6312100887298584,0.3268793821334839,3.6622869968414307,0.08079560101032257,3.7982239723205566
63,0,0,1,0.14340521395206451,3.5474255084991455,0.1805594265460968,3.5949666500091553,0.3259526491165161,3.6316416263580322,0.08041693270206451,3.7719950675964355
64,0,0,1,0.14212970435619354,3.5439248085021973,0.18034020066261292,3.5939218997955322,0.32336175441741943,3.6183359622955322,0.08043686300516129,3.788156509399414
65,0,0,1,0.1396484375,3.537961959838867,0.17719128727912903,3.580069065093994,0.32056161761283875,3.613572120666504,0.07904177159070969,3.7665154933929443
66,0,0,1,0.14509925246238708,3.5468716621398926,0.18710638582706451,3.5922563076019287,0.3304966390132904,3.629319190979004,0.08229033648967743,3.7440059185028076
67,0,0,1,0.15245336294174194,3.5655272006988525,0.19579578936100006,3.635239362716675,0.33424344658851624,3.6521973609924316,0.08352598547935486,3.799093246459961
68,0,0,1,0.1397181898355484,3.5458953380584717,0.16651885211467743,3.591813564300537,0.3157983720302582,3.618661403656006,0.07467713207006454,3.7864959239959717
69,0,3,0,0.13884127140045166,3.5501327514648438,0.16241329908370972,3.619965076446533,0.31386518478393555,3.6398069858551025,0.07262436300516129,3.8147640228271484
70,0,0,1,0.14582668244838715,3.5603389739990234,0.1754075586795807,3.595341682434082,0.32421875,3.6396913528442383,0.08017776906490326,3.8078548908233643
71,0,0,1,0.14958345890045166,3.5673840045928955,0.19451530277729034,3.6471312046051025,0.330287367105484,3.669814348220825,0.08494100719690323,3.7932894229888916
72,0,0,1,0.14289699494838715,3.550976276397705,0.17878566682338715,3.611459493637085,0.32167768478393555,3.6412441730499268,0.08103475719690323,3.7816035747528076
73,0,0,1,0.14358457922935486,3.5447983741760254,0.1824876368045807,3.586632490158081,0.3251953125,3.6150946617126465,0.08097496628761292,3.7708590030670166
74,0,0,1,0.14990234375,3.5728909969329834,0.1875697523355484,3.6612653732299805,0.32712849974632263,3.669428586959839,0.08260921388864517,3.824366807937622
75,0,0,1,0.1423090696334839,3.548701047897339,0.1745854616165161,3.604680299758911,0.32153818011283875,3.6283509731292725,0.07884247601032257,3.780839204788208
76,0,0,1,0.13534358143806458,3.5371079444885254,0.16230368614196777,3.5634689331054688,0.31246012449264526,3.602851152420044,0.07577327638864517,3.769068956375122
77,0,0,1,0.15957827866077423,3.5782439708709717,0.21357819437980652,3.674893856048584,0.3459721803665161,3.679253339767456,0.09115912020206451,3.802579879760742
78,0,0,1,0.14226920902729034,3.5470337867736816,0.18584083020687103,3.6292662620544434,0.3258131444454193,3.6359493732452393,0.08153299987316132,3.782449245452881
79,0,0,1,0.1473911851644516,3.572645425796509,0.17936861515045166,3.675388813018799,0.32315248250961304,3.674643039703369,0.07922113686800003,3.8236477375030518
80,0,0,1,0.14610570669174194,3.563838481903076,0.17956791818141937,3.6469478607177734,0.32705873250961304,3.6655495166778564,0.080078125,3.788451910018921
81,0,0,1,0.13584183156490326,3.540052890777588,0.1589106321334839,3.5771617889404297,0.3133470118045807,3.6165685653686523,0.07405930757522583,3.802475690841675
82,0,0,1,0.14078444242477417,3.5482020378112793,0.17468012869358063,3.6116831302642822,0.32119935750961304,3.626997232437134,0.07904177159070969,3.8111448287963867
83,0,0,1,0.12854750454425812,3.517984390258789,0.1494589000940323,3.5306196212768555,0.30633169412612915,3.5787384510040283,0.07220583409070969,3.841843843460083
84,0,0,1,0.13587172329425812,3.5397138595581055,0.162353515625,3.59134578704834,0.3127889633178711,3.6285321712493896,0.07497607916593552,3.7764487266540527
85,0,0,1,0.1447405070066452,3.558898448944092,0.1776048243045807,3.6217808723449707,0.32237523794174194,3.6401965618133545,0.07940050959587097,3.786646604537964
86,0,0,1,0.14417250454425812,3.548520803451538,0.1794533133506775,3.6012439727783203,0.3226044178009033,3.6250696182250977,0.07900191098451614,3.7694249153137207
87,0,0,1,0.1504603773355484,3.5695078372955322,0.18837690353393555,3.6583263874053955,0.33039700984954834,3.6633188724517822,0.08015784621238708,3.8003480434417725
88,0,0,1,0.15010163187980652,3.5716657638549805,0.1848592907190323,3.641636610031128,0.32921117544174194,3.66688871383667,0.08250956237316132,3.805072546005249
89,0,0,1,0.14766022562980652,3.5493993759155273,0.19122688472270966,3.6071391105651855,0.3321109712123871,3.624159812927246,0.08458226919174194,3.7818095684051514
90,0,0,1,0.1399374157190323,3.544755458831787,0.1720842570066452,3.578782796859741,0.3185786008834839,3.617109775543213,0.07936064898967743,3.777498722076416
91,0,0,1,0.15349967777729034,3.5723187923431396,0.1938725709915161,3.6638996601104736,0.33312737941741943,3.683458089828491,0.08408401906490326,3.820573568344116
92,0,0,1,0.14534837007522583,3.5666391849517822,0.17310068011283875,3.6698520183563232,0.3213488459587097,3.6795461177825928,0.07830436527729034,3.8279459476470947
93,0,0,1,0.14703243970870972,3.5523550510406494,0.1884516477584839,3.607593297958374,0.32948023080825806,3.628357172012329,0.08089524507522583,3.763981342315674
94,0,0,1,0.15160633623600006,3.5682923793792725,0.19324976205825806,3.6500284671783447,0.33131375908851624,3.668942451477051,0.08577805757522583,3.8099441528320312
95,0,0,1,0.13787467777729034,3.5421364307403564,0.16829261183738708,3.591733932495117,0.3161870241165161,3.627009153366089,0.07810506969690323,3.7905077934265137
96,0,0,1,0.14854711294174194,3.5777151584625244,0.1824427992105484,3.6891608238220215,0.33145326375961304,3.6933135986328125,0.07372049987316132,3.8507704734802246
97,0,0,1,0.14221937954425812,3.548206329345703,0.17586097121238708,3.5910017490386963,0.32001355290412903,3.625023365020752,0.07975924760103226,3.7808594703674316
98,0,0,1,0.14713209867477417,3.5640366077423096,0.1758510023355484,3.6080353260040283,0.32549425959587097,3.647961139678955,0.0797991082072258,3.808941125869751
99,0,0,1,0.14101362228393555,3.5451910495758057,0.17777423560619354,3.588172674179077,0.32091039419174194,3.619736671447754,0.0806361585855484,3.7698962688446045
100,0,0,1,0.13522401452064514,3.5392041206359863,0.1561204493045807,3.575477123260498,0.30939093232154846,3.610506296157837,0.07459741830825806,3.842372417449951
101,0,0,1,0.1358816921710968,3.538867712020874,0.16183534264564514,3.5873279571533203,0.3135662376880646,3.6251628398895264,0.07565369457006454,3.782665967941284
102,0,0,1,0.13672871887683868,3.540266752243042,0.16618004441261292,3.5898420810699463,0.31492146849632263,3.6168718338012695,0.07595264166593552,3.773550271987915
103,0,0,1,0.13890106976032257,3.542219638824463,0.17225366830825806,3.583709478378296,0.31776148080825806,3.6146512031555176,0.07930085808038712,3.758481979370117
104,0,0,1,0.14700254797935486,3.559788465499878,0.18145129084587097,3.6107418537139893,0.32510560750961304,3.641226053237915,0.08083545416593552,3.770956516265869
105,0,0,1,0.13509446382522583,3.5353691577911377,0.16307099163532257,3.567906141281128,0.31190210580825806,3.6004791259765625,0.0765904039144516,3.7866251468658447
106,0,0,1,0.1477399468421936,3.564953565597534,0.18129682540893555,3.629098415374756,0.3288424611091614,3.668757677078247,0.08087531477212906,3.7890586853027344
107,0,0,1,0.14050541818141937,3.5451772212982178,0.16979731619358063,3.5903635025024414,0.31756216287612915,3.6151938438415527,0.0777064710855484,3.8022570610046387
108,0,0,1,0.15525349974632263,3.5699615478515625,0.2034139782190323,3.6592857837677,0.3397042453289032,3.665356397628784,0.08806999027729034,3.802896499633789
109,0,0,1,0.1546456515789032,3.5707197189331055,0.20004084706306458,3.6457695960998535,0.33828920125961304,3.666165828704834,0.08797034621238708,3.8065247535705566
110,0,0,1,0.1491948366165161,3.5697970390319824,0.18734553456306458,3.6588387489318848,0.3283442258834839,3.66485595703125,0.08169244229793549,3.8223958015441895
111,0,0,1,0.13556282222270966,3.5369009971618652,0.16218410432338715,3.576479911804199,0.3125896751880646,3.6119418144226074,0.0758928582072258,3.7796742916107178
112,0,0,1,0.1491450071334839,3.5562236309051514,0.194580078125,3.6373133659362793,0.3311842381954193,3.6420340538024902,0.0842633917927742,3.7764899730682373
113,0,0,1,0.14939412474632263,3.5559632778167725,0.19549186527729034,3.619889974594116,0.3330875337123871,3.63175368309021,0.0864955335855484,3.7896313667297363
114,0,0,1,0.14412268996238708,3.5476043224334717,0.18104273080825806,3.5892229080200195,0.32419881224632263,3.6222105026245117,0.0827287957072258,3.7766802310943604
115,0,0,1,0.13914021849632263,3.5382797718048096,0.17256256937980652,3.5704798698425293,0.3178113102912903,3.6050543785095215,0.0778459832072258,3.7634408473968506
116,0,0,1,0.13931959867477417,3.544739246368408,0.17171555757522583,3.582637071609497,0.31900709867477417,3.624152660369873,0.07926099747419357,3.7792305946350098
117,0,0,1,0.13807398080825806,3.5440964698791504,0.1667131632566452,3.596055030822754,0.31519052386283875,3.628169536590576,0.07780612260103226,3.805327892303467
118,0,0,1,0.14964325726032257,3.5514416694641113,0.2032395899295807,3.591282367706299,0.3347018361091614,3.6207871437072754,0.08904655277729034,3.7811100482940674
119,0,0,1,0.14525867998600006,3.560197591781616,0.17410215735435486,3.6102795600891113,0.3248564898967743,3.6539571285247803,0.07900191098451614,3.8165993690490723
120,0,0,1,0.14519889652729034,3.5607714653015137,0.1757563352584839,3.6288022994995117,0.3203722834587097,3.6487090587615967,0.078125,3.7966837882995605
121,0,0,1,0.1552036851644516,3.5800962448120117,0.1983119398355484,3.690216541290283,0.3345324397087097,3.705430269241333,0.08117426186800003,3.8062853813171387
122,0,0,1,0.14510920643806458,3.545804262161255,0.18741030991077423,3.6091880798339844,0.32859334349632263,3.6241092681884766,0.083426333963871,3.7849977016448975
123,0,0,1,0.14149194955825806,3.5462355613708496,0.17418187856674194,3.5878028869628906,0.3201729953289032,3.6226890087127686,0.07950016111135483,3.774630308151245
124,0,0,1,0.13927973806858063,3.5443227291107178,0.1698172390460968,3.5979228019714355,0.31687459349632263,3.627126693725586,0.07591278851032257,3.7897086143493652
125,0,0,1,0.16028578579425812,3.5797948837280273,0.20919862389564514,3.6635148525238037,0.342006117105484,3.6783018112182617,0.08854831010103226,3.8102633953094482
126,0,0,1,0.1594586968421936,3.5776777267456055,0.22351323068141937,3.6916184425354004,0.35523954033851624,3.695699691772461,0.09378986060619354,3.765193462371826
127,0,0,1,0.14722177386283875,3.5700554847717285,0.17509864270687103,3.630310535430908,0.32509565353393555,3.6599435806274414,0.08039700239896774,3.8564701080322266
128,0,0,1,0.1483777016401291,3.554063081741333,0.1962641477584839,3.6280875205993652,0.33203125,3.6447479724884033,0.08531967550516129,3.7549638748168945
129,0,0,1,0.14803889393806458,3.5689284801483154,0.18196946382522583,3.6401619911193848,0.32801538705825806,3.658656597137451,0.08199138939380646,3.8203694820404053
130,0,0,1,0.1388711780309677,3.5424082279205322,0.17145149409770966,3.5763564109802246,0.31797072291374207,3.6159703731536865,0.07822464406490326,3.763057231903076
131,0,0,1,0.1458665430545807,3.5612106323242188,0.1734544336795807,3.6084794998168945,0.3244180381298065,3.647315502166748,0.07926099747419357,3.813175678253174
132,0,0,1,0.13524393737316132,3.5374300479888916,0.162109375,3.5784976482391357,0.31322744488716125,3.6155314445495605,0.07469706237316132,3.772678852081299
133,0,0,1,0.1394391655921936,3.546344518661499,0.16498923301696777,3.579815149307251,0.31538981199264526,3.61491322517395,0.07541453838348389,3.808932304382324
134,0,0,1,0.1380540430545807,3.5433809757232666,0.16856664419174194,3.5903286933898926,0.3163464665412903,3.6261892318725586,0.07726801186800003,3.792107343673706
135,0,0,1,0.15628986060619354,3.5690512657165527,0.20872528851032257,3.6609854698181152,0.34000319242477417,3.6635990142822266,0.08836893737316132,3.790482521057129
136,0,0,1,0.1340780407190323,3.5352656841278076,0.15943877398967743,3.5896248817443848,0.3108358383178711,3.621293306350708,0.07523517310619354,3.81589412689209
137,0,1,0,0.16309590637683868,3.5782365798950195,0.22275589406490326,3.6655185222625732,0.34854310750961304,3.6715269088745117,0.0929129421710968,3.788073778152466
138,0,0,1,0.16181042790412903,3.5791969299316406,0.22077785432338715,3.693620204925537,0.34412866830825806,3.6880176067352295,0.09090003371238708,3.8107872009277344
139,0,0,1,0.14924465119838715,3.5632636547088623,0.18844667077064514,3.6252975463867188,0.3288922905921936,3.6553854942321777,0.08446268737316132,3.7890515327453613
140,0,0,1,0.13760562241077423,3.5410239696502686,0.16435645520687103,3.5702550411224365,0.3132573366165161,3.6128642559051514,0.07758688926696777,3.7986128330230713
141,0,0,1,0.13575215637683868,3.540703296661377,0.15730628371238708,3.580767869949341,0.31002870202064514,3.6164824962615967,0.0746372789144516,3.808544635772705
142,0,0,1,0.14086414873600006,3.541454553604126,0.17403240501880646,3.578401803970337,0.32082071900367737,3.6087591648101807,0.07834422588348389,3.774357557296753
143,0,0,1,0.14862683415412903,3.5531344413757324,0.19510821998119354,3.6257309913635254,0.33109453320503235,3.6359477043151855,0.08254942297935486,3.794302225112915
144,0,0,1,0.1418805718421936,3.546565532684326,0.17977219820022583,3.593303918838501,0.32047194242477417,3.622325897216797,0.08141342550516129,3.758629083633423
145,0,0,1,0.13686822354793549,3.5394976139068604,0.16678790748119354,3.5875728130340576,0.31538981199264526,3.6209163665771484,0.07824457436800003,3.7888436317443848
146,0,0,1,0.13823340833187103,3.544189691543579,0.168073371052742,3.6076838970184326,0.3146524131298065,3.628483772277832,0.07732780277729034,3.7775774002075195
147,0,0,1,0.14817841351032257,3.568796157836914,0.18340441584587097,3.6513991355895996,0.32648077607154846,3.6734120845794678,0.08153299987316132,3.813248634338379
148,0,0,1,0.14086414873600006,3.5449914932250977,0.1782575249671936,3.5873327255249023,0.3194754421710968,3.617685556411743,0.08139349520206451,3.748530864715576
149,0,0,1,0.13843271136283875,3.5424704551696777,0.17120236158370972,3.584470748901367,0.3159976899623871,3.6215507984161377,0.07876275479793549,3.780111312866211
150,0,0,1,0.1496233195066452,3.559706926345825,0.19185467064380646,3.6110217571258545,0.3327188193798065,3.6408398151397705,0.08348612487316132,3.7947003841400146
151,0,0,1,0.13479551672935486,3.5359652042388916,0.16257771849632263,3.580141067504883,0.3122807741165161,3.613982915878296,0.0756138414144516,3.7820241451263428
152,0,0,1,0.15296156704425812,3.5606515407562256,0.19911909103393555,3.6200079917907715,0.33724290132522583,3.6481990814208984,0.08629623800516129,3.769515037536621
153,0,0,1,0.13608099520206451,3.5398359298706055,0.16007155179977417,3.575310468673706,0.3128387928009033,3.611741065979004,0.07559391111135483,3.794358015060425
154,0,0,1,0.1378946155309677,3.5406126976013184,0.16979731619358063,3.5853750705718994,0.31540974974632263,3.6204030513763428,0.07886240631341934,3.7788729667663574
155,0,0,1,0.15536311268806458,3.5727663040161133,0.21172970533370972,3.6658902168273926,0.34126871824264526,3.6779279708862305,0.08699378371238708,3.790607213973999
156,0,0,1,0.14709223806858063,3.555314779281616,0.19408680498600006,3.6308467388153076,0.3283940553665161,3.6386587619781494,0.08535953611135483,3.748774290084839
157,0,0,1,0.15413743257522583,3.5673649311065674,0.20021523535251617,3.6405534744262695,0.33415377140045166,3.66507625579834,0.08545918017625809,3.791977643966675
158,0,0,1,0.1496332883834839,3.5752530097961426,0.18608497083187103,3.6608119010925293,0.32878267765045166,3.680426836013794,0.080496646463871,3.8445160388946533
159,0,0,1,0.14337532222270966,3.5458714962005615,0.18089325726032257,3.5873959064483643,0.3235211968421936,3.62092661857605,0.0823102667927742,3.782566547393799
160,0,0,1,0.14491987228393555,3.5511929988861084,0.18331971764564514,3.6050336360931396,0.32564371824264526,3.6320879459381104,0.07946030050516129,3.766741991043091
161,0,0,1,0.15386837720870972,3.5631113052368164,0.2016003578901291,3.6427760124206543,0.3385283648967743,3.664458990097046,0.0857979878783226,3.7809524536132812
162,0,0,1,0.14310626685619354,3.562356472015381,0.1674455851316452,3.641800880432129,0.3193458914756775,3.6646175384521484,0.07663025707006454,3.849674940109253
163,0,0,1,0.13826331496238708,3.5444324016571045,0.16453084349632263,3.5821573734283447,0.31518056988716125,3.6206328868865967,0.07641103118658066,3.790818929672241
164,0,0,1,0.13775509595870972,3.540220022201538,0.16594088077545166,3.577540874481201,0.31566885113716125,3.6058778762817383,0.07499600946903229,3.7876694202423096
165,0,0,1,0.13666892051696777,3.5413050651550293,0.16071926057338715,3.583904266357422,0.31413424015045166,3.6240007877349854,0.07531488686800003,3.795713186264038
166,0,0,1,0.14096380770206451,3.5446062088012695,0.17431640625,3.5829761028289795,0.3199537694454193,3.6184439659118652,0.07766661047935486,3.7641775608062744
167,0,0,1,0.14880619943141937,3.560838460922241,0.18896982073783875,3.6170010566711426,0.32907167077064514,3.643097162246704,0.08502072840929031,3.793717861175537
168,0,0,1,0.14239875972270966,3.5440866947174072,0.1818947196006775,3.5802996158599854,0.3230428695678711,3.612098217010498,0.08101482689380646,3.745633363723755
169,0,0,1,0.14982262253761292,3.5551047325134277,0.1999611258506775,3.635063409805298,0.3354591727256775,3.6418726444244385,0.08585777878761292,3.7725162506103516
170,0,0,1,0.14845742285251617,3.555644989013672,0.19241270422935486,3.613858938217163,0.3334462642669678,3.6476898193359375,0.08438297361135483,3.7992441654205322
171,0,0,1,0.13849250972270966,3.540797233581543,0.17062440514564514,3.590480327606201,0.3171137571334839,3.6174778938293457,0.0782645046710968,3.774637222290039
172,0,0,1,0.146484375,3.5517005920410156,0.18905951082706451,3.618816614151001,0.3288424611091614,3.64654541015625,0.08169244229793549,3.778482675552368
173,0,0,1,0.1356026828289032,3.5376248359680176,0.1615612953901291,3.5711467266082764,0.31281888484954834,3.6089131832122803,0.07663025707006454,3.7895967960357666
174,0,0,1,0.13345025479793549,3.533154010772705,0.15755540132522583,3.56840181350708,0.30972975492477417,3.6058812141418457,0.07389987260103226,3.7947680950164795
175,0,0,1,0.15057995915412903,3.562173366546631,0.19187958538532257,3.623692035675049,0.3315529227256775,3.659834146499634,0.08416374027729034,3.7712526321411133
176,0,0,1,0.13525390625,3.538053512573242,0.158447265625,3.589761257171631,0.3113042116165161,3.620262384414673,0.0751953125,3.824277877807617
177,0,0,1,0.13633011281490326,3.5372414588928223,0.16392797231674194,3.5775811672210693,0.3143235743045807,3.610690116882324,0.07511559128761292,3.793313980102539
178,0,0,1,0.13837292790412903,3.5366556644439697,0.17420679330825806,3.579624652862549,0.31831949949264526,3.6116015911102295,0.07963966578245163,3.7572572231292725
179,0,0,1,0.14741110801696777,3.5680389404296875,0.18100287020206451,3.6449570655822754,0.32388991117477417,3.660031318664551,0.07898198068141937,3.8001513481140137
180,0,0,1,0.15668845176696777,3.5705292224884033,0.20521265268325806,3.655182361602783,0.33876752853393555,3.6674020290374756,0.08651546388864517,3.7816171646118164
181,0,0,1,0.14361447095870972,3.5618233680725098,0.16710180044174194,3.6122608184814453,0.3207509517669678,3.6524791717529297,0.07595264166593552,3.8399369716644287
182,0,0,1,0.14769013226032257,3.5648741722106934,0.18338946998119354,3.629744291305542,0.32983896136283875,3.6631722450256348,0.08203125,3.8070943355560303
183,0,0,1,0.14839763939380646,3.5582191944122314,0.1836385875940323,3.6008355617523193,0.33056640625,3.629065752029419,0.08280850946903229,3.813236951828003
184,0,0,1,0.1449497789144516,3.544135808944702,0.1848393678665161,3.5868780612945557,0.32655054330825806,3.615929126739502,0.08201131969690323,3.7761847972869873
185,0,0,1,0.1399274468421936,3.544651746749878,0.17912447452545166,3.613863229751587,0.32105985283851624,3.637077569961548,0.080078125,3.762319564819336
186,0,0,1,0.13835299015045166,3.538245439529419,0.17231842875480652,3.566922187805176,0.3176518678665161,3.609875440597534,0.07836415618658066,3.761444568634033
187,0,0,1,0.14566725492477417,3.5672459602355957,0.17172552645206451,3.645969867706299,0.3219965696334839,3.669823408126831,0.0771484375,3.8191680908203125
188,0,0,1,0.1403360217809677,3.5454094409942627,0.17300103604793549,3.582742929458618,0.3180006444454193,3.6220543384552,0.07892218977212906,3.7739899158477783
189,0,0,1,0.14807875454425812,3.551480531692505,0.19361846148967743,3.5977354049682617,0.3305564224720001,3.6276378631591797,0.08492107689380646,3.7552218437194824
190,0,0,1,0.15119777619838715,3.5704212188720703,0.19456014037132263,3.667750835418701,0.3324497640132904,3.67807674407959,0.08619658648967743,3.8309826850891113
191,0,0,1,0.1474011391401291,3.568618059158325,0.1798618882894516,3.656998872756958,0.32843390107154846,3.675718307495117,0.07957987487316132,3.8164286613464355
192,0,0,1,0.15141700208187103,3.5655150413513184,0.19268673658370972,3.633646249771118,0.33144330978393555,3.659721612930298,0.08492107689380646,3.7800986766815186
193,0,0,1,0.13618063926696777,3.539440870285034,0.1643514782190323,3.616503953933716,0.31288862228393555,3.6361031532287598,0.07637117058038712,3.826200485229492
194,0,0,1,0.13890106976032257,3.5484611988067627,0.16115273535251617,3.5958447456359863,0.31475207209587097,3.636927843093872,0.07621173560619354,3.8226988315582275
195,0,0,1,0.13489516079425812,3.5339438915252686,0.16086873412132263,3.5676279067993164,0.3111647069454193,3.603759765625,0.07487643510103226,3.781740665435791
196,0,0,1,0.13788464665412903,3.543036699295044,0.16259765625,3.5905497074127197,0.31436342000961304,3.6258914470672607,0.07627151906490326,3.797752857208252
197,0,0,1,0.13507454097270966,3.5338988304138184,0.16373863816261292,3.5600523948669434,0.31274911761283875,3.602198600769043,0.07625159621238708,3.7707788944244385
198,0,0,1,0.15126752853393555,3.5662713050842285,0.193115234375,3.6446759700775146,0.3332071006298065,3.6632275581359863,0.08432318270206451,3.7960293292999268
199,0,0,1,0.14301657676696777,3.5449414253234863,0.1831503063440323,3.584972381591797,0.3234414756298065,3.615903615951538,0.08213089406490326,3.7478766441345215
200,0,0,1,0.14715202152729034,3.563553810119629,0.1807089000940323,3.6179656982421875,0.32655054330825806,3.651785135269165,0.08075574040412903,3.778874635696411
201,0,0,1,0.13721700012683868,3.5379085540771484,0.16817303001880646,3.5762155055999756,0.31524035334587097,3.6108107566833496,0.0779854878783226,3.80322003364563
202,0,0,1,0.14905531704425812,3.578218936920166,0.17650867998600006,3.698244333267212,0.32598254084587097,3.697918176651001,0.07593271881341934,3.850393772125244
203,0,0,1,0.15811343491077423,3.5725719928741455,0.20982640981674194,3.6659939289093018,0.3395846486091614,3.6850459575653076,0.08954480290412903,3.817939043045044
204,0,0,1,0.14226920902729034,3.5461931228637695,0.17388790845870972,3.585616111755371,0.3201131820678711,3.6142759323120117,0.07902184128761292,3.787137508392334
205,0,0,1,0.15259286761283875,3.5721282958984375,0.19253726303577423,3.651942253112793,0.33438295125961304,3.6675407886505127,0.08364556729793549,3.830354928970337
206,0,0,1,0.15413743257522583,3.5746703147888184,0.19429108500480652,3.6499037742614746,0.33493104577064514,3.6641576290130615,0.08334662020206451,3.831181287765503
207,0,0,1,0.13537348806858063,3.539050340652466,0.15916474163532257,3.5911097526550293,0.31177255511283875,3.627129554748535,0.0735212042927742,3.8018434047698975
208,0,0,1,0.14199018478393555,3.5441083908081055,0.180524542927742,3.583186149597168,0.32124918699264526,3.614492177963257,0.08203125,3.7604470252990723
209,0,0,1,0.1437739133834839,3.562863826751709,0.1716059446334839,3.6178503036499023,0.3228136897087097,3.6501312255859375,0.0803571417927742,3.8129961490631104
210,0,0,1,0.14101362228393555,3.5456151962280273,0.1717454493045807,3.5867130756378174,0.31764188408851624,3.6150708198547363,0.07862324267625809,3.8096325397491455
211,0,0,1,0.13472576439380646,3.538461446762085,0.15846718847751617,3.5857884883880615,0.31169283390045166,3.624891996383667,0.0738002210855484,3.805022954940796
212,0,0,1,0.13926976919174194,3.5447194576263428,0.17221878468990326,3.593287944793701,0.3182796537876129,3.627551555633545,0.07908163219690323,3.7746975421905518
213,0,0,1,0.1474609375,3.5638599395751953,0.18527284264564514,3.649482250213623,0.32647082209587097,3.6616811752319336,0.07886240631341934,3.7672479152679443
214,0,0,1,0.14747090637683868,3.5605783462524414,0.18242286145687103,3.6145083904266357,0.3266701102256775,3.648648738861084,0.08113440871238708,3.779169797897339
215,0,0,1,0.15185546875,3.572084665298462,0.188092902302742,3.646631956100464,0.3330974876880646,3.6678733825683594,0.08254942297935486,3.793095111846924
216,0,0,1,0.15173588693141937,3.564195156097412,0.19373305141925812,3.6192681789398193,0.33263909816741943,3.650639533996582,0.08298788219690323,3.789144992828369
217,0,0,1,0.13802415132522583,3.5394556522369385,0.16880081593990326,3.572242498397827,0.3155791461467743,3.616154670715332,0.07858338207006454,3.7737762928009033
218,0,0,1,0.13597138226032257,3.536606788635254,0.1649693101644516,3.5739052295684814,0.3130580186843872,3.6051692962646484,0.07633130997419357,3.7778067588806152
219,0,0,1,0.14762037992477417,3.5517754554748535,0.19312021136283875,3.6005160808563232,0.3311344087123871,3.626572370529175,0.08581791818141937,3.7784485816955566
220,0,0,1,0.13607102632522583,3.535628080368042,0.1695481836795807,3.5840606689453125,0.3148915767669678,3.6154112815856934,0.07914142310619354,3.76278018951416
221,0,0,1,0.15475526452064514,3.5620734691619873,0.20594507455825806,3.6160545349121094,0.33646562695503235,3.6328446865081787,0.08972416818141937,3.7658817768096924
222,0,0,1,0.13948899507522583,3.5442919731140137,0.1717454493045807,3.5835800170898438,0.31797072291374207,3.621642827987671,0.07967952638864517,3.7756378650665283
223,0,0,1,0.1422293484210968,3.5455055236816406,0.1814313530921936,3.593508005142212,0.32146841287612915,3.624302625656128,0.08127391338348389,3.769249677658081
224,0,0,1,0.14472058415412903,3.563451051712036,0.1745954155921936,3.6328976154327393,0.3240094780921936,3.656404733657837,0.07922113686800003,3.81207537651062
225,0,0,1,0.14436183869838715,3.5504934787750244,0.18168048560619354,3.6010310649871826,0.3255341053009033,3.6295456886291504,0.07894212007522583,3.7879323959350586
226,0,0,1,0.1540178507566452,3.5681936740875244,0.19879524409770966,3.6393394470214844,0.3369837999343872,3.666440010070801,0.08254942297935486,3.8215837478637695
227,0,0,1,0.14952367544174194,3.555814743041992,0.19973692297935486,3.634753465652466,0.3303471803665161,3.6438417434692383,0.08675462007522583,3.7594761848449707
228,0,3,0,0.1296037882566452,3.5216822624206543,0.15314094722270966,3.569950580596924,0.30585339665412903,3.597074270248413,0.07286351919174194,3.843271255493164
229,0,0,1,0.14282724261283875,3.5602455139160156,0.17154616117477417,3.635608434677124,0.31755220890045166,3.6505789756774902,0.07866310328245163,3.822396755218506
230,0,0,1,0.13620057702064514,3.5378987789154053,0.163678839802742,3.571032762527466,0.31379544734954834,3.6048269271850586,0.07553412020206451,3.8007915019989014
231,0,0,1,0.15435665845870972,3.5735957622528076,0.19790337979793549,3.6484391689300537,0.3362862765789032,3.6616291999816895,0.08613679558038712,3.81050443649292
232,0,0,1,0.15117785334587097,3.563443422317505,0.19396723806858063,3.6293861865997314,0.3338647782802582,3.6513848304748535,0.085379458963871,3.783613443374634
233,0,0,1,0.13834303617477417,3.541381597518921,0.16560207307338715,3.5792641639709473,0.31398478150367737,3.61049222946167,0.07615194469690323,3.8209893703460693
234,0,0,1,0.13569235801696777,3.539031982421875,0.15954340994358063,3.5677835941314697,0.31204161047935486,3.6108131408691406,0.07527503371238708,3.789515495300293
235,0,0,1,0.1366489976644516,3.5418944358825684,0.16180045902729034,3.6068854331970215,0.3139548599720001,3.627816915512085,0.07362085580825806,3.7918245792388916
236,0,0,1,0.15111805498600006,3.565380811691284,0.19254723191261292,3.6393840312957764,0.33009806275367737,3.6556782722473145,0.08404416590929031,3.7870523929595947
237,0,0,1,0.13945910334587097,3.5414791107177734,0.17670300602912903,3.6003947257995605,0.31859853863716125,3.6339609622955322,0.07820472121238708,3.8114168643951416
238,0,0,1,0.14241868257522583,3.544220447540283,0.18225346505641937,3.588780403137207,0.3206014633178711,3.6240015029907227,0.08288823068141937,3.7595574855804443
239,0,0,1,0.15267258882522583,3.5664122104644775,0.1989048570394516,3.6444478034973145,0.33590760827064514,3.6612181663513184,0.08852837979793549,3.7982890605926514
240,0,0,1,0.14023636281490326,3.5433809757232666,0.1723981499671936,3.591052293777466,0.31972455978393555,3.6294219493865967,0.08005819469690323,3.7896440029144287
241,0,0,1,0.15866151452064514,3.569526433944702,0.2108777016401291,3.625035524368286,0.34350088238716125,3.65220046043396,0.0905412957072258,3.7955095767974854
242,0,0,1,0.14351482689380646,3.549021005630493,0.18023556470870972,3.5993807315826416,0.3217275142669678,3.6261537075042725,0.0818917378783226,3.767826795578003
243,0,0,1,0.16034558415412903,3.5852339267730713,0.21670220792293549,3.679718494415283,0.3507154881954193,3.681346893310547,0.09117905050516129,3.8393442630767822
244,0,0,1,0.1429966539144516,3.5448083877563477,0.18365353345870972,3.5848073959350586,0.3235311508178711,3.615424871444702,0.08159279078245163,3.7467024326324463
245,0,0,1,0.14151187241077423,3.543975830078125,0.17418187856674194,3.583397626876831,0.3210797905921936,3.6171751022338867,0.07908163219690323,3.7767136096954346
246,0,0,1,0.1374063342809677,3.542968988418579,0.1622488796710968,3.589730978012085,0.3120715022087097,3.621004581451416,0.07633130997419357,3.8177545070648193
247,0,0,1,0.15142697095870972,3.572716474533081,0.19117705523967743,3.6679697036743164,0.33179208636283875,3.6749157905578613,0.08169244229793549,3.792388439178467
248,0,0,1,0.13572224974632263,3.535902976989746,0.1637585610151291,3.569477081298828,0.31350645422935486,3.6114554405212402,0.07655054330825806,3.784431219100952
249,0,0,1,0.1379842907190323,3.5409114360809326,0.1703752726316452,3.591987133026123,0.31715360283851624,3.623904228210449,0.07794562727212906,3.7691128253936768
250,0,0,1,0.14991231262683868,3.5568997859954834,0.19963228702545166,3.6241295337677,0.33568838238716125,3.6370112895965576,0.08512037247419357,3.7667994499206543
251,0,0,1,0.15016143023967743,3.566328287124634,0.19029515981674194,3.650878429412842,0.32960978150367737,3.669165849685669,0.08306760340929031,3.797264814376831
252,0,0,1,0.1477299928665161,3.5644519329071045,0.1777592897415161,3.6076464653015137,0.3251454830169678,3.6488707065582275,0.08149313926696777,3.8014185428619385
253,0,0,1,0.14747090637683868,3.5652408599853516,0.18428131937980652,3.630833387374878,0.3297891318798065,3.6602509021759033,0.0811941921710968,3.800196409225464
254,0,0,1,0.13541334867477417,3.5377142429351807,0.16193996369838715,3.5753490924835205,0.31268933415412903,3.6123204231262207,0.07515545189380646,3.783081293106079
255,0,0,1,0.14502950012683868,3.5474095344543457,0.18756477534770966,3.595165252685547,0.32565370202064514,3.6174418926239014,0.08125398308038712,3.760117769241333
256,0,0,1,0.1374860405921936,3.542581796646118,0.16466039419174194,3.5878117084503174,0.3132075071334839,3.6149978637695312,0.07649075239896774,3.786607503890991
257,0,1,0,0.16202965378761292,3.571709632873535,0.22505280375480652,3.650202512741089,0.34985849261283875,3.6596028804779053,0.09299266338348389,3.771324396133423
258,0,0,1,0.14037586748600006,3.5480940341949463,0.17133191227912903,3.5960683822631836,0.3182198703289032,3.629767656326294,0.07918128371238708,3.7933552265167236
259,0,0,1,0.14862683415412903,3.5628561973571777,0.18624940514564514,3.609694719314575,0.33094507455825806,3.6470446586608887,0.08225047588348389,3.782893180847168
260,0,0,1,0.1432059109210968,3.56119966506958,0.17199458181858063,3.634183168411255,0.32105985283851624,3.6526894569396973,0.07944037020206451,3.828399419784546
261,0,0,1,0.1416015625,3.541520118713379,0.17820771038532257,3.587217330932617,0.3213687837123871,3.6132402420043945,0.07900191098451614,3.7785065174102783
262,0,0,1,0.15868143737316132,3.5713388919830322,0.2123674601316452,3.6443235874176025,0.34266382455825806,3.6650187969207764,0.09133848547935486,3.7756927013397217
263,0,0,1,0.13695789873600006,3.539435386657715,0.16790397465229034,3.589839458465576,0.31512075662612915,3.625462532043457,0.07726801186800003,3.7665719985961914
264,0,0,1,0.14803889393806458,3.573976755142212,0.1808733195066452,3.674563407897949,0.3257533311843872,3.6749770641326904,0.07764668017625809,3.8277721405029297
265,0,0,1,0.13661909103393555,3.5391685962677,0.1628667116165161,3.5669970512390137,0.31478196382522583,3.612839937210083,0.07698899507522583,3.793165922164917
266,0,0,1,0.1372767835855484,3.539125919342041,0.1700613796710968,3.5879526138305664,0.3147420883178711,3.61564040184021,0.07778619229793549,3.7694082260131836
267,0,0,1,0.14831791818141937,3.56087064743042,0.18882034718990326,3.633216381072998,0.32970941066741943,3.650376319885254,0.0821707546710968,3.7906863689422607
268,0,0,1,0.14365433156490326,3.54862642288208,0.17712651193141937,3.5921237468719482,0.3241689205169678,3.626755952835083,0.07844387739896774,3.7660059928894043
269,0,0,1,0.13802415132522583,3.539022445678711,0.171491339802742,3.5867979526519775,0.31581830978393555,3.617171049118042,0.07920120656490326,3.7757925987243652
270,0,0,1,0.14888592064380646,3.5490262508392334,0.19460000097751617,3.5979721546173096,0.3325294852256775,3.6242432594299316,0.08585777878761292,3.765320301055908
271,0,0,1,0.13938935101032257,3.5438232421875,0.17342951893806458,3.5988852977752686,0.3169044852256775,3.6322872638702393,0.07942043989896774,3.7769134044647217
272,0,0,1,0.14081433415412903,3.5504918098449707,0.17275689542293549,3.6101865768432617,0.31887754797935486,3.6314687728881836,0.07880261540412903,3.7905917167663574
273,0,0,1,0.14011678099632263,3.5465471744537354,0.16890545189380646,3.5840117931365967,0.31847894191741943,3.621870994567871,0.07804527878761292,3.782431125640869
274,0,0,1,0.14896564185619354,3.553147315979004,0.19266681373119354,3.619488477706909,0.33045679330825806,3.6424219608306885,0.08294802159070969,3.7859201431274414
275,0,0,1,0.14414261281490326,3.560387134552002,0.17484454810619354,3.6458451747894287,0.31851881742477417,3.6604931354522705,0.07758688926696777,3.7988698482513428
276,0,0,1,0.14108338952064514,3.5454161167144775,0.17611008882522583,3.585638999938965,0.3203125,3.617253541946411,0.07916135340929031,3.772406816482544
277,0,0,1,0.13417768478393555,3.5338284969329834,0.15948860347270966,3.5677599906921387,0.31141382455825806,3.606412649154663,0.07583306729793549,3.799999952316284
278,0,0,1,0.14205995202064514,3.5467872619628906,0.1757214516401291,3.5884087085723877,0.3210797905921936,3.620868444442749,0.0788225457072258,3.7886219024658203
279,0,0,1,0.1383828967809677,3.5407936573028564,0.17280671000480652,3.5802555084228516,0.3167450428009033,3.616246223449707,0.07997847348451614,3.7667579650878906
280,0,0,1,0.13900071382522583,3.543766498565674,0.16617506742477417,3.5777764320373535,0.3162866532802582,3.6150598526000977,0.07521524280309677,3.797032356262207
281,0,0,1,0.1423788219690323,3.547732353210449,0.17895008623600006,3.584864616394043,0.32342153787612915,3.627249240875244,0.08067601919174194,3.7675395011901855
282,0,0,1,0.14516900479793549,3.558415651321411,0.17684748768806458,3.608271837234497,0.32571348547935486,3.6488099098205566,0.07920120656490326,3.78082537651062
283,0,0,1,0.1354731321334839,3.540419340133667,0.1574109047651291,3.585984230041504,0.3099091053009033,3.6209003925323486,0.07399951666593552,3.828979253768921
284,0,0,1,0.1394292116165161,3.540666103363037,0.1749890297651291,3.5789413452148438,0.3196049928665161,3.6153149604797363,0.07959980517625809,3.760390520095825
285,0,0,1,0.14419244229793549,3.5593643188476562,0.17320531606674194,3.603774070739746,0.3235809803009033,3.648620367050171,0.07772640138864517,3.8035898208618164
286,0,0,1,0.1508191078901291,3.555335283279419,0.20127151906490326,3.6093177795410156,0.3360770046710968,3.627112627029419,0.0870535671710968,3.7886905670166016
287,0,0,1,0.14498963952064514,3.564467430114746,0.17268215119838715,3.631427049636841,0.3198740482330322,3.662616729736328,0.07758688926696777,3.818392038345337
288,0,0,1,0.14672352373600006,3.5656750202178955,0.1810825914144516,3.6331169605255127,0.3231026828289032,3.658987283706665,0.083984375,3.799952507019043
289,0,0,1,0.14311622083187103,3.5454671382904053,0.18179507553577423,3.590319871902466,0.32531487941741943,3.6163389682769775,0.08083545416593552,3.7657790184020996
290,0,0,1,0.1404157280921936,3.558015823364258,0.1609335094690323,3.6161611080169678,0.31483179330825806,3.640596389770508,0.07531488686800003,3.8364646434783936
291,0,0,1,0.1496332883834839,3.5736546516418457,0.19501355290412903,3.7027082443237305,0.3291613459587097,3.692661762237549,0.07991868257522583,3.8695759773254395
292,0,0,1,0.1374860405921936,3.5396101474761963,0.1645956188440323,3.577902317047119,0.3142438530921936,3.6075472831726074,0.07513552159070969,3.7949602603912354
293,0,0,1,0.14856703579425812,3.565296173095703,0.18545220792293549,3.625211477279663,0.32975924015045166,3.655717372894287,0.08081553131341934,3.8073983192443848
294,0,0,1,0.1481584757566452,3.552058219909668,0.19210878014564514,3.606452703475952,0.33080556988716125,3.625990390777588,0.08623644709587097,3.767275333404541
295,0,0,1,0.13627032935619354,3.5403289794921875,0.16305604577064514,3.5802114009857178,0.3135363459587097,3.615783214569092,0.07513552159070969,3.7777187824249268
296,0,0,1,0.13914021849632263,3.542290449142456,0.16690249741077423,3.5768702030181885,0.3153699040412903,3.6035451889038086,0.07565369457006454,3.8069019317626953
297,0,0,1,0.14595623314380646,3.565781354904175,0.17561683058738708,3.640139579772949,0.3228934109210968,3.663241147994995,0.07790576666593552,3.794320821762085
298,0,0,1,0.13810387253761292,3.544844388961792,0.16768474876880646,3.589362621307373,0.3165457546710968,3.6217968463897705,0.07918128371238708,3.808708667755127
299,0,0,1,0.14567720890045166,3.5515425205230713,0.18410195410251617,3.601677894592285,0.32474687695503235,3.632636785507202,0.081473208963871,3.772749423980713
300,0,0,1,0.1453782618045807,3.5516486167907715,0.186767578125,3.6264638900756836,0.3295798599720001,3.6394145488739014,0.0830078125,3.7810323238372803
301,0,0,1,0.15077924728393555,3.5718722343444824,0.18211893737316132,3.6532063484191895,0.3304368555545807,3.6768999099731445,0.07985889166593552,3.812577962875366
302,0,0,1,0.15144690871238708,3.561455488204956,0.19399712979793549,3.620197296142578,0.333984375,3.6482276916503906,0.08394451439380646,3.76068377494812
303,0,3,0,0.14485011994838715,3.566662073135376,0.17453065514564514,3.6779239177703857,0.3200235068798065,3.687466859817505,0.07848373800516129,3.8181817531585693
304,0,0,1,0.14568717777729034,3.565321445465088,0.16927912831306458,3.61601185798645,0.3217175602912903,3.6510143280029297,0.07876275479793549,3.844888687133789
305,0,0,1,0.13607102632522583,3.538703680038452,0.16135701537132263,3.5632545948028564,0.3132573366165161,3.603830099105835,0.07423868030309677,3.7911410331726074
306,0,0,1,0.15452606976032257,3.5687754154205322,0.1976243555545807,3.638866424560547,0.3355887234210968,3.6672210693359375,0.08308753371238708,3.7711682319641113
307,0,0,1,0.14417250454425812,3.5618605613708496,0.17068418860435486,3.627579689025879,0.32118940353393555,3.657607316970825,0.0792410671710968,3.8035714626312256
308,0,0,1,0.15075932443141937,3.563156843185425,0.19166533648967743,3.6176562309265137,0.3319116532802582,3.6433889865875244,0.08456233888864517,3.791656732559204
309,0,0,1,0.13899074494838715,3.5430169105529785,0.17229850590229034,3.594517230987549,0.31784120202064514,3.625,0.07846380770206451,3.7914655208587646
310,0,3,0,0.14358457922935486,3.5468804836273193,0.18344427645206451,3.5977511405944824,0.32117944955825806,3.618690013885498,0.08308753371238708,3.7704484462738037
311,0,0,1,0.14059510827064514,3.541214942932129,0.17412208020687103,3.5789623260498047,0.3201131820678711,3.608112335205078,0.07906170189380646,3.767582654953003
312,0,0,1,0.15380859375,3.5736312866210938,0.20335917174816132,3.671297311782837,0.33544921875,3.6825594902038574,0.08402423560619354,3.8474857807159424
313,0,0,1,0.14839763939380646,3.5609724521636963,0.18048469722270966,3.6088781356811523,0.3275669515132904,3.642765998840332,0.08071587979793549,3.8195061683654785
314,0,0,1,0.15420718491077423,3.572601079940796,0.19909419119358063,3.6703622341156006,0.33430325984954834,3.6737213134765625,0.08589763939380646,3.791647434234619
315,0,0,1,0.1400071680545807,3.5435588359832764,0.170654296875,3.587690830230713,0.31803053617477417,3.6184239387512207,0.07752710580825806,3.790745496749878
316,0,0,1,0.13901068270206451,3.5460214614868164,0.1653280407190323,3.595865249633789,0.3149513602256775,3.6231727600097656,0.07712850719690323,3.798966407775879
317,0,0,1,0.13953882455825806,3.542955160140991,0.16927912831306458,3.584105968475342,0.318359375,3.616877317428589,0.07621173560619354,3.790795087814331
318,0,0,1,0.13674864172935486,3.5386576652526855,0.1660604625940323,3.574544668197632,0.3145029544830322,3.6113240718841553,0.07724808156490326,3.7905056476593018
319,0,0,1,0.14566725492477417,3.5536324977874756,0.18703164160251617,3.6193723678588867,0.32446786761283875,3.639906644821167,0.08219068497419357,3.758971929550171
320,0,0,1,0.14323580265045166,3.5486295223236084,0.1813715696334839,3.6028239727020264,0.3234713673591614,3.6222851276397705,0.08099489659070969,3.797244071960449
321,0,0,1,0.13868184387683868,3.543651580810547,0.16634446382522583,3.5845563411712646,0.3164759874343872,3.618438959121704,0.07690928131341934,3.789064407348633
322,0,0,1,0.14456114172935486,3.546908378601074,0.18117226660251617,3.591991662979126,0.3257334232330322,3.6226749420166016,0.08067601919174194,3.79347825050354
323,0,0,1,0.14539819955825806,3.559865713119507,0.174176886677742,3.6081011295318604,0.3227040767669678,3.64639949798584,0.07886240631341934,3.801617383956909
324,0,0,1,0.14562739431858063,3.546804428100586,0.19109733402729034,3.595609426498413,0.32698899507522583,3.6250076293945312,0.08561862260103226,3.7423183917999268
325,0,0,1,0.13705755770206451,3.5379526615142822,0.16833247244358063,3.578629493713379,0.3154994249343872,3.6222167015075684,0.07816486060619354,3.763640880584717
326,0,0,1,0.1385423243045807,3.545062303543091,0.16641920804977417,3.5976767539978027,0.31475207209587097,3.616633892059326,0.07678969949483871,3.806903600692749
327,0,0,1,0.13806401193141937,3.5426199436187744,0.16927912831306458,3.583576202392578,0.3155791461467743,3.615649461746216,0.07716836780309677,3.7598140239715576
328,0,0,1,0.14217951893806458,3.5560696125030518,0.17288145422935486,3.6237246990203857,0.3192761540412903,3.645599365234375,0.07985889166593552,3.8240578174591064
329,0,0,1,0.15837252140045166,3.571761131286621,0.21468928456306458,3.6639978885650635,0.3440190553665161,3.671783924102783,0.08805005997419357,3.7928926944732666
330,0,0,1,0.14357461035251617,3.5596890449523926,0.17019590735435486,3.6109371185302734,0.3222157955169678,3.650378942489624,0.07886240631341934,3.808187961578369
331,0,0,1,0.13165657222270966,3.5219497680664062,0.16282185912132263,3.5551271438598633,0.3125,3.597959280014038,0.07621173560619354,3.780334711074829
332,0,0,1,0.13578204810619354,3.537722110748291,0.16350944340229034,3.572721481323242,0.3132772445678711,3.6110758781433105,0.07615194469690323,3.7783303260803223
333,0,0,1,0.1441127210855484,3.545844316482544,0.18560168147087097,3.593299627304077,0.32384008169174194,3.617945671081543,0.08360570669174194,3.7578070163726807
334,0,0,1,0.15381856262683868,3.574695587158203,0.20289580523967743,3.683905601501465,0.33773118257522583,3.6842026710510254,0.08478156477212906,3.8102962970733643
335,0,0,1,0.14337532222270966,3.545246124267578,0.1831752210855484,3.5901424884796143,0.3250657618045807,3.6230342388153076,0.08187180757522583,3.744401216506958
336,0,0,1,0.1347058266401291,3.535508155822754,0.16189512610435486,3.5760316848754883,0.31128427386283875,3.6135475635528564,0.07670997828245163,3.7838399410247803
337,0,0,1,0.13661909103393555,3.539970874786377,0.16809330880641937,3.5932061672210693,0.3152303695678711,3.6228108406066895,0.07788584381341934,3.764841318130493
338,0,0,1,0.13631018996238708,3.5362966060638428,0.16592095792293549,3.576829433441162,0.31485170125961304,3.609539270401001,0.07513552159070969,3.798143148422241
339,0,0,1,0.13960857689380646,3.5448250770568848,0.1729213148355484,3.6013946533203125,0.31756216287612915,3.6274006366729736,0.07902184128761292,3.798738956451416
340,0,0,1,0.15237364172935486,3.555424690246582,0.2048588991165161,3.6337192058563232,0.336635023355484,3.654372215270996,0.08723293989896774,3.7708475589752197
341,0,0,1,0.1557019203901291,3.5688319206237793,0.20672233402729034,3.660400152206421,0.3389369249343872,3.666598081588745,0.08569833636283875,3.803023338317871
342,0,0,1,0.14545798301696777,3.5520997047424316,0.1820940226316452,3.587763786315918,0.32390981912612915,3.6259961128234863,0.08250956237316132,3.7625603675842285
343,0,0,1,0.1376255601644516,3.541524887084961,0.16389308869838715,3.580044984817505,0.3153499662876129,3.6127471923828125,0.07413902878761292,3.7975807189941406
344,0,0,1,0.1408243030309677,3.5436596870422363,0.1774204820394516,3.5865652561187744,0.3193259537220001,3.6176626682281494,0.08069594949483871,3.7774758338928223
345,0,0,1,0.14350485801696777,3.54864239692688,0.17976722121238708,3.5945122241973877,0.32412904500961304,3.629138946533203,0.08179209381341934,3.763401508331299
346,0,0,1,0.13959860801696777,3.5537867546081543,0.1598871946334839,3.5856029987335205,0.3181600570678711,3.6374030113220215,0.07481664419174194,3.8340437412261963
347,0,0,1,0.13758569955825806,3.5424060821533203,0.16891542077064514,3.596130132675171,0.3158482015132904,3.62528395652771,0.0765904039144516,3.772833824157715
348,0,0,1,0.14246851205825806,3.5464084148406982,0.18096798658370972,3.584923267364502,0.32265424728393555,3.6217918395996094,0.08284837007522583,3.793360710144043
349,0,0,1,0.14379383623600006,3.550727605819702,0.17921416461467743,3.620840072631836,0.3210698366165161,3.6370887756347656,0.07975924760103226,3.794102907180786
350,0,0,1,0.1408442258834839,3.547261953353882,0.16996173560619354,3.5921669006347656,0.31839922070503235,3.6207435131073,0.07649075239896774,3.8335070610046387
351,0,0,1,0.14762037992477417,3.563993453979492,0.18568140268325806,3.6332948207855225,0.3291513919830322,3.6573219299316406,0.08167251199483871,3.8096632957458496
352,1,1,1,0.26956114172935486,3.5556540489196777,0.4844447374343872,3.5848400592803955,0.4853017330169678,3.582308292388916,0.19660793244838715,3.6364927291870117
353,1,1,1,0.28833505511283875,3.5834109783172607,0.5374332070350647,3.6156861782073975,0.5187439918518066,3.602128505706787,0.22171954810619354,3.6448538303375244
354,1,1,1,0.32990872859954834,3.5549280643463135,0.6090810298919678,3.5594420433044434,0.548359751701355,3.5582692623138428,0.25324857234954834,3.596285581588745
355,1,1,1,0.3057238459587097,3.563689708709717,0.5727788209915161,3.5903234481811523,0.5328443646430969,3.5879337787628174,0.23288024961948395,3.6221652030944824
356,1,1,1,0.2996751368045807,3.558008909225464,0.563008189201355,3.5860989093780518,0.5278220772743225,3.5826914310455322,0.23658721148967743,3.628843307495117
357,1,1,1,0.32990872859954834,3.5549280643463135,0.6090810298919678,3.5594420433044434,0.548359751701355,3.5582692623138428,0.25324857234954834,3.596285581588745
358,1,1,1,0.21339882910251617,3.5709550380706787,0.35789021849632263,3.622274875640869,0.4201211631298065,3.618121385574341,0.1476801633834839,3.6987855434417725
359,1,1,1,0.3275669515132904,3.5624239444732666,0.6083585619926453,3.5705487728118896,0.5494957566261292,3.5627188682556152,0.24806679785251617,3.606893301010132
360,1,1,1,0.30556440353393555,3.5559613704681396,0.570466935634613,3.565570592880249,0.5339903235435486,3.5609195232391357,0.23234215378761292,3.606536388397217
361,1,1,1,0.27296915650367737,3.5781404972076416,0.4973493218421936,3.6299939155578613,0.49550580978393555,3.621598720550537,0.2046595960855484,3.6667640209198
362,1,1,1,0.3184291124343872,3.5622594356536865,0.5908750891685486,3.570810556411743,0.5399394035339355,3.571441650390625,0.24465879797935486,3.6004397869110107
363,1,1,1,0.20166015625,3.569056749343872,0.3254992365837097,3.6227097511291504,0.4049844443798065,3.619399070739746,0.13829320669174194,3.7055771350860596
364,1,1,1,0.24580475687980652,3.585397481918335,0.44307535886764526,3.639547109603882,0.47227758169174194,3.631598949432373,0.17839205265045166,3.679365396499634
365,1,1,1,0.2573341727256775,3.5726068019866943,0.446064829826355,3.604811906814575,0.46732500195503235,3.6112544536590576,0.18124201893806458,3.653287887573242
366,1,1,1,0.29328763484954834,3.558134078979492,0.5367854833602905,3.5822713375091553,0.5124959945678711,3.583608865737915,0.22769849002361298,3.6169803142547607
367,1,1,1,0.23834103345870972,3.5936532020568848,0.42022082209587097,3.657291889190674,0.4579380452632904,3.6371450424194336,0.16988201439380646,3.689582347869873
368,1,1,1,0.2683354616165161,3.5876410007476807,0.49658203125,3.6517367362976074,0.5001096129417419,3.625002384185791,0.20416134595870972,3.6699531078338623
369,1,0,0,0.1826271414756775,3.5961151123046875,0.29790636897087097,3.690889835357666,0.4026825428009033,3.6569414138793945,0.12147241830825806,3.7773585319519043
370,1,1,1,0.2895607352256775,3.5606372356414795,0.5242446660995483,3.5864014625549316,0.5119977593421936,3.5856363773345947,0.2156010866165161,3.621464252471924
371,1,3,0,0.15875118970870972,3.5883498191833496,0.20852598547935486,3.6934914588928223,0.34183672070503235,3.6675024032592773,0.08918606489896774,3.8677093982696533
372,1,1,1,0.1894630789756775,3.5403671264648438,0.30294862389564514,3.56225848197937,0.39039579033851624,3.58187198638916,0.13038106262683868,3.700244665145874
373,1,1,1,0.2932477593421936,3.560316801071167,0.5466707348823547,3.5723986625671387,0.5160734057426453,3.570236921310425,0.21938775479793549,3.6163699626922607
374,1,1,1,0.3071189224720001,3.572582721710205,0.5805514454841614,3.599842071533203,0.5369300246238708,3.585019111633301,0.2446388602256775,3.6221587657928467
375,1,1,1,0.32056161761283875,3.5445616245269775,0.590974748134613,3.5458767414093018,0.5412248969078064,3.5492055416107178,0.243024542927742,3.591520309448242
376,1,1,1,0.2640903890132904,3.5841445922851562,0.47905871272087097,3.6231682300567627,0.48358777165412903,3.617898464202881,0.19240273535251617,3.6609694957733154
377,1,0,0,0.15746571123600006,3.571636438369751,0.22152522206306458,3.6786396503448486,0.34993821382522583,3.658085823059082,0.09414859861135483,3.84102463722229
378,1,1,1,0.34951967000961304,3.5475409030914307,0.6579091548919678,3.551213502883911,0.5750458240509033,3.545306444168091,0.28059232234954834,3.5900986194610596
379,1,1,1,0.2528798580169678,3.5754029750823975,0.4456612765789032,3.62878155708313,0.4715401828289032,3.6312553882598877,0.19160553812980652,3.6810901165008545
380,1,1,1,0.2324916273355484,3.566885232925415,0.3927774131298065,3.6034350395202637,0.44178491830825806,3.611900568008423,0.16065450012683868,3.6577348709106445
381,1,0,0,0.20238758623600006,3.5750861167907715,0.3379404544830322,3.5801315307617188,0.41208943724632263,3.58910870552063,0.1336495578289032,3.7114524841308594
382,1,1,1,0.28937140107154846,3.573883295059204,0.5395657420158386,3.6014516353607178,0.5193219780921936,3.5899643898010254,0.21797272562980652,3.626314401626587
383,1,1,1,0.23746411502361298,3.5793118476867676,0.4190349876880646,3.6379635334014893,0.4616549611091614,3.6276333332061768,0.17488440871238708,3.6828489303588867
384,1,1,1,0.2834024131298065,3.571765184402466,0.5178123116493225,3.605992555618286,0.5025011897087097,3.606381416320801,0.21426577866077423,3.6342666149139404
385,1,1,1,0.2718829810619354,3.571763753890991,0.49928250908851624,3.6125857830047607,0.49486804008483887,3.6087472438812256,0.20497846603393555,3.639669418334961
386,1,1,1,0.24824616312980652,3.604126453399658,0.466761976480484,3.670071840286255,0.48894888162612915,3.6390650272369385,0.2019491344690323,3.7448928356170654
387,1,1,1,0.28957071900367737,3.5744175910949707,0.5426050424575806,3.6127195358276367,0.5183354616165161,3.6070823669433594,0.23391661047935486,3.639004945755005
388,1,1,1,0.27948620915412903,3.573038101196289,0.5139010548591614,3.617905378341675,0.5078025460243225,3.6100199222564697,0.21518255770206451,3.651106834411621
389,1,1,1,0.30557435750961304,3.5597586631774902,0.5582848191261292,3.576296329498291,0.5246033668518066,3.5825815200805664,0.2278180718421936,3.6219053268432617
390,1,1,1,0.24374201893806458,3.5689697265625,0.4100366532802582,3.6019489765167236,0.450215220451355,3.603895425796509,0.16625477373600006,3.6633901596069336
391,1,1,1,0.231794074177742,3.5890116691589355,0.4234295189380646,3.6666901111602783,0.4663683772087097,3.6435117721557617,0.18287627398967743,3.7118570804595947
392,1,1,1,0.3300681412220001,3.5513389110565186,0.5992904901504517,3.55671763420105,0.5440050959587097,3.5515825748443604,0.2474888414144516,3.5894668102264404
393,1,0,0,0.19041971862316132,3.596315860748291,0.31193697452545166,3.649911403656006,0.3973214328289032,3.6426315307617188,0.12553811073303223,3.755040407180786
394,1,1,1,0.27221181988716125,3.5584068298339844,0.4725615680217743,3.5885708332061768,0.4811762571334839,3.5973451137542725,0.19054926931858063,3.6440749168395996
395,1,1,1,0.28233617544174194,3.568312644958496,0.5195262432098389,3.5883610248565674,0.5036770701408386,3.5830843448638916,0.20962212979793549,3.6279711723327637
396,1,1,1,0.26169881224632263,3.5710151195526123,0.4682168662548065,3.5974161624908447,0.48095703125,3.5998756885528564,0.18698182702064514,3.6393094062805176
397,1,0,0,0.2081473171710968,3.569322109222412,0.34292787313461304,3.601290225982666,0.4141222834587097,3.6055874824523926,0.13819356262683868,3.679694175720215
398,1,1,1,0.2523517310619354,3.592599868774414,0.45830675959587097,3.6553313732147217,0.47352319955825806,3.638439416885376,0.18901465833187103,3.693694591522217
399,1,1,1,0.2772640287876129,3.5687177181243896,0.5081662535667419,3.6180055141448975,0.5055504441261292,3.6052865982055664,0.2214803844690323,3.6554486751556396
400,1,1,1,0.2791673243045807,3.562091827392578,0.4937220811843872,3.580026626586914,0.48998522758483887,3.5868093967437744,0.1960698366165161,3.6340720653533936
401,1,0,0,0.13949896395206451,3.5533251762390137,0.1633549928665161,3.640700340270996,0.31785115599632263,3.651848077774048,0.07308274507522583,3.8797380924224854
402,1,1,1,0.2537667453289032,3.5717427730560303,0.42806321382522583,3.6000187397003174,0.45666253566741943,3.6133501529693604,0.17042012512683868,3.6607413291931152
403,1,1,1,0.3078164756298065,3.5716090202331543,0.5725595951080322,3.594308853149414,0.5349968075752258,3.5924229621887207,0.23712530732154846,3.6274163722991943
404,1,1,1,0.26244619488716125,3.572502613067627,0.4665427505970001,3.6287364959716797,0.48246172070503235,3.636380434036255,0.19549186527729034,3.684779167175293
405,1,0,0,0.18693199753761292,3.5981128215789795,0.3120216727256775,3.665144443511963,0.40399792790412903,3.6390163898468018,0.12529894709587097,3.779386043548584
406,1,1,1,0.343470960855484,3.560084819793701,0.6551339030265808,3.5606138706207275,0.5765305757522583,3.551922082901001,0.2768654227256775,3.593363046646118
407,1,1,1,0.2931879758834839,3.568758010864258,0.5527742505073547,3.599888324737549,0.5263372659683228,3.5957703590393066,0.22456951439380646,3.628150463104248
408,1,1,1,0.21466436982154846,3.59144926071167,0.3645467758178711,3.7077877521514893,0.41861647367477417,3.698326587677002,0.15088887512683868,3.781402826309204
409,1,1,1,0.34030213952064514,3.5551977157592773,0.6477200388908386,3.5580615997314453,0.5703125,3.553903341293335,0.27696508169174194,3.5971791744232178
410,1,1,1,0.34050142765045166,3.560023307800293,0.6388661861419678,3.564898729324341,0.5657385587692261,3.5535728931427,0.2651466727256775,3.5988423824310303
411,1,1,1,0.26077207922935486,3.582979917526245,0.46633848547935486,3.64054012298584,0.47737962007522583,3.63731050491333,0.18686224520206451,3.680354118347168
412,1,0,0,0.1796974539756775,3.580491304397583,0.27148935198783875,3.6723008155822754,0.3799425959587097,3.6649444103240967,0.1169084832072258,3.7785544395446777
413,1,1,1,0.24384167790412903,3.5731916427612305,0.4218999147415161,3.6458070278167725,0.4556461274623871,3.6500601768493652,0.17087849974632263,3.707720994949341
414,1,1,1,0.2538364827632904,3.5699760913848877,0.45274633169174194,3.6146278381347656,0.47666212916374207,3.61318302154541,0.18957270681858063,3.6515979766845703
415,1,1,1,0.18801817297935486,3.5772736072540283,0.2907216548919678,3.6608681678771973,0.39039579033851624,3.64433217048645,0.12213009595870972,3.7571802139282227
416,1,1,1,0.23484334349632263,3.594984531402588,0.42281168699264526,3.6844449043273926,0.45945271849632263,3.6608757972717285,0.17883051931858063,3.712470769882202
417,1,1,1,0.27438417077064514,3.5774104595184326,0.4967813193798065,3.6131627559661865,0.49216756224632263,3.6100223064422607,0.1974848508834839,3.6553637981414795
418,1,1,1,0.25917768478393555,3.6098272800445557,0.5006078481674194,3.689013957977295,0.5073640942573547,3.651085138320923,0.2134486585855484,3.705228805541992
419,1,1,1,0.3301478624343872,3.5807249546051025,0.6429169178009033,3.5873398780822754,0.5738899111747742,3.564706325531006,0.26969069242477417,3.597324848175049
420,1,0,0,0.2077287882566452,3.5537753105163574,0.3356136381626129,3.5650765895843506,0.40760523080825806,3.5778162479400635,0.1316167116165161,3.696547508239746
421,1,1,1,0.2952806055545807,3.586021900177002,0.5627042651176453,3.622302770614624,0.5298449397087097,3.6049914360046387,0.22913344204425812,3.6528658866882324
422,1,1,1,0.32321229577064514,3.5383381843566895,0.5823301672935486,3.537355899810791,0.5320571660995483,3.543835401535034,0.23907843232154846,3.6005334854125977
423,1,1,1,0.3092115819454193,3.5691587924957275,0.5764060616493225,3.5944747924804688,0.5334123969078064,3.5882978439331055,0.23915815353393555,3.623833417892456
424,1,1,1,0.3129384517669678,3.5610432624816895,0.5796994566917419,3.5676076412200928,0.535554826259613,3.564286231994629,0.23505261540412903,3.5975072383880615
425,1,1,1,0.2935467064380646,3.5536696910858154,0.5268405079841614,3.580268383026123,0.5131038427352905,3.593832015991211,0.21181440353393555,3.671151638031006
426,1,0,0,0.1921037882566452,3.5814919471740723,0.3182995915412903,3.634869337081909,0.4059610068798065,3.598787307739258,0.13179607689380646,3.7113261222839355
427,1,1,1,0.24998006224632263,3.5682053565979004,0.4318747818470001,3.613124370574951,0.4627511203289032,3.620267868041992,0.1781529039144516,3.681731700897217
428,1,1,1,0.23148517310619354,3.5894532203674316,0.4114915430545807,3.686152935028076,0.4555165767669678,3.6644206047058105,0.1819196343421936,3.7191059589385986
429,1,0,0,0.18886518478393555,3.567403554916382,0.2904476225376129,3.6167702674865723,0.3835897445678711,3.6179144382476807,0.11931999027729034,3.7404375076293945
430,1,1,1,0.2228655070066452,3.5750949382781982,0.38327088952064514,3.61504864692688,0.43942323327064514,3.609633207321167,0.15760523080825806,3.6636316776275635
431,1,1,1,0.3229830861091614,3.5712082386016846,0.6208944320678711,3.583648920059204,0.5611148476600647,3.566197156906128,0.25597894191741943,3.6038618087768555
432,1,1,1,0.30360132455825806,3.5586044788360596,0.564208984375,3.573044538497925,0.5252411365509033,3.5713446140289307,0.23678649961948395,3.60920786857605
433,1,1,1,0.29453322291374207,3.551206111907959,0.5210359692573547,3.5656280517578125,0.5054807066917419,3.5706145763397217,0.20886479318141937,3.6172709465026855
434,1,1,1,0.3517916798591614,3.565674304962158,0.6833346486091614,3.5563478469848633,0.5956632494926453,3.5420236587524414,0.2840600907802582,3.574615955352783
435,1,1,1,0.2842594087123871,3.565589189529419,0.5016441941261292,3.5948233604431152,0.4970005452632904,3.596250534057617,0.20454001426696777,3.6432816982269287
436,1,1,1,0.2541354298591614,3.5844409465789795,0.45999082922935486,3.6600594520568848,0.48575013875961304,3.6407294273376465,0.2048788219690323,3.685408592224121
437,1,1,1,0.32990872859954834,3.5549280643463135,0.6090810298919678,3.5594420433044434,0.548359751701355,3.5582692623138428,0.25324857234954834,3.596285581588745
438,1,1,1,0.2553611099720001,3.635526418685913,0.48697084188461304,3.6188342571258545,0.47980108857154846,3.60908842086792,0.18588568270206451,3.65112042427063
439,1,0,0,0.19052933156490326,3.598797082901001,0.31880778074264526,3.6672708988189697,0.411152720451355,3.652423620223999,0.12314651906490326,3.763230323791504
440,1,1,1,0.22345343232154846,3.540893793106079,0.3576161861419678,3.5624661445617676,0.42499402165412903,3.590939998626709,0.15045040845870972,3.6612796783447266
441,1,1,1,0.29475247859954834,3.5771324634552,0.545564591884613,3.6066741943359375,0.5210259556770325,3.604827404022217,0.22564572095870972,3.6376965045928955
442,1,1,1,0.2578025162220001,3.585752487182617,0.4682467579841614,3.6454739570617676,0.4843151867389679,3.6254475116729736,0.19282126426696777,3.685994863510132
443,1,1,1,0.24688097834587097,3.573884963989258,0.42505380511283875,3.609776020050049,0.4545200765132904,3.6129088401794434,0.1725725382566452,3.659083127975464
444,1,1,1,0.33840879797935486,3.5623674392700195,0.653982937335968,3.5636041164398193,0.5807656645774841,3.551037311553955,0.28043287992477417,3.5821192264556885
445,1,1,1,0.20844626426696777,3.5799789428710938,0.34212571382522583,3.6649580001831055,0.4102957546710968,3.653130531311035,0.13833306729793549,3.741391658782959
446,1,1,1,0.25563016533851624,3.596811294555664,0.4811862111091614,3.674349784851074,0.49766820669174194,3.6552000045776367,0.21201370656490326,3.6946794986724854
447,1,1,1,0.30605268478393555,3.5755867958068848,0.5815379619598389,3.5897254943847656,0.5374581217765808,3.585482597351074,0.23987562954425812,3.6319375038146973
448,1,1,1,0.3040597140789032,3.5688395500183105,0.5688924789428711,3.5824100971221924,0.5292869210243225,3.5811352729797363,0.23323899507522583,3.6185593605041504
449,1,1,1,0.24793726205825806,3.5791568756103516,0.44005101919174194,3.6204030513763428,0.46551138162612915,3.618302583694458,0.18650349974632263,3.6524899005889893
450,1,1,1,0.27458345890045166,3.5867538452148438,0.5198102593421936,3.622249126434326,0.5082310438156128,3.6044468879699707,0.21281090378761292,3.6503090858459473
451,1,0,0,0.21792291104793549,3.538616418838501,0.3517617881298065,3.558328628540039,0.41695231199264526,3.578294515609741,0.14441166818141937,3.6599502563476562
452,1,1,1,0.30933114886283875,3.578216552734375,0.5940389633178711,3.6121315956115723,0.5533920526504517,3.5836963653564453,0.2572743892669678,3.624525547027588
453,1,1,1,0.3176518678665161,3.5787243843078613,0.604736328125,3.597109794616699,0.5522560477256775,3.5771563053131104,0.2576929032802582,3.609203338623047
454,1,0,0,0.16391302645206451,3.576448440551758,0.22586993873119354,3.6746299266815186,0.3544423580169678,3.6758413314819336,0.09335140138864517,3.873398780822754
455,1,1,1,0.2611407935619354,3.5776920318603516,0.48391661047935486,3.6260862350463867,0.4912906587123871,3.6183927059173584,0.20434071123600006,3.666731595993042
456,1,1,1,0.32990872859954834,3.5549280643463135,0.6090810298919678,3.5594420433044434,0.548359751701355,3.5582692623138428,0.25324857234954834,3.596285581588745
457,1,1,1,0.30046236515045166,3.5644071102142334,0.5624601244926453,3.586351156234741,0.5252909660339355,3.5898244380950928,0.2343152016401291,3.628901958465576
458,1,1,1,0.2827247977256775,3.5685181617736816,0.533935546875,3.6009442806243896,0.5160833597183228,3.5921027660369873,0.22680164873600006,3.6224076747894287
459,1,1,1,0.26920241117477417,3.563464641571045,0.4898507297039032,3.61377215385437,0.49431002140045166,3.605987310409546,0.20970185101032257,3.665747880935669
460,1,1,1,0.2567462623119354,3.6112945079803467,0.4777682423591614,3.6749608516693115,0.4868761897087097,3.649522066116333,0.20601482689380646,3.7284512519836426
461,1,1,1,0.2582210600376129,3.576313018798828,0.470424085855484,3.6102354526519775,0.4790537357330322,3.608665704727173,0.1916852593421936,3.646184206008911
462,1,1,1,0.2521524131298065,3.587930679321289,0.4494878053665161,3.622697114944458,0.4715600907802582,3.605638027191162,0.18156090378761292,3.654555320739746
463,1,0,0,0.20874521136283875,3.5971453189849854,0.35221022367477417,3.6781723499298096,0.42499402165412903,3.6646814346313477,0.14562739431858063,3.7569453716278076
464,1,1,1,0.33717313408851624,3.5586652755737305,0.6389458775520325,3.563861131668091,0.5667948722839355,3.5534555912017822,0.26644212007522583,3.591068983078003
465,1,1,1,0.2579021751880646,3.5769097805023193,0.48459920287132263,3.615920066833496,0.4903041124343872,3.58986234664917,0.19750477373600006,3.6493442058563232
466,1,1,1,0.23509247601032257,3.5800271034240723,0.4143165946006775,3.649016857147217,0.45747965574264526,3.6377835273742676,0.1770368218421936,3.695373296737671
467,1,0,0,0.2091238796710968,3.560325860977173,0.3378308415412903,3.584242820739746,0.4075852930545807,3.600264072418213,0.1354631632566452,3.70369291305542
468,1,0,0,0.19548189640045166,3.566702365875244,0.3109404742717743,3.5945327281951904,0.39660394191741943,3.5982160568237305,0.12790974974632263,3.7089436054229736
469,1,1,1,0.3180105984210968,3.5629053115844727,0.6052196025848389,3.56601619720459,0.5480608344078064,3.568883180618286,0.2553212642669678,3.6051831245422363
470,1,1,1,0.2456154227256775,3.556678056716919,0.4376245439052582,3.603839159011841,0.4710419178009033,3.620943546295166,0.18217872083187103,3.6992671489715576
471,1,1,1,0.24451929330825806,3.577594041824341,0.4490244388580322,3.6452324390411377,0.47345343232154846,3.6377124786376953,0.19278140366077423,3.7001965045928955
472,1,1,1,0.29614755511283875,3.555637836456299,0.5364915132522583,3.5801663398742676,0.5132533311843872,3.5776219367980957,0.22207827866077423,3.6343894004821777
473,1,0,0,0.12822863459587097,3.517019033432007,0.14941903948783875,3.532428503036499,0.30534517765045166,3.5774099826812744,0.07208625227212906,3.840751886367798
474,1,1,1,0.24802693724632263,3.5769786834716797,0.440394788980484,3.6305196285247803,0.4686802327632904,3.6246252059936523,0.1804647594690323,3.6700165271759033
475,1,1,1,0.2842494249343872,3.5729360580444336,0.5326101779937744,3.6151809692382812,0.5160933136940002,3.600644826889038,0.21934789419174194,3.6450119018554688
476,1,1,1,0.26037347316741943,3.6046154499053955,0.48976102471351624,3.6917097568511963,0.49675142765045166,3.6515746116638184,0.198102667927742,3.703420639038086
477,1,1,1,0.2813994586467743,3.565636157989502,0.5118383169174194,3.577018976211548,0.49785754084587097,3.576429605484009,0.203125,3.6265697479248047
478,1,0,0,0.12822863459587097,3.517019033432007,0.14941903948783875,3.532428503036499,0.30534517765045166,3.5774099826812744,0.07208625227212906,3.840751886367798
479,1,1,1,0.22916333377361298,3.583163022994995,0.40185546875,3.6394970417022705,0.4511818289756775,3.635068655014038,0.17038026452064514,3.708737850189209
480,1,1,1,0.24872449040412903,3.584214687347412,0.4322933256626129,3.6380715370178223,0.46167489886283875,3.6240665912628174,0.1785116344690323,3.674109697341919
481,1,1,1,0.2538364827632904,3.563263177871704,0.44265684485435486,3.61374568939209,0.4652124345302582,3.6194496154785156,0.19172511994838715,3.6936590671539307
482,1,1,1,0.2520129084587097,3.5565836429595947,0.416015625,3.56548810005188,0.4527861773967743,3.584664821624756,0.16603554785251617,3.636418104171753
483,1,0,0,0.13938935101032257,3.523949146270752,0.1759207546710968,3.5574374198913574,0.3191864490509033,3.594705104827881,0.07724808156490326,3.8250772953033447
484,1,1,1,0.2856544852256775,3.570362091064453,0.5365015268325806,3.602184295654297,0.5162129402160645,3.5981507301330566,0.2200055718421936,3.646435260772705
485,1,1,1,0.24962133169174194,3.5707783699035645,0.45090779662132263,3.621587038040161,0.4799904227256775,3.6077685356140137,0.18895487487316132,3.6651196479797363
486,1,1,1,0.25505220890045166,3.5700721740722656,0.45397698879241943,3.60386323928833,0.47561582922935486,3.6056904792785645,0.18991151452064514,3.663553476333618
487,1,1,1,0.2695212662220001,3.56734561920166,0.474385142326355,3.606096029281616,0.48300978541374207,3.6013286113739014,0.19375796616077423,3.6551120281219482
488,1,1,1,0.27115553617477417,3.560177803039551,0.489033579826355,3.61064076423645,0.4970802664756775,3.604013442993164,0.20988121628761292,3.6601462364196777
489,1,1,1,0.2832529544830322,3.5728759765625,0.5329938530921936,3.5919382572174072,0.5113899111747742,3.5780704021453857,0.21306999027729034,3.620054244995117
490,1,1,1,0.22254663705825806,3.5850982666015625,0.3793347477912903,3.6417369842529297,0.43161073327064514,3.6286566257476807,0.16087372601032257,3.7164270877838135
491,1,0,0,0.13779495656490326,3.5355799198150635,0.17521324753761292,3.593471050262451,0.3242884874343872,3.6121439933776855,0.07395966351032257,3.8752357959747314
492,1,1,1,0.2983996272087097,3.5915846824645996,0.5704918503761292,3.6288559436798096,0.5388033986091614,3.611743927001953,0.23848053812980652,3.651763439178467
493,1,1,1,0.23011000454425812,3.574657917022705,0.3804856836795807,3.5848097801208496,0.43278658390045166,3.5962331295013428,0.15260283648967743,3.677027463912964
494,1,0,0,0.1898816078901291,3.565993070602417,0.2946677505970001,3.6293604373931885,0.38836294412612915,3.6254329681396484,0.12286750227212906,3.751500368118286
495,1,0,0,0.2196568101644516,3.5683889389038086,0.36358019709587097,3.6043686866760254,0.42157605290412903,3.613553524017334,0.14184071123600006,3.6928482055664062
496,1,1,1,0.2334681898355484,3.588202714920044,0.41770467162132263,3.6458041667938232,0.46287068724632263,3.622260570526123,0.18341438472270966,3.680973529815674
497,1,1,1,0.24378187954425812,3.572310447692871,0.4193289577960968,3.6178276538848877,0.45324456691741943,3.6221089363098145,0.16944356262683868,3.685368061065674
498,1,1,1,0.3058633506298065,3.5630741119384766,0.5701680183410645,3.577629327774048,0.5354153513908386,3.5649545192718506,0.23517218232154846,3.602966070175171
499,1,1,1,0.2650071680545807,3.5679476261138916,0.46988600492477417,3.6027908325195312,0.4825015962123871,3.604027271270752,0.1950334757566452,3.6574697494506836
500,1,3,0,0.15167610347270966,3.578148603439331,0.19273656606674194,3.6991443634033203,0.33542928099632263,3.6783220767974854,0.08099489659070969,3.8678641319274902
501,1,0,0,0.17583106458187103,3.6037404537200928,0.283935546875,3.754680871963501,0.38453641533851624,3.6933321952819824,0.12412308156490326,3.8227360248565674
502,1,1,1,0.30457788705825806,3.5722885131835938,0.5686284303665161,3.601931095123291,0.5328742861747742,3.5932679176330566,0.2335379421710968,3.6427717208862305
503,1,1,1,0.27537068724632263,3.571795701980591,0.4923170208930969,3.5986034870147705,0.49300462007522583,3.6045801639556885,0.20077326893806458,3.6431407928466797
504,1,1,1,0.2706473171710968,3.554896831512451,0.4650380611419678,3.5694005489349365,0.4771803021430969,3.5872488021850586,0.1882573366165161,3.630107879638672
505,1,1,1,0.29494181275367737,3.578383684158325,0.5732671022415161,3.609949827194214,0.5344686508178711,3.594910144805908,0.23957668244838715,3.6415438652038574
506,1,1,1,0.22382214665412903,3.5913360118865967,0.3971221148967743,3.684683322906494,0.44668763875961304,3.666242837905884,0.16719147562980652,3.735248565673828
507,1,1,1,0.2811902165412903,3.559997081756592,0.49466875195503235,3.585322618484497,0.49166932702064514,3.5906364917755127,0.19686701893806458,3.640615463256836
508,1,1,1,0.31622686982154846,3.5485284328460693,0.5827337503433228,3.5690724849700928,0.5373584628105164,3.574557304382324,0.2532086968421936,3.6223533153533936
509,1,0,0,0.1526327282190323,3.5604231357574463,0.20174983143806458,3.617208242416382,0.33814969658851624,3.632286310195923,0.08260921388864517,3.8164052963256836
510,1,1,1,0.32990872859954834,3.5549280643463135,0.6090810298919678,3.5594420433044434,0.548359751701355,3.5582692623138428,0.25324857234954834,3.596285581588745
511,1,0,0,0.20713089406490326,3.5673530101776123,0.3393654227256775,3.599982500076294,0.4132254421710968,3.5965323448181152,0.13966836035251617,3.6890697479248047
512,1,1,1,0.32013311982154846,3.55126690864563,0.5941436290740967,3.5633769035339355,0.5396006107330322,3.5662789344787598,0.2508370578289032,3.611790895462036
513,1,1,1,0.2811702787876129,3.5585484504699707,0.5015296339988708,3.5988237857818604,0.4960239827632904,3.6089158058166504,0.2163185477256775,3.648332357406616
514,1,1,1,0.24334342777729034,3.5825552940368652,0.43331971764564514,3.6408145427703857,0.46433553099632263,3.6300621032714844,0.18138153851032257,3.6667399406433105
515,1,1,1,0.2895407974720001,3.5793983936309814,0.534199595451355,3.6165497303009033,0.5132632851600647,3.6060924530029297,0.22179926931858063,3.645700454711914
516,1,1,1,0.32990872859954834,3.5549280643463135,0.6090810298919678,3.5594420433044434,0.548359751701355,3.5582692623138428,0.25324857234954834,3.596285581588745
517,1,1,1,0.28958067297935486,3.5769786834716797,0.558125376701355,3.606348991394043,0.5322265625,3.5876989364624023,0.22431042790412903,3.6229231357574463
518,1,1,1,0.29766222834587097,3.573800563812256,0.5570192933082581,3.5963540077209473,0.5278818607330322,3.579359769821167,0.233258917927742,3.615515947341919
519,1,1,1,0.2756098508834839,3.559114933013916,0.4799107015132904,3.5825374126434326,0.4838368892669678,3.59197998046875,0.19555164873600006,3.630554437637329
520,1,1,1,0.25526148080825806,3.526858329772949,0.4209482669830322,3.5394740104675293,0.45260682702064514,3.5660502910614014,0.17085857689380646,3.639216184616089
521,1,1,1,0.30585339665412903,3.5670347213745117,0.5888123512268066,3.5788352489471436,0.5427395701408386,3.573560953140259,0.24569514393806458,3.609912395477295
522,1,1,1,0.2839106321334839,3.5630900859832764,0.5087690949440002,3.5794618129730225,0.49656209349632263,3.5840539932250977,0.205915167927742,3.6352109909057617
523,1,0,0,0.190778449177742,3.592217206954956,0.31382033228874207,3.649186372756958,0.40811342000961304,3.6276888847351074,0.12494020909070969,3.7192535400390625
524,1,1,1,0.24311423301696777,3.571176767349243,0.43428629636764526,3.585374593734741,0.46334901452064514,3.5780463218688965,0.17366868257522583,3.6494147777557373
525,1,1,1,0.2682656943798065,3.586493730545044,0.4932337999343872,3.6334121227264404,0.49452924728393555,3.6250832080841064,0.19702646136283875,3.6538538932800293
526,1,1,1,0.2698800265789032,3.565483808517456,0.47824159264564514,3.607605457305908,0.47666212916374207,3.6123886108398438,0.20444037020206451,3.659972667694092
527,1,0,0,0.19680723547935486,3.567038059234619,0.30821508169174194,3.6040737628936768,0.3955875337123871,3.6091742515563965,0.12466119229793549,3.711111068725586
528,1,1,1,0.2334083914756775,3.580284357070923,0.41456571221351624,3.6603810787200928,0.4544702470302582,3.64395809173584,0.17707668244838715,3.7032077312469482
529,1,1,1,0.2790776491165161,3.5826966762542725,0.5159139633178711,3.6345391273498535,0.5013552308082581,3.617586374282837,0.21438536047935486,3.654085636138916
530,1,1,1,0.26293447613716125,3.593496561050415,0.4763681888580322,3.6462676525115967,0.4883509874343872,3.63505220413208,0.19319993257522583,3.6763978004455566
531,1,1,1,0.28910234570503235,3.5795187950134277,0.5629982352256775,3.6081454753875732,0.5338807106018066,3.593045473098755,0.22891421616077423,3.628678321838379
532,1,1,1,0.3122110068798065,3.575117349624634,0.5887077450752258,3.5933849811553955,0.5426099896430969,3.576416015625,0.23993542790412903,3.6159980297088623
533,1,1,1,0.21483378112316132,3.5899624824523926,0.3640933930873871,3.678494691848755,0.43162068724632263,3.6521449089050293,0.1502511203289032,3.7158775329589844
534,1,1,1,0.2592673599720001,3.5840187072753906,0.46279096603393555,3.6207313537597656,0.47777819633483887,3.6112709045410156,0.18588568270206451,3.644258499145508
535,1,0,0,0.19579081237316132,3.5630598068237305,0.30240052938461304,3.5830490589141846,0.39532843232154846,3.594373941421509,0.12537866830825806,3.707995653152466
536,1,1,1,0.20113201439380646,3.55761981010437,0.329554945230484,3.5714738368988037,0.4077845811843872,3.5823516845703125,0.13018175959587097,3.665186882019043
537,1,1,1,0.24871452152729034,3.56272292137146,0.42413702607154846,3.584827184677124,0.4537029564380646,3.595585346221924,0.1677694469690323,3.6597766876220703
538,1,1,1,0.24053332209587097,3.567155599594116,0.4028818607330322,3.642963171005249,0.4431600570678711,3.639728307723999,0.16053491830825806,3.7020483016967773
539,1,1,1,0.2787986099720001,3.565587282180786,0.5113450288772583,3.602471113204956,0.5024912357330322,3.5932257175445557,0.2103794664144516,3.6390678882598877
540,1,1,1,0.20315489172935486,3.58615779876709,0.33839383721351624,3.687471389770508,0.41954320669174194,3.6574509143829346,0.14624521136283875,3.755246639251709
541,1,1,1,0.2548230290412903,3.578601598739624,0.45526745915412903,3.614485502243042,0.47770845890045166,3.611506223678589,0.18732063472270966,3.6536865234375
542,1,1,1,0.2039720118045807,3.568127393722534,0.33544424176216125,3.610605239868164,0.40592116117477417,3.618976354598999,0.1408243030309677,3.7028021812438965
543,1,1,1,0.2772839665412903,3.560626745223999,0.5076879262924194,3.588772773742676,0.49670159816741943,3.578934669494629,0.20687180757522583,3.636608839035034
544,1,1,1,0.33667489886283875,3.566033363342285,0.6444166302680969,3.5786356925964355,0.5837751030921936,3.553539514541626,0.28045278787612915,3.578240394592285
545,1,1,1,0.2972835600376129,3.5928335189819336,0.5753397941589355,3.6175036430358887,0.5442044138908386,3.5923240184783936,0.23517218232154846,3.627457618713379
546,1,0,0,0.1934988796710968,3.5649912357330322,0.30215638875961304,3.6113383769989014,0.3940329849720001,3.6057357788085938,0.1243024542927742,3.715087413787842
547,1,1,1,0.29767218232154846,3.581916093826294,0.5718022584915161,3.6080965995788574,0.5341597199440002,3.5966906547546387,0.23463408648967743,3.621931552886963
548,1,1,1,0.32328203320503235,3.5544047355651855,0.604402482509613,3.560450315475464,0.5484494566917419,3.5610125064849854,0.2506178319454193,3.5999205112457275
549,1,1,1,0.25806161761283875,3.571263074874878,0.44663283228874207,3.6025702953338623,0.46690648794174194,3.605997323989868,0.1772560477256775,3.6499886512756348
550,1,1,1,0.331263929605484,3.570857048034668,0.6403210759162903,3.5872855186462402,0.5685985088348389,3.5661234855651855,0.26929208636283875,3.599245071411133
551,1,0,0,0.15480507910251617,3.559896945953369,0.1986258327960968,3.623328685760498,0.33787068724632263,3.633368730545044,0.08779097348451614,3.8671963214874268
552,1,1,1,0.21712571382522583,3.5823581218719482,0.3682138919830322,3.64477276802063,0.42790377140045166,3.6300737857818604,0.15383848547935486,3.7092888355255127
553,1,1,1,0.2741350531578064,3.572155475616455,0.5035076141357422,3.6007955074310303,0.49480825662612915,3.5952672958374023,0.2048588991165161,3.6344974040985107
554,1,1,1,0.32990872859954834,3.5549280643463135,0.6090810298919678,3.5594420433044434,0.548359751701355,3.5582692623138428,0.25324857234954834,3.596285581588745
555,1,1,1,0.25535115599632263,3.580838918685913,0.45883986353874207,3.6154239177703857,0.4791533648967743,3.602216958999634,0.18508848547935486,3.668138265609741
556,1,0,0,0.19158561527729034,3.5645480155944824,0.2987234890460968,3.6076724529266357,0.39246851205825806,3.613177537918091,0.1254185289144516,3.7163515090942383
557,1,1,1,0.2013911008834839,3.5668976306915283,0.3313785493373871,3.6196303367614746,0.41200971603393555,3.610603094100952,0.1447504758834839,3.7012252807617188
558,1,1,1,0.24139030277729034,3.6073315143585205,0.4415307939052582,3.72598934173584,0.47284558415412903,3.6945269107818604,0.19005101919174194,3.7475881576538086
559,1,1,1,0.29824018478393555,3.5801730155944824,0.5722556710243225,3.5913593769073486,0.5393514633178711,3.577976942062378,0.2329201102256775,3.618807315826416
560,1,1,1,0.23769330978393555,3.596193313598633,0.42977219820022583,3.697763681411743,0.461933970451355,3.679825782775879,0.1843510866165161,3.7592432498931885
561,1,1,1,0.3092913031578064,3.5736193656921387,0.5984434485435486,3.597069263458252,0.5490174293518066,3.577021598815918,0.25067761540412903,3.620607376098633
562,1,1,1,0.21482381224632263,3.610353469848633,0.3840182423591614,3.7473857402801514,0.4386260211467743,3.7065680027008057,0.16304607689380646,3.820315361022949
563,1,1,1,0.32515543699264526,3.564541816711426,0.6164799928665161,3.5760607719421387,0.5523357391357422,3.568864107131958,0.26371172070503235,3.611018657684326
564,1,1,1,0.2981405258178711,3.569103240966797,0.5465959906578064,3.591792345046997,0.515047013759613,3.590604782104492,0.22528699040412903,3.6363234519958496
565,1,1,1,0.2570551633834839,3.5726468563079834,0.45738500356674194,3.618405342102051,0.47660234570503235,3.6120681762695312,0.1948939710855484,3.652316093444824
566,1,0,0,0.19844147562980652,3.567540407180786,0.31570371985435486,3.6002399921417236,0.39923468232154846,3.606105327606201,0.1331712305545807,3.7087697982788086
567,1,1,1,0.2401048243045807,3.585391044616699,0.422084242105484,3.6480865478515625,0.4591338336467743,3.6283233165740967,0.1736088991165161,3.684422016143799
568,1,1,1,0.27878865599632263,3.575437068939209,0.5080716013908386,3.602400541305542,0.5026606321334839,3.589655637741089,0.20984135568141937,3.628074884414673
569,1,1,1,0.3030831515789032,3.569554567337036,0.5623953342437744,3.588996648788452,0.5286292433738708,3.5851948261260986,0.23170439898967743,3.6289350986480713
570,1,1,1,0.3553292453289032,3.546973943710327,0.6667380928993225,3.5464253425598145,0.5875219106674194,3.5360164642333984,0.28483736515045166,3.5752170085906982
571,1,1,1,0.2275390625,3.583953857421875,0.3990154564380646,3.641376495361328,0.44791334867477417,3.6367883682250977,0.1650390625,3.6989493370056152
572,1,0,0,0.21004065871238708,3.5654711723327637,0.3490513265132904,3.597179412841797,0.41946348547935486,3.5939087867736816,0.1457270383834839,3.690098524093628
573,1,1,1,0.2585797905921936,3.568615436553955,0.4543706178665161,3.6276071071624756,0.46725526452064514,3.625762462615967,0.19009087979793549,3.684420108795166
574,1,1,1,0.2664720118045807,3.5643768310546875,0.47747427225112915,3.6090826988220215,0.48266100883483887,3.614295244216919,0.1986009180545807,3.6533868312835693
575,1,1,1,0.2634028196334839,3.5380773544311523,0.45095762610435486,3.5800416469573975,0.4631198048591614,3.596428155899048,0.18237802386283875,3.657414436340332
576,1,1,1,0.3305564224720001,3.542475700378418,0.6127480864524841,3.5475234985351562,0.5512296557426453,3.54972243309021,0.2577527165412903,3.591355562210083
577,1,1,1,0.2837013602256775,3.5818405151367188,0.5119429230690002,3.599801540374756,0.5008569955825806,3.592017889022827,0.2020886391401291,3.634319543838501
578,1,0,0,0.17904974520206451,3.601179838180542,0.29713907837867737,3.667790174484253,0.39644449949264526,3.64294695854187,0.11977837979793549,3.7758736610412598
579,1,1,1,0.2505680024623871,3.5689799785614014,0.4420888423919678,3.6148271560668945,0.4731345474720001,3.61002516746521,0.18391261994838715,3.668508768081665
580,1,1,1,0.30920159816741943,3.562473773956299,0.5866948366165161,3.57045316696167,0.5389229655265808,3.562072515487671,0.23885920643806458,3.6001667976379395
581,1,1,1,0.2328404039144516,3.564110279083252,0.4102459251880646,3.6088075637817383,0.4534737765789032,3.599116563796997,0.17093829810619354,3.649994134902954
582,1,1,1,0.24005499482154846,3.5838937759399414,0.42248284816741943,3.6581833362579346,0.4563436508178711,3.647974729537964,0.18227837979793549,3.6912312507629395
583,1,1,1,0.2792171537876129,3.569164991378784,0.5066964030265808,3.603543996810913,0.49744898080825806,3.6032052040100098,0.20531727373600006,3.642399549484253
584,1,1,1,0.23545120656490326,3.564542055130005,0.3867037892341614,3.589630603790283,0.43733057379722595,3.6070363521575928,0.15302136540412903,3.680255174636841
585,1,0,0,0.14713209867477417,3.560582399368286,0.18623943626880646,3.6280264854431152,0.32997846603393555,3.6396992206573486,0.08388472348451614,3.8346400260925293
586,1,0,0,0.18455037474632263,3.5624189376831055,0.29027822613716125,3.6135942935943604,0.39158162474632263,3.6089932918548584,0.12340561300516129,3.7188308238983154
587,1,1,1,0.32990872859954834,3.5549280643463135,0.6090810298919678,3.5594420433044434,0.548359751701355,3.5582692623138428,0.25324857234954834,3.596285581588745
588,1,1,1,0.24667170643806458,3.5790579319000244,0.4413115680217743,3.6371805667877197,0.4629504084587097,3.6267597675323486,0.1862444132566452,3.6659176349639893
589,1,1,1,0.23302972316741943,3.5911481380462646,0.41978734731674194,3.677708864212036,0.46026983857154846,3.650306463241577,0.1808832883834839,3.7119877338409424
590,1,3,0,0.19054926931858063,3.5935049057006836,0.3106714189052582,3.666062593460083,0.39625516533851624,3.6473028659820557,0.12077487260103226,3.774752378463745
591,1,1,1,0.25308912992477417,3.5846917629241943,0.44824716448783875,3.638904094696045,0.46704599261283875,3.6335530281066895,0.18379303812980652,3.691932439804077
592,1,1,1,0.23334860801696777,3.5812017917633057,0.41165098547935486,3.6429436206817627,0.4601801633834839,3.6346254348754883,0.17388790845870972,3.6903152465820312
593,1,1,1,0.22345343232154846,3.540893793106079,0.3576161861419678,3.5624661445617676,0.42499402165412903,3.590939998626709,0.15045040845870972,3.6612796783447266
594,1,1,1,0.2197265625,3.543945550918579,0.3552943468093872,3.559887170791626,0.41710180044174194,3.574025869369507,0.14307637512683868,3.658726930618286
595,1,1,1,0.22633330523967743,3.61136794090271,0.4112374484539032,3.751844644546509,0.4540218412876129,3.713620901107788,0.17897002398967743,3.802783966064453
596,1,1,1,0.2986188530921936,3.5571794509887695,0.5715581178665161,3.589657783508301,0.53125,3.573942184448242,0.2341756969690323,3.629361629486084
597,1,0,0,0.2180524468421936,3.565624713897705,0.34706830978393555,3.586838483810425,0.4185367524623871,3.610128402709961,0.13815370202064514,3.6961915493011475
598,1,1,1,0.3092215359210968,3.5698816776275635,0.5803372263908386,3.58772611618042,0.5329440236091614,3.5864028930664062,0.23828125,3.6151723861694336
599,1,1,1,0.23054847121238708,3.583895206451416,0.41653379797935486,3.6607894897460938,0.463588148355484,3.629960060119629,0.1831154227256775,3.6742489337921143
600,1,1,1,0.3004225194454193,3.548062801361084,0.5430583953857422,3.569077253341675,0.5149174928665161,3.5743231773376465,0.22819674015045166,3.6244542598724365
601,1,1,1,0.21245215833187103,3.577204465866089,0.3536800444126129,3.6405436992645264,0.41422194242477417,3.629185914993286,0.14305643737316132,3.712315320968628
602,1,1,1,0.27138471603393555,3.572335958480835,0.5063077807426453,3.629258632659912,0.50146484375,3.6233532428741455,0.21410633623600006,3.6715071201324463
603,1,1,1,0.314453125,3.5600202083587646,0.5941236615180969,3.570976972579956,0.5412448048591614,3.5635459423065186,0.24800701439380646,3.6168434619903564
604,1,1,1,0.21294043958187103,3.57887601852417,0.3527034819126129,3.631948471069336,0.4225825071334839,3.6168320178985596,0.14574696123600006,3.6921920776367188
605,1,1,1,0.32990872859954834,3.5549280643463135,0.6090810298919678,3.5594420433044434,0.548359751701355,3.5582692623138428,0.25324857234954834,3.596285581588745
606,1,1,1,0.34119898080825806,3.5570385456085205,0.6529914736747742,3.5672144889831543,0.5787328481674194,3.5582244396209717,0.2801538407802582,3.5962154865264893
607,1,0,0,0.18603515625,3.5848734378814697,0.29387056827545166,3.6820333003997803,0.39624521136283875,3.6641435623168945,0.12950414419174194,3.7508463859558105
608,1,1,1,0.32256457209587097,3.572289228439331,0.6068837642669678,3.5902926921844482,0.5559829473495483,3.5700793266296387,0.25673627853393555,3.6018476486206055
609,1,1,1,0.2456154227256775,3.556678056716919,0.4376245439052582,3.603839159011841,0.4710419178009033,3.620943546295166,0.18217872083187103,3.6992671489715576
610,1,1,1,0.33463209867477417,3.557785749435425,0.6402413249015808,3.5587048530578613,0.5697743892669678,3.5525901317596436,0.2725406587123871,3.583692789077759
611,1,1,1,0.23206312954425812,3.5719683170318604,0.39778977632522583,3.6141936779022217,0.44339922070503235,3.613043785095215,0.16011638939380646,3.687577724456787
612,1,1,1,0.23945710062980652,3.582396984100342,0.4251285493373871,3.648801565170288,0.4618343412876129,3.6239588260650635,0.17651864886283875,3.69222092628479
613,1,1,1,0.3165457546710968,3.5765912532806396,0.6083735227584839,3.6002719402313232,0.5536112785339355,3.582547426223755,0.26028379797935486,3.614088773727417
614,1,1,1,0.32990872859954834,3.5549280643463135,0.6090810298919678,3.5594420433044434,0.548359751701355,3.5582692623138428,0.25324857234954834,3.596285581588745
615,1,1,1,0.26641222834587097,3.588928461074829,0.5081512928009033,3.6444876194000244,0.5091278553009033,3.6212127208709717,0.21295040845870972,3.6636404991149902
616,1,1,1,0.26299425959587097,3.565512180328369,0.4572255611419678,3.6063072681427,0.47248682379722595,3.6107983589172363,0.18720105290412903,3.652933120727539
617,1,1,1,0.26983019709587097,3.5635201930999756,0.4713757336139679,3.604426622390747,0.4797114133834839,3.6067304611206055,0.19230309128761292,3.6566483974456787
618,1,1,1,0.27767258882522583,3.559016704559326,0.4903240501880646,3.5998170375823975,0.4891282618045807,3.6033411026000977,0.20338408648967743,3.639784336090088
619,1,1,1,0.32041212916374207,3.554985284805298,0.5843331217765808,3.567523241043091,0.5380759835243225,3.5671427249908447,0.23812180757522583,3.611985206604004
620,1,0,0,0.18566645681858063,3.5636539459228516,0.2919423580169678,3.610130786895752,0.38932955265045166,3.6066291332244873,0.12021683156490326,3.7214853763580322
621,1,1,1,0.24144013226032257,3.5784802436828613,0.4279884696006775,3.6495187282562256,0.4681122303009033,3.6383259296417236,0.18092314898967743,3.6798853874206543
622,1,1,1,0.2365373820066452,3.5954837799072266,0.42190489172935486,3.650771141052246,0.464863657951355,3.6336333751678467,0.17518335580825806,3.687485694885254
623,1,1,1,0.3385981321334839,3.5652315616607666,0.638671875,3.5659520626068115,0.5662069320678711,3.5520942211151123,0.2647082209587097,3.601867198944092
624,1,1,1,0.2710558772087097,3.5560824871063232,0.47344347834587097,3.575087785720825,0.4795818626880646,3.5840587615966797,0.18755978345870972,3.6257569789886475
625,1,1,1,0.2966158986091614,3.5659141540527344,0.5482053160667419,3.594026803970337,0.5235670208930969,3.582935333251953,0.22554607689380646,3.640275716781616
626,1,1,1,0.22183911502361298,3.5936124324798584,0.3963199555873871,3.712130546569824,0.44276148080825806,3.692473888397217,0.16980229318141937,3.7762911319732666
627,1,0,0,0.19708625972270966,3.564920663833618,0.31356126070022583,3.5890867710113525,0.39765027165412903,3.5990476608276367,0.12669403851032257,3.7187352180480957
628,1,1,1,0.21409638226032257,3.589062213897705,0.3620007634162903,3.6642489433288574,0.4209083914756775,3.64748215675354,0.1501913219690323,3.722531795501709
629,1,1,1,0.23976601660251617,3.579402446746826,0.4244110584259033,3.648066997528076,0.4551578462123871,3.636702060699463,0.17542250454425812,3.698364019393921
630,1,1,1,0.3012595474720001,3.5817015171051025,0.5766701102256775,3.6115949153900146,0.5420519709587097,3.589712381362915,0.23860011994838715,3.623621702194214
631,1,1,1,0.2513352930545807,3.5735864639282227,0.44371312856674194,3.624074935913086,0.4688097834587097,3.612506866455078,0.1831154227256775,3.6764256954193115
632,1,1,1,0.23201331496238708,3.583301067352295,0.3985520899295807,3.641584634780884,0.44681718945503235,3.6314146518707275,0.1628667116165161,3.6628732681274414
633,1,1,1,0.29225125908851624,3.5839130878448486,0.5615084767341614,3.6189606189727783,0.5314393043518066,3.5975699424743652,0.23184390366077423,3.642310619354248
634,1,1,1,0.2974230647087097,3.566187620162964,0.5652901530265808,3.600497007369995,0.5316286683082581,3.5849485397338867,0.24252630770206451,3.6417946815490723
635,1,1,1,0.2114357352256775,3.6050522327423096,0.36359015107154846,3.700852394104004,0.4307337999343872,3.668339967727661,0.14682318270206451,3.775620937347412
636,1,1,1,0.30590322613716125,3.5629031658172607,0.5622907280921936,3.581742763519287,0.5253806710243225,3.580657482147217,0.2312260866165161,3.616100788116455
637,1,1,1,0.24549585580825806,3.5875141620635986,0.45147082209587097,3.677680730819702,0.4759944975376129,3.664705753326416,0.20127151906490326,3.697197675704956
638,1,1,1,0.23251155018806458,3.5853941440582275,0.41828760504722595,3.648632526397705,0.46015027165412903,3.6398205757141113,0.1767578125,3.6934266090393066
639,1,1,1,0.21346858143806458,3.5681543350219727,0.35884684324264526,3.607036828994751,0.42394769191741943,3.6003196239471436,0.1507493555545807,3.6786091327667236
640,1,1,1,0.27685546875,3.570960760116577,0.5051219463348389,3.639080762863159,0.5007772445678711,3.6308352947235107,0.210797980427742,3.675616979598999
641,1,0,0,0.17772440612316132,3.596355438232422,0.2873634696006775,3.708261728286743,0.38492506742477417,3.666200637817383,0.11989795416593552,3.799368381500244
642,1,1,1,0.32990872859954834,3.5549280643463135,0.6090810298919678,3.5594420433044434,0.548359751701355,3.5582692623138428,0.25324857234954834,3.596285581588745
643,1,1,1,0.26789700984954834,3.5674378871917725,0.49175402522087097,3.620495080947876,0.4983358383178711,3.6105101108551025,0.20900429785251617,3.6641557216644287
644,1,1,1,0.2517538070678711,3.5717620849609375,0.43053948879241943,3.607966661453247,0.45811742544174194,3.6060078144073486,0.17221380770206451,3.6759634017944336
645,1,1,1,0.23245176672935486,3.5674967765808105,0.400654673576355,3.591284990310669,0.44547194242477417,3.601109504699707,0.15983736515045166,3.6458852291107178
646,1,1,1,0.2607920169830322,3.5876352787017822,0.48360270261764526,3.654155731201172,0.49070271849632263,3.6391568183898926,0.2101801633834839,3.6844301223754883
647,1,0,0,0.12822863459587097,3.517019033432007,0.14941903948783875,3.532428503036499,0.30534517765045166,3.5774099826812744,0.07208625227212906,3.840751886367798
648,1,1,1,0.25924745202064514,3.573992967605591,0.4714953303337097,3.6353838443756104,0.4823421537876129,3.6319313049316406,0.20272639393806458,3.6567046642303467
649,1,0,0,0.20014548301696777,3.5376648902893066,0.321044921875,3.562504768371582,0.40264269709587097,3.572514057159424,0.13048070669174194,3.696502208709717
650,1,1,1,0.2851662039756775,3.5788867473602295,0.5389977097511292,3.6586029529571533,0.517976701259613,3.6479222774505615,0.24097177386283875,3.7111074924468994
651,1,1,1,0.2594068944454193,3.5688767433166504,0.44237783551216125,3.607329845428467,0.463099867105484,3.6143996715545654,0.1771763414144516,3.6749155521392822
652,1,1,1,0.32990872859954834,3.5549280643463135,0.6090810298919678,3.5594420433044434,0.548359751701355,3.5582692623138428,0.25324857234954834,3.596285581588745
653,1,1,1,0.2778419852256775,3.5662076473236084,0.5062828660011292,3.6115260124206543,0.4982461631298065,3.610140085220337,0.22309470176696777,3.663212537765503
654,1,0,0,0.13070990145206451,3.5238239765167236,0.1566087305545807,3.572601079940796,0.3068399131298065,3.599506378173828,0.07196667790412903,3.8366103172302246
655,1,1,1,0.22671197354793549,3.60190749168396,0.4179238975048065,3.713038921356201,0.4599111080169678,3.677659034729004,0.18622449040412903,3.7228167057037354
656,1,1,1,0.2801239490509033,3.5606346130371094,0.5194465517997742,3.5758092403411865,0.5043845772743225,3.580488443374634,0.21322943270206451,3.6237032413482666
657,1,1,1,0.32990872859954834,3.5549280643463135,0.6090810298919678,3.5594420433044434,0.548359751701355,3.5582692623138428,0.25324857234954834,3.596285581588745
658,1,1,1,0.3083147406578064,3.567420721054077,0.5795549750328064,3.5757358074188232,0.5351163744926453,3.573854684829712,0.23606903851032257,3.610468626022339
659,1,0,0,0.16642418503761292,3.579007148742676,0.24502252042293549,3.683185338973999,0.3570232689380646,3.666043281555176,0.10315688699483871,3.83172345161438
660,1,1,1,0.24564532935619354,3.5767312049865723,0.4426518678665161,3.6330113410949707,0.47424066066741943,3.6332290172576904,0.18656329810619354,3.680269241333008
661,1,1,1,0.29103556275367737,3.563274621963501,0.5405223369598389,3.5654146671295166,0.5123764276504517,3.5654051303863525,0.21450494229793549,3.6068010330200195
662,1,1,1,0.32990872859954834,3.5549280643463135,0.6090810298919678,3.5594420433044434,0.548359751701355,3.5582692623138428,0.25324857234954834,3.596285581588745
663,1,1,1,0.2038823366165161,3.574584484100342,0.327601820230484,3.640887498855591,0.4162946343421936,3.634119987487793,0.13540337979793549,3.7382984161376953
664,1,1,1,0.32990872859954834,3.5549280643463135,0.6090810298919678,3.5594420433044434,0.548359751701355,3.5582692623138428,0.25324857234954834,3.596285581588745
665,1,1,1,0.28639188408851624,3.557654857635498,0.5299794673919678,3.5834877490997314,0.5088289380073547,3.5746347904205322,0.21599967777729034,3.6282525062561035
666,1,1,1,0.24963128566741943,3.572991132736206,0.4528011381626129,3.6298375129699707,0.47924304008483887,3.61653470993042,0.19507333636283875,3.6688802242279053
667,1,1,1,0.3199537694454193,3.5865516662597656,0.6200972199440002,3.601835250854492,0.5608358383178711,3.5728042125701904,0.25880900025367737,3.6048052310943604
668,1,1,1,0.3445770740509033,3.5621330738067627,0.6588010191917419,3.5643603801727295,0.5796297192573547,3.5549709796905518,0.2800542116165161,3.5911614894866943
669,1,1,1,0.32990872859954834,3.5549280643463135,0.6090810298919678,3.5594420433044434,0.548359751701355,3.5582692623138428,0.25324857234954834,3.596285581588745
670,1,1,1,0.32990872859954834,3.5549280643463135,0.6090810298919678,3.5594420433044434,0.548359751701355,3.5582692623138428,0.25324857234954834,3.596285581588745
671,1,1,1,0.3135662376880646,3.5662121772766113,0.5900679230690002,3.5903875827789307,0.5460877418518066,3.5792412757873535,0.243024542927742,3.614072561264038
672,1,0,0,0.21905890107154846,3.567256450653076,0.36572763323783875,3.607536554336548,0.42762476205825806,3.6170856952667236,0.14638471603393555,3.6780123710632324
673,1,1,1,0.2453264445066452,3.5738251209259033,0.418666273355484,3.6380255222320557,0.4510921537876129,3.6380224227905273,0.1687260866165161,3.7022206783294678
674,1,1,1,0.22005540132522583,3.586831569671631,0.38171136379241943,3.6605186462402344,0.43064412474632263,3.6441826820373535,0.15991708636283875,3.7210867404937744
675,1,1,1,0.29286909103393555,3.560598850250244,0.529805064201355,3.5743601322174072,0.507832407951355,3.583650588989258,0.21719546616077423,3.625986337661743
676,1,1,1,0.2512456178665161,3.57153058052063,0.4355568289756775,3.606419801712036,0.46126633882522583,3.6127588748931885,0.17249281704425812,3.656499147415161
677,1,1,1,0.29571905732154846,3.5617334842681885,0.5433872938156128,3.595452070236206,0.5216537714004517,3.5869452953338623,0.22913344204425812,3.621814489364624
678,1,1,1,0.30994898080825806,3.5579347610473633,0.5703174471855164,3.5394399166107178,0.5280413031578064,3.549839496612549,0.22981105744838715,3.599947929382324
679,1,1,1,0.32990872859954834,3.5549280643463135,0.6090810298919678,3.5594420433044434,0.548359751701355,3.5582692623138428,0.25324857234954834,3.596285581588745
680,1,1,1,0.2594168484210968,3.5853724479675293,0.47975125908851624,3.6487205028533936,0.48741430044174194,3.6243534088134766,0.19929847121238708,3.678499937057495
681,1,1,1,0.3362762928009033,3.5634446144104004,0.6305603981018066,3.575176239013672,0.5601582527160645,3.567911386489868,0.2641501724720001,3.6017050743103027
682,1,1,1,0.23791253566741943,3.5264501571655273,0.3944863975048065,3.5294978618621826,0.43359375,3.559661626815796,0.16264747083187103,3.6397500038146973
683,1,1,1,0.26084181666374207,3.574801445007324,0.4572255611419678,3.6343348026275635,0.4711814224720001,3.6390111446380615,0.18574616312980652,3.6903433799743652
684,1,1,1,0.3088129758834839,3.5586962699890137,0.5701231360435486,3.5749566555023193,0.5309908986091614,3.574954032897949,0.23559071123600006,3.612638473510742
685,1,1,1,0.2926299273967743,3.5945651531219482,0.5598891973495483,3.625244617462158,0.5358139276504517,3.5984749794006348,0.23371730744838715,3.6296579837799072
686,1,1,1,0.2858737111091614,3.578151226043701,0.5308862924575806,3.61727237701416,0.5193718075752258,3.598963975906372,0.22867505252361298,3.6532158851623535
687,1,1,1,0.26140981912612915,3.5905919075012207,0.4853864312171936,3.6742115020751953,0.49494776129722595,3.644808530807495,0.20906409621238708,3.693326950073242
688,1,1,1,0.2347337305545807,3.584437131881714,0.40180066227912903,3.6557915210723877,0.45078322291374207,3.6312310695648193,0.16356424987316132,3.712928056716919
689,1,1,1,0.2938855290412903,3.568798303604126,0.5400540232658386,3.5887296199798584,0.5119280219078064,3.590465784072876,0.22393175959587097,3.642221450805664
690,1,1,1,0.22792768478393555,3.5824334621429443,0.39365431666374207,3.646592855453491,0.44317999482154846,3.630885362625122,0.16996173560619354,3.699108839035034
691,1,1,1,0.27048787474632263,3.5890066623687744,0.4959442615509033,3.6661977767944336,0.490742564201355,3.652872323989868,0.2111567258834839,3.7029731273651123
692,1,1,1,0.25632771849632263,3.561248779296875,0.4380829334259033,3.607574701309204,0.46068835258483887,3.6125760078430176,0.17538264393806458,3.676931858062744
693,1,1,1,0.3282146751880646,3.5504751205444336,0.6143375039100647,3.5590267181396484,0.5489875674247742,3.554908037185669,0.25783243775367737,3.6021487712860107
694,1,1,1,0.32568359375,3.5669307708740234,0.6207649111747742,3.5930330753326416,0.55517578125,3.5756824016571045,0.2660236060619354,3.6185946464538574
695,1,1,1,0.2749820649623871,3.580467462539673,0.5075982213020325,3.5794143676757812,0.49821627140045166,3.584594964981079,0.19770407676696777,3.632258176803589
696,1,1,1,0.248046875,3.581592559814453,0.4475446343421936,3.635331392288208,0.46975645422935486,3.6348190307617188,0.18795838952064514,3.686565637588501
697,1,0,0,0.2077287882566452,3.5537753105163574,0.3356136381626129,3.5650765895843506,0.40760523080825806,3.5778162479400635,0.1316167116165161,3.696547508239746
698,2,0,0,0.15718670189380646,3.592684268951416,0.22149533033370972,3.722550868988037,0.3488321006298065,3.711421012878418,0.09432796388864517,3.852735996246338
699,2,0,0,0.18179009854793549,3.605656862258911,0.3009307086467743,3.7046921253204346,0.40419721603393555,3.657832384109497,0.121512271463871,3.7785797119140625
700,2,0,0,0.14678332209587097,3.573184013366699,0.20349369943141937,3.7159297466278076,0.3380201756954193,3.692108154296875,0.08312738686800003,3.9216015338897705
701,2,0,0,0.15674825012683868,3.568976402282715,0.21987104415893555,3.6642117500305176,0.3470982015132904,3.646503210067749,0.0904017835855484,3.8414902687072754
702,2,0,0,0.14778977632522583,3.5760231018066406,0.19149592518806458,3.7095279693603516,0.32732778787612915,3.7320690155029297,0.08348612487316132,3.9603724479675293
703,2,0,0,0.16407246887683868,3.5928940773010254,0.2426060289144516,3.7072207927703857,0.37295717000961304,3.6730434894561768,0.10662467777729034,3.850280284881592
704,2,0,0,0.16722138226032257,3.59960675239563,0.2737713158130646,3.736254930496216,0.3902861773967743,3.686284065246582,0.1180245503783226,3.837386131286621
705,2,0,0,0.1546456515789032,3.58798885345459,0.22612403333187103,3.7139079570770264,0.36032167077064514,3.6988024711608887,0.10249920189380646,3.9090025424957275
706,2,0,0,0.14987245202064514,3.587832450866699,0.19294582307338715,3.7322144508361816,0.32956990599632263,3.7455930709838867,0.08047672361135483,3.9757306575775146
707,2,0,0,0.16028578579425812,3.590052843093872,0.22319434583187103,3.7018930912017822,0.35410353541374207,3.678373336791992,0.09418845176696777,3.88700795173645
708,2,0,0,0.16083386540412903,3.6112143993377686,0.2579669654369354,3.787851333618164,0.3734853267669678,3.7293756008148193,0.10774075239896774,3.9067702293395996
709,2,0,0,0.15217433869838715,3.5768449306488037,0.19988639652729034,3.7038238048553467,0.33353593945503235,3.7016522884368896,0.0897042378783226,3.9215729236602783
710,2,0,0,0.15593111515045166,3.585378408432007,0.2134137749671936,3.708449125289917,0.3515027165412903,3.7142372131347656,0.0950055792927742,3.9259493350982666
711,2,0,0,0.1525629758834839,3.5885696411132812,0.19847635924816132,3.7480106353759766,0.33583784103393555,3.7407867908477783,0.08223054558038712,3.952254056930542
712,2,0,0,0.14403299987316132,3.566417694091797,0.19971200823783875,3.7058603763580322,0.33154296875,3.710949420928955,0.08238998800516129,3.9187228679656982
713,2,0,0,0.15330037474632263,3.593083620071411,0.1997767835855484,3.7240123748779297,0.33986368775367737,3.718993663787842,0.08543924987316132,3.9603452682495117
714,2,0,0,0.15023118257522583,3.575152635574341,0.21239735186100006,3.7370333671569824,0.3412587642669678,3.7393856048583984,0.09454718977212906,3.927487373352051
715,2,0,0,0.16747049987316132,3.5921695232391357,0.24799206852912903,3.729612350463867,0.375209242105484,3.685204267501831,0.10427295416593552,3.881307363510132
716,2,0,0,0.17200453579425812,3.6075546741485596,0.28033819794654846,3.7737135887145996,0.3964345455169678,3.7127416133880615,0.12023676186800003,3.835571050643921
717,2,0,0,0.14009685814380646,3.56575870513916,0.1716408133506775,3.658219337463379,0.3223353624343872,3.6580207347869873,0.0732421875,3.9126529693603516
718,2,0,0,0.16019611060619354,3.6022019386291504,0.2260393351316452,3.7412657737731934,0.3526287376880646,3.721705675125122,0.09634087979793549,3.893462896347046
719,2,0,0,0.156598761677742,3.59745454788208,0.22509765625,3.7853379249572754,0.35885682702064514,3.7456958293914795,0.10074537247419357,3.9637982845306396
720,2,0,0,0.14875636994838715,3.5813236236572266,0.1882573366165161,3.7474591732025146,0.3209303319454193,3.761814594268799,0.07894212007522583,3.987124443054199
721,2,0,0,0.16715162992477417,3.603970527648926,0.2729940414428711,3.7010092735290527,0.38688814640045166,3.658982515335083,0.11766581237316132,3.8050475120544434
722,2,0,0,0.16318558156490326,3.5939178466796875,0.25523656606674194,3.670290946960449,0.37398356199264526,3.664828062057495,0.11180643737316132,3.83992862701416
723,2,0,0,0.1753627210855484,3.6162631511688232,0.28373125195503235,3.741755247116089,0.39423230290412903,3.6847984790802,0.1188616082072258,3.8120388984680176
724,2,0,0,0.16944356262683868,3.587156057357788,0.2723712623119354,3.687593698501587,0.3918008506298065,3.652423858642578,0.11784518510103226,3.818535327911377
725,2,0,0,0.15703722834587097,3.580557107925415,0.23513731360435486,3.6741888523101807,0.3663006126880646,3.649038314819336,0.10411351919174194,3.8009188175201416
726,2,0,0,0.15692761540412903,3.586487054824829,0.21492844820022583,3.685328245162964,0.34580275416374207,3.6796727180480957,0.0938895046710968,3.85459566116333
727,2,0,0,0.1540776491165161,3.5855000019073486,0.21476900577545166,3.7016122341156006,0.3495396077632904,3.689340591430664,0.08840879797935486,3.9005861282348633
728,2,0,0,0.14270766079425812,3.56553316116333,0.18686722218990326,3.7408344745635986,0.3179607689380646,3.7137393951416016,0.07637117058038712,3.9451982975006104
729,2,0,0,0.1604253053665161,3.586496114730835,0.23591457307338715,3.6982407569885254,0.367885023355484,3.6745219230651855,0.10528937727212906,3.872042417526245
730,2,0,0,0.15350964665412903,3.5959103107452393,0.21858558058738708,3.740831136703491,0.35013750195503235,3.723909378051758,0.09646045416593552,3.937190055847168
731,2,0,0,0.14584662020206451,3.5769336223602295,0.1812220960855484,3.7009787559509277,0.31986406445503235,3.7243528366088867,0.07495615631341934,3.9601171016693115
732,2,0,0,0.16271723806858063,3.5806846618652344,0.24236686527729034,3.688101291656494,0.3726881444454193,3.6517913341522217,0.10706313699483871,3.8430752754211426
733,2,0,0,0.15085896849632263,3.5868947505950928,0.20251713693141937,3.716036081314087,0.3372827470302582,3.7349839210510254,0.0919363796710968,3.951658248901367
734,2,0,0,0.14563734829425812,3.577967882156372,0.17316047847270966,3.698739767074585,0.31203165650367737,3.715932607650757,0.07174744457006454,3.9655556678771973
735,2,0,0,0.16906489431858063,3.5819876194000244,0.25042349100112915,3.6690475940704346,0.3790557086467743,3.6415257453918457,0.1092354878783226,3.799854040145874
736,2,0,0,0.14844746887683868,3.577230215072632,0.19548189640045166,3.705561399459839,0.33011797070503235,3.739525556564331,0.0825892835855484,3.9519786834716797
737,2,0,0,0.17504383623600006,3.59979510307312,0.27724409103393555,3.713068723678589,0.39232900738716125,3.670137882232666,0.11790496855974197,3.8356997966766357
738,2,0,0,0.1525629758834839,3.5892226696014404,0.20278619229793549,3.721130132675171,0.3382493555545807,3.7253122329711914,0.08904655277729034,3.946284770965576
739,2,0,0,0.15237364172935486,3.5824995040893555,0.2049037367105484,3.7137022018432617,0.3419463336467743,3.730001449584961,0.09000318497419357,3.9220550060272217
740,2,0,0,0.1716756969690323,3.5898537635803223,0.2881805896759033,3.7387921810150146,0.4023337662220001,3.673015594482422,0.12721221148967743,3.855083703994751
741,2,0,0,0.14379383623600006,3.5606374740600586,0.18545718491077423,3.663693428039551,0.3293008506298065,3.6648006439208984,0.078125,3.882652997970581
742,2,0,0,0.1483677476644516,3.576868772506714,0.19042469561100006,3.6931891441345215,0.3306361436843872,3.719740867614746,0.08308753371238708,3.967618227005005
743,2,0,0,0.15530332922935486,3.5884504318237305,0.22697603702545166,3.7033915519714355,0.3577108383178711,3.6881632804870605,0.10204081237316132,3.8681640625
744,2,0,0,0.15300142765045166,3.5920281410217285,0.19847635924816132,3.7463035583496094,0.33430325984954834,3.7439489364624023,0.08623644709587097,3.9745781421661377
745,2,0,0,0.14952367544174194,3.5864710807800293,0.19251734018325806,3.7490100860595703,0.32487642765045166,3.7582356929779053,0.08240991830825806,4.006287574768066
746,2,0,0,0.14366430044174194,3.564541816711426,0.198590949177742,3.7552812099456787,0.33254942297935486,3.7442467212677,0.08723293989896774,3.9693853855133057
747,2,0,0,0.15249322354793549,3.5846567153930664,0.20236268639564514,3.732118606567383,0.3406907618045807,3.7242679595947266,0.08350605517625809,3.9329354763031006
748,2,0,0,0.16076411306858063,3.5843303203582764,0.2251424938440323,3.6972579956054688,0.3628627061843872,3.661311626434326,0.09227518737316132,3.884233236312866
749,2,0,0,0.15337012708187103,3.594048500061035,0.21708087623119354,3.7389886379241943,0.3526686131954193,3.730072498321533,0.09789540618658066,3.951343536376953
750,2,0,0,0.1565389782190323,3.5908079147338867,0.22323919832706451,3.7138712406158447,0.3607601225376129,3.688257932662964,0.09564333409070969,3.9304022789001465
751,2,0,0,0.13965840637683868,3.557260036468506,0.17615991830825806,3.678187608718872,0.31777143478393555,3.6801090240478516,0.07419881969690323,3.9178082942962646
752,2,0,0,0.15761518478393555,3.598027467727661,0.2328404039144516,3.7538304328918457,0.36148756742477417,3.7244458198547363,0.10164221376180649,3.957843065261841
753,2,0,0,0.16167090833187103,3.604783058166504,0.2471051812171936,3.7758240699768066,0.3729073703289032,3.7202982902526855,0.10660474747419357,3.9186763763427734
754,2,0,0,0.15242347121238708,3.589042901992798,0.2136479616165161,3.7100279331207275,0.3482342064380646,3.7088937759399414,0.08892697840929031,3.9031825065612793
755,2,0,0,0.1741868555545807,3.5915331840515137,0.2642099857330322,3.6768877506256104,0.3751494586467743,3.6700401306152344,0.11106903105974197,3.794724464416504
756,2,0,0,0.14180085062980652,3.5605762004852295,0.1812220960855484,3.689871311187744,0.32252469658851624,3.6841747760772705,0.07655054330825806,3.9036710262298584
757,2,0,0,0.17927893996238708,3.601022720336914,0.28955575823783875,3.6923341751098633,0.4008888602256775,3.660154104232788,0.11957907676696777,3.763000011444092
758,2,0,0,0.1487065553665161,3.580111265182495,0.19485411047935486,3.7081925868988037,0.3342036008834839,3.7314090728759766,0.08779097348451614,3.962315559387207
759,2,0,0,0.16186024248600006,3.5942251682281494,0.2516940236091614,3.761659622192383,0.3781289756298065,3.694803237915039,0.11393893510103226,3.8623404502868652
760,2,0,0,0.14457111060619354,3.572580575942993,0.16760005056858063,3.6877341270446777,0.30263471603393555,3.7117879390716553,0.07005341351032257,3.9920341968536377
761,2,0,0,0.16060467064380646,3.595520257949829,0.2390236258506775,3.7148396968841553,0.3664102256298065,3.6807994842529297,0.10347576439380646,3.850346803665161
762,2,0,0,0.15329042077064514,3.5872716903686523,0.22120635211467743,3.7029528617858887,0.34874242544174194,3.68420147895813,0.09658003598451614,3.8829963207244873
763,2,0,0,0.15623006224632263,3.589679718017578,0.24079738557338715,3.705932140350342,0.371113657951355,3.688523769378662,0.10682398080825806,3.8414180278778076
764,2,0,0,0.1512276828289032,3.5912625789642334,0.21206851303577423,3.7367665767669678,0.34887197613716125,3.728020668029785,0.09644052386283875,3.959908962249756
765,2,0,0,0.1524135023355484,3.596142530441284,0.21625378727912903,3.743335723876953,0.3535853624343872,3.734097957611084,0.09873245656490326,3.9378280639648438
766,2,0,0,0.13645966351032257,3.5484883785247803,0.16405750811100006,3.661858081817627,0.30222615599632263,3.7094199657440186,0.0686383917927742,3.9036004543304443
767,2,0,0,0.15493462979793549,3.5902366638183594,0.20565110445022583,3.7400848865509033,0.34091994166374207,3.7343621253967285,0.0901227667927742,3.942060947418213
768,2,0,0,0.14730149507522583,3.576850175857544,0.18945810198783875,3.708770513534546,0.3318319320678711,3.7328529357910156,0.08527981489896774,3.9338631629943848
769,2,0,0,0.14478036761283875,3.575745105743408,0.17497408390045166,3.71296763420105,0.3131277859210968,3.7305476665496826,0.07557398080825806,3.9794304370880127
770,2,0,0,0.1633051633834839,3.5932390689849854,0.24385163187980652,3.682889938354492,0.3627132475376129,3.685101270675659,0.10680405050516129,3.815823793411255
771,2,0,0,0.13773517310619354,3.551295042037964,0.17004643380641937,3.657886266708374,0.3108358383178711,3.651524305343628,0.06953523308038712,3.8882200717926025
772,2,0,0,0.15252311527729034,3.5695152282714844,0.20718072354793549,3.6869800090789795,0.3481544852256775,3.6726486682891846,0.08797034621238708,3.9417762756347656
773,2,0,0,0.15293167531490326,3.581742286682129,0.20482401549816132,3.698071002960205,0.34051138162612915,3.729156255722046,0.08984375,3.931455135345459
774,2,0,0,0.14509925246238708,3.5721447467803955,0.20352359116077423,3.718076705932617,0.3353097140789032,3.692323684692383,0.08683434128761292,3.9244892597198486
775,2,0,0,0.15348970890045166,3.587353229522705,0.20845124125480652,3.6994526386260986,0.3511340022087097,3.6960296630859375,0.08791055530309677,3.9183857440948486
776,2,0,0,0.17914938926696777,3.5937812328338623,0.2896404564380646,3.67057728767395,0.3962153196334839,3.6363019943237305,0.12073501199483871,3.7599868774414062
777,2,0,0,0.15153658390045166,3.5886762142181396,0.1963339000940323,3.7375967502593994,0.33144330978393555,3.7448062896728516,0.08374521881341934,3.960019111633301
778,2,0,0,0.15131735801696777,3.591965675354004,0.19568617641925812,3.7368810176849365,0.33131375908851624,3.7417287826538086,0.08392458409070969,3.9696035385131836
779,2,0,0,0.15204480290412903,3.5931315422058105,0.20645825564861298,3.7491614818573,0.33751195669174194,3.7486565113067627,0.09231504797935486,3.9926598072052
780,2,0,0,0.16993184387683868,3.5850584506988525,0.2570900321006775,3.640380620956421,0.3718510866165161,3.6494264602661133,0.1018415167927742,3.800391435623169
781,2,0,0,0.15545280277729034,3.589679479598999,0.22658242285251617,3.7589058876037598,0.3557577133178711,3.738102674484253,0.101981021463871,3.9609146118164062
782,2,0,0,0.16251793503761292,3.58262300491333,0.2462780922651291,3.663881540298462,0.3757672905921936,3.6497387886047363,0.10634566098451614,3.763305902481079
783,2,0,0,0.15333028137683868,3.601221799850464,0.2141561657190323,3.8063840866088867,0.3443080186843872,3.787508726119995,0.0930524542927742,3.9940030574798584
784,2,0,0,0.16062459349632263,3.5966250896453857,0.2363629937171936,3.7604081630706787,0.369160532951355,3.730551242828369,0.1036551296710968,3.935397148132324
785,2,0,0,0.14661391079425812,3.575477361679077,0.1826421022415161,3.690372943878174,0.3237802982330322,3.7166686058044434,0.07754703611135483,3.965047597885132
786,2,0,0,0.15235371887683868,3.583098888397217,0.2014409303665161,3.692307710647583,0.3383091390132904,3.6933724880218506,0.084402896463871,3.919480562210083
787,2,0,0,0.15181560814380646,3.594289541244507,0.20569096505641937,3.828403949737549,0.33241987228393555,3.8058695793151855,0.0884486585855484,4.049797058105469
788,2,0,0,0.15349967777729034,3.5882887840270996,0.2135981321334839,3.719011068344116,0.34747686982154846,3.7158303260803223,0.09127869457006454,3.9390828609466553
789,2,0,0,0.15247328579425812,3.5931637287139893,0.20782345533370972,3.777468681335449,0.34326171875,3.7568728923797607,0.090262271463871,3.972620964050293
790,2,0,0,0.14354471862316132,3.5643179416656494,0.19217853248119354,3.6959891319274902,0.33031728863716125,3.7059249877929688,0.08362563699483871,3.9435176849365234
791,2,0,0,0.1576550453901291,3.5954744815826416,0.23906847834587097,3.7651619911193848,0.36505499482154846,3.7186765670776367,0.1043526753783226,3.8974409103393555
792,2,0,0,0.16551737487316132,3.5978927612304688,0.2507922053337097,3.680103302001953,0.375209242105484,3.666640043258667,0.10696348547935486,3.776970386505127
793,2,0,0,0.16653379797935486,3.590773105621338,0.23962152004241943,3.7249910831451416,0.37182119488716125,3.6900007724761963,0.10520966351032257,3.851486921310425
794,2,0,0,0.15474529564380646,3.6007471084594727,0.21372269093990326,3.7656137943267822,0.34405890107154846,3.756509304046631,0.09111925959587097,3.986220359802246
795,2,0,0,0.14489994943141937,3.5694243907928467,0.20445531606674194,3.7363712787628174,0.33445271849632263,3.7347376346588135,0.08529974520206451,3.970794439315796
796,2,0,0,0.16779933869838715,3.5888116359710693,0.2552315890789032,3.6616170406341553,0.3781588673591614,3.63205885887146,0.11168686300516129,3.789079189300537
797,2,0,0,0.16370375454425812,3.5920379161834717,0.24870455265045166,3.678339719772339,0.3739038407802582,3.641516923904419,0.10887674987316132,3.8211605548858643
798,2,0,0,0.15088887512683868,3.5790517330169678,0.20888471603393555,3.6877684593200684,0.35013750195503235,3.66770076751709,0.08681441098451614,3.8753442764282227
799,2,0,0,0.15840241312980652,3.598767042160034,0.22508768737316132,3.7649636268615723,0.36017218232154846,3.755063056945801,0.10018733888864517,3.964790105819702
800,2,0,0,0.14884606003761292,3.5711989402770996,0.19637873768806458,3.666311502456665,0.33424344658851624,3.700554609298706,0.0884486585855484,3.938035249710083
801,2,0,0,0.14791932702064514,3.5816490650177,0.18526287376880646,3.701422691345215,0.3258230984210968,3.7154784202575684,0.07722815871238708,3.9576773643493652
802,2,0,0,0.1511678844690323,3.5852999687194824,0.20067860186100006,3.716165542602539,0.3353894352912903,3.7251389026641846,0.08846858888864517,3.9659833908081055
803,2,0,0,0.17099808156490326,3.592132806777954,0.26836535334587097,3.69295597076416,0.38696786761283875,3.650529146194458,0.11599170416593552,3.8111684322357178
804,2,0,0,0.14639468491077423,3.5767476558685303,0.18177016079425812,3.686530351638794,0.3197544515132904,3.732018232345581,0.08053650707006454,3.9641177654266357
805,2,0,0,0.16284677386283875,3.5975401401519775,0.244140625,3.7173469066619873,0.3706652522087097,3.6913461685180664,0.10451211780309677,3.8194127082824707
806,2,0,0,0.1525629758834839,3.5936641693115234,0.1993333399295807,3.7960357666015625,0.3309051990509033,3.773752450942993,0.0832868292927742,4.011964797973633
807,2,0,0,0.1480189710855484,3.5747947692871094,0.1963339000940323,3.6757264137268066,0.3355090022087097,3.6922390460968018,0.08330675959587097,3.9373204708099365
808,2,0,0,0.16367386281490326,3.6024961471557617,0.24476343393325806,3.761343479156494,0.3720703125,3.710455894470215,0.10403379797935486,3.891953945159912
809,2,0,0,0.16325533390045166,3.5970823764801025,0.24579977989196777,3.7068898677825928,0.37567761540412903,3.677320957183838,0.10544881969690323,3.840672731399536
810,2,0,0,0.15148676931858063,3.589001417160034,0.19690190255641937,3.7440218925476074,0.3328683078289032,3.764279842376709,0.08494100719690323,3.9338338375091553
811,2,0,0,0.14750079810619354,3.5808675289154053,0.1811971813440323,3.731294870376587,0.316127210855484,3.743159770965576,0.076171875,4.0002617835998535
812,2,0,0,0.16760005056858063,3.5987277030944824,0.2533382475376129,3.7091610431671143,0.38165655732154846,3.676945209503174,0.11106903105974197,3.8494527339935303
813,2,0,0,0.1796277016401291,3.576056718826294,0.2779017686843872,3.63948655128479,0.38654932379722595,3.6272590160369873,0.11497528105974197,3.772404193878174
814,2,0,0,0.14064492285251617,3.568159341812134,0.1777592897415161,3.725313186645508,0.3177514970302582,3.689528703689575,0.07527503371238708,3.933809995651245
815,2,0,0,0.1536690890789032,3.592374086380005,0.21251195669174194,3.8071837425231934,0.3471181392669678,3.7916977405548096,0.09582269936800003,3.9846088886260986
816,2,0,0,0.15454599261283875,3.595782995223999,0.21318957209587097,3.7374496459960938,0.3469686508178711,3.7179126739501953,0.08880739659070969,3.9344704151153564
817,2,0,0,0.1575055718421936,3.5933189392089844,0.22130101919174194,3.752026319503784,0.3569236099720001,3.7055671215057373,0.10152263939380646,3.9275617599487305
818,2,0,0,0.14024633169174194,3.5654397010803223,0.18456034362316132,3.7181577682495117,0.31894728541374207,3.733058452606201,0.07852359861135483,3.9725887775421143
819,2,0,0,0.1501713991165161,3.5813536643981934,0.19773396849632263,3.7429823875427246,0.32705873250961304,3.7483623027801514,0.0845424085855484,3.972418785095215
820,2,0,0,0.1457170695066452,3.575873613357544,0.16881078481674194,3.684011697769165,0.3163564205169678,3.698018789291382,0.07148835808038712,3.9177584648132324
821,2,0,0,0.15288184583187103,3.584082841873169,0.22256158292293549,3.7571022510528564,0.35498046875,3.70973801612854,0.10160236060619354,3.9178109169006348
822,2,0,0,0.1488659828901291,3.582836866378784,0.18713627755641937,3.7125589847564697,0.3250458240509033,3.7390785217285156,0.08081553131341934,3.9827373027801514
823,2,0,0,0.15880101919174194,3.5945029258728027,0.23417071998119354,3.7169301509857178,0.3596440553665161,3.6932199001312256,0.1051897332072258,3.8478591442108154
824,2,0,0,0.14960339665412903,3.582228660583496,0.1869868040084839,3.721548557281494,0.3196946680545807,3.7457451820373535,0.08013791590929031,3.9654314517974854
825,2,0,0,0.1443917453289032,3.5740511417388916,0.18644869327545166,3.7359771728515625,0.31951528787612915,3.75327467918396,0.081473208963871,3.9897260665893555
826,2,0,0,0.14892578125,3.592238187789917,0.20811742544174194,3.803495407104492,0.33506056666374207,3.7656733989715576,0.09155771136283875,3.982368230819702
827,2,0,0,0.15673828125,3.5891664028167725,0.21005560457706451,3.6935410499572754,0.34783560037612915,3.705580711364746,0.09600207209587097,3.930454730987549
828,2,0,0,0.17442601919174194,3.598491668701172,0.2808115482330322,3.687934637069702,0.3904157280921936,3.6598687171936035,0.11654974520206451,3.7898426055908203
829,2,0,0,0.1556321680545807,3.5929055213928223,0.22667211294174194,3.7221171855926514,0.3558374345302582,3.687053680419922,0.10054607689380646,3.847968339920044
830,2,0,0,0.14117306470870972,3.559328079223633,0.18441087007522583,3.676645517349243,0.3221161365509033,3.681175470352173,0.07969945669174194,3.91147780418396
831,2,0,0,0.1653081178665161,3.595273971557617,0.2636569142341614,3.710679054260254,0.38614076375961304,3.677316188812256,0.11742665618658066,3.8576035499572754
832,2,0,0,0.1471819132566452,3.5761001110076904,0.17631934583187103,3.7083756923675537,0.31833943724632263,3.728322744369507,0.07334183156490326,3.947554349899292
833,2,0,0,0.160016730427742,3.600510597229004,0.23031428456306458,3.752298593521118,0.36563295125961304,3.7093098163604736,0.0965401753783226,3.9149463176727295
834,2,0,0,0.16394291818141937,3.5982859134674072,0.23890405893325806,3.7103171348571777,0.3656030595302582,3.6875903606414795,0.10381457209587097,3.851794958114624
835,2,0,0,0.17545241117477417,3.596069812774658,0.2809360921382904,3.701977491378784,0.3985770046710968,3.6929595470428467,0.12649473547935486,3.8222782611846924
836,2,0,0,0.15838249027729034,3.5966403484344482,0.2292829155921936,3.7101569175720215,0.35820910334587097,3.7079033851623535,0.09883210808038712,3.8933253288269043
837,2,0,0,0.1594686657190323,3.587327480316162,0.23690608143806458,3.690922975540161,0.3699876368045807,3.6794958114624023,0.1057477667927742,3.8533735275268555
838,2,0,0,0.14778977632522583,3.5839121341705322,0.19332948327064514,3.743621349334717,0.32906168699264526,3.755587100982666,0.0835658460855484,3.987598419189453
839,2,0,0,0.14399313926696777,3.57328724861145,0.20464962720870972,3.7308759689331055,0.33870774507522583,3.714210033416748,0.08575812727212906,3.936091184616089
840,2,0,0,0.16809828579425812,3.589839458465576,0.27693021297454834,3.716233968734741,0.39137235283851624,3.6786506175994873,0.12121332436800003,3.806971311569214
841,2,0,0,0.17143653333187103,3.608811855316162,0.26904296875,3.771991491317749,0.3871472477912903,3.709376811981201,0.11557318270206451,3.8632524013519287
842,2,0,0,0.16527821123600006,3.573133945465088,0.22951211035251617,3.661731481552124,0.35563814640045166,3.6678807735443115,0.1026785671710968,3.797748565673828
843,2,0,0,0.14680324494838715,3.5767717361450195,0.17827247083187103,3.7031302452087402,0.31754225492477417,3.7327558994293213,0.07635124027729034,3.947272300720215
844,2,0,0,0.14025630056858063,3.5617761611938477,0.1625627726316452,3.6467342376708984,0.3133270740509033,3.6472346782684326,0.07049186527729034,3.880689859390259
845,2,0,0,0.15571188926696777,3.5860745906829834,0.2222028374671936,3.7092628479003906,0.35656487941741943,3.6869654655456543,0.10329639166593552,3.8961992263793945
846,2,0,0,0.14414261281490326,3.5675768852233887,0.1922084242105484,3.6966586112976074,0.32907167077064514,3.690791368484497,0.08153299987316132,3.9359569549560547
847,2,0,0,0.17548230290412903,3.611868143081665,0.3045928180217743,3.724698543548584,0.4042271077632904,3.6689016819000244,0.12854750454425812,3.7834107875823975
848,2,0,0,0.14912506937980652,3.586568593978882,0.17997150123119354,3.728025197982788,0.32745733857154846,3.7049694061279297,0.07168766111135483,3.942173957824707
849,2,0,0,0.16323541104793549,3.578230857849121,0.24385163187980652,3.686567783355713,0.3740931749343872,3.660264730453491,0.1064453125,3.82175612449646
850,2,0,0,0.15194514393806458,3.589388847351074,0.20573580265045166,3.793567657470703,0.3397141993045807,3.778885841369629,0.0881696417927742,3.9893760681152344
851,2,0,0,0.16558712720870972,3.5849430561065674,0.25077226758003235,3.680753469467163,0.37496012449264526,3.655097246170044,0.10865752398967743,3.799339771270752
852,2,0,0,0.14575693011283875,3.5722978115081787,0.184674933552742,3.6973423957824707,0.3210797905921936,3.724682569503784,0.08041693270206451,3.9633209705352783
853,2,0,0,0.1579340696334839,3.586787700653076,0.22600944340229034,3.7061352729797363,0.36045119166374207,3.7002100944519043,0.10140305757522583,3.898388385772705
854,2,0,0,0.1554129421710968,3.5832905769348145,0.22586993873119354,3.6958065032958984,0.3641980290412903,3.6749753952026367,0.10174186527729034,3.885014772415161
855,2,0,0,0.14751075208187103,3.5796122550964355,0.18458525836467743,3.734337568283081,0.321498304605484,3.7382140159606934,0.07736766338348389,3.988408088684082
856,2,0,0,0.16653379797935486,3.5904738903045654,0.2522670030593872,3.7074520587921143,0.3718610405921936,3.6743040084838867,0.10963408648967743,3.827122449874878
857,2,0,0,0.16968271136283875,3.609877824783325,0.2662876546382904,3.7490129470825195,0.3798030912876129,3.719341993331909,0.11748644709587097,3.856318950653076
858,2,0,0,0.19375796616077423,3.6049680709838867,0.3472925126552582,3.6832847595214844,0.4273158311843872,3.6524415016174316,0.1429966539144516,3.7286410331726074
859,2,0,0,0.15063974261283875,3.581596851348877,0.1930803507566452,3.7033443450927734,0.33005818724632263,3.7356741428375244,0.0860770046710968,3.969205856323242
860,2,0,0,0.13837292790412903,3.5516347885131836,0.16787408292293549,3.6670525074005127,0.31429368257522583,3.673272132873535,0.06963488459587097,3.897252321243286
861,2,0,0,0.14283721148967743,3.5685083866119385,0.17368362843990326,3.686795473098755,0.3154994249343872,3.7237610816955566,0.07174744457006454,3.9397222995758057
862,2,0,0,0.1593989133834839,3.598149538040161,0.23660215735435486,3.745530366897583,0.3673867881298065,3.70448637008667,0.10584741830825806,3.906608819961548
863,2,0,0,0.1603655070066452,3.5919344425201416,0.24095185101032257,3.670140504837036,0.37113359570503235,3.6619322299957275,0.1057477667927742,3.8188843727111816
864,2,3,0,0.14510920643806458,3.5836422443389893,0.17893514037132263,3.7173168659210205,0.3224150836467743,3.7050843238830566,0.07487643510103226,3.952888011932373
865,2,3,0,0.15613041818141937,3.591588020324707,0.21392199397087097,3.7158029079437256,0.3470982015132904,3.7109553813934326,0.09576291590929031,3.925910472869873
866,2,0,0,0.1643514782190323,3.6067421436309814,0.24943697452545166,3.794898509979248,0.3731365501880646,3.7554280757904053,0.10953443497419357,3.9428675174713135
867,2,0,0,0.14156170189380646,3.5646204948425293,0.18065907061100006,3.6914420127868652,0.3247967064380646,3.704700231552124,0.07252471148967743,3.908766031265259
868,2,0,0,0.14569714665412903,3.576225996017456,0.2047044336795807,3.756699562072754,0.33534955978393555,3.737764835357666,0.08647560328245163,3.956441640853882
869,2,0,0,0.154296875,3.5820200443267822,0.2096121609210968,3.690420627593994,0.34581273794174194,3.699218988418579,0.09526466578245163,3.914644241333008
870,2,0,0,0.15371890366077423,3.5887463092803955,0.20051917433738708,3.7421295642852783,0.33743223547935486,3.7353670597076416,0.08360570669174194,3.9704411029815674
871,2,0,0,0.13905054330825806,3.551598072052002,0.18090321123600006,3.6575961112976074,0.32236525416374207,3.6826894283294678,0.07706871628761292,3.9273338317871094
872,2,0,0,0.1509486585855484,3.584895610809326,0.19011080265045166,3.7279064655303955,0.32732778787612915,3.7535314559936523,0.07973931729793549,3.98775315284729
873,2,0,0,0.14799903333187103,3.5826823711395264,0.18706153333187103,3.7674195766448975,0.3210897445678711,3.770219087600708,0.08033721148967743,3.9880921840667725
874,2,0,0,0.13924983143806458,3.55574631690979,0.18094806373119354,3.6787729263305664,0.3182198703289032,3.6969687938690186,0.07708864659070969,3.924767255783081
875,2,0,0,0.17831233143806458,3.5946128368377686,0.28757771849632263,3.687861680984497,0.3990752398967743,3.653540849685669,0.1198381707072258,3.7648427486419678
876,2,0,0,0.14998206496238708,3.5929839611053467,0.1948341727256775,3.760535955429077,0.3280751705169678,3.747441053390503,0.086356021463871,3.9810755252838135
877,2,0,0,0.17055962979793549,3.603236675262451,0.26460856199264526,3.7237327098846436,0.38067999482154846,3.695565700531006,0.113699771463871,3.810166597366333
878,2,0,0,0.15643933415412903,3.590674638748169,0.23261618614196777,3.7048001289367676,0.3600625693798065,3.6921651363372803,0.10110411047935486,3.8424994945526123
879,2,0,0,0.15626992285251617,3.5952045917510986,0.2278280407190323,3.703582286834717,0.3496990501880646,3.6919329166412354,0.099051333963871,3.8750503063201904
880,2,0,0,0.14314612746238708,3.564218521118164,0.18012097477912903,3.6584880352020264,0.31993383169174194,3.712514877319336,0.08103475719690323,3.9331037998199463
881,2,0,0,0.15426698327064514,3.578838586807251,0.21908880770206451,3.684344530105591,0.35808950662612915,3.6702656745910645,0.09628108888864517,3.9151313304901123
882,2,0,0,0.17033043503761292,3.5848007202148438,0.2742595970630646,3.663184642791748,0.3901267349720001,3.6510088443756104,0.11840321868658066,3.7990236282348633
883,2,0,0,0.1659558266401291,3.598114490509033,0.2615194320678711,3.717954635620117,0.3833605647087097,3.6612253189086914,0.11348054558038712,3.802248001098633
884,2,0,0,0.17587092518806458,3.588531970977783,0.26774752140045166,3.6659719944000244,0.3775809109210968,3.6549839973449707,0.11517458409070969,3.8041183948516846
885,2,0,0,0.14682318270206451,3.573707103729248,0.1815110743045807,3.6760361194610596,0.32752710580825806,3.6732993125915527,0.078543521463871,3.8799796104431152
886,2,0,0,0.14497967064380646,3.577428102493286,0.18315528333187103,3.708106756210327,0.3208705186843872,3.746335506439209,0.07581313699483871,3.9334909915924072
887,2,3,0,0.1393694132566452,3.5581295490264893,0.16485969722270966,3.650930881500244,0.3145129084587097,3.6416893005371094,0.07174744457006454,3.8561110496520996
888,2,0,0,0.1462651491165161,3.571126937866211,0.18334461748600006,3.706125259399414,0.3269292116165161,3.713088274002075,0.07629144936800003,3.9352142810821533
889,2,0,0,0.17195472121238708,3.582753896713257,0.2661930024623871,3.641934633255005,0.37440210580825806,3.655461549758911,0.107840396463871,3.8072445392608643
890,2,0,0,0.1457768678665161,3.567502975463867,0.18297094106674194,3.668600082397461,0.32092034816741943,3.7244837284088135,0.080078125,3.919860601425171
891,2,3,0,0.15932916104793549,3.6014134883880615,0.2526955008506775,3.8052330017089844,0.3784777522087097,3.7733078002929688,0.11385921388864517,3.953789710998535
892,2,0,0,0.1477399468421936,3.579859733581543,0.19436582922935486,3.7400667667388916,0.33180204033851624,3.752229928970337,0.08298788219690323,3.961815595626831
893,2,0,0,0.15625996887683868,3.596135377883911,0.2243403196334839,3.7315328121185303,0.3564951419830322,3.7136547565460205,0.09648038446903229,3.877917766571045
894,2,0,0,0.14386360347270966,3.569716691970825,0.1823481321334839,3.7267611026763916,0.32077088952064514,3.709754467010498,0.07403937727212906,3.959623098373413
895,2,0,0,0.15615034103393555,3.592661142349243,0.21343868970870972,3.6963911056518555,0.3545021414756775,3.6884610652923584,0.0964006707072258,3.9015917778015137
896,2,0,0,0.15266261994838715,3.5882506370544434,0.20931819081306458,3.691223621368408,0.34554368257522583,3.6952359676361084,0.0919363796710968,3.862128734588623
897,2,0,0,0.14809869229793549,3.581617593765259,0.1840222328901291,3.750636339187622,0.31959500908851624,3.7528061866760254,0.07720822840929031,3.992514133453369
898,2,0,0,0.16884565353393555,3.5950188636779785,0.2729043662548065,3.7230751514434814,0.3934350907802582,3.6524999141693115,0.11832349747419357,3.7889506816864014
899,2,0,0,0.1516362428665161,3.5821120738983154,0.2258749157190323,3.787400245666504,0.350306898355484,3.762359857559204,0.09562340378761292,3.987286329269409
900,2,0,0,0.1506596803665161,3.57920503616333,0.19872547686100006,3.7069575786590576,0.333984375,3.698681116104126,0.08647560328245163,3.908273696899414
901,2,0,0,0.16334502398967743,3.605600357055664,0.2410116344690323,3.7423715591430664,0.3717115819454193,3.6974425315856934,0.10570790618658066,3.8944191932678223
902,2,0,0,0.1482282280921936,3.577411651611328,0.19040974974632263,3.6956772804260254,0.32908162474632263,3.722383737564087,0.08143335580825806,3.955702304840088
903,2,0,0,0.1753029227256775,3.605445623397827,0.2884596288204193,3.6958978176116943,0.4011579155921936,3.6776957511901855,0.12033641338348389,3.7861874103546143
904,2,0,0,0.13975805044174194,3.562852144241333,0.17405232787132263,3.7291386127471924,0.3181002736091614,3.6864230632781982,0.07194674760103226,3.9473683834075928
905,2,0,0,0.15056999027729034,3.5832560062408447,0.2025320827960968,3.7432656288146973,0.33333665132522583,3.7411139011383057,0.0857979878783226,3.9781649112701416
906,2,0,0,0.17212411761283875,3.5840327739715576,0.2723712623119354,3.6417882442474365,0.3889508843421936,3.6402695178985596,0.11643016338348389,3.7810680866241455
907,2,0,0,0.17541255056858063,3.600749969482422,0.3019919693470001,3.700054407119751,0.40308114886283875,3.6479852199554443,0.12561781704425812,3.742662191390991
908,2,0,0,0.1493443101644516,3.5791685581207275,0.19379284977912903,3.7030980587005615,0.32943040132522583,3.71000337600708,0.08525988459587097,3.935483932495117
909,2,0,0,0.14880619943141937,3.590571165084839,0.19355368614196777,3.7482430934906006,0.3257732689380646,3.7506422996520996,0.08575812727212906,3.990471839904785
910,2,0,0,0.16126234829425812,3.59896183013916,0.24481824040412903,3.788179636001587,0.37343549728393555,3.7598133087158203,0.10778061300516129,3.957655429840088
911,2,0,0,0.14008688926696777,3.564305067062378,0.18844667077064514,3.703082799911499,0.3258330523967743,3.713315725326538,0.07932078838348389,3.951507568359375
912,2,0,0,0.15183553099632263,3.6008400917053223,0.20640844106674194,3.796557903289795,0.3376713991165161,3.786017894744873,0.09056122601032257,4.007702350616455
913,2,0,0,0.17091836035251617,3.6102495193481445,0.27414003014564514,3.7436978816986084,0.38995733857154846,3.712212085723877,0.11910076439380646,3.8082330226898193
914,2,0,0,0.14524872601032257,3.5721049308776855,0.18606504797935486,3.7144386768341064,0.32543447613716125,3.7397267818450928,0.08031728118658066,3.9451613426208496
915,2,0,0,0.14875636994838715,3.577974319458008,0.19407185912132263,3.7164130210876465,0.3309350907802582,3.729569435119629,0.0827287957072258,3.9715731143951416
916,2,0,0,0.1477399468421936,3.5799272060394287,0.18654336035251617,3.7349894046783447,0.3255440890789032,3.742048978805542,0.0777064710855484,3.9633238315582275
917,2,0,0,0.168317511677742,3.607720136642456,0.2554856836795807,3.7220585346221924,0.3754384517669678,3.7001538276672363,0.11168686300516129,3.8415417671203613
918,2,0,0,0.14812858402729034,3.5776655673980713,0.19502350687980652,3.714935302734375,0.33136358857154846,3.723994731903076,0.08254942297935486,3.951472759246826
919,2,0,0,0.1549246609210968,3.5869300365448,0.20122168958187103,3.6992027759552,0.336146742105484,3.708742141723633,0.08731266111135483,3.891805410385132
920,2,0,0,0.1505301296710968,3.5836753845214844,0.19282126426696777,3.729043960571289,0.3311842381954193,3.751406669616699,0.08450254797935486,3.9669811725616455
921,2,0,0,0.1640027016401291,3.6057236194610596,0.23734454810619354,3.7957427501678467,0.36840322613716125,3.757938861846924,0.10361526906490326,3.943450689315796
922,2,0,0,0.15020129084587097,3.5907914638519287,0.1953374147415161,3.7515623569488525,0.33464205265045166,3.7488832473754883,0.08033721148967743,3.9550979137420654
923,2,0,0,0.17518335580825806,3.5994880199432373,0.2737762928009033,3.703246593475342,0.38660913705825806,3.657679796218872,0.11485570669174194,3.817629814147949
924,2,0,0,0.15846221148967743,3.5927555561065674,0.24355268478393555,3.7051265239715576,0.3712930381298065,3.6726248264312744,0.1064453125,3.8367347717285156
925,2,0,0,0.1546456515789032,3.599329948425293,0.20537707209587097,3.7946627140045166,0.3389269709587097,3.7848405838012695,0.08591756969690323,3.990257501602173
926,2,0,0,0.15633967518806458,3.5856332778930664,0.22689133882522583,3.7252843379974365,0.36079996824264526,3.71047043800354,0.09939014166593552,3.911971092224121
927,2,0,0,0.15794403851032257,3.59306001663208,0.23602917790412903,3.719538927078247,0.3560467064380646,3.6935627460479736,0.10210060328245163,3.851649522781372
928,2,0,0,0.15003187954425812,3.586277961730957,0.19380779564380646,3.739780902862549,0.3293706178665161,3.741959810256958,0.07957987487316132,3.9278738498687744
929,2,0,0,0.13794443011283875,3.553131580352783,0.16835737228393555,3.6577093601226807,0.3154795169830322,3.6437346935272217,0.06921635568141937,3.8589115142822266
930,2,0,0,0.1547253578901291,3.584465742111206,0.23281049728393555,3.715447425842285,0.3633709251880646,3.6922802925109863,0.1043526753783226,3.8980138301849365
931,2,0,0,0.18291613459587097,3.594356060028076,0.28847455978393555,3.649141550064087,0.39408281445503235,3.62791109085083,0.1164899542927742,3.759110450744629
932,2,0,0,0.15998683869838715,3.5890376567840576,0.23370236158370972,3.6677539348602295,0.36646005511283875,3.650224447250366,0.10538902878761292,3.859682321548462
933,2,0,0,0.16729113459587097,3.5954253673553467,0.2633579671382904,3.7156100273132324,0.3862802982330322,3.6579301357269287,0.11587212979793549,3.804781675338745
934,2,0,0,0.16426178812980652,3.5939698219299316,0.2405233532190323,3.694535255432129,0.3579798936843872,3.677875518798828,0.10345583409070969,3.8620688915252686
935,2,0,0,0.14223931729793549,3.5622811317443848,0.185791015625,3.7262463569641113,0.3218371272087097,3.7137506008148193,0.07692920416593552,3.9246113300323486
936,2,0,0,0.16932398080825806,3.594691514968872,0.2587292790412903,3.708326816558838,0.38438695669174194,3.662181854248047,0.1125837042927742,3.8277571201324463
937,2,0,0,0.15665856003761292,3.5929648876190186,0.2312360405921936,3.690842390060425,0.3558075428009033,3.683218479156494,0.09996811300516129,3.846092462539673
938,2,0,0,0.14010682702064514,3.557894706726074,0.17462033033370972,3.685451030731201,0.3184092044830322,3.660783052444458,0.0710100457072258,3.9090654850006104
939,2,3,0,0.1521245241165161,3.5946547985076904,0.19898955523967743,3.765937089920044,0.3339743912220001,3.776846170425415,0.08735251426696777,3.9984028339385986
940,2,0,0,0.15259286761283875,3.5966172218322754,0.2031598687171936,3.7531330585479736,0.33888712525367737,3.75073504447937,0.09062100946903229,3.9461183547973633
941,2,0,0,0.1443219780921936,3.572671413421631,0.1780931055545807,3.7369627952575684,0.31506097316741943,3.764493703842163,0.07595264166593552,3.983731269836426
942,2,0,0,0.14671356976032257,3.577871322631836,0.21091756224632263,3.748511791229248,0.3395746946334839,3.738386631011963,0.09048150479793549,3.951321601867676
943,2,0,0,0.16411231458187103,3.5960896015167236,0.24235191941261292,3.7778828144073486,0.3754284977912903,3.7124087810516357,0.10758130997419357,3.9160799980163574
944,2,0,0,0.14545798301696777,3.573542594909668,0.1822684109210968,3.7195887565612793,0.3206712305545807,3.739030361175537,0.07595264166593552,3.9464707374572754
945,2,0,0,0.16207948327064514,3.596311092376709,0.23918306827545166,3.7752318382263184,0.369160532951355,3.734870195388794,0.10726243257522583,3.9275362491607666
946,2,0,0,0.15185546875,3.588818073272705,0.19732043147087097,3.757897138595581,0.32592275738716125,3.770569086074829,0.08846858888864517,3.993016481399536
947,2,0,0,0.1695033460855484,3.5907113552093506,0.25822603702545166,3.6528451442718506,0.3728973865509033,3.6556479930877686,0.11354033648967743,3.801650047302246
948,2,3,0,0.1453782618045807,3.5722804069519043,0.17656847834587097,3.7001523971557617,0.32350125908851624,3.7159314155578613,0.07475685328245163,3.9296188354492188
949,2,0,0,0.15693756937980652,3.594069480895996,0.22579021751880646,3.712646484375,0.3553292453289032,3.700347661972046,0.09663982689380646,3.9234893321990967
950,2,0,0,0.15511399507522583,3.597841501235962,0.22969646751880646,3.7409167289733887,0.3602718412876129,3.7251203060150146,0.10291773080825806,3.944422960281372
951,2,0,0,0.17545241117477417,3.6055545806884766,0.28747308254241943,3.7186336517333984,0.4041473865509033,3.6713759899139404,0.12306680530309677,3.803562641143799
952,2,0,0,0.13932955265045166,3.561793804168701,0.1768973171710968,3.716369867324829,0.3082449734210968,3.7035205364227295,0.07619180530309677,3.944284677505493
953,2,0,0,0.14980268478393555,3.5803897380828857,0.20013053715229034,3.6989569664001465,0.3350207209587097,3.714872121810913,0.08920599520206451,3.9535298347473145
954,2,0,0,0.15340003371238708,3.594712257385254,0.2247937172651291,3.7367732524871826,0.35822904109954834,3.7289772033691406,0.09950972348451614,3.9140796661376953
955,2,0,0,0.157575324177742,3.595775604248047,0.25099149346351624,3.7598013877868652,0.37461134791374207,3.715744972229004,0.10794004797935486,3.885709047317505
956,2,0,0,0.15585139393806458,3.595844030380249,0.21382233500480652,3.719491958618164,0.3487822711467743,3.7087512016296387,0.089285708963871,3.916517972946167
957,2,0,0,0.15679806470870972,3.5937719345092773,0.21429069340229034,3.730149507522583,0.34700852632522583,3.7221951484680176,0.09177694469690323,3.8961997032165527
958,2,0,0,0.1472516655921936,3.5779929161071777,0.1831403374671936,3.725821018218994,0.3201729953289032,3.74186110496521,0.07716836780309677,3.9752066135406494
959,2,0,0,0.18020567297935486,3.5967705249786377,0.28857919573783875,3.698855400085449,0.39615553617477417,3.6741793155670166,0.12055563926696777,3.803107976913452
960,2,0,0,0.15230388939380646,3.5942816734313965,0.20883987843990326,3.749779224395752,0.3418068289756775,3.760560989379883,0.08753188699483871,3.9590163230895996
961,2,0,0,0.15488480031490326,3.5857298374176025,0.21053391695022583,3.7080109119415283,0.3469586968421936,3.7032856941223145,0.09080038219690323,3.906935930252075
962,2,0,0,0.1506696343421936,3.5851852893829346,0.21015027165412903,3.7222721576690674,0.3443678319454193,3.720151662826538,0.08627630770206451,3.927003860473633
963,2,0,0,0.15222416818141937,3.5868682861328125,0.19839663803577423,3.7260100841522217,0.3382593095302582,3.7461776733398438,0.08514030277729034,3.963717222213745
964,2,0,0,0.16715162992477417,3.603970527648926,0.2729940414428711,3.7010092735290527,0.38688814640045166,3.658982515335083,0.11766581237316132,3.8050475120544434
965,2,0,0,0.15454599261283875,3.595073938369751,0.20520268380641937,3.7647688388824463,0.3387176990509033,3.768909454345703,0.08633609861135483,4.003462791442871
966,2,0,0,0.16115273535251617,3.593989610671997,0.23950693011283875,3.7143747806549072,0.3638592064380646,3.708057165145874,0.10182158648967743,3.8318653106689453
967,2,0,0,0.13920997083187103,3.549248456954956,0.17731086909770966,3.6476802825927734,0.3189772069454193,3.6528584957122803,0.07445790618658066,3.914614677429199
968,2,0,0,0.1642717570066452,3.6004245281219482,0.24853515625,3.768934726715088,0.3711435794830322,3.727238655090332,0.109375,3.924926996231079
969,2,0,0,0.15009167790412903,3.5863099098205566,0.19017557799816132,3.7257983684539795,0.32754701375961304,3.742744207382202,0.07886240631341934,3.962850570678711
970,2,0,0,0.1709083914756775,3.602297306060791,0.2713099718093872,3.6824417114257812,0.37477079033851624,3.672791004180908,0.11619100719690323,3.8128645420074463
971,2,0,0,0.15181560814380646,3.5801773071289062,0.2046247124671936,3.6764955520629883,0.3409498631954193,3.6930294036865234,0.09223532676696777,3.932368278503418
972,2,0,0,0.15142697095870972,3.5792312622070312,0.21985609829425812,3.7002220153808594,0.3580397069454193,3.6877260208129883,0.09715799987316132,3.923076868057251
973,2,0,0,0.14966318011283875,3.590651750564575,0.19490393996238708,3.774886131286621,0.3303571343421936,3.747828245162964,0.08165258169174194,3.972662925720215
974,2,0,0,0.15275231003761292,3.5890796184539795,0.20628388226032257,3.7669193744659424,0.34308233857154846,3.7646751403808594,0.08926578611135483,4.004018783569336
975,2,0,0,0.14559748768806458,3.570460557937622,0.19662287831306458,3.722676992416382,0.3315329849720001,3.726300001144409,0.08978395909070969,3.9500555992126465
976,2,0,0,0.15877112746238708,3.5934224128723145,0.23484334349632263,3.7089149951934814,0.3631516993045807,3.684630870819092,0.1042131707072258,3.8494932651519775
977,2,0,0,0.15584143996238708,3.592621088027954,0.23945710062980652,3.770411968231201,0.36148756742477417,3.7352795600891113,0.10172193497419357,3.933581590652466
978,2,0,0,0.14346499741077423,3.575467109680176,0.1745007485151291,3.7193844318389893,0.31251993775367737,3.7282698154449463,0.07126913219690323,3.9443511962890625
979,2,3,0,0.1457170695066452,3.5761470794677734,0.18140146136283875,3.7042958736419678,0.3190469443798065,3.744448184967041,0.07834422588348389,3.9893157482147217
980,2,0,0,0.15684789419174194,3.588437080383301,0.23051856458187103,3.675614833831787,0.3540537357330322,3.6760201454162598,0.1001674085855484,3.8129725456237793
981,2,0,0,0.14549784362316132,3.576809883117676,0.18019570410251617,3.7397003173828125,0.31638631224632263,3.756976366043091,0.07509566098451614,3.9928343296051025
982,2,0,0,0.1659558266401291,3.601837396621704,0.23213288187980652,3.7570724487304688,0.36415815353393555,3.7012641429901123,0.09367027878761292,3.9234042167663574
983,2,3,0,0.14302654564380646,3.5667107105255127,0.17374840378761292,3.6897222995758057,0.31533998250961304,3.7259597778320312,0.07443797588348389,3.939223527908325
984,2,0,0,0.1459362953901291,3.5767157077789307,0.19518794119358063,3.7300829887390137,0.3321009874343872,3.7327091693878174,0.08486128598451614,3.9492719173431396
985,2,0,0,0.1552136391401291,3.5954673290252686,0.2253517508506775,3.757058620452881,0.3608996272087097,3.723085880279541,0.09759645909070969,3.944455862045288
986,2,0,0,0.13555285334587097,3.5475263595581055,0.16241329908370972,3.6384329795837402,0.3078862428665161,3.6526846885681152,0.06744260340929031,3.885047197341919
987,2,0,0,0.17146643996238708,3.5915615558624268,0.283447265625,3.6696724891662598,0.3967135548591614,3.6542916297912598,0.12167171388864517,3.794922113418579
988,2,1,0,0.19429607689380646,3.608370065689087,0.3387525975704193,3.7188663482666016,0.43181002140045166,3.6575820446014404,0.14660395681858063,3.7308318614959717
989,2,0,0,0.1515864133834839,3.5888113975524902,0.20659777522087097,3.76061749458313,0.34146803617477417,3.7527942657470703,0.08753188699483871,3.9576501846313477
990,2,0,0,0.14633490145206451,3.5778005123138428,0.19027522206306458,3.736678123474121,0.3243682086467743,3.699026107788086,0.07814493030309677,3.941086530685425
991,2,0,0,0.1579340696334839,3.5938544273376465,0.24778778851032257,3.67960262298584,0.37502989172935486,3.668287515640259,0.10768096148967743,3.809920310974121
992,2,0,0,0.14862683415412903,3.582634925842285,0.18737544119358063,3.729518413543701,0.3233916461467743,3.7381136417388916,0.07961973547935486,3.947434186935425
993,2,0,0,0.14491987228393555,3.5703775882720947,0.18186482787132263,3.729541540145874,0.32496610283851624,3.711845636367798,0.07441804558038712,3.9587574005126953
994,2,3,0,0.15037068724632263,3.589529514312744,0.19656309485435486,3.744391679763794,0.33233019709587097,3.763028383255005,0.08763153851032257,3.9931771755218506
995,2,0,0,0.1524832546710968,3.5852177143096924,0.2050880789756775,3.712599039077759,0.3422353267669678,3.727492332458496,0.0923549085855484,3.9488563537597656
996,2,0,0,0.15566205978393555,3.5849177837371826,0.21396683156490326,3.6758103370666504,0.34697863459587097,3.6758759021759033,0.0969587042927742,3.8396711349487305
997,2,0,0,0.1630161851644516,3.575279712677002,0.2336076945066452,3.659045457839966,0.3683832883834839,3.6500487327575684,0.10373485088348389,3.8078770637512207
998,2,0,0,0.17026068270206451,3.591829538345337,0.2613849341869354,3.7122433185577393,0.3865692615509033,3.67795729637146,0.11365991830825806,3.859898328781128
999,2,0,0,0.17623963952064514,3.602679967880249,0.28352200984954834,3.758681297302246,0.394740492105484,3.7074949741363525,0.12629543244838715,3.836357831954956
1000,2,0,0,0.15529336035251617,3.599717617034912,0.223876953125,3.7358734607696533,0.35719266533851624,3.717031717300415,0.10112404078245163,3.925896644592285
1001,2,0,0,0.15071946382522583,3.5787107944488525,0.20845623314380646,3.7244131565093994,0.3521105647087097,3.7135984897613525,0.09315210580825806,3.9518613815307617
1002,2,0,0,0.1492745578289032,3.5836448669433594,0.18407206237316132,3.7566046714782715,0.3148616850376129,3.7339937686920166,0.07453762739896774,3.9692513942718506
1003,2,0,0,0.15881098806858063,3.5966618061065674,0.22989077866077423,3.7343735694885254,0.36033162474632263,3.7081029415130615,0.09636081010103226,3.9075491428375244
1004,2,0,0,0.15462571382522583,3.5993425846099854,0.21032465994358063,3.815980911254883,0.3375518023967743,3.7736318111419678,0.08029735088348389,3.962273597717285
1005,2,0,0,0.1465541273355484,3.57027268409729,0.18513831496238708,3.6869046688079834,0.32878267765045166,3.7272534370422363,0.07822464406490326,3.9421656131744385
1006,2,0,0,0.1655970960855484,3.5952582359313965,0.25933215022087097,3.664393186569214,0.38213488459587097,3.6635549068450928,0.11214524507522583,3.7689709663391113
1007,2,0,0,0.14429208636283875,3.573687791824341,0.1770119071006775,3.688518524169922,0.315638929605484,3.7149171829223633,0.07539460808038712,3.958498477935791
1008,2,0,0,0.166015625,3.5959784984588623,0.26394590735435486,3.708315134048462,0.38164660334587097,3.68479585647583,0.1060267835855484,3.8263158798217773
1009,2,0,0,0.15996691584587097,3.5888619422912598,0.2438366860151291,3.7547149658203125,0.37336573004722595,3.6988096237182617,0.10809949040412903,3.892514705657959
1010,2,0,0,0.14401307702064514,3.57127046585083,0.1768724024295807,3.697061777114868,0.31582826375961304,3.7268567085266113,0.07316246628761292,3.952601432800293
1011,2,0,0,0.15592116117477417,3.592893123626709,0.21270129084587097,3.7449519634246826,0.34113919734954834,3.72468900680542,0.09365034848451614,3.943392276763916
1012,2,0,0,0.1381138414144516,3.5540404319763184,0.16980727016925812,3.684633731842041,0.3067900836467743,3.6842498779296875,0.07314253598451614,3.927520513534546
1013,2,0,0,0.14565728604793549,3.574331283569336,0.1907186657190323,3.7605936527252197,0.326869398355484,3.7115724086761475,0.078125,3.931377649307251
1014,2,0,0,0.14790935814380646,3.584787368774414,0.19228814542293549,3.734977960586548,0.32521525025367737,3.747610092163086,0.08527981489896774,3.9815378189086914
1015,2,0,0,0.16424186527729034,3.5791773796081543,0.25664660334587097,3.6771111488342285,0.37901586294174194,3.6551859378814697,0.10837850719690323,3.8063626289367676
1016,2,0,0,0.16653379797935486,3.5891575813293457,0.2585698366165161,3.731616973876953,0.37977319955825806,3.6799349784851074,0.11144769936800003,3.86069393157959
1017,2,0,0,0.16437141597270966,3.5916337966918945,0.24565528333187103,3.6702094078063965,0.3694993555545807,3.660032272338867,0.09994818270206451,3.814357042312622
1018,2,0,0,0.17406727373600006,3.5918822288513184,0.2730189561843872,3.6734797954559326,0.3890306055545807,3.64725923538208,0.11694833636283875,3.796694040298462
1019,2,0,0,0.1578543484210968,3.590745449066162,0.2558245062828064,3.700535535812378,0.3791753053665161,3.678405284881592,0.1128627210855484,3.8304784297943115
1020,2,3,0,0.14661391079425812,3.5739142894744873,0.19122189283370972,3.698585271835327,0.33326688408851624,3.707122325897217,0.07298310101032257,3.9257235527038574
1021,2,0,0,0.15878108143806458,3.607506036758423,0.22970642149448395,3.7852635383605957,0.35691365599632263,3.7377781867980957,0.10098452866077423,3.941385507583618
1022,2,0,0,0.15822304785251617,3.5978713035583496,0.22923807799816132,3.7148385047912598,0.3572923243045807,3.695495843887329,0.1011439710855484,3.877241373062134
1023,2,0,0,0.15146683156490326,3.5949342250823975,0.2020786851644516,3.774446487426758,0.3357979953289032,3.7738442420959473,0.09060107916593552,4.0004401206970215
1024,2,0,0,0.1487264782190323,3.5845227241516113,0.1890794336795807,3.760678768157959,0.3295997977256775,3.7319204807281494,0.07569355517625809,3.9662981033325195
1025,2,0,0,0.16381336748600006,3.5870795249938965,0.24132055044174194,3.70037579536438,0.3724888265132904,3.6684858798980713,0.1028180792927742,3.8552045822143555
1026,2,0,0,0.14161153137683868,3.5619590282440186,0.17421674728393555,3.675856590270996,0.31993383169174194,3.6690337657928467,0.07423868030309677,3.907919406890869
1027,2,0,0,0.156110480427742,3.599195718765259,0.2269212305545807,3.7470576763153076,0.3612782955169678,3.7178871631622314,0.10032685101032257,3.960667371749878
1028,2,0,0,0.14999201893806458,3.589489698410034,0.18853136897087097,3.7317054271698,0.3282645046710968,3.7495901584625244,0.08627630770206451,3.9805960655212402
1029,2,0,0,0.15564213693141937,3.5941481590270996,0.21525231003761292,3.7454748153686523,0.35740193724632263,3.7401158809661865,0.0983537957072258,3.936372756958008
1030,2,0,0,0.17687739431858063,3.5886197090148926,0.29343709349632263,3.6856725215911865,0.40223413705825806,3.653140068054199,0.12268813699483871,3.7858998775482178
1031,2,0,0,0.14737124741077423,3.575698137283325,0.21848592162132263,3.7155823707580566,0.3492705523967743,3.680513620376587,0.09233497828245163,3.90826678276062
1032,2,0,0,0.14958345890045166,3.57997465133667,0.19127172231674194,3.7397170066833496,0.32829439640045166,3.740931749343872,0.0779854878783226,3.942243814468384
1033,2,0,0,0.16327527165412903,3.6026854515075684,0.25623804330825806,3.7707085609436035,0.37609612941741943,3.7086799144744873,0.10845822840929031,3.891951560974121
1034,2,0,0,0.14752072095870972,3.581599473953247,0.1826271414756775,3.726632833480835,0.32257452607154846,3.7555220127105713,0.07647082209587097,3.9671618938446045
1035,2,0,0,0.14559748768806458,3.5737457275390625,0.1831752210855484,3.697638988494873,0.3230329155921936,3.7377302646636963,0.07732780277729034,3.920103073120117
1036,2,0,0,0.16012635827064514,3.6016552448272705,0.2411063015460968,3.750366687774658,0.3681142330169678,3.7278904914855957,0.10670439898967743,3.922114372253418
1037,2,0,0,0.1527722328901291,3.5847628116607666,0.20681700110435486,3.7052204608917236,0.346888929605484,3.713624954223633,0.09243462979793549,3.925398826599121
1038,2,0,0,0.14778977632522583,3.582226514816284,0.17986686527729034,3.727534532546997,0.3143235743045807,3.746821880340576,0.07838408648967743,3.9923722743988037
1039,2,0,0,0.15375876426696777,3.590667486190796,0.2021583914756775,3.7570858001708984,0.33263909816741943,3.7557592391967773,0.0906808003783226,3.994285821914673
1040,2,0,0,0.14908522367477417,3.5783703327178955,0.1885463148355484,3.687807083129883,0.32842394709587097,3.7253170013427734,0.0821707546710968,3.939121961593628
1041,2,0,0,0.15336017310619354,3.5890839099884033,0.22948719561100006,3.69964599609375,0.3555185794830322,3.7052161693573,0.10283800959587097,3.922868251800537
1042,2,0,0,0.17387793958187103,3.5964810848236084,0.2819375693798065,3.6970274448394775,0.39541810750961304,3.6560821533203125,0.119140625,3.7745065689086914
1043,2,0,0,0.15922950208187103,3.59828519821167,0.2289690226316452,3.7225546836853027,0.3548509180545807,3.7002246379852295,0.0950055792927742,3.912733316421509
1044,2,0,0,0.14838767051696777,3.5708818435668945,0.19058911502361298,3.6740562915802,0.3255440890789032,3.7197649478912354,0.08486128598451614,3.956552267074585
1045,2,0,0,0.1426478773355484,3.5622074604034424,0.18232819437980652,3.6847569942474365,0.32179728150367737,3.7269997596740723,0.07930085808038712,3.930133104324341
1046,2,0,0,0.1857561320066452,3.5935840606689453,0.3157535493373871,3.6393415927886963,0.40734612941741943,3.6111111640930176,0.1259765625,3.713020086288452
1047,2,0,0,0.15518374741077423,3.5865280628204346,0.21490353345870972,3.717425584793091,0.351771742105484,3.697713851928711,0.09311224520206451,3.886986255645752
1048,2,0,0,0.1510881632566452,3.584355592727661,0.20109215378761292,3.7584242820739746,0.3362264633178711,3.7818973064422607,0.08880739659070969,3.9968581199645996
1049,2,0,0,0.16586615145206451,3.5887653827667236,0.24533142149448395,3.6953227519989014,0.3737344443798065,3.66892409324646,0.10678412020206451,3.846024751663208
1050,2,0,0,0.1476801633834839,3.581713914871216,0.1855717897415161,3.7414956092834473,0.32130900025367737,3.7664992809295654,0.08270886540412903,3.990361452102661
1051,2,0,0,0.14330555498600006,3.5683889389038086,0.1825474351644516,3.68628191947937,0.32083067297935486,3.7178843021392822,0.07796555757522583,3.948364019393921
1052,2,0,0,0.1531808078289032,3.5941321849823,0.19604989886283875,3.7696452140808105,0.3293805718421936,3.7674713134765625,0.08420360088348389,3.9940829277038574
1053,2,0,0,0.15051020681858063,3.58335542678833,0.1902204155921936,3.7295825481414795,0.3297193944454193,3.7457687854766846,0.07818479090929031,3.9714503288269043
1054,2,0,0,0.1415318101644516,3.5711469650268555,0.19829200208187103,3.697120428085327,0.3324497640132904,3.706282615661621,0.0817522332072258,3.9063870906829834
1055,2,0,0,0.1463448703289032,3.5742204189300537,0.18037009239196777,3.7220518589019775,0.3167649805545807,3.763275384902954,0.07688935101032257,3.972524642944336
1056,2,0,0,0.1527024805545807,3.591620922088623,0.19794324040412903,3.7626359462738037,0.333705335855484,3.760033369064331,0.08494100719690323,3.986625909805298
1057,2,0,0,0.17554208636283875,3.6048479080200195,0.28441885113716125,3.7170486450195312,0.39136239886283875,3.6785149574279785,0.1206752210855484,3.8173410892486572
1058,2,0,0,0.18169043958187103,3.5896451473236084,0.2906768023967743,3.639561176300049,0.40056997537612915,3.634310245513916,0.12284757196903229,3.7503244876861572
1059,2,0,0,0.16540776193141937,3.592686414718628,0.27213209867477417,3.6675820350646973,0.3906748294830322,3.652085304260254,0.1194196417927742,3.807743549346924
1060,2,0,0,0.15438655018806458,3.591686487197876,0.2135881632566452,3.7497899532318115,0.3467394709587097,3.731722116470337,0.09229511767625809,3.928956985473633
1061,2,0,0,0.15692761540412903,3.5920751094818115,0.25,3.7570950984954834,0.374232679605484,3.708347797393799,0.11417809128761292,3.8514575958251953
1062,2,0,0,0.14010682702064514,3.561450958251953,0.17501893639564514,3.6892988681793213,0.3148218095302582,3.6865129470825195,0.07186702638864517,3.9043262004852295
1063,2,0,0,0.16082389652729034,3.6023917198181152,0.23446966707706451,3.795023202896118,0.3596041798591614,3.781001567840576,0.102957583963871,3.9951605796813965
1064,2,0,0,0.16403260827064514,3.5832574367523193,0.24407584965229034,3.671790361404419,0.3712930381298065,3.6411969661712646,0.10762117058038712,3.830925941467285
1065,2,0,0,0.15279217064380646,3.5911433696746826,0.2151128053665161,3.7000045776367188,0.34814453125,3.692160129547119,0.09785554558038712,3.9048879146575928
1066,2,0,0,0.14851722121238708,3.591586112976074,0.18039998412132263,3.7390007972717285,0.32607221603393555,3.7245583534240723,0.07738759368658066,3.9253153800964355
1067,2,0,0,0.15257294476032257,3.5890536308288574,0.21328423917293549,3.718130111694336,0.3521803319454193,3.714475631713867,0.09357062727212906,3.9369542598724365
1068,2,0,0,0.14492984116077423,3.5724010467529297,0.18490412831306458,3.7088193893432617,0.3259127736091614,3.739650249481201,0.07782605290412903,3.932138204574585
1069,2,0,0,0.1778041273355484,3.596088171005249,0.28336256742477417,3.6827261447906494,0.3934749662876129,3.658207893371582,0.12211017310619354,3.797290563583374
1070,3,3,1,0.1411830335855484,3.5585827827453613,0.15774473547935486,3.600126266479492,0.3154296875,3.635464668273926,0.07368063926696777,3.8893697261810303
1071,3,3,1,0.1427873820066452,3.566124677658081,0.16052494943141937,3.6176671981811523,0.31399473547935486,3.6418914794921875,0.0744977667927742,3.89807391166687
1072,3,3,1,0.16943359375,3.583014726638794,0.24161450564861298,3.6776442527770996,0.35843828320503235,3.6723380088806152,0.09634087979793549,3.8390567302703857
1073,3,3,1,0.14945392310619354,3.5797438621520996,0.1929159313440323,3.719362497329712,0.32968947291374207,3.7269155979156494,0.0811941921710968,3.9111437797546387
1074,3,0,0,0.13990752398967743,3.5608973503112793,0.16006158292293549,3.6194241046905518,0.31811025738716125,3.6511919498443604,0.07106982916593552,3.869882106781006
1075,3,3,1,0.14233896136283875,3.558316946029663,0.1746302992105484,3.6783361434936523,0.32305285334587097,3.672907829284668,0.07698899507522583,3.889723062515259
1076,3,3,1,0.1439134180545807,3.57090425491333,0.1687709242105484,3.6890738010406494,0.3164560794830322,3.6822118759155273,0.07234534621238708,3.881542682647705
1077,3,3,1,0.14200015366077423,3.5617544651031494,0.1638432741165161,3.634107828140259,0.3172333240509033,3.6658709049224854,0.07168766111135483,3.8710036277770996
1078,3,3,1,0.15204480290412903,3.5930004119873047,0.1924974024295807,3.7560760974884033,0.33352598547935486,3.7162234783172607,0.07565369457006454,3.9238672256469727
1079,3,3,1,0.1326829493045807,3.53315806388855,0.15204480290412903,3.5576090812683105,0.30731824040412903,3.5906291007995605,0.072265625,3.851351261138916
1080,3,3,1,0.13465601205825806,3.5391845703125,0.15288184583187103,3.5647242069244385,0.3108358383178711,3.6125411987304688,0.07144849747419357,3.8373780250549316
1081,3,3,1,0.14584662020206451,3.576523542404175,0.16939373314380646,3.704570770263672,0.3182995915412903,3.7089099884033203,0.07071109861135483,3.8821871280670166
1082,3,3,1,0.13340042531490326,3.5369389057159424,0.1534249484539032,3.568408489227295,0.30827486515045166,3.599172592163086,0.07081074267625809,3.838165044784546
1083,3,3,1,0.1491450071334839,3.57960844039917,0.1740025132894516,3.704664468765259,0.32343152165412903,3.6862001419067383,0.07238519936800003,3.903909683227539
1084,3,3,1,0.15511399507522583,3.597841501235962,0.20702128112316132,3.8093862533569336,0.3391461968421936,3.743227243423462,0.08422353118658066,3.9368197917938232
1085,3,3,1,0.14319594204425812,3.5628392696380615,0.15840740501880646,3.6002893447875977,0.3170340359210968,3.6415212154388428,0.07278379797935486,3.888554334640503
1086,3,3,1,0.15204480290412903,3.5930004119873047,0.1924974024295807,3.7560760974884033,0.33352598547935486,3.7162234783172607,0.07565369457006454,3.9238672256469727
1087,3,3,1,0.14191047847270966,3.5629520416259766,0.16791394352912903,3.666419506072998,0.3205317258834839,3.668407678604126,0.0705915167927742,3.852625608444214
1088,3,3,1,0.15696747601032257,3.58798885345459,0.2079729288816452,3.7056610584259033,0.34456712007522583,3.6944589614868164,0.091796875,3.886669635772705
1089,3,3,1,0.1397181898355484,3.5471079349517822,0.17007134854793549,3.61340594291687,0.3164560794830322,3.6303491592407227,0.07433832436800003,3.8072385787963867
1090,3,0,0,0.13391859829425812,3.5367958545684814,0.15163125097751617,3.553248167037964,0.30859375,3.5976169109344482,0.07280372828245163,3.8699698448181152
1091,3,3,1,0.14096380770206451,3.559168577194214,0.16167590022087097,3.63419508934021,0.31464245915412903,3.653111696243286,0.07288344949483871,3.8856985569000244
1092,3,3,1,0.14180085062980652,3.566760301589966,0.1642468422651291,3.6503565311431885,0.31778138875961304,3.664377450942993,0.0719866082072258,3.8939645290374756
1093,3,3,1,0.14674346148967743,3.577549934387207,0.17446587979793549,3.708076238632202,0.32035234570503235,3.687321186065674,0.07274393737316132,3.8709588050842285
1094,3,3,1,0.15413743257522583,3.584561586380005,0.20297053456306458,3.7094533443450928,0.3404217064380646,3.7147414684295654,0.085379458963871,3.8909897804260254
1095,3,3,1,0.13880141079425812,3.5553879737854004,0.16423189640045166,3.6475942134857178,0.3143933415412903,3.6531219482421875,0.06957509368658066,3.8576338291168213
1096,3,3,1,0.14682318270206451,3.581512212753296,0.17188994586467743,3.704397201538086,0.31973451375961304,3.700897693634033,0.07043207436800003,3.9066214561462402
1097,3,3,1,0.13995735347270966,3.555856227874756,0.15516382455825806,3.5823004245758057,0.31246012449264526,3.6231024265289307,0.07164780050516129,3.87093186378479
1098,3,3,1,0.13394850492477417,3.538238286972046,0.15339504182338715,3.569558620452881,0.30745774507522583,3.604297637939453,0.0726841539144516,3.8541266918182373
1099,3,3,1,0.14165137708187103,3.555751085281372,0.16700713336467743,3.6214683055877686,0.3179209232330322,3.645812511444092,0.07545439898967743,3.83650279045105
1100,3,1,0,0.16609534621238708,3.6039717197418213,0.26751333475112915,3.800786018371582,0.3742924928665161,3.789595603942871,0.11710777878761292,3.96221923828125
1101,3,3,1,0.14876633882522583,3.5824904441833496,0.1788952797651291,3.7105696201324463,0.32508569955825806,3.706587314605713,0.07615194469690323,3.9322166442871094
1102,3,3,1,0.14758051931858063,3.5757596492767334,0.17663823068141937,3.6780998706817627,0.32698899507522583,3.6946730613708496,0.0763113796710968,3.9012796878814697
1103,3,3,1,0.1395786851644516,3.557149887084961,0.1580735743045807,3.599382162094116,0.3131178319454193,3.636178493499756,0.07437818497419357,3.901393413543701
1104,3,3,1,0.13995735347270966,3.555856227874756,0.15516382455825806,3.5823004245758057,0.31246012449264526,3.6231024265289307,0.07164780050516129,3.87093186378479
1105,3,3,1,0.15347975492477417,3.599597454071045,0.20251713693141937,3.799832820892334,0.34035196900367737,3.739569664001465,0.080078125,3.948979616165161
1106,3,3,1,0.14109334349632263,3.562680959701538,0.15655392408370972,3.593965768814087,0.3130381107330322,3.6373910903930664,0.07386001199483871,3.8764166831970215
1107,3,3,1,0.14514906704425812,3.5770974159240723,0.1699467897415161,3.696326494216919,0.31736287474632263,3.6920371055603027,0.07485650479793549,3.9038870334625244
1108,3,3,1,0.13607102632522583,3.546027183532715,0.15651406347751617,3.5988285541534424,0.3106166124343872,3.6252286434173584,0.07262436300516129,3.8589463233947754
1109,3,3,1,0.13757573068141937,3.5532376766204834,0.15999680757522583,3.6274912357330322,0.31429368257522583,3.653107166290283,0.07102997601032257,3.8686869144439697
1110,3,1,0,0.14922472834587097,3.574357271194458,0.20992107689380646,3.7561473846435547,0.3375518023967743,3.7179548740386963,0.09028220176696777,3.8860926628112793
1111,3,0,0,0.14728157222270966,3.581596851348877,0.17855149507522583,3.6841166019439697,0.32892218232154846,3.6927714347839355,0.07531488686800003,3.8883302211761475
1112,3,3,1,0.1415318101644516,3.564317464828491,0.16551737487316132,3.633955478668213,0.31804049015045166,3.6584157943725586,0.07332190871238708,3.8790431022644043
1113,3,3,1,0.13676856458187103,3.5471765995025635,0.15868143737316132,3.5982165336608887,0.31259962916374207,3.625342607498169,0.07009326666593552,3.8183109760284424
1114,3,3,1,0.17856146395206451,3.586249351501465,0.26991987228393555,3.688153028488159,0.38005220890045166,3.681821823120117,0.11236447840929031,3.8128769397735596
1115,3,3,1,0.13863201439380646,3.5526163578033447,0.16802355647087097,3.6551907062530518,0.31615713238716125,3.6470513343811035,0.07633130997419357,3.88537859916687
1116,3,3,1,0.14241868257522583,3.5661909580230713,0.16837233304977417,3.65276837348938,0.31783121824264526,3.665684223175049,0.07286351919174194,3.885667324066162
1117,3,3,1,0.14575693011283875,3.5716824531555176,0.1713518351316452,3.65694522857666,0.3219168484210968,3.6771087646484375,0.07447783648967743,3.910355806350708
1118,3,3,1,0.13953882455825806,3.5574519634246826,0.15742087364196777,3.604241132736206,0.3153100907802582,3.6368117332458496,0.07252471148967743,3.9024457931518555
1119,3,3,1,0.13523396849632263,3.541964530944824,0.1538783460855484,3.572723627090454,0.3101283311843872,3.616605520248413,0.07214604318141937,3.8558011054992676
1120,3,3,1,0.13294203579425812,3.535492181777954,0.1520746946334839,3.5583512783050537,0.30757731199264526,3.5955095291137695,0.07250478118658066,3.8565144538879395
1121,3,0,0,0.15380859375,3.59637188911438,0.21178950369358063,3.7773542404174805,0.3384386897087097,3.738656759262085,0.08129384368658066,3.9607746601104736
1122,3,3,1,0.14141222834587097,3.563455820083618,0.16416214406490326,3.6390676498413086,0.31672513484954834,3.651113748550415,0.07102997601032257,3.8717732429504395
1123,3,3,1,0.1542271226644516,3.586806297302246,0.2132493555545807,3.782289743423462,0.33610689640045166,3.7647128105163574,0.09000318497419357,3.9734277725219727
1124,3,3,1,0.13879145681858063,3.5543508529663086,0.1673509180545807,3.6672024726867676,0.3131178319454193,3.65498685836792,0.07591278851032257,3.874770164489746
1125,3,3,1,0.13830317556858063,3.550039529800415,0.15840241312980652,3.605120897293091,0.31314772367477417,3.6271121501922607,0.07138870656490326,3.8308207988739014
1126,3,3,1,0.14525867998600006,3.574878215789795,0.16813814640045166,3.6721982955932617,0.31984415650367737,3.681434392929077,0.07132892310619354,3.8837664127349854
1127,3,3,1,0.1418905407190323,3.5609242916107178,0.15674825012683868,3.59885573387146,0.31506097316741943,3.6385488510131836,0.07350127398967743,3.8966920375823975
1128,3,0,0,0.14166134595870972,3.5477631092071533,0.17679767310619354,3.6154322624206543,0.3228136897087097,3.6261768341064453,0.07920120656490326,3.8127830028533936
1129,3,3,1,0.14533840119838715,3.569694995880127,0.169049933552742,3.667187452316284,0.3199736773967743,3.66988468170166,0.07457748800516129,3.888829469680786
1130,3,3,1,0.13586176931858063,3.545034408569336,0.15623505413532257,3.5940937995910645,0.3102578818798065,3.6180503368377686,0.07224569469690323,3.852689743041992
1131,3,3,1,0.14094386994838715,3.5598840713500977,0.16127729415893555,3.622725486755371,0.313197523355484,3.642570734024048,0.07288344949483871,3.872026205062866
1132,3,3,1,0.13575215637683868,3.539602041244507,0.1598074734210968,3.5829644203186035,0.3128686845302582,3.6125426292419434,0.07214604318141937,3.809392213821411
1133,3,3,1,0.14186064898967743,3.560199499130249,0.16046516597270966,3.614854335784912,0.31568875908851624,3.65385103225708,0.07419881969690323,3.896320104598999
1134,3,3,1,0.14365433156490326,3.5686042308807373,0.16955317556858063,3.662062883377075,0.3174326419830322,3.661968231201172,0.07718829810619354,3.8856184482574463
1135,3,3,1,0.1413325071334839,3.559049606323242,0.1572714000940323,3.597085475921631,0.31559908390045166,3.640491247177124,0.07234534621238708,3.880716323852539
1136,3,0,0,0.13836295902729034,3.5505940914154053,0.15891560912132263,3.614046096801758,0.31337690353393555,3.6312007904052734,0.07348134368658066,3.8592350482940674
1137,3,1,0,0.1826271414756775,3.579418420791626,0.2737513780593872,3.6754817962646484,0.37742146849632263,3.6788382530212402,0.11459662020206451,3.766608715057373
1138,3,3,1,0.1419602930545807,3.561631441116333,0.16005659103393555,3.6185407638549805,0.3158581852912903,3.6498091220855713,0.07483657449483871,3.892143726348877
1139,3,3,1,0.20177973806858063,3.586596965789795,0.3310895562171936,3.6523754596710205,0.40347975492477417,3.633934259414673,0.12856744229793549,3.742210626602173
1140,3,3,1,0.13429726660251617,3.538843870162964,0.15476521849632263,3.5783915519714355,0.3075673580169678,3.6087801456451416,0.07164780050516129,3.8400557041168213
1141,3,3,1,0.14281727373600006,3.563912868499756,0.15982741117477417,3.618741750717163,0.3158681392669678,3.644488573074341,0.0744977667927742,3.8932583332061768
1142,3,3,1,0.15068957209587097,3.591191530227661,0.1789799928665161,3.7188353538513184,0.331263929605484,3.7213246822357178,0.07316246628761292,3.899754762649536
1143,3,3,1,0.12951411306858063,3.5218896865844727,0.15082907676696777,3.5470402240753174,0.30499640107154846,3.5863037109375,0.07274393737316132,3.858356237411499
1144,3,3,1,0.17041015625,3.6083855628967285,0.2624362111091614,3.7529616355895996,0.372767835855484,3.7131361961364746,0.10919562727212906,3.864208698272705
1145,3,3,1,0.13801418244838715,3.5483033657073975,0.1571667641401291,3.5969438552856445,0.31302812695503235,3.6310763359069824,0.07443797588348389,3.865060329437256
1146,3,3,1,0.14108338952064514,3.556928873062134,0.15795399248600006,3.602044105529785,0.3153001368045807,3.6386966705322266,0.07258450239896774,3.869028091430664
1147,3,0,0,0.14060506224632263,3.558823585510254,0.16082389652729034,3.6368424892425537,0.3129982352256775,3.660362958908081,0.07067123800516129,3.8931190967559814
1148,3,3,1,0.14943398535251617,3.586756467819214,0.18550202250480652,3.7764229774475098,0.3237204849720001,3.7232654094696045,0.0754743292927742,3.903881788253784
1149,3,3,1,0.13510443270206451,3.5418941974639893,0.15232381224632263,3.5556719303131104,0.3099091053009033,3.603440523147583,0.07104990631341934,3.841514825820923
1150,3,0,0,0.17029057443141937,3.5766282081604004,0.24884405732154846,3.6887714862823486,0.3698481321334839,3.6747946739196777,0.10411351919174194,3.8072357177734375
1151,3,3,1,0.1390306055545807,3.5521788597106934,0.15746571123600006,3.5974559783935547,0.31275907158851624,3.6385011672973633,0.07332190871238708,3.8722479343414307
1152,3,3,1,0.15881098806858063,3.612474203109741,0.2217245250940323,3.8809914588928223,0.33612683415412903,3.824434518814087,0.08916613459587097,4.023245334625244
1153,3,3,1,0.14159159362316132,3.5647828578948975,0.15945371985435486,3.621222972869873,0.3140246272087097,3.6450035572052,0.07160793989896774,3.889507293701172
1154,3,3,1,0.16889548301696777,3.600271463394165,0.24855010211467743,3.7764859199523926,0.35453203320503235,3.751981496810913,0.10417331010103226,3.8854026794433594
1155,3,3,1,0.1404854953289032,3.558164358139038,0.15900032222270966,3.6079845428466797,0.3139050602912903,3.6332497596740723,0.07146842777729034,3.8817625045776367
1156,3,3,1,0.14330555498600006,3.5708227157592773,0.16415716707706451,3.65411114692688,0.3188974857330322,3.6731455326080322,0.06981424987316132,3.854696035385132
1157,3,3,1,0.1386120766401291,3.5552120208740234,0.15792909264564514,3.598637104034424,0.31217116117477417,3.6359689235687256,0.07083067297935486,3.875070333480835
1158,3,3,1,0.19730548560619354,3.5864646434783936,0.3134516477584839,3.7072055339813232,0.3962252736091614,3.688370704650879,0.1314174085855484,3.7960267066955566
1159,3,3,1,0.18609493970870972,3.5861847400665283,0.2849818468093872,3.6968371868133545,0.3782884180545807,3.6959855556488037,0.1209542378783226,3.807546615600586
1160,3,3,1,0.13314133882522583,3.5346906185150146,0.15339504182338715,3.569103956222534,0.3068498969078064,3.597473382949829,0.07274393737316132,3.8589041233062744
1161,3,3,1,0.14484016597270966,3.571035385131836,0.16910475492477417,3.678668260574341,0.3213388919830322,3.6888391971588135,0.07190688699483871,3.863359212875366
1162,3,3,1,0.14800900220870972,3.5792768001556396,0.19368821382522583,3.7407522201538086,0.320521742105484,3.7602362632751465,0.08079560101032257,3.9629995822906494
1163,3,3,1,0.13711734116077423,3.548691749572754,0.15888571739196777,3.6107749938964844,0.3110849857330322,3.637516736984253,0.07423868030309677,3.886711359024048
1164,3,3,1,0.18528778851032257,3.5909433364868164,0.28133469820022583,3.7040998935699463,0.3828224539756775,3.682406187057495,0.11686862260103226,3.7871758937835693
1165,3,3,1,0.14073461294174194,3.5595836639404297,0.15657386183738708,3.5972633361816406,0.31377550959587097,3.6325902938842773,0.07423868030309677,3.8998658657073975
1166,3,3,1,0.14645448327064514,3.566986560821533,0.17865613102912903,3.6731460094451904,0.3235909640789032,3.670372247695923,0.07585299760103226,3.8497109413146973
1167,3,3,1,0.13737642765045166,3.5504860877990723,0.15431679785251617,3.578328847885132,0.31141382455825806,3.618732213973999,0.07332190871238708,3.883392333984375
1168,3,3,1,0.19871053099632263,3.5794594287872314,0.31632155179977417,3.615858316421509,0.3984275162220001,3.635920286178589,0.12087451666593552,3.7198681831359863
1169,3,3,1,0.16391302645206451,3.5831358432769775,0.23206312954425812,3.6911284923553467,0.34699857234954834,3.6934409141540527,0.10138312727212906,3.8138391971588135
1170,3,3,1,0.1454480141401291,3.5726912021636963,0.17746034264564514,3.698683261871338,0.32313257455825806,3.673389434814453,0.0740792378783226,3.893193483352661
1171,3,3,1,0.14361447095870972,3.563974380493164,0.16457070410251617,3.6412353515625,0.3197743892669678,3.6612651348114014,0.07362085580825806,3.895235538482666
1172,3,3,1,0.13859215378761292,3.5508339405059814,0.15449118614196777,3.5779662132263184,0.31365591287612915,3.6290507316589355,0.07236526906490326,3.8906636238098145
1173,3,0,0,0.1384028196334839,3.55165958404541,0.15462073683738708,3.5802533626556396,0.3109753727912903,3.6189956665039062,0.07192681729793549,3.8633971214294434
1174,3,3,1,0.1344766467809677,3.540496587753296,0.15620514750480652,3.5965678691864014,0.3122408986091614,3.6364333629608154,0.07067123800516129,3.8395376205444336
1175,3,3,1,0.13974808156490326,3.5549771785736084,0.1682477593421936,3.633676767349243,0.31279894709587097,3.6578528881073,0.07665018737316132,3.88195538520813
1176,3,0,0,0.1477399468421936,3.5729124546051025,0.18947304785251617,3.6721889972686768,0.3242287039756775,3.6907520294189453,0.08498086780309677,3.821763515472412
1177,3,0,0,0.1579938530921936,3.594449758529663,0.21863041818141937,3.7409298419952393,0.3533063530921936,3.698914051055908,0.09066087007522583,3.8716201782226562
1178,3,3,1,0.14164142310619354,3.560081720352173,0.1588757485151291,3.607426166534424,0.31610730290412903,3.64980149269104,0.07318239659070969,3.9155774116516113
1179,3,3,1,0.14075453579425812,3.558088541030884,0.15867646038532257,3.6051747798919678,0.31300821900367737,3.6398396492004395,0.07601243257522583,3.9048242568969727
1180,3,3,1,0.14461097121238708,3.5678060054779053,0.16600067913532257,3.649968385696411,0.32015305757522583,3.6743650436401367,0.07168766111135483,3.8896303176879883
1181,3,3,1,0.1418805718421936,3.563351631164551,0.16584621369838715,3.6503634452819824,0.3172333240509033,3.679378032684326,0.07521524280309677,3.86618971824646
1182,3,3,1,0.1458565890789032,3.569242238998413,0.17927893996238708,3.7221944332122803,0.3255540430545807,3.695439338684082,0.07292331010103226,3.886307716369629
1183,3,3,1,0.14555762708187103,3.577052116394043,0.1817552149295807,3.722031831741333,0.31714364886283875,3.73012638092041,0.07495615631341934,3.9518744945526123
1184,3,3,1,0.1413922905921936,3.5624074935913086,0.15950354933738708,3.6219661235809326,0.3152303695678711,3.643800973892212,0.07138870656490326,3.8740925788879395
1185,3,0,0,0.14060506224632263,3.558823585510254,0.16082389652729034,3.6368424892425537,0.3129982352256775,3.660362958908081,0.07067123800516129,3.8931190967559814
1186,3,3,1,0.14601601660251617,3.561591386795044,0.16937878727912903,3.604471206665039,0.32237523794174194,3.6424221992492676,0.07796555757522583,3.898772954940796
1187,3,3,1,0.14360450208187103,3.5711610317230225,0.15850704908370972,3.618520736694336,0.3163265287876129,3.6454763412475586,0.07126913219690323,3.884228229522705
1188,3,3,1,0.15203483402729034,3.5803236961364746,0.20249222218990326,3.7578799724578857,0.33367544412612915,3.717933416366577,0.08518016338348389,3.903837203979492
1189,3,3,1,0.14657405018806458,3.5775375366210938,0.1660604625940323,3.662996292114258,0.32076090574264526,3.6867563724517822,0.07288344949483871,3.8788623809814453
1190,3,3,1,0.14150190353393555,3.559014081954956,0.16010144352912903,3.6139793395996094,0.3179408311843872,3.648561477661133,0.07252471148967743,3.891178846359253
1191,3,3,1,0.1335797905921936,3.5353972911834717,0.15770985186100006,3.6047136783599854,0.3099988102912903,3.6258318424224854,0.0718470960855484,3.8579750061035156
1192,3,3,1,0.14337532222270966,3.5702669620513916,0.1662348508834839,3.674619436264038,0.3177514970302582,3.682441234588623,0.07091039419174194,3.8920741081237793
1193,3,3,1,0.14736127853393555,3.5712740421295166,0.17520327866077423,3.647878408432007,0.32384008169174194,3.669241189956665,0.07627151906490326,3.8790175914764404
1194,3,3,1,0.14210976660251617,3.5635650157928467,0.1570172905921936,3.589388847351074,0.31734293699264526,3.6423726081848145,0.07292331010103226,3.891500473022461
1195,3,0,0,0.14392338693141937,3.5705878734588623,0.16587112843990326,3.6581058502197266,0.3187081515789032,3.664384126663208,0.07318239659070969,3.880174398422241
1196,3,3,1,0.1394391655921936,3.555349111557007,0.15633967518806458,3.5911784172058105,0.31408441066741943,3.6309211254119873,0.07204639166593552,3.8876900672912598
1197,3,3,1,0.1442522257566452,3.5728793144226074,0.17341457307338715,3.6784369945526123,0.31436342000961304,3.681015729904175,0.07356106489896774,3.843944787979126
1198,3,3,1,0.14749082922935486,3.5745558738708496,0.17940349876880646,3.680839776992798,0.3218271732330322,3.6832425594329834,0.07774633169174194,3.8687515258789062
1199,3,3,1,0.1379643678665161,3.551823854446411,0.15519869327545166,3.585026741027832,0.31154337525367737,3.6275267601013184,0.07304288446903229,3.8739426136016846
1200,3,3,1,0.1452985405921936,3.572251558303833,0.1640276163816452,3.6557211875915527,0.3207210600376129,3.6805965900421143,0.07362085580825806,3.895235538482666
1201,3,3,1,0.13673867285251617,3.5488996505737305,0.1548100709915161,3.5795435905456543,0.30897241830825806,3.6225247383117676,0.07216597348451614,3.8936758041381836
1202,3,3,1,0.15274234116077423,3.5811586380004883,0.20699138939380646,3.7610726356506348,0.33395448327064514,3.7435622215270996,0.08874760568141937,3.9377946853637695
1203,3,3,1,0.16235849261283875,3.584545612335205,0.23313935101032257,3.7066593170166016,0.3523995578289032,3.6957640647888184,0.09998804330825806,3.8297786712646484
1204,3,3,1,0.1355329155921936,3.539445638656616,0.16170081496238708,3.601897954940796,0.3106066584587097,3.624382495880127,0.07495615631341934,3.826641798019409
1205,3,3,1,0.16031569242477417,3.5941073894500732,0.24084721505641937,3.7783570289611816,0.3588966727256775,3.7408928871154785,0.0997488796710968,3.9112887382507324
1206,3,3,1,0.13702766597270966,3.548978328704834,0.1553780734539032,3.5901875495910645,0.3083147406578064,3.6172914505004883,0.0724051296710968,3.873107671737671
1207,3,3,1,0.14533840119838715,3.569694995880127,0.169049933552742,3.667187452316284,0.3199736773967743,3.66988468170166,0.07457748800516129,3.888829469680786
1208,3,3,1,0.14065489172935486,3.560325860977173,0.16114775836467743,3.613579511642456,0.3179607689380646,3.6600852012634277,0.07661032676696777,3.8922996520996094
1209,3,3,1,0.134765625,3.5400030612945557,0.15470045804977417,3.5763471126556396,0.3089524805545807,3.6101794242858887,0.07248485088348389,3.853175640106201
1210,3,3,1,0.1359414905309677,3.5448615550994873,0.15511399507522583,3.5823590755462646,0.3083944320678711,3.609926223754883,0.07204639166593552,3.853665351867676
1211,3,0,0,0.14394330978393555,3.5552785396575928,0.17534777522087097,3.6214587688446045,0.32203641533851624,3.6425411701202393,0.07665018737316132,3.8151326179504395
1212,3,3,1,0.13952885568141937,3.5569205284118652,0.15463568270206451,3.5859646797180176,0.3147221803665161,3.631605625152588,0.07360092550516129,3.8919577598571777
1213,3,3,1,0.13570232689380646,3.5445733070373535,0.15841737389564514,3.606856346130371,0.311732679605484,3.6267940998077393,0.07023277878761292,3.828887701034546
1214,3,3,1,0.1572265625,3.6047661304473877,0.21902403235435486,3.8239269256591797,0.3433314561843872,3.794421434402466,0.09317203611135483,3.9916577339172363
1215,3,3,1,0.14804886281490326,3.5777747631073,0.16565190255641937,3.6565704345703125,0.3205317258834839,3.678138494491577,0.07194674760103226,3.8681440353393555
1216,3,0,0,0.14280731976032257,3.563603401184082,0.1696528196334839,3.623436212539673,0.32090041041374207,3.642766237258911,0.07674983888864517,3.8670475482940674
1217,3,3,1,0.14316605031490326,3.567411422729492,0.16116270422935486,3.6309900283813477,0.31734293699264526,3.6603341102600098,0.07174744457006454,3.8891665935516357
1218,3,3,1,0.14470064640045166,3.575786828994751,0.16556720435619354,3.671321153640747,0.3196747303009033,3.6770262718200684,0.07160793989896774,3.895630359649658
1219,3,0,0,0.14552773535251617,3.5759379863739014,0.16955317556858063,3.6740522384643555,0.3214883506298065,3.674818754196167,0.07455755770206451,3.9318363666534424
1220,3,3,1,0.14304646849632263,3.565377950668335,0.16571667790412903,3.6491281986236572,0.31539979577064514,3.6606743335723877,0.07543446868658066,3.883223295211792
1221,3,3,1,0.15828284621238708,3.582095146179199,0.21788305044174194,3.709947347640991,0.34309232234954834,3.696892261505127,0.0936104878783226,3.814988374710083
1222,3,3,1,0.14011678099632263,3.5592775344848633,0.15566705167293549,3.5885798931121826,0.3145826756954193,3.6313788890838623,0.07378029078245163,3.9200432300567627
1223,3,3,1,0.14102359116077423,3.561758041381836,0.1610730141401291,3.629856586456299,0.31457269191741943,3.6560757160186768,0.07200653851032257,3.9133684635162354
1224,3,3,1,0.13810387253761292,3.548668622970581,0.1717703640460968,3.65859317779541,0.3169842064380646,3.662370204925537,0.07804527878761292,3.86721134185791
1225,3,3,1,0.15511399507522583,3.597841501235962,0.20702128112316132,3.8093862533569336,0.3391461968421936,3.743227243423462,0.08422353118658066,3.9368197917938232
1226,3,3,1,0.15728634595870972,3.598580837249756,0.21972157061100006,3.758815288543701,0.3521803319454193,3.7247467041015625,0.08673468977212906,3.928079128265381
1227,3,3,1,0.1433354616165161,3.5678532123565674,0.1650739312171936,3.6464338302612305,0.317592054605484,3.664522647857666,0.07238519936800003,3.8551762104034424
1228,3,3,1,0.1502610743045807,3.583991050720215,0.20451509952545166,3.7523326873779297,0.3332071006298065,3.7254321575164795,0.08474170416593552,3.9023988246917725
1229,3,0,0,0.15174585580825806,3.5637640953063965,0.18757972121238708,3.6078941822052,0.3306461274623871,3.640004873275757,0.08302774280309677,3.8168506622314453
1230,3,3,1,0.15149672329425812,3.570348024368286,0.20037467777729034,3.6594886779785156,0.33052653074264526,3.6733999252319336,0.09032206237316132,3.784642457962036
1231,3,3,1,0.1400669664144516,3.5559191703796387,0.15632472932338715,3.5929243564605713,0.3127690553665161,3.629878520965576,0.07318239659070969,3.867919445037842
1232,3,3,1,0.13513432443141937,3.5425853729248047,0.15364417433738708,3.5695431232452393,0.3085239827632904,3.6074416637420654,0.07258450239896774,3.8585941791534424
1233,3,3,1,0.14288704097270966,3.564753532409668,0.1622937172651291,3.617351770401001,0.3173030912876129,3.656585693359375,0.07842394709587097,3.891486644744873
1234,3,3,1,0.14028619229793549,3.5566132068634033,0.15929926931858063,3.610846996307373,0.3146025836467743,3.643026828765869,0.07192681729793549,3.8719866275787354
1235,3,3,1,0.15204480290412903,3.5930004119873047,0.1924974024295807,3.7560760974884033,0.33352598547935486,3.7162234783172607,0.07565369457006454,3.9238672256469727
1236,3,3,1,0.14492984116077423,3.567931890487671,0.16975246369838715,3.6828293800354004,0.31727319955825806,3.6723828315734863,0.07378029078245163,3.885197162628174
1237,3,3,1,0.14199018478393555,3.559969186782837,0.1669672727584839,3.647996187210083,0.31917649507522583,3.6609115600585938,0.07214604318141937,3.89198899269104
1238,3,3,1,0.18459023535251617,3.5962533950805664,0.28800123929977417,3.7206027507781982,0.38906049728393555,3.7043004035949707,0.1222098171710968,3.8145792484283447
1239,3,3,1,0.1410534828901291,3.566089630126953,0.15748067200183868,3.59338116645813,0.3153798580169678,3.637113332748413,0.07272400707006454,3.8783228397369385
1240,3,3,1,0.1482282280921936,3.5854790210723877,0.17444096505641937,3.6965525150299072,0.3256238102912903,3.6971569061279297,0.06967474520206451,3.852688789367676
1241,3,3,1,0.14351482689380646,3.56387996673584,0.15852698683738708,3.5985164642333984,0.31623685359954834,3.6412477493286133,0.07334183156490326,3.9133152961730957
1242,3,3,1,0.1415417641401291,3.5610392093658447,0.16470025479793549,3.6319580078125,0.3181002736091614,3.659670352935791,0.06911670416593552,3.8520760536193848
1243,3,3,1,0.15315090119838715,3.596395254135132,0.20066864788532257,3.7621850967407227,0.33201131224632263,3.7624707221984863,0.08093510568141937,3.9958138465881348
1244,3,3,1,0.14358457922935486,3.5715177059173584,0.16497428715229034,3.6511733531951904,0.3159677982330322,3.6658573150634766,0.07186702638864517,3.867443084716797
1245,3,3,1,0.14109334349632263,3.562680959701538,0.15655392408370972,3.593965768814087,0.3130381107330322,3.6373910903930664,0.07386001199483871,3.8764166831970215
1246,3,3,1,0.13256336748600006,3.5332632064819336,0.15158143639564514,3.549617052078247,0.30752748250961304,3.590453863143921,0.07180723547935486,3.838467836380005
1247,3,3,1,0.14549784362316132,3.5719470977783203,0.18495893478393555,3.7130541801452637,0.32126912474632263,3.6966500282287598,0.07796555757522583,3.9087424278259277
1248,3,3,1,0.14779974520206451,3.581782579421997,0.17078882455825806,3.7140440940856934,0.3183493912220001,3.698031187057495,0.06895726919174194,3.879190683364868
1249,3,3,1,0.14562739431858063,3.560695171356201,0.1829310804605484,3.6691815853118896,0.32207629084587097,3.6605303287506104,0.07870296388864517,3.8726260662078857
1250,3,3,1,0.14291693270206451,3.565960168838501,0.16344965994358063,3.648590087890625,0.31847894191741943,3.672121286392212,0.07304288446903229,3.886220932006836
1251,3,3,1,0.14317601919174194,3.564309597015381,0.16354432702064514,3.6419692039489746,0.31949537992477417,3.6624040603637695,0.0704520046710968,3.839603900909424
1252,3,3,1,0.14308632910251617,3.5632007122039795,0.15858179330825806,3.608018159866333,0.3171735405921936,3.6508216857910156,0.07429847121238708,3.900214672088623
1253,3,3,1,0.13362962007522583,3.5377330780029297,0.15309609472751617,3.5645523071289062,0.30764707922935486,3.596994161605835,0.07178730517625809,3.850083351135254
1254,3,3,1,0.1572265625,3.6047661304473877,0.21902403235435486,3.8239269256591797,0.3433314561843872,3.794421434402466,0.09317203611135483,3.9916577339172363
1255,3,3,1,0.13914021849632263,3.5533194541931152,0.15852698683738708,3.6033565998077393,0.31233060359954834,3.6232969760894775,0.07266422361135483,3.90263295173645
1256,3,3,1,0.14832788705825806,3.5730600357055664,0.18895487487316132,3.713374137878418,0.32779616117477417,3.7009575366973877,0.07985889166593552,3.875967025756836
1257,3,3,1,0.13715720176696777,3.5490410327911377,0.15504921972751617,3.582313060760498,0.30871331691741943,3.6091995239257812,0.07132892310619354,3.8245320320129395
1258,3,3,1,0.1447504758834839,3.566157341003418,0.17107780277729034,3.649580717086792,0.3193259537220001,3.6645030975341797,0.07403937727212906,3.905518054962158
1259,3,3,1,0.1395188868045807,3.55981707572937,0.15765006840229034,3.604058027267456,0.31345662474632263,3.6447417736053467,0.07164780050516129,3.8700973987579346
1260,3,1,0,0.18398237228393555,3.5818123817443848,0.28854432702064514,3.677096366882324,0.38508448004722595,3.6637511253356934,0.12254862487316132,3.7529680728912354
1261,3,3,1,0.13164660334587097,3.529634475708008,0.1514369398355484,3.549450635910034,0.3076869249343872,3.5916378498077393,0.07148835808038712,3.825202226638794
1262,3,3,1,0.14194037020206451,3.562973976135254,0.1601313352584839,3.6187808513641357,0.31199178099632263,3.65038800239563,0.07543446868658066,3.9033024311065674
1263,3,0,0,0.14615553617477417,3.579055070877075,0.16517359018325806,3.650568723678589,0.3191167116165161,3.6659069061279297,0.07116948068141937,3.8843460083007812
1264,3,3,1,0.14339524507522583,3.5772759914398193,0.16887056827545166,3.6537928581237793,0.322265625,3.6620593070983887,0.07108975946903229,3.8724417686462402
1265,3,3,1,0.13360969722270966,3.537067413330078,0.1514120250940323,3.5508902072906494,0.3077068626880646,3.595226526260376,0.07180723547935486,3.8479044437408447
1266,3,3,1,0.1501813530921936,3.5861587524414062,0.1748495250940323,3.708317995071411,0.32237523794174194,3.692683458328247,0.07180723547935486,3.898972988128662
1267,3,3,1,0.1388911008834839,3.553953170776367,0.15882593393325806,3.5877904891967773,0.3133470118045807,3.6322786808013916,0.07670997828245163,3.864640235900879
1268,3,3,1,0.17104791104793549,3.5872998237609863,0.2578573226928711,3.6960175037384033,0.3664102256298065,3.695539951324463,0.11011239886283875,3.7809953689575195
1269,3,3,1,0.15889069437980652,3.5816869735717773,0.2314901500940323,3.736079692840576,0.35334622859954834,3.722609281539917,0.09743701666593552,3.895684242248535
1270,3,3,1,0.1400071680545807,3.555800676345825,0.15662367641925812,3.5902020931243896,0.31279894709587097,3.625868082046509,0.07206632196903229,3.8711283206939697
1271,3,3,1,0.14295679330825806,3.5665690898895264,0.1616559624671936,3.630204916000366,0.3169642686843872,3.6512198448181152,0.07158800959587097,3.8582961559295654
1272,3,3,1,0.14173109829425812,3.562680244445801,0.15999183058738708,3.6209399700164795,0.31511080265045166,3.639143705368042,0.07204639166593552,3.8561549186706543
1273,3,3,1,0.14428211748600006,3.567166328430176,0.16460059583187103,3.627376079559326,0.3180703818798065,3.6591999530792236,0.0743582546710968,3.9300456047058105
1274,3,3,1,0.1369280070066452,3.53802490234375,0.16945351660251617,3.6097030639648438,0.31442323327064514,3.624504804611206,0.07788584381341934,3.7919652462005615
1275,3,3,1,0.14100366830825806,3.5588693618774414,0.16278699040412903,3.624265432357788,0.3159279227256775,3.6452183723449707,0.07306281477212906,3.8783414363861084
1276,3,3,1,0.14438177645206451,3.5656015872955322,0.16743561625480652,3.6539206504821777,0.3174724876880646,3.664207935333252,0.07378029078245163,3.877093553543091
1277,3,0,0,0.1463548243045807,3.5801730155944824,0.17138671875,3.690854072570801,0.3202427327632904,3.687307357788086,0.07256457209587097,3.906893730163574
1278,3,3,1,0.14368422329425812,3.574866533279419,0.16678790748119354,3.6752800941467285,0.3189871609210968,3.6900126934051514,0.07049186527729034,3.90472149848938
1279,3,3,1,0.13035115599632263,3.5251128673553467,0.15048030018806458,3.5416860580444336,0.3062420189380646,3.5849602222442627,0.07206632196903229,3.8476216793060303
1280,3,0,0,0.14560745656490326,3.5815768241882324,0.1711774468421936,3.7007217407226562,0.32257452607154846,3.695993423461914,0.06991390138864517,3.889965772628784
1281,3,3,1,0.1434251368045807,3.5668728351593018,0.17332489788532257,3.6699917316436768,0.3226343095302582,3.6818110942840576,0.07118941098451614,3.8695409297943115
1282,3,3,1,0.13905054330825806,3.5536763668060303,0.15528340637683868,3.586087465286255,0.31219106912612915,3.6297998428344727,0.07312260568141937,3.871354579925537
1283,3,3,1,0.14246851205825806,3.5655033588409424,0.1646653711795807,3.6448910236358643,0.3166055381298065,3.659574508666992,0.07110968977212906,3.8601458072662354
1284,3,3,1,0.14297671616077423,3.5690689086914062,0.16190509498119354,3.640129327774048,0.3178611099720001,3.6591949462890625,0.07222576439380646,3.888245105743408
1285,3,3,1,0.14198023080825806,3.562394618988037,0.16147162020206451,3.625462770462036,0.3167649805545807,3.6535484790802,0.07192681729793549,3.8888888359069824
1286,3,3,1,0.16943359375,3.583014726638794,0.24161450564861298,3.6776442527770996,0.35843828320503235,3.6723380088806152,0.09634087979793549,3.8390567302703857
1287,3,3,1,0.1339883655309677,3.5390450954437256,0.15240353345870972,3.558323621749878,0.30793607234954834,3.5944600105285645,0.07112962007522583,3.8363687992095947
1288,3,3,1,0.14353474974632263,3.5695641040802,0.1636439710855484,3.6482768058776855,0.3173927664756775,3.6653480529785156,0.07437818497419357,3.9190783500671387
1289,3,3,1,0.15183553099632263,3.5726850032806396,0.1992436647415161,3.7046687602996826,0.33540934324264526,3.6853442192077637,0.08233019709587097,3.849189043045044
1290,3,3,1,0.1369280070066452,3.547776699066162,0.15268255770206451,3.5638949871063232,0.30899232625961304,3.6085848808288574,0.07292331010103226,3.861710786819458
1291,3,3,1,0.1487264782190323,3.581373453140259,0.18800820410251617,3.740870237350464,0.33173230290412903,3.723220109939575,0.07758688926696777,3.910094976425171
1292,3,3,1,0.14783960580825806,3.576233386993408,0.17804329097270966,3.6675994396209717,0.3237404227256775,3.674402952194214,0.07999840378761292,3.8834080696105957
1293,3,0,0,0.14908522367477417,3.5767662525177,0.1911371946334839,3.67546010017395,0.3374621272087097,3.6712238788604736,0.08019769936800003,3.9155068397521973
1294,3,3,1,0.13435706496238708,3.538530111312866,0.15348473191261292,3.5638370513916016,0.30840441584587097,3.6033475399017334,0.07216597348451614,3.8644020557403564
1295,3,3,1,0.14385363459587097,3.5701024532318115,0.1664341539144516,3.66776442527771,0.32356107234954834,3.683215379714966,0.07102997601032257,3.881593704223633
1296,3,3,1,0.16143175959587097,3.591357946395874,0.23743921518325806,3.769551992416382,0.35235968232154846,3.747539520263672,0.09998804330825806,3.923858880996704
1297,3,3,1,0.15044043958187103,3.5681262016296387,0.19586056470870972,3.6815059185028076,0.3298190236091614,3.685539960861206,0.08671475946903229,3.8630199432373047
1298,3,3,1,0.14044563472270966,3.558535575866699,0.15845224261283875,3.6070058345794678,0.3146025836467743,3.6436285972595215,0.0738002210855484,3.8946800231933594
1299,3,3,1,0.13959860801696777,3.554572105407715,0.15616530179977417,3.593848705291748,0.31412428617477417,3.6364877223968506,0.07364078611135483,3.9001352787017822
1300,3,0,0,0.15120774507522583,3.5931856632232666,0.1814064383506775,3.735889434814453,0.327357679605484,3.710998058319092,0.07210618257522583,3.9134881496429443
1301,3,3,1,0.14337532222270966,3.5656797885894775,0.16052494943141937,3.627164840698242,0.3163265287876129,3.6591796875,0.07511559128761292,3.885115385055542
1302,3,3,1,0.1419503390789032,3.561460256576538,0.16051997244358063,3.6148617267608643,0.3148118555545807,3.644878387451172,0.07386001199483871,3.894225597381592
1303,3,0,0,0.14517897367477417,3.5769784450531006,0.16913962364196777,3.676790237426758,0.31980428099632263,3.6813011169433594,0.07246492058038712,3.919692039489746
1304,3,3,1,0.1359514445066452,3.5451879501342773,0.16046516597270966,3.619077205657959,0.3094407618045807,3.6337552070617676,0.07340162247419357,3.853652000427246
1305,3,0,0,0.13322106003761292,3.5352680683135986,0.15013651549816132,3.5389771461486816,0.30618223547935486,3.5840330123901367,0.07274393737316132,3.8567123413085938
1306,3,3,1,0.14218948781490326,3.5659120082855225,0.16082389652729034,3.633310556411743,0.31572863459587097,3.6635842323303223,0.07322225719690323,3.8987479209899902
1307,3,3,1,0.16274712979793549,3.562209129333496,0.23685626685619354,3.628507614135742,0.35969388484954834,3.6233930587768555,0.09701849520206451,3.7551355361938477
1308,3,3,1,0.13290217518806458,3.5340781211853027,0.1518803834915161,3.554965019226074,0.3075374662876129,3.592022657394409,0.07318239659070969,3.8548474311828613
1309,3,3,1,0.1409139782190323,3.5612049102783203,0.16099828481674194,3.62751841545105,0.3135462999343872,3.6539647579193115,0.07168766111135483,3.8665554523468018
1310,3,3,1,0.14115314185619354,3.557924509048462,0.15617525577545166,3.5922157764434814,0.3136061131954193,3.629786252975464,0.07382015138864517,3.8971381187438965
1311,3,3,1,0.18441087007522583,3.5912137031555176,0.29942601919174194,3.6612753868103027,0.3947504758834839,3.6312918663024902,0.12119339406490326,3.7876994609832764
1312,3,0,0,0.1395786851644516,3.5570785999298096,0.15431182086467743,3.569532871246338,0.31259962916374207,3.6179471015930176,0.07232541590929031,3.872141122817993
1313,3,3,1,0.1572265625,3.6047661304473877,0.21902403235435486,3.8239269256591797,0.3433314561843872,3.794421434402466,0.09317203611135483,3.9916577339172363
1314,3,3,1,0.13528379797935486,3.5424277782440186,0.15552255511283875,3.58435320854187,0.3099290430545807,3.6154587268829346,0.07081074267625809,3.8316915035247803
1315,3,3,1,0.14996212720870972,3.581300973892212,0.18843670189380646,3.6992597579956055,0.32773634791374207,3.6996867656707764,0.08406409621238708,3.8648648262023926
1316,3,3,1,0.1427873820066452,3.563612222671509,0.179547980427742,3.7061827182769775,0.32061144709587097,3.689998149871826,0.07936064898967743,3.899799108505249
1317,3,3,1,0.14072464406490326,3.5605437755584717,0.16025589406490326,3.6202585697174072,0.3152303695678711,3.6402604579925537,0.06959502398967743,3.846506357192993
1318,3,3,1,0.13191565871238708,3.5306692123413086,0.15200494229793549,3.5561819076538086,0.30955037474632263,3.5980234146118164,0.07122927159070969,3.8385562896728516
1319,3,0,0,0.1395786851644516,3.5570785999298096,0.15431182086467743,3.569532871246338,0.31259962916374207,3.6179471015930176,0.07232541590929031,3.872141122817993
1320,3,3,1,0.14086414873600006,3.5575835704803467,0.15771982073783875,3.6049911975860596,0.3146524131298065,3.6442551612854004,0.07204639166593552,3.8763484954833984
1321,3,3,1,0.13572224974632263,3.542731285095215,0.1552385538816452,3.573899984359741,0.3081951439380646,3.6029164791107178,0.07228555530309677,3.854149341583252
1322,3,3,1,0.13291214406490326,3.5341880321502686,0.15142199397087097,3.5514461994171143,0.3074975907802582,3.590770721435547,0.07214604318141937,3.8585634231567383
1323,3,0,0,0.1383828967809677,3.540217399597168,0.16662348806858063,3.5816638469696045,0.31623685359954834,3.612793445587158,0.07387994229793549,3.7898569107055664
1324,3,3,1,0.15851204097270966,3.595963954925537,0.221051886677742,3.7955191135406494,0.3387874662876129,3.7529561519622803,0.08834900707006454,3.9411234855651855
1325,3,3,1,0.15231385827064514,3.570690155029297,0.19350884854793549,3.6731035709381104,0.3333466053009033,3.6674039363861084,0.07928092777729034,3.834338903427124
1326,3,3,1,0.13352997601032257,3.5364179611206055,0.15381856262683868,3.5661439895629883,0.3089425265789032,3.6013612747192383,0.07210618257522583,3.864842414855957
1327,3,0,0,0.16577646136283875,3.5904664993286133,0.2369907945394516,3.7080206871032715,0.36261358857154846,3.6816346645355225,0.10018733888864517,3.8297195434570312
1328,3,3,1,0.13446667790412903,3.5406105518341064,0.15417231619358063,3.5755422115325928,0.3087432086467743,3.6092374324798584,0.07047193497419357,3.8486990928649902
1329,3,3,1,0.14657405018806458,3.573662281036377,0.1755022257566452,3.693561315536499,0.3215182423591614,3.6912753582000732,0.07806520909070969,3.8912432193756104
1330,3,3,1,0.20177973806858063,3.586596965789795,0.3310895562171936,3.6523754596710205,0.40347975492477417,3.633934259414673,0.12856744229793549,3.742210626602173
1331,3,3,1,0.13623046875,3.547363042831421,0.15532325208187103,3.5881824493408203,0.31003865599632263,3.624690532684326,0.07166773080825806,3.8718020915985107
1332,3,3,1,0.14044563472270966,3.5576841831207275,0.17242805659770966,3.663536310195923,0.31573858857154846,3.668423652648926,0.07515545189380646,3.8674092292785645
1333,3,3,1,0.1464245766401291,3.570368766784668,0.1849987953901291,3.68564510345459,0.3279954493045807,3.672337770462036,0.07950016111135483,3.904487371444702
1334,3,3,1,0.14223931729793549,3.564032554626465,0.16055484116077423,3.6236965656280518,0.3154296875,3.6548304557800293,0.07144849747419357,3.8870291709899902
1335,3,0,0,0.15445631742477417,3.5591611862182617,0.2116350382566452,3.632168769836426,0.3413783311843872,3.6440248489379883,0.09303252398967743,3.7840616703033447
1336,3,3,1,0.14782963693141937,3.57344126701355,0.18724091351032257,3.7207024097442627,0.325892835855484,3.711747884750366,0.07981903851032257,3.916853904724121
1337,3,3,1,0.13974808156490326,3.554905891418457,0.1564343422651291,3.5864572525024414,0.3126992881298065,3.6258764266967773,0.07284358888864517,3.883173704147339
1338,3,3,1,0.13214485347270966,3.530729293823242,0.15375378727912903,3.565183639526367,0.30897241830825806,3.5987229347229004,0.0719866082072258,3.8385934829711914
1339,3,3,1,0.1381237953901291,3.5507538318634033,0.1597377210855484,3.6119775772094727,0.3114736080169678,3.6288511753082275,0.07288344949483871,3.855619430541992
1340,3,3,1,0.150390625,3.5884573459625244,0.18731564283370972,3.728102207183838,0.3314732015132904,3.7039742469787598,0.07926099747419357,3.9228060245513916
1341,3,3,1,0.13571229577064514,3.5447535514831543,0.15355448424816132,3.5699405670166016,0.30849409103393555,3.6061761379241943,0.0726841539144516,3.854675054550171
1342,3,3,1,0.13389867544174194,3.5370991230010986,0.15393812954425812,3.573925495147705,0.3067900836467743,3.6021697521209717,0.07290337979793549,3.86167311668396
1343,3,3,1,0.14472058415412903,3.5652413368225098,0.16543765366077423,3.657932758331299,0.3166952133178711,3.6704320907592773,0.07661032676696777,3.874089479446411
1344,3,0,0,0.14587651193141937,3.5591912269592285,0.17537268996238708,3.6101481914520264,0.32195669412612915,3.636850357055664,0.07718829810619354,3.8120319843292236
1345,3,0,0,0.15981744229793549,3.587043285369873,0.21689154207706451,3.667685031890869,0.35396403074264526,3.6633822917938232,0.0945870503783226,3.8436577320098877
1346,3,3,1,0.1428471803665161,3.567910671234131,0.16055484116077423,3.6289100646972656,0.3166753053665161,3.661757707595825,0.07252471148967743,3.887606382369995
1347,3,0,0,0.14841756224632263,3.5778164863586426,0.1743861585855484,3.646571397781372,0.3249362111091614,3.6698355674743652,0.07609215378761292,3.9064955711364746
1348,3,3,1,0.16935387253761292,3.5962929725646973,0.25565508008003235,3.7359631061553955,0.37293726205825806,3.6837141513824463,0.10371492058038712,3.873366594314575
1349,3,3,1,0.13521404564380646,3.5428550243377686,0.15364915132522583,3.570270538330078,0.3096400499343872,3.6054773330688477,0.07192681729793549,3.868938684463501
1350,3,3,1,0.13666892051696777,3.5473568439483643,0.1562848687171936,3.5946056842803955,0.3097098171710968,3.622393846511841,0.07118941098451614,3.8446247577667236
1351,3,3,1,0.14561742544174194,3.5771572589874268,0.17172552645206451,3.706899642944336,0.3187978267669678,3.7076144218444824,0.07397959381341934,3.908405065536499
1352,3,3,1,0.14479033648967743,3.5738472938537598,0.16567681729793549,3.6616744995117188,0.3166354298591614,3.670086622238159,0.0744977667927742,3.9018192291259766
1353,3,3,1,0.1374960094690323,3.551311731338501,0.15696747601032257,3.598844528198242,0.3129384517669678,3.6321487426757812,0.0705915167927742,3.8630716800689697
1354,3,3,1,0.20053412020206451,3.5814948081970215,0.3204868733882904,3.6185812950134277,0.39804884791374207,3.630316734313965,0.12490034848451614,3.7367160320281982
1355,3,3,1,0.15013153851032257,3.5753352642059326,0.18904954195022583,3.7210025787353516,0.3263014256954193,3.702366828918457,0.08009805530309677,3.898233413696289
1356,3,3,1,0.1487264782190323,3.5708541870117188,0.18431122601032257,3.6813364028930664,0.32217592000961304,3.6733474731445312,0.07944037020206451,3.8562469482421875
1357,3,0,0,0.16216915845870972,3.5726311206817627,0.21728515625,3.646915912628174,0.3521006107330322,3.653817892074585,0.10050621628761292,3.770176410675049
1358,3,3,1,0.18977199494838715,3.5879015922546387,0.2902134358882904,3.6679656505584717,0.38893094658851624,3.65933895111084,0.11363998800516129,3.7709574699401855
1359,3,3,1,0.13243383169174194,3.532505750656128,0.15123265981674194,3.5475242137908936,0.30932119488716125,3.596952438354492,0.07085060328245163,3.8500702381134033
1360,3,3,1,0.14060506224632263,3.5605244636535645,0.16174067556858063,3.626209020614624,0.31735292077064514,3.6598737239837646,0.06969467550516129,3.8764655590057373
1361,3,3,1,0.14142219722270966,3.5597519874572754,0.15549764037132263,3.583709716796875,0.3152901828289032,3.6355879306793213,0.07405930757522583,3.887782573699951
1362,3,3,1,0.13214485347270966,3.5315587520599365,0.15135721862316132,3.5499374866485596,0.30582350492477417,3.5899314880371094,0.07220583409070969,3.8487441539764404
1363,3,3,1,0.14459103345870972,3.575120687484741,0.1717703640460968,3.6910805702209473,0.32201650738716125,3.6971993446350098,0.07051179558038712,3.8473713397979736
1364,3,3,1,0.14171117544174194,3.5613529682159424,0.15732620656490326,3.5983026027679443,0.31378546357154846,3.63993763923645,0.07467713207006454,3.9033894538879395
1365,3,3,1,0.14281727373600006,3.562098741531372,0.16467534005641937,3.6528396606445312,0.31643614172935486,3.661942958831787,0.07152821868658066,3.8801894187927246
1366,3,3,1,0.13294203579425812,3.533318281173706,0.1525280922651291,3.5595335960388184,0.30745774507522583,3.594639301300049,0.0721261128783226,3.8455374240875244
1367,3,3,1,0.14228913187980652,3.5630645751953125,0.15878108143806458,3.614346742630005,0.3176020383834839,3.649033546447754,0.07210618257522583,3.8811497688293457
1368,3,3,1,0.1624681055545807,3.5723748207092285,0.22715042531490326,3.641324758529663,0.3507353961467743,3.657243490219116,0.09815449267625809,3.7685279846191406
1369,3,3,1,0.14194037020206451,3.559744358062744,0.15821807086467743,3.6078097820281982,0.3166753053665161,3.649611473083496,0.07284358888864517,3.8894665241241455
1370,3,3,1,0.15361925959587097,3.5895822048187256,0.2025320827960968,3.7612240314483643,0.3323899805545807,3.739267349243164,0.0856584832072258,3.9225220680236816
1371,3,3,1,0.14101362228393555,3.5630698204040527,0.15756537020206451,3.6049203872680664,0.3138950765132904,3.641174554824829,0.07200653851032257,3.8735122680664062
1372,3,3,1,0.1453683078289032,3.5748560428619385,0.16783422231674194,3.6884074211120605,0.31854870915412903,3.6827666759490967,0.07370056957006454,3.898052930831909
1373,3,3,1,0.14615553617477417,3.5689642429351807,0.17440110445022583,3.6769418716430664,0.3212292790412903,3.6818153858184814,0.07453762739896774,3.936630964279175
1374,3,3,1,0.14148198068141937,3.5611352920532227,0.16163106262683868,3.6119606494903564,0.3168148100376129,3.6556789875030518,0.07696906477212906,3.8790781497955322
1375,3,3,1,0.15728634595870972,3.598580837249756,0.21972157061100006,3.758815288543701,0.3521803319454193,3.7247467041015625,0.08673468977212906,3.928079128265381
1376,3,0,0,0.13926976919174194,3.559530735015869,0.15869140625,3.612370491027832,0.3138452470302582,3.6488966941833496,0.07112962007522583,3.8716726303100586
1377,3,0,0,0.14070472121238708,3.5630311965942383,0.16284677386283875,3.642638683319092,0.3150011897087097,3.6561639308929443,0.06967474520206451,3.8970251083374023
1378,3,0,0,0.16182038187980652,3.605025053024292,0.23025450110435486,3.7470409870147705,0.3565250337123871,3.707669496536255,0.09620136767625809,3.842552423477173
1379,3,3,1,0.1346958726644516,3.539764642715454,0.15540796518325806,3.5776987075805664,0.3092813193798065,3.616715431213379,0.07166773080825806,3.854004383087158
1380,3,3,1,0.14681321382522583,3.576528787612915,0.17384307086467743,3.695164918899536,0.3215082883834839,3.6930015087127686,0.07567362487316132,3.88912296295166
1381,3,0,0,0.15131735801696777,3.5853803157806396,0.20068359375,3.734743595123291,0.3370535671710968,3.727501153945923,0.0788225457072258,3.9173197746276855
1382,3,3,1,0.13753587007522583,3.5499203205108643,0.1579838991165161,3.6101298332214355,0.31038743257522583,3.635128974914551,0.07507573068141937,3.8932838439941406
1383,3,3,1,0.14832788705825806,3.5829358100891113,0.18365353345870972,3.7442755699157715,0.31851881742477417,3.745713949203491,0.07539460808038712,3.957969903945923
1384,3,3,1,0.13908043503761292,3.5522677898406982,0.1737583726644516,3.6661696434020996,0.31631654500961304,3.6533408164978027,0.07704878598451614,3.867304801940918
1385,3,0,0,0.15068957209587097,3.5882818698883057,0.1910923570394516,3.704429864883423,0.33756178617477417,3.6873505115509033,0.08005819469690323,3.9098830223083496
1386,3,3,1,0.14220942556858063,3.5626094341278076,0.16530312597751617,3.6611506938934326,0.3136061131954193,3.6676623821258545,0.07354113459587097,3.872628688812256
1387,3,3,1,0.14689293503761292,3.5812361240386963,0.17171058058738708,3.706003427505493,0.3192761540412903,3.700249671936035,0.07665018737316132,3.954498291015625
1388,3,3,1,0.1335698366165161,3.5364816188812256,0.1530412882566452,3.5657637119293213,0.30927136540412903,3.607391357421875,0.0728236585855484,3.8675425052642822
1389,3,0,0,0.1874402016401291,3.569803237915039,0.3013592064380646,3.6273725032806396,0.3952885866165161,3.6280124187469482,0.1325334757566452,3.721654176712036
1390,3,3,1,0.13952885568141937,3.5582773685455322,0.15557736158370972,3.585780620574951,0.3114038407802582,3.6233599185943604,0.07134885340929031,3.8737430572509766
1391,3,3,1,0.134765625,3.540816307067871,0.15423209965229034,3.5775158405303955,0.3071189224720001,3.607754707336426,0.07152821868658066,3.8450822830200195
1392,3,3,1,0.14093391597270966,3.5580146312713623,0.15613539516925812,3.5966429710388184,0.31518056988716125,3.637263298034668,0.07316246628761292,3.9098339080810547
1393,3,3,1,0.14075453579425812,3.561345100402832,0.15803371369838715,3.610189914703369,0.31289857625961304,3.645414113998413,0.0732421875,3.880272150039673
1394,3,3,1,0.14290696382522583,3.568788766860962,0.16349947452545166,3.651135206222534,0.31428372859954834,3.663876533508301,0.07274393737316132,3.9030137062072754
1395,3,3,1,0.15022121369838715,3.5883913040161133,0.19750477373600006,3.7981836795806885,0.32517537474632263,3.7524516582489014,0.08460219949483871,3.939222574234009
1396,3,3,1,0.1441824734210968,3.5678346157073975,0.16147659718990326,3.628868579864502,0.3193957209587097,3.6616122722625732,0.07423868030309677,3.9030871391296387
1397,3,3,1,0.14210976660251617,3.5674917697906494,0.15675820410251617,3.5840060710906982,0.31617704033851624,3.641747236251831,0.07190688699483871,3.8677937984466553
1398,3,3,1,0.14112325012683868,3.5619263648986816,0.1584921032190323,3.6187362670898438,0.3145029544830322,3.646620750427246,0.07401944696903229,3.893376350402832
1399,3,0,0,0.1639329493045807,3.5690231323242188,0.2345842570066452,3.67626690864563,0.35445231199264526,3.6626088619232178,0.10275828838348389,3.7757952213287354
1400,3,3,1,0.13565249741077423,3.5439653396606445,0.15355946123600006,3.5585334300994873,0.3101283311843872,3.6082193851470947,0.07091039419174194,3.8375492095947266
1401,3,0,0,0.14567720890045166,3.575962781906128,0.16837731003761292,3.670414924621582,0.3178810477256775,3.672633171081543,0.07250478118658066,3.9249587059020996
1402,3,3,1,0.16125239431858063,3.5884933471679688,0.2365971803665161,3.7559280395507812,0.35384446382522583,3.72702693939209,0.10010761767625809,3.875373363494873
1403,3,3,1,0.14095383882522583,3.5601272583007812,0.15721161663532257,3.6029536724090576,0.3126992881298065,3.6359145641326904,0.07411909848451614,3.892444133758545
1404,3,3,1,0.14709223806858063,3.5771965980529785,0.1713269203901291,3.7152910232543945,0.31591796875,3.682490587234497,0.07389987260103226,3.8959007263183594
1405,3,0,0,0.13466596603393555,3.535592794418335,0.15834760665893555,3.568610191345215,0.31103515625,3.604459762573242,0.07264429330825806,3.812894344329834
1406,3,3,1,0.13359972834587097,3.53554105758667,0.1528071165084839,3.558511734008789,0.3076769709587097,3.5970981121063232,0.07178730517625809,3.8495280742645264
1407,3,3,1,0.18503865599632263,3.6104798316955566,0.30386537313461304,3.7203011512756348,0.40078920125961304,3.6833415031433105,0.12288743257522583,3.8107361793518066
1408,3,3,1,0.14759047329425812,3.5808520317077637,0.17506377398967743,3.7032673358917236,0.32061144709587097,3.6940698623657227,0.07415895909070969,3.9029829502105713
1409,3,3,1,0.1438336968421936,3.5667173862457275,0.16931401193141937,3.6489906311035156,0.3169443607330322,3.66672945022583,0.07571348547935486,3.903658866882324
1410,3,3,1,0.1452387571334839,3.5700857639312744,0.16621990501880646,3.66038179397583,0.32195669412612915,3.6719799041748047,0.07174744457006454,3.8797221183776855
1411,3,0,0,0.13367944955825806,3.5384271144866943,0.15073440968990326,3.544309616088867,0.3076969087123871,3.589254379272461,0.07216597348451614,3.831538200378418
1412,3,3,1,0.1803152859210968,3.6034815311431885,0.29406487941741943,3.7248051166534424,0.3883230984210968,3.687495231628418,0.11750637739896774,3.8176729679107666
1413,3,0,0,0.1467036008834839,3.5601820945739746,0.1842663735151291,3.6330206394195557,0.3252052664756775,3.639129877090454,0.07987882196903229,3.7944111824035645
1414,3,3,1,0.1496233195066452,3.586413621902466,0.19600506126880646,3.7723886966705322,0.32899194955825806,3.7267303466796875,0.08061622828245163,3.9154512882232666
1415,3,3,1,0.13453643023967743,3.5364787578582764,0.15881098806858063,3.5801594257354736,0.31274911761283875,3.6209335327148438,0.07190688699483871,3.820676326751709
1416,3,3,1,0.1392299085855484,3.553893566131592,0.1541922390460968,3.571784019470215,0.31260961294174194,3.6194255352020264,0.07322225719690323,3.885411024093628
1417,3,0,0,0.13460618257522583,3.54019832611084,0.1518903374671936,3.5551254749298096,0.30743780732154846,3.596039056777954,0.07220583409070969,3.8650290966033936
1418,3,3,1,0.14363440871238708,3.5668795108795166,0.1621791273355484,3.643686532974243,0.31678491830825806,3.6638879776000977,0.0708705335855484,3.8487064838409424
1419,3,3,1,0.15816326439380646,3.581275224685669,0.22254164516925812,3.752692222595215,0.3412288725376129,3.719008207321167,0.0936104878783226,3.8428783416748047
1420,3,3,1,0.1557019203901291,3.613503932952881,0.2141810804605484,3.806499719619751,0.3371133506298065,3.7700562477111816,0.08436304330825806,3.931490659713745
1421,3,3,1,0.1403360217809677,3.557764768600464,0.16379842162132263,3.6321215629577637,0.31665536761283875,3.654655933380127,0.07475685328245163,3.862703323364258
1422,3,3,1,0.14559748768806458,3.5738141536712646,0.17422671616077423,3.6945207118988037,0.3175223171710968,3.666865348815918,0.07473692297935486,3.923466682434082
1423,3,3,1,0.1436941921710968,3.5687239170074463,0.16502909362316132,3.6448886394500732,0.3159677982330322,3.6634602546691895,0.07535474747419357,3.91007661819458
1424,3,3,1,0.1477299928665161,3.583811044692993,0.178815558552742,3.726322889328003,0.32259446382522583,3.7168009281158447,0.0719866082072258,3.900609016418457
1425,3,3,1,0.13494499027729034,3.5415005683898926,0.15485988557338715,3.5863711833953857,0.30862364172935486,3.6172547340393066,0.07071109861135483,3.852029323577881
1426,3,3,1,0.14303651452064514,3.5645813941955566,0.15966297686100006,3.6179122924804688,0.31923627853393555,3.6593520641326904,0.07194674760103226,3.8695290088653564
1427,3,3,1,0.14901545643806458,3.584726572036743,0.1772710084915161,3.730346441268921,0.32138869166374207,3.701817035675049,0.06979431957006454,3.886636257171631
1428,3,3,1,0.14539819955825806,3.573915481567383,0.17608019709587097,3.717374086380005,0.31930604577064514,3.6916019916534424,0.07461734861135483,3.888354778289795
1429,3,3,1,0.15540297329425812,3.5957038402557373,0.2077736258506775,3.7717080116271973,0.3355189561843872,3.7586278915405273,0.0860770046710968,3.965501308441162
1430,3,3,1,0.14273756742477417,3.5647165775299072,0.16297133266925812,3.6320278644561768,0.31769171357154846,3.6635613441467285,0.07336176186800003,3.895137310028076
1431,3,3,1,0.13457629084587097,3.537874937057495,0.15354950726032257,3.564540147781372,0.31135404109954834,3.611489772796631,0.07224569469690323,3.8744828701019287
1432,3,3,1,0.1470424085855484,3.579831838607788,0.17162089049816132,3.700333833694458,0.31719347834587097,3.6980302333831787,0.07057158648967743,3.9217734336853027
1433,3,3,1,0.15547272562980652,3.5972952842712402,0.21046914160251617,3.782870054244995,0.33680444955825806,3.7358205318450928,0.08462212979793549,3.9260480403900146
1434,3,0,0,0.1574457883834839,3.572911500930786,0.2116350382566452,3.6833035945892334,0.34461694955825806,3.681288480758667,0.091796875,3.8577942848205566
