index,label,prediction,correct,rate_layer1,com_layer1,rate_layer2,com_layer2,rate_layer3,com_layer3,rate_layer4,com_layer4
0,0,0,1,0.1611851304769516,3.6048901081085205,0.1800711452960968,3.7235827445983887,0.3264608383178711,3.7082812786102295,0.07234534621238708,3.7619833946228027
1,0,0,1,0.16574408113956451,3.6084232330322266,0.19591039419174194,3.7191505432128906,0.3290317952632904,3.684000015258789,0.07902184128761292,3.7248423099517822
2,0,0,1,0.16777941584587097,3.605274200439453,0.1990443617105484,3.7019951343536377,0.3370535671710968,3.6744914054870605,0.07922113686800003,3.681509494781494
3,0,0,1,0.16014628112316132,3.599480390548706,0.17801837623119354,3.710235357284546,0.3284737765789032,3.7007856369018555,0.07204639166593552,3.7280774116516113
4,0,0,1,0.15974020957946777,3.603078603744507,0.17991170287132263,3.708189010620117,0.3269989490509033,3.6797196865081787,0.07256457209587097,3.7162866592407227
5,0,0,1,0.16158869862556458,3.599571466445923,0.18400231003761292,3.6989710330963135,0.32988879084587097,3.684519052505493,0.07364078611135483,3.7023003101348877
6,0,0,1,0.1685442179441452,3.605956792831421,0.2043108195066452,3.712627410888672,0.3317721486091614,3.6769988536834717,0.08432318270206451,3.724651336669922
7,0,0,1,0.16536042094230652,3.607785940170288,0.18943817913532257,3.7201547622680664,0.32893216609954834,3.6708171367645264,0.0771484375,3.746318817138672
8,0,0,1,0.16487213969230652,3.6086037158966064,0.19053930044174194,3.7368600368499756,0.32668009400367737,3.672513246536255,0.07511559128761292,3.7272486686706543
9,0,0,1,0.1649792641401291,3.6039352416992188,0.19175003468990326,3.702845335006714,0.33436304330825806,3.6878762245178223,0.07788584381341934,3.7059876918792725
10,0,0,1,0.16234852373600006,3.5987448692321777,0.18790356814861298,3.692228078842163,0.3292510211467743,3.677885055541992,0.07678969949483871,3.7207369804382324
11,0,0,1,0.16020357608795166,3.602034091949463,0.18240293860435486,3.7088420391082764,0.3247967064380646,3.672455072402954,0.07405930757522583,3.7163617610931396
12,0,0,1,0.16556471586227417,3.612919330596924,0.19467972218990326,3.7481637001037598,0.32760682702064514,3.692176580429077,0.07848373800516129,3.754189968109131
13,0,0,1,0.16242077946662903,3.604046106338501,0.18680743873119354,3.7097859382629395,0.32954996824264526,3.6894257068634033,0.07453762739896774,3.7010695934295654
14,0,0,1,0.16738580167293549,3.605104923248291,0.20451012253761292,3.7055742740631104,0.33479154109954834,3.68479323387146,0.08430325239896774,3.729550838470459
15,0,0,1,0.1619275063276291,3.602393865585327,0.18605010211467743,3.702364683151245,0.3298688530921936,3.6867051124572754,0.07551418989896774,3.7107415199279785
16,0,0,1,0.16379593312740326,3.609849691390991,0.18549704551696777,3.721944570541382,0.32515543699264526,3.678271532058716,0.07206632196903229,3.715984582901001
17,0,0,1,0.1610456109046936,3.5995359420776367,0.18156588077545166,3.6988282203674316,0.3290517330169678,3.691075325012207,0.07300303131341934,3.703521728515625
18,0,0,1,0.16177305579185486,3.601121187210083,0.18744519352912903,3.68650484085083,0.32954996824264526,3.6800217628479004,0.07619180530309677,3.7151451110839844
19,0,0,1,0.1714489907026291,3.609886407852173,0.20919862389564514,3.7193894386291504,0.33525988459587097,3.670431613922119,0.08352598547935486,3.7167739868164062
20,0,0,1,0.17437370121479034,3.609543561935425,0.2224370241165161,3.7380611896514893,0.33646562695503235,3.6805567741394043,0.09139827638864517,3.8028783798217773
21,0,0,1,0.16477249562740326,3.605842113494873,0.19520288705825806,3.6975088119506836,0.33184191584587097,3.685234785079956,0.08009805530309677,3.7253048419952393
22,0,0,1,0.16103814542293549,3.606757164001465,0.1837083399295807,3.703615188598633,0.32468709349632263,3.672682046890259,0.07332190871238708,3.7004621028900146
23,0,0,1,0.160627081990242,3.602804183959961,0.18141640722751617,3.7105820178985596,0.32815489172935486,3.697458267211914,0.07447783648967743,3.73882794380188
24,0,0,1,0.16505400836467743,3.607133150100708,0.19603495299816132,3.709010124206543,0.3280552327632904,3.673703670501709,0.07862324267625809,3.711533546447754
25,0,0,1,0.17335976660251617,3.6126487255096436,0.21632851660251617,3.7149338722229004,0.3429129421710968,3.671103000640869,0.08697385340929031,3.732126474380493
26,0,0,1,0.17082369327545166,3.611564874649048,0.2097417116165161,3.714153289794922,0.3376016318798065,3.6751084327697754,0.08460219949483871,3.712838649749756
27,0,0,1,0.16195990145206451,3.601442813873291,0.18276666104793549,3.704705238342285,0.3316027522087097,3.6836252212524414,0.07194674760103226,3.71052622795105
28,0,0,1,0.16797372698783875,3.602393627166748,0.2016352415084839,3.6826212406158447,0.3373226225376129,3.671501636505127,0.08302774280309677,3.7001919746398926
29,0,0,1,0.17412707209587097,3.611665964126587,0.22534677386283875,3.7377731800079346,0.34547391533851624,3.69073224067688,0.0962611585855484,3.776604652404785
30,0,0,1,0.16398775577545166,3.606842279434204,0.18940827250480652,3.7056424617767334,0.3320810794830322,3.685251235961914,0.07643096148967743,3.718904733657837
31,0,0,1,0.16051746904850006,3.6034018993377686,0.18182995915412903,3.7050747871398926,0.3243483006954193,3.688807725906372,0.07509566098451614,3.7428343296051025
32,0,0,1,0.17015106976032257,3.6108345985412598,0.20923349261283875,3.7426061630249023,0.3272181749343872,3.680999994277954,0.08641581237316132,3.752998113632202
33,0,0,1,0.16923677921295166,3.6077606678009033,0.20384745299816132,3.700535297393799,0.33556878566741943,3.6637861728668213,0.08199138939380646,3.724842071533203
34,0,0,1,0.16185277700424194,3.600471019744873,0.18537746369838715,3.687819242477417,0.3306560814380646,3.6821470260620117,0.07503587007522583,3.7224435806274414
35,0,0,1,0.17509117722511292,3.6091089248657227,0.22162985801696777,3.724472761154175,0.34057119488716125,3.6652426719665527,0.08946508169174194,3.717977285385132
36,0,0,1,0.16865383088588715,3.6133029460906982,0.20374780893325806,3.724060297012329,0.3319814205169678,3.6730902194976807,0.08330675959587097,3.73421049118042
37,0,0,1,0.16431660950183868,3.6033384799957275,0.19247747957706451,3.6886179447174072,0.33172231912612915,3.6721138954162598,0.07892218977212906,3.6984848976135254
38,0,0,1,0.16379842162132263,3.606342315673828,0.18768933415412903,3.701831579208374,0.33067601919174194,3.68436598777771,0.07537467777729034,3.707033395767212
39,0,0,1,0.17349180579185486,3.6141927242279053,0.22033442556858063,3.7289583683013916,0.3367645740509033,3.684657573699951,0.09016262739896774,3.781609296798706
40,0,0,1,0.1636962890625,3.6065988540649414,0.19026027619838715,3.7145028114318848,0.3281847834587097,3.6917166709899902,0.07806520909070969,3.750319004058838
41,0,0,1,0.1647251695394516,3.6009950637817383,0.1921735405921936,3.69497013092041,0.3331373631954193,3.6777541637420654,0.07816486060619354,3.7177460193634033
42,0,0,1,0.16767975687980652,3.6164348125457764,0.20125657320022583,3.789641857147217,0.3232421875,3.6886985301971436,0.07758688926696777,3.8006677627563477
43,0,0,1,0.16628965735435486,3.6061723232269287,0.1999760866165161,3.716787815093994,0.33675462007522583,3.6848552227020264,0.08191166818141937,3.754014492034912
44,0,0,1,0.16338986158370972,3.6055102348327637,0.18912926316261292,3.7010457515716553,0.33047670125961304,3.685140609741211,0.0768694207072258,3.716359853744507
45,0,0,1,0.1643240749835968,3.6030077934265137,0.19216856360435486,3.6929140090942383,0.3339146077632904,3.688770294189453,0.07716836780309677,3.6934401988983154
46,0,0,1,0.17073151469230652,3.6089766025543213,0.2088099867105484,3.7198691368103027,0.33339643478393555,3.660250425338745,0.08137356489896774,3.6987509727478027
47,0,0,1,0.1723807156085968,3.6072115898132324,0.21971659362316132,3.7290127277374268,0.33898675441741943,3.6824328899383545,0.09321188926696777,3.7761385440826416
48,0,0,1,0.15947115421295166,3.598222255706787,0.1783372461795807,3.7053334712982178,0.3247767686843872,3.686702251434326,0.07190688699483871,3.7095344066619873
49,0,0,1,0.16389060020446777,3.6124765872955322,0.18832209706306458,3.745720624923706,0.32047194242477417,3.6826181411743164,0.07308274507522583,3.727024793624878
50,0,0,1,0.1654301881790161,3.6041412353515625,0.19759944081306458,3.702286958694458,0.33388471603393555,3.683131456375122,0.08129384368658066,3.7241971492767334
51,0,0,1,0.16162358224391937,3.6073031425476074,0.18326988816261292,3.7139439582824707,0.328125,3.695244073867798,0.07332190871238708,3.7145962715148926
52,0,0,1,0.16367386281490326,3.612633228302002,0.1865483522415161,3.723271369934082,0.3294503390789032,3.692628860473633,0.07326211780309677,3.7206201553344727
53,0,0,1,0.16431909799575806,3.605785369873047,0.19645348191261292,3.717771291732788,0.3359275162220001,3.686422824859619,0.08037707209587097,3.768162727355957
54,0,0,1,0.16554975509643555,3.6114697456359863,0.19310526549816132,3.731971025466919,0.3267199397087097,3.679446220397949,0.07425861060619354,3.7077295780181885
55,0,0,1,0.16921685636043549,3.6117777824401855,0.20605966448783875,3.7207727432250977,0.33199137449264526,3.673190116882324,0.08242984861135483,3.705512523651123
56,0,0,1,0.15880848467350006,3.59841251373291,0.17587591707706451,3.6779513359069824,0.3249860405921936,3.667954444885254,0.07104990631341934,3.697615623474121
57,0,0,1,0.1614915430545807,3.604482889175415,0.18276166915893555,3.69826340675354,0.33094507455825806,3.6938061714172363,0.07244499027729034,3.7408528327941895
58,0,0,1,0.16215172410011292,3.605524778366089,0.18323002755641937,3.705805540084839,0.32886239886283875,3.6858069896698,0.07220583409070969,3.686171770095825
59,0,0,1,0.16616758704185486,3.6068124771118164,0.19714604318141937,3.710801601409912,0.33447265625,3.688365936279297,0.08123405277729034,3.7311089038848877
60,0,0,1,0.169294074177742,3.604994297027588,0.20715580880641937,3.7128219604492188,0.3306361436843872,3.6694092750549316,0.08227040618658066,3.7228682041168213
61,0,0,1,0.15976761281490326,3.6017744541168213,0.1775350719690323,3.6958632469177246,0.32829439640045166,3.690605640411377,0.07204639166593552,3.7264177799224854
62,0,0,1,0.1664441078901291,3.61093807220459,0.19822724163532257,3.738569736480713,0.32831433415412903,3.6744771003723145,0.07906170189380646,3.734560012817383
63,0,0,1,0.16630211472511292,3.6077897548675537,0.19741010665893555,3.701925754547119,0.3339743912220001,3.6812472343444824,0.07920120656490326,3.705083131790161
64,0,0,1,0.16475506126880646,3.5999486446380615,0.19493383169174194,3.6939985752105713,0.33431321382522583,3.6852364540100098,0.08059629797935486,3.7312066555023193
65,0,0,1,0.16387814283370972,3.600787401199341,0.19455018639564514,3.687479257583618,0.3325693607330322,3.6763648986816406,0.07866310328245163,3.7106664180755615
66,0,0,1,0.16888053715229034,3.606623411178589,0.20391720533370972,3.694089412689209,0.33870774507522583,3.672227144241333,0.0825892835855484,3.712355136871338
67,0,0,1,0.1727743297815323,3.615229368209839,0.21336893737316132,3.726064920425415,0.33325693011283875,3.661543607711792,0.08476163446903229,3.723959445953369
68,0,0,1,0.16281937062740326,3.6066067218780518,0.18399234116077423,3.7146339416503906,0.32921117544174194,3.684232711791992,0.07204639166593552,3.718118906021118
69,0,3,0,0.16224639117717743,3.6046648025512695,0.18120715022087097,3.7370011806488037,0.32549425959587097,3.6874847412109375,0.07039222121238708,3.765288829803467
70,0,0,1,0.16672562062740326,3.607754945755005,0.1946498304605484,3.7067089080810547,0.33151307702064514,3.672117233276367,0.07653061300516129,3.6898436546325684
71,0,0,1,0.16800612211227417,3.6099438667297363,0.20778359472751617,3.7240006923675537,0.3267199397087097,3.6702351570129395,0.08518016338348389,3.7349088191986084
72,0,0,1,0.16434898972511292,3.6010823249816895,0.1953822523355484,3.7119650840759277,0.32695910334587097,3.6737680435180664,0.07912149280309677,3.726196527481079
73,0,0,1,0.16681282222270966,3.6045548915863037,0.19942303001880646,3.7013115882873535,0.33722296357154846,3.680830955505371,0.08193159848451614,3.7348577976226807
74,0,0,1,0.16782674193382263,3.6151676177978516,0.20287586748600006,3.7492263317108154,0.32752710580825806,3.6932578086853027,0.08165258169174194,3.770807981491089
75,0,0,1,0.1638881117105484,3.604991912841797,0.1899164915084839,3.709840774536133,0.3311144709587097,3.678102731704712,0.0774274542927742,3.7492921352386475
76,0,0,1,0.16101571917533875,3.6017050743103027,0.1818598508834839,3.693972587585449,0.32970941066741943,3.6842868328094482,0.07276386767625809,3.701725482940674
77,0,0,1,0.17487692832946777,3.610624313354492,0.22679169476032257,3.7421019077301025,0.34111925959587097,3.692246913909912,0.09470663219690323,3.7929294109344482
78,0,0,1,0.16429418325424194,3.60910701751709,0.19882513582706451,3.7298333644866943,0.33674466609954834,3.708282709121704,0.08448261767625809,3.7836754322052
79,0,0,1,0.1657465696334839,3.6169662475585938,0.19380779564380646,3.771299362182617,0.3207907974720001,3.676285982131958,0.07529495656490326,3.7533085346221924
80,0,0,1,0.16529566049575806,3.6170668601989746,0.1956712305545807,3.750509262084961,0.3245874345302582,3.6768181324005127,0.0763113796710968,3.721337080001831
81,0,0,1,0.16035804152488708,3.6052136421203613,0.17761479318141937,3.71025013923645,0.32752710580825806,3.688602924346924,0.07043207436800003,3.708545446395874
82,0,0,1,0.16406996548175812,3.608405828475952,0.191162109375,3.719576835632324,0.3321707546710968,3.6998560428619385,0.07796555757522583,3.759713649749756
83,0,0,1,0.14860938489437103,3.5534842014312744,0.1587262749671936,3.559311866760254,0.31651586294174194,3.604665756225586,0.06756217777729034,3.7244837284088135
84,0,0,1,0.16080397367477417,3.603783130645752,0.18065409362316132,3.7127530574798584,0.3260522782802582,3.684321403503418,0.07222576439380646,3.7248895168304443
85,0,0,1,0.16615264117717743,3.6070170402526855,0.1955815553665161,3.7147297859191895,0.3295798599720001,3.6753342151641846,0.07768654078245163,3.705746650695801
86,0,0,1,0.16675551235675812,3.609797239303589,0.19595025479793549,3.7098758220672607,0.33389467000961304,3.688751697540283,0.07900191098451614,3.728304624557495
87,0,0,1,0.1691022515296936,3.6112053394317627,0.20493362843990326,3.7489242553710938,0.32710856199264526,3.688509225845337,0.08031728118658066,3.794292688369751
88,0,0,1,0.16817551851272583,3.6101737022399902,0.20074835419654846,3.729790687561035,0.33089524507522583,3.674396276473999,0.07985889166593552,3.7234838008880615
89,0,0,1,0.17002899944782257,3.604005813598633,0.20646822452545166,3.7074012756347656,0.3392757475376129,3.6716597080230713,0.08573819696903229,3.7698745727539062
90,0,0,1,0.16313326358795166,3.604248523712158,0.1892338991165161,3.692970037460327,0.3301279544830322,3.6768391132354736,0.07655054330825806,3.7146575450897217
91,0,0,1,0.17025569081306458,3.611673593521118,0.20933812856674194,3.7459239959716797,0.3266701102256775,3.6833019256591797,0.08545918017625809,3.8229944705963135
92,0,0,1,0.16490453481674194,3.6114602088928223,0.1907086968421936,3.774062156677246,0.3184191584587097,3.684202194213867,0.07431839406490326,3.8045053482055664
93,0,0,1,0.16839225590229034,3.6094179153442383,0.20391222834587097,3.7138493061065674,0.33555883169174194,3.682039499282837,0.0807756707072258,3.7263755798339844
94,0,0,1,0.17020338773727417,3.6111884117126465,0.2076939195394516,3.7281994819641113,0.33180204033851624,3.6717422008514404,0.08408401906490326,3.7162835597991943
95,0,0,1,0.16179297864437103,3.6035876274108887,0.18523795902729034,3.7103395462036133,0.328822523355484,3.6978604793548584,0.07567362487316132,3.737687587738037
96,0,0,1,0.16527821123600006,3.617327928543091,0.19348891079425812,3.778106927871704,0.32237523794174194,3.665018081665039,0.07116948068141937,3.78157377243042
97,0,0,1,0.1648198366165161,3.6019649505615234,0.19297073781490326,3.695997953414917,0.3327985405921936,3.6842830181121826,0.0779854878783226,3.697929859161377
98,0,0,1,0.16680783033370972,3.606320381164551,0.19453522562980652,3.717472553253174,0.32969945669174194,3.67173433303833,0.07637117058038712,3.6889352798461914
99,0,0,1,0.16392049193382263,3.6045379638671875,0.19399712979793549,3.6964504718780518,0.3331373631954193,3.688492774963379,0.07955994457006454,3.713927745819092
100,0,0,1,0.1606694459915161,3.60155987739563,0.1766282618045807,3.7100706100463867,0.32830435037612915,3.6938929557800293,0.07097018510103226,3.7629878520965576
101,0,0,1,0.16056232154369354,3.6005802154541016,0.17999142408370972,3.7013978958129883,0.32460737228393555,3.6873061656951904,0.0726841539144516,3.720043897628784
102,0,0,1,0.16126234829425812,3.6057746410369873,0.1834891140460968,3.709913969039917,0.32831433415412903,3.6890461444854736,0.07387994229793549,3.7183706760406494
103,0,0,1,0.16292151808738708,3.6077096462249756,0.1894780397415161,3.704909324645996,0.3301279544830322,3.682694911956787,0.07790576666593552,3.7147607803344727
104,0,0,1,0.16757264733314514,3.610570192337036,0.1998216211795807,3.720309257507324,0.3315927982330322,3.680219888687134,0.07830436527729034,3.6838889122009277
105,0,0,1,0.15996192395687103,3.596869707107544,0.18075373768806458,3.687138319015503,0.32802534103393555,3.679081439971924,0.07391980290412903,3.7198705673217773
106,0,0,1,0.16705197095870972,3.606090545654297,0.19889986515045166,3.731412887573242,0.32712849974632263,3.6695504188537598,0.07768654078245163,3.704207181930542
107,0,0,1,0.16313575208187103,3.603139638900757,0.1864985227584839,3.708477020263672,0.3323700428009033,3.6942195892333984,0.07601243257522583,3.7354483604431152
108,0,0,1,0.17288893461227417,3.611046314239502,0.21870514750480652,3.7368037700653076,0.33590760827064514,3.6707704067230225,0.09217554330825806,3.7878918647766113
109,0,0,1,0.17288893461227417,3.609619617462158,0.2157505601644516,3.7239158153533936,0.3383290767669678,3.6713595390319824,0.08757174760103226,3.773327350616455
110,0,0,1,0.16731105744838715,3.612700939178467,0.20170997083187103,3.7438247203826904,0.3339345455169678,3.7023961544036865,0.0835658460855484,3.7922728061676025
111,0,0,1,0.16034558415412903,3.5994656085968018,0.1800711452960968,3.702249526977539,0.3270886540412903,3.6871497631073,0.07326211780309677,3.7157235145568848
112,0,0,1,0.1693115234375,3.6062710285186768,0.20782345533370972,3.724485158920288,0.33554884791374207,3.684584140777588,0.08504065871238708,3.743144989013672
113,0,0,1,0.17036032676696777,3.6099233627319336,0.21183931827545166,3.7170779705047607,0.3443877398967743,3.686805486679077,0.08836893737316132,3.7476320266723633
114,0,0,1,0.16698969900608063,3.608748197555542,0.1980329155921936,3.6991143226623535,0.33396443724632263,3.676314353942871,0.08073581010103226,3.6924216747283936
115,0,0,1,0.1635493040084839,3.605346441268921,0.19018055498600006,3.688551187515259,0.33131375908851624,3.6798906326293945,0.07657047361135483,3.6829776763916016
116,0,0,1,0.16303113102912903,3.6038782596588135,0.18965740501880646,3.702850341796875,0.32927095890045166,3.6818387508392334,0.07740752398967743,3.7160143852233887
117,0,0,1,0.16191504895687103,3.6031017303466797,0.18408203125,3.704622983932495,0.3272381126880646,3.683699369430542,0.07433832436800003,3.7115280628204346
118,0,0,1,0.17104791104793549,3.6068599224090576,0.21894431114196777,3.6907358169555664,0.3443180024623871,3.6818220615386963,0.09107939898967743,3.7172865867614746
119,0,0,1,0.1653081178665161,3.6065917015075684,0.19198919832706451,3.720940589904785,0.32829439640045166,3.6794960498809814,0.07593271881341934,3.713385820388794
120,0,0,1,0.16616758704185486,3.6105456352233887,0.193603515625,3.7383224964141846,0.32683950662612915,3.6785268783569336,0.0751953125,3.7243573665618896
121,0,0,1,0.1707414835691452,3.617797613143921,0.2111218422651291,3.7620654106140137,0.3300183415412903,3.699106216430664,0.08378507196903229,3.8177926540374756
122,0,0,1,0.16784168779850006,3.605034589767456,0.20289580523967743,3.705073356628418,0.3399932086467743,3.679210901260376,0.08396444469690323,3.753857135772705
123,0,0,1,0.1644212305545807,3.601181745529175,0.1914411187171936,3.7004919052124023,0.3329978287220001,3.6868958473205566,0.07712850719690323,3.710594415664673
124,0,0,1,0.16221898794174194,3.605841875076294,0.18587073683738708,3.7045435905456543,0.32501593232154846,3.6632328033447266,0.07348134368658066,3.724708318710327
125,0,0,1,0.17529048025608063,3.609325885772705,0.22285056114196777,3.725646734237671,0.3349609375,3.6566905975341797,0.09000318497419357,3.735828161239624
126,0,0,1,0.17448082566261292,3.6147806644439697,0.2315848171710968,3.7382314205169678,0.3446468412876129,3.6712541580200195,0.09669961780309677,3.762159824371338
127,0,0,1,0.16641172766685486,3.6096348762512207,0.19330954551696777,3.7298314571380615,0.3291613459587097,3.6726508140563965,0.07577327638864517,3.730931043624878
128,0,0,1,0.1686488538980484,3.6063194274902344,0.21017518639564514,3.716378688812256,0.33282843232154846,3.6831138134002686,0.0874720960855484,3.7511961460113525
129,0,0,1,0.16702955961227417,3.609110116958618,0.1981823891401291,3.7277252674102783,0.33103474974632263,3.6795907020568848,0.07906170189380646,3.737333059310913
130,0,0,1,0.16244569420814514,3.6031713485717773,0.18801817297935486,3.6932108402252197,0.3286032974720001,3.675309419631958,0.07577327638864517,3.693056344985962
131,0,0,1,0.16681282222270966,3.609483242034912,0.1926518678665161,3.726167678833008,0.3295300602912903,3.669085741043091,0.0746372789144516,3.7140185832977295
132,0,0,1,0.1602185219526291,3.601511240005493,0.18041492998600006,3.7032034397125244,0.32482659816741943,3.675767660140991,0.07112962007522583,3.690669536590576
133,0,0,1,0.16336993873119354,3.6052639484405518,0.1837332546710968,3.704387664794922,0.3304269015789032,3.6808106899261475,0.07306281477212906,3.7269504070281982
134,0,0,1,0.16159369051456451,3.6027133464813232,0.18553690612316132,3.7045223712921143,0.32829439640045166,3.683229684829712,0.07487643510103226,3.7250466346740723
135,0,0,1,0.17344197630882263,3.612272262573242,0.22089743614196777,3.7290854454040527,0.3382593095302582,3.6737663745880127,0.09205596148967743,3.763585090637207
136,0,0,1,0.15962561964988708,3.599750280380249,0.177734375,3.706240177154541,0.3240891993045807,3.681333303451538,0.0721261128783226,3.743851900100708
137,0,0,1,0.17848920822143555,3.6127541065216064,0.23559071123600006,3.726842164993286,0.34267377853393555,3.6645631790161133,0.09470663219690323,3.739898920059204
138,0,1,0,0.17650867998600006,3.6119799613952637,0.23150011897087097,3.751307487487793,0.33429327607154846,3.6737115383148193,0.09893175959587097,3.832393169403076
139,0,0,1,0.16898766160011292,3.6089956760406494,0.20610450208187103,3.7237343788146973,0.33067601919174194,3.6774649620056152,0.08414380997419357,3.7340123653411865
140,0,0,1,0.16232362389564514,3.6060500144958496,0.18379303812980652,3.6988723278045654,0.3293706178665161,3.68390154838562,0.07441804558038712,3.720407009124756
141,0,0,1,0.1609409898519516,3.6064889430999756,0.17762476205825806,3.716493606567383,0.32746732234954834,3.68918514251709,0.07126913219690323,3.7472035884857178
142,0,0,1,0.16486716270446777,3.6031370162963867,0.19124680757522583,3.693908929824829,0.33382493257522583,3.6750149726867676,0.07716836780309677,3.6913740634918213
143,0,0,1,0.1698695570230484,3.6101162433624268,0.20913882553577423,3.7176175117492676,0.33757174015045166,3.6899573802948,0.08541931957006454,3.7876808643341064
144,0,0,1,0.16484224796295166,3.6039535999298096,0.19662787020206451,3.7012972831726074,0.33031728863716125,3.678562879562378,0.07963966578245163,3.695695638656616
145,0,0,1,0.16104063391685486,3.6009621620178223,0.1845354288816452,3.702648639678955,0.3251255452632904,3.6767094135284424,0.07479671388864517,3.725019931793213
146,0,0,1,0.16188018023967743,3.602677822113037,0.1853475719690323,3.7216129302978516,0.3269491195678711,3.6912221908569336,0.07465720176696777,3.724506139755249
147,0,0,1,0.16641421616077423,3.61344313621521,0.19816246628761292,3.7461278438568115,0.3263711631298065,3.681729316711426,0.07848373800516129,3.7402234077453613
148,0,0,1,0.16470523178577423,3.605938196182251,0.19563136994838715,3.7022464275360107,0.3321807086467743,3.683245897293091,0.08015784621238708,3.7091000080108643
149,0,0,1,0.16292151808738708,3.6046667098999023,0.19007593393325806,3.7033474445343018,0.32796555757522583,3.683337450027466,0.07736766338348389,3.7341575622558594
150,0,0,1,0.17074397206306458,3.6065831184387207,0.20956233143806458,3.7010698318481445,0.33819952607154846,3.664309501647949,0.08416374027729034,3.710158586502075
151,0,0,1,0.16036053001880646,3.600295066833496,0.1805345118045807,3.705580472946167,0.32740750908851624,3.6934807300567627,0.07417888939380646,3.7490596771240234
152,0,0,1,0.17309071123600006,3.6086931228637695,0.21560606360435486,3.7081782817840576,0.3406708240509033,3.6739988327026367,0.08707349747419357,3.7294576168060303
153,0,0,1,0.16091607511043549,3.6027278900146484,0.17934370040893555,3.7099318504333496,0.32794561982154846,3.6878151893615723,0.07196667790412903,3.729437828063965
154,0,0,1,0.1619873046875,3.6025867462158203,0.1882075071334839,3.699131727218628,0.32752710580825806,3.693166494369507,0.07782605290412903,3.743661880493164
155,0,0,1,0.17308573424816132,3.6177494525909424,0.2245744913816452,3.7368712425231934,0.33522000908851624,3.675445795059204,0.09064093977212906,3.7436234951019287
156,0,0,1,0.16797123849391937,3.610248327255249,0.208844855427742,3.724472761154175,0.33818957209587097,3.697300910949707,0.08751195669174194,3.757686138153076
157,0,0,1,0.1717180460691452,3.6073930263519287,0.21457967162132263,3.7156291007995605,0.33324697613716125,3.6748101711273193,0.08665497601032257,3.7304508686065674
158,0,0,1,0.16726373136043549,3.6100146770477295,0.2009626030921936,3.7415828704833984,0.3299286365509033,3.686913013458252,0.07834422588348389,3.762655735015869
159,0,0,1,0.16619499027729034,3.6020805835723877,0.19801796972751617,3.7004504203796387,0.33445271849632263,3.6808688640594482,0.08085538446903229,3.7190041542053223
160,0,0,1,0.1666259765625,3.6073708534240723,0.19832190871238708,3.705130100250244,0.33289819955825806,3.680126905441284,0.07900191098451614,3.7310798168182373
161,0,0,1,0.1730707883834839,3.607410192489624,0.21772360801696777,3.7200329303741455,0.33590760827064514,3.6670918464660645,0.09002311527729034,3.7529332637786865
162,0,0,1,0.16310088336467743,3.6101419925689697,0.1843959242105484,3.7496824264526367,0.3260223865509033,3.6975271701812744,0.0714285671710968,3.7486050128936768
163,0,0,1,0.16186024248600006,3.6027982234954834,0.1830357164144516,3.70386004447937,0.32976919412612915,3.686096668243408,0.0744977667927742,3.7407705783843994
164,0,0,1,0.16228874027729034,3.602557420730591,0.18414181470870972,3.7007954120635986,0.3320810794830322,3.6816203594207764,0.07364078611135483,3.730717182159424
165,0,0,1,0.16113032400608063,3.60443115234375,0.17950813472270966,3.709031820297241,0.3281150162220001,3.684939384460449,0.07208625227212906,3.7157864570617676
166,0,0,1,0.16441376507282257,3.603285074234009,0.1917201429605484,3.7032666206359863,0.3317621946334839,3.680593490600586,0.07641103118658066,3.695618152618408
167,0,0,1,0.16998165845870972,3.6103880405426025,0.20726542174816132,3.715546131134033,0.33626633882522583,3.680337905883789,0.08522002398967743,3.7392423152923584
168,0,0,1,0.16621242463588715,3.6036062240600586,0.19952267408370972,3.696091890335083,0.33694395422935486,3.6881673336029053,0.08167251199483871,3.7054660320281982
169,0,0,1,0.16980478167533875,3.6085739135742188,0.212018683552742,3.7190327644348145,0.3397939205169678,3.6868529319763184,0.08946508169174194,3.7587435245513916
170,0,0,1,0.1700962632894516,3.610020875930786,0.20824198424816132,3.712860345840454,0.33694395422935486,3.669624090194702,0.08430325239896774,3.708510637283325
171,0,0,1,0.1623460352420807,3.604109525680542,0.18770428001880646,3.7074031829833984,0.32901185750961304,3.6859798431396484,0.07655054330825806,3.7130956649780273
172,0,0,1,0.1678989976644516,3.6057777404785156,0.20495356619358063,3.7127020359039307,0.3329579830169678,3.6834166049957275,0.08266900479793549,3.7263741493225098
173,0,0,1,0.16087621450424194,3.6032798290252686,0.1804647594690323,3.701960325241089,0.32878267765045166,3.685821771621704,0.07286351919174194,3.7141685485839844
174,0,0,1,0.15955586731433868,3.6027135848999023,0.17641401290893555,3.7031378746032715,0.3281150162220001,3.694202423095703,0.0705915167927742,3.7207791805267334
175,0,0,1,0.17045001685619354,3.608842372894287,0.20883987843990326,3.7139687538146973,0.3324398100376129,3.66119122505188,0.08408401906490326,3.724579334259033
176,0,0,1,0.15934908390045166,3.598883628845215,0.1761997789144516,3.7080647945404053,0.3222058415412903,3.6810786724090576,0.07124920189380646,3.7558043003082275
177,0,0,1,0.16116270422935486,3.6012179851531982,0.18165557086467743,3.7069859504699707,0.3308354616165161,3.6994879245758057,0.07272400707006454,3.7171828746795654
178,0,0,1,0.16295887529850006,3.5993151664733887,0.19063396751880646,3.6856329441070557,0.33116430044174194,3.6770076751708984,0.07820472121238708,3.702599287033081
179,0,0,1,0.16650390625,3.613142728805542,0.19715601205825806,3.7485973834991455,0.3233219087123871,3.6692967414855957,0.07633130997419357,3.708616256713867
180,0,0,1,0.17450574040412903,3.6126370429992676,0.22062838077545166,3.740588426589966,0.3364357352256775,3.6694211959838867,0.08920599520206451,3.7926719188690186
181,0,0,1,0.16471271216869354,3.6086785793304443,0.18659816682338715,3.733518362045288,0.3247767686843872,3.678694248199463,0.07047193497419357,3.6954185962677
182,0,0,1,0.16729611158370972,3.6134259700775146,0.20068857073783875,3.729362726211548,0.3274174928665161,3.6685333251953125,0.07818479090929031,3.699974536895752
183,0,0,1,0.1694784313440323,3.607379198074341,0.20111706852912903,3.7082126140594482,0.33840879797935486,3.664870500564575,0.07946030050516129,3.71030855178833
184,0,0,1,0.16792640089988708,3.601109743118286,0.20059888064861298,3.693201780319214,0.33703362941741943,3.673319101333618,0.082449771463871,3.724196195602417
185,0,0,1,0.16285425424575806,3.6080985069274902,0.19495874643325806,3.7241687774658203,0.3314034640789032,3.6893887519836426,0.08055643737316132,3.7481443881988525
186,0,0,1,0.16267487406730652,3.5997793674468994,0.18951290845870972,3.6788830757141113,0.3295997977256775,3.6732373237609863,0.0764508917927742,3.6936912536621094
187,0,0,1,0.16476751863956451,3.613646984100342,0.18832209706306458,3.749239444732666,0.32335180044174194,3.6847360134124756,0.07270407676696777,3.721217155456543
188,0,0,1,0.16383330523967743,3.604875087738037,0.19098274409770966,3.703164577484131,0.33269888162612915,3.687692880630493,0.07688935101032257,3.7104716300964355
189,0,0,1,0.17076142132282257,3.6044204235076904,0.21145567297935486,3.7023799419403076,0.3404715359210968,3.6806859970092773,0.08755181729793549,3.7186431884765625
190,0,0,1,0.1690150648355484,3.6166794300079346,0.20939293503761292,3.753628730773926,0.33242982625961304,3.705545663833618,0.08890704810619354,3.8043038845062256
191,0,0,1,0.1656244993209839,3.6120662689208984,0.195417121052742,3.742204427719116,0.32795560359954834,3.6898300647735596,0.07772640138864517,3.7425642013549805
192,0,0,1,0.1703055202960968,3.6072819232940674,0.20973174273967743,3.720221519470215,0.33164259791374207,3.662179708480835,0.08464206010103226,3.711090087890625
193,0,0,1,0.16021354496479034,3.607314348220825,0.18156090378761292,3.731064796447754,0.3246970474720001,3.6958937644958496,0.07344148308038712,3.7592945098876953
194,0,0,1,0.16193996369838715,3.607177972793579,0.1808035671710968,3.729111433029175,0.32629144191741943,3.6948142051696777,0.07138870656490326,3.7381350994110107
195,0,0,1,0.15978007018566132,3.601618528366089,0.17899493873119354,3.6918580532073975,0.3259028196334839,3.6724660396575928,0.07284358888864517,3.7179205417633057
196,0,0,1,0.16165098547935486,3.6050424575805664,0.1818947196006775,3.7212040424346924,0.3254145383834839,3.68403959274292,0.07342155277729034,3.7225842475891113
197,0,0,1,0.16080397367477417,3.601583242416382,0.1827915757894516,3.6940605640411377,0.3294702470302582,3.685781717300415,0.07384008169174194,3.6968960762023926
198,0,0,1,0.1702880859375,3.6106064319610596,0.20874521136283875,3.734915018081665,0.33387476205825806,3.678943395614624,0.08456233888864517,3.758425712585449
199,0,0,1,0.16596579551696777,3.6034975051879883,0.20083306729793549,3.6987695693969727,0.33436304330825806,3.6844191551208496,0.08205118030309677,3.679135322570801
200,0,0,1,0.1680310219526291,3.60896372795105,0.20001594722270966,3.723644971847534,0.32803529500961304,3.6645705699920654,0.07762674987316132,3.710397958755493
201,0,0,1,0.16152891516685486,3.5993306636810303,0.1852429360151291,3.6956615447998047,0.32982900738716125,3.686697483062744,0.07489636540412903,3.714209794998169
202,0,0,1,0.165387824177742,3.615156412124634,0.19116708636283875,3.782032012939453,0.3161870241165161,3.673715829849243,0.07188695669174194,3.804823875427246
203,0,0,1,0.17465272545814514,3.611565113067627,0.22366270422935486,3.743372678756714,0.3329380452632904,3.6840262413024902,0.0940290167927742,3.817295551300049
204,0,0,1,0.16523337364196777,3.6091578006744385,0.19111725687980652,3.7045726776123047,0.3360271751880646,3.6864564418792725,0.07712850719690323,3.724547863006592
205,0,0,1,0.16951331496238708,3.61195707321167,0.20806261897087097,3.741588592529297,0.3338548243045807,3.6777303218841553,0.08209104090929031,3.7608642578125
206,0,0,1,0.16935138404369354,3.617617130279541,0.2085309624671936,3.7489306926727295,0.33736246824264526,3.684034824371338,0.08386479318141937,3.8122622966766357
207,0,0,1,0.16063456237316132,3.602031707763672,0.17869099974632263,3.720109224319458,0.32558393478393555,3.695467233657837,0.07055165618658066,3.7209038734436035
208,0,0,1,0.16580885648727417,3.6019952297210693,0.1991838663816452,3.6995272636413574,0.3341338336467743,3.687483310699463,0.08185187727212906,3.7146334648132324
209,0,0,1,0.16413474082946777,3.6080594062805176,0.1899164915084839,3.725398063659668,0.3286830186843872,3.674569606781006,0.0754743292927742,3.703195095062256
210,0,0,1,0.16410982608795166,3.6072864532470703,0.1887555718421936,3.701853036880493,0.332728773355484,3.677208662033081,0.07605229318141937,3.7104296684265137
211,0,0,1,0.16000178456306458,3.6032602787017822,0.17682258784770966,3.706585168838501,0.32364076375961304,3.677443265914917,0.0708705335855484,3.7165353298187256
212,0,0,1,0.16269978880882263,3.6040821075439453,0.18960757553577423,3.710550546646118,0.32763671875,3.6656832695007324,0.0757533460855484,3.6958694458007812
213,0,0,1,0.1680135875940323,3.6146912574768066,0.2024274468421936,3.7489171028137207,0.3277064561843872,3.6781609058380127,0.07838408648967743,3.7437071800231934
214,0,0,1,0.16845203936100006,3.6101925373077393,0.20165516436100006,3.722407579421997,0.3316924273967743,3.676110029220581,0.08025749027729034,3.7315618991851807
215,0,0,1,0.16952577233314514,3.6145131587982178,0.20438556373119354,3.7463982105255127,0.3308553695678711,3.677971124649048,0.080078125,3.7404181957244873
216,0,0,1,0.1710379421710968,3.6122844219207764,0.20975665748119354,3.7112996578216553,0.3339245915412903,3.66225004196167,0.0832868292927742,3.685810089111328
217,0,0,1,0.1621791273355484,3.600245714187622,0.1875249147415161,3.6952731609344482,0.3295798599720001,3.6845860481262207,0.07641103118658066,3.7164840698242188
218,0,0,1,0.16067442297935486,3.5995099544525146,0.1823481321334839,3.6921143531799316,0.32793566584587097,3.6761069297790527,0.07403937727212906,3.7232840061187744
219,0,0,1,0.16909478604793549,3.6096999645233154,0.20815229415893555,3.698087453842163,0.34146803617477417,3.682201623916626,0.0864955335855484,3.7447004318237305
220,0,0,1,0.16134706139564514,3.6020288467407227,0.186767578125,3.7012405395507812,0.32927095890045166,3.6863179206848145,0.07682956010103226,3.7273671627044678
221,0,0,1,0.174543097615242,3.604841470718384,0.22141560912132263,3.69929575920105,0.34212571382522583,3.6646957397460938,0.09237483888864517,3.7423949241638184
222,0,0,1,0.16289909183979034,3.604153633117676,0.18929865956306458,3.698812961578369,0.330775648355484,3.683135509490967,0.07726801186800003,3.7126643657684326
223,0,0,1,0.16610032320022583,3.6025736331939697,0.19900450110435486,3.7004332542419434,0.33145326375961304,3.6819493770599365,0.08127391338348389,3.733447790145874
224,0,0,1,0.1643763929605484,3.6110453605651855,0.19098274409770966,3.7413320541381836,0.32913145422935486,3.689121723175049,0.07553412020206451,3.7364115715026855
225,0,0,1,0.16710428893566132,3.6075406074523926,0.1983567774295807,3.7063374519348145,0.3340640962123871,3.670236349105835,0.07772640138864517,3.703589677810669
226,0,0,1,0.17228356003761292,3.6100265979766846,0.2148188352584839,3.72784423828125,0.33653539419174194,3.6721248626708984,0.08512037247419357,3.7506439685821533
227,0,0,1,0.1700788140296936,3.6043853759765625,0.21448999643325806,3.7257080078125,0.3351103961467743,3.6794731616973877,0.09099967777729034,3.7796759605407715
228,0,3,0,0.14805883169174194,3.5472471714019775,0.16120754182338715,3.5622315406799316,0.3083944320678711,3.581233024597168,0.0707310289144516,3.78839111328125
229,0,0,1,0.16403509676456451,3.6092185974121094,0.18963249027729034,3.7463741302490234,0.32273396849632263,3.6901533603668213,0.07651068270206451,3.766866445541382
230,0,0,1,0.16172073781490326,3.6075236797332764,0.1820591539144516,3.697673797607422,0.3293207883834839,3.682703971862793,0.07236526906490326,3.696502447128296
231,0,0,1,0.17136429250240326,3.6099843978881836,0.2129254937171936,3.7314612865448,0.3332071006298065,3.6715712547302246,0.08633609861135483,3.7289936542510986
232,0,0,1,0.1708386391401291,3.6101114749908447,0.21060366928577423,3.7144951820373535,0.33340638875961304,3.6671648025512695,0.0852399542927742,3.707972764968872
233,0,0,1,0.16274961829185486,3.603590965270996,0.18368342518806458,3.701188087463379,0.3291513919830322,3.6799674034118652,0.07437818497419357,3.744640827178955
234,0,0,1,0.16084133088588715,3.599910259246826,0.17938855290412903,3.7076714038848877,0.32969945669174194,3.6961252689361572,0.0721261128783226,3.7131805419921875
235,0,0,1,0.16002918779850006,3.605990409851074,0.17887535691261292,3.726414203643799,0.3215082883834839,3.6838581562042236,0.07120934128761292,3.737755298614502
236,0,0,1,0.16993184387683868,3.6077816486358643,0.20847615599632263,3.7264232635498047,0.32928091287612915,3.6743130683898926,0.08561862260103226,3.7565176486968994
237,0,0,1,0.1631830930709839,3.599774122238159,0.1938127726316452,3.7016375064849854,0.3320412039756775,3.6933765411376953,0.08041693270206451,3.78438663482666
238,0,0,1,0.16547751426696777,3.6031253337860107,0.1994878053665161,3.6905438899993896,0.33032724261283875,3.670517921447754,0.08256935328245163,3.7069756984710693
239,0,0,1,0.17139418423175812,3.612130880355835,0.21357819437980652,3.7250735759735107,0.3392059803009033,3.6845476627349854,0.08922592550516129,3.765021324157715
240,0,0,1,0.1625104546546936,3.6025171279907227,0.18881537020206451,3.704005718231201,0.32774633169174194,3.681605339050293,0.07792569696903229,3.7445013523101807
241,0,0,1,0.17709662020206451,3.6097371578216553,0.2267717570066452,3.703278064727783,0.3462412357330322,3.6651413440704346,0.09386957436800003,3.7214436531066895
242,0,0,1,0.16604800522327423,3.60573410987854,0.19792330265045166,3.7156882286071777,0.33318716287612915,3.699934244155884,0.08238998800516129,3.7460086345672607
243,0,0,1,0.1731928586959839,3.6188058853149414,0.22697106003761292,3.751459836959839,0.35228994488716125,3.701892375946045,0.09341119229793549,3.8017921447753906
244,0,0,1,0.16665835678577423,3.60046648979187,0.20145587623119354,3.694061756134033,0.33445271849632263,3.677323341369629,0.08238998800516129,3.730769157409668
245,0,0,1,0.1652059704065323,3.602156400680542,0.19221340119838715,3.697314500808716,0.3332071006298065,3.6818289756774902,0.07688935101032257,3.7135822772979736
246,0,0,1,0.16159120202064514,3.6046805381774902,0.18058931827545166,3.7210097312927246,0.3258131444454193,3.6929287910461426,0.07260443270206451,3.7386770248413086
247,0,0,1,0.1685791015625,3.6167078018188477,0.20597994327545166,3.7603347301483154,0.32598254084587097,3.671384572982788,0.08113440871238708,3.727339744567871
248,0,0,1,0.16053491830825806,3.5999534130096436,0.1824178844690323,3.6958374977111816,0.3282146751880646,3.685004711151123,0.07467713207006454,3.7344541549682617
249,0,0,1,0.16171076893806458,3.6056506633758545,0.18699677288532257,3.707361936569214,0.32675978541374207,3.6767101287841797,0.07549425959587097,3.7032735347747803
250,0,0,1,0.1705770641565323,3.601977586746216,0.21371272206306458,3.707364797592163,0.3406110405921936,3.682952404022217,0.08749202638864517,3.7624146938323975
251,0,0,1,0.16933393478393555,3.6070587635040283,0.20654296875,3.733922004699707,0.3251953125,3.6622848510742188,0.08302774280309677,3.7237157821655273
252,0,0,1,0.16737334430217743,3.610746383666992,0.1964734047651291,3.7231760025024414,0.3310646414756775,3.674863815307617,0.07724808156490326,3.6878225803375244
253,0,0,1,0.16673807799816132,3.6088151931762695,0.20067860186100006,3.7277603149414062,0.33088529109954834,3.676645040512085,0.07894212007522583,3.7142136096954346
254,0,0,1,0.16067193448543549,3.601783037185669,0.18069395422935486,3.7088732719421387,0.3274274468421936,3.693316698074341,0.0721261128783226,3.7015750408172607
255,0,0,1,0.16778190433979034,3.601419448852539,0.20356345176696777,3.693411111831665,0.33479154109954834,3.6733040809631348,0.08143335580825806,3.681595802307129
256,0,0,1,0.16128477454185486,3.60650897026062,0.18270686268806458,3.720125436782837,0.32629144191741943,3.6911799907684326,0.07266422361135483,3.704333543777466
257,0,0,1,0.17855897545814514,3.6129472255706787,0.23599429428577423,3.7095746994018555,0.34636080265045166,3.6602797508239746,0.0973772332072258,3.7468276023864746
258,0,0,1,0.16311582922935486,3.6068482398986816,0.18813276290893555,3.7075133323669434,0.32710856199264526,3.6730639934539795,0.07615194469690323,3.710808753967285
259,0,0,1,0.16966776549816132,3.6119284629821777,0.20561622083187103,3.7123920917510986,0.33738240599632263,3.6722981929779053,0.08183194696903229,3.7021431922912598
260,0,0,1,0.16450344026088715,3.610921859741211,0.19062897562980652,3.7435965538024902,0.32285353541374207,3.6755764484405518,0.07565369457006454,3.7326133251190186
261,0,0,1,0.166120246052742,3.6016016006469727,0.19568617641925812,3.699096202850342,0.33583784103393555,3.6842620372772217,0.07904177159070969,3.7284417152404785
262,0,0,1,0.17582857608795166,3.6072628498077393,0.2275739312171936,3.7122714519500732,0.34351083636283875,3.6841495037078857,0.09564333409070969,3.7582828998565674
263,0,0,1,0.16165846586227417,3.604675531387329,0.18635402619838715,3.718785047531128,0.32823461294174194,3.694981575012207,0.07421875,3.720461845397949
264,0,0,1,0.16630709171295166,3.61214542388916,0.1964634507894516,3.759453296661377,0.32105985283851624,3.689779281616211,0.0744977667927742,3.7418406009674072
265,0,0,1,0.160993292927742,3.6004889011383057,0.18040497601032257,3.6788554191589355,0.32842394709587097,3.677286148071289,0.07332190871238708,3.7173144817352295
266,0,0,1,0.16200722754001617,3.6062493324279785,0.18733558058738708,3.708901882171631,0.32956990599632263,3.6956732273101807,0.07655054330825806,3.7419943809509277
267,0,0,1,0.16909727454185486,3.609558582305908,0.20504823327064514,3.7259318828582764,0.3311941921710968,3.6681008338928223,0.08326689898967743,3.743896484375
268,0,0,1,0.16577894985675812,3.6070327758789062,0.19331452250480652,3.7001211643218994,0.3335558772087097,3.670600175857544,0.07694913446903229,3.7052576541900635
269,0,0,1,0.16204211115837097,3.5974786281585693,0.18879543244838715,3.6861605644226074,0.3260423243045807,3.667104721069336,0.07830436527729034,3.7332653999328613
270,0,0,1,0.17130202054977417,3.603632926940918,0.21082788705825806,3.698255777359009,0.3419961631298065,3.6666958332061768,0.08661511540412903,3.7144501209259033
271,0,0,1,0.16242575645446777,3.602248430252075,0.1902303844690323,3.712022066116333,0.3281150162220001,3.6868832111358643,0.07788584381341934,3.743858814239502
272,0,0,1,0.16316565871238708,3.6067850589752197,0.1895677149295807,3.7193472385406494,0.32615193724632263,3.694164276123047,0.07782605290412903,3.743405818939209
273,0,0,1,0.16409488022327423,3.6078884601593018,0.18812280893325806,3.7123446464538574,0.3329380452632904,3.695280075073242,0.07611208409070969,3.743126392364502
274,0,0,1,0.16990941762924194,3.6079351902008057,0.20785833895206451,3.714463710784912,0.3339743912220001,3.6697001457214355,0.08390465378761292,3.7446556091308594
275,0,0,1,0.16536292433738708,3.6100666522979736,0.19300562143325806,3.7436301708221436,0.321986585855484,3.679468870162964,0.07674983888864517,3.740586757659912
276,0,0,1,0.164167121052742,3.6038272380828857,0.19342415034770966,3.7016305923461914,0.33116430044174194,3.6824843883514404,0.07814493030309677,3.7056872844696045
277,0,0,1,0.159406378865242,3.6014034748077393,0.17764468491077423,3.6928255558013916,0.32598254084587097,3.67985200881958,0.07166773080825806,3.6893770694732666
278,0,0,1,0.1657017320394516,3.6057822704315186,0.19293586909770966,3.703173875808716,0.3314233720302582,3.670705556869507,0.07661032676696777,3.696930170059204
279,0,0,1,0.16250547766685486,3.602198362350464,0.190290167927742,3.6891496181488037,0.32983896136283875,3.683685779571533,0.07810506969690323,3.696606159210205
280,0,0,1,0.1636090874671936,3.6032676696777344,0.1855817437171936,3.7064998149871826,0.33066603541374207,3.6803181171417236,0.07320232689380646,3.727742910385132
281,0,0,1,0.16555723547935486,3.604520320892334,0.19630400836467743,3.698698043823242,0.33296793699264526,3.6784281730651855,0.07940050959587097,3.7093372344970703
282,0,0,1,0.1657017320394516,3.6091349124908447,0.1946249157190323,3.7241053581237793,0.33164259791374207,3.68047833442688,0.07605229318141937,3.6928720474243164
283,0,0,1,0.16096091270446777,3.605438709259033,0.1776048243045807,3.7232508659362793,0.3263113796710968,3.6949551105499268,0.06983418017625809,3.7557077407836914
284,0,0,1,0.16368383169174194,3.6043314933776855,0.19214364886283875,3.694455862045288,0.3323999345302582,3.68066668510437,0.07888232916593552,3.7218291759490967
285,0,0,1,0.16542768478393555,3.611213207244873,0.19209381937980652,3.7203142642974854,0.32996851205825806,3.6725757122039795,0.07447783648967743,3.7174203395843506
286,0,0,1,0.17160345613956451,3.607595443725586,0.21540676057338715,3.6967363357543945,0.34176698327064514,3.6755692958831787,0.08888711780309677,3.7313902378082275
287,0,0,1,0.16487213969230652,3.6136655807495117,0.1911023110151291,3.7471776008605957,0.32251474261283875,3.6753900051116943,0.07362085580825806,3.701678514480591
288,0,0,1,0.1665487438440323,3.6134114265441895,0.19987145066261292,3.741443395614624,0.32698899507522583,3.6897361278533936,0.08185187727212906,3.784270763397217
289,0,0,1,0.16581134498119354,3.5989363193511963,0.1981375515460968,3.692911148071289,0.3381696343421936,3.6870579719543457,0.08015784621238708,3.7287418842315674
290,0,0,1,0.16296635568141937,3.609927177429199,0.18109753727912903,3.7335681915283203,0.3245575428009033,3.6758060455322266,0.0701729878783226,3.7151377201080322
291,0,0,1,0.16731604933738708,3.6167774200439453,0.20768395066261292,3.7826693058013916,0.3285634517669678,3.7143332958221436,0.0823102667927742,3.884019374847412
292,0,0,1,0.16236846148967743,3.602614402770996,0.18292610347270966,3.6992428302764893,0.33072584867477417,3.683178186416626,0.07280372828245163,3.721324920654297
293,0,0,1,0.16748046875,3.611917734146118,0.20230786502361298,3.7309131622314453,0.33374521136283875,3.686253547668457,0.07906170189380646,3.710360527038574
294,0,0,1,0.17038026452064514,3.6090331077575684,0.20862065255641937,3.7094409465789795,0.3418666124343872,3.6792490482330322,0.0874720960855484,3.745272159576416
295,0,0,1,0.16099579632282257,3.601748466491699,0.18146125972270966,3.706782102584839,0.32712849974632263,3.6802120208740234,0.07244499027729034,3.709491014480591
296,0,0,1,0.16340231895446777,3.6058149337768555,0.18517817556858063,3.7024970054626465,0.3321009874343872,3.6771087646484375,0.07262436300516129,3.7104830741882324
297,0,0,1,0.16610530018806458,3.6127991676330566,0.1935337632894516,3.749401330947876,0.3251853287220001,3.674593210220337,0.07629144936800003,3.7672414779663086
298,0,0,1,0.1621018946170807,3.6072323322296143,0.185302734375,3.7132370471954346,0.32850366830825806,3.6862525939941406,0.07537467777729034,3.7284505367279053
299,0,0,1,0.1673334836959839,3.6050708293914795,0.20125159621238708,3.709249258041382,0.3319515287876129,3.6782240867614746,0.08103475719690323,3.678799867630005
300,0,0,1,0.16675801575183868,3.6126415729522705,0.2005540430545807,3.719989061355591,0.33633607625961304,3.6860926151275635,0.08288823068141937,3.7477757930755615
301,0,0,1,0.167829230427742,3.6102898120880127,0.19792330265045166,3.745242118835449,0.3301678001880646,3.6797754764556885,0.07692920416593552,3.7308290004730225
302,0,0,1,0.17194972932338715,3.609341859817505,0.21175462007522583,3.7158117294311523,0.3349609375,3.662580966949463,0.08312738686800003,3.7055861949920654
303,0,3,0,0.16432905197143555,3.6123130321502686,0.1890794336795807,3.7664761543273926,0.31895726919174194,3.691795825958252,0.07481664419174194,3.764251470565796
304,0,0,1,0.16585618257522583,3.6081321239471436,0.18911431729793549,3.7328221797943115,0.3300282955169678,3.6785531044006348,0.07391980290412903,3.73685622215271
305,0,0,1,0.16107800602912903,3.6044108867645264,0.18033522367477417,3.6986517906188965,0.3307158648967743,3.6865432262420654,0.07051179558038712,3.6828715801239014
306,0,0,1,0.17232093214988708,3.6102845668792725,0.21385224163532257,3.7243075370788574,0.33178213238716125,3.6597087383270264,0.08452247828245163,3.739448308944702
307,0,0,1,0.16424934566020966,3.6075594425201416,0.18836694955825806,3.72879958152771,0.3254743218421936,3.6860265731811523,0.07382015138864517,3.7257020473480225
308,0,0,1,0.17019839584827423,3.60745906829834,0.2096470445394516,3.721534252166748,0.3324497640132904,3.670973062515259,0.08533960580825806,3.7227931022644043
309,0,0,1,0.16322295367717743,3.608968496322632,0.1899663209915161,3.716132879257202,0.32521525025367737,3.6738569736480713,0.076171875,3.7208268642425537
310,0,0,1,0.16671565175056458,3.6039958000183105,0.20151068270206451,3.7001779079437256,0.33374521136283875,3.6862833499908447,0.08358577638864517,3.7191226482391357
311,0,0,1,0.16499172151088715,3.6061694622039795,0.19188953936100006,3.698024034500122,0.33298787474632263,3.6751556396484375,0.07720822840929031,3.7005679607391357
312,0,0,1,0.17115752398967743,3.6136906147003174,0.21552634239196777,3.740342617034912,0.3381596803665161,3.7028141021728516,0.08892697840929031,3.837068557739258
313,0,0,1,0.16819046437740326,3.6102676391601562,0.1970563530921936,3.7150442600250244,0.3351901173591614,3.678597927093506,0.07904177159070969,3.7314674854278564
314,0,0,1,0.17111018300056458,3.6141514778137207,0.21336893737316132,3.746917724609375,0.32961973547935486,3.6725013256073,0.08922592550516129,3.783113718032837
315,0,0,1,0.16333754360675812,3.6074583530426025,0.18786372244358063,3.7070679664611816,0.3306959569454193,3.678840398788452,0.07669004797935486,3.7266111373901367
316,0,0,1,0.16179797053337097,3.60537052154541,0.18330974876880646,3.7199316024780273,0.32886239886283875,3.697291135787964,0.07389987260103226,3.738403558731079
317,0,0,1,0.16321547329425812,3.6047987937927246,0.1863141655921936,3.7011821269989014,0.33005818724632263,3.6717588901519775,0.07427854090929031,3.716930389404297
318,0,0,1,0.16162358224391937,3.602385997772217,0.18466995656490326,3.7014622688293457,0.32948023080825806,3.68479323387146,0.07469706237316132,3.7238526344299316
319,0,0,1,0.16735340654850006,3.6047158241271973,0.20320472121238708,3.715770959854126,0.33059629797935486,3.6882083415985107,0.0842633917927742,3.7599337100982666
320,0,0,1,0.1656494140625,3.6071617603302,0.19599509239196777,3.701324462890625,0.33289819955825806,3.6820127964019775,0.08115433156490326,3.7325637340545654
321,0,0,1,0.16227379441261292,3.6040713787078857,0.18375816941261292,3.702746629714966,0.329310804605484,3.6952521800994873,0.07451769709587097,3.7320139408111572
322,0,0,1,0.167218878865242,3.605008602142334,0.1977190226316452,3.6941511631011963,0.3346719443798065,3.6672325134277344,0.07878268510103226,3.703010320663452
323,0,0,1,0.1654750257730484,3.605949640274048,0.19270667433738708,3.7216434478759766,0.3271982669830322,3.667245388031006,0.07378029078245163,3.66963791847229
324,0,0,1,0.16817054152488708,3.6011407375335693,0.20731525123119354,3.689802646636963,0.33925580978393555,3.686826229095459,0.08846858888864517,3.7398061752319336
325,0,0,1,0.16168835759162903,3.5996179580688477,0.18603016436100006,3.6974315643310547,0.3290517330169678,3.6844735145568848,0.07551418989896774,3.723937749862671
326,0,0,1,0.16171076893806458,3.610072135925293,0.18286630511283875,3.717508554458618,0.32718828320503235,3.6954071521759033,0.07413902878761292,3.7545700073242188
327,0,0,1,0.16182537376880646,3.6040055751800537,0.1865333914756775,3.7043378353118896,0.32894212007522583,3.6759769916534424,0.07459741830825806,3.704782247543335
328,0,0,1,0.16409987211227417,3.6066858768463135,0.19196926057338715,3.7328505516052246,0.32447782158851624,3.6881027221679688,0.07669004797935486,3.760654926300049
329,0,0,1,0.1754399538040161,3.613152027130127,0.22745934128761292,3.7380619049072266,0.3400430381298065,3.686408281326294,0.09363041818141937,3.786930561065674
330,0,0,1,0.16394291818141937,3.608786106109619,0.18841178715229034,3.72611403465271,0.3292410671710968,3.6877119541168213,0.07517538219690323,3.7396607398986816
331,0,0,1,0.1492571085691452,3.545107126235962,0.16952326893806458,3.54555606842041,0.3149314224720001,3.5884382724761963,0.07364078611135483,3.7201623916625977
332,0,0,1,0.16090859472751617,3.604644775390625,0.18230827152729034,3.700300693511963,0.3280751705169678,3.6840505599975586,0.0735212042927742,3.7085931301116943
333,0,0,1,0.16719895601272583,3.602562665939331,0.20286092162132263,3.696721076965332,0.33325693011283875,3.680112361907959,0.08494100719690323,3.7395589351654053
334,0,0,1,0.17076639831066132,3.613126754760742,0.21581034362316132,3.7535669803619385,0.33347615599632263,3.6956522464752197,0.0876116082072258,3.7695631980895996
335,0,0,1,0.16668576002120972,3.6044628620147705,0.20005081593990326,3.697716236114502,0.33625638484954834,3.689070701599121,0.08248963207006454,3.705725908279419
336,0,0,1,0.16070182621479034,3.603670835494995,0.18144629895687103,3.7075541019439697,0.3268793821334839,3.68560791015625,0.07386001199483871,3.708040952682495
337,0,0,1,0.16172073781490326,3.6059677600860596,0.1864536851644516,3.713216781616211,0.3261818289756775,3.6915955543518066,0.07599250227212906,3.722790479660034
338,0,0,1,0.1617780327796936,3.6089560985565186,0.1837332546710968,3.7055537700653076,0.33101481199264526,3.6854114532470703,0.07274393737316132,3.699726104736328
339,0,0,1,0.16319803893566132,3.610481023788452,0.19051438570022583,3.719904899597168,0.32831433415412903,3.697453498840332,0.07760681957006454,3.7473034858703613
340,0,0,1,0.17294622957706451,3.6066808700561523,0.21787308156490326,3.7130215167999268,0.33646562695503235,3.672560453414917,0.08984375,3.7628660202026367
341,0,0,1,0.17294622957706451,3.6079485416412354,0.21874003112316132,3.730126142501831,0.33597734570503235,3.687685489654541,0.09034199267625809,3.7992498874664307
342,0,0,1,0.16716407239437103,3.6038658618927,0.20010562241077423,3.6995418071746826,0.33486127853393555,3.6801273822784424,0.08187180757522583,3.7385590076446533
343,0,0,1,0.16163355112075806,3.601994514465332,0.18138153851032257,3.6998682022094727,0.33073580265045166,3.6847543716430664,0.07228555530309677,3.7289772033691406
344,0,0,1,0.16454081237316132,3.604757070541382,0.19433094561100006,3.703125476837158,0.3316326439380646,3.679056406021118,0.07995854318141937,3.707876443862915
345,0,0,1,0.16593092679977417,3.6092543601989746,0.19739516079425812,3.711217164993286,0.3342733383178711,3.6908631324768066,0.08149313926696777,3.738811492919922
346,0,0,1,0.16157375276088715,3.6085078716278076,0.17830237746238708,3.709411382675171,0.32453763484954834,3.6612319946289062,0.0697544664144516,3.7014286518096924
347,0,0,1,0.16171327233314514,3.608691692352295,0.18602518737316132,3.7193057537078857,0.32836416363716125,3.6934328079223633,0.0749162957072258,3.7291831970214844
348,0,0,1,0.16571418941020966,3.6039326190948486,0.1985560804605484,3.7002081871032715,0.3339743912220001,3.6857824325561523,0.08223054558038712,3.7251574993133545
349,0,0,1,0.16505151987075806,3.611157178878784,0.19404196739196777,3.7181665897369385,0.33025747537612915,3.686983346939087,0.07870296388864517,3.74778413772583
350,0,0,1,0.16425681114196777,3.605044364929199,0.1875697523355484,3.7096903324127197,0.33289819955825806,3.685185670852661,0.07497607916593552,3.7421584129333496
351,0,0,1,0.1679164320230484,3.611426830291748,0.20170997083187103,3.723273277282715,0.3315529227256775,3.6812033653259277,0.08107461780309677,3.734513282775879
352,1,1,1,0.27821069955825806,3.588702917098999,0.482142835855484,3.6014902591705322,0.471400648355484,3.592313766479492,0.20400190353393555,3.659632682800293
353,1,1,1,0.28692999482154846,3.5973639488220215,0.5262476205825806,3.616720199584961,0.49592432379722595,3.6082544326782227,0.23463408648967743,3.682833671569824
354,1,1,1,0.33935296535491943,3.574479341506958,0.6052744388580322,3.5617752075195312,0.5210359692573547,3.558284044265747,0.26078203320503235,3.616048812866211
355,1,1,1,0.3110102415084839,3.587839126586914,0.5683842897415161,3.5952558517456055,0.5111208558082581,3.593367338180542,0.24593430757522583,3.66766619682312
356,1,1,1,0.3056715428829193,3.5852859020233154,0.5551060438156128,3.5973682403564453,0.5035375356674194,3.585244655609131,0.24513711035251617,3.654796838760376
357,1,1,1,0.33935296535491943,3.574479341506958,0.6052744388580322,3.5617752075195312,0.5210359692573547,3.558284044265747,0.26078203320503235,3.616048812866211
358,1,1,1,0.2262585610151291,3.597960948944092,0.35804468393325806,3.64859938621521,0.413295179605484,3.630693197250366,0.1591796875,3.7234256267547607
359,1,1,1,0.33275121450424194,3.5812201499938965,0.6017268896102905,3.572762966156006,0.5202586650848389,3.5667989253997803,0.2589285671710968,3.64139461517334
360,1,1,1,0.315673828125,3.58309268951416,0.5665557384490967,3.5759387016296387,0.5105428695678711,3.5614240169525146,0.23712530732154846,3.625399112701416
361,1,1,1,0.2746756374835968,3.5966060161590576,0.48621851205825806,3.632887840270996,0.47269609570503235,3.621152639389038,0.22020487487316132,3.712824583053589
362,1,1,1,0.32467713952064514,3.582714319229126,0.5859773755073547,3.572988271713257,0.5164620280265808,3.571293592453003,0.25450414419174194,3.6310884952545166
363,1,1,1,0.21648047864437103,3.5962462425231934,0.32704877853393555,3.661959171295166,0.4067881107330322,3.658174514770508,0.1453683078289032,3.712092161178589
364,1,1,1,0.2489636391401291,3.6016550064086914,0.4379185140132904,3.644165515899658,0.45330435037612915,3.6310617923736572,0.19152583181858063,3.714672327041626
365,1,1,1,0.2646907866001129,3.5975584983825684,0.44559648633003235,3.618865489959717,0.4521484375,3.6063826084136963,0.1907086968421936,3.6746785640716553
366,1,1,1,0.30232083797454834,3.5837714672088623,0.5321717262268066,3.587778091430664,0.4885004758834839,3.5771491527557373,0.2377232164144516,3.649480104446411
367,1,1,1,0.24175402522087097,3.616702079772949,0.41410234570503235,3.673837661743164,0.4416753053665161,3.643796682357788,0.18032525479793549,3.7270114421844482
368,1,1,1,0.26716458797454834,3.6024506092071533,0.48319414258003235,3.651728630065918,0.47968152165412903,3.6347715854644775,0.2151227593421936,3.700667142868042
369,1,0,0,0.1940220445394516,3.623340368270874,0.2999441921710968,3.7267608642578125,0.3927076756954193,3.636453628540039,0.12432238459587097,3.7330875396728516
370,1,1,1,0.29695969820022583,3.5837905406951904,0.5220174789428711,3.591604471206665,0.49186861515045166,3.5873379707336426,0.22534677386283875,3.6541965007781982
371,1,3,0,0.17390036582946777,3.6224052906036377,0.21826669573783875,3.7645809650421143,0.34596219658851624,3.702085256576538,0.0876116082072258,3.8209736347198486
372,1,0,0,0.2083491086959839,3.5705642700195312,0.30932119488716125,3.5868046283721924,0.3907146751880646,3.6113903522491455,0.1286272257566452,3.6784939765930176
373,1,1,1,0.2996850907802582,3.5890636444091797,0.5434121489524841,3.586008310317993,0.49488797783851624,3.5787808895111084,0.22743940353393555,3.642218828201294
374,1,1,1,0.3088628053665161,3.5897886753082275,0.5706164240837097,3.5952413082122803,0.5116888284683228,3.590975522994995,0.2549625337123871,3.6491050720214844
375,1,1,1,0.33043935894966125,3.574007987976074,0.5887625217437744,3.556441307067871,0.5138412714004517,3.5478909015655518,0.24782763421535492,3.6010453701019287
376,1,1,1,0.2668207883834839,3.6038711071014404,0.472676157951355,3.632394552230835,0.4611367881298065,3.609560012817383,0.2033442258834839,3.697932004928589
377,1,0,0,0.17282167077064514,3.6204233169555664,0.2282366007566452,3.7491049766540527,0.3603017330169678,3.7106783390045166,0.09885203838348389,3.8518145084381104
378,1,1,1,0.3588169515132904,3.5713939666748047,0.6525530219078064,3.555333375930786,0.5470244884490967,3.552746057510376,0.28304368257522583,3.6009013652801514
379,1,1,1,0.25897589325904846,3.5922658443450928,0.4426119923591614,3.6267645359039307,0.4545997977256775,3.621065378189087,0.2050183266401291,3.6861085891723633
380,1,1,1,0.24389897286891937,3.5965802669525146,0.39725664258003235,3.6233835220336914,0.43085339665412903,3.6112358570098877,0.1713966727256775,3.680232524871826
381,1,0,0,0.2159349024295807,3.613569736480713,0.3437948226928711,3.6315414905548096,0.41284677386283875,3.621119976043701,0.13873165845870972,3.698462963104248
382,1,1,1,0.29291144013404846,3.5913572311401367,0.5324208736419678,3.603318452835083,0.4960837662220001,3.5868468284606934,0.2307477593421936,3.6593539714813232
383,1,1,1,0.24329859018325806,3.6014928817749023,0.4158213138580322,3.644990921020508,0.44667768478393555,3.6244282722473145,0.18399234116077423,3.6880416870117188
384,1,1,1,0.28832757472991943,3.593068838119507,0.5107272267341614,3.61205792427063,0.4790935814380646,3.60715913772583,0.2258649468421936,3.681196451187134
385,1,1,1,0.2788160741329193,3.59542179107666,0.49345800280570984,3.6188371181488037,0.4741808772087097,3.610759735107422,0.21635840833187103,3.67999267578125
386,1,1,1,0.24556061625480652,3.6155524253845215,0.4574597179889679,3.672522783279419,0.4732342064380646,3.6467888355255127,0.22130101919174194,3.779989242553711
387,1,1,1,0.29267728328704834,3.592877149581909,0.5317133665084839,3.6103525161743164,0.49609375,3.6061384677886963,0.248046875,3.664229393005371
388,1,1,1,0.28238099813461304,3.592756986618042,0.5056800246238708,3.620945453643799,0.48280054330825806,3.613931894302368,0.22793765366077423,3.6755268573760986
389,1,1,1,0.3123779296875,3.582338333129883,0.5571886897087097,3.5848162174224854,0.5006178021430969,3.578944206237793,0.2390385866165161,3.652076005935669
390,1,1,1,0.2516143023967743,3.5972673892974854,0.4108637571334839,3.623875141143799,0.43863600492477417,3.5971193313598633,0.1715959757566452,3.6650407314300537
391,1,1,1,0.2342778444290161,3.609851121902466,0.41635939478874207,3.67004132270813,0.4531150162220001,3.645576238632202,0.1981823891401291,3.713897943496704
392,1,1,1,0.33851590752601624,3.5765695571899414,0.5972825288772583,3.563110589981079,0.5163524150848389,3.555203914642334,0.25324857234954834,3.615093946456909
393,1,0,0,0.20171745121479034,3.6256189346313477,0.31735292077064514,3.6935818195343018,0.39199018478393555,3.646414279937744,0.13129782676696777,3.7355797290802
394,1,1,1,0.28341737389564514,3.585754871368408,0.47486844658851624,3.596801996231079,0.4634287357330322,3.584913730621338,0.20420120656490326,3.678899049758911
395,1,1,1,0.2932203710079193,3.589400291442871,0.5160734057426453,3.593050718307495,0.48035913705825806,3.5735504627227783,0.21934789419174194,3.6580047607421875
396,1,1,1,0.26857709884643555,3.5954511165618896,0.46682676672935486,3.606580972671509,0.46412625908851624,3.595005989074707,0.19672751426696777,3.6691317558288574
397,1,1,1,0.22320431470870972,3.5885307788848877,0.3462262749671936,3.636359691619873,0.4130062162876129,3.624330520629883,0.14487005770206451,3.6773972511291504
398,1,1,1,0.2492775321006775,3.609622001647949,0.4472407102584839,3.661386013031006,0.45328444242477417,3.641949415206909,0.20240752398967743,3.7171130180358887
399,1,1,1,0.28485730290412903,3.5889158248901367,0.5017737746238708,3.6107757091522217,0.4865473508834839,3.603346586227417,0.23644769191741943,3.678438901901245
400,1,1,1,0.2861676812171936,3.5911290645599365,0.4921426475048065,3.596264123916626,0.4683215022087097,3.581590414047241,0.20621411502361298,3.659611463546753
401,1,0,0,0.15998932719230652,3.61749267578125,0.17777423560619354,3.750924825668335,0.3192761540412903,3.699094772338867,0.06823979318141937,3.791179895401001
402,1,1,1,0.2612030506134033,3.5983939170837402,0.42741549015045166,3.622272253036499,0.4395228624343872,3.6056861877441406,0.18034517765045166,3.6808485984802246
403,1,1,1,0.31200921535491943,3.5883283615112305,0.563496470451355,3.5927352905273438,0.508808970451355,3.5896005630493164,0.2504982352256775,3.6642532348632812
404,1,1,1,0.2690853178501129,3.5962986946105957,0.4618542492389679,3.6295201778411865,0.4653818607330322,3.6401867866516113,0.21299026906490326,3.74810528755188
405,1,0,0,0.1992885023355484,3.6220061779022217,0.31787607073783875,3.6854653358459473,0.4067980647087097,3.650172710418701,0.13175621628761292,3.731961965560913
406,1,1,1,0.3487125337123871,3.576606035232544,0.6463298797607422,3.5601561069488525,0.5466358065605164,3.554561138153076,0.2808115482330322,3.6042582988739014
407,1,1,1,0.2964938282966614,3.5889172554016113,0.5457339882850647,3.6037468910217285,0.5057796239852905,3.5975451469421387,0.23565050959587097,3.6671178340911865
408,1,1,1,0.21777592599391937,3.603177785873413,0.35253408551216125,3.703639268875122,0.40490472316741943,3.728053569793701,0.16003666818141937,3.8719801902770996
409,1,1,1,0.3489890396595001,3.5723013877868652,0.6404406428337097,3.5555124282836914,0.5416433811187744,3.5560665130615234,0.2775430381298065,3.599813222885132
410,1,1,1,0.34373006224632263,3.5754334926605225,0.6325982213020325,3.5683140754699707,0.5379862785339355,3.555049180984497,0.27333784103393555,3.6134159564971924
411,1,1,1,0.26338785886764526,3.5998809337615967,0.457295298576355,3.6439785957336426,0.4561842083930969,3.637017011642456,0.20107221603393555,3.736049175262451
412,1,0,0,0.19229312241077423,3.614927291870117,0.2789480984210968,3.71964430809021,0.3750498294830322,3.678215503692627,0.11995774507522583,3.781691312789917
413,1,1,1,0.25197306275367737,3.594113349914551,0.4170619249343872,3.6504671573638916,0.43913424015045166,3.6630208492279053,0.18640385568141937,3.7788944244384766
414,1,1,1,0.26106107234954834,3.5988147258758545,0.45239755511283875,3.628582239151001,0.45816725492477417,3.6016573905944824,0.19981664419174194,3.6816277503967285
415,1,1,1,0.2000383585691452,3.611990451812744,0.29572904109954834,3.699430465698242,0.38340041041374207,3.654996633529663,0.13020168244838715,3.766416549682617
416,1,1,1,0.2361363023519516,3.615337610244751,0.4135144352912903,3.6974117755889893,0.44611963629722595,3.671647787094116,0.19170519709587097,3.7498700618743896
417,1,1,1,0.2774409055709839,3.595364809036255,0.4894770383834839,3.6115939617156982,0.4721081554889679,3.6098105907440186,0.21033960580825806,3.6821110248565674
418,1,1,1,0.2503562271595001,3.619781970977783,0.4798509180545807,3.6848132610321045,0.4850127398967743,3.6678993701934814,0.23064811527729034,3.7318758964538574
419,1,1,1,0.32627150416374207,3.591350555419922,0.6287268400192261,3.5843265056610107,0.5458186864852905,3.565122127532959,0.2771245241165161,3.6116504669189453
420,1,0,0,0.2246791273355484,3.5971083641052246,0.3417819142341614,3.6072568893432617,0.40978753566741943,3.6106314659118652,0.13675861060619354,3.7121829986572266
421,1,1,1,0.29092592000961304,3.6010961532592773,0.5474978089332581,3.622296094894409,0.5053511261940002,3.610297203063965,0.24075254797935486,3.6851820945739746
422,1,1,1,0.3363485336303711,3.566293716430664,0.5834163427352905,3.551847219467163,0.5072544813156128,3.5433757305145264,0.24473851919174194,3.6178338527679443
423,1,1,1,0.3140893876552582,3.5843684673309326,0.5679009556770325,3.590322971343994,0.509675920009613,3.5850000381469727,0.2523118555545807,3.6484992504119873
424,1,1,1,0.3191515803337097,3.581695318222046,0.5752401351928711,3.5734975337982178,0.5085000395774841,3.5620334148406982,0.24461893737316132,3.6251425743103027
425,1,1,1,0.3051683008670807,3.574585437774658,0.5246930718421936,3.5892333984375,0.49605387449264526,3.595439910888672,0.21890942752361298,3.7026584148406982
426,1,0,0,0.20549914240837097,3.615463972091675,0.3224848508834839,3.6770131587982178,0.41061463952064514,3.6510701179504395,0.13653938472270966,3.7050065994262695
427,1,1,1,0.25932466983795166,3.5932464599609375,0.4330556392669678,3.6216115951538086,0.451680064201355,3.6199395656585693,0.190290167927742,3.696376085281372
428,1,1,1,0.23534159362316132,3.6061630249023438,0.40245336294174194,3.6844899654388428,0.438685804605484,3.6660609245300293,0.20121173560619354,3.74237322807312
429,1,0,0,0.20499840378761292,3.598313331604004,0.29676538705825806,3.6613948345184326,0.3874262571334839,3.6608452796936035,0.12735171616077423,3.7522692680358887
430,1,1,1,0.23430773615837097,3.589848279953003,0.3830915093421936,3.635951042175293,0.4321787357330322,3.6164398193359375,0.16577646136283875,3.6955997943878174
431,1,1,1,0.3250831961631775,3.586829662322998,0.6092504262924194,3.583599805831909,0.5353455543518066,3.5643951892852783,0.26628267765045166,3.628171443939209
432,1,1,1,0.3146698474884033,3.584177255630493,0.5599589347839355,3.5772693157196045,0.5019630789756775,3.575050115585327,0.24677136540412903,3.636488437652588
433,1,1,1,0.3051832616329193,3.581496000289917,0.5219277739524841,3.5767853260040283,0.483418345451355,3.5640666484832764,0.21607939898967743,3.649418830871582
434,1,1,1,0.35677415132522583,3.579986333847046,0.6750737428665161,3.5547494888305664,0.5664560794830322,3.5409975051879883,0.28714922070503235,3.593698024749756
435,1,1,1,0.2918601334095001,3.585352659225464,0.49806180596351624,3.595860481262207,0.47783800959587097,3.5896520614624023,0.21496333181858063,3.660949468612671
436,1,1,1,0.2555554509162903,3.601996421813965,0.45156049728393555,3.652101993560791,0.47068318724632263,3.6396028995513916,0.21867027878761292,3.706252336502075
437,1,1,1,0.33935296535491943,3.574479341506958,0.6052744388580322,3.5617752075195312,0.5210359692573547,3.558284044265747,0.26078203320503235,3.616048812866211
438,1,1,1,0.2503512501716614,3.652433395385742,0.4796217083930969,3.638486623764038,0.46110689640045166,3.614245891571045,0.19535236060619354,3.6941440105438232
439,1,0,0,0.20161281526088715,3.621915578842163,0.324462890625,3.700465202331543,0.40230387449264526,3.638660430908203,0.12902583181858063,3.7235093116760254
440,1,1,1,0.2384730726480484,3.5777697563171387,0.36433255672454834,3.5975685119628906,0.41856664419174194,3.614370107650757,0.15340003371238708,3.649603843688965
441,1,1,1,0.2962671220302582,3.5932276248931885,0.5361676812171936,3.6102256774902344,0.497279554605484,3.6041719913482666,0.23620854318141937,3.6664698123931885
442,1,1,1,0.2598453462123871,3.6076948642730713,0.46087270975112915,3.6531639099121094,0.46265146136283875,3.628995418548584,0.20503826439380646,3.7250194549560547
443,1,1,1,0.2541005611419678,3.5981979370117188,0.42285653948783875,3.6300179958343506,0.4398915767669678,3.6163012981414795,0.18189971148967743,3.677659749984741
444,1,1,1,0.3434261381626129,3.5794029235839844,0.6437439918518066,3.562506675720215,0.551289439201355,3.551795721054077,0.2840600907802582,3.5918052196502686
445,1,1,1,0.21898417174816132,3.594207286834717,0.34059610962867737,3.682894706726074,0.39917489886283875,3.659543752670288,0.1522042453289032,3.8136703968048096
446,1,1,1,0.2541229724884033,3.6072328090667725,0.4696468412876129,3.6684489250183105,0.47994059324264526,3.663662910461426,0.22817681729793549,3.725827693939209
447,1,1,1,0.3130131959915161,3.586775541305542,0.5737902522087097,3.5858442783355713,0.5134326815605164,3.587066173553467,0.25199297070503235,3.659285068511963
448,1,1,1,0.3075648546218872,3.5878145694732666,0.5625647902488708,3.583195209503174,0.5079221129417419,3.58113431930542,0.24565528333187103,3.652604341506958
449,1,1,1,0.2534777522087097,3.602773427963257,0.4388253390789032,3.631173849105835,0.4522181749343872,3.6183645725250244,0.19917888939380646,3.683610200881958
450,1,1,1,0.2718256711959839,3.6031453609466553,0.5067263245582581,3.62740159034729,0.4860690236091614,3.6114437580108643,0.22177933156490326,3.665438652038574
451,1,1,1,0.2382986843585968,3.5892322063446045,0.36226481199264526,3.6021344661712646,0.41996172070503235,3.6124002933502197,0.15051020681858063,3.6742584705352783
452,1,1,1,0.30895745754241943,3.5915350914001465,0.5828981995582581,3.6110522747039795,0.5257194638252258,3.593437910079956,0.26664140820503235,3.635847330093384
453,1,1,1,0.31701409816741943,3.590623378753662,0.5920210480690002,3.5916295051574707,0.5247628092765808,3.5795180797576904,0.2667410671710968,3.6173789501190186
454,1,0,0,0.17914441227912903,3.610457420349121,0.2366868555545807,3.7452003955841064,0.35398396849632263,3.694592237472534,0.09538424760103226,3.866694450378418
455,1,1,1,0.26509684324264526,3.595271110534668,0.4773646593093872,3.6248056888580322,0.4715501368045807,3.6157307624816895,0.21767377853393555,3.6716718673706055
456,1,1,1,0.33935296535491943,3.574479341506958,0.6052744388580322,3.5617752075195312,0.5210359692573547,3.558284044265747,0.26078203320503235,3.616048812866211
457,1,1,1,0.3045753836631775,3.588177442550659,0.5538205504417419,3.5895423889160156,0.5026108026504517,3.592033863067627,0.2431640625,3.654782295227051
458,1,1,1,0.29112523794174194,3.5922043323516846,0.5293217897415161,3.6001017093658447,0.495326429605484,3.589313268661499,0.24147002398967743,3.659458637237549
459,1,1,1,0.27606573700904846,3.5922844409942627,0.48510241508483887,3.621145725250244,0.47305482625961304,3.6134562492370605,0.2229352593421936,3.672626495361328
460,1,1,1,0.24922771751880646,3.6222686767578125,0.4662388265132904,3.679084300994873,0.46829161047935486,3.656700849533081,0.22841596603393555,3.7890236377716064
461,1,1,1,0.2689557671546936,3.601504325866699,0.4668467044830322,3.617558479309082,0.45575574040412903,3.606196403503418,0.2044602930545807,3.6956818103790283
462,1,1,1,0.25237661600112915,3.6104278564453125,0.44416651129722595,3.6401071548461914,0.45713087916374207,3.6116535663604736,0.19122688472270966,3.682751417160034
463,1,1,1,0.21689154207706451,3.6145849227905273,0.35173189640045166,3.7014760971069336,0.4170818626880646,3.6736111640930176,0.1537388414144516,3.7721025943756104
464,1,1,1,0.3419986665248871,3.578171730041504,0.6300023794174194,3.5641469955444336,0.5374880433082581,3.5538580417633057,0.27381616830825806,3.6047019958496094
465,1,1,1,0.2639932334423065,3.5956554412841797,0.47987085580825806,3.621781349182129,0.47520726919174194,3.606903314590454,0.2085060477256775,3.6662206649780273
466,1,1,1,0.24057318270206451,3.597320079803467,0.4108438193798065,3.6493852138519287,0.4418148100376129,3.6316168308258057,0.1904296875,3.7125065326690674
467,1,0,0,0.22786790132522583,3.5834391117095947,0.34375,3.623666524887085,0.4077247977256775,3.6291182041168213,0.14176100492477417,3.71980881690979
468,1,1,1,0.21169732511043549,3.5965261459350586,0.31571367383003235,3.642988920211792,0.39804884791374207,3.6345224380493164,0.13380898535251617,3.70047664642334
469,1,1,1,0.3279505968093872,3.5819344520568848,0.6010791659355164,3.56795072555542,0.5229591727256775,3.567530393600464,0.2643694281578064,3.630229949951172
470,1,1,1,0.2589883506298065,3.586937189102173,0.43699178099632263,3.6175177097320557,0.4667470455169678,3.655778408050537,0.18797831237316132,3.72985577583313
471,1,1,1,0.24916045367717743,3.5985701084136963,0.4431401491165161,3.645750045776367,0.45846620202064514,3.631890058517456,0.20695152878761292,3.715620279312134
472,1,1,1,0.30529287457466125,3.581866502761841,0.5341796875,3.588283061981201,0.4904536008834839,3.582571506500244,0.22955197095870972,3.6510679721832275
473,1,0,0,0.14306391775608063,3.5134518146514893,0.1539829820394516,3.4422261714935303,0.3097795844078064,3.541480302810669,0.06917649507522583,3.779602527618408
474,1,1,1,0.25352010130882263,3.601778507232666,0.4359056055545807,3.6380302906036377,0.4484614133834839,3.624122381210327,0.19198420643806458,3.7047648429870605
475,1,1,1,0.2875901758670807,3.593073606491089,0.5243044495582581,3.61352276802063,0.49536630511283875,3.6022207736968994,0.2326411008834839,3.681572914123535
476,1,1,1,0.25893107056617737,3.616758346557617,0.47168466448783875,3.681194543838501,0.47352319955825806,3.6670594215393066,0.22040417790412903,3.8161678314208984
477,1,1,1,0.28859663009643555,3.588639974594116,0.5082908272743225,3.5892016887664795,0.47981104254722595,3.5844860076904297,0.2109375,3.6553287506103516
478,1,0,0,0.14306391775608063,3.5134518146514893,0.1539829820394516,3.4422261714935303,0.3097795844078064,3.541480302810669,0.06917649507522583,3.779602527618408
479,1,1,1,0.23621851205825806,3.601961612701416,0.40091875195503235,3.648385763168335,0.43837690353393555,3.635047197341919,0.18112245202064514,3.699603796005249
480,1,1,1,0.24989038705825806,3.604029655456543,0.4243014454841614,3.645228385925293,0.4492785334587097,3.6266467571258545,0.19011080265045166,3.687912702560425
481,1,1,1,0.2628696858882904,3.590733289718628,0.4400360584259033,3.6196882724761963,0.4530452787876129,3.6247141361236572,0.20804767310619354,3.7179806232452393
482,1,1,1,0.2659139633178711,3.5904815196990967,0.4218301475048065,3.593824863433838,0.44199416041374207,3.5884342193603516,0.171735480427742,3.6383893489837646
483,1,0,0,0.1579340696334839,3.5490410327911377,0.1826620250940323,3.5578954219818115,0.3261220455169678,3.595165967941284,0.0733816921710968,3.743889093399048
484,1,1,1,0.28984224796295166,3.592470645904541,0.5308164954185486,3.6066529750823975,0.49462890625,3.5982232093811035,0.22933274507522583,3.667159080505371
485,1,1,1,0.2572270631790161,3.596127986907959,0.4485112428665161,3.629640817642212,0.46503308415412903,3.616152763366699,0.19955755770206451,3.676720380783081
486,1,1,1,0.2645786702632904,3.5980942249298096,0.454121470451355,3.6212587356567383,0.4615553021430969,3.6024439334869385,0.20555643737316132,3.6941051483154297
487,1,1,1,0.2765166461467743,3.5933005809783936,0.4722925126552582,3.6162610054016113,0.46578043699264526,3.6035256385803223,0.20294561982154846,3.6788766384124756
488,1,1,1,0.2791399359703064,3.5879034996032715,0.48245176672935486,3.6168956756591797,0.47255659103393555,3.6027371883392334,0.2212611585855484,3.6670870780944824
489,1,1,1,0.28566446900367737,3.595911741256714,0.5256895422935486,3.604759931564331,0.4917789399623871,3.590808629989624,0.2229352593421936,3.6458966732025146
490,1,1,1,0.23206312954425812,3.5889835357666016,0.3755131959915161,3.65614914894104,0.4212372303009033,3.6392412185668945,0.1735491007566452,3.741387128829956
491,1,0,0,0.1575055718421936,3.5905985832214355,0.18389767408370972,3.6604080200195312,0.33722296357154846,3.6690404415130615,0.07216597348451614,3.808340311050415
492,1,1,1,0.29412218928337097,3.60296630859375,0.5563566088676453,3.627772808074951,0.5148277878761292,3.6181674003601074,0.251953125,3.687786817550659
493,1,1,1,0.24217255413532257,3.599022626876831,0.38382890820503235,3.6161794662475586,0.42582109570503235,3.6073901653289795,0.15617027878761292,3.649566173553467
494,1,1,1,0.20541693270206451,3.595444917678833,0.29720383882522583,3.6641743183135986,0.39059510827064514,3.6582136154174805,0.13077965378761292,3.756781578063965
495,1,0,0,0.2331019788980484,3.600059747695923,0.3661611080169678,3.6363723278045654,0.41520845890045166,3.6258909702301025,0.1476801633834839,3.711606025695801
496,1,1,1,0.24076998233795166,3.60998272895813,0.4165935814380646,3.6578001976013184,0.44896963238716125,3.6363556385040283,0.19800302386283875,3.708505392074585
497,1,1,1,0.2509939968585968,3.5944952964782715,0.41712671518325806,3.6284475326538086,0.4377889633178711,3.609997034072876,0.1789301633834839,3.698819398880005
498,1,1,1,0.313075453042984,3.5838897228240967,0.5639150142669678,3.5802879333496094,0.5108119249343872,3.5622987747192383,0.24519690871238708,3.6244006156921387
499,1,1,1,0.2722192704677582,3.590742349624634,0.4693528711795807,3.609600782394409,0.46802255511283875,3.607724666595459,0.2069714516401291,3.683197021484375
500,1,3,0,0.1686239391565323,3.621788501739502,0.2050532102584839,3.7666869163513184,0.3331572711467743,3.663984775543213,0.08139349520206451,3.7761998176574707
501,1,0,0,0.1805071085691452,3.6373298168182373,0.2792819142341614,3.801866054534912,0.38883131742477417,3.748513698577881,0.13175621628761292,3.865678310394287
502,1,1,1,0.30477219820022583,3.5888686180114746,0.5577815771102905,3.6068389415740967,0.5075035691261292,3.6006598472595215,0.24418048560619354,3.6672379970550537
503,1,1,1,0.2809884250164032,3.5950474739074707,0.487025648355484,3.6083295345306396,0.47437021136283875,3.605285167694092,0.21125636994838715,3.664716958999634
504,1,1,1,0.28305861353874207,3.585282802581787,0.4681421220302582,3.58505916595459,0.46070829033851624,3.5807971954345703,0.19591039419174194,3.641403913497925
505,1,1,1,0.2960105240345001,3.5958542823791504,0.5618074536323547,3.608804702758789,0.5104332566261292,3.605860710144043,0.2514747977256775,3.6619908809661865
506,1,1,1,0.22749421000480652,3.6134605407714844,0.3926678001880646,3.6972339153289795,0.43446069955825806,3.687676429748535,0.18463009595870972,3.7658679485321045
507,1,1,1,0.2883475124835968,3.584353446960449,0.49312418699264526,3.5942084789276123,0.47354310750961304,3.5858042240142822,0.20966199040412903,3.661882162094116
508,1,1,1,0.32433584332466125,3.5791261196136475,0.580586314201355,3.576592445373535,0.5138213634490967,3.579911947250366,0.26383131742477417,3.643979549407959
509,1,0,0,0.17148885130882263,3.610558271408081,0.2148188352584839,3.705044746398926,0.3510841727256775,3.6853995323181152,0.08330675959587097,3.7626793384552
510,1,1,1,0.33935296535491943,3.574479341506958,0.6052744388580322,3.5617752075195312,0.5210359692573547,3.558284044265747,0.26078203320503235,3.616048812866211
511,1,1,1,0.22203095257282257,3.591214656829834,0.34205594658851624,3.6323487758636475,0.4145607352256775,3.6209797859191895,0.1470424085855484,3.6936838626861572
512,1,1,1,0.3287702202796936,3.5778844356536865,0.5897639989852905,3.5703060626983643,0.5146583914756775,3.566615581512451,0.2592275142669678,3.631659984588623
513,1,1,1,0.2898746430873871,3.5856924057006836,0.4988739490509033,3.6011924743652344,0.47687140107154846,3.6054749488830566,0.23066803812980652,3.6886987686157227
514,1,1,1,0.24786002933979034,3.6011478900909424,0.4257662892341614,3.6457936763763428,0.44507333636283875,3.628918170928955,0.19463488459587097,3.716362953186035
515,1,1,1,0.29003408551216125,3.594251871109009,0.5235819816589355,3.617823600769043,0.48892897367477417,3.61065936088562,0.23499281704425812,3.684929132461548
516,1,1,1,0.33935296535491943,3.574479341506958,0.6052744388580322,3.5617752075195312,0.5210359692573547,3.558284044265747,0.26078203320503235,3.616048812866211
517,1,1,1,0.2906593680381775,3.5961191654205322,0.5484743714332581,3.60752534866333,0.5061383843421936,3.595329999923706,0.2370854616165161,3.654001235961914
518,1,1,1,0.30251017212867737,3.5895907878875732,0.5479910373687744,3.594095468521118,0.5031189918518066,3.576422691345215,0.2444993555545807,3.6447668075561523
519,1,1,1,0.2862723171710968,3.5862224102020264,0.47977617383003235,3.5936360359191895,0.4644152522087097,3.5827057361602783,0.2034837305545807,3.667482852935791
520,1,1,1,0.2732730805873871,3.580359935760498,0.42864614725112915,3.580151319503784,0.44306042790412903,3.5765597820281982,0.17514349520206451,3.6474738121032715
521,1,1,1,0.31609731912612915,3.583004951477051,0.5818219780921936,3.5789217948913574,0.5135024785995483,3.5655431747436523,0.25374680757522583,3.6258246898651123
522,1,1,1,0.2921665608882904,3.5846450328826904,0.5052165985107422,3.5857748985290527,0.4750876724720001,3.58392071723938,0.21293048560619354,3.6553726196289062
523,1,0,0,0.20542190968990326,3.6229352951049805,0.3220314383506775,3.686692476272583,0.4058912396430969,3.630192518234253,0.12972337007522583,3.6968812942504883
524,1,1,1,0.25409308075904846,3.5869994163513184,0.4327915608882904,3.6034905910491943,0.4574398100376129,3.600435733795166,0.180524542927742,3.647825241088867
525,1,1,1,0.2694789171218872,3.603572130203247,0.48334363102912903,3.6385180950164795,0.4760642349720001,3.631075382232666,0.21025988459587097,3.708625555038452
526,1,1,1,0.27793166041374207,3.591606616973877,0.4751923084259033,3.6173131465911865,0.45866549015045166,3.6118667125701904,0.21926817297935486,3.6940555572509766
527,1,1,1,0.2131870836019516,3.5967631340026855,0.31416910886764526,3.648259401321411,0.3960857689380646,3.6352016925811768,0.13187579810619354,3.7157320976257324
528,1,1,1,0.24076500535011292,3.603466272354126,0.41225385665893555,3.6601080894470215,0.4398019015789032,3.6383368968963623,0.19144611060619354,3.738288640975952
529,1,1,1,0.2775181233882904,3.6008098125457764,0.5024363994598389,3.6371614933013916,0.4785754084587097,3.621767282485962,0.2267020046710968,3.6955604553222656
530,1,1,1,0.26015177369117737,3.608846426010132,0.4676588177680969,3.6530721187591553,0.47040417790412903,3.6306402683258057,0.20565608143806458,3.7133443355560303
531,1,1,1,0.29047003388404846,3.599020481109619,0.5521813035011292,3.6113240718841553,0.5130042433738708,3.596763849258423,0.24031409621238708,3.6632940769195557
532,1,1,1,0.3123081624507904,3.591083526611328,0.5787527561187744,3.5963945388793945,0.5173389315605164,3.580148696899414,0.2505381107330322,3.644896984100342
533,1,1,1,0.22080525755882263,3.611431360244751,0.3640584945678711,3.695106029510498,0.41582629084587097,3.654820442199707,0.16177056729793549,3.7586545944213867
534,1,1,1,0.26255080103874207,3.5998387336730957,0.45542189478874207,3.6299984455108643,0.4566027522087097,3.6021475791931152,0.19702646136283875,3.6768157482147217
535,1,0,0,0.21404655277729034,3.5897696018218994,0.31186720728874207,3.631140947341919,0.3994837999343872,3.6245853900909424,0.13129782676696777,3.691864013671875
536,1,1,1,0.22245445847511292,3.582014560699463,0.337855726480484,3.6133108139038086,0.40748563408851624,3.615694999694824,0.1366589516401291,3.6819307804107666
537,1,1,1,0.25852498412132263,3.5949177742004395,0.425502210855484,3.606334924697876,0.43521803617477417,3.575592517852783,0.1735491007566452,3.6534221172332764
538,1,1,1,0.25057047605514526,3.595390796661377,0.39845243096351624,3.645033836364746,0.42213407158851624,3.638307809829712,0.17049983143806458,3.7556984424591064
539,1,1,1,0.2858961522579193,3.588632106781006,0.5054308772087097,3.6060211658477783,0.48099687695503235,3.5944395065307617,0.22086255252361298,3.656740665435791
540,1,1,1,0.2117571085691452,3.6144750118255615,0.3383639454841614,3.7020511627197266,0.41577646136283875,3.6652047634124756,0.15794403851032257,3.756340742111206
541,1,1,1,0.26094895601272583,3.600599527359009,0.45317980647087097,3.6237149238586426,0.4608776867389679,3.6110918521881104,0.19708625972270966,3.6782283782958984
542,1,1,1,0.21959203481674194,3.5886483192443848,0.3409249484539032,3.6422505378723145,0.4026227593421936,3.635852813720703,0.15483497083187103,3.7219719886779785
543,1,1,1,0.2877820134162903,3.586956262588501,0.5033930540084839,3.5975868701934814,0.4742605984210968,3.5735507011413574,0.21404655277729034,3.653538227081299
544,1,1,1,0.33425840735435486,3.5861120223999023,0.631521999835968,3.5801544189453125,0.5575474500656128,3.5554680824279785,0.28629225492477417,3.592203378677368
545,1,1,1,0.29147401452064514,3.6064529418945312,0.5598543286323547,3.619320869445801,0.5200095772743225,3.591963052749634,0.24898357689380646,3.658128499984741
546,1,1,1,0.20992107689380646,3.598001480102539,0.30831971764564514,3.6581504344940186,0.39637476205825806,3.642054557800293,0.1320551633834839,3.721400499343872
547,1,1,1,0.2984967827796936,3.5940628051757812,0.5593610405921936,3.601642608642578,0.5105130076408386,3.5980167388916016,0.24677136540412903,3.6520755290985107
548,1,1,1,0.3310895562171936,3.5752811431884766,0.6002172231674194,3.565537214279175,0.5202387571334839,3.5626449584960938,0.2581512928009033,3.6180036067962646
549,1,1,1,0.26651933789253235,3.5951225757598877,0.44660791754722595,3.6203088760375977,0.451171875,3.6070103645324707,0.18855628371238708,3.6885106563568115
550,1,1,1,0.3301752805709839,3.5875051021575928,0.6249601244926453,3.586237907409668,0.5390923619270325,3.576258420944214,0.2776227593421936,3.6258435249328613
551,1,0,0,0.1752331703901291,3.6071937084198,0.21464942395687103,3.704765558242798,0.3467594087123871,3.670440912246704,0.08476163446903229,3.7606396675109863
552,1,1,1,0.22707319259643555,3.596013069152832,0.3659070134162903,3.662726879119873,0.4160255789756775,3.637524366378784,0.1667131632566452,3.719187021255493
553,1,1,1,0.28011149168014526,3.5937085151672363,0.4989536702632904,3.6117312908172607,0.47375237941741943,3.5998694896698,0.21584023535251617,3.664912223815918
554,1,1,1,0.33935296535491943,3.574479341506958,0.6052744388580322,3.5617752075195312,0.5210359692573547,3.558284044265747,0.26078203320503235,3.616048812866211
555,1,1,1,0.2567861080169678,3.601391315460205,0.45461973547935486,3.6289947032928467,0.461933970451355,3.6098456382751465,0.19457508623600006,3.674997329711914
556,1,1,1,0.20936304330825806,3.5929794311523438,0.3055145740509033,3.648928642272949,0.39260801672935486,3.645371675491333,0.13287228345870972,3.7267136573791504
557,1,1,1,0.2165004163980484,3.6025545597076416,0.3368991017341614,3.6547021865844727,0.4123385548591614,3.6387782096862793,0.15324059128761292,3.6991806030273438
558,1,1,1,0.23603415489196777,3.6179680824279785,0.4245954155921936,3.7226407527923584,0.45279616117477417,3.703932762145996,0.2099609375,3.8055055141448975
559,1,1,1,0.29876086115837097,3.5967063903808594,0.5630978941917419,3.5915887355804443,0.5128248333930969,3.575015068054199,0.24258609116077423,3.636378526687622
560,1,1,1,0.23882931470870972,3.614647150039673,0.4210478961467743,3.7022104263305664,0.44658800959587097,3.700084686279297,0.20685186982154846,3.8080739974975586
561,1,1,1,0.31477200984954834,3.587390899658203,0.5884436368942261,3.593244791030884,0.5219526886940002,3.5771970748901367,0.2605229616165161,3.646113872528076
562,1,1,1,0.21477897465229034,3.622277021408081,0.37392377853393555,3.747814655303955,0.421595960855484,3.726529359817505,0.18586574494838715,3.8458073139190674
563,1,1,1,0.3293905258178711,3.5845484733581543,0.6089564561843872,3.5792996883392334,0.5278618931770325,3.5777957439422607,0.27052775025367737,3.6386473178863525
564,1,1,1,0.3031528890132904,3.587149143218994,0.5395457744598389,3.5924055576324463,0.49145007133483887,3.594144105911255,0.2354910671710968,3.656059503555298
565,1,1,1,0.26365941762924194,3.5947558879852295,0.4530103802680969,3.622331380844116,0.45816725492477417,3.602614402770996,0.20587530732154846,3.6770570278167725
566,1,0,0,0.21440279483795166,3.591566562652588,0.32149332761764526,3.642092227935791,0.40418726205825806,3.6323068141937256,0.14158162474632263,3.703688144683838
567,1,1,1,0.24418048560619354,3.6078498363494873,0.4175502061843872,3.6590378284454346,0.44087809324264526,3.626788377761841,0.18620455265045166,3.7259981632232666
568,1,1,1,0.28324297070503235,3.595975160598755,0.5026755928993225,3.6072118282318115,0.4824816584587097,3.5869717597961426,0.22355309128761292,3.660782814025879
569,1,1,1,0.3075050711631775,3.586543560028076,0.5578064918518066,3.593252658843994,0.5039660334587097,3.5849251747131348,0.24360251426696777,3.64681339263916
570,1,1,1,0.3646489381790161,3.5708565711975098,0.6632105112075806,3.550481081008911,0.5580357313156128,3.540750026702881,0.2852957546710968,3.5831644535064697
571,1,1,1,0.2321428507566452,3.602989673614502,0.3958216905593872,3.6545069217681885,0.4338129758834839,3.635618209838867,0.17839205265045166,3.7050609588623047
572,1,1,1,0.2274693101644516,3.5825119018554688,0.3539341390132904,3.625739097595215,0.42247289419174194,3.6281251907348633,0.15174585580825806,3.6880745887756348
573,1,1,1,0.26418009400367737,3.5947437286376953,0.4511618912220001,3.6407289505004883,0.4495077133178711,3.631448268890381,0.2045200914144516,3.7177937030792236
574,1,1,1,0.27413004636764526,3.5922317504882812,0.4729900658130646,3.6135191917419434,0.4655313193798065,3.6139307022094727,0.21077805757522583,3.693267822265625
575,1,1,1,0.2770223617553711,3.5779638290405273,0.45173487067222595,3.5968897342681885,0.4495675265789032,3.6026599407196045,0.18927375972270966,3.6846373081207275
576,1,1,1,0.3415552079677582,3.569002866744995,0.6098533272743225,3.553962469100952,0.5226801633834839,3.5471668243408203,0.26413026452064514,3.608164072036743
577,1,1,1,0.2847302556037903,3.597831964492798,0.5060586333274841,3.6025519371032715,0.4804787039756775,3.5894808769226074,0.21396683156490326,3.653316020965576
578,1,0,0,0.1915905922651291,3.631498098373413,0.30014845728874207,3.719792127609253,0.39451131224632263,3.65266489982605,0.12326610088348389,3.7393693923950195
579,1,1,1,0.2584726810455322,3.5954430103302,0.44170519709587097,3.632270097732544,0.4579978287220001,3.6148037910461426,0.19417649507522583,3.6832597255706787
580,1,1,1,0.3162044584751129,3.586092710494995,0.5800033807754517,3.5791046619415283,0.5112205147743225,3.5580873489379883,0.24605388939380646,3.6195528507232666
581,1,1,1,0.246320441365242,3.5938103199005127,0.4124681055545807,3.6289620399475098,0.4443259537220001,3.6170804500579834,0.17972736060619354,3.6785318851470947
582,1,1,1,0.24413065612316132,3.602524518966675,0.4184121787548065,3.6593472957611084,0.44151586294174194,3.639831066131592,0.19696667790412903,3.719214916229248
583,1,1,1,0.28478506207466125,3.5925731658935547,0.4998604953289032,3.6075117588043213,0.47764867544174194,3.6069722175598145,0.2158203125,3.6795642375946045
584,1,1,1,0.24687349796295166,3.5964155197143555,0.39019152522087097,3.617036819458008,0.42429646849632263,3.6004369258880615,0.15886080265045166,3.6711831092834473
585,1,0,0,0.1658935546875,3.613326072692871,0.20144590735435486,3.741856575012207,0.3410494923591614,3.697384834289551,0.08400430530309677,3.7831554412841797
586,1,0,0,0.20254454016685486,3.60623836517334,0.2990622818470001,3.6610631942749023,0.3957369923591614,3.6410746574401855,0.13026148080825806,3.7181763648986816
587,1,1,1,0.33935296535491943,3.574479341506958,0.6052744388580322,3.5617752075195312,0.5210359692573547,3.558284044265747,0.26078203320503235,3.616048812866211
588,1,1,1,0.2502690553665161,3.6014931201934814,0.4343510866165161,3.6455676555633545,0.4461595118045807,3.6306254863739014,0.20037467777729034,3.703700065612793
589,1,1,1,0.23500029742717743,3.6071598529815674,0.41026586294174194,3.6769206523895264,0.44415655732154846,3.65022873878479,0.19563136994838715,3.7377750873565674
590,1,3,0,0.20099499821662903,3.624880790710449,0.3112643361091614,3.7037553787231445,0.38445669412612915,3.6375677585601807,0.12561781704425812,3.7840709686279297
591,1,1,1,0.2538364827632904,3.6039042472839355,0.44170519709587097,3.6446330547332764,0.448750376701355,3.6299824714660645,0.19927853345870972,3.7159717082977295
592,1,1,1,0.23866240680217743,3.5999414920806885,0.40765005350112915,3.6434848308563232,0.4423927664756775,3.6196417808532715,0.18558673560619354,3.7003865242004395
593,1,1,1,0.2384730726480484,3.5777697563171387,0.36433255672454834,3.5975685119628906,0.41856664419174194,3.614370107650757,0.15340003371238708,3.649603843688965
594,1,1,1,0.23823890089988708,3.590425729751587,0.36399373412132263,3.600041151046753,0.4196627736091614,3.6175618171691895,0.1498325914144516,3.6739823818206787
595,1,1,1,0.22354063391685486,3.6222710609436035,0.39587152004241943,3.744314193725586,0.43636399507522583,3.749098062515259,0.20705117285251617,3.8789103031158447
596,1,1,1,0.3074353337287903,3.583184003829956,0.5607461333274841,3.5972864627838135,0.5049924254417419,3.575172185897827,0.24041374027729034,3.6358284950256348
597,1,0,0,0.23049615323543549,3.6028878688812256,0.3536899983882904,3.626072406768799,0.4101462662220001,3.6050682067871094,0.1414620578289032,3.6677937507629395
598,1,1,1,0.31226083636283875,3.5882530212402344,0.5728037357330322,3.589871644973755,0.5076929330825806,3.5879523754119873,0.25065767765045166,3.6491215229034424
599,1,1,1,0.23620106279850006,3.6055920124053955,0.4128866195678711,3.664623260498047,0.4497767686843872,3.6268832683563232,0.19473452866077423,3.6893868446350098
600,1,1,1,0.3104248046875,3.5790605545043945,0.5416733026504517,3.579739809036255,0.4933633506298065,3.576550245285034,0.2385004758834839,3.644940137863159
601,1,1,1,0.22410614788532257,3.5925655364990234,0.3529227077960968,3.6589019298553467,0.40553250908851624,3.637876033782959,0.15539301931858063,3.7324612140655518
602,1,1,1,0.2743542790412903,3.5967419147491455,0.49755859375,3.6299993991851807,0.48042887449264526,3.621152400970459,0.22610411047935486,3.6994271278381348
603,1,1,1,0.32351621985435486,3.5807857513427734,0.5891411900520325,3.577057361602783,0.5164022445678711,3.56549334526062,0.25472337007522583,3.629762887954712
604,1,1,1,0.22211316227912903,3.597355365753174,0.35177674889564514,3.6587822437286377,0.41422194242477417,3.633347749710083,0.15738600492477417,3.7040648460388184
605,1,1,1,0.33935296535491943,3.574479341506958,0.6052744388580322,3.5617752075195312,0.5210359692573547,3.558284044265747,0.26078203320503235,3.616048812866211
606,1,1,1,0.3478032350540161,3.576817035675049,0.6444365978240967,3.5642216205596924,0.5508809089660645,3.5623350143432617,0.2820272445678711,3.6049749851226807
607,1,1,1,0.1971883922815323,3.61564302444458,0.2973034977912903,3.716524124145508,0.39339524507522583,3.6762499809265137,0.14281727373600006,3.7770025730133057
608,1,1,1,0.3207858204841614,3.5880744457244873,0.594014048576355,3.591531753540039,0.5278719067573547,3.5698752403259277,0.26594388484954834,3.622901678085327
609,1,1,1,0.2589883506298065,3.586937189102173,0.43699178099632263,3.6175177097320557,0.4667470455169678,3.655778408050537,0.18797831237316132,3.72985577583313
610,1,1,1,0.34427565336227417,3.574253797531128,0.6344268321990967,3.55828857421875,0.5423508882522583,3.5533201694488525,0.27668607234954834,3.5989339351654053
611,1,1,1,0.242658331990242,3.5998356342315674,0.3979342579841614,3.635969877243042,0.43419164419174194,3.622831106185913,0.16749043762683868,3.697287082672119
612,1,1,1,0.2432263344526291,3.605471611022949,0.4176797568798065,3.656877040863037,0.4467872977256775,3.6226024627685547,0.18789859116077423,3.699618101119995
613,1,1,1,0.3195875585079193,3.5874576568603516,0.5949956178665161,3.5928001403808594,0.5264369249343872,3.583486318588257,0.2699298560619354,3.640505075454712
614,1,1,1,0.33935296535491943,3.574479341506958,0.6052744388580322,3.5617752075195312,0.5210359692573547,3.558284044265747,0.26078203320503235,3.616048812866211
615,1,1,1,0.2657122015953064,3.6039810180664062,0.49601900577545166,3.647444009780884,0.48575013875961304,3.633610963821411,0.22889429330825806,3.7059643268585205
616,1,1,1,0.2707967758178711,3.590616464614868,0.455322265625,3.6139628887176514,0.45519769191741943,3.594373941421509,0.20001594722270966,3.6832404136657715
617,1,1,1,0.27713698148727417,3.5908401012420654,0.4662986099720001,3.6132731437683105,0.4603097140789032,3.6023857593536377,0.2032645046710968,3.6926169395446777
618,1,1,1,0.287353515625,3.5857419967651367,0.48779794573783875,3.6071927547454834,0.47054368257522583,3.60667085647583,0.21301020681858063,3.674494743347168
619,1,1,1,0.32869797945022583,3.579057455062866,0.5810546875,3.5713257789611816,0.5123565196990967,3.567410945892334,0.24740912020206451,3.6438698768615723
620,1,0,0,0.2031598687171936,3.592029333114624,0.2978615164756775,3.652303457260132,0.39400309324264526,3.643946409225464,0.1257772594690323,3.7021074295043945
621,1,1,1,0.24788245558738708,3.6026713848114014,0.42325514554977417,3.652803421020508,0.45586535334587097,3.6417250633239746,0.19302056729793549,3.71233868598938
622,1,1,1,0.23759615421295166,3.6088201999664307,0.41501912474632263,3.655517578125,0.4537627398967743,3.63942813873291,0.1881975382566452,3.7066609859466553
623,1,1,1,0.3428955078125,3.5794057846069336,0.6306301951408386,3.567875385284424,0.5358238816261292,3.559539556503296,0.27186304330825806,3.612565040588379
624,1,1,1,0.28219667077064514,3.5851194858551025,0.4740413725376129,3.585188388824463,0.46028977632522583,3.5743327140808105,0.19660793244838715,3.661327838897705
625,1,1,1,0.30177274346351624,3.5842621326446533,0.5414590239524841,3.6001951694488525,0.4976881146430969,3.5885391235351562,0.23429527878761292,3.6516671180725098
626,1,1,1,0.22551867365837097,3.6151227951049805,0.38830316066741943,3.717850923538208,0.43091318011283875,3.7174108028411865,0.19074855744838715,3.839515209197998
627,1,0,0,0.21579290926456451,3.591507911682129,0.32242006063461304,3.6346371173858643,0.3963448703289032,3.623070240020752,0.1301020383834839,3.713235378265381
628,1,1,1,0.22214056551456451,3.5949602127075195,0.3589116334915161,3.6756715774536133,0.40950852632522583,3.6558949947357178,0.1628069132566452,3.742563247680664
629,1,1,1,0.24546845257282257,3.605106830596924,0.41974249482154846,3.6614596843719482,0.43634405732154846,3.6472320556640625,0.18767936527729034,3.727301597595215
630,1,1,1,0.30096060037612915,3.5976343154907227,0.5660674571990967,3.6130337715148926,0.5163325071334839,3.6001737117767334,0.2507174611091614,3.670985698699951
631,1,1,1,0.25651705265045166,3.6018471717834473,0.4390943646430969,3.636744260787964,0.45239755511283875,3.6095728874206543,0.19555164873600006,3.715858221054077
632,1,1,1,0.23710289597511292,3.6104018688201904,0.39705735445022583,3.6680805683135986,0.4338628053665161,3.6291141510009766,0.171735480427742,3.7058141231536865
633,1,1,1,0.2902582883834839,3.596745491027832,0.549072265625,3.621718406677246,0.5074836611747742,3.608459234237671,0.24443957209587097,3.6706888675689697
634,1,1,1,0.3038778305053711,3.587953567504883,0.5575872659683228,3.6054954528808594,0.5071249008178711,3.5886895656585693,0.2523716390132904,3.6560845375061035
635,1,1,1,0.2154291868209839,3.61525297164917,0.3623296022415161,3.709519863128662,0.4173509180545807,3.678549289703369,0.16707190871238708,3.8139090538024902
636,1,1,1,0.31207647919654846,3.5827014446258545,0.5552305579185486,3.582481622695923,0.4991629421710968,3.5781161785125732,0.24131058156490326,3.6427154541015625
637,1,1,1,0.248291015625,3.603987216949463,0.4391641318798065,3.6731410026550293,0.46160513162612915,3.678194522857666,0.21424585580825806,3.710418701171875
638,1,1,1,0.2373918741941452,3.6037087440490723,0.413818359375,3.650665283203125,0.44612962007522583,3.644538640975952,0.19108736515045166,3.714956283569336
639,1,1,1,0.22849568724632263,3.588366746902466,0.3612484037876129,3.6293859481811523,0.42056959867477417,3.620684862136841,0.15732620656490326,3.677729845046997
640,1,1,1,0.2790203392505646,3.591235876083374,0.4921177327632904,3.6340184211730957,0.48046875,3.636323928833008,0.22564572095870972,3.723458766937256
641,1,0,0,0.1871861070394516,3.628031015396118,0.2877022922039032,3.7571306228637695,0.3910534977912903,3.7271616458892822,0.12721221148967743,3.796647310256958
642,1,1,1,0.33935296535491943,3.574479341506958,0.6052744388580322,3.5617752075195312,0.5210359692573547,3.558284044265747,0.26078203320503235,3.616048812866211
643,1,1,1,0.2743866443634033,3.589789390563965,0.4860740005970001,3.6231331825256348,0.4771404564380646,3.6143436431884766,0.22114157676696777,3.6765501499176025
644,1,1,1,0.25824347138404846,3.597360610961914,0.43017080426216125,3.62638258934021,0.44290098547935486,3.598073959350586,0.18132174015045166,3.678170919418335
645,1,1,1,0.24388651549816132,3.603975534439087,0.40253308415412903,3.619445562362671,0.4310028553009033,3.5918338298797607,0.1648198366165161,3.6484885215759277
646,1,1,1,0.26133009791374207,3.603565216064453,0.47376734018325806,3.654484748840332,0.474330335855484,3.6499369144439697,0.22235730290412903,3.7024290561676025
647,1,0,0,0.14306391775608063,3.5134518146514893,0.1539829820394516,3.4422261714935303,0.3097795844078064,3.541480302810669,0.06917649507522583,3.779602527618408
648,1,1,1,0.2636643946170807,3.595632791519165,0.46376752853393555,3.6341211795806885,0.46620893478393555,3.6335151195526123,0.21426577866077423,3.6884942054748535
649,1,0,0,0.21930304169654846,3.5909461975097656,0.3299984037876129,3.6185529232025146,0.40809351205825806,3.609283924102783,0.13352997601032257,3.672537326812744
650,1,1,1,0.2827870845794678,3.6003012657165527,0.5220673084259033,3.655261993408203,0.5017837285995483,3.671154737472534,0.25779256224632263,3.7533822059631348
651,1,1,1,0.2679542899131775,3.5949013233184814,0.439961314201355,3.6193292140960693,0.4444654583930969,3.610138416290283,0.1887555718421936,3.6982367038726807
652,1,1,1,0.33935296535491943,3.574479341506958,0.6052744388580322,3.5617752075195312,0.5210359692573547,3.558284044265747,0.26078203320503235,3.616048812866211
653,1,1,1,0.2857591211795807,3.5870747566223145,0.5001843571662903,3.6080048084259033,0.48058831691741943,3.6070125102996826,0.23662707209587097,3.693169355392456
654,1,0,0,0.14628756046295166,3.5319221019744873,0.16118262708187103,3.5052242279052734,0.3109554350376129,3.5617690086364746,0.07047193497419357,3.8026018142700195
655,1,1,1,0.22571049630641937,3.618286609649658,0.4030512571334839,3.7102503776550293,0.4445551633834839,3.6854209899902344,0.205078125,3.755976676940918
656,1,1,1,0.28970521688461304,3.5914008617401123,0.5151217579841614,3.592966318130493,0.4812360405921936,3.5811400413513184,0.22124122083187103,3.64444637298584
657,1,1,1,0.33935296535491943,3.574479341506958,0.6052744388580322,3.5617752075195312,0.5210359692573547,3.558284044265747,0.26078203320503235,3.616048812866211
658,1,1,1,0.31784120202064514,3.5858259201049805,0.574238657951355,3.5759291648864746,0.5076729655265808,3.565873622894287,0.24340321123600006,3.635634183883667
659,1,0,0,0.17938855290412903,3.6251943111419678,0.2500498294830322,3.7449886798858643,0.36561304330825806,3.7163259983062744,0.11116868257522583,3.8494083881378174
660,1,1,1,0.2510014772415161,3.597048282623291,0.4388004243373871,3.6361148357391357,0.4571109712123871,3.6276159286499023,0.20003587007522583,3.7091760635375977
661,1,1,1,0.29787397384643555,3.5871589183807373,0.5366509556770325,3.5785179138183594,0.4927355647087097,3.577709436416626,0.2228754758834839,3.632120132446289
662,1,1,1,0.33935296535491943,3.574479341506958,0.6052744388580322,3.5617752075195312,0.5210359692573547,3.558284044265747,0.26078203320503235,3.616048812866211
663,1,1,1,0.21585766971111298,3.6079840660095215,0.332240492105484,3.6773641109466553,0.4077646732330322,3.6335532665252686,0.1420200914144516,3.7159698009490967
664,1,1,1,0.33935296535491943,3.574479341506958,0.6052744388580322,3.5617752075195312,0.5210359692573547,3.558284044265747,0.26078203320503235,3.616048812866211
665,1,1,1,0.29318299889564514,3.5879034996032715,0.5257045030593872,3.596961498260498,0.4891282618045807,3.5883874893188477,0.2216796875,3.6547694206237793
666,1,1,1,0.25665655732154846,3.5972976684570312,0.4489845633506775,3.6351025104522705,0.46292051672935486,3.6191368103027344,0.208984375,3.6916842460632324
667,1,1,1,0.3150709569454193,3.5985355377197266,0.6058822870254517,3.6000428199768066,0.5345383882522583,3.5755937099456787,0.26923230290412903,3.625657081604004
668,1,1,1,0.34984853863716125,3.5775821208953857,0.6499969959259033,3.5617713928222656,0.5509805083274841,3.5563011169433594,0.28350207209587097,3.599156379699707
669,1,1,1,0.33935296535491943,3.574479341506958,0.6052744388580322,3.5617752075195312,0.5210359692573547,3.558284044265747,0.26078203320503235,3.616048812866211
670,1,1,1,0.33935296535491943,3.574479341506958,0.6052744388580322,3.5617752075195312,0.5210359692573547,3.558284044265747,0.26078203320503235,3.616048812866211
671,1,1,1,0.3171411454677582,3.5831127166748047,0.5780502557754517,3.588284492492676,0.5171794891357422,3.583275556564331,0.25275030732154846,3.651237964630127
672,1,1,1,0.23147769272327423,3.6047117710113525,0.37055066227912903,3.6389453411102295,0.4157565236091614,3.6062510013580322,0.15043048560619354,3.67779541015625
673,1,1,1,0.2529994249343872,3.5985565185546875,0.41433653235435486,3.643538236618042,0.4343510866165161,3.6202855110168457,0.1801857352256775,3.720716714859009
674,1,1,1,0.22705326974391937,3.5936734676361084,0.37315648794174194,3.668958902359009,0.4183773100376129,3.6635704040527344,0.17207428812980652,3.7482047080993652
675,1,1,1,0.3019869923591614,3.5812571048736572,0.5257792472839355,3.578881025314331,0.48420557379722595,3.5708258152008057,0.22554607689380646,3.6540603637695312
676,1,1,1,0.2620525658130646,3.596482515335083,0.4364038407802582,3.6177101135253906,0.43899473547935486,3.584986686706543,0.18267697095870972,3.690159320831299
677,1,1,1,0.30238309502601624,3.584120750427246,0.5358986258506775,3.591909408569336,0.49942201375961304,3.5852389335632324,0.23826131224632263,3.6452529430389404
678,1,1,1,0.3315529227256775,3.5448951721191406,0.5716428160667419,3.5436019897460938,0.5020228624343872,3.5398876667022705,0.2366071343421936,3.6204514503479004
679,1,1,1,0.33935296535491943,3.574479341506958,0.6052744388580322,3.5617752075195312,0.5210359692573547,3.558284044265747,0.26078203320503235,3.616048812866211
680,1,1,1,0.2597980201244354,3.5993576049804688,0.46875497698783875,3.6411497592926025,0.46663743257522583,3.624199151992798,0.2131696343421936,3.7007291316986084
681,1,1,1,0.3401128053665161,3.581223726272583,0.6220603585243225,3.574273109436035,0.5329141020774841,3.574187994003296,0.27277982234954834,3.6303791999816895
682,1,0,0,0.25782495737075806,3.567584276199341,0.40262773633003235,3.567721366882324,0.4277842044830322,3.592816114425659,0.1599569469690323,3.6264638900756836
683,1,1,1,0.26739874482154846,3.5939853191375732,0.45045438408851624,3.6324329376220703,0.45001593232154846,3.6402347087860107,0.20224808156490326,3.7724673748016357
684,1,1,1,0.3171561062335968,3.582975387573242,0.5654147267341614,3.577770709991455,0.5045140981674194,3.5683107376098633,0.2433832883834839,3.632902145385742
685,1,1,1,0.28706949949264526,3.604198455810547,0.5446228981018066,3.623037576675415,0.5122867226600647,3.5982611179351807,0.24605388939380646,3.6628057956695557
686,1,1,1,0.2873958647251129,3.5964651107788086,0.5216089487075806,3.6178109645843506,0.49920278787612915,3.6056571006774902,0.24041374027729034,3.66550612449646
687,1,1,1,0.2590182423591614,3.6035664081573486,0.471699595451355,3.6695749759674072,0.47394171357154846,3.6525514125823975,0.22407126426696777,3.71528959274292
688,1,1,1,0.23879942297935486,3.6049282550811768,0.3980737626552582,3.6718692779541016,0.43425142765045166,3.6232731342315674,0.17602039873600006,3.745697498321533
689,1,1,1,0.2991594672203064,3.5904901027679443,0.5355598330497742,3.5932328701019287,0.4925561845302582,3.594630718231201,0.236188605427742,3.66416335105896
690,1,1,1,0.23330874741077423,3.6073763370513916,0.39083924889564514,3.6582741737365723,0.42896005511283875,3.6301252841949463,0.18335458636283875,3.716956615447998
691,1,1,1,0.26714712381362915,3.6023499965667725,0.4796067774295807,3.6625146865844727,0.4687599539756775,3.6727747917175293,0.22821667790412903,3.7594969272613525
692,1,1,1,0.2663499414920807,3.5941262245178223,0.4368124008178711,3.6205544471740723,0.43828722834587097,3.59684419631958,0.1830357164144516,3.7160279750823975
693,1,1,1,0.3375767171382904,3.5756053924560547,0.6098383665084839,3.566157579421997,0.5230090022087097,3.556387424468994,0.2645288407802582,3.615535259246826
694,1,1,1,0.3271310031414032,3.586210012435913,0.6078603267669678,3.589073657989502,0.5274932384490967,3.5805420875549316,0.27222177386283875,3.636869430541992
695,1,1,1,0.28363659977912903,3.577775001525879,0.5027901530265808,3.583538055419922,0.47724011540412903,3.5738744735717773,0.2078085094690323,3.6530160903930664
696,1,1,1,0.25308164954185486,3.598795175552368,0.4428611099720001,3.6435129642486572,0.44883009791374207,3.629537582397461,0.20232780277729034,3.697793483734131
697,1,0,0,0.2246791273355484,3.5971083641052246,0.3417819142341614,3.6072568893432617,0.40978753566741943,3.6106314659118652,0.13675861060619354,3.7121829986572266
698,2,0,0,0.17156857252120972,3.6325197219848633,0.22833126783370972,3.7779693603515625,0.3498286008834839,3.71919322013855,0.10042649507522583,3.8432228565216064
699,2,0,0,0.19194185733795166,3.626396894454956,0.3030831515789032,3.7340457439422607,0.39763033390045166,3.6550636291503906,0.1272321343421936,3.720708131790161
700,2,0,0,0.16628217697143555,3.620192766189575,0.21168984472751617,3.7922422885894775,0.3431222140789032,3.7639763355255127,0.09125876426696777,4.018344402313232
701,2,0,0,0.17280921339988708,3.619704008102417,0.22791773080825806,3.7447972297668457,0.3573421537876129,3.7057723999023438,0.09498564898967743,3.8476710319519043
702,2,0,0,0.1666608452796936,3.6179165840148926,0.20258688926696777,3.7804722785949707,0.33200135827064514,3.744544744491577,0.08727280050516129,3.9652888774871826
703,2,0,0,0.17783650755882263,3.629473924636841,0.25063276290893555,3.7673299312591553,0.37316644191741943,3.6896228790283203,0.1103515625,3.792125701904297
704,2,0,0,0.18339942395687103,3.630810499191284,0.28006914258003235,3.777036428451538,0.3971121609210968,3.717046022415161,0.12242905050516129,3.7891910076141357
705,2,0,0,0.17329001426696777,3.626020669937134,0.23777802288532257,3.773547410964966,0.36667928099632263,3.7179388999938965,0.10538902878761292,3.852307081222534
706,2,0,0,0.16684271395206451,3.6230812072753906,0.20346878468990326,3.7958714962005615,0.3343431055545807,3.748211622238159,0.08352598547935486,3.9422571659088135
707,2,0,0,0.1749890297651291,3.6197147369384766,0.2278529554605484,3.750300645828247,0.35306718945503235,3.6792075634002686,0.10247927159070969,3.9268767833709717
708,2,0,0,0.17321278154850006,3.639172077178955,0.2575533986091614,3.822719097137451,0.3695591390132904,3.76958966255188,0.11924026906490326,3.9625606536865234
709,2,0,0,0.17069415748119354,3.6183483600616455,0.21354830265045166,3.7666356563568115,0.3439791798591614,3.7365219593048096,0.09606186300516129,3.871161937713623
710,2,0,0,0.17298857867717743,3.619781494140625,0.22378228604793549,3.7755489349365234,0.3580496609210968,3.748100519180298,0.09929049760103226,3.907667636871338
711,2,0,0,0.16866877675056458,3.6281073093414307,0.20767895877361298,3.8040640354156494,0.3368343412876129,3.7327969074249268,0.08486128598451614,3.9210896492004395
712,2,0,0,0.1681082546710968,3.6270599365234375,0.21908880770206451,3.784430980682373,0.34488600492477417,3.7678706645965576,0.09438775479793549,4.019636631011963
713,2,0,0,0.16895277798175812,3.619251251220703,0.21090760827064514,3.776116132736206,0.34943997859954834,3.7450308799743652,0.08862802386283875,3.925792694091797
714,2,0,0,0.16764986515045166,3.6261441707611084,0.21898417174816132,3.7972288131713867,0.35215041041374207,3.795891284942627,0.10257892310619354,3.9792110919952393
715,2,0,0,0.1800885796546936,3.6305246353149414,0.25116589665412903,3.781452178955078,0.3741629421710968,3.692953109741211,0.11003268510103226,3.84332537651062
716,2,0,0,0.1815808266401291,3.634864568710327,0.2734125852584839,3.797722101211548,0.39039579033851624,3.714066982269287,0.12511958181858063,3.8309972286224365
717,2,0,0,0.16080397367477417,3.615510940551758,0.17952308058738708,3.7343952655792236,0.32341158390045166,3.685626268386841,0.06562898308038712,3.764955997467041
718,2,0,0,0.17247289419174194,3.637956380844116,0.23224249482154846,3.7995152473449707,0.34971898794174194,3.731243848800659,0.10345583409070969,3.9239068031311035
719,2,0,0,0.17361138761043549,3.6276168823242188,0.23669682443141937,3.7946155071258545,0.37295717000961304,3.770005702972412,0.10809949040412903,3.941924810409546
720,2,0,0,0.1672886461019516,3.6237733364105225,0.20177973806858063,3.811793088912964,0.32144850492477417,3.7397854328155518,0.0831473171710968,3.9604506492614746
721,2,0,0,0.18140146136283875,3.6407246589660645,0.28323301672935486,3.7658233642578125,0.3996133506298065,3.703855276107788,0.12488041818141937,3.7631661891937256
722,2,0,0,0.17837710678577423,3.633082866668701,0.2597207725048065,3.732154130935669,0.37824854254722595,3.695821762084961,0.11758609116077423,3.7622034549713135
723,2,0,0,0.1837158203125,3.6375482082366943,0.2834323048591614,3.7820377349853516,0.38307157158851624,3.678736686706543,0.12354511767625809,3.810614585876465
724,2,0,0,0.18611237406730652,3.619232416152954,0.2812948226928711,3.7249057292938232,0.39631494879722595,3.681401014328003,0.12394371628761292,3.7414374351501465
725,2,0,0,0.17608517408370972,3.625675678253174,0.24660195410251617,3.756819009780884,0.3704061508178711,3.6841623783111572,0.10740194469690323,3.778066396713257
726,2,0,0,0.1728266477584839,3.6185314655303955,0.224225714802742,3.757216215133667,0.34875237941741943,3.683096170425415,0.09825414419174194,3.8269777297973633
727,2,3,0,0.17033043503761292,3.6195812225341797,0.22487343847751617,3.7643630504608154,0.34609174728393555,3.6781837940216064,0.09610172361135483,3.8504769802093506
728,2,0,0,0.1639653444290161,3.619946241378784,0.19909419119358063,3.813784122467041,0.3325793147087097,3.7830111980438232,0.08814971148967743,4.093149662017822
729,2,0,0,0.17658591270446777,3.6204450130462646,0.24368223547935486,3.7562975883483887,0.3706752061843872,3.703747510910034,0.10933513939380646,3.8293838500976562
730,2,0,0,0.17101053893566132,3.6364047527313232,0.22872985899448395,3.790358781814575,0.359883189201355,3.7555031776428223,0.10056600719690323,3.8757431507110596
731,2,0,0,0.16592095792293549,3.6221134662628174,0.19521783292293549,3.7873458862304688,0.32912150025367737,3.7480924129486084,0.0784040167927742,3.9321300983428955
732,2,0,0,0.1769421547651291,3.6266860961914062,0.24570511281490326,3.752443552017212,0.37370455265045166,3.7017757892608643,0.11031170189380646,3.825654983520508
733,2,0,0,0.16847944259643555,3.6238152980804443,0.21669721603393555,3.789156675338745,0.34386956691741943,3.757505416870117,0.09689891338348389,3.9286301136016846
734,2,0,0,0.16436393558979034,3.6144261360168457,0.18896982073783875,3.75882625579834,0.3257533311843872,3.7388803958892822,0.07314253598451614,3.8771116733551025
735,2,0,0,0.18526287376880646,3.6182126998901367,0.26210737228393555,3.7275595664978027,0.3843271732330322,3.6569955348968506,0.11332111060619354,3.717024326324463
736,2,0,0,0.16627222299575806,3.6241703033447266,0.2059948891401291,3.7775492668151855,0.3309749662876129,3.7372794151306152,0.08675462007522583,3.926487445831299
737,2,0,0,0.18782883882522583,3.6279642581939697,0.28125497698783875,3.745274543762207,0.39142218232154846,3.6870927810668945,0.12177136540412903,3.7834696769714355
738,2,0,0,0.1694859117269516,3.6319727897644043,0.21371272206306458,3.796376943588257,0.3439791798591614,3.7447781562805176,0.09390943497419357,3.9567062854766846
739,2,0,0,0.16922183334827423,3.6232573986053467,0.2151128053665161,3.7746329307556152,0.3353794515132904,3.722634792327881,0.09436782449483871,3.861034870147705
740,2,0,0,0.1896723508834839,3.6276400089263916,0.29715898633003235,3.7604331970214844,0.4111826419830322,3.697622537612915,0.13729670643806458,3.8004064559936523
741,2,0,0,0.16407246887683868,3.6161251068115234,0.19636379182338715,3.7491562366485596,0.3358677327632904,3.7086782455444336,0.08101482689380646,3.8565804958343506
742,2,0,0,0.16826769709587097,3.625621795654297,0.20645825564861298,3.787484645843506,0.3411790430545807,3.753840684890747,0.08699378371238708,3.9404351711273193
743,2,0,0,0.17290885746479034,3.6300084590911865,0.2406977415084839,3.777743339538574,0.3662906587123871,3.7166059017181396,0.10568797588348389,3.8312275409698486
744,2,0,0,0.16864387691020966,3.623842239379883,0.20640844106674194,3.810244560241699,0.33554884791374207,3.7658658027648926,0.09203603118658066,4.017756462097168
745,2,3,0,0.16815559566020966,3.624438762664795,0.20700135827064514,3.8263370990753174,0.3284737765789032,3.7517216205596924,0.08783083409070969,4.007941722869873
746,2,0,0,0.16399772465229034,3.6219961643218994,0.20706114172935486,3.81351375579834,0.34119898080825806,3.804965019226074,0.0948660671710968,4.067226886749268
747,2,0,0,0.16961047053337097,3.6304216384887695,0.2118542641401291,3.813805341720581,0.3409000337123871,3.7593977451324463,0.08791055530309677,3.9424166679382324
748,2,0,0,0.17676030099391937,3.628077745437622,0.23341338336467743,3.763165235519409,0.3663006126880646,3.6713457107543945,0.09795519709587097,3.833977699279785
749,2,0,0,0.16998913884162903,3.6223931312561035,0.2273297905921936,3.775698184967041,0.3642677664756775,3.720749616622925,0.10339604318141937,3.8828065395355225
750,2,0,0,0.1732352077960968,3.622407913208008,0.23124103248119354,3.7687833309173584,0.3584681749343872,3.697634220123291,0.10112404078245163,3.896334171295166
751,2,0,0,0.16223891079425812,3.6176064014434814,0.19233796000480652,3.769784688949585,0.33235013484954834,3.7561466693878174,0.07932078838348389,3.9394471645355225
752,2,0,0,0.1715337038040161,3.638181686401367,0.23781289160251617,3.809574604034424,0.3612085282802582,3.7708563804626465,0.1063058003783226,3.9602549076080322
753,2,0,0,0.1730433851480484,3.6352486610412598,0.24628806114196777,3.83482027053833,0.36770567297935486,3.764498710632324,0.10845822840929031,3.9505696296691895
754,2,0,0,0.16895776987075806,3.6250128746032715,0.21930304169654846,3.7673065662384033,0.3459920883178711,3.701131820678711,0.09520487487316132,3.8980531692504883
755,2,0,0,0.1865333914756775,3.6227495670318604,0.26923230290412903,3.7202789783477783,0.3736846148967743,3.673973321914673,0.1188616082072258,3.752012014389038
756,2,0,0,0.16197484731674194,3.6172444820404053,0.19134147465229034,3.7737417221069336,0.32655054330825806,3.7490081787109375,0.0772879421710968,3.9020113945007324
757,2,0,0,0.18958765268325806,3.6286826133728027,0.2893165946006775,3.732877492904663,0.394062876701355,3.6681501865386963,0.12438217550516129,3.7344977855682373
758,2,0,0,0.16834990680217743,3.627861499786377,0.21110191941261292,3.7862117290496826,0.3504663407802582,3.7792153358459473,0.09452725946903229,3.9464473724365234
759,2,0,0,0.1758684366941452,3.624265193939209,0.2537866532802582,3.7875568866729736,0.38654932379722595,3.736614227294922,0.11947943270206451,3.853210926055908
760,2,0,0,0.16339734196662903,3.624006986618042,0.18426139652729034,3.7963874340057373,0.31344667077064514,3.734191656112671,0.06897719949483871,3.854088306427002
761,2,0,0,0.17480219900608063,3.6365671157836914,0.24443957209587097,3.781940460205078,0.3736846148967743,3.727440118789673,0.10429288446903229,3.836996078491211
762,2,0,0,0.16958555579185486,3.6266655921936035,0.2286900132894516,3.7682955265045166,0.3507154881954193,3.7183406352996826,0.10335618257522583,3.8912456035614014
763,2,0,0,0.17327257990837097,3.6287436485290527,0.2483607679605484,3.775252342224121,0.3744618892669678,3.7305071353912354,0.11326131969690323,3.8516628742218018
764,2,0,0,0.16812819242477417,3.6235477924346924,0.2216099351644516,3.7896711826324463,0.35514986515045166,3.755892276763916,0.10006775707006454,3.9344751834869385
765,2,0,0,0.17001155018806458,3.6370229721069336,0.2320730984210968,3.797393560409546,0.3629424273967743,3.7549009323120117,0.10415337979793549,3.886146306991577
766,2,0,0,0.16118761897087097,3.616410732269287,0.18271683156490326,3.761807441711426,0.31477200984954834,3.7513296604156494,0.07202646881341934,3.9023241996765137
767,2,0,0,0.169416144490242,3.623880624771118,0.21318957209587097,3.806885004043579,0.3408103287220001,3.744744300842285,0.09580276906490326,3.9421677589416504
768,2,0,0,0.16655372083187103,3.6230554580688477,0.20195910334587097,3.7818374633789062,0.3436702787876129,3.7817211151123047,0.09139827638864517,3.9598779678344727
769,2,0,0,0.16587361693382263,3.627847909927368,0.19474449753761292,3.796781539916992,0.3348413407802582,3.770341157913208,0.0789620503783226,3.9187278747558594
770,2,0,0,0.17782904207706451,3.628645896911621,0.2524264454841614,3.740954875946045,0.366420179605484,3.700551986694336,0.11525430530309677,3.771744728088379
771,2,0,0,0.1622488796710968,3.614743232727051,0.18632911145687103,3.7638046741485596,0.32642099261283875,3.7500381469726562,0.06941565871238708,3.8946311473846436
772,2,0,0,0.1712746024131775,3.6130528450012207,0.21704599261283875,3.7543041706085205,0.3508649468421936,3.695370674133301,0.09335140138864517,3.8830060958862305
773,2,0,0,0.17097815871238708,3.6160244941711426,0.21549645066261292,3.759705066680908,0.3396344780921936,3.723087787628174,0.09624122828245163,3.8784427642822266
774,2,0,0,0.16492445766925812,3.6277151107788086,0.21335896849632263,3.7805333137512207,0.34854310750961304,3.760042428970337,0.09552375227212906,3.971625328063965
775,2,0,0,0.1710553765296936,3.6241061687469482,0.21892936527729034,3.7887117862701416,0.3550701439380646,3.719437599182129,0.0908203125,3.9109063148498535
776,2,0,0,0.19195431470870972,3.6286404132843018,0.29253527522087097,3.722208023071289,0.400599867105484,3.6771223545074463,0.12593670189380646,3.718942880630493
777,2,0,0,0.16711674630641937,3.6189589500427246,0.20443040132522583,3.7801120281219482,0.3343231678009033,3.743934392929077,0.08711335808038712,3.961336135864258
778,2,0,0,0.16679039597511292,3.6211109161376953,0.20362822711467743,3.775649070739746,0.33472177386283875,3.742185115814209,0.0890066921710968,3.9406628608703613
779,2,0,0,0.1687634438276291,3.6287734508514404,0.22116149961948395,3.81650447845459,0.35159239172935486,3.7925913333892822,0.09787547588348389,3.9877824783325195
780,2,0,0,0.18611736595630646,3.6209826469421387,0.2659488618373871,3.700395345687866,0.3631516993045807,3.6294212341308594,0.10969387739896774,3.741279125213623
781,2,0,0,0.17051228880882263,3.628066301345825,0.23184888064861298,3.80714750289917,0.3560068607330322,3.756983757019043,0.10467155277729034,3.923457622528076
782,2,0,0,0.18000636994838715,3.623782157897949,0.25393614172935486,3.730173110961914,0.3781289756298065,3.6566436290740967,0.11136798560619354,3.7405154705047607
783,2,0,0,0.16979731619358063,3.6366090774536133,0.22822165489196777,3.8519811630249023,0.3577905595302582,3.797187089920044,0.10249920189380646,3.994166851043701
784,2,0,0,0.17630939185619354,3.627790689468384,0.24839065968990326,3.804043769836426,0.37049585580825806,3.7526895999908447,0.10901626199483871,3.9279706478118896
785,2,0,0,0.16658860445022583,3.6174516677856445,0.19827207922935486,3.7637081146240234,0.3346221148967743,3.715812921524048,0.07989875227212906,3.8393614292144775
786,2,0,0,0.1687260866165161,3.621840238571167,0.21187420189380646,3.7627692222595215,0.33759167790412903,3.6991262435913086,0.08806999027729034,3.878479242324829
787,2,0,0,0.16682028770446777,3.6263458728790283,0.20907904207706451,3.8534185886383057,0.3270886540412903,3.822660207748413,0.0972377210855484,4.150440692901611
788,2,0,0,0.1692417711019516,3.6147494316101074,0.21852578222751617,3.7416493892669678,0.3525290787220001,3.7066173553466797,0.0964006707072258,3.8403968811035156
789,2,0,0,0.17104791104793549,3.6321730613708496,0.22412607073783875,3.826512336730957,0.35745176672935486,3.7930362224578857,0.09972894936800003,3.987410068511963
790,2,0,0,0.16575154662132263,3.623110055923462,0.20559629797935486,3.7782328128814697,0.34427812695503235,3.775015115737915,0.09231504797935486,3.963514566421509
791,2,0,0,0.172345831990242,3.631762981414795,0.24404096603393555,3.8021438121795654,0.3659219443798065,3.75607967376709,0.10861766338348389,3.9155962467193604
792,2,0,0,0.17794612050056458,3.637108087539673,0.2536969780921936,3.7615184783935547,0.37149232625961304,3.6765289306640625,0.11156728118658066,3.7784922122955322
793,2,0,0,0.17779915034770966,3.6285552978515625,0.24241669476032257,3.7829365730285645,0.363490492105484,3.6931490898132324,0.11017218977212906,3.8062591552734375
794,2,0,0,0.16737832129001617,3.633976697921753,0.21831652522087097,3.817239999771118,0.3446767330169678,3.788372039794922,0.09632094949483871,4.013449192047119
795,2,0,0,0.16675801575183868,3.6223220825195312,0.21695132553577423,3.7927565574645996,0.34014269709587097,3.790795087814331,0.09418845176696777,4.036182880401611
796,2,0,0,0.18105767667293549,3.6252923011779785,0.25809648633003235,3.7239627838134766,0.37873682379722595,3.667508602142334,0.11561304330825806,3.767453908920288
797,2,0,0,0.17951062321662903,3.6354968547821045,0.25731924176216125,3.7465970516204834,0.3802315890789032,3.693267345428467,0.11284279078245163,3.7806429862976074
798,2,0,0,0.1694086790084839,3.6296286582946777,0.22040915489196777,3.7607884407043457,0.36387914419174194,3.7232446670532227,0.09289301186800003,3.8654794692993164
799,2,0,0,0.17380818724632263,3.6312780380249023,0.2381068617105484,3.8155014514923096,0.361537367105484,3.756263494491577,0.10331632196903229,3.915316343307495
800,2,0,0,0.1680385023355484,3.6225907802581787,0.20936304330825806,3.7540457248687744,0.33889707922935486,3.714310884475708,0.09010283648967743,3.8391947746276855
801,2,0,0,0.1657963991165161,3.618959665298462,0.19801796972751617,3.7860755920410156,0.33010801672935486,3.747184991836548,0.0811941921710968,4.008591175079346
802,2,0,0,0.16797372698783875,3.6297125816345215,0.21015027165412903,3.7886338233947754,0.34316205978393555,3.7798008918762207,0.09418845176696777,3.9312314987182617
803,2,0,0,0.18826231360435486,3.6243085861206055,0.2804378569126129,3.7252020835876465,0.3944515287876129,3.675626516342163,0.12242905050516129,3.7488198280334473
804,2,0,0,0.16716158390045166,3.625260829925537,0.2006935477256775,3.7760674953460693,0.33251953125,3.7634031772613525,0.08864795416593552,3.9419963359832764
805,2,0,0,0.17810307443141937,3.632126569747925,0.25121572613716125,3.7706267833709717,0.3722895383834839,3.6915149688720703,0.10943479090929031,3.7625205516815186
806,2,0,0,0.16735590994358063,3.6267974376678467,0.20630380511283875,3.832029104232788,0.33316725492477417,3.7788777351379395,0.09070073068141937,4.04878044128418
807,2,0,0,0.16766980290412903,3.6175265312194824,0.21223293244838715,3.754976987838745,0.34645047783851624,3.7119970321655273,0.09066087007522583,3.850736379623413
808,2,0,0,0.17355409264564514,3.623331308364868,0.24031907320022583,3.778740644454956,0.3708246946334839,3.7047536373138428,0.10654495656490326,3.796109199523926
809,2,0,0,0.1770368218421936,3.6244089603424072,0.2500249147415161,3.7493274211883545,0.37230947613716125,3.6638028621673584,0.11047113686800003,3.7649288177490234
810,2,0,0,0.16792140901088715,3.6288554668426514,0.20662766695022583,3.8008005619049072,0.3342534303665161,3.7527353763580322,0.09349091351032257,3.9714345932006836
811,2,0,0,0.16434898972511292,3.621121406555176,0.19107241928577423,3.7952749729156494,0.3186284303665161,3.751774787902832,0.07629144936800003,3.9657785892486572
812,2,0,0,0.18098044395446777,3.6274726390838623,0.2608667314052582,3.7584660053253174,0.3780094087123871,3.684847354888916,0.11744658648967743,3.817580223083496
813,2,0,0,0.1939348429441452,3.6125991344451904,0.28324297070503235,3.6974213123321533,0.3874063193798065,3.6455745697021484,0.11736686527729034,3.7193071842193604
814,2,0,0,0.16232362389564514,3.6163172721862793,0.18926379084587097,3.786895275115967,0.32578322291374207,3.746581792831421,0.08005819469690323,4.025143146514893
815,2,0,0,0.1675502210855484,3.633816957473755,0.21634845435619354,3.8534843921661377,0.3545021414756775,3.8073928356170654,0.10004782676696777,3.9936254024505615
816,2,0,0,0.16924923658370972,3.628573179244995,0.21822185814380646,3.797776222229004,0.34132853150367737,3.7338626384735107,0.09380979090929031,3.98172926902771
817,2,0,0,0.17170310020446777,3.6253790855407715,0.23063814640045166,3.7906458377838135,0.37216994166374207,3.7380313873291016,0.10666453838348389,3.8430492877960205
818,2,0,0,0.16279944777488708,3.6172549724578857,0.19897958636283875,3.7763421535491943,0.3311842381954193,3.766752004623413,0.08695392310619354,3.996791124343872
819,2,0,0,0.16825026273727417,3.629862070083618,0.20971180498600006,3.8231170177459717,0.33672472834587097,3.7856528759002686,0.09032206237316132,3.998896837234497
820,2,0,0,0.16349947452545166,3.6215755939483643,0.18186482787132263,3.7849647998809814,0.31363600492477417,3.6802756786346436,0.0668247789144516,3.8004772663116455
821,2,0,0,0.17270208895206451,3.630156993865967,0.23888909816741943,3.8178367614746094,0.3728475570678711,3.774294376373291,0.11381935328245163,3.944843292236328
822,2,0,0,0.16577894985675812,3.627379894256592,0.19887994229793549,3.796898603439331,0.3319614827632904,3.7600936889648438,0.08203125,3.97934889793396
823,2,0,0,0.1752406507730484,3.618156671524048,0.24464882910251617,3.757871389389038,0.3643973171710968,3.694733142852783,0.11082987487316132,3.826110363006592
824,2,0,0,0.16695232689380646,3.6207473278045654,0.20062878727912903,3.8017234802246094,0.32238519191741943,3.745765447616577,0.08661511540412903,3.987344741821289
825,2,0,0,0.16556969285011292,3.6215224266052246,0.20438556373119354,3.7971527576446533,0.33659517765045166,3.7780210971832275,0.0895647332072258,3.983088493347168
826,2,0,0,0.16575902700424194,3.6275455951690674,0.21271124482154846,3.848051071166992,0.3384486436843872,3.828730344772339,0.1005859375,4.129581928253174
827,2,0,0,0.1703852415084839,3.633228063583374,0.2183065563440323,3.7840237617492676,0.34976881742477417,3.742022752761841,0.09817442297935486,3.8848965167999268
828,2,0,0,0.18627680838108063,3.627352237701416,0.28102079033851624,3.7357540130615234,0.381068617105484,3.6467926502227783,0.12197066098451614,3.741339921951294
829,2,0,0,0.17037029564380646,3.632786512374878,0.23147520422935486,3.7834603786468506,0.36121851205825806,3.711798906326294,0.10586734116077423,3.8279366493225098
830,2,0,0,0.16319555044174194,3.614154100418091,0.19556161761283875,3.7570955753326416,0.32914140820503235,3.7376022338867188,0.08336655050516129,3.8995935916900635
831,2,0,0,0.18133419752120972,3.632939100265503,0.2728445827960968,3.751830577850342,0.3927275836467743,3.6990435123443604,0.1226283460855484,3.7914838790893555
832,2,0,0,0.16459064185619354,3.6202852725982666,0.1884516477584839,3.786241292953491,0.3157684803009033,3.730560541152954,0.07328204810619354,3.9026379585266113
833,2,0,0,0.17279675602912903,3.62567400932312,0.23453941941261292,3.81050705909729,0.36298230290412903,3.7292592525482178,0.1047712042927742,3.952824831008911
834,2,0,0,0.17874082922935486,3.6277527809143066,0.24673150479793549,3.7615509033203125,0.3632114827632904,3.6624324321746826,0.10778061300516129,3.7806951999664307
835,2,0,0,0.1901606321334839,3.628032922744751,0.2898048758506775,3.7618327140808105,0.3920300602912903,3.694517135620117,0.13195551931858063,3.771937847137451
836,2,0,0,0.17278927564620972,3.632736921310425,0.23591457307338715,3.783121109008789,0.3584582209587097,3.741854667663574,0.10760124027729034,3.8855342864990234
837,2,0,0,0.17717134952545166,3.6247785091400146,0.24458904564380646,3.753554582595825,0.368672251701355,3.6837852001190186,0.1079799085855484,3.7975268363952637
838,2,0,0,0.16705696284770966,3.624593734741211,0.20622408390045166,3.8135297298431396,0.3342633843421936,3.7790067195892334,0.0904017835855484,4.003306865692139
839,2,0,0,0.16482232511043549,3.6248695850372314,0.21467933058738708,3.7870588302612305,0.3470882475376129,3.780683755874634,0.09480627626180649,3.9806599617004395
840,2,0,0,0.18631665408611298,3.631242513656616,0.2909109890460968,3.750441074371338,0.40238359570503235,3.712852954864502,0.13083943724632263,3.791165351867676
841,2,0,0,0.18268942832946777,3.631148338317871,0.2734873294830322,3.804062604904175,0.39038583636283875,3.7153613567352295,0.12408322095870972,3.8538386821746826
842,2,0,0,0.18179507553577423,3.6142187118530273,0.24148496985435486,3.7275052070617676,0.35712292790412903,3.674870252609253,0.1053292378783226,3.761967897415161
843,2,0,0,0.16459064185619354,3.6149723529815674,0.1917649805545807,3.7869985103607178,0.3295798599720001,3.764951229095459,0.07710857689380646,3.921426773071289
844,2,0,0,0.16186274588108063,3.61202335357666,0.17691725492477417,3.752224922180176,0.32286351919174194,3.6853086948394775,0.06552933901548386,3.736313819885254
845,2,0,0,0.17221878468990326,3.632981300354004,0.2327357679605484,3.778360605239868,0.36897122859954834,3.732762575149536,0.10817920416593552,3.8428518772125244
846,2,0,0,0.16674305498600006,3.6233789920806885,0.21111686527729034,3.777872085571289,0.3454938530921936,3.755732536315918,0.0906808003783226,3.972747325897217
847,2,0,0,0.18834452331066132,3.6369588375091553,0.3107561469078064,3.740900993347168,0.4058215022087097,3.6841988563537598,0.13566246628761292,3.749375581741333
848,2,0,0,0.16439881920814514,3.616447687149048,0.187848761677742,3.789984703063965,0.31394490599632263,3.6893508434295654,0.06925621628761292,3.9309351444244385
849,2,0,0,0.179931640625,3.6202199459075928,0.2534777522087097,3.7431693077087402,0.37253865599632263,3.6919620037078857,0.11232461780309677,3.825762987136841
850,2,0,0,0.16931898891925812,3.627284288406372,0.21852080523967743,3.829061985015869,0.35283800959587097,3.7816596031188965,0.09693877398967743,3.98478627204895
851,2,0,0,0.1821737438440323,3.620791435241699,0.25984036922454834,3.7272534370422363,0.3784976899623871,3.6724586486816406,0.1141183003783226,3.758819341659546
852,2,0,0,0.16508887708187103,3.620480537414551,0.19868063926696777,3.7877418994903564,0.33040696382522583,3.7596585750579834,0.08480149507522583,3.9656875133514404
853,2,0,0,0.17674784362316132,3.6302645206451416,0.2392926812171936,3.7720448970794678,0.3670679032802582,3.7285807132720947,0.10550861060619354,3.870985984802246
854,2,0,0,0.1738629937171936,3.6262214183807373,0.23889906704425812,3.7629098892211914,0.3705456852912903,3.7004706859588623,0.10570790618658066,3.80241322517395
855,2,0,0,0.1665562242269516,3.6227171421051025,0.19850127398967743,3.7965612411499023,0.33096498250961304,3.7574143409729004,0.08031728118658066,3.9419355392456055
856,2,0,0,0.18108756840229034,3.6236071586608887,0.25713488459587097,3.750620126724243,0.3794543147087097,3.714934825897217,0.11854273080825806,3.796570301055908
857,2,0,0,0.18192213773727417,3.630510091781616,0.27078184485435486,3.777411699295044,0.3729771077632904,3.7027974128723145,0.126953125,3.8295133113861084
858,2,1,0,0.20304028689861298,3.6291255950927734,0.3460170030593872,3.716301679611206,0.4147002398967743,3.6405229568481445,0.1472417116165161,3.7164320945739746
859,2,0,0,0.1677594780921936,3.6248292922973633,0.20484893023967743,3.776888608932495,0.3380201756954193,3.768963098526001,0.091238833963871,3.9508519172668457
860,2,0,0,0.1612997204065323,3.613727331161499,0.18139149248600006,3.7455639839172363,0.32027262449264526,3.7000932693481445,0.0678013414144516,3.873309850692749
861,2,0,0,0.16594836115837097,3.6203293800354004,0.19550183415412903,3.797492265701294,0.3321209251880646,3.7556183338165283,0.07696906477212906,3.914293050765991
862,2,0,0,0.1743413209915161,3.627189874649048,0.24447943270206451,3.811180353164673,0.3705456852912903,3.753018617630005,0.10831871628761292,3.891996383666992
863,2,0,0,0.17486198246479034,3.6286134719848633,0.2486049085855484,3.7519240379333496,0.3715322017669678,3.6857900619506836,0.10837850719690323,3.759838104248047
864,2,0,0,0.16330018639564514,3.6226391792297363,0.18912926316261292,3.788034439086914,0.32363080978393555,3.739384889602661,0.07678969949483871,3.9719698429107666
865,2,3,0,0.1715436577796936,3.6327857971191406,0.2248883843421936,3.785935878753662,0.35312697291374207,3.7373085021972656,0.1001674085855484,3.870473623275757
866,2,0,0,0.17707668244838715,3.6297130584716797,0.2519431412220001,3.811513662338257,0.37637513875961304,3.7741594314575195,0.11340082436800003,3.9560632705688477
867,2,0,0,0.16315320134162903,3.620069980621338,0.19301557540893555,3.7705154418945312,0.328822523355484,3.7283775806427,0.07314253598451614,3.9141688346862793
868,2,0,0,0.1660778969526291,3.6250505447387695,0.2147839516401291,3.8111486434936523,0.3464205861091614,3.8042514324188232,0.09689891338348389,4.029000282287598
869,2,0,0,0.17195472121238708,3.6280570030212402,0.2207728773355484,3.7676823139190674,0.34902143478393555,3.714632511138916,0.09927056729793549,3.8739209175109863
870,2,0,0,0.168195441365242,3.625490665435791,0.2096819132566452,3.8171513080596924,0.34030213952064514,3.76137638092041,0.0895647332072258,3.965954542160034
871,2,0,0,0.16342225670814514,3.6110916137695312,0.19514808058738708,3.7518575191497803,0.33631616830825806,3.7494518756866455,0.08262914419174194,3.9558610916137695
872,2,0,0,0.16831253468990326,3.6163227558135986,0.20255200564861298,3.792389154434204,0.3314134180545807,3.729959726333618,0.08525988459587097,3.9523141384124756
873,2,0,0,0.16633948683738708,3.6211471557617188,0.19986645877361298,3.8081467151641846,0.32745733857154846,3.7686922550201416,0.08912627398967743,4.009615421295166
874,2,0,0,0.16303610801696777,3.6174440383911133,0.19572603702545166,3.75821590423584,0.3358677327632904,3.7678089141845703,0.08394451439380646,3.9639127254486084
875,2,0,0,0.1910499930381775,3.6274302005767822,0.2905970811843872,3.725721836090088,0.39672353863716125,3.658695936203003,0.12655451893806458,3.726771593093872
876,2,0,0,0.16675302386283875,3.640716552734375,0.2054368555545807,3.8340609073638916,0.34524473547935486,3.8123881816864014,0.09281329810619354,4.024908542633057
877,2,0,0,0.18148118257522583,3.630586862564087,0.26567980647087097,3.7594285011291504,0.3795240819454193,3.6898860931396484,0.12013711780309677,3.7481751441955566
878,2,0,0,0.17133688926696777,3.6307432651519775,0.23565050959587097,3.7798333168029785,0.35710299015045166,3.727759838104248,0.10512994229793549,3.888530731201172
879,2,0,0,0.1708286851644516,3.6322405338287354,0.235456183552742,3.776244878768921,0.3525490164756775,3.7217841148376465,0.10514987260103226,3.8779377937316895
880,2,0,0,0.16612772643566132,3.62363338470459,0.19798310101032257,3.759537935256958,0.33382493257522583,3.7582685947418213,0.08741230517625809,3.9363884925842285
881,2,0,0,0.17292878031730652,3.622387170791626,0.2326311320066452,3.76932954788208,0.36374959349632263,3.6967921257019043,0.10000797361135483,3.864886522293091
882,2,0,0,0.18611487746238708,3.6190502643585205,0.27973034977912903,3.707514762878418,0.39531847834587097,3.6763126850128174,0.12384406477212906,3.734792470932007
883,2,0,0,0.1790771484375,3.637355089187622,0.26495733857154846,3.7618939876556396,0.37923508882522583,3.6777727603912354,0.11856265366077423,3.7767691612243652
884,2,0,0,0.18973961472511292,3.6224019527435303,0.27370157837867737,3.7101924419403076,0.3809390962123871,3.684602975845337,0.1203962042927742,3.7422611713409424
885,2,0,0,0.16487213969230652,3.6230034828186035,0.19341418147087097,3.7729721069335938,0.3337751030921936,3.7216897010803223,0.0782645046710968,3.847975492477417
886,2,0,0,0.16390305757522583,3.62807035446167,0.19586056470870972,3.796107769012451,0.32566365599632263,3.7680609226226807,0.08097496628761292,3.947329521179199
887,2,0,0,0.16068190336227417,3.6154048442840576,0.1755819469690323,3.7391600608825684,0.32043206691741943,3.6748039722442627,0.06550940871238708,3.745056390762329
888,2,0,0,0.16588358581066132,3.6228091716766357,0.19570611417293549,3.792459011077881,0.3272082209587097,3.714063882827759,0.07587292790412903,3.9012346267700195
889,2,0,0,0.18649603426456451,3.610825300216675,0.27159398794174194,3.6946065425872803,0.3673867881298065,3.6445155143737793,0.11599170416593552,3.7513744831085205
890,2,0,0,0.16813068091869354,3.6220123767852783,0.20191924273967743,3.762053966522217,0.33222058415412903,3.7360448837280273,0.08699378371238708,3.923940420150757
891,2,3,0,0.1745705008506775,3.6309473514556885,0.2622867524623871,3.821207284927368,0.38465601205825806,3.7943577766418457,0.12230946868658066,3.9587745666503906
892,2,0,0,0.16711176931858063,3.627549171447754,0.20982640981674194,3.7948851585388184,0.34281328320503235,3.766176462173462,0.09076052159070969,3.940272331237793
893,2,0,0,0.17036281526088715,3.635958194732666,0.23042888939380646,3.8118622303009033,0.35362523794174194,3.7268013954162598,0.10233975946903229,3.9076921939849854
894,2,0,0,0.16235102713108063,3.62276554107666,0.1895926296710968,3.7999579906463623,0.3242087662220001,3.7546334266662598,0.07730787247419357,4.063676357269287
895,2,0,0,0.17199955880641937,3.6259522438049316,0.2263432741165161,3.7642643451690674,0.361328125,3.712768793106079,0.10140305757522583,3.8333332538604736
896,2,0,0,0.17008380591869354,3.6175355911254883,0.22440509498119354,3.759697198867798,0.3477858006954193,3.691871404647827,0.09773596376180649,3.823613405227661
897,2,0,0,0.16725625097751617,3.6227173805236816,0.19872049987316132,3.8099238872528076,0.32949018478393555,3.7566914558410645,0.08165258169174194,3.9851109981536865
898,2,0,0,0.18322254717350006,3.629869222640991,0.27658143639564514,3.7696492671966553,0.3957369923591614,3.6959433555603027,0.12396364659070969,3.8282957077026367
899,2,0,0,0.16840720176696777,3.6246449947357178,0.22877471148967743,3.804316520690918,0.3589664399623871,3.818366050720215,0.104910708963871,4.025266170501709
900,2,0,0,0.1664067506790161,3.6270041465759277,0.20615433156490326,3.7916183471679688,0.33449259400367737,3.741978645324707,0.09048150479793549,3.9165198802948
901,2,0,0,0.17671296000480652,3.628922700881958,0.2477778196334839,3.7805750370025635,0.37664419412612915,3.7179670333862305,0.10829878598451614,3.836768388748169
902,2,0,0,0.1671067774295807,3.616595506668091,0.20530731976032257,3.7703733444213867,0.3378208577632904,3.7318663597106934,0.08699378371238708,3.9248569011688232
903,2,0,0,0.18719108402729034,3.63606595993042,0.29132452607154846,3.7448434829711914,0.3950992524623871,3.685868501663208,0.12488041818141937,3.7523140907287598
904,2,0,0,0.16179797053337097,3.6163487434387207,0.183942511677742,3.784278631210327,0.31943556666374207,3.752246141433716,0.07360092550516129,4.036014080047607
905,2,0,0,0.16738829016685486,3.6273906230926514,0.20566605031490326,3.808105945587158,0.32949018478393555,3.74102520942688,0.08976402878761292,4.003330230712891
906,2,0,0,0.18550950288772583,3.6306586265563965,0.27479273080825806,3.706266403198242,0.3885223865509033,3.6637768745422363,0.12129304558038712,3.7137691974639893
907,2,0,0,0.1885214000940323,3.6303882598876953,0.3026995062828064,3.7344987392425537,0.4035494923591614,3.6717782020568848,0.12852758169174194,3.7273995876312256
908,2,0,0,0.16827766597270966,3.61997389793396,0.2067273110151291,3.7701430320739746,0.33673468232154846,3.7199337482452393,0.09038185328245163,3.9228224754333496
909,2,0,0,0.16593092679977417,3.6280064582824707,0.20892956852912903,3.827486753463745,0.3384685814380646,3.788994789123535,0.09145806729793549,3.993898391723633
910,2,0,0,0.1760004758834839,3.628892421722412,0.25247129797935486,3.8212029933929443,0.37670400738716125,3.789566993713379,0.11344068497419357,3.9711875915527344
911,2,0,0,0.16295140981674194,3.623253345489502,0.2021484375,3.7864291667938232,0.3390066921710968,3.777895450592041,0.0870535671710968,3.9823718070983887
912,2,0,0,0.16912218928337097,3.627734422683716,0.22175441682338715,3.8196239471435547,0.35083505511283875,3.7890477180480957,0.098074771463871,3.9912619590759277
913,2,0,0,0.18311792612075806,3.6324331760406494,0.27795159816741943,3.778958797454834,0.3907645046710968,3.7109451293945312,0.12846778333187103,3.8167855739593506
914,2,0,0,0.16669821739196777,3.6274919509887695,0.2008230984210968,3.7812981605529785,0.3337651491165161,3.779721736907959,0.08759167790412903,3.954493761062622
915,2,0,0,0.16748295724391937,3.6190185546875,0.20696647465229034,3.7857916355133057,0.3381795883178711,3.7543094158172607,0.0901227667927742,3.973905324935913
916,2,0,0,0.1670893430709839,3.621818780899048,0.2020886391401291,3.8107001781463623,0.3330974876880646,3.7505908012390137,0.0848214253783226,3.9960055351257324
917,2,0,0,0.17980708181858063,3.63672137260437,0.2598602771759033,3.7810757160186768,0.3754284977912903,3.7137625217437744,0.11776546388864517,3.825012683868408
918,2,0,0,0.1669149547815323,3.619229555130005,0.2036481499671936,3.7727105617523193,0.3378109037876129,3.7419469356536865,0.09008290618658066,3.9561946392059326
919,2,0,0,0.1711076945066452,3.6260993480682373,0.21523237228393555,3.7764017581939697,0.33987364172935486,3.7134313583374023,0.0959821417927742,3.881852149963379
920,2,0,0,0.1676274538040161,3.6289923191070557,0.20244239270687103,3.7938272953033447,0.3353196680545807,3.754918336868286,0.09050143510103226,3.9638845920562744
921,2,0,0,0.17607520520687103,3.6270833015441895,0.24355268478393555,3.820976972579956,0.35759127140045166,3.730556011199951,0.10712292790412903,3.918883800506592
922,2,0,0,0.16531309485435486,3.6276559829711914,0.20103734731674194,3.8121142387390137,0.3349708914756775,3.7683475017547607,0.08284837007522583,3.952369451522827
923,2,0,0,0.18677255511283875,3.6218454837799072,0.2752610743045807,3.733917474746704,0.3795439898967743,3.653355360031128,0.12037627398967743,3.7981789112091064
924,2,0,0,0.17422173917293549,3.62697696685791,0.24873943626880646,3.7674217224121094,0.37518933415412903,3.7073915004730225,0.11071030050516129,3.79621958732605
925,2,0,0,0.1708012819290161,3.625399351119995,0.21571069955825806,3.816856861114502,0.34470662474632263,3.7753238677978516,0.09540417790412903,3.996866464614868
926,2,0,0,0.17295369505882263,3.627626895904541,0.23350805044174194,3.7913413047790527,0.36290258169174194,3.7355704307556152,0.10315688699483871,3.8746135234832764
927,2,0,0,0.1731131374835968,3.6270058155059814,0.24209780991077423,3.7551965713500977,0.3592255115509033,3.707009792327881,0.10995296388864517,3.8368678092956543
928,2,0,0,0.16786660254001617,3.625157594680786,0.20690669119358063,3.804922103881836,0.33129385113716125,3.7485711574554443,0.08304767310619354,3.990400791168213
929,2,0,0,0.16074666380882263,3.6116697788238525,0.1814213991165161,3.7590904235839844,0.3199736773967743,3.727623701095581,0.06628666818141937,3.862898349761963
930,2,0,0,0.17403987050056458,3.6264724731445312,0.24531647562980652,3.7855634689331055,0.37113359570503235,3.7324132919311523,0.10975366830825806,3.891955614089966
931,2,0,0,0.1953822523355484,3.624483585357666,0.29285913705825806,3.6988329887390137,0.3946807086467743,3.6405181884765625,0.12099409848451614,3.736616611480713
932,2,0,0,0.1770891398191452,3.625349998474121,0.24486805498600006,3.753265857696533,0.3729671537876129,3.693331241607666,0.10746173560619354,3.7767062187194824
933,2,0,0,0.18307806551456451,3.620065689086914,0.27033841609954834,3.743079423904419,0.3907645046710968,3.680598735809326,0.12141262739896774,3.7943203449249268
934,2,0,0,0.1784842312335968,3.628655195236206,0.2481614649295807,3.7614593505859375,0.36268335580825806,3.703016757965088,0.11005261540412903,3.8272364139556885
935,2,0,0,0.16293646395206451,3.60935115814209,0.19477438926696777,3.7701575756073,0.33310744166374207,3.7691755294799805,0.08402423560619354,4.028700351715088
936,2,0,0,0.18335209786891937,3.6272776126861572,0.26125040650367737,3.7473204135894775,0.38355985283851624,3.6773011684417725,0.11828363686800003,3.786015272140503
937,2,0,0,0.17194972932338715,3.6272926330566406,0.23613879084587097,3.7450098991394043,0.3544822037220001,3.6897366046905518,0.10530930757522583,3.822293758392334
938,2,0,0,0.16197235882282257,3.6181459426879883,0.18542729318141937,3.793959617614746,0.32027262449264526,3.752458095550537,0.06881775707006454,3.9664061069488525
939,2,0,0,0.16964036226272583,3.625420331954956,0.21521244943141937,3.805389642715454,0.3335558772087097,3.738236904144287,0.09480627626180649,3.9550137519836426
940,2,0,0,0.16786162555217743,3.6307120323181152,0.2141212821006775,3.827876567840576,0.3491808772087097,3.783339500427246,0.09781568497419357,3.965362787246704
941,2,0,0,0.16443617641925812,3.6252613067626953,0.19352877140045166,3.8157148361206055,0.3209402859210968,3.754152774810791,0.08344626426696777,3.9985671043395996
942,2,0,0,0.16684022545814514,3.623687982559204,0.22260144352912903,3.8004565238952637,0.3477858006954193,3.797656297683716,0.10204081237316132,4.022656440734863
943,2,0,0,0.17680016160011292,3.628584384918213,0.24391640722751617,3.818772315979004,0.37523916363716125,3.7407584190368652,0.11282286047935486,3.9003710746765137
944,2,0,0,0.16568179428577423,3.6186208724975586,0.1999162882566452,3.7804555892944336,0.3406708240509033,3.7731008529663086,0.08240991830825806,3.9286577701568604
945,2,0,0,0.17525559663772583,3.6294901371002197,0.24071766436100006,3.799039602279663,0.3715720474720001,3.763221502304077,0.11678890138864517,3.943856716156006
946,2,0,0,0.16788405179977417,3.616886854171753,0.20755939185619354,3.7887799739837646,0.3322604298591614,3.7928500175476074,0.09721779078245163,4.013530254364014
947,2,0,0,0.18492655456066132,3.619835376739502,0.2662976384162903,3.7074859142303467,0.3773019015789032,3.6816680431365967,0.1201171875,3.753110885620117
948,2,3,0,0.16551239788532257,3.6260123252868652,0.19141122698783875,3.7808783054351807,0.3203025162220001,3.706716775894165,0.07358099520206451,3.9092633724212646
949,2,0,0,0.17034786939620972,3.6270785331726074,0.23118123412132263,3.777926206588745,0.35069555044174194,3.7150001525878906,0.10311702638864517,3.8989176750183105
950,2,0,0,0.17098064720630646,3.642402410507202,0.23863500356674194,3.817413091659546,0.36170679330825806,3.77180552482605,0.10648517310619354,3.951338291168213
951,2,0,0,0.18844416737556458,3.6317968368530273,0.2923060655593872,3.750507116317749,0.39672353863716125,3.6547272205352783,0.12906569242477417,3.761890172958374
952,2,0,0,0.16221649944782257,3.6200413703918457,0.18875059485435486,3.786104679107666,0.3232421875,3.7768359184265137,0.08280850946903229,4.0264739990234375
953,2,0,0,0.16725127398967743,3.6218273639678955,0.21012535691261292,3.783676862716675,0.3403220474720001,3.7437925338745117,0.09233497828245163,3.9453916549682617
954,2,0,0,0.1704350709915161,3.6319758892059326,0.2338618040084839,3.803736925125122,0.36181640625,3.766366481781006,0.1026785671710968,3.9268245697021484
955,2,0,0,0.171491339802742,3.635056257247925,0.2537318468093872,3.8199312686920166,0.383021742105484,3.7911126613616943,0.11555325239896774,3.9401516914367676
956,2,0,0,0.17046496272087097,3.6313536167144775,0.22185905277729034,3.785820245742798,0.3496691584587097,3.726560354232788,0.09652024507522583,3.920916795730591
957,2,0,0,0.17144650220870972,3.6291921138763428,0.220319464802742,3.785635232925415,0.3460618555545807,3.733039617538452,0.09622129797935486,3.902651309967041
958,2,0,0,0.16680783033370972,3.6229279041290283,0.19966217875480652,3.812542200088501,0.33316725492477417,3.7803733348846436,0.08155293017625809,3.9841153621673584
959,2,0,0,0.18998375535011292,3.622283935546875,0.2896454334259033,3.728398561477661,0.39366430044174194,3.689659595489502,0.12783002853393555,3.7761147022247314
960,2,0,0,0.16841217875480652,3.626357316970825,0.217633917927742,3.8035714626312256,0.34244459867477417,3.7504727840423584,0.09343112260103226,3.9865615367889404
961,2,0,0,0.17051976919174194,3.624138116836548,0.2167370766401291,3.764390707015991,0.3509247303009033,3.7241594791412354,0.09307238459587097,3.8376872539520264
962,2,0,0,0.16718152165412903,3.6223998069763184,0.21811722218990326,3.783539295196533,0.3395547568798065,3.7385473251342773,0.09237483888864517,3.9417476654052734
963,2,0,0,0.16960547864437103,3.627047300338745,0.20974668860435486,3.79276442527771,0.3408900499343872,3.7669034004211426,0.09197624027729034,3.9534127712249756
964,2,0,0,0.18140146136283875,3.6407246589660645,0.28323301672935486,3.7658233642578125,0.3996133506298065,3.703855276107788,0.12488041818141937,3.7631661891937256
965,2,0,0,0.16883818805217743,3.6264145374298096,0.21469925343990326,3.8273420333862305,0.3396245241165161,3.768646240234375,0.09231504797935486,4.0038862228393555
966,2,0,0,0.17707419395446777,3.626781463623047,0.25007474422454834,3.7582833766937256,0.3632015287876129,3.70393443107605,0.11316166818141937,3.792004108428955
967,2,0,0,0.16290906071662903,3.612114429473877,0.19341418147087097,3.748138904571533,0.33186185359954834,3.7326366901397705,0.07928092777729034,3.893162488937378
968,2,0,0,0.17682258784770966,3.636337995529175,0.25384145975112915,3.8072702884674072,0.36986806988716125,3.7371554374694824,0.11447703838348389,3.891190767288208
969,2,0,0,0.1681256890296936,3.6265947818756104,0.20398198068141937,3.791597366333008,0.3401925265789032,3.7670698165893555,0.08749202638864517,3.97312068939209
970,2,0,0,0.18266451358795166,3.631370782852173,0.2732531428337097,3.7535510063171387,0.3717115819454193,3.6885690689086914,0.1241629421710968,3.8150882720947266
971,2,0,0,0.17013362050056458,3.6178085803985596,0.21821188926696777,3.747990608215332,0.35097455978393555,3.701428174972534,0.09731744229793549,3.8363711833953857
972,2,0,0,0.17092584073543549,3.6243021488189697,0.22997547686100006,3.773338794708252,0.364467054605484,3.7226247787475586,0.1036551296710968,3.895789384841919
973,2,0,0,0.16518354415893555,3.6207282543182373,0.19736526906490326,3.8176310062408447,0.3205915093421936,3.774897336959839,0.08533960580825806,4.092947006225586
974,2,0,0,0.1675950586795807,3.6246097087860107,0.21004065871238708,3.817582368850708,0.34163743257522583,3.765079975128174,0.08986368030309677,4.02439546585083
975,2,0,0,0.16691993176937103,3.6172261238098145,0.20989616215229034,3.7812328338623047,0.35619619488716125,3.773730516433716,0.09867267310619354,3.945263624191284
976,2,0,0,0.17418934404850006,3.628366231918335,0.2431740164756775,3.7763595581054688,0.37063536047935486,3.7155723571777344,0.1061662957072258,3.8165946006774902
977,2,0,0,0.17248286306858063,3.629730224609375,0.248291015625,3.8191962242126465,0.36736685037612915,3.8015244007110596,0.11487563699483871,4.009541988372803
978,2,0,0,0.16372866928577423,3.621511936187744,0.18956273794174194,3.794748544692993,0.3212192952632904,3.745556116104126,0.0743582546710968,3.94934344291687
979,2,0,0,0.1660504937171936,3.6178174018859863,0.19752471148967743,3.7691705226898193,0.3290517330169678,3.744980573654175,0.08181201666593552,3.9269185066223145
980,2,0,0,0.17378826439380646,3.626189708709717,0.2389439195394516,3.744375228881836,0.35265862941741943,3.6776208877563477,0.10726243257522583,3.8229281902313232
981,2,0,0,0.16521593928337097,3.621661901473999,0.19550183415412903,3.8021814823150635,0.32201650738716125,3.754138946533203,0.07886240631341934,3.9916603565216064
982,2,0,0,0.17574387788772583,3.6305761337280273,0.23119617998600006,3.8066678047180176,0.35111406445503235,3.6673195362091064,0.09644052386283875,3.8458359241485596
983,2,0,0,0.16321547329425812,3.616551637649536,0.1877889782190323,3.777155637741089,0.32402941584587097,3.7490851879119873,0.07421875,3.8968851566314697
984,2,0,0,0.16701211035251617,3.621166467666626,0.21053391695022583,3.783291816711426,0.3554189205169678,3.781254291534424,0.09592235088348389,3.9765219688415527
985,2,0,0,0.17120735347270966,3.627713680267334,0.23136059939861298,3.803553342819214,0.3660016655921936,3.7525389194488525,0.10397400707006454,3.9499711990356445
986,2,0,0,0.1600590944290161,3.609628200531006,0.17880560457706451,3.7404353618621826,0.31777143478393555,3.713945150375366,0.06678491830825806,3.8863027095794678
987,2,0,0,0.18632662296295166,3.6308746337890625,0.29093092679977417,3.713466167449951,0.3977299928665161,3.6736903190612793,0.12589684128761292,3.7294602394104004
988,2,1,0,0.20198151469230652,3.638282060623169,0.33773118257522583,3.7356159687042236,0.4234693646430969,3.6607210636138916,0.15334023535251617,3.7282297611236572
989,2,0,0,0.16964036226272583,3.632263660430908,0.21957209706306458,3.8019015789031982,0.3519710600376129,3.7704765796661377,0.09763631969690323,3.97448468208313
990,2,0,0,0.16459810733795166,3.623450517654419,0.20048926770687103,3.7973358631134033,0.33561861515045166,3.7649941444396973,0.0871930792927742,4.0685715675354
991,2,0,0,0.17212162911891937,3.630964994430542,0.25167909264564514,3.7466790676116943,0.3743024468421936,3.6841487884521484,0.11057078838348389,3.7791996002197266
992,2,0,0,0.16610530018806458,3.613129138946533,0.19847138226032257,3.7833759784698486,0.33108457922935486,3.7546727657318115,0.08462212979793549,3.967498779296875
993,2,0,0,0.16297133266925812,3.617368221282959,0.18863599002361298,3.801135778427124,0.322474867105484,3.7521398067474365,0.07667011767625809,4.036652088165283
994,2,0,0,0.16914710402488708,3.6288201808929443,0.2157854288816452,3.8092312812805176,0.33582788705825806,3.7611939907073975,0.09642060101032257,3.9857378005981445
995,2,0,0,0.1696179360151291,3.629380464553833,0.21481385827064514,3.778749465942383,0.34942999482154846,3.7560598850250244,0.09663982689380646,3.8948237895965576
996,2,3,0,0.17232590913772583,3.620964765548706,0.22605927288532257,3.748936653137207,0.35349568724632263,3.6868410110473633,0.10204081237316132,3.7777342796325684
997,2,0,0,0.17973482608795166,3.617433786392212,0.24254125356674194,3.729349374771118,0.3731066584587097,3.671358346939087,0.10670439898967743,3.7566306591033936
998,2,0,0,0.1829310804605484,3.623587131500244,0.26552534103393555,3.761277437210083,0.3867685794830322,3.701620578765869,0.11840321868658066,3.8141727447509766
999,2,0,0,0.18538743257522583,3.6256046295166016,0.27815091609954834,3.7722208499908447,0.3851343095302582,3.7131361961364746,0.13125796616077423,3.7916793823242188
1000,2,0,0,0.17033043503761292,3.6330807209014893,0.23193857073783875,3.8054606914520264,0.36328125,3.763742685317993,0.10243941098451614,3.9048638343811035
1001,2,0,0,0.17063935101032257,3.626605987548828,0.22208325564861298,3.8050613403320312,0.3583486080169678,3.751258373260498,0.09739716351032257,3.9361572265625
1002,2,0,0,0.16529066860675812,3.622767448425293,0.19327466189861298,3.806243658065796,0.32140862941741943,3.765052318572998,0.07870296388864517,3.9994935989379883
1003,2,0,0,0.17353415489196777,3.626704692840576,0.23603913187980652,3.772596836090088,0.35342592000961304,3.692023515701294,0.10610650479793549,3.8974454402923584
1004,2,0,0,0.16727867722511292,3.6319119930267334,0.21540676057338715,3.851548671722412,0.33980387449264526,3.8054251670837402,0.09080038219690323,4.091527462005615
1005,2,0,0,0.16678042709827423,3.6182801723480225,0.19958744943141937,3.7797694206237793,0.33771124482154846,3.7401888370513916,0.08059629797935486,3.9057862758636475
1006,2,0,0,0.17982949316501617,3.628676414489746,0.26393595337867737,3.7534027099609375,0.37770047783851624,3.688441514968872,0.11463648080825806,3.767385244369507
1007,2,0,0,0.1635991334915161,3.6291608810424805,0.1911870241165161,3.788257122039795,0.32362085580825806,3.7548036575317383,0.07623166590929031,3.9281046390533447
1008,2,0,0,0.18120963871479034,3.63043212890625,0.26646703481674194,3.7474617958068848,0.37253865599632263,3.6697070598602295,0.12047592550516129,3.8319272994995117
1009,2,0,0,0.17925402522087097,3.628582239151001,0.2600595951080322,3.7968196868896484,0.3840581178665161,3.7306764125823975,0.11682876199483871,3.8606278896331787
1010,2,0,0,0.16548997163772583,3.6185100078582764,0.19467972218990326,3.7935914993286133,0.32936063408851624,3.7528138160705566,0.07623166590929031,3.915555477142334
1011,2,0,0,0.17104791104793549,3.6211185455322266,0.21869519352912903,3.7775955200195312,0.3451450765132904,3.723149299621582,0.09925063699483871,3.8803212642669678
1012,2,0,0,0.16070182621479034,3.6119492053985596,0.181501105427742,3.771329641342163,0.314662367105484,3.7203028202056885,0.07224569469690323,3.9125516414642334
1013,2,0,0,0.16315817832946777,3.623990297317505,0.19574597477912903,3.821620464324951,0.3243682086467743,3.797609806060791,0.08410394936800003,4.114928722381592
1014,2,0,0,0.1669573038816452,3.620877981185913,0.20841637253761292,3.7815444469451904,0.3417370915412903,3.7772204875946045,0.09127869457006454,3.978821039199829
1015,2,0,0,0.18207161128520966,3.6197168827056885,0.2638113796710968,3.7355897426605225,0.3780193626880646,3.6812970638275146,0.11740672588348389,3.7917160987854004
1016,2,0,0,0.18111248314380646,3.623425006866455,0.26389607787132263,3.7688283920288086,0.38453641533851624,3.720956802368164,0.11631058156490326,3.8546950817108154
1017,2,0,0,0.18073132634162903,3.623361349105835,0.25455397367477417,3.724173069000244,0.3704559803009033,3.6587584018707275,0.10991310328245163,3.7834994792938232
1018,2,0,0,0.18797831237316132,3.6253843307495117,0.27916234731674194,3.7323708534240723,0.396205335855484,3.6942152976989746,0.12203045189380646,3.7705373764038086
1019,2,0,0,0.17403987050056458,3.6372225284576416,0.2599399983882904,3.7778077125549316,0.38278260827064514,3.7247025966644287,0.11764588207006454,3.8319499492645264
1020,2,3,0,0.16626225411891937,3.6275789737701416,0.2049485743045807,3.783463716506958,0.33987364172935486,3.7508723735809326,0.07545439898967743,3.9458532333374023
1021,2,0,0,0.17042510211467743,3.6339423656463623,0.23030433058738708,3.823010206222534,0.3591557741165161,3.7687973976135254,0.10534916818141937,3.934922456741333
1022,2,0,0,0.17149633169174194,3.633875608444214,0.238037109375,3.796232223510742,0.36016222834587097,3.7273054122924805,0.10636559128761292,3.855536699295044
1023,2,0,0,0.16736836731433868,3.6283583641052246,0.2127162367105484,3.826388359069824,0.33954480290412903,3.7922170162200928,0.09476642310619354,3.9890642166137695
1024,2,0,0,0.16448351740837097,3.6193714141845703,0.1938576102256775,3.802919626235962,0.32166773080825806,3.749194622039795,0.07969945669174194,4.048262119293213
1025,2,0,0,0.17886538803577423,3.621563196182251,0.2466268688440323,3.741267442703247,0.372090220451355,3.675870418548584,0.10507015138864517,3.7945752143859863
1026,2,0,0,0.16198231279850006,3.610464334487915,0.18396742641925812,3.751103639602661,0.3265106678009033,3.7158029079437256,0.07316246628761292,3.8684282302856445
1027,2,0,0,0.17204688489437103,3.6272425651550293,0.2346290946006775,3.806013822555542,0.3610391318798065,3.747039794921875,0.1030970960855484,3.9159095287323
1028,2,0,0,0.1662946343421936,3.6309473514556885,0.2021583914756775,3.8149800300598145,0.3426937162876129,3.813899278640747,0.09044164419174194,3.9733362197875977
1029,2,0,0,0.17139418423175812,3.624645709991455,0.22629842162132263,3.7904622554779053,0.36833345890045166,3.751075506210327,0.10397400707006454,3.903392791748047
1030,2,0,0,0.19030262529850006,3.6191205978393555,0.2962372303009033,3.724266767501831,0.39716199040412903,3.659749984741211,0.12669403851032257,3.755073070526123
1031,2,0,0,0.16602559387683868,3.6251425743103027,0.22526207566261292,3.776625156402588,0.35705316066741943,3.759035587310791,0.10106424987316132,3.953066349029541
1032,2,0,0,0.16658112406730652,3.6219959259033203,0.20161530375480652,3.801359176635742,0.3380301296710968,3.7571191787719727,0.0810546875,3.902139186859131
1033,2,0,0,0.17577128112316132,3.634134531021118,0.2546984553337097,3.7984702587127686,0.37992265820503235,3.7493574619293213,0.11597177386283875,3.890702962875366
1034,2,0,0,0.16691993176937103,3.624210834503174,0.20068359375,3.804434299468994,0.333984375,3.76139760017395,0.08073581010103226,3.9328560829162598
1035,2,0,0,0.165387824177742,3.620985746383667,0.1972755789756775,3.7869880199432373,0.3256038725376129,3.7462892532348633,0.08121412247419357,3.9553375244140625
1036,2,0,0,0.17663823068141937,3.629992723464966,0.2535425126552582,3.8003811836242676,0.37197065353393555,3.767895460128784,0.11192601919174194,3.924501419067383
1037,2,0,0,0.16928412020206451,3.6269867420196533,0.2174595445394516,3.777454376220703,0.3513532280921936,3.734025239944458,0.0950055792927742,3.869309902191162
1038,2,0,0,0.16595833003520966,3.620081901550293,0.19539222121238708,3.7884535789489746,0.32370057702064514,3.7680397033691406,0.0849609375,3.9676284790039062
1039,2,0,0,0.16873355209827423,3.634185314178467,0.21199876070022583,3.8273284435272217,0.3363659977912903,3.7730114459991455,0.09492585808038712,3.969557046890259
1040,2,0,0,0.1684918999671936,3.625927686691284,0.20351861417293549,3.780571460723877,0.3358577787876129,3.747359275817871,0.08912627398967743,3.95102858543396
1041,2,0,0,0.1710728257894516,3.6268820762634277,0.23820152878761292,3.7680723667144775,0.3584482669830322,3.7398738861083984,0.10803969949483871,3.890979528427124
1042,2,0,0,0.18570630252361298,3.6222097873687744,0.2823062837123871,3.726950168609619,0.3964743912220001,3.6831376552581787,0.1238839253783226,3.725386142730713
1043,2,0,0,0.17361138761043549,3.6289658546447754,0.2354213148355484,3.771132230758667,0.35175183415412903,3.7022862434387207,0.10512994229793549,3.911658763885498
1044,2,0,0,0.16789649426937103,3.6194229125976562,0.20587033033370972,3.762869358062744,0.33694395422935486,3.7528464794158936,0.09097974747419357,3.9393208026885986
1045,2,0,0,0.1662946343421936,3.6236817836761475,0.19962731003761292,3.7672839164733887,0.3321009874343872,3.7541332244873047,0.08563855290412903,3.9390273094177246
1046,2,0,0,0.20014548301696777,3.6300971508026123,0.3231026828289032,3.6901676654815674,0.4074557423591614,3.6280906200408936,0.1300821155309677,3.6972575187683105
1047,2,0,0,0.1697400063276291,3.6226463317871094,0.22076290845870972,3.7877583503723145,0.3560965359210968,3.747838258743286,0.10084502398967743,3.9009881019592285
1048,2,0,0,0.16954569518566132,3.621126413345337,0.21462950110435486,3.7967824935913086,0.33658522367477417,3.7651655673980713,0.09466677159070969,3.956421136856079
1049,2,0,0,0.1793387234210968,3.6234233379364014,0.24911810457706451,3.7578952312469482,0.37623563408851624,3.6879966259002686,0.11055085808038712,3.7897963523864746
1050,2,0,0,0.1668875515460968,3.629377603530884,0.1992885023355484,3.8058152198791504,0.3305165767669678,3.7548842430114746,0.08647560328245163,4.006453037261963
1051,2,0,0,0.16497179865837097,3.62125301361084,0.19847635924816132,3.761566400527954,0.33087530732154846,3.7409048080444336,0.0837053582072258,3.9269046783447266
1052,2,3,0,0.16954320669174194,3.6306865215301514,0.20947265625,3.8307645320892334,0.330078125,3.7563095092773438,0.09072066098451614,4.00197696685791
1053,2,0,0,0.1663743555545807,3.6258535385131836,0.1982421875,3.792022705078125,0.3280751705169678,3.7472586631774902,0.08219068497419357,3.9849660396575928
1054,2,0,0,0.16277951002120972,3.62160062789917,0.2110520899295807,3.786113977432251,0.34085020422935486,3.774038791656494,0.08932556957006454,4.031459331512451
1055,2,0,0,0.16595333814620972,3.623072862625122,0.19599509239196777,3.7940616607666016,0.3210200071334839,3.7472915649414062,0.08276865631341934,3.9643630981445312
1056,2,0,0,0.1682054102420807,3.6288599967956543,0.20785334706306458,3.802238941192627,0.3414381444454193,3.7927563190460205,0.09323181957006454,3.975416898727417
1057,2,0,0,0.18713876605033875,3.630732536315918,0.2854352593421936,3.7587802410125732,0.3940529227256775,3.6933541297912598,0.12559789419174194,3.769914388656616
1058,2,0,0,0.19288603961467743,3.625113010406494,0.29259008169174194,3.701110363006592,0.3981684446334839,3.6533772945404053,0.12711256742477417,3.711665153503418
1059,2,0,0,0.18095801770687103,3.6358931064605713,0.2812250852584839,3.7275657653808594,0.3936244249343872,3.6790714263916016,0.1251993030309677,3.737504005432129
1060,2,0,0,0.16928412020206451,3.62937068939209,0.2197016477584839,3.8030388355255127,0.35283800959587097,3.772876262664795,0.09941007196903229,3.943063259124756
1061,2,0,0,0.17715391516685486,3.63199782371521,0.26866430044174194,3.801713705062866,0.39088407158851624,3.758807897567749,0.12585698068141937,3.859699010848999
1062,2,0,0,0.16202467679977417,3.611811637878418,0.18820253014564514,3.7558839321136475,0.3277064561843872,3.744420051574707,0.07657047361135483,3.958354949951172
1063,2,0,0,0.17497408390045166,3.6320831775665283,0.24518194794654846,3.8244426250457764,0.3675462305545807,3.77640700340271,0.11067043989896774,3.9675850868225098
1064,2,0,0,0.18061423301696777,3.6263723373413086,0.2531289756298065,3.7396857738494873,0.37991270422935486,3.6995935440063477,0.11192601919174194,3.799501419067383
1065,2,0,0,0.16944105923175812,3.6270382404327393,0.2256108522415161,3.75610089302063,0.35816922783851624,3.7233119010925293,0.1023995503783226,3.8394317626953125
1066,2,0,0,0.16542519629001617,3.6263270378112793,0.19200414419174194,3.808438777923584,0.32990872859954834,3.7528316974639893,0.0792410671710968,3.9358651638031006
1067,2,0,0,0.1692866086959839,3.630082607269287,0.22280572354793549,3.782839059829712,0.3580496609210968,3.742116928100586,0.09795519709587097,3.887080430984497
1068,2,0,0,0.16633449494838715,3.6180355548858643,0.20190927386283875,3.7872371673583984,0.3377511203289032,3.756446599960327,0.08205118030309677,3.9242167472839355
1069,2,0,0,0.1913987696170807,3.620755195617676,0.2901636064052582,3.723491907119751,0.4000418484210968,3.6800596714019775,0.12492027878761292,3.7142629623413086
1070,3,3,1,0.16264000535011292,3.609910488128662,0.17791374027729034,3.73445725440979,0.32488638162612915,3.6799681186676025,0.06796077638864517,3.7612903118133545
1071,3,3,1,0.16280193626880646,3.6092424392700195,0.1793736070394516,3.7382571697235107,0.3234414756298065,3.680417776107788,0.06869818270206451,3.7206265926361084
1072,3,3,1,0.18210896849632263,3.617154598236084,0.2503587305545807,3.7344372272491455,0.3584582209587097,3.6748859882354736,0.10237962007522583,3.80066180229187
1073,3,3,1,0.16739577054977417,3.62353777885437,0.20449517667293549,3.781789779663086,0.33812978863716125,3.7670340538024902,0.08625637739896774,3.947319746017456
1074,3,0,0,0.16094596683979034,3.6153547763824463,0.17561683058738708,3.7356371879577637,0.3231126368045807,3.6721973419189453,0.0658482164144516,3.7130751609802246
1075,3,3,1,0.16089864075183868,3.607391595840454,0.18504862487316132,3.763462543487549,0.3206612765789032,3.7527270317077637,0.07555405050516129,3.920337677001953
1076,3,3,1,0.1614018678665161,3.622769594192505,0.18060925602912903,3.7839112281799316,0.3099190890789032,3.686762571334839,0.06686463207006454,3.830104351043701
1077,3,3,1,0.16188515722751617,3.6132466793060303,0.17994658648967743,3.744600772857666,0.32096022367477417,3.6791269779205322,0.06776148080825806,3.7211763858795166
1078,3,3,1,0.16516362130641937,3.6247096061706543,0.19758948683738708,3.834707736968994,0.3169642686843872,3.7474849224090576,0.08111447840929031,4.101474285125732
1079,3,3,1,0.1586839258670807,3.6012213230133057,0.1720145046710968,3.7038581371307373,0.32383009791374207,3.6760315895080566,0.0678013414144516,3.7298648357391357
1080,3,3,1,0.15898536145687103,3.609342098236084,0.17098313570022583,3.7079288959503174,0.32495614886283875,3.687457799911499,0.06720343977212906,3.7197508811950684
1081,3,3,1,0.1630610227584839,3.622375965118408,0.180036261677742,3.783998489379883,0.30848413705825806,3.6698646545410156,0.06369578838348389,3.74655818939209
1082,3,3,1,0.1592245250940323,3.60282564163208,0.17146144807338715,3.692877769470215,0.32363080978393555,3.6797118186950684,0.06796077638864517,3.7387096881866455
1083,3,3,1,0.16580137610435486,3.6116387844085693,0.18818259239196777,3.790780782699585,0.31610730290412903,3.6692516803741455,0.06855867058038712,3.826162815093994
1084,3,3,1,0.1651785671710968,3.626598596572876,0.20319972932338715,3.8341710567474365,0.3376315236091614,3.7988903522491455,0.08968430757522583,4.0068888664245605
1085,3,3,1,0.163312628865242,3.6098084449768066,0.17815788090229034,3.7369186878204346,0.3225346803665161,3.6782524585723877,0.06658561527729034,3.7324154376983643
1086,3,3,1,0.16516362130641937,3.6247096061706543,0.19758948683738708,3.834707736968994,0.3169642686843872,3.7474849224090576,0.08111447840929031,4.101474285125732
1087,3,3,1,0.16211435198783875,3.6147615909576416,0.18249760568141937,3.771622896194458,0.31719347834587097,3.676384687423706,0.06953523308038712,3.806534767150879
1088,3,3,1,0.170148566365242,3.6218979358673096,0.21598473191261292,3.7754504680633545,0.34375,3.6945443153381348,0.092215396463871,3.7652907371520996
1089,3,3,1,0.16114775836467743,3.599867105484009,0.18406209349632263,3.713794708251953,0.32593271136283875,3.6775100231170654,0.07196667790412903,3.7313764095306396
1090,3,0,0,0.159406378865242,3.600872039794922,0.17142657935619354,3.6928153038024902,0.3275569975376129,3.6814212799072266,0.06800063699483871,3.7180538177490234
1091,3,3,1,0.16279694437980652,3.611372947692871,0.180280402302742,3.750241756439209,0.3176717758178711,3.6700963973999023,0.06823979318141937,3.7689836025238037
1092,3,3,1,0.16087372601032257,3.616095781326294,0.17892518639564514,3.758514165878296,0.3211495578289032,3.676616668701172,0.06616709381341934,3.753915548324585
1093,3,3,1,0.16422443091869354,3.6154942512512207,0.1850934624671936,3.7799134254455566,0.3151606321334839,3.670724391937256,0.0686383917927742,3.7999420166015625
1094,3,3,1,0.16943359375,3.6180527210235596,0.2133440226316452,3.781919240951538,0.334681898355484,3.6899304389953613,0.08506058156490326,3.8397376537323
1095,3,3,1,0.16102071106433868,3.6057090759277344,0.17690229415893555,3.73817777633667,0.31720343232154846,3.6609387397766113,0.06540975719690323,3.755941390991211
1096,3,3,1,0.16346460580825806,3.6210527420043945,0.18255241215229034,3.7885313034057617,0.30898237228393555,3.6720094680786133,0.06638631969690323,3.8000600337982178
1097,3,3,1,0.16186772286891937,3.609342098236084,0.17624959349632263,3.7234408855438232,0.3221859037876129,3.658047676086426,0.06748246401548386,3.7046663761138916
1098,3,3,1,0.15963557362556458,3.6011953353881836,0.17236825823783875,3.702153444290161,0.32473692297935486,3.680864095687866,0.06901706010103226,3.739820957183838
1099,3,3,1,0.16248555481433868,3.611011505126953,0.18389767408370972,3.7437751293182373,0.32389986515045166,3.6747169494628906,0.0708705335855484,3.74015736579895
1100,3,1,0,0.17907465994358063,3.6326897144317627,0.2730787694454193,3.827944755554199,0.37503984570503235,3.8235998153686523,0.13390864431858063,4.028426647186279
1101,3,3,1,0.16548249125480652,3.610438585281372,0.18936841189861298,3.7648327350616455,0.32731783390045166,3.702956199645996,0.07302295416593552,3.830240249633789
1102,3,3,1,0.16444365680217743,3.617537021636963,0.19080835580825806,3.7757728099823,0.3218670189380646,3.6896286010742188,0.07083067297935486,3.783905506134033
1103,3,3,1,0.16168087720870972,3.611109495162964,0.17692720890045166,3.7327513694763184,0.321010023355484,3.67799711227417,0.06855867058038712,3.748255729675293
1104,3,3,1,0.16186772286891937,3.609342098236084,0.17624959349632263,3.7234408855438232,0.3221859037876129,3.658047676086426,0.06748246401548386,3.7046663761138916
1105,3,3,1,0.16637186706066132,3.6378719806671143,0.20224310457706451,3.843783140182495,0.3342135548591614,3.7551209926605225,0.08264907449483871,4.061007976531982
1106,3,3,1,0.16292649507522583,3.61195707321167,0.17666812241077423,3.7266342639923096,0.3255440890789032,3.686063289642334,0.06756217777729034,3.7123894691467285
1107,3,3,1,0.16304108500480652,3.621290922164917,0.18256238102912903,3.7933735847473145,0.30980947613716125,3.673367738723755,0.0687779039144516,3.819472551345825
1108,3,3,1,0.16056481003761292,3.6128592491149902,0.1745356321334839,3.7207822799682617,0.3229731321334839,3.6764369010925293,0.06810028851032257,3.742464065551758
1109,3,3,1,0.16105309128761292,3.614079236984253,0.1766531765460968,3.7372443675994873,0.31875795125961304,3.6695010662078857,0.06802056729793549,3.7585701942443848
1110,3,1,0,0.1647700071334839,3.614439010620117,0.21326929330825806,3.8013036251068115,0.3389469087123871,3.7739460468292236,0.09518494457006454,3.9495394229888916
1111,3,0,0,0.16478992998600006,3.6227853298187256,0.19135642051696777,3.7633183002471924,0.3305564224720001,3.6889243125915527,0.07461734861135483,3.8127670288085938
1112,3,3,1,0.16281190514564514,3.618936777114868,0.17997150123119354,3.74247670173645,0.32370057702064514,3.6896934509277344,0.07055165618658066,3.7878530025482178
1113,3,3,1,0.16070431470870972,3.6123270988464355,0.17584103345870972,3.7247817516326904,0.32201650738716125,3.686492443084717,0.06574856489896774,3.706577777862549
1114,3,3,1,0.19096778333187103,3.6193645000457764,0.2761579155921936,3.738804817199707,0.37586694955825806,3.6769797801971436,0.11776546388864517,3.798273801803589
1115,3,0,0,0.16037049889564514,3.6031782627105713,0.17949317395687103,3.744427442550659,0.32466715574264526,3.711611032485962,0.07220583409070969,3.769252061843872
1116,3,3,1,0.16280940175056458,3.6130247116088867,0.18435606360435486,3.7543039321899414,0.3234414756298065,3.7066361904144287,0.06965481489896774,3.8065807819366455
1117,3,3,1,0.16408491134643555,3.613892078399658,0.18720105290412903,3.7569732666015625,0.32545438408851624,3.705113172531128,0.0718470960855484,3.8169209957122803
1118,3,3,1,0.16249799728393555,3.615579128265381,0.17656847834587097,3.7393476963043213,0.3203623294830322,3.6669259071350098,0.06574856489896774,3.702030897140503
1119,3,3,1,0.16064204275608063,3.610656976699829,0.17347437143325806,3.712726593017578,0.3250657618045807,3.6741976737976074,0.06810028851032257,3.7295873165130615
1120,3,3,1,0.15974269807338715,3.6105704307556152,0.17172552645206451,3.7006614208221436,0.32538464665412903,3.677518129348755,0.06660554558038712,3.7094554901123047
1121,3,0,0,0.16769471764564514,3.6316962242126465,0.2175741344690323,3.8410277366638184,0.3389369249343872,3.8091318607330322,0.09199617058038712,4.086655139923096
1122,3,3,1,0.16209940612316132,3.6179842948913574,0.18016581237316132,3.767422676086426,0.31539979577064514,3.666835069656372,0.06662547588348389,3.746933937072754
1123,3,3,1,0.16643913090229034,3.6232001781463623,0.2152722328901291,3.829352378845215,0.33771124482154846,3.798908233642578,0.09875238686800003,4.052472114562988
1124,3,3,1,0.15979501605033875,3.608858346939087,0.17988181114196777,3.7575271129608154,0.31701409816741943,3.728224277496338,0.07413902878761292,3.887096881866455
1125,3,3,1,0.15961316227912903,3.6125800609588623,0.17280173301696777,3.7348480224609375,0.3196049928665161,3.677922248840332,0.06533003598451614,3.710799217224121
1126,3,3,1,0.16387316584587097,3.614426851272583,0.18131676316261292,3.7701079845428467,0.3179209232330322,3.680666923522949,0.06576849520206451,3.7518181800842285
1127,3,3,1,0.16307099163532257,3.6119801998138428,0.17771942913532257,3.7340826988220215,0.3212990164756775,3.664764404296875,0.06680484861135483,3.720763683319092
1128,3,0,0,0.16431161761283875,3.6087543964385986,0.1915806382894516,3.7202932834625244,0.33590760827064514,3.68871808052063,0.07810506969690323,3.7644808292388916
1129,3,3,1,0.16419203579425812,3.613476276397705,0.18584582209587097,3.7730026245117188,0.31798070669174194,3.681197166442871,0.06999362260103226,3.7793281078338623
1130,3,3,1,0.16047263145446777,3.6106653213500977,0.17325514554977417,3.7140021324157715,0.32340162992477417,3.681272029876709,0.06750238686800003,3.7348685264587402
1131,3,3,1,0.16250796616077423,3.6087656021118164,0.1803501695394516,3.747382402420044,0.3197743892669678,3.6723902225494385,0.0691964253783226,3.7805299758911133
1132,3,3,1,0.1591448038816452,3.599433422088623,0.17614994943141937,3.6955647468566895,0.3236009180545807,3.675340175628662,0.06983418017625809,3.7588469982147217
1133,3,3,1,0.16305354237556458,3.6068661212921143,0.18019072711467743,3.7334439754486084,0.3214186131954193,3.6736319065093994,0.0689174085855484,3.7672064304351807
1134,3,3,1,0.1636614054441452,3.624035358428955,0.185302734375,3.7769083976745605,0.32245495915412903,3.7100651264190674,0.07322225719690323,3.8132824897766113
1135,3,3,1,0.16239337623119354,3.6102230548858643,0.1774204820394516,3.735628604888916,0.3251454830169678,3.6749210357666016,0.06670519709587097,3.720346689224243
1136,3,3,1,0.16124989092350006,3.601850748062134,0.1773606836795807,3.7298929691314697,0.3198142349720001,3.660590648651123,0.06847894936800003,3.7462165355682373
1137,3,1,0,0.19528010487556458,3.609157085418701,0.28019869327545166,3.715418577194214,0.37148237228393555,3.6833338737487793,0.12372449040412903,3.786243438720703
1138,3,3,1,0.16283182799816132,3.612771987915039,0.17903977632522583,3.7437524795532227,0.3180703818798065,3.6743319034576416,0.06792091578245163,3.742957830429077
1139,3,3,1,0.2130749672651291,3.6103005409240723,0.33303770422935486,3.6799018383026123,0.3979392349720001,3.6390044689178467,0.1369977593421936,3.7670934200286865
1140,3,3,1,0.1598523110151291,3.612271308898926,0.17292629182338715,3.7092230319976807,0.3228934109210968,3.6828689575195312,0.06869818270206451,3.75834059715271
1141,3,3,1,0.16338488459587097,3.608959436416626,0.17859633266925812,3.7368390560150146,0.32103994488716125,3.6541266441345215,0.06792091578245163,3.7142019271850586
1142,3,3,1,0.16496680676937103,3.625606060028076,0.18736547231674194,3.796250581741333,0.31455275416374207,3.683013439178467,0.06447305530309677,3.782071113586426
1143,3,3,1,0.1500941663980484,3.5653371810913086,0.1619349867105484,3.607335090637207,0.31524035334587097,3.6237080097198486,0.06907685101032257,3.757357120513916
1144,3,3,1,0.17869099974632263,3.635748863220215,0.2603435814380646,3.7884864807128906,0.3676060140132904,3.7288966178894043,0.1141183003783226,3.8492839336395264
1145,3,3,1,0.15981245040893555,3.603273630142212,0.17423668503761292,3.7222189903259277,0.3221958577632904,3.688058614730835,0.0694754421710968,3.75588059425354
1146,3,3,1,0.16218909621238708,3.6141557693481445,0.17776426672935486,3.7446324825286865,0.3215082883834839,3.672762155532837,0.06792091578245163,3.757922649383545
1147,3,3,1,0.16281439363956451,3.61995267868042,0.17711156606674194,3.741131544113159,0.3182796537876129,3.6490607261657715,0.06534996628761292,3.7075328826904297
1148,3,3,1,0.16482481360435486,3.6176657676696777,0.19115711748600006,3.8200228214263916,0.30617228150367737,3.707339286804199,0.07545439898967743,4.012678146362305
1149,3,3,1,0.16045519709587097,3.604210615158081,0.17251275479793549,3.7018253803253174,0.3275669515132904,3.6814005374908447,0.06718350946903229,3.715811252593994
1150,3,0,0,0.1854596734046936,3.6181206703186035,0.25714483857154846,3.7370858192443848,0.3657724857330322,3.6829400062561035,0.11224489659070969,3.8299005031585693
1151,3,3,1,0.1621542125940323,3.609525203704834,0.17837212979793549,3.735111713409424,0.32229551672935486,3.6764369010925293,0.06839923560619354,3.7342658042907715
1152,3,3,1,0.1647426038980484,3.632596969604492,0.2119838148355484,3.889155149459839,0.3224848508834839,3.834960699081421,0.09789540618658066,4.200732707977295
1153,3,3,1,0.1622937172651291,3.610628366470337,0.1781628578901291,3.741036891937256,0.32070112228393555,3.6772520542144775,0.0672433003783226,3.7053942680358887
1154,3,3,1,0.17679019272327423,3.628535270690918,0.24974091351032257,3.814340353012085,0.35153260827064514,3.7773053646087646,0.11641023308038712,3.9738059043884277
1155,3,3,1,0.1624755859375,3.611186981201172,0.17887535691261292,3.740230083465576,0.31992384791374207,3.6676840782165527,0.0662667378783226,3.7431578636169434
1156,3,3,1,0.16267737746238708,3.6171822547912598,0.177734375,3.7637362480163574,0.3197046220302582,3.66670823097229,0.0636160671710968,3.705200433731079
1157,3,3,1,0.16251295804977417,3.6139590740203857,0.17733576893806458,3.735586643218994,0.3236009180545807,3.6843013763427734,0.06702407449483871,3.7392208576202393
1158,3,1,0,0.20684689283370972,3.6150548458099365,0.3153699040412903,3.7282135486602783,0.38731664419174194,3.684238910675049,0.14518892765045166,3.8473575115203857
1159,3,3,1,0.19727309048175812,3.6170456409454346,0.28741827607154846,3.7310092449188232,0.37155213952064514,3.709488868713379,0.1336495578289032,3.835967779159546
1160,3,3,1,0.1570073366165161,3.5942180156707764,0.1693638414144516,3.682807683944702,0.32112962007522583,3.665456533432007,0.06816007196903229,3.7298245429992676
1161,3,3,1,0.16280442476272583,3.619699716567993,0.1833595633506775,3.7886741161346436,0.31021803617477417,3.680190086364746,0.06527024507522583,3.795725107192993
1162,3,3,1,0.16622987389564514,3.6170759201049805,0.20400689542293549,3.7934303283691406,0.32536470890045166,3.77516770362854,0.08611686527729034,3.9870400428771973
1163,3,3,1,0.1609584242105484,3.608497142791748,0.1755719780921936,3.7184574604034424,0.3203025162220001,3.683912515640259,0.06987404078245163,3.8051910400390625
1164,3,3,1,0.19420140981674194,3.6214561462402344,0.28401029109954834,3.7342724800109863,0.371791273355484,3.653578042984009,0.12352518737316132,3.8007421493530273
1165,3,3,1,0.16236348450183868,3.6105196475982666,0.17612005770206451,3.725755453109741,0.32096022367477417,3.660125970840454,0.06688456237316132,3.710071563720703
1166,3,3,1,0.16372369229793549,3.6180918216705322,0.19058911502361298,3.770155906677246,0.3259028196334839,3.712001323699951,0.07356106489896774,3.811704158782959
1167,3,3,1,0.16084632277488708,3.6122822761535645,0.17480966448783875,3.727803945541382,0.32410913705825806,3.687563419342041,0.06684470176696777,3.7087061405181885
1168,3,3,1,0.2103271484375,3.6150639057159424,0.32042211294174194,3.663193941116333,0.38878148794174194,3.6204280853271484,0.12525908648967743,3.7136037349700928
1169,3,0,0,0.17749521136283875,3.6212244033813477,0.24204300343990326,3.7554497718811035,0.34342116117477417,3.7028117179870605,0.10897640138864517,3.8397951126098633
1170,3,3,1,0.16262006759643555,3.6185333728790283,0.18436603248119354,3.786395788192749,0.31494140625,3.7174181938171387,0.0696149542927742,3.9158315658569336
1171,3,3,1,0.16225136816501617,3.6129682064056396,0.1809530407190323,3.7630927562713623,0.31980428099632263,3.6973483562469482,0.06931600719690323,3.7995975017547607
1172,3,3,1,0.16131466627120972,3.6059024333953857,0.17469008266925812,3.7118165493011475,0.3256238102912903,3.6649937629699707,0.06692442297935486,3.72424054145813
1173,3,0,0,0.16099828481674194,3.6066598892211914,0.1742117702960968,3.7131989002227783,0.3252451419830322,3.6753270626068115,0.0655691921710968,3.684802532196045
1174,3,3,1,0.1602085679769516,3.615372657775879,0.1740025132894516,3.7302637100219727,0.32194674015045166,3.68326735496521,0.06814014166593552,3.769230842590332
1175,3,3,1,0.16263003647327423,3.612015724182129,0.18574616312980652,3.7393240928649902,0.32636120915412903,3.715642213821411,0.0768694207072258,3.8216230869293213
1176,3,0,0,0.16571667790412903,3.613349437713623,0.2034837305545807,3.7535994052886963,0.3299485743045807,3.7197306156158447,0.08619658648967743,3.7949132919311523
1177,3,0,0,0.1714215874671936,3.6333236694335938,0.22470404207706451,3.799929141998291,0.3482740819454193,3.712045669555664,0.092215396463871,3.8746488094329834
1178,3,3,1,0.16291901469230652,3.6085293292999268,0.17887535691261292,3.7339627742767334,0.3241489827632904,3.6741061210632324,0.06816007196903229,3.7654969692230225
1179,3,3,1,0.16251295804977417,3.6109237670898438,0.17902980744838715,3.742485761642456,0.32177734375,3.6765353679656982,0.07021284848451614,3.780017137527466
1180,3,3,1,0.16426429152488708,3.6123571395874023,0.18431122601032257,3.7676525115966797,0.31621691584587097,3.6670029163360596,0.0693359375,3.814889430999756
1181,3,3,1,0.162109375,3.6121833324432373,0.18125198781490326,3.760129690170288,0.3153100907802582,3.6866822242736816,0.06997369229793549,3.7764170169830322
1182,3,3,1,0.16257523000240326,3.6203129291534424,0.18888013064861298,3.807116985321045,0.31385523080825806,3.6878015995025635,0.07228555530309677,3.9117727279663086
1183,3,0,0,0.16550491750240326,3.6212539672851562,0.19700653851032257,3.796332836151123,0.33171236515045166,3.771449089050293,0.080078125,3.975858688354492
1184,3,3,1,0.16243323683738708,3.6172049045562744,0.17628447711467743,3.733585834503174,0.31917649507522583,3.6621291637420654,0.06499122828245163,3.723397731781006
1185,3,3,1,0.16281439363956451,3.61995267868042,0.17711156606674194,3.741131544113159,0.3182796537876129,3.6490607261657715,0.06534996628761292,3.7075328826904297
1186,3,0,0,0.16770467162132263,3.606450080871582,0.1892438530921936,3.712153196334839,0.33445271849632263,3.6750588417053223,0.07079081237316132,3.7117116451263428
1187,3,0,0,0.16324786841869354,3.6165056228637695,0.17762476205825806,3.740561008453369,0.3238101899623871,3.6724112033843994,0.0655691921710968,3.700608015060425
1188,3,3,1,0.16577397286891937,3.6187877655029297,0.2038823366165161,3.7943549156188965,0.3343331515789032,3.754701852798462,0.08888711780309677,3.9573991298675537
1189,3,3,1,0.16315071284770966,3.6180944442749023,0.179931640625,3.7650983333587646,0.3207509517669678,3.6901328563690186,0.06548947840929031,3.7471089363098145
1190,3,3,1,0.16263502836227417,3.610020875930786,0.17933374643325806,3.7396161556243896,0.3200932741165161,3.655282974243164,0.0665457546710968,3.7490265369415283
1191,3,3,1,0.15857182443141937,3.601316452026367,0.17413204908370972,3.7181034088134766,0.3174425959587097,3.682006597518921,0.06871811300516129,3.792633295059204
1192,3,3,1,0.16348204016685486,3.619980812072754,0.18054945766925812,3.769296646118164,0.31170278787612915,3.651150941848755,0.06455277651548386,3.727693796157837
1193,3,3,1,0.16617007553577423,3.613924503326416,0.19298070669174194,3.7567901611328125,0.32453763484954834,3.6755712032318115,0.07497607916593552,3.814460277557373
1194,3,3,1,0.16308842599391937,3.6145267486572266,0.17761977016925812,3.7451260089874268,0.32299306988716125,3.6571128368377686,0.0665457546710968,3.691823959350586
1195,3,0,0,0.16343720257282257,3.617971181869507,0.18036511540412903,3.7623205184936523,0.32294324040412903,3.6906936168670654,0.06897719949483871,3.796590566635132
1196,3,3,1,0.1617680788040161,3.6084392070770264,0.17663325369358063,3.7280189990997314,0.3231624662876129,3.6621029376983643,0.06552933901548386,3.71502423286438
1197,3,3,1,0.16392548382282257,3.619033098220825,0.18746013939380646,3.7507708072662354,0.32124918699264526,3.7144362926483154,0.07146842777729034,3.785554885864258
1198,3,3,1,0.16475754976272583,3.61602783203125,0.1937430202960968,3.7788093090057373,0.3203623294830322,3.7130236625671387,0.07651068270206451,3.8444907665252686
1199,3,3,1,0.1610630601644516,3.613654613494873,0.1735590696334839,3.7175748348236084,0.3266103267669678,3.6788198947906494,0.06686463207006454,3.7061102390289307
1200,3,3,1,0.16245564818382263,3.615586280822754,0.180524542927742,3.7848310470581055,0.31302812695503235,3.6745615005493164,0.06580835580825806,3.769230842590332
1201,3,3,1,0.16056481003761292,3.611711025238037,0.17437618970870972,3.7262985706329346,0.3193259537220001,3.6804494857788086,0.06624680757522583,3.7000601291656494
1202,3,3,1,0.16595833003520966,3.621613025665283,0.21302515268325806,3.814056873321533,0.33171236515045166,3.7940099239349365,0.0940290167927742,4.014625072479248
1203,3,0,0,0.17614497244358063,3.623539686203003,0.24113619327545166,3.7703990936279297,0.3511539399623871,3.7226085662841797,0.10999282449483871,3.872621774673462
1204,3,3,1,0.15828533470630646,3.598517417907715,0.176513671875,3.701075553894043,0.31944555044174194,3.664191961288452,0.0728236585855484,3.79146146774292
1205,3,3,1,0.1732700914144516,3.6256039142608643,0.24250636994838715,3.8133835792541504,0.3519012928009033,3.786147117614746,0.11377949267625809,4.037309646606445
1206,3,3,1,0.16100825369358063,3.609933376312256,0.1738380789756775,3.7143306732177734,0.31917649507522583,3.673868179321289,0.06786112487316132,3.729809045791626
1207,3,3,1,0.16419203579425812,3.613476276397705,0.18584582209587097,3.7730026245117188,0.31798070669174194,3.681197166442871,0.06999362260103226,3.7793281078338623
1208,3,3,1,0.16200722754001617,3.6083099842071533,0.18018075823783875,3.730027914047241,0.3246472477912903,3.6838455200195312,0.0708705335855484,3.734814405441284
1209,3,3,1,0.15907007455825806,3.59999680519104,0.17302095890045166,3.704371452331543,0.32196667790412903,3.6875271797180176,0.06883768737316132,3.7295889854431152
1210,3,3,1,0.15974518656730652,3.604588031768799,0.17379823327064514,3.7134339809417725,0.32336175441741943,3.6894607543945312,0.06887754797935486,3.7552082538604736
1211,3,0,0,0.1639752984046936,3.6057488918304443,0.19041971862316132,3.7246322631835938,0.33135363459587097,3.6945748329162598,0.07447783648967743,3.7492640018463135
1212,3,3,1,0.16215670108795166,3.605506181716919,0.17614497244358063,3.726077079772949,0.3240692615509033,3.667045831680298,0.06686463207006454,3.6992547512054443
1213,3,3,1,0.16036799550056458,3.6037003993988037,0.175641730427742,3.725377321243286,0.3212890625,3.6758265495300293,0.06748246401548386,3.78706431388855
1214,3,3,1,0.16773457825183868,3.6298975944519043,0.21646802127361298,3.847442865371704,0.32886239886283875,3.795163869857788,0.10186144709587097,4.0651535987854
1215,3,3,1,0.1642717570066452,3.619290351867676,0.18155592679977417,3.7688465118408203,0.31819993257522583,3.6729300022125244,0.06562898308038712,3.7309443950653076
1216,3,0,0,0.1635393351316452,3.616351366043091,0.18610988557338715,3.733729600906372,0.33402422070503235,3.697523832321167,0.07649075239896774,3.7855653762817383
1217,3,0,0,0.16242824494838715,3.6117944717407227,0.17834721505641937,3.748093366622925,0.31880778074264526,3.659050464630127,0.06405452638864517,3.7156190872192383
1218,3,3,1,0.16384576261043549,3.614985704421997,0.1797223687171936,3.761359453201294,0.31931599974632263,3.6717326641082764,0.06662547588348389,3.7756505012512207
1219,3,0,0,0.16424934566020966,3.620603322982788,0.18408203125,3.7736425399780273,0.32119935750961304,3.696460247039795,0.06957509368658066,3.8226869106292725
1220,3,3,1,0.1638806313276291,3.60959529876709,0.18370336294174194,3.751288414001465,0.3182298243045807,3.6710193157196045,0.06999362260103226,3.7642369270324707
1221,3,3,1,0.17271703481674194,3.624563694000244,0.22682656347751617,3.775705575942993,0.3416673243045807,3.727389335632324,0.09747687727212906,3.8491106033325195
1222,3,3,1,0.16277453303337097,3.6086103916168213,0.1766980141401291,3.726060152053833,0.3247967064380646,3.6647541522979736,0.06698421388864517,3.7179410457611084
1223,3,3,1,0.1627122461795807,3.6231741905212402,0.1787208914756775,3.7709226608276367,0.32196667790412903,3.702878475189209,0.06776148080825806,3.77647066116333
1224,3,3,1,0.16040785610675812,3.603907585144043,0.18587073683738708,3.7416164875030518,0.325404554605484,3.7049455642700195,0.07822464406490326,3.8514649868011475
1225,3,3,1,0.1651785671710968,3.626598596572876,0.20319972932338715,3.8341710567474365,0.3376315236091614,3.7988903522491455,0.08968430757522583,4.0068888664245605
1226,3,3,1,0.17003895342350006,3.6334333419799805,0.22620874643325806,3.820268392562866,0.3510144352912903,3.7316110134124756,0.09032206237316132,3.915931224822998
1227,3,3,1,0.16256776452064514,3.612311601638794,0.18171535432338715,3.7559430599212646,0.31789103150367737,3.6727688312530518,0.0669642835855484,3.733928680419922
1228,3,3,1,0.1670270562171936,3.6238701343536377,0.21591995656490326,3.8068349361419678,0.3370535671710968,3.7606136798858643,0.09199617058038712,3.9722702503204346
1229,3,0,0,0.17237573862075806,3.609180212020874,0.20739994943141937,3.715226173400879,0.3385981321334839,3.669707775115967,0.08153299987316132,3.6968955993652344
1230,3,0,0,0.1697400063276291,3.6122403144836426,0.21537189185619354,3.740757942199707,0.33416372537612915,3.701646089553833,0.09107939898967743,3.7715535163879395
1231,3,3,1,0.16311582922935486,3.609872341156006,0.17825254797935486,3.7342631816864014,0.32371053099632263,3.668062210083008,0.06628666818141937,3.7282021045684814
1232,3,3,1,0.16081641614437103,3.6136507987976074,0.17362384498119354,3.7159008979797363,0.3254244923591614,3.6809871196746826,0.06758210808038712,3.709230422973633
1233,3,3,1,0.16305604577064514,3.611409902572632,0.18177515268325806,3.7346982955932617,0.32315248250961304,3.6694624423980713,0.07162787020206451,3.750417470932007
1234,3,3,1,0.16227379441261292,3.612607002258301,0.179059699177742,3.7455060482025146,0.3207310140132904,3.67510724067688,0.06843909621238708,3.7842166423797607
1235,3,3,1,0.16516362130641937,3.6247096061706543,0.19758948683738708,3.834707736968994,0.3169642686843872,3.7474849224090576,0.08111447840929031,4.101474285125732
1236,3,3,1,0.16423937678337097,3.612905263900757,0.18672771751880646,3.776823043823242,0.31475207209587097,3.6887545585632324,0.06907685101032257,3.834968328475952
1237,3,0,0,0.162580206990242,3.6172447204589844,0.1834641993045807,3.7644615173339844,0.3210299611091614,3.6927924156188965,0.0697544664144516,3.809999942779541
1238,3,1,0,0.19206641614437103,3.6232149600982666,0.28755778074264526,3.7452263832092285,0.37783998250961304,3.688662052154541,0.1310586780309677,3.8397202491760254
1239,3,0,0,0.16136698424816132,3.6166980266571045,0.17441107332706451,3.7229251861572266,0.32842394709587097,3.67482852935791,0.06692442297935486,3.696843385696411
1240,3,3,1,0.1636190563440323,3.6222784519195557,0.18279655277729034,3.7812092304229736,0.3138153553009033,3.6621999740600586,0.06317761540412903,3.7261829376220703
1241,3,3,1,0.16339734196662903,3.609400987625122,0.17838707566261292,3.7271738052368164,0.32371053099632263,3.6614744663238525,0.06630659848451614,3.72527813911438
1242,3,3,1,0.1631208062171936,3.6177189350128174,0.1816854625940323,3.756286859512329,0.3192163407802582,3.670194149017334,0.06513074040412903,3.7267441749572754
1243,3,3,1,0.16837233304977417,3.626682996749878,0.20994599163532257,3.8152217864990234,0.3374720811843872,3.784857988357544,0.09008290618658066,4.0042033195495605
1244,3,3,1,0.16313575208187103,3.619403123855591,0.18060925602912903,3.7585864067077637,0.31812021136283875,3.6993796825408936,0.07063137739896774,3.8157448768615723
1245,3,3,1,0.16292649507522583,3.61195707321167,0.17666812241077423,3.7266342639923096,0.3255440890789032,3.686063289642334,0.06756217777729034,3.7123894691467285
1246,3,3,1,0.15994448959827423,3.614846706390381,0.17207928001880646,3.7192575931549072,0.32689931988716125,3.6826398372650146,0.06670519709587097,3.698535919189453
1247,3,3,1,0.1627122461795807,3.617601156234741,0.19438575208187103,3.7950992584228516,0.3259725570678711,3.765040397644043,0.08340641111135483,3.975149393081665
1248,3,3,1,0.16401515901088715,3.6193325519561768,0.18240293860435486,3.787538528442383,0.3116529881954193,3.6693525314331055,0.0618024542927742,3.7068686485290527
1249,3,3,1,0.16425183415412903,3.610750436782837,0.19431599974632263,3.7508718967437744,0.3227439224720001,3.695967674255371,0.07732780277729034,3.8425257205963135
1250,3,3,1,0.16181789338588715,3.6134400367736816,0.1792241334915161,3.753329038619995,0.3178810477256775,3.6719748973846436,0.06772162020206451,3.745438575744629
1251,3,3,1,0.16305853426456451,3.615097761154175,0.18163065612316132,3.7619190216064453,0.3190668821334839,3.6770668029785156,0.06578842550516129,3.76249623298645
1252,3,3,1,0.1622488796710968,3.6054999828338623,0.17793366312980652,3.727402448654175,0.32621172070503235,3.687897205352783,0.06829958409070969,3.7280421257019043
1253,3,3,1,0.1592494398355484,3.599806070327759,0.1711874157190323,3.695063829421997,0.3229033648967743,3.665288209915161,0.06678491830825806,3.7218739986419678
1254,3,3,1,0.16773457825183868,3.6298975944519043,0.21646802127361298,3.847442865371704,0.32886239886283875,3.795163869857788,0.10186144709587097,4.0651535987854
1255,3,3,1,0.16053242981433868,3.6102049350738525,0.17601044476032257,3.725443124771118,0.32635122537612915,3.684305429458618,0.0680803582072258,3.741217851638794
1256,3,3,1,0.16492196917533875,3.610700845718384,0.20003089308738708,3.7805564403533936,0.3298090696334839,3.74704647064209,0.08274872601032257,3.929431676864624
1257,3,3,1,0.16069434583187103,3.60772967338562,0.17263731360435486,3.708995819091797,0.3254145383834839,3.683212995529175,0.06758210808038712,3.720731258392334
1258,3,3,1,0.16451838612556458,3.614894151687622,0.18808294832706451,3.759039878845215,0.32080078125,3.690460681915283,0.07144849747419357,3.822873115539551
1259,3,3,1,0.16187520325183868,3.616978168487549,0.17606525123119354,3.7394232749938965,0.31908681988716125,3.6752755641937256,0.06642618030309677,3.717071771621704
1260,3,1,0,0.19547691941261292,3.617426633834839,0.2928989827632904,3.7168033123016357,0.3772321343421936,3.6685068607330322,0.12850764393806458,3.768920660018921
1261,3,3,1,0.15614038705825806,3.595235824584961,0.16796375811100006,3.672421455383301,0.32209622859954834,3.6491663455963135,0.06666533648967743,3.7153961658477783
1262,3,3,1,0.16346460580825806,3.6146976947784424,0.17930883169174194,3.7390241622924805,0.3198840022087097,3.678452491760254,0.0694754421710968,3.7581756114959717
1263,3,0,0,0.1634446680545807,3.6175923347473145,0.17969247698783875,3.761763572692871,0.3213587999343872,3.6685478687286377,0.06481186300516129,3.7044894695281982
1264,3,3,1,0.16307596862316132,3.619156837463379,0.1814213991165161,3.7533230781555176,0.31880778074264526,3.6703341007232666,0.06632652878761292,3.739483118057251
1265,3,3,1,0.15861666202545166,3.601743459701538,0.17055962979793549,3.694350242614746,0.32627150416374207,3.6791887283325195,0.06678491830825806,3.707550048828125
1266,3,3,1,0.16537287831306458,3.618044137954712,0.18554188311100006,3.777008056640625,0.31901705265045166,3.6855125427246094,0.06712372601032257,3.7695960998535156
1267,3,3,1,0.16174814105033875,3.6097002029418945,0.1792689710855484,3.7250139713287354,0.3242785334587097,3.682441234588623,0.07095025479793549,3.691573143005371
1268,3,0,0,0.183837890625,3.6189663410186768,0.2634028196334839,3.735538959503174,0.3627232015132904,3.691291093826294,0.11939971148967743,3.7853446006774902
1269,3,3,1,0.17390784621238708,3.6189262866973877,0.2375239133834839,3.767557382583618,0.35049623250961304,3.728996753692627,0.10598692297935486,3.9217751026153564
1270,3,3,1,0.16198231279850006,3.611863851547241,0.17548727989196777,3.717554807662964,0.32537466287612915,3.6666054725646973,0.06662547588348389,3.732276439666748
1271,3,3,1,0.16125985980033875,3.613569974899292,0.1751883327960968,3.737692356109619,0.32084062695503235,3.681274652481079,0.06519053131341934,3.735860586166382
1272,3,3,1,0.16308094561100006,3.6121718883514404,0.18005619943141937,3.7514803409576416,0.3191167116165161,3.6563515663146973,0.0673828125,3.731144666671753
1273,3,3,1,0.16394291818141937,3.6136488914489746,0.18301577866077423,3.7414515018463135,0.32668009400367737,3.686361789703369,0.07168766111135483,3.764803886413574
1274,3,3,1,0.1597651243209839,3.5998504161834717,0.18278658390045166,3.698467969894409,0.32076090574264526,3.662835121154785,0.07609215378761292,3.7637505531311035
1275,3,3,1,0.16257025301456451,3.6108462810516357,0.18110251426696777,3.7476065158843994,0.32140862941741943,3.6642587184906006,0.0687779039144516,3.742683172225952
1276,3,3,1,0.16356424987316132,3.6101346015930176,0.18440090119838715,3.7579843997955322,0.31851881742477417,3.668001413345337,0.06963488459587097,3.7945048809051514
1277,3,0,0,0.16390056908130646,3.619750499725342,0.18447065353393555,3.7749297618865967,0.3221958577632904,3.701481342315674,0.06949537247419357,3.8623459339141846
1278,3,3,1,0.16265246272087097,3.615147829055786,0.17897002398967743,3.7613863945007324,0.31607741117477417,3.68123197555542,0.06552933901548386,3.752737283706665
1279,3,3,1,0.15693508088588715,3.596967935562134,0.1675053834915161,3.668074607849121,0.3244180381298065,3.67268705368042,0.06688456237316132,3.7303338050842285
1280,3,0,0,0.16239088773727417,3.6196670532226562,0.1798718422651291,3.7709758281707764,0.3146025836467743,3.6798009872436523,0.06594786047935486,3.802961587905884
1281,3,3,1,0.16289909183979034,3.621006488800049,0.18684729933738708,3.7794992923736572,0.31461256742477417,3.6716394424438477,0.06955516338348389,3.8306589126586914
1282,3,3,1,0.16272969543933868,3.6109979152679443,0.1780034303665161,3.7365784645080566,0.32230547070503235,3.6595969200134277,0.06728316098451614,3.707345962524414
1283,3,3,1,0.16374361515045166,3.6186251640319824,0.18071886897087097,3.7614622116088867,0.31671515107154846,3.6653871536254883,0.06572863459587097,3.755002975463867
1284,3,3,1,0.16307099163532257,3.6161813735961914,0.1797572523355484,3.7676422595977783,0.31636637449264526,3.6618053913116455,0.06770168989896774,3.762437343597412
1285,3,3,1,0.1624930202960968,3.6055407524108887,0.17945830523967743,3.7324116230010986,0.31923627853393555,3.65092396736145,0.06740274280309677,3.742460012435913
1286,3,3,1,0.18210896849632263,3.617154598236084,0.2503587305545807,3.7344372272491455,0.3584582209587097,3.6748859882354736,0.10237962007522583,3.80066180229187
1287,3,3,1,0.1598423570394516,3.6056857109069824,0.1717006117105484,3.702301263809204,0.325892835855484,3.686124086380005,0.0680803582072258,3.759953260421753
1288,3,3,1,0.16253039240837097,3.616452932357788,0.18019570410251617,3.7667698860168457,0.3167450428009033,3.667149066925049,0.0687779039144516,3.782961368560791
1289,3,3,1,0.16698221862316132,3.6156084537506104,0.20728036761283875,3.7799384593963623,0.330078125,3.7086403369903564,0.0816127210855484,3.84761905670166
1290,3,3,1,0.16124989092350006,3.608895778656006,0.1735142320394516,3.709174394607544,0.32543447613716125,3.6766183376312256,0.06760203838348389,3.722287654876709
1291,3,3,1,0.16477498412132263,3.6181700229644775,0.1963339000940323,3.812587261199951,0.31949537992477417,3.7169547080993652,0.07555405050516129,3.8818254470825195
1292,3,3,1,0.16450592875480652,3.617666721343994,0.19217853248119354,3.765704870223999,0.3256337642669678,3.7105698585510254,0.07782605290412903,3.7887322902679443
1293,3,0,0,0.16639429330825806,3.621077299118042,0.20217832922935486,3.765636444091797,0.3433912694454193,3.6972432136535645,0.07800541818141937,3.825242757797241
1294,3,3,1,0.1602434366941452,3.611600875854492,0.17280671000480652,3.709425449371338,0.3261021077632904,3.6881895065307617,0.0689174085855484,3.7579526901245117
1295,3,3,1,0.1620570570230484,3.6134724617004395,0.1803501695394516,3.765256881713867,0.3167550265789032,3.6646742820739746,0.06560905277729034,3.75972056388855
1296,3,3,1,0.17603784799575806,3.6218388080596924,0.24322384595870972,3.7954154014587402,0.34976881742477417,3.758148193359375,0.11320152878761292,3.9683098793029785
1297,3,3,1,0.16713666915893555,3.614055633544922,0.20631377398967743,3.761519432067871,0.3249063193798065,3.705996036529541,0.08920599520206451,3.8576853275299072
1298,3,3,1,0.16133958101272583,3.6083874702453613,0.17740553617477417,3.7379934787750244,0.3205117881298065,3.6654956340789795,0.06841916590929031,3.7550246715545654
1299,3,3,1,0.16182786226272583,3.6112008094787598,0.17709662020206451,3.733597755432129,0.32315248250961304,3.6678590774536133,0.0686383917927742,3.731126546859741
1300,3,0,0,0.16500666737556458,3.617377519607544,0.18780392408370972,3.7811264991760254,0.3212790787220001,3.682081937789917,0.0672433003783226,3.813870668411255
1301,3,3,1,0.1635916531085968,3.6103978157043457,0.18009606003761292,3.749239206314087,0.31929606199264526,3.658916473388672,0.06917649507522583,3.7738404273986816
1302,3,3,1,0.16283182799816132,3.6107678413391113,0.17951808869838715,3.734443426132202,0.32098013162612915,3.6692745685577393,0.06871811300516129,3.747389793395996
1303,3,0,0,0.16333256661891937,3.622119188308716,0.1808733195066452,3.7556333541870117,0.3200434446334839,3.6747827529907227,0.0678013414144516,3.8030569553375244
1304,3,3,1,0.15885333716869354,3.602320909500122,0.17487941682338715,3.725775718688965,0.3159677982330322,3.67932391166687,0.06955516338348389,3.7661890983581543
1305,3,3,1,0.15999680757522583,3.6104416847229004,0.17183513939380646,3.6975760459899902,0.32920119166374207,3.6854946613311768,0.06726323068141937,3.7013332843780518
1306,3,0,0,0.16218659281730652,3.619065284729004,0.17610011994838715,3.751103401184082,0.3206014633178711,3.6904237270355225,0.06802056729793549,3.7764430046081543
1307,3,3,1,0.18220363557338715,3.606346845626831,0.24743901193141937,3.703636646270752,0.36485570669174194,3.66900634765625,0.10056600719690323,3.7520809173583984
1308,3,3,1,0.15955586731433868,3.6040408611297607,0.1717454493045807,3.6986944675445557,0.32438814640045166,3.6730868816375732,0.0689174085855484,3.7426257133483887
1309,3,3,1,0.1619798243045807,3.616410255432129,0.17832230031490326,3.737440586090088,0.32327207922935486,3.6877715587615967,0.06806042790412903,3.7323572635650635
1310,3,3,1,0.16262505948543549,3.606703519821167,0.1769421547651291,3.725818634033203,0.32529494166374207,3.6672894954681396,0.06823979318141937,3.7368574142456055
1311,3,3,1,0.1975022852420807,3.620404005050659,0.30605268478393555,3.701380491256714,0.3946807086467743,3.647284507751465,0.12711256742477417,3.7535276412963867
1312,3,0,0,0.16226133704185486,3.6155405044555664,0.17477479577064514,3.724670648574829,0.32738760113716125,3.678912878036499,0.0662667378783226,3.6962406635284424
1313,3,3,1,0.16773457825183868,3.6298975944519043,0.21646802127361298,3.847442865371704,0.32886239886283875,3.795163869857788,0.10186144709587097,4.0651535987854
1314,3,3,1,0.16001424193382263,3.6016409397125244,0.17344945669174194,3.7151269912719727,0.32201650738716125,3.673278570175171,0.06857860088348389,3.7419354915618896
1315,3,3,1,0.16601811349391937,3.619288444519043,0.20156548917293549,3.791274309158325,0.32432836294174194,3.706946849822998,0.08346619457006454,3.843839645385742
1316,3,3,1,0.1626150906085968,3.614691734313965,0.18983179330825806,3.791837215423584,0.32340162992477417,3.7432057857513428,0.07946030050516129,3.9355404376983643
1317,3,3,1,0.1631033718585968,3.619602680206299,0.17808812856674194,3.7317795753479004,0.32362085580825806,3.672250270843506,0.06628666818141937,3.734515905380249
1318,3,3,1,0.15817323327064514,3.5986108779907227,0.1696528196334839,3.6886637210845947,0.3240991532802582,3.668091297149658,0.06614716351032257,3.6929798126220703
1319,3,0,0,0.16226133704185486,3.6155405044555664,0.17477479577064514,3.724670648574829,0.32738760113716125,3.678912878036499,0.0662667378783226,3.6962406635284424
1320,3,3,1,0.1619175523519516,3.6087698936462402,0.17708665132522583,3.7373249530792236,0.31931599974632263,3.66658353805542,0.06636638939380646,3.7402403354644775
1321,3,3,1,0.1599644273519516,3.602513551712036,0.17386798560619354,3.7049806118011475,0.32445791363716125,3.693427562713623,0.06885761767625809,3.7534008026123047
1322,3,3,1,0.15935656428337097,3.607391357421875,0.17158600687980652,3.7075324058532715,0.32666015625,3.6940910816192627,0.0679408460855484,3.73129940032959
1323,3,0,0,0.16211186349391937,3.6015243530273438,0.18391761183738708,3.693956136703491,0.3283242881298065,3.6643195152282715,0.07248485088348389,3.7236733436584473
1324,3,3,1,0.16927166283130646,3.6226470470428467,0.22272101044654846,3.848280906677246,0.32521525025367737,3.7560975551605225,0.09524473547935486,4.003138542175293
1325,3,3,1,0.1687983274459839,3.6151394844055176,0.2043556571006775,3.7526028156280518,0.32934072613716125,3.667534112930298,0.07866310328245163,3.791740655899048
1326,3,3,1,0.1600690484046936,3.6138079166412354,0.17292629182338715,3.7061400413513184,0.3264010548591614,3.6715309619903564,0.0669642835855484,3.7249999046325684
1327,3,0,0,0.17878317832946777,3.6192991733551025,0.24130560457706451,3.7499122619628906,0.35705316066741943,3.6806955337524414,0.10497049987316132,3.8033034801483154
1328,3,3,1,0.1600590944290161,3.614764451980591,0.17166075110435486,3.7025222778320312,0.3251155912876129,3.6740024089813232,0.0666852667927742,3.7211596965789795
1329,3,3,1,0.16391053795814514,3.6157307624816895,0.19013571739196777,3.7908334732055664,0.3226941227912903,3.7223851680755615,0.0747767835855484,3.8563432693481445
1330,3,3,1,0.2130749672651291,3.6103005409240723,0.33303770422935486,3.6799018383026123,0.3979392349720001,3.6390044689178467,0.1369977593421936,3.7670934200286865
1331,3,3,1,0.16073919832706451,3.609234094619751,0.17445093393325806,3.7212464809417725,0.320033460855484,3.6715033054351807,0.06825972348451614,3.7381021976470947
1332,3,3,1,0.16205208003520966,3.6163814067840576,0.18507851660251617,3.7536208629608154,0.3213587999343872,3.7146267890930176,0.0735212042927742,3.8029277324676514
1333,3,3,1,0.16623733937740326,3.618156909942627,0.19784358143806458,3.761005401611328,0.33276864886283875,3.704617500305176,0.08139349520206451,3.8721840381622314
1334,3,3,1,0.16238589584827423,3.611217737197876,0.17880061268806458,3.7396199703216553,0.3227040767669678,3.680119752883911,0.06686463207006454,3.7245900630950928
1335,3,0,0,0.1750662624835968,3.6109743118286133,0.22606922686100006,3.7149405479431152,0.34552374482154846,3.67350172996521,0.0972377210855484,3.7593770027160645
1336,3,3,1,0.1643589586019516,3.6146721839904785,0.19614456593990326,3.788147449493408,0.3231126368045807,3.759167194366455,0.08123405277729034,3.94946026802063
1337,3,3,1,0.16202467679977417,3.6026477813720703,0.17619478702545166,3.7120718955993652,0.32432836294174194,3.66792631149292,0.0672433003783226,3.7042086124420166
1338,3,3,1,0.15825793147087097,3.600022077560425,0.17188994586467743,3.692976713180542,0.32265424728393555,3.6708359718322754,0.06812021881341934,3.7659449577331543
1339,3,3,1,0.1609409898519516,3.599987506866455,0.17589086294174194,3.7221970558166504,0.32119935750961304,3.6945366859436035,0.06997369229793549,3.7784106731414795
1340,3,3,1,0.1648472398519516,3.619697332382202,0.1929856836795807,3.784060001373291,0.32962968945503235,3.737537384033203,0.0803571417927742,3.924851179122925
1341,3,3,1,0.160888671875,3.6081106662750244,0.17355409264564514,3.710188627243042,0.32461732625961304,3.669050931930542,0.06770168989896774,3.701795816421509
1342,3,3,1,0.1599046289920807,3.6123669147491455,0.1733647584915161,3.711768865585327,0.3235211968421936,3.6904454231262207,0.06985411047935486,3.7495007514953613
1343,3,3,1,0.16240084171295166,3.605853796005249,0.1809779554605484,3.753957509994507,0.3192861080169678,3.7154271602630615,0.07208625227212906,3.8034281730651855
1344,3,0,0,0.16705696284770966,3.6109189987182617,0.1933693289756775,3.724684476852417,0.3300183415412903,3.6673107147216797,0.07661032676696777,3.7460978031158447
1345,3,0,0,0.17449826002120972,3.6271255016326904,0.22511757910251617,3.7408480644226074,0.35612642765045166,3.6988918781280518,0.09799505770206451,3.796623945236206
1346,3,3,1,0.16311831772327423,3.6111154556274414,0.1777792125940323,3.745046377182007,0.32034239172935486,3.6716957092285156,0.06604751199483871,3.7172601222991943
1347,3,0,0,0.16650390625,3.6218504905700684,0.1903250515460968,3.7629780769348145,0.33019769191741943,3.6840596199035645,0.07336176186800003,3.803314208984375
1348,3,3,1,0.1826346218585968,3.6277501583099365,0.25893354415893555,3.769535779953003,0.3680245578289032,3.694952964782715,0.10973373800516129,3.8465311527252197
1349,3,3,1,0.16060715913772583,3.6105880737304688,0.1733647584915161,3.71283221244812,0.32472696900367737,3.676650285720825,0.06857860088348389,3.7709968090057373
1350,3,3,1,0.16006407141685486,3.607616901397705,0.17318040132522583,3.7098796367645264,0.3216976225376129,3.6719326972961426,0.0678013414144516,3.7472076416015625
1351,3,3,1,0.16426178812980652,3.6206321716308594,0.18419164419174194,3.7803776264190674,0.31310784816741943,3.672321081161499,0.06875797361135483,3.781449317932129
1352,3,3,1,0.16333256661891937,3.620410919189453,0.18023556470870972,3.7605185508728027,0.3184889256954193,3.6909046173095703,0.06827965378761292,3.777583122253418
1353,3,3,1,0.16096091270446777,3.6090447902679443,0.17415198683738708,3.7140445709228516,0.3234713673591614,3.6724069118499756,0.0671037957072258,3.7392337322235107
1354,3,3,1,0.21092255413532257,3.6147685050964355,0.3257085084915161,3.668583869934082,0.39322584867477417,3.6379969120025635,0.1291254758834839,3.7136902809143066
1355,3,3,1,0.16623236238956451,3.62129282951355,0.19961734116077423,3.8030900955200195,0.31894728541374207,3.729278087615967,0.08159279078245163,3.938202142715454
1356,3,3,1,0.16562947630882263,3.611100196838379,0.19610470533370972,3.764272451400757,0.32021284103393555,3.7054522037506104,0.07856345176696777,3.862252712249756
1357,3,0,0,0.1787632554769516,3.6091530323028564,0.23188874125480652,3.7157559394836426,0.35236966609954834,3.6764798164367676,0.09956951439380646,3.6983587741851807
1358,3,3,1,0.19951270520687103,3.6181230545043945,0.2963169515132904,3.717665433883667,0.38394850492477417,3.660109043121338,0.12073501199483871,3.7570154666900635
1359,3,3,1,0.15984484553337097,3.6116297245025635,0.17217394709587097,3.704392910003662,0.32580316066741943,3.669184923171997,0.06666533648967743,3.7043347358703613
1360,3,3,1,0.16251295804977417,3.615553140640259,0.17900489270687103,3.7362985610961914,0.3206612765789032,3.6756269931793213,0.06568877398967743,3.7442355155944824
1361,3,3,1,0.1629115492105484,3.610346555709839,0.17708167433738708,3.721954822540283,0.3273676633834839,3.678406238555908,0.06746253371238708,3.730280637741089
1362,3,3,1,0.15669094026088715,3.595099925994873,0.16784916818141937,3.659878969192505,0.3213687837123871,3.6652092933654785,0.06865832209587097,3.759942054748535
1363,3,3,1,0.16410982608795166,3.6194002628326416,0.18587571382522583,3.7800889015197754,0.31415417790412903,3.6774725914001465,0.06756217777729034,3.790560483932495
1364,3,3,1,0.16280193626880646,3.6041009426116943,0.17789381742477417,3.724092483520508,0.32601243257522583,3.6841607093811035,0.06782126426696777,3.7017338275909424
1365,3,3,1,0.1634172648191452,3.614067792892456,0.18295100331306458,3.765244245529175,0.313685804605484,3.6605992317199707,0.06935586780309677,3.76609206199646
1366,3,3,1,0.15946617722511292,3.607379913330078,0.17066426575183868,3.689457893371582,0.32544443011283875,3.666278839111328,0.06700414419174194,3.7013683319091797
1367,3,3,1,0.16295140981674194,3.6081790924072266,0.1784418821334839,3.7360808849334717,0.32215601205825806,3.662655830383301,0.06670519709587097,3.717956304550171
1368,3,3,1,0.1781703382730484,3.619206190109253,0.2392827272415161,3.7201457023620605,0.35021722316741943,3.6779911518096924,0.10092474520206451,3.767970085144043
1369,3,3,1,0.16300123929977417,3.6101787090301514,0.177978515625,3.740572690963745,0.32015305757522583,3.6440486907958984,0.06658561527729034,3.7204430103302
1370,3,3,1,0.16649144887924194,3.622854709625244,0.21031469106674194,3.813626766204834,0.33150309324264526,3.7747316360473633,0.09163743257522583,3.9960851669311523
1371,3,3,1,0.16311334073543549,3.620481014251709,0.17713648080825806,3.7448525428771973,0.32078084349632263,3.66046404838562,0.06594786047935486,3.7177395820617676
1372,3,3,1,0.16321049630641937,3.6115028858184814,0.1821388602256775,3.7789418697357178,0.3107561469078064,3.66272234916687,0.0673828125,3.771073579788208
1373,3,3,1,0.16445112228393555,3.614464044570923,0.1896723508834839,3.7789745330810547,0.32177734375,3.6956117153167725,0.07348134368658066,3.841334342956543
1374,3,3,1,0.16261011362075806,3.610405445098877,0.180908203125,3.7413864135742188,0.32411909103393555,3.6725082397460938,0.06945551186800003,3.6932568550109863
1375,3,3,1,0.17003895342350006,3.6334333419799805,0.22620874643325806,3.820268392562866,0.3510144352912903,3.7316110134124756,0.09032206237316132,3.915931224822998
1376,3,0,0,0.16130220890045166,3.6195249557495117,0.17510363459587097,3.7367117404937744,0.32251474261283875,3.686976671218872,0.06586813926696777,3.7467472553253174
1377,3,0,0,0.16255031526088715,3.6113502979278564,0.17802833020687103,3.7413170337677,0.3151406943798065,3.64654541015625,0.06289859861135483,3.723067283630371
1378,3,0,0,0.1734544336795807,3.633053779602051,0.23254144191741943,3.7922093868255615,0.3484933078289032,3.7123985290527344,0.10106424987316132,3.8686649799346924
1379,3,3,1,0.15971529483795166,3.601815700531006,0.1740971803665161,3.7062275409698486,0.3266103267669678,3.7058517932891846,0.0682198628783226,3.765118360519409
1380,3,3,1,0.1641496866941452,3.616229772567749,0.18774911761283875,3.7865028381347656,0.3172333240509033,3.723794460296631,0.07266422361135483,3.8573780059814453
1381,3,0,0,0.1682378053665161,3.6218976974487305,0.2092733532190323,3.788224458694458,0.3304368555545807,3.690953016281128,0.08233019709587097,3.8709754943847656
1382,3,3,1,0.1612997204065323,3.612522602081299,0.17643395066261292,3.7384145259857178,0.32047194242477417,3.6880908012390137,0.06857860088348389,3.777390241622925
1383,3,3,1,0.16493940353393555,3.62176775932312,0.19481922686100006,3.820413827896118,0.31491151452064514,3.7572622299194336,0.07832429558038712,3.9600508213043213
1384,3,3,1,0.16159369051456451,3.612626314163208,0.18691705167293549,3.7560441493988037,0.3269391655921936,3.727757692337036,0.07688935101032257,3.8732504844665527
1385,3,0,0,0.16607291996479034,3.6291797161102295,0.2009725719690323,3.7885262966156006,0.3380301296710968,3.698897361755371,0.07820472121238708,3.836646318435669
1386,3,3,1,0.16239586472511292,3.6092164516448975,0.1803152859210968,3.7448465824127197,0.3186483383178711,3.6835224628448486,0.07051179558038712,3.7882983684539795
1387,3,3,1,0.16364148259162903,3.617032289505005,0.18434111773967743,3.7996647357940674,0.3175123631954193,3.707623243331909,0.07091039419174194,3.869027614593506
1388,3,3,1,0.15839743614196777,3.5918970108032227,0.17119738459587097,3.6847496032714844,0.3237802982330322,3.672750234603882,0.06819993257522583,3.7226767539978027
1389,3,1,0,0.2043980211019516,3.6097967624664307,0.31110990047454834,3.684582233428955,0.3992745578289032,3.6666667461395264,0.13972815871238708,3.6993296146392822
1390,3,3,1,0.16257523000240326,3.6184587478637695,0.1758061647415161,3.7312171459198,0.3253248631954193,3.678929090499878,0.0668247789144516,3.7226364612579346
1391,3,3,1,0.16017866134643555,3.6090176105499268,0.1740124672651291,3.7140443325042725,0.3231824040412903,3.6880242824554443,0.0687779039144516,3.7351491451263428
1392,3,3,1,0.16255530714988708,3.6057684421539307,0.17642398178577423,3.7236013412475586,0.32342153787612915,3.668843984603882,0.06652582436800003,3.72109055519104
1393,3,3,1,0.16207697987556458,3.607048988342285,0.1772112101316452,3.734023094177246,0.32126912474632263,3.686631441116333,0.06722337007522583,3.702638626098633
1394,3,3,1,0.16328273713588715,3.617457151412964,0.18064412474632263,3.7575297355651855,0.3174724876880646,3.6845474243164062,0.06855867058038712,3.7598836421966553
1395,3,3,1,0.1628069132566452,3.6209449768066406,0.19903938472270966,3.8361871242523193,0.3223154544830322,3.7893338203430176,0.08828922361135483,4.054401874542236
1396,3,3,1,0.1636713743209839,3.6118357181549072,0.18034517765045166,3.7527904510498047,0.31966477632522583,3.6605567932128906,0.06796077638864517,3.762756586074829
1397,3,3,1,0.16319555044174194,3.6169629096984863,0.17660334706306458,3.735731363296509,0.3254244923591614,3.6600728034973145,0.0651506707072258,3.685224771499634
1398,3,3,1,0.1619175523519516,3.610123872756958,0.17784398794174194,3.746063709259033,0.3193957209587097,3.6627979278564453,0.06736288219690323,3.7455620765686035
1399,3,0,0,0.18072883784770966,3.612769842147827,0.24464882910251617,3.7361412048339844,0.3560168147087097,3.7011783123016357,0.1077008917927742,3.7968170642852783
1400,3,3,1,0.16011390089988708,3.6084237098693848,0.17172053456306458,3.6938633918762207,0.32676976919174194,3.6776652336120605,0.06690449267625809,3.713136672973633
1401,3,0,0,0.16390803456306458,3.6218955516815186,0.182373046875,3.7709476947784424,0.3199138939380646,3.6826252937316895,0.06837930530309677,3.775866985321045
1402,3,3,1,0.1712746024131775,3.6284854412078857,0.23650749027729034,3.8083550930023193,0.351771742105484,3.7779948711395264,0.11124840378761292,3.941239595413208
1403,3,3,1,0.16289909183979034,3.6073803901672363,0.17790377140045166,3.7316136360168457,0.32013311982154846,3.65495228767395,0.06658561527729034,3.688715934753418
1404,3,3,1,0.16428421437740326,3.616847276687622,0.18292111158370972,3.784435987472534,0.3108956515789032,3.6742844581604004,0.06718350946903229,3.802135944366455
1405,3,0,0,0.15817572176456451,3.596632719039917,0.1751185804605484,3.676985263824463,0.3240891993045807,3.662177562713623,0.0686383917927742,3.704413414001465
1406,3,3,1,0.15925441682338715,3.6011950969696045,0.17192481458187103,3.6993277072906494,0.32424864172935486,3.6750361919403076,0.06676498800516129,3.7179105281829834
1407,3,3,1,0.19177494943141937,3.6368536949157715,0.30177775025367737,3.764925479888916,0.3868084251880646,3.6766107082366943,0.12998245656490326,3.7864151000976562
1408,3,3,1,0.164289191365242,3.619527816772461,0.1880231499671936,3.783051013946533,0.3245675265789032,3.7041540145874023,0.0697544664144516,3.821714401245117
1409,3,3,1,0.16372866928577423,3.6186208724975586,0.1866380274295807,3.7600042819976807,0.32041212916374207,3.6950302124023438,0.07095025479793549,3.7682583332061768
1410,3,3,1,0.16414470970630646,3.609434127807617,0.1840471476316452,3.768456220626831,0.3152801990509033,3.6553304195404053,0.06540975719690323,3.7790980339050293
1411,3,0,0,0.15861168503761292,3.5956053733825684,0.16950832307338715,3.683460235595703,0.32621172070503235,3.6721346378326416,0.06728316098451614,3.707642078399658
1412,3,3,1,0.1891566663980484,3.6313397884368896,0.2918426990509033,3.7563083171844482,0.3772420883178711,3.681908130645752,0.12529894709587097,3.827580690383911
1413,3,0,0,0.16625727713108063,3.613842487335205,0.19873544573783875,3.739439010620117,0.3304866850376129,3.6811397075653076,0.0784040167927742,3.7478394508361816
1414,3,3,1,0.16402263939380646,3.621445894241333,0.20049425959587097,3.8308897018432617,0.32083067297935486,3.7816498279571533,0.0837053582072258,4.011190414428711
1415,3,3,1,0.15804865956306458,3.5968916416168213,0.17405232787132263,3.6895198822021484,0.32257452607154846,3.667850971221924,0.06829958409070969,3.7090749740600586
1416,3,3,1,0.1619001030921936,3.6076507568359375,0.17564672231674194,3.715400218963623,0.32461732625961304,3.661130905151367,0.0659877210855484,3.6940500736236572
1417,3,3,1,0.16030572354793549,3.6105706691741943,0.17241309583187103,3.705958843231201,0.32774633169174194,3.689662456512451,0.06778141111135483,3.7168478965759277
1418,3,3,1,0.16372369229793549,3.623645782470703,0.18022559583187103,3.7696008682250977,0.3187280595302582,3.662842035293579,0.06622687727212906,3.715317487716675
1419,3,3,1,0.17129702866077423,3.6214804649353027,0.22518733143806458,3.795579195022583,0.334681898355484,3.7386112213134766,0.09944993257522583,3.9348697662353516
1420,3,3,1,0.16649393737316132,3.6445116996765137,0.2167719602584839,3.862987518310547,0.34225526452064514,3.7942991256713867,0.09436782449483871,4.063780307769775
1421,3,3,1,0.16218161582946777,3.6079938411712646,0.18190468847751617,3.7455148696899414,0.32230547070503235,3.6822285652160645,0.0710100457072258,3.72579288482666
1422,3,3,1,0.16527074575424194,3.6122004985809326,0.18847157061100006,3.781954765319824,0.31685465574264526,3.6931471824645996,0.0733816921710968,3.936990737915039
1423,3,3,1,0.16326281428337097,3.6214237213134766,0.1800013929605484,3.760345458984375,0.32117944955825806,3.6929664611816406,0.06951530277729034,3.7672019004821777
1424,3,3,1,0.16424934566020966,3.6211037635803223,0.187116339802742,3.7875914573669434,0.31567880511283875,3.696676015853882,0.06859853118658066,3.8309123516082764
1425,3,3,1,0.16014130413532257,3.6118509769439697,0.17430643737316132,3.7317631244659424,0.3198142349720001,3.668349266052246,0.06670519709587097,3.7281148433685303
1426,3,3,1,0.1632777601480484,3.608962297439575,0.17925402522087097,3.739222288131714,0.32370057702064514,3.664696455001831,0.0672433003783226,3.750148296356201
1427,3,3,1,0.16552485525608063,3.6220669746398926,0.1862444132566452,3.798100471496582,0.3084741532802582,3.6558988094329834,0.06447305530309677,3.771251916885376
1428,3,3,1,0.1626499742269516,3.618680000305176,0.18626932799816132,3.8016583919525146,0.3076271414756775,3.700495719909668,0.07118941098451614,3.8597424030303955
1429,3,3,1,0.16850684583187103,3.632140636444092,0.2121681571006775,3.8216893672943115,0.328822523355484,3.760227918624878,0.09410873800516129,4.026048183441162
1430,3,3,1,0.1636439710855484,3.613095283508301,0.18073879182338715,3.748587131500244,0.32013311982154846,3.6756832599639893,0.06869818270206451,3.7435450553894043
1431,3,3,1,0.1582205593585968,3.5948734283447266,0.1711774468421936,3.6946966648101807,0.3236009180545807,3.659296751022339,0.06536989659070969,3.7033536434173584
1432,3,3,1,0.16483229398727417,3.6190736293792725,0.1881277859210968,3.791196584701538,0.3150111436843872,3.7130203247070312,0.06843909621238708,3.8945834636688232
1433,3,3,1,0.168805792927742,3.6289994716644287,0.2137625515460968,3.8241381645202637,0.3294503390789032,3.740388870239258,0.09088010340929031,3.9565789699554443
1434,3,0,0,0.17515844106674194,3.6179776191711426,0.2202247977256775,3.736402750015259,0.34524473547935486,3.686861515045166,0.09404894709587097,3.7804620265960693
