index,label,prediction,correct,rate_layer1,com_layer1,rate_layer2,com_layer2,rate_layer3,com_layer3,rate_layer4,com_layer4
0,0,0,1,0.45780351758003235,3.662184476852417,0.2824109196662903,3.804079055786133,0.24933233857154846,3.875944137573242,0.1776745766401291,3.9893438816070557
1,0,0,1,0.43618711829185486,3.676307439804077,0.2693917453289032,3.846323251724243,0.22173947095870972,3.913266181945801,0.15682795643806458,4.043334484100342
2,0,0,1,0.44539719820022583,3.664341688156128,0.2793566584587097,3.817025661468506,0.23680643737316132,3.886298656463623,0.1687260866165161,4.014528751373291
3,0,0,1,0.4649583399295807,3.650071144104004,0.2885044515132904,3.776181221008301,0.2601741850376129,3.8216323852539062,0.1886160671710968,3.9368131160736084
4,0,0,1,0.4702771008014679,3.63862943649292,0.2915487289428711,3.7529351711273193,0.26538583636283875,3.797912359237671,0.1911870241165161,3.920045852661133
5,0,0,1,0.46085527539253235,3.652529001235962,0.28701967000961304,3.7881991863250732,0.2554408311843872,3.835101842880249,0.18006616830825806,3.9598228931427
6,0,0,1,0.4384242296218872,3.6703450679779053,0.2729342579841614,3.8353383541107178,0.22528699040412903,3.882784843444824,0.16228874027729034,3.97605299949646
7,0,0,1,0.4476392865180969,3.6657114028930664,0.27889329195022583,3.8234925270080566,0.24104152619838715,3.8840794563293457,0.1727917641401291,3.9960784912109375
8,0,0,1,0.43524792790412903,3.682586193084717,0.2688436508178711,3.865877151489258,0.21946747601032257,3.9055120944976807,0.15965799987316132,3.998751640319824
9,0,0,1,0.45413893461227417,3.6592884063720703,0.2828294336795807,3.794644594192505,0.24793726205825806,3.8522164821624756,0.17709662020206451,3.9673643112182617
10,0,0,1,0.46136099100112915,3.65177059173584,0.2854801118373871,3.787074327468872,0.24928252398967743,3.8395028114318848,0.1784319132566452,3.9669384956359863
11,0,0,1,0.4675367474555969,3.642878770828247,0.28985968232154846,3.759213447570801,0.25876912474632263,3.795825719833374,0.18413184583187103,3.9371144771575928
12,0,0,1,0.4291668236255646,3.687765121459961,0.2670200765132904,3.8820533752441406,0.21430563926696777,3.9500603675842285,0.1552734375,4.068540573120117
13,0,0,1,0.4608054459095001,3.656578540802002,0.2838757634162903,3.792663335800171,0.24773795902729034,3.853224039077759,0.1747448891401291,3.9661269187927246
14,0,0,1,0.4499436914920807,3.6563663482666016,0.28093111515045166,3.79620099067688,0.24014468491077423,3.8417775630950928,0.17177534103393555,3.9730827808380127
15,0,0,1,0.4591163992881775,3.655684232711792,0.28472277522087097,3.7861404418945312,0.25099650025367737,3.832301139831543,0.18090321123600006,3.924314260482788
16,0,0,1,0.44198670983314514,3.6829051971435547,0.27257055044174194,3.846726179122925,0.22941246628761292,3.902050256729126,0.1638432741165161,4.027004241943359
17,0,0,1,0.4634386897087097,3.649961233139038,0.2869001030921936,3.7833003997802734,0.2550123631954193,3.844320297241211,0.18172034621238708,3.9756524562835693
18,0,0,1,0.4640864133834839,3.645237445831299,0.2876076102256775,3.7689523696899414,0.2558095455169678,3.8166024684906006,0.18211893737316132,3.9353249073028564
19,0,0,1,0.42657095193862915,3.6847612857818604,0.26671117544174194,3.876275062561035,0.20803770422935486,3.941035509109497,0.15142697095870972,4.033693313598633
20,0,0,1,0.4139229953289032,3.686142921447754,0.26650190353393555,3.8778977394104004,0.2105189710855484,3.916027545928955,0.14449138939380646,4.034344673156738
21,0,0,1,0.4512765109539032,3.6564650535583496,0.2815887928009033,3.79547381401062,0.24293486773967743,3.848024845123291,0.17478474974632263,3.9798176288604736
22,0,0,1,0.460713267326355,3.649810314178467,0.2854352593421936,3.7800586223602295,0.25060784816741943,3.8227763175964355,0.17936861515045166,3.9391109943389893
23,0,0,1,0.46121153235435486,3.655557632446289,0.2857242524623871,3.787308692932129,0.2548030912876129,3.8318731784820557,0.18558673560619354,3.9343857765197754
24,0,0,1,0.4450060725212097,3.661510705947876,0.27709463238716125,3.820207118988037,0.23150509595870972,3.8852875232696533,0.16495934128761292,4.022351264953613
25,0,0,1,0.42386049032211304,3.6786136627197266,0.2703683078289032,3.8573639392852783,0.22009526193141937,3.921311140060425,0.156110480427742,4.023745536804199
26,0,0,1,0.4266083240509033,3.6861088275909424,0.2684002220630646,3.8691084384918213,0.21572065353393555,3.9387011528015137,0.15575174987316132,4.0522074699401855
27,0,0,1,0.46293047070503235,3.6500344276428223,0.2885144352912903,3.7713191509246826,0.2592075765132904,3.8240044116973877,0.1810825914144516,3.9495928287506104
28,0,0,1,0.45181459188461304,3.6546905040740967,0.2841348350048065,3.7920284271240234,0.2461635023355484,3.8451199531555176,0.17747528851032257,3.953284740447998
29,0,0,1,0.41109293699264526,3.6880362033843994,0.2639409303665161,3.883641004562378,0.21305005252361298,3.9472403526306152,0.1541573703289032,4.052488803863525
30,0,0,1,0.45677465200424194,3.6596620082855225,0.28485730290412903,3.793552875518799,0.2511260211467743,3.8390936851501465,0.17964763939380646,3.9507431983947754
31,0,0,1,0.4641461968421936,3.648798704147339,0.2860530912876129,3.7797672748565674,0.2564173936843872,3.827491044998169,0.1823381632566452,3.9426167011260986
32,0,0,1,0.42445340752601624,3.681656837463379,0.26632753014564514,3.867622137069702,0.21311981976032257,3.914106607437134,0.15296156704425812,4.046384334564209
33,0,0,1,0.44748982787132263,3.6554508209228516,0.28219667077064514,3.7997281551361084,0.24244658648967743,3.8505136966705322,0.16645407676696777,3.966115951538086
34,0,0,1,0.46548399329185486,3.64485764503479,0.2881656587123871,3.7692787647247314,0.2587093412876129,3.824666738510132,0.18096300959587097,3.944713592529297
35,0,0,1,0.4166982173919678,3.6867623329162598,0.265625,3.873405694961548,0.21088767051696777,3.9267590045928955,0.150390625,4.026106357574463
36,0,0,1,0.43474718928337097,3.6782150268554688,0.2701939046382904,3.854229211807251,0.22158002853393555,3.934026002883911,0.15961813926696777,4.039330959320068
37,0,0,1,0.4589420258998871,3.648496627807617,0.2861676812171936,3.78399920463562,0.24976083636283875,3.8339450359344482,0.17707668244838715,3.9709622859954834
38,0,0,1,0.45063623785972595,3.662710189819336,0.2797153890132904,3.811204195022583,0.24420040845870972,3.8717455863952637,0.1742466539144516,4.007548809051514
39,0,0,1,0.4264414310455322,3.674185276031494,0.27189791202545166,3.8446428775787354,0.2160295695066452,3.8815903663635254,0.15138711035251617,3.991706132888794
40,0,0,1,0.4503672122955322,3.657912015914917,0.2803232669830322,3.8018910884857178,0.24320392310619354,3.8568384647369385,0.17482461035251617,3.9842681884765625
41,0,0,1,0.45467454195022583,3.658785820007324,0.28155890107154846,3.808016300201416,0.24140027165412903,3.8702993392944336,0.17004145681858063,4.007969856262207
42,0,0,1,0.41554227471351624,3.6903693675994873,0.26159417629241943,3.898996353149414,0.20372289419174194,3.9456074237823486,0.14636479318141937,4.055283069610596
43,0,0,1,0.45083555579185486,3.6524486541748047,0.2837362289428711,3.792579174041748,0.24982061982154846,3.844475507736206,0.17673787474632263,3.9763193130493164
44,0,0,1,0.45159536600112915,3.6608779430389404,0.28037306666374207,3.8039700984954834,0.24207788705825806,3.861482620239258,0.17283162474632263,3.997924327850342
45,0,0,1,0.4559051990509033,3.6564064025878906,0.2830287218093872,3.793891429901123,0.24597416818141937,3.854156494140625,0.17566166818141937,3.955979108810425
46,0,0,1,0.43192461133003235,3.6712558269500732,0.2730638086795807,3.8383359909057617,0.22095224261283875,3.9010958671569824,0.1593191921710968,4.017513275146484
47,0,0,1,0.4232451617717743,3.6747264862060547,0.27187299728393555,3.8541033267974854,0.2214604616165161,3.908207416534424,0.15595105290412903,4.040511131286621
48,0,0,1,0.46765634417533875,3.6482012271881104,0.2894909977912903,3.7641732692718506,0.2619878053665161,3.8007683753967285,0.18692202866077423,3.913743495941162
49,0,0,1,0.4351482689380646,3.678546190261841,0.2714743912220001,3.851172685623169,0.22250677645206451,3.891486406326294,0.15802375972270966,4.0300164222717285
50,0,0,1,0.4526865482330322,3.6542441844940186,0.2835618555545807,3.787531614303589,0.24560546875,3.8391284942626953,0.17687739431858063,3.9629294872283936
51,0,0,1,0.44928351044654846,3.6561942100524902,0.28167349100112915,3.8017795085906982,0.24646244943141937,3.841426372528076,0.17414699494838715,3.9592583179473877
52,0,0,1,0.44136887788772583,3.6776580810546875,0.2734125852584839,3.844719886779785,0.2292928844690323,3.9057366847991943,0.16352438926696777,4.037050724029541
53,0,0,1,0.45425599813461304,3.656217336654663,0.28220662474632263,3.802736520767212,0.2456154227256775,3.868102788925171,0.17500397562980652,3.9992027282714844
54,0,0,1,0.440205454826355,3.6764721870422363,0.27132493257522583,3.847454786300659,0.22309470176696777,3.925004482269287,0.15740592777729034,4.068118572235107
55,0,0,1,0.4319196343421936,3.674776315689087,0.2710409164428711,3.8479936122894287,0.21939770877361298,3.917109489440918,0.1574457883834839,4.043670654296875
56,0,0,1,0.4714778959751129,3.6422128677368164,0.2908761203289032,3.7629668712615967,0.2657645046710968,3.8034870624542236,0.18855628371238708,3.907409429550171
57,0,0,1,0.45933064818382263,3.645892381668091,0.2889479100704193,3.768989324569702,0.26344266533851624,3.8056132793426514,0.18678252398967743,3.930964469909668
58,0,0,1,0.45610201358795166,3.654719352722168,0.2841697037220001,3.7931935787200928,0.25162428617477417,3.8563621044158936,0.17544244229793549,3.9836418628692627
59,0,0,1,0.44321486353874207,3.660508155822754,0.278564453125,3.8130533695220947,0.2365473508834839,3.8828039169311523,0.16761000454425812,4.014387607574463
60,0,0,1,0.427754282951355,3.67738676071167,0.26854971051216125,3.8540232181549072,0.21479392051696777,3.9094409942626953,0.15487483143806458,4.04002046585083
61,0,0,1,0.4717394709587097,3.6448140144348145,0.2918078303337097,3.759540319442749,0.26497727632522583,3.8038809299468994,0.18941326439380646,3.927609443664551
62,0,0,1,0.4233248829841614,3.689323663711548,0.2645537555217743,3.8794658184051514,0.21090760827064514,3.9347035884857178,0.1517857164144516,4.077993869781494
63,0,0,1,0.44483914971351624,3.6652703285217285,0.2774932086467743,3.819908857345581,0.2368861585855484,3.889744281768799,0.17315050959587097,4.013121604919434
64,0,0,1,0.45898935198783875,3.644749879837036,0.2863869071006775,3.7713773250579834,0.25451409816741943,3.8180181980133057,0.18279655277729034,3.9348015785217285
65,0,0,1,0.46267637610435486,3.6438708305358887,0.2885841727256775,3.7616195678710938,0.25896841287612915,3.8049869537353516,0.18536750972270966,3.917213201522827
66,0,0,1,0.4512864649295807,3.654794454574585,0.28387075662612915,3.796731948852539,0.24475844204425812,3.8422765731811523,0.17295120656490326,3.9611661434173584
67,0,0,1,0.4262769818305969,3.6849355697631836,0.26663145422935486,3.8690621852874756,0.20903418958187103,3.9212470054626465,0.14758051931858063,4.026603698730469
68,0,0,1,0.45035475492477417,3.6628589630126953,0.27989476919174194,3.810702085494995,0.24688097834587097,3.8712410926818848,0.1745256632566452,3.992234706878662
69,0,3,0,0.4530203640460968,3.6653597354888916,0.28062719106674194,3.817729949951172,0.24283520877361298,3.8809142112731934,0.17157605290412903,4.01068639755249
70,0,0,1,0.43474718928337097,3.6839168071746826,0.270263671875,3.8592076301574707,0.22380220890045166,3.9192306995391846,0.1585618555545807,4.043866157531738
71,0,0,1,0.4294333755970001,3.6735663414001465,0.2677624821662903,3.84656023979187,0.21746452152729034,3.8960728645324707,0.15393812954425812,4.004919528961182
72,0,0,1,0.4450160264968872,3.6612887382507324,0.2784099876880646,3.8113210201263428,0.23477359116077423,3.86706280708313,0.16808833181858063,3.979487895965576
73,0,0,1,0.45347127318382263,3.6534030437469482,0.2850765287876129,3.785409688949585,0.24908322095870972,3.827092409133911,0.17958784103393555,3.9536123275756836
74,0,0,1,0.4252954423427582,3.6888885498046875,0.2648776173591614,3.877675771713257,0.21209342777729034,3.9427738189697266,0.1515066921710968,4.0685343742370605
75,0,0,1,0.44801297783851624,3.657738208770752,0.28286927938461304,3.800398111343384,0.24801696836948395,3.8625898361206055,0.1773158460855484,3.981342077255249
76,0,0,1,0.4653768539428711,3.6541974544525146,0.2869150638580322,3.779508590698242,0.2576032280921936,3.84468674659729,0.18130181729793549,3.9735076427459717
77,0,0,1,0.40744826197624207,3.688749313354492,0.26295438408851624,3.8905372619628906,0.2066824734210968,3.9385757446289062,0.1443319469690323,4.055923938751221
78,0,0,1,0.44861337542533875,3.6506049633026123,0.28408998250961304,3.7831034660339355,0.25101640820503235,3.8266773223876953,0.17974728345870972,3.9405698776245117
79,0,0,1,0.42889776825904846,3.686140537261963,0.2670300602912903,3.8773183822631836,0.21704599261283875,3.95041561126709,0.15547272562980652,4.0796051025390625
80,0,0,1,0.4285714328289032,3.6785714626312256,0.26853474974632263,3.85451602935791,0.2191685289144516,3.917613983154297,0.15479512512683868,4.0421013832092285
81,0,0,1,0.45960965752601624,3.6564548015594482,0.2850266993045807,3.7880465984344482,0.25581949949264526,3.8314895629882812,0.181640625,3.973447561264038
82,0,0,1,0.4491564631462097,3.6646108627319336,0.2796556055545807,3.8161702156066895,0.24106146395206451,3.8848745822906494,0.17297114431858063,4.041248798370361
83,0,1,0,0.5069056749343872,3.59369158744812,0.31354132294654846,3.649907112121582,0.31289857625961304,3.6478662490844727,0.22108179330825806,3.782655715942383
84,0,0,1,0.46587759256362915,3.6480185985565186,0.2885493040084839,3.7724862098693848,0.2544642686843872,3.8055293560028076,0.18166054785251617,3.937246322631836
85,0,0,1,0.441914439201355,3.6739745140075684,0.2731235921382904,3.8440630435943604,0.22861526906490326,3.888239860534668,0.16565687954425812,3.9981954097747803
86,0,0,1,0.4469342827796936,3.6616499423980713,0.2804228961467743,3.8116626739501953,0.2385602593421936,3.8685882091522217,0.1687460094690323,3.996574878692627
87,0,0,1,0.42358148097991943,3.6851184368133545,0.2665915787220001,3.8834710121154785,0.2098313868045807,3.938880205154419,0.14831791818141937,4.0489115715026855
88,0,0,1,0.42093580961227417,3.6919989585876465,0.2640903890132904,3.887423515319824,0.21355827152729034,3.9448928833007812,0.15441645681858063,4.0481414794921875
89,0,0,1,0.4443085193634033,3.661562442779541,0.2798200249671936,3.8089599609375,0.23774313926696777,3.877692937850952,0.1698620766401291,4.010090351104736
90,0,0,1,0.45411649346351624,3.656155824661255,0.28038305044174194,3.7971887588500977,0.24502749741077423,3.848712921142578,0.17964763939380646,3.9585089683532715
91,0,0,1,0.4161626100540161,3.6906514167785645,0.26319852471351624,3.890676736831665,0.20141102373600006,3.9461705684661865,0.13883131742477417,4.0538330078125
92,0,0,1,0.43337202072143555,3.6807868480682373,0.26973551511764526,3.867096424102783,0.21341876685619354,3.923191785812378,0.1519252210855484,4.044995307922363
93,0,0,1,0.4362967312335968,3.665163040161133,0.2770198881626129,3.8220651149749756,0.23341836035251617,3.8865692615509033,0.16627471148967743,3.9995205402374268
94,0,0,1,0.42584851384162903,3.6831676959991455,0.267578125,3.8704566955566406,0.21451489627361298,3.90913724899292,0.15535315871238708,4.039512634277344
95,0,0,1,0.4622379243373871,3.6483404636383057,0.2883200943470001,3.7785439491271973,0.2546735405921936,3.833587646484375,0.18148118257522583,3.9405887126922607
96,0,0,1,0.42768701910972595,3.6796774864196777,0.2687739133834839,3.8659720420837402,0.21690648794174194,3.93375301361084,0.14981265366077423,4.0549421310424805
97,0,0,1,0.4490966796875,3.6632015705108643,0.2798299789428711,3.8094120025634766,0.2411511391401291,3.8556199073791504,0.17637914419174194,3.970508575439453
98,0,0,1,0.43307557702064514,3.680413007736206,0.2698003053665161,3.858947277069092,0.21718549728393555,3.9123194217681885,0.15644928812980652,4.0319743156433105
99,0,0,1,0.45252957940101624,3.657069444656372,0.28062719106674194,3.8006675243377686,0.24277542531490326,3.844148874282837,0.1755620241165161,3.976160764694214
100,0,0,1,0.4637899398803711,3.652665138244629,0.28780192136764526,3.790332794189453,0.2578822374343872,3.8569109439849854,0.18050462007522583,3.9860880374908447
101,0,0,1,0.46350595355033875,3.6507699489593506,0.2856295704841614,3.778585910797119,0.25274035334587097,3.839214563369751,0.17916932702064514,3.958287000656128
102,0,0,1,0.4636579155921936,3.6473007202148438,0.28799623250961304,3.7729318141937256,0.25631776452064514,3.8118343353271484,0.18243782222270966,3.9425387382507324
103,0,0,1,0.46027234196662903,3.651585578918457,0.28468289971351624,3.784045457839966,0.24820630252361298,3.8436245918273926,0.17902980744838715,3.9620394706726074
104,0,0,1,0.43162816762924194,3.6814422607421875,0.26868921518325806,3.8563613891601562,0.22313456237316132,3.9188549518585205,0.1624681055545807,4.025638103485107
105,0,0,1,0.4703817367553711,3.6431639194488525,0.29107043147087097,3.7618582248687744,0.2643594443798065,3.8100192546844482,0.18496890366077423,3.9302875995635986
106,0,0,1,0.4300362765789032,3.685192823410034,0.2670997977256775,3.87434720993042,0.21083784103393555,3.9324605464935303,0.14889588952064514,4.0476508140563965
107,0,0,1,0.4529854953289032,3.653064250946045,0.2858737111091614,3.788430690765381,0.2546137571334839,3.834174871444702,0.18050462007522583,3.967538833618164
108,0,0,1,0.4205347001552582,3.6781630516052246,0.2678122818470001,3.8612117767333984,0.21451489627361298,3.90407395362854,0.1516461968421936,4.030490398406982
109,0,0,1,0.4209333062171936,3.6879372596740723,0.2653908133506775,3.8727307319641113,0.21236248314380646,3.936699390411377,0.14889588952064514,4.057957649230957
110,0,0,1,0.42768701910972595,3.6844305992126465,0.26894330978393555,3.865241289138794,0.22436024248600006,3.930535316467285,0.1589803844690323,4.025698661804199
111,0,0,1,0.46585020422935486,3.6483187675476074,0.28925183415412903,3.769318103790283,0.2604531943798065,3.827906847000122,0.18620455265045166,3.9530129432678223
112,0,0,1,0.4380381107330322,3.6628713607788086,0.27968549728393555,3.816795587539673,0.2357800453901291,3.883141040802002,0.16324537992477417,4.046148300170898
113,0,0,1,0.4370839595794678,3.6603572368621826,0.2793765962123871,3.810154914855957,0.2410116344690323,3.8622756004333496,0.17323023080825806,3.960193395614624
114,0,0,1,0.44679227471351624,3.6579182147979736,0.2812848687171936,3.798760175704956,0.24292489886283875,3.844860076904297,0.17464524507522583,3.972954511642456
115,0,0,1,0.46095991134643555,3.647987127304077,0.28524094820022583,3.7770440578460693,0.2514150142669678,3.833531618118286,0.1831752210855484,3.9416821002960205
116,0,0,1,0.4536556303501129,3.6599743366241455,0.2797153890132904,3.8051834106445312,0.23987562954425812,3.855309009552002,0.17580117285251617,3.978573799133301
117,0,0,1,0.45624151825904846,3.6579811573028564,0.2815439701080322,3.8057940006256104,0.24413065612316132,3.8646066188812256,0.17436622083187103,3.976454496383667
118,0,0,1,0.4423553943634033,3.656137228012085,0.27923208475112915,3.8043110370635986,0.23791253566741943,3.8629109859466553,0.16761000454425812,3.995957136154175
119,0,0,1,0.4365084767341614,3.676962375640869,0.2698800265789032,3.8447365760803223,0.22429049015045166,3.894570827484131,0.15927933156490326,3.995120048522949
120,0,0,1,0.43889757990837097,3.676774024963379,0.271240234375,3.849519729614258,0.22479870915412903,3.9258832931518555,0.15830276906490326,4.039028167724609
121,0,0,1,0.41406747698783875,3.6925876140594482,0.2626006305217743,3.896613121032715,0.205915167927742,3.940476179122925,0.14429208636283875,4.061464309692383
122,0,0,1,0.44897958636283875,3.649735927581787,0.2860381305217743,3.7786061763763428,0.25198301672935486,3.8224384784698486,0.18257732689380646,3.9180221557617188
123,0,0,1,0.4512515962123871,3.66195011138916,0.2812250852584839,3.8002941608428955,0.24523675441741943,3.8667209148406982,0.17651864886283875,3.9862256050109863
124,0,0,1,0.4621158540248871,3.649864912033081,0.28631216287612915,3.7811672687530518,0.2525809109210968,3.8284215927124023,0.17693717777729034,3.9535932540893555
125,0,0,1,0.40610548853874207,3.694277763366699,0.2598951756954193,3.8928720951080322,0.20587530732154846,3.9331557750701904,0.14867664873600006,4.025200843811035
126,0,0,1,0.4115064740180969,3.6855952739715576,0.2628099024295807,3.8805809020996094,0.20356345176696777,3.940767526626587,0.14018653333187103,4.083735942840576
127,0,0,1,0.431849867105484,3.6875014305114746,0.26750338077545166,3.8685951232910156,0.21425580978393555,3.924468517303467,0.1508091539144516,4.05206823348999
128,0,0,1,0.4369843006134033,3.661870241165161,0.27616289258003235,3.8257527351379395,0.22737962007522583,3.881584644317627,0.16198979318141937,3.989788293838501
129,0,0,1,0.429408460855484,3.6845991611480713,0.26687559485435486,3.8751564025878906,0.2170659303665161,3.940779447555542,0.15754543244838715,4.070714950561523
130,0,0,1,0.45884984731674194,3.651916980743408,0.28419962525367737,3.790550470352173,0.24829599261283875,3.852590560913086,0.17548230290412903,3.99216365814209
131,0,0,1,0.4369419515132904,3.6807265281677246,0.27138471603393555,3.8608357906341553,0.22165974974632263,3.9328808784484863,0.15712690353393555,4.0546674728393555
132,0,0,1,0.4674694836139679,3.6443729400634766,0.2880759537220001,3.768566846847534,0.2566167116165161,3.815587043762207,0.18174026906490326,3.9592061042785645
133,0,0,1,0.45129892230033875,3.665154218673706,0.2808215022087097,3.815230131149292,0.246442511677742,3.873842477798462,0.17364875972270966,3.989441156387329
134,0,0,1,0.460591197013855,3.651247978210449,0.28612783551216125,3.779197931289673,0.2560686469078064,3.8168656826019287,0.18524792790412903,3.9265196323394775
135,0,0,1,0.41957059502601624,3.6801488399505615,0.26738879084587097,3.86579966545105,0.21552136540412903,3.9129831790924072,0.15808354318141937,4.0237016677856445
136,0,0,1,0.4709198474884033,3.6440742015838623,0.29113519191741943,3.7592415809631348,0.2651965022087097,3.7917935848236084,0.19058911502361298,3.8949074745178223
137,0,0,1,0.4073486328125,3.6925442218780518,0.2606126368045807,3.890413999557495,0.20503826439380646,3.9362363815307617,0.14582668244838715,4.0602707862854
138,0,0,1,0.4042196273803711,3.6917974948883057,0.2603834569454193,3.8877344131469727,0.20166015625,3.9231112003326416,0.14524872601032257,4.042673110961914
139,0,0,1,0.4283447265625,3.680774211883545,0.2684251368045807,3.862011432647705,0.21417608857154846,3.9304425716400146,0.15417729318141937,4.0345139503479
140,0,0,1,0.4582245349884033,3.6586782932281494,0.2837362289428711,3.800516366958618,0.2470105141401291,3.8597304821014404,0.17610011994838715,3.9932096004486084
141,0,0,1,0.46101221442222595,3.6603424549102783,0.2854801118373871,3.794334888458252,0.2561284303665161,3.8539860248565674,0.1817801296710968,3.99967098236084
142,0,0,1,0.4593406021595001,3.654062509536743,0.28651148080825806,3.785858392715454,0.25359731912612915,3.8473024368286133,0.17916932702064514,3.9634037017822266
143,0,0,1,0.4389199912548065,3.6600637435913086,0.2805424928665161,3.8048343658447266,0.24109135568141937,3.850458860397339,0.16914460062980652,3.970071792602539
144,0,0,1,0.45247727632522583,3.6567599773406982,0.2803780734539032,3.806656837463379,0.239118292927742,3.854142427444458,0.16962292790412903,4.0035247802734375
145,0,0,1,0.4627859890460968,3.6489076614379883,0.2869150638580322,3.782738447189331,0.2513751685619354,3.8322365283966064,0.18012595176696777,3.9660322666168213
146,0,0,1,0.4565255343914032,3.658172130584717,0.2827497124671936,3.796313524246216,0.24473851919174194,3.848534107208252,0.17325015366077423,3.9792935848236084
147,0,0,1,0.42512354254722595,3.686061382293701,0.26638731360435486,3.871504783630371,0.21695630252361298,3.9379477500915527,0.15585139393806458,4.046291351318359
148,0,0,1,0.45278120040893555,3.6606767177581787,0.2810556888580322,3.807459831237793,0.24510721862316132,3.8627068996429443,0.17693717777729034,3.9953818321228027
149,0,0,1,0.45985379815101624,3.6537225246429443,0.2835618555545807,3.787935733795166,0.2470005601644516,3.8491547107696533,0.17434629797935486,3.95804762840271
150,0,0,1,0.43469735980033875,3.674940347671509,0.27195271849632263,3.846506118774414,0.22197863459587097,3.899353504180908,0.15983736515045166,3.995635986328125
151,0,0,1,0.46764636039733887,3.6509640216827393,0.28948599100112915,3.7764925956726074,0.25847017765045166,3.8282058238983154,0.18227837979793549,3.970150947570801
152,0,0,1,0.42825502157211304,3.679084300994873,0.2705078125,3.8501803874969482,0.21884964406490326,3.917539358139038,0.1573660671710968,4.0189971923828125
153,0,0,1,0.46001821756362915,3.654409646987915,0.2864018678665161,3.785011053085327,0.2566964328289032,3.8410325050354004,0.1833745241165161,3.9573960304260254
154,0,0,1,0.4606235921382904,3.6467349529266357,0.28637197613716125,3.783561944961548,0.2497907280921936,3.8305740356445312,0.17811304330825806,3.9724740982055664
155,0,0,1,0.42184510827064514,3.6791038513183594,0.26424485445022583,3.8669745922088623,0.21035952866077423,3.9345808029174805,0.14793924987316132,4.056581020355225
156,0,0,1,0.4422084093093872,3.662670612335205,0.2769700586795807,3.8198204040527344,0.2314552664756775,3.8771257400512695,0.1643415093421936,4.005942344665527
157,0,0,1,0.4193214774131775,3.6785449981689453,0.26700514554977417,3.8602137565612793,0.21697624027729034,3.9221549034118652,0.15782445669174194,4.007829189300537
158,0,0,1,0.424159437417984,3.6849424839019775,0.2657894194126129,3.8719279766082764,0.21661749482154846,3.9252002239227295,0.15375876426696777,4.0406999588012695
159,0,0,1,0.45046186447143555,3.651723623275757,0.28316324949264526,3.794675588607788,0.24465879797935486,3.842456817626953,0.17444594204425812,3.956357717514038
160,0,0,1,0.4410574734210968,3.6660661697387695,0.27716436982154846,3.822265863418579,0.23359772562980652,3.8931405544281006,0.16655372083187103,4.032188415527344
161,0,0,1,0.4263318181037903,3.6750247478485107,0.2684151828289032,3.853356122970581,0.20943279564380646,3.8994622230529785,0.14451131224632263,4.0035858154296875
162,0,0,1,0.43505361676216125,3.68186616897583,0.2707021236419678,3.8578343391418457,0.22403140366077423,3.9204251766204834,0.15927933156490326,4.0384135246276855
163,0,0,1,0.45736756920814514,3.657575845718384,0.28463807702064514,3.796107053756714,0.25158441066741943,3.8585970401763916,0.17723612487316132,3.9763858318328857
164,0,0,1,0.46259167790412903,3.649611234664917,0.2888283133506775,3.7755351066589355,0.2589285671710968,3.8200430870056152,0.18110251426696777,3.9587323665618896
165,0,0,1,0.4593057334423065,3.6555278301239014,0.28473272919654846,3.791292667388916,0.25246134400367737,3.8507204055786133,0.18223851919174194,3.974846839904785
166,0,0,1,0.45612195134162903,3.6548984050750732,0.28408002853393555,3.790497303009033,0.2486049085855484,3.8336539268493652,0.17637914419174194,3.942485809326172
167,0,0,1,0.43041494488716125,3.6842949390411377,0.26739874482154846,3.8667922019958496,0.21559111773967743,3.923180103302002,0.15581153333187103,4.025454044342041
168,0,0,1,0.45523256063461304,3.654388427734375,0.28408998250961304,3.789926052093506,0.24664181470870972,3.8365318775177,0.17845185101032257,3.9715211391448975
169,0,0,1,0.4319121539592743,3.663304090499878,0.2746083736419678,3.828721761703491,0.23104670643806458,3.8834640979766846,0.16358418762683868,4.032650947570801
170,0,0,1,0.43822991847991943,3.669510841369629,0.2747977077960968,3.8261563777923584,0.22723014652729034,3.8792264461517334,0.1603754758834839,4.000124454498291
171,0,0,1,0.4619389772415161,3.6472015380859375,0.28738340735435486,3.775897741317749,0.25603872537612915,3.8234996795654297,0.18486925959587097,3.953536033630371
172,0,0,1,0.4413539171218872,3.6587493419647217,0.2782605290412903,3.810807943344116,0.23435506224632263,3.871757745742798,0.17016102373600006,3.982431411743164
173,0,0,1,0.4631696343421936,3.6537811756134033,0.28513631224632263,3.785454750061035,0.25484293699264526,3.844451427459717,0.18225844204425812,3.959321975708008
174,0,0,1,0.4707828462123871,3.6452460289001465,0.29182279109954834,3.7650163173675537,0.2676578462123871,3.8001861572265625,0.1888950914144516,3.9155941009521484
175,0,0,1,0.4293038547039032,3.6797232627868652,0.2696608006954193,3.85211181640625,0.21883967518806458,3.9121170043945312,0.15985730290412903,4.022939682006836
176,0,0,1,0.4635009765625,3.6457998752593994,0.2876424789428711,3.7736918926239014,0.2578822374343872,3.828780174255371,0.1829759180545807,3.9539265632629395
177,0,0,1,0.46335646510124207,3.6456193923950195,0.28967034816741943,3.7694106101989746,0.2605926990509033,3.815953493118286,0.18172034621238708,3.922351360321045
178,0,0,1,0.4666224718093872,3.6393442153930664,0.29083624482154846,3.7574522495269775,0.2599649131298065,3.795729875564575,0.18789859116077423,3.887462854385376
179,0,0,1,0.43120962381362915,3.6798620223999023,0.26784220337867737,3.865394353866577,0.21604950726032257,3.917346954345703,0.1575852930545807,4.056405544281006
180,0,0,1,0.41818299889564514,3.684711217880249,0.26602858304977417,3.8745715618133545,0.20965202152729034,3.932363748550415,0.1424386203289032,4.037498474121094
181,0,0,1,0.43672770261764526,3.6814370155334473,0.2710459232330322,3.857518434524536,0.22344347834587097,3.9297149181365967,0.1552136391401291,4.033127784729004
182,0,0,1,0.430873304605484,3.680051565170288,0.26790696382522583,3.8624510765075684,0.2112962305545807,3.924872636795044,0.14598612487316132,4.046143531799316
183,0,0,1,0.43507352471351624,3.6776204109191895,0.27360689640045166,3.8420257568359375,0.23154495656490326,3.906136989593506,0.16444116830825806,4.0099382400512695
184,0,0,1,0.44996610283851624,3.655259609222412,0.28339245915412903,3.7922747135162354,0.24580475687980652,3.8468804359436035,0.17518335580825806,3.9674630165100098
185,0,0,1,0.45554396510124207,3.6507527828216553,0.28433912992477417,3.785413980484009,0.2477678507566452,3.8151142597198486,0.18367347121238708,3.9290363788604736
186,0,0,1,0.46199625730514526,3.6471104621887207,0.28561463952064514,3.77803373336792,0.2518136203289032,3.8287692070007324,0.1813616007566452,3.951538562774658
187,0,0,1,0.4289999008178711,3.688462495803833,0.26735392212867737,3.8766098022460938,0.21859055757522583,3.9106948375701904,0.15531329810619354,4.02707576751709
188,0,0,1,0.4523950517177582,3.667072296142578,0.2806421220302582,3.810868978500366,0.2426060289144516,3.8705742359161377,0.17386798560619354,4.0238423347473145
189,0,0,1,0.44546693563461304,3.6593611240386963,0.28100088238716125,3.809088945388794,0.23718510568141937,3.8749685287475586,0.17239317297935486,4.014797687530518
190,0,0,1,0.42464524507522583,3.682551622390747,0.2680414915084839,3.873877763748169,0.21088767051696777,3.944289445877075,0.14797911047935486,4.079057216644287
191,0,0,1,0.4287831783294678,3.682007074356079,0.26881876587867737,3.8704428672790527,0.2175542116165161,3.9301483631134033,0.15467554330825806,4.054632186889648
192,0,0,1,0.4282052218914032,3.6831486225128174,0.2679368555545807,3.866036891937256,0.2135881632566452,3.9341700077056885,0.1513073891401291,4.05018424987793
193,0,0,1,0.46387216448783875,3.6456644535064697,0.2898646593093872,3.768362045288086,0.2594965696334839,3.814331293106079,0.18441087007522583,3.930617094039917
194,0,0,1,0.44948530197143555,3.6641299724578857,0.27931681275367737,3.8202104568481445,0.23672671616077423,3.8913958072662354,0.1691645383834839,4.035815238952637
195,0,0,1,0.4705112874507904,3.6404030323028564,0.2917131781578064,3.7609312534332275,0.2637416124343872,3.7931008338928223,0.18891501426696777,3.9253084659576416
196,0,0,1,0.454921156167984,3.660252332687378,0.2815539240837097,3.8056416511535645,0.24420040845870972,3.8577492237091064,0.1743861585855484,3.994628667831421
197,0,0,1,0.46714314818382263,3.649393320083618,0.28882333636283875,3.771322011947632,0.2587192952632904,3.810807704925537,0.1860451102256775,3.921264171600342
198,0,0,1,0.4250039756298065,3.683452606201172,0.2673090696334839,3.8730289936065674,0.2108777016401291,3.9247708320617676,0.15222416818141937,4.048703670501709
199,0,0,1,0.4549311399459839,3.654104471206665,0.28461316227912903,3.7885966300964355,0.24429009854793549,3.841566324234009,0.17177534103393555,3.9769115447998047
200,0,0,1,0.4317477345466614,3.6857714653015137,0.2662976384162903,3.871835708618164,0.2105887234210968,3.9421756267547607,0.15216438472270966,4.068369388580322
201,0,0,1,0.4655861258506775,3.645641803741455,0.2896653711795807,3.7684950828552246,0.2597058415412903,3.811065912246704,0.18439094722270966,3.9254214763641357
202,0,0,1,0.4208386540412903,3.6920225620269775,0.2638113796710968,3.889627456665039,0.21116669476032257,3.947855234146118,0.14839763939380646,4.0605692863464355
203,0,0,1,0.4145183861255646,3.6845321655273438,0.26508191227912903,3.8817734718322754,0.19973692297935486,3.929255723953247,0.13873165845870972,4.038212776184082
204,0,0,1,0.4503073990345001,3.6614184379577637,0.2819027006626129,3.800402879714966,0.24942202866077423,3.8684778213500977,0.17400749027729034,3.9997708797454834
205,0,0,1,0.41895776987075806,3.6869592666625977,0.26392099261283875,3.876816987991333,0.2098911851644516,3.936903476715088,0.15222416818141937,4.043467044830322
206,0,0,1,0.41872358322143555,3.684201955795288,0.2661830186843872,3.875748634338379,0.21835139393806458,3.9337806701660156,0.15599091351032257,4.045228004455566
207,0,0,1,0.46579787135124207,3.649134874343872,0.28835001587867737,3.7771499156951904,0.25748366117477417,3.8316497802734375,0.18183991312980652,3.9379658699035645
208,0,0,1,0.4542510211467743,3.655160665512085,0.2828094959259033,3.7937843799591064,0.2439413219690323,3.842442750930786,0.1741071343421936,3.977449655532837
209,0,0,1,0.43846410512924194,3.677306652069092,0.27181321382522583,3.8537778854370117,0.22553610801696777,3.9002342224121094,0.16101323068141937,4.026240825653076
210,0,0,1,0.45469945669174194,3.656766414642334,0.28436902165412903,3.7920420169830322,0.24849529564380646,3.8493404388427734,0.173828125,3.9904837608337402
211,0,0,1,0.46770617365837097,3.6466355323791504,0.28948599100112915,3.767852544784546,0.26106107234954834,3.817924976348877,0.18690210580825806,3.927809715270996
212,0,0,1,0.4584238529205322,3.6546640396118164,0.2833426296710968,3.7925546169281006,0.24499760568141937,3.8414952754974365,0.17366868257522583,3.9468672275543213
213,0,0,1,0.43517816066741943,3.677766799926758,0.27040815353393555,3.852428436279297,0.22179926931858063,3.9119865894317627,0.15830276906490326,4.042553424835205
214,0,0,1,0.43571627140045166,3.682138442993164,0.26859453320503235,3.865678548812866,0.21410633623600006,3.9138975143432617,0.1509486585855484,4.0269341468811035
215,0,0,1,0.41853922605514526,3.6884260177612305,0.2650769352912903,3.8907558917999268,0.20701131224632263,3.944209098815918,0.1439134180545807,4.053455352783203
216,0,0,1,0.42893263697624207,3.67824387550354,0.2693668305873871,3.857222080230713,0.21949736773967743,3.922640323638916,0.1579241007566452,4.030287742614746
217,0,0,1,0.46224039793014526,3.6506383419036865,0.2850765287876129,3.781285047531128,0.25115591287612915,3.8339152336120605,0.17966756224632263,3.997004985809326
218,0,0,1,0.4658477008342743,3.644439697265625,0.28830018639564514,3.7624733448028564,0.2606225907802582,3.8005659580230713,0.18871571123600006,3.9230120182037354
219,0,0,1,0.44486406445503235,3.6570403575897217,0.27968549728393555,3.801706552505493,0.23574018478393555,3.8775837421417236,0.16780930757522583,4.002850532531738
220,0,0,1,0.4668317437171936,3.644778251647949,0.28907743096351624,3.760664701461792,0.2610112428665161,3.8013973236083984,0.187360480427742,3.9052228927612305
221,0,0,1,0.42669302225112915,3.675346612930298,0.2713000178337097,3.851701498031616,0.21922831237316132,3.923227310180664,0.15724648535251617,4.050696849822998
222,0,0,1,0.4540044069290161,3.658726692199707,0.28216177225112915,3.797513723373413,0.24568518996238708,3.8404381275177,0.17799346148967743,3.952636957168579
223,0,0,1,0.4530278444290161,3.6571385860443115,0.2813895046710968,3.8012783527374268,0.2396165430545807,3.8540713787078857,0.16946348547935486,3.965071201324463
224,0,0,1,0.43380051851272583,3.6766514778137207,0.27134984731674194,3.851912260055542,0.22492824494838715,3.910464286804199,0.15981744229793549,4.025938510894775
225,0,0,1,0.44677236676216125,3.6607577800750732,0.27972036600112915,3.8121337890625,0.2406529039144516,3.8543272018432617,0.17301100492477417,3.972123146057129
226,0,0,1,0.4228067100048065,3.6828620433807373,0.26734891533851624,3.8653695583343506,0.21084780991077423,3.9269814491271973,0.1506098508834839,4.057562351226807
227,0,0,1,0.438862681388855,3.6648387908935547,0.2770398259162903,3.8232109546661377,0.2297811657190323,3.868251085281372,0.16631457209587097,4.0167765617370605
228,0,3,0,0.5098104476928711,3.5910515785217285,0.3137555718421936,3.644540548324585,0.3101183772087097,3.630378246307373,0.21687659621238708,3.7492189407348633
229,0,0,1,0.44182974100112915,3.672327756881714,0.27201250195503235,3.837766170501709,0.22875477373600006,3.871232032775879,0.16444116830825806,3.9730942249298096
230,0,0,1,0.46309489011764526,3.65201473236084,0.28704458475112915,3.7809619903564453,0.2590182423591614,3.834994077682495,0.1818598508834839,3.955725908279419
231,0,0,1,0.41701459884643555,3.6931114196777344,0.2625906765460968,3.8877673149108887,0.20720064640045166,3.9424326419830322,0.14869658648967743,4.063128471374512
232,0,0,1,0.428364634513855,3.680236577987671,0.26845502853393555,3.8620824813842773,0.2131696343421936,3.9217464923858643,0.15365912020206451,4.036705493927002
233,0,0,1,0.4601353108882904,3.654188871383667,0.2867008149623871,3.7825241088867188,0.25699537992477417,3.8354012966156006,0.18391261994838715,3.9340052604675293
234,0,0,1,0.46384724974632263,3.6540775299072266,0.2867107689380646,3.790004253387451,0.2568857669830322,3.8399860858917236,0.18403220176696777,3.955815553665161
235,0,0,1,0.46000826358795166,3.648861885070801,0.286376953125,3.7829043865203857,0.25323858857154846,3.8304805755615234,0.17841199040412903,3.9592270851135254
236,0,0,1,0.424072265625,3.685406446456909,0.26630261540412903,3.8754115104675293,0.21458466351032257,3.9349400997161865,0.1552734375,4.027210712432861
237,0,0,1,0.46138840913772583,3.6495883464813232,0.2845035493373871,3.776536226272583,0.24717992544174194,3.8224148750305176,0.17323023080825806,3.935112714767456
238,0,0,1,0.45572832226753235,3.6499810218811035,0.2838857173919678,3.7840006351470947,0.24312420189380646,3.8331830501556396,0.1765585094690323,3.9382548332214355
239,0,0,1,0.4254175126552582,3.681570053100586,0.2678670883178711,3.862095832824707,0.21642817556858063,3.9238455295562744,0.15274234116077423,4.04240608215332
240,0,0,1,0.45069605112075806,3.65620493888855,0.28049764037132263,3.8020143508911133,0.240583136677742,3.8523380756378174,0.17512355744838715,3.9616479873657227
241,0,0,1,0.4200165271759033,3.68788480758667,0.2670798599720001,3.8705506324768066,0.21650788187980652,3.9320662021636963,0.15340003371238708,4.032090187072754
242,0,0,1,0.4459303021430969,3.6624748706817627,0.27997449040412903,3.813781261444092,0.23930762708187103,3.8752028942108154,0.17380818724632263,4.009861469268799
243,0,0,1,0.406581312417984,3.692080497741699,0.2630639970302582,3.8856964111328125,0.21419602632522583,3.935380220413208,0.15712690353393555,4.039446830749512
244,0,0,1,0.4529580771923065,3.6570088863372803,0.2824208736419678,3.796252727508545,0.2436622977256775,3.853386163711548,0.17386798560619354,4.00882625579834
245,0,0,1,0.4502451419830322,3.657548189163208,0.28097596764564514,3.8024399280548096,0.24293486773967743,3.852003812789917,0.17566166818141937,3.937826156616211
246,0,0,1,0.4566675126552582,3.661158800125122,0.28395548462867737,3.803460121154785,0.25228196382522583,3.8572499752044678,0.17845185101032257,3.994192600250244
247,0,0,1,0.421630859375,3.6834194660186768,0.26602858304977417,3.877530813217163,0.21050900220870972,3.9435267448425293,0.15186543762683868,4.062073707580566
248,0,0,1,0.4688969850540161,3.6438562870025635,0.29084622859954834,3.766488552093506,0.26002469658851624,3.823829174041748,0.18472975492477417,3.9554429054260254
249,0,0,1,0.4590964615345001,3.6501667499542236,0.28485730290412903,3.7823410034179688,0.24879424273967743,3.834301233291626,0.1780931055545807,3.956915855407715
250,0,0,1,0.43845412135124207,3.662003755569458,0.2777622640132904,3.8200831413269043,0.2341657280921936,3.893101930618286,0.16513870656490326,4.016533851623535
251,0,0,1,0.43050462007522583,3.6767451763153076,0.2677425444126129,3.850680112838745,0.21472416818141937,3.899341106414795,0.15493462979793549,3.9996140003204346
252,0,0,1,0.4309181571006775,3.687877893447876,0.2683703303337097,3.8739023208618164,0.21621890366077423,3.945432662963867,0.15391820669174194,4.046355247497559
253,0,0,1,0.4311373829841614,3.6786584854125977,0.2689482867717743,3.856907367706299,0.21867027878761292,3.915785551071167,0.15587133169174194,4.03298807144165
254,0,0,1,0.4643629193305969,3.6514949798583984,0.2877272069454193,3.772303819656372,0.2594068944454193,3.8020896911621094,0.18807795643806458,3.9239165782928467
255,0,0,1,0.4510423243045807,3.652961492538452,0.2827945649623871,3.7890164852142334,0.24174903333187103,3.8432810306549072,0.17514349520206451,3.962448835372925
256,0,0,1,0.45785585045814514,3.6512374877929688,0.28577905893325806,3.786634683609009,0.2552514970302582,3.8320906162261963,0.18530771136283875,3.9822542667388916
257,0,0,1,0.4094412624835968,3.6808576583862305,0.26594388484954834,3.862278938293457,0.2205038219690323,3.9131417274475098,0.15314094722270966,4.037740707397461
258,0,0,1,0.45095762610435486,3.6610944271087646,0.27917230129241943,3.810729742050171,0.24014468491077423,3.8734803199768066,0.17414699494838715,4.018768787384033
259,0,0,1,0.4326445758342743,3.680929660797119,0.2688685655593872,3.859107255935669,0.22265625,3.909684896469116,0.16025589406490326,4.020022392272949
260,0,0,1,0.43952038884162903,3.676449775695801,0.2716687321662903,3.847079277038574,0.22340361773967743,3.90958571434021,0.16059470176696777,4.017622470855713
261,0,0,1,0.45814481377601624,3.6480154991149902,0.28831014037132263,3.777395725250244,0.2530791461467743,3.829271078109741,0.1808832883834839,3.9600043296813965
262,0,0,1,0.4134347140789032,3.6875858306884766,0.2637864649295807,3.8837807178497314,0.20484893023967743,3.928929328918457,0.14590640366077423,4.028684616088867
263,0,0,1,0.459559828042984,3.6533384323120117,0.2858388423919678,3.7839949131011963,0.25225207209587097,3.8330962657928467,0.17994658648967743,3.9261269569396973
264,0,0,1,0.42669054865837097,3.6883819103240967,0.26560506224632263,3.883394718170166,0.2064134180545807,3.9229507446289062,0.14164142310619354,4.020683765411377
265,0,0,1,0.45922353863716125,3.650702953338623,0.2850864827632904,3.7880911827087402,0.2580317258834839,3.8347880840301514,0.18363361060619354,3.9459517002105713
266,0,0,1,0.4633689224720001,3.6478171348571777,0.2881307601928711,3.7760119438171387,0.2578125,3.8211193084716797,0.18678252398967743,3.931391477584839
267,0,0,1,0.43608248233795166,3.674898624420166,0.2716388404369354,3.845319986343384,0.22034437954425812,3.901456117630005,0.15676817297935486,4.022374629974365
268,0,0,1,0.44748982787132263,3.6588690280914307,0.2815987765789032,3.804009437561035,0.24244658648967743,3.851294755935669,0.1690848171710968,3.971947193145752
269,0,0,1,0.46250447630882263,3.6482415199279785,0.2861328125,3.776642084121704,0.2528599202632904,3.8097734451293945,0.17972736060619354,3.9272565841674805
270,0,0,1,0.4415133595466614,3.6558313369750977,0.2817980647087097,3.8007001876831055,0.24076251685619354,3.8590290546417236,0.1686662882566452,3.9708142280578613
271,0,0,1,0.4568643271923065,3.651674747467041,0.2845035493373871,3.784749746322632,0.24695073068141937,3.8350818157196045,0.17936861515045166,3.9401111602783203
272,0,0,1,0.44617944955825806,3.6636626720428467,0.27765265107154846,3.8213043212890625,0.23892895877361298,3.879509449005127,0.17191486060619354,4.015534400939941
273,0,0,1,0.4514857530593872,3.663846969604492,0.28126493096351624,3.8125808238983154,0.24534638226032257,3.873319625854492,0.17679767310619354,3.993123769760132
274,0,0,1,0.43912675976753235,3.6592934131622314,0.27834025025367737,3.8092689514160156,0.23372727632522583,3.870091676712036,0.1657963991165161,3.9751172065734863
275,0,0,1,0.43921396136283875,3.6780788898468018,0.2711206376552582,3.854745864868164,0.2234335094690323,3.914369821548462,0.15892060101032257,4.0354905128479
276,0,0,1,0.45487383008003235,3.6562187671661377,0.2832529544830322,3.7910289764404297,0.24668167531490326,3.8388607501983643,0.176618292927742,3.96693754196167
277,0,0,1,0.47007283568382263,3.6428446769714355,0.2898895740509033,3.7636897563934326,0.26139986515045166,3.8060765266418457,0.18634407222270966,3.914438486099243
278,0,0,1,0.452113538980484,3.658379316329956,0.28090620040893555,3.803650379180908,0.24248644709587097,3.8647983074188232,0.17338965833187103,3.9573562145233154
279,0,0,1,0.4591138958930969,3.650245189666748,0.28393056988716125,3.7835609912872314,0.24877430498600006,3.8387742042541504,0.17897002398967743,3.973273992538452
280,0,0,1,0.45490124821662903,3.661381959915161,0.2819674611091614,3.8064920902252197,0.24600405991077423,3.8794102668762207,0.17085857689380646,4.022046089172363
281,0,0,1,0.44828203320503235,3.66536808013916,0.27910754084587097,3.810239553451538,0.24070271849632263,3.8495962619781494,0.17462532222270966,3.972266674041748
282,0,0,1,0.4348493218421936,3.679006814956665,0.2711206376552582,3.8601672649383545,0.22275589406490326,3.9337031841278076,0.15886080265045166,4.06473445892334
283,0,0,1,0.4624720811843872,3.6577999591827393,0.28545519709587097,3.797598361968994,0.25401586294174194,3.8532814979553223,0.1765385866165161,3.990968704223633
284,0,0,1,0.45758679509162903,3.654114007949829,0.2846530079841614,3.7775464057922363,0.25401586294174194,3.830763816833496,0.182477667927742,3.9554390907287598
285,0,0,1,0.4391491711139679,3.6771633625030518,0.2724111080169678,3.8493616580963135,0.22574536502361298,3.9048733711242676,0.15892060101032257,4.041886329650879
286,0,0,1,0.4384665787220001,3.662496328353882,0.27776724100112915,3.820014715194702,0.23460419476032257,3.8803465366363525,0.16749043762683868,3.9945263862609863
287,0,0,1,0.4339773952960968,3.6789588928222656,0.26966577768325806,3.862535238265991,0.21551139652729034,3.923429012298584,0.15244339406490326,4.0426201820373535
288,0,0,1,0.4301334321498871,3.6822986602783203,0.268310546875,3.869176149368286,0.21260163187980652,3.9295992851257324,0.15100844204425812,4.0469841957092285
289,0,0,1,0.45419374108314514,3.652467966079712,0.28439393639564514,3.7924106121063232,0.24721978604793549,3.8464267253875732,0.17402741312980652,3.9581997394561768
290,0,0,1,0.4453747570514679,3.677245855331421,0.2747727930545807,3.8504388332366943,0.23283043503761292,3.9027178287506104,0.16346460580825806,4.032309055328369
291,0,0,1,0.4283272922039032,3.6793129444122314,0.2678322196006775,3.8580410480499268,0.2165278196334839,3.917851686477661,0.14851722121238708,4.055689811706543
292,0,0,1,0.46143075823783875,3.6568713188171387,0.28633707761764526,3.7879552841186523,0.2574537694454193,3.836468458175659,0.1829759180545807,3.962857961654663
293,0,0,1,0.4295728802680969,3.6799819469451904,0.2682756781578064,3.8724091053009033,0.2158900648355484,3.937410593032837,0.15435665845870972,4.082763195037842
294,0,0,1,0.43995633721351624,3.664828300476074,0.2789630591869354,3.8190536499023438,0.23587970435619354,3.872333288192749,0.16920439898967743,3.987985849380493
295,0,0,1,0.46395188570022583,3.6493122577667236,0.28716418147087097,3.773904800415039,0.25596898794174194,3.8148090839385986,0.1851283460855484,3.941328525543213
296,0,0,1,0.4580426812171936,3.656524896621704,0.2855398952960968,3.786595582962036,0.2553113102912903,3.826821804046631,0.17797352373600006,3.948376178741455
297,0,0,1,0.42973482608795166,3.6881141662597656,0.26763293147087097,3.877092123031616,0.21668726205825806,3.9443089962005615,0.15463568270206451,4.05000638961792
298,0,0,1,0.4555240571498871,3.6587986946105957,0.2822116017341614,3.806112289428711,0.24608378112316132,3.8595666885375977,0.17604033648967743,3.975093364715576
299,0,0,1,0.4450160264968872,3.6602084636688232,0.2777822017669678,3.8113789558410645,0.23401625454425812,3.87591552734375,0.16778938472270966,4.005701541900635
300,0,0,1,0.44332948327064514,3.660191297531128,0.2802285850048065,3.8072471618652344,0.24200811982154846,3.8685662746429443,0.17093829810619354,3.997901439666748
301,0,0,1,0.420497328042984,3.6918318271636963,0.2653110921382904,3.885819435119629,0.21409638226032257,3.9541075229644775,0.1513073891401291,4.068493366241455
302,0,0,1,0.43160325288772583,3.6765406131744385,0.27079179883003235,3.8589487075805664,0.2175641655921936,3.9156322479248047,0.15644928812980652,4.027515888214111
303,0,3,0,0.434590220451355,3.6764307022094727,0.2701141834259033,3.8504602909088135,0.22153021395206451,3.893527030944824,0.15559230744838715,4.037146091461182
304,0,0,1,0.4326346218585968,3.690078020095825,0.2675183415412903,3.875046491622925,0.21872009336948395,3.9548044204711914,0.15533322095870972,4.06581974029541
305,0,0,1,0.4651601314544678,3.651947498321533,0.28823041915893555,3.7745509147644043,0.26169881224632263,3.8320767879486084,0.18301577866077423,3.933573007583618
306,0,0,1,0.4197200834751129,3.6866493225097656,0.26515665650367737,3.875098705291748,0.20448023080825806,3.9283626079559326,0.1467633843421936,4.039924144744873
307,0,0,1,0.4357586205005646,3.6785619258880615,0.2716238796710968,3.8591606616973877,0.2194575071334839,3.928029775619507,0.15742585062980652,4.058615207672119
308,0,0,1,0.425048828125,3.6822140216827393,0.26760801672935486,3.8559300899505615,0.21546156704425812,3.913560152053833,0.1550542116165161,4.039974212646484
309,0,0,1,0.45633620023727417,3.6568455696105957,0.28160375356674194,3.8036766052246094,0.24081233143806458,3.8598856925964355,0.16864636540412903,3.993736743927002
310,0,0,1,0.44713109731674194,3.6627683639526367,0.2784697711467743,3.807675838470459,0.23944714665412903,3.856673240661621,0.171875,3.977388620376587
311,0,0,1,0.45693159103393555,3.654463052749634,0.28489217162132263,3.7887861728668213,0.2501395046710968,3.8538362979888916,0.17590083181858063,3.992295503616333
312,0,0,1,0.42318788170814514,3.687751293182373,0.26749342679977417,3.8754632472991943,0.21695630252361298,3.9433677196502686,0.15086893737316132,4.081373691558838
313,0,0,1,0.4333520829677582,3.676880359649658,0.2732182741165161,3.845338821411133,0.22539660334587097,3.9043281078338623,0.16023597121238708,4.006592273712158
314,0,0,1,0.41895776987075806,3.685032606124878,0.2649424076080322,3.8753550052642822,0.20624402165412903,3.928250551223755,0.14502950012683868,4.042600154876709
315,0,0,1,0.45326948165893555,3.6554527282714844,0.2825205326080322,3.8008217811584473,0.24636279046535492,3.8688266277313232,0.17534278333187103,4.004091739654541
316,0,0,1,0.4524623155593872,3.6575138568878174,0.28222158551216125,3.80294132232666,0.24721978604793549,3.851062059402466,0.17713648080825806,3.962758779525757
317,0,0,1,0.4599011242389679,3.6501615047454834,0.2867855131626129,3.7828314304351807,0.2555006444454193,3.83225417137146,0.17916932702064514,3.9535038471221924
318,0,0,1,0.46391451358795166,3.649643659591675,0.2869100570678711,3.777907133102417,0.2528798580169678,3.8224375247955322,0.17845185101032257,3.9478445053100586
319,0,0,1,0.44368571043014526,3.6635353565216064,0.27775728702545166,3.822842597961426,0.2335379421710968,3.874509334564209,0.1657366007566452,4.0147905349731445
320,0,0,1,0.45135870575904846,3.65434193611145,0.2827845811843872,3.8006553649902344,0.24558553099632263,3.85567045211792,0.1751634180545807,3.946296453475952
321,0,0,1,0.4528733789920807,3.660822868347168,0.2813197374343872,3.8056392669677734,0.24766820669174194,3.8636839389801025,0.18012595176696777,3.960832118988037
322,0,0,1,0.450648695230484,3.6551239490509033,0.2835519015789032,3.7962045669555664,0.24507732689380646,3.8458974361419678,0.17171555757522583,3.960306406021118
323,0,0,1,0.43608248233795166,3.6787891387939453,0.2709512412548065,3.8595097064971924,0.21985609829425812,3.9171011447906494,0.15417729318141937,4.041623592376709
324,0,0,1,0.44985151290893555,3.6591203212738037,0.2817482352256775,3.79962158203125,0.23955675959587097,3.848128080368042,0.17301100492477417,3.973966121673584
325,0,0,1,0.463765025138855,3.6504547595977783,0.28738340735435486,3.7722394466400146,0.25596898794174194,3.828239917755127,0.18357381224632263,3.931929111480713
326,0,0,1,0.45210108160972595,3.6593947410583496,0.2826899290084839,3.801205635070801,0.2502690553665161,3.8576548099517822,0.1761997789144516,3.975229024887085
327,0,0,1,0.4630625247955322,3.6484932899475098,0.28829020261764526,3.772869348526001,0.2582509517669678,3.803943395614624,0.18243782222270966,3.922656774520874
328,0,0,1,0.4437355399131775,3.671180486679077,0.2732880115509033,3.837484121322632,0.22762873768806458,3.8938405513763428,0.16310586035251617,4.027492523193359
329,0,0,1,0.4134347140789032,3.686386823654175,0.26479291915893555,3.877297878265381,0.21013033390045166,3.9114620685577393,0.1511678844690323,4.03889274597168
330,0,0,1,0.4363565146923065,3.6766672134399414,0.27067720890045166,3.8541030883789062,0.22323420643806458,3.9125077724456787,0.1595982164144516,4.0470781326293945
331,0,0,1,0.5055529475212097,3.5922200679779053,0.3113689720630646,3.6480085849761963,0.2979212999343872,3.6322708129882812,0.21639826893806458,3.738349676132202
332,0,0,1,0.4657779633998871,3.6492695808410645,0.28766241669654846,3.775768518447876,0.2556401491165161,3.8163249492645264,0.18176020681858063,3.9426534175872803
333,0,0,1,0.45072343945503235,3.656358480453491,0.2811005115509033,3.799762487411499,0.23836097121238708,3.8454012870788574,0.17008131742477417,3.927232265472412
334,0,0,1,0.41970762610435486,3.6824851036071777,0.26402562856674194,3.8825650215148926,0.2076590359210968,3.9321465492248535,0.15138711035251617,4.0450239181518555
335,0,0,1,0.4511120617389679,3.6595537662506104,0.28215181827545166,3.800031900405884,0.23974609375,3.8583481311798096,0.17133688926696777,3.988600730895996
336,0,0,1,0.46865034103393555,3.644965887069702,0.28905752301216125,3.7687149047851562,0.2588488459587097,3.8160223960876465,0.18831712007522583,3.932267904281616
337,0,0,1,0.4647391140460968,3.6486196517944336,0.28708943724632263,3.76889967918396,0.25254103541374207,3.8214101791381836,0.18181999027729034,3.926778554916382
338,0,0,1,0.466395765542984,3.64570689201355,0.29152384400367737,3.759032726287842,0.26588407158851624,3.7946181297302246,0.18650349974632263,3.905428409576416
339,0,0,1,0.45332926511764526,3.6563334465026855,0.28306859731674194,3.795504570007324,0.24543605744838715,3.843118190765381,0.17486447095870972,3.9522452354431152
340,0,0,1,0.43225595355033875,3.6653871536254883,0.27496710419654846,3.8261184692382812,0.2275390625,3.8709819316864014,0.15882094204425812,3.9780399799346924
341,0,0,1,0.423549085855484,3.677236318588257,0.2696707546710968,3.8573646545410156,0.2147141993045807,3.9228198528289795,0.1529017835855484,4.046663284301758
342,0,0,1,0.44043466448783875,3.6716177463531494,0.2739756107330322,3.834636688232422,0.22945232689380646,3.907365560531616,0.16529814898967743,4.022787570953369
343,0,0,1,0.4592359662055969,3.6509459018707275,0.28729870915412903,3.7797162532806396,0.25897839665412903,3.8173842430114746,0.18371333181858063,3.934150457382202
344,0,0,1,0.4603694975376129,3.649261951446533,0.28722894191741943,3.7710068225860596,0.2544044852256775,3.8140227794647217,0.18349409103393555,3.9197349548339844
345,0,0,1,0.44134145975112915,3.6679348945617676,0.2766013443470001,3.823399066925049,0.236328125,3.880460500717163,0.17291134595870972,3.993199586868286
346,0,0,1,0.450927734375,3.668010950088501,0.2789630591869354,3.8144099712371826,0.24515704810619354,3.849036693572998,0.17414699494838715,3.949073076248169
347,0,0,1,0.46119409799575806,3.649759292602539,0.2867506444454193,3.7813282012939453,0.25198301672935486,3.8221616744995117,0.17988678812980652,3.9444937705993652
348,0,0,1,0.45197156071662903,3.6575169563293457,0.2821069657802582,3.80300235748291,0.24285514652729034,3.862705707550049,0.17430643737316132,3.9929111003875732
349,0,0,1,0.4439373314380646,3.6574466228485107,0.28084641695022583,3.8041584491729736,0.24179886281490326,3.839604377746582,0.1751634180545807,3.9667766094207764
350,0,0,1,0.4523751437664032,3.662123441696167,0.28295400738716125,3.802518129348755,0.24897360801696777,3.859595775604248,0.17540258169174194,3.9896602630615234
351,0,0,1,0.43463757634162903,3.6769704818725586,0.27191784977912903,3.844562530517578,0.2268315553665161,3.8907437324523926,0.16177056729793549,4.016139030456543
352,1,1,1,0.30747267603874207,3.631605386734009,0.2958834767341614,3.735269784927368,0.32215601205825806,3.7293450832366943,0.2372448891401291,3.7443716526031494
353,1,1,1,0.2778395116329193,3.6464264392852783,0.2831333577632904,3.792964458465576,0.313685804605484,3.75980806350708,0.24141022562980652,3.7469661235809326
354,1,1,1,0.26438435912132263,3.5990614891052246,0.3141641318798065,3.690979242324829,0.38612085580825806,3.6528079509735107,0.28902262449264526,3.625499963760376
355,1,1,1,0.26510682702064514,3.6230924129486084,0.2911551296710968,3.7290539741516113,0.34685903787612915,3.705699920654297,0.2569754421710968,3.699007272720337
356,1,1,1,0.2842419743537903,3.619192361831665,0.29369619488716125,3.740813732147217,0.3319614827632904,3.7111337184906006,0.2500797212123871,3.688555955886841
357,1,1,1,0.26438435912132263,3.5990614891052246,0.3141641318798065,3.690979242324829,0.38612085580825806,3.6528079509735107,0.28902262449264526,3.625499963760376
358,1,1,1,0.36576998233795166,3.6527860164642334,0.28068697452545166,3.800852060317993,0.2638213336467743,3.8245136737823486,0.19716596603393555,3.8919436931610107
359,1,1,1,0.2508794069290161,3.6011617183685303,0.30699437856674194,3.7029619216918945,0.38117823004722595,3.684382438659668,0.2845184803009033,3.676309823989868
360,1,1,1,0.28148168325424194,3.6075546741485596,0.30322265625,3.7123138904571533,0.3634207546710968,3.707430839538574,0.26990991830825806,3.685889482498169
361,1,1,1,0.30326998233795166,3.6441614627838135,0.2803182601928711,3.785890817642212,0.29160353541374207,3.778730869293213,0.21420599520206451,3.8126163482666016
362,1,1,1,0.2703956961631775,3.616838216781616,0.3027941584587097,3.7165141105651855,0.36485570669174194,3.690883159637451,0.2793566584587097,3.667903184890747
363,1,1,1,0.37822115421295166,3.654086112976074,0.2813097834587097,3.79394268989563,0.26685068011283875,3.816908836364746,0.19345901906490326,3.8706088066101074
364,1,1,1,0.3091418147087097,3.674797773361206,0.2672193944454193,3.837634325027466,0.26781728863716125,3.8314108848571777,0.20051418244838715,3.855382204055786
365,1,1,1,0.3265654742717743,3.6598033905029297,0.27803629636764526,3.8100640773773193,0.2830536365509033,3.811723232269287,0.2087850719690323,3.828464984893799
366,1,1,1,0.29276198148727417,3.6225311756134033,0.29652124643325806,3.733755588531494,0.3357979953289032,3.7105467319488525,0.25171396136283875,3.688915252685547
367,1,1,1,0.33042439818382263,3.6709389686584473,0.26886358857154846,3.8480782508850098,0.26140981912612915,3.8451950550079346,0.19983656704425812,3.855490207672119
368,1,1,1,0.2951585352420807,3.652942657470703,0.2768206000328064,3.804748058319092,0.29105547070503235,3.781737804412842,0.22233736515045166,3.769989252090454
369,1,1,1,0.3775460422039032,3.6817617416381836,0.25299444794654846,3.883608818054199,0.21621890366077423,3.959765911102295,0.15045040845870972,4.091137886047363
370,1,1,1,0.29395028948783875,3.638786792755127,0.29392537474632263,3.7490506172180176,0.32669004797935486,3.7270619869232178,0.24200811982154846,3.723379611968994
371,1,3,0,0.4143514633178711,3.69063401222229,0.2661481499671936,3.8776419162750244,0.23103675246238708,3.9452662467956543,0.16487962007522583,4.048108100891113
372,1,1,1,0.41759756207466125,3.6006789207458496,0.30646124482154846,3.668433427810669,0.3259626030921936,3.6602365970611572,0.23907843232154846,3.70965313911438
373,1,1,1,0.2726353108882904,3.614384412765503,0.29410475492477417,3.725384473800659,0.34462690353393555,3.729499101638794,0.25504225492477417,3.751035451889038
374,1,1,1,0.2554657459259033,3.6220524311065674,0.29003408551216125,3.737884521484375,0.3483438193798065,3.7094430923461914,0.2730787694454193,3.7016494274139404
375,1,1,1,0.2737065553665161,3.594613552093506,0.3172183930873871,3.678986072540283,0.3824039399623871,3.6580586433410645,0.2866709232330322,3.632925510406494
376,1,1,1,0.30774423480033875,3.6620848178863525,0.2743692100048065,3.8230156898498535,0.28609293699264526,3.821734666824341,0.2113560289144516,3.8103723526000977
377,1,1,1,0.41746801137924194,3.6682024002075195,0.2738659977912903,3.844085454940796,0.2354213148355484,3.895153522491455,0.16320551931858063,4.001099109649658
378,1,1,1,0.24843798577785492,3.5634493827819824,0.332763671875,3.649078369140625,0.42315050959587097,3.633100986480713,0.3284837305545807,3.61934232711792
379,1,1,1,0.31526774168014526,3.6671302318573,0.27423468232154846,3.805668592453003,0.2713946998119354,3.770038604736328,0.21000079810619354,3.7851381301879883
380,1,1,1,0.34956949949264526,3.6655073165893555,0.2757244408130646,3.8165488243103027,0.2581811845302582,3.8078274726867676,0.18660315871238708,3.8456690311431885
381,1,1,1,0.3704410493373871,3.6706008911132812,0.26066744327545166,3.837815523147583,0.2593470811843872,3.9431722164154053,0.18570630252361298,4.053659439086914
382,1,1,1,0.27892816066741943,3.6403040885925293,0.2820172905921936,3.768930435180664,0.32326212525367737,3.74019718170166,0.24443957209587097,3.724337577819824
383,1,1,1,0.3298937678337097,3.672086238861084,0.2715342044830322,3.831094741821289,0.2689931392669678,3.8181817531585693,0.202985480427742,3.838193416595459
384,1,1,1,0.2929413318634033,3.640383005142212,0.2875029742717743,3.7709476947784424,0.31475207209587097,3.745425224304199,0.23873962461948395,3.7478086948394775
385,1,1,1,0.30153608322143555,3.645808458328247,0.28191763162612915,3.785762310028076,0.3085339665412903,3.7606098651885986,0.22979113459587097,3.75888991355896
386,1,1,1,0.31107500195503235,3.6674327850341797,0.2657296359539032,3.8459866046905518,0.2502291798591614,3.8518974781036377,0.18463009595870972,3.8975603580474854
387,1,1,1,0.28335508704185486,3.6458356380462646,0.27819573879241943,3.7846691608428955,0.3021663725376129,3.7501237392425537,0.23136559128761292,3.760185956954956
388,1,1,1,0.2842220366001129,3.6402721405029297,0.2854601740837097,3.7672665119171143,0.3118124008178711,3.74324893951416,0.23969626426696777,3.7369253635406494
389,1,1,1,0.2752361595630646,3.623884439468384,0.29449835419654846,3.7291860580444336,0.34031209349632263,3.682410478591919,0.2523118555545807,3.6697473526000977
390,1,1,1,0.33571329712867737,3.664902925491333,0.2841697037220001,3.8013815879821777,0.2899593412876129,3.8076844215393066,0.2142259180545807,3.8381245136260986
391,1,1,1,0.3256561756134033,3.6774351596832275,0.25685086846351624,3.862272262573242,0.24174903333187103,3.8624484539031982,0.18349409103393555,3.904963731765747
392,1,1,1,0.2599848508834839,3.593512773513794,0.3194604814052582,3.6809425354003906,0.3884127736091614,3.6459028720855713,0.2922114133834839,3.6340880393981934
393,1,1,1,0.3730493485927582,3.6956357955932617,0.2528699040412903,3.8944671154022217,0.22529694437980652,3.9620063304901123,0.15812340378761292,4.07902717590332
394,1,1,1,0.3196323812007904,3.650686264038086,0.2914341390132904,3.769660711288452,0.30613240599632263,3.744539499282837,0.21942761540412903,3.7374205589294434
395,1,1,1,0.30149123072624207,3.6354269981384277,0.29341715574264526,3.7518932819366455,0.33339643478393555,3.734196186065674,0.24571508169174194,3.7157108783721924
396,1,1,1,0.3156837821006775,3.6611216068267822,0.2788683772087097,3.7992138862609863,0.29564931988716125,3.794027328491211,0.22735968232154846,3.8221423625946045
397,1,1,1,0.37491029500961304,3.655888795852661,0.28271982073783875,3.7930493354797363,0.27507174015045166,3.8178887367248535,0.19714604318141937,3.8969874382019043
398,1,1,1,0.29728105664253235,3.6679739952087402,0.2690927982330322,3.8412272930145264,0.2747727930545807,3.824218511581421,0.21167489886283875,3.837397575378418
399,1,1,1,0.30330735445022583,3.645749568939209,0.28126993775367737,3.7805569171905518,0.3001634180545807,3.747393846511841,0.22295519709587097,3.7582015991210938
400,1,1,1,0.30614736676216125,3.6417853832244873,0.2928989827632904,3.764824867248535,0.3197743892669678,3.7507011890411377,0.23266102373600006,3.7375364303588867
401,1,2,0,0.44255968928337097,3.655935764312744,0.28096598386764526,3.813197135925293,0.24363240599632263,3.8501369953155518,0.1669921875,3.966463804244995
402,1,1,1,0.3350331783294678,3.6542959213256836,0.28497686982154846,3.7996888160705566,0.2873883843421936,3.7868237495422363,0.20742984116077423,3.8019793033599854
403,1,1,1,0.2773960530757904,3.629246711730957,0.2923758327960968,3.7535998821258545,0.33994337916374207,3.728703737258911,0.2528499662876129,3.7149839401245117
404,1,1,1,0.3195725977420807,3.6468868255615234,0.28273478150367737,3.794769763946533,0.2798349857330322,3.774553060531616,0.20151068270206451,3.792107582092285
405,1,1,1,0.37232691049575806,3.68147611618042,0.24986547231674194,3.8785817623138428,0.22443996369838715,3.976912498474121,0.1570272594690323,4.0995049476623535
406,1,1,1,0.2476208657026291,3.5877039432525635,0.31324735283851624,3.6953237056732178,0.399922251701355,3.6741085052490234,0.31455275416374207,3.6543116569519043
407,1,1,1,0.2755301296710968,3.6375677585601807,0.2808912694454193,3.7646870613098145,0.3302176296710968,3.751523971557617,0.24754862487316132,3.774897336959839
408,1,1,1,0.35476869344711304,3.635319948196411,0.27939650416374207,3.781296730041504,0.27715441584587097,3.7603278160095215,0.21299026906490326,3.804248094558716
409,1,1,1,0.25933462381362915,3.5840401649475098,0.3175322711467743,3.6864585876464844,0.3959861099720001,3.6648800373077393,0.30578362941741943,3.638923406600952
410,1,1,1,0.24694573879241943,3.5898149013519287,0.31526029109954834,3.690394163131714,0.3935048580169678,3.659778594970703,0.3051259517669678,3.63873291015625
411,1,1,1,0.31024792790412903,3.6600019931793213,0.27500197291374207,3.820342779159546,0.27857938408851624,3.7907068729400635,0.2036830335855484,3.812035322189331
412,1,1,1,0.3918357193470001,3.676417589187622,0.2676229476928711,3.8625285625457764,0.22761878371238708,3.906137704849243,0.15933912992477417,4.027642250061035
413,1,1,1,0.33087530732154846,3.663602352142334,0.2737513780593872,3.8134613037109375,0.27258050441741943,3.794947624206543,0.19379782676696777,3.842863082885742
414,1,1,1,0.32252970337867737,3.658705711364746,0.2761130630970001,3.803814649581909,0.27869898080825806,3.7776386737823486,0.2157605141401291,3.777480125427246
415,1,1,1,0.3803262412548065,3.6859681606292725,0.2647181749343872,3.873724937438965,0.22638311982154846,3.8899550437927246,0.15919961035251617,3.964571952819824
416,1,1,1,0.3291015625,3.6650896072387695,0.2665766477584839,3.846438407897949,0.24955157935619354,3.8526933193206787,0.19240273535251617,3.8895795345306396
417,1,1,1,0.2964813709259033,3.6586925983428955,0.2742845118045807,3.797093629837036,0.30126953125,3.785003185272217,0.2262834757566452,3.789149284362793
418,1,1,1,0.27896055579185486,3.665163278579712,0.25255101919174194,3.867917537689209,0.2490931898355484,3.8770251274108887,0.2021484375,3.9230997562408447
419,1,1,1,0.2379075586795807,3.6159815788269043,0.2878667116165161,3.748598098754883,0.3591059446334839,3.7495906352996826,0.29334741830825806,3.747537136077881
420,1,1,1,0.3897107243537903,3.6261403560638428,0.2932627201080322,3.7364888191223145,0.31483179330825806,3.766727924346924,0.2212013602256775,3.816650152206421
421,1,1,1,0.26212233304977417,3.646704912185669,0.2701939046382904,3.7973592281341553,0.30710896849632263,3.787501335144043,0.23945710062980652,3.81681227684021
422,1,1,1,0.2679019868373871,3.587615489959717,0.3291912376880646,3.66300892829895,0.3952387571334839,3.6346216201782227,0.2908761203289032,3.623706817626953
423,1,1,1,0.2724684178829193,3.6280274391174316,0.2890475392341614,3.7442986965179443,0.34000319242477417,3.718698740005493,0.25366708636283875,3.7228944301605225
424,1,1,1,0.2724435031414032,3.618858575820923,0.3013741672039032,3.727362871170044,0.35767099261283875,3.698604106903076,0.2669403553009033,3.6823952198028564
425,1,1,1,0.29950574040412903,3.6135213375091553,0.3107810318470001,3.7058756351470947,0.34226521849632263,3.68017578125,0.24216756224632263,3.6776397228240967
426,1,1,1,0.3766392171382904,3.657428503036499,0.27097615599632263,3.8136837482452393,0.2721022069454193,3.86867356300354,0.19889986515045166,3.9485971927642822
427,1,1,1,0.32767656445503235,3.6685521602630615,0.2775081694126129,3.808589220046997,0.2848672568798065,3.7842726707458496,0.21490353345870972,3.801724910736084
428,1,1,1,0.32458245754241943,3.6745338439941406,0.26282984018325806,3.858903169631958,0.23986566066741943,3.8398072719573975,0.18913424015045166,3.862276077270508
429,1,1,1,0.3922916352748871,3.6602632999420166,0.2796207368373871,3.809483051300049,0.2578722834587097,3.830860137939453,0.18369339406490326,3.9123358726501465
430,1,1,1,0.35369497537612915,3.659358024597168,0.2801688015460968,3.808913230895996,0.2774733006954193,3.8249237537384033,0.202008917927742,3.882991313934326
431,1,1,1,0.2520403265953064,3.6184775829315186,0.28982481360435486,3.743523120880127,0.3634207546710968,3.7388813495635986,0.2749521732330322,3.7478978633880615
432,1,1,1,0.2843092381954193,3.6178455352783203,0.2997797727584839,3.7275915145874023,0.3503168821334839,3.699359893798828,0.2680564224720001,3.671226739883423
433,1,1,1,0.30217134952545166,3.6305835247039795,0.30489176511764526,3.728710889816284,0.3475765287876129,3.7063074111938477,0.25492265820503235,3.6953327655792236
434,1,1,1,0.23019221425056458,3.5745391845703125,0.30914679169654846,3.68088698387146,0.42220383882522583,3.678750991821289,0.3324697017669678,3.6613714694976807
435,1,1,1,0.2950613796710968,3.641599178314209,0.29105547070503235,3.7545363903045654,0.32936063408851624,3.728367328643799,0.24459899961948395,3.719954252243042
436,1,1,1,0.30841687321662903,3.669025182723999,0.26345762610435486,3.8366963863372803,0.2555205523967743,3.8298885822296143,0.1909877210855484,3.8613169193267822
437,1,1,1,0.26438435912132263,3.5990614891052246,0.3141641318798065,3.690979242324829,0.38612085580825806,3.6528079509735107,0.28902262449264526,3.625499963760376
438,1,1,1,0.2654431462287903,3.6841700077056885,0.2409069985151291,3.9230005741119385,0.27587890625,4.0239481925964355,0.2069714516401291,4.098025798797607
439,1,1,1,0.36275309324264526,3.694805383682251,0.24239178001880646,3.91011118888855,0.2151128053665161,3.9870755672454834,0.15844227373600006,4.108050346374512
440,1,1,1,0.3766840696334839,3.6202878952026367,0.3008161187171936,3.7178633213043213,0.30347177386283875,3.7172129154205322,0.21773357689380646,3.759908437728882
441,1,1,1,0.2731161117553711,3.6405577659606934,0.28260523080825806,3.7694640159606934,0.32013311982154846,3.7404282093048096,0.24286511540412903,3.753323554992676
442,1,1,1,0.3117052912712097,3.662095069885254,0.2698899805545807,3.822995185852051,0.2733876705169678,3.8152360916137695,0.20561622083187103,3.8337695598602295
443,1,1,1,0.32988131046295166,3.662762403488159,0.2751813530921936,3.817092180252075,0.2758191227912903,3.833411693572998,0.2064134180545807,3.8487014770507812
444,1,1,1,0.24337829649448395,3.5928921699523926,0.3032076954841614,3.6988415718078613,0.39186063408851624,3.6860949993133545,0.31572863459587097,3.6771240234375
445,1,1,1,0.3645991086959839,3.665609836578369,0.2755301296710968,3.83589506149292,0.23862005770206451,3.8428964614868164,0.16312579810619354,3.917898654937744
446,1,1,1,0.2865886986255646,3.6626274585723877,0.2606525123119354,3.831746816635132,0.2666115164756775,3.8222761154174805,0.2126913219690323,3.848388195037842
447,1,1,1,0.26637983322143555,3.621321201324463,0.28835001587867737,3.7377359867095947,0.3528180718421936,3.7217702865600586,0.26566484570503235,3.6936233043670654
448,1,1,1,0.2774982154369354,3.6375436782836914,0.283935546875,3.7666308879852295,0.3250458240509033,3.7601091861724854,0.2421277016401291,3.7669765949249268
449,1,1,1,0.3221261203289032,3.662956953048706,0.2722516655921936,3.8190035820007324,0.27102598547935486,3.8087728023529053,0.20866549015045166,3.8166189193725586
450,1,1,1,0.28448110818862915,3.65305233001709,0.2726702094078064,3.805211305618286,0.2927495241165161,3.7838518619537354,0.2259446680545807,3.7793948650360107
451,1,1,1,0.37689581513404846,3.6394779682159424,0.2979811131954193,3.741748332977295,0.30701929330825806,3.7420318126678467,0.2136678844690323,3.8002984523773193
452,1,1,1,0.25266310572624207,3.6168248653411865,0.289794921875,3.74463152885437,0.3485630452632904,3.7194888591766357,0.28206712007522583,3.715395927429199
453,1,1,1,0.2447160929441452,3.611344575881958,0.29290395975112915,3.7379863262176514,0.3588069975376129,3.7204155921936035,0.2897799611091614,3.705845832824707
454,1,3,0,0.41357919573783875,3.6819965839385986,0.26760801672935486,3.868534803390503,0.21953722834587097,3.9346375465393066,0.1476004421710968,4.055900573730469
455,1,1,1,0.3028464615345001,3.6632089614868164,0.27264028787612915,3.816666603088379,0.2831333577632904,3.7984726428985596,0.2229352593421936,3.7918827533721924
456,1,1,1,0.26438435912132263,3.5990614891052246,0.3141641318798065,3.690979242324829,0.38612085580825806,3.6528079509735107,0.28902262449264526,3.625499963760376
457,1,1,1,0.27967554330825806,3.6306653022766113,0.2890724539756775,3.750422239303589,0.3272281587123871,3.7425239086151123,0.24475844204425812,3.7363407611846924
458,1,1,1,0.2905547320842743,3.6366145610809326,0.2825504243373871,3.7629477977752686,0.3204520046710968,3.7247962951660156,0.23764349520206451,3.718886375427246
459,1,1,1,0.2986612021923065,3.639029026031494,0.28705456852912903,3.760505437850952,0.30676019191741943,3.728397846221924,0.23569037020206451,3.714611768722534
460,1,1,1,0.2922986149787903,3.674732208251953,0.2599997818470001,3.8771631717681885,0.245954230427742,3.8587229251861572,0.1833944469690323,3.919691324234009
461,1,1,1,0.31732550263404846,3.648916244506836,0.27691027522087097,3.791874408721924,0.2909558415412903,3.7778615951538086,0.21558114886283875,3.7640750408172607
462,1,1,1,0.32102498412132263,3.668893814086914,0.27201250195503235,3.837656259536743,0.27244099974632263,3.846195936203003,0.21059869229793549,3.8751773834228516
463,1,1,1,0.35066813230514526,3.679556131362915,0.2523467242717743,3.87965726852417,0.22472895681858063,3.9112274646759033,0.16198979318141937,3.969980239868164
464,1,1,1,0.2485002726316452,3.592912197113037,0.31054189801216125,3.6961510181427,0.3869180381298065,3.6812610626220703,0.3046875,3.6603872776031494
465,1,1,1,0.30072644352912903,3.6480109691619873,0.28048768639564514,3.787778615951538,0.31169283390045166,3.7700693607330322,0.23483337461948395,3.767206907272339
466,1,1,1,0.327113538980484,3.673137664794922,0.2686842381954193,3.8380744457244873,0.25931718945503235,3.8274986743927,0.20230786502361298,3.8535120487213135
467,1,1,1,0.380024790763855,3.6480841636657715,0.29116010665893555,3.767322063446045,0.28785672783851624,3.779243230819702,0.19882014393806458,3.8429229259490967
468,1,1,1,0.39458853006362915,3.647094964981079,0.2868901491165161,3.779888868331909,0.2782306373119354,3.808495283126831,0.2006138414144516,3.891019344329834
469,1,1,1,0.2682931125164032,3.610891819000244,0.29973989725112915,3.712146043777466,0.36303213238716125,3.6902363300323486,0.27760282158851624,3.6712613105773926
470,1,1,1,0.34051886200904846,3.6083898544311523,0.2958635687828064,3.7034404277801514,0.3191167116165161,3.7059080600738525,0.2186902016401291,3.709195375442505
471,1,1,1,0.31509336829185486,3.6696341037750244,0.261474609375,3.8376684188842773,0.25526148080825806,3.8324875831604004,0.1896723508834839,3.8525795936584473
472,1,1,1,0.28504911065101624,3.6226391792297363,0.30105528235435486,3.7199244499206543,0.34010282158851624,3.672985553741455,0.25207269191741943,3.660578727722168
473,1,1,1,0.5176653265953064,3.5918526649475098,0.31758707761764526,3.6217191219329834,0.3184490501880646,3.609600305557251,0.22175940871238708,3.739372730255127
474,1,1,1,0.31892985105514526,3.6621882915496826,0.2739008665084839,3.813253879547119,0.27648675441741943,3.8037915229797363,0.20346380770206451,3.7976295948028564
475,1,1,1,0.2852858006954193,3.6446871757507324,0.2811553180217743,3.775540828704834,0.3179308772087097,3.757185459136963,0.24531647562980652,3.7523763179779053
476,1,1,1,0.2967105805873871,3.6714749336242676,0.25472337007522583,3.8817973136901855,0.2545439898967743,3.90960693359375,0.19132652878761292,3.989895820617676
477,1,1,1,0.2919224202632904,3.6335551738739014,0.2956393361091614,3.750101089477539,0.3420161008834839,3.748295545578003,0.24848532676696777,3.7497594356536865
478,1,1,1,0.5176653265953064,3.5918526649475098,0.31758707761764526,3.6217191219329834,0.3184490501880646,3.609600305557251,0.22175940871238708,3.739372730255127
479,1,1,1,0.33514776825904846,3.677137613296509,0.2675282955169678,3.849778413772583,0.2583506107330322,3.8685104846954346,0.19557158648967743,3.896667718887329
480,1,1,1,0.3190818130970001,3.6742947101593018,0.2690280079841614,3.8471155166625977,0.26706990599632263,3.854221820831299,0.2047991007566452,3.9163098335266113
481,1,1,1,0.3317098617553711,3.656480312347412,0.27982500195503235,3.800398826599121,0.27549025416374207,3.7800042629241943,0.19569116830825806,3.812608242034912
482,1,1,1,0.3446991443634033,3.653040885925293,0.29294881224632263,3.772671699523926,0.3065011203289032,3.7670199871063232,0.21745455265045166,3.7684905529022217
483,1,1,1,0.4992177486419678,3.588986396789551,0.31128427386283875,3.639941692352295,0.30927136540412903,3.634489059448242,0.21815210580825806,3.765941858291626
484,1,1,1,0.2791573703289032,3.6422324180603027,0.27998942136764526,3.761117458343506,0.31811025738716125,3.730445146560669,0.23778299987316132,3.7252535820007324
485,1,1,1,0.3189796805381775,3.6617021560668945,0.2768454849720001,3.799654483795166,0.28741827607154846,3.787123441696167,0.22257652878761292,3.785010814666748
486,1,1,1,0.3193434178829193,3.652484178543091,0.2813895046710968,3.7841384410858154,0.2785494923591614,3.7878224849700928,0.19955755770206451,3.8158392906188965
487,1,1,1,0.3096151351928711,3.6542460918426514,0.2831084430217743,3.7778990268707275,0.2997449040412903,3.7589759826660156,0.2243901491165161,3.7790212631225586
488,1,1,1,0.30620715022087097,3.637502670288086,0.28987962007522583,3.7667410373687744,0.30312299728393555,3.728557825088501,0.23497289419174194,3.70992374420166
489,1,1,1,0.2779466211795807,3.6332974433898926,0.2816784977912903,3.763611316680908,0.32342153787612915,3.7725226879119873,0.24252630770206451,3.795463800430298
490,1,1,1,0.3464853763580322,3.666261672973633,0.27579420804977417,3.8239481449127197,0.2578224539756775,3.829165458679199,0.19108736515045166,3.8821444511413574
491,1,1,1,0.48081251978874207,3.6152422428131104,0.30163323879241943,3.693371295928955,0.2964465022087097,3.7054691314697266,0.21243223547935486,3.8263440132141113
492,1,1,1,0.26032865047454834,3.646021842956543,0.26904296875,3.798807382583618,0.30348172783851624,3.7918241024017334,0.23461414873600006,3.8021576404571533
493,1,1,1,0.3542928695678711,3.667280673980713,0.27394571900367737,3.818176746368408,0.28094106912612915,3.829354763031006,0.20491868257522583,3.8502237796783447
494,1,1,1,0.39271265268325806,3.64835262298584,0.28233617544174194,3.789273977279663,0.26280492544174194,3.813028573989868,0.18901465833187103,3.900674819946289
495,1,1,1,0.3690085709095001,3.6540510654449463,0.2767358720302582,3.809441566467285,0.28079161047935486,3.8438498973846436,0.19383768737316132,3.9033517837524414
496,1,1,1,0.32728543877601624,3.653381586074829,0.2738310992717743,3.811295747756958,0.2685646414756775,3.833141565322876,0.2165776491165161,3.851292848587036
497,1,1,1,0.3240094780921936,3.6691834926605225,0.27064234018325806,3.8147425651550293,0.2721819281578064,3.800468683242798,0.19323979318141937,3.8244636058807373
498,1,1,1,0.2756845951080322,3.6188392639160156,0.2968999147415161,3.727902889251709,0.3487224876880646,3.7108728885650635,0.26307398080825806,3.7010605335235596
499,1,1,1,0.3125946521759033,3.6558837890625,0.28226640820503235,3.782090663909912,0.30215638875961304,3.7552602291107178,0.23038902878761292,3.7478373050689697
500,1,3,0,0.42345941066741943,3.6873514652252197,0.2632433772087097,3.891263246536255,0.21443518996238708,3.9400064945220947,0.15644928812980652,4.075414180755615
501,1,1,1,0.39031359553337097,3.666832685470581,0.26456373929977417,3.8628034591674805,0.22344347834587097,3.9162912368774414,0.16069434583187103,4.076522350311279
502,1,1,1,0.2652089595794678,3.623049736022949,0.28956571221351624,3.752155065536499,0.33652541041374207,3.7257113456726074,0.2544642686843872,3.7339441776275635
503,1,1,1,0.30653101205825806,3.6528234481811523,0.2831234037876129,3.786005973815918,0.3016780912876129,3.7661690711975098,0.2224569469690323,3.7705607414245605
504,1,1,1,0.32569852471351624,3.645451307296753,0.2945133149623871,3.7592453956604004,0.3157684803009033,3.7423315048217773,0.22672192752361298,3.742879629135132
505,1,1,1,0.2594716548919678,3.6348676681518555,0.27647680044174194,3.7668588161468506,0.32299306988716125,3.7552833557128906,0.24912308156490326,3.7538399696350098
506,1,1,1,0.33129632472991943,3.6761364936828613,0.26046815514564514,3.8537023067474365,0.23616868257522583,3.8576793670654297,0.18138153851032257,3.891660213470459
507,1,1,1,0.3091717064380646,3.646852731704712,0.29167330265045166,3.767577648162842,0.3175223171710968,3.7513809204101562,0.23441486060619354,3.7557387351989746
508,1,1,1,0.27713945508003235,3.6088309288024902,0.30549466609954834,3.705401659011841,0.3506556749343872,3.677597999572754,0.2571747303009033,3.6497209072113037
509,1,1,1,0.43244776129722595,3.6598093509674072,0.2815190553665161,3.8066794872283936,0.25849011540412903,3.8399767875671387,0.18231824040412903,3.9452338218688965
510,1,1,1,0.26438435912132263,3.5990614891052246,0.3141641318798065,3.690979242324829,0.38612085580825806,3.6528079509735107,0.28902262449264526,3.625499963760376
511,1,1,1,0.3779745101928711,3.64943790435791,0.28565946221351624,3.7813825607299805,0.2836415767669678,3.80631685256958,0.20469945669174194,3.8665173053741455
512,1,1,1,0.2695636451244354,3.6004436016082764,0.30770188570022583,3.6937026977539062,0.3608996272087097,3.6663169860839844,0.27124521136283875,3.6447465419769287
513,1,1,1,0.3051932156085968,3.6400859355926514,0.2879663407802582,3.757093906402588,0.3007712662220001,3.722128391265869,0.22478874027729034,3.7362353801727295
514,1,1,1,0.3201829493045807,3.6662802696228027,0.26318857073783875,3.842322587966919,0.25980547070503235,3.8421294689178467,0.1813616007566452,3.876923084259033
515,1,1,1,0.2823062837123871,3.641563653945923,0.28469786047935486,3.7843017578125,0.3106863796710968,3.7537364959716797,0.23720502853393555,3.7441606521606445
516,1,1,1,0.26438435912132263,3.5990614891052246,0.3141641318798065,3.690979242324829,0.38612085580825806,3.6528079509735107,0.28902262449264526,3.625499963760376
517,1,1,1,0.2680937945842743,3.6412768363952637,0.27619779109954834,3.7784934043884277,0.3267996609210968,3.768836736679077,0.2458147257566452,3.7626073360443115
518,1,1,1,0.28112295269966125,3.637511730194092,0.28576409816741943,3.7608535289764404,0.33124402165412903,3.742697238922119,0.25177374482154846,3.7469327449798584
519,1,1,1,0.31864336133003235,3.644043207168579,0.2938157618045807,3.760267972946167,0.3178113102912903,3.741542100906372,0.2302694469690323,3.7499566078186035
520,1,1,1,0.35089483857154846,3.6183440685272217,0.31445810198783875,3.6949756145477295,0.33498087525367737,3.692378520965576,0.23551099002361298,3.7278497219085693
521,1,1,1,0.27616041898727417,3.6227707862854004,0.29888293147087097,3.7350926399230957,0.3561563193798065,3.704569101333618,0.2649274468421936,3.6765215396881104
522,1,1,1,0.30331483483314514,3.636608600616455,0.29396525025367737,3.756999969482422,0.32681959867477417,3.7339086532592773,0.23951689898967743,3.7260775566101074
523,1,1,1,0.3821299076080322,3.6804158687591553,0.2510014772415161,3.8664469718933105,0.22955197095870972,3.9570672512054443,0.16687260568141937,4.079899787902832
524,1,1,1,0.34083524346351624,3.643428325653076,0.28865891695022583,3.7749719619750977,0.31029775738716125,3.796814203262329,0.22773835062980652,3.8306641578674316
525,1,1,1,0.30112752318382263,3.658283233642578,0.27409517765045166,3.81349515914917,0.2802036702632904,3.804011583328247,0.20477917790412903,3.8019464015960693
526,1,1,1,0.31251493096351624,3.647346258163452,0.28232619166374207,3.7828426361083984,0.28740832209587097,3.7539005279541016,0.20916374027729034,3.754359245300293
527,1,1,1,0.38765543699264526,3.656752824783325,0.28191763162612915,3.803983688354492,0.2632334232330322,3.822456121444702,0.1864636391401291,3.9010260105133057
528,1,1,1,0.3354566991329193,3.6702239513397217,0.26804646849632263,3.8425405025482178,0.2528400123119354,3.836322069168091,0.19347895681858063,3.8710341453552246
529,1,1,1,0.28286680579185486,3.653573513031006,0.277099609375,3.7986154556274414,0.29518094658851624,3.7757411003112793,0.22807715833187103,3.786088705062866
530,1,1,1,0.3001011312007904,3.667051315307617,0.26678091287612915,3.8358359336853027,0.27228155732154846,3.850095272064209,0.20559629797935486,3.8861961364746094
531,1,1,1,0.27992215752601624,3.6425869464874268,0.2732630968093872,3.7967545986175537,0.3063616156578064,3.7933905124664307,0.2321428507566452,3.8005666732788086
532,1,1,1,0.2554209232330322,3.6272432804107666,0.28820550441741943,3.7583327293395996,0.3465501368045807,3.734393358230591,0.2648477256298065,3.7344419956207275
533,1,1,1,0.343891978263855,3.6852312088012695,0.2589833736419678,3.871659755706787,0.23104670643806458,3.8689725399017334,0.17008131742477417,3.9171550273895264
534,1,1,1,0.309814453125,3.660740375518799,0.275146484375,3.8151676654815674,0.2842693626880646,3.80320405960083,0.2096819132566452,3.8150365352630615
535,1,1,1,0.38909289240837097,3.6594808101654053,0.28438395261764526,3.799095869064331,0.26904296875,3.831660509109497,0.19054926931858063,3.8989646434783936
536,1,1,1,0.38809889554977417,3.640134572982788,0.29542508721351624,3.7464118003845215,0.29433393478393555,3.760300636291504,0.2017299085855484,3.8120925426483154
537,1,1,1,0.3397067189216614,3.6534345149993896,0.2843042314052582,3.7903997898101807,0.29162347316741943,3.7918331623077393,0.21089763939380646,3.7845396995544434
538,1,1,1,0.3387974202632904,3.655585527420044,0.28118520975112915,3.810667037963867,0.2674386203289032,3.775952100753784,0.18514826893806458,3.805920362472534
539,1,1,1,0.30123963952064514,3.6417465209960938,0.28297892212867737,3.7691171169281006,0.31143373250961304,3.7469043731689453,0.2389787882566452,3.740722179412842
540,1,1,1,0.36480090022087097,3.6830174922943115,0.26193299889564514,3.8659145832061768,0.23601920902729034,3.8922102451324463,0.17887037992477417,3.9828412532806396
541,1,1,1,0.3170340359210968,3.6616532802581787,0.2744240164756775,3.8098514080047607,0.2880958914756775,3.808238983154297,0.22100207209587097,3.824240207672119
542,1,1,1,0.3748878836631775,3.6565194129943848,0.27471300959587097,3.8105955123901367,0.24089205265045166,3.8345742225646973,0.17127710580825806,3.92331862449646
543,1,1,1,0.30049723386764526,3.6335411071777344,0.2927146255970001,3.738225221633911,0.3269391655921936,3.707763195037842,0.24481824040412903,3.688049554824829
544,1,1,1,0.25029894709587097,3.5963551998138428,0.30763211846351624,3.708566188812256,0.37188097834587097,3.687317371368408,0.31232061982154846,3.671112298965454
545,1,1,1,0.2611532211303711,3.6524338722229004,0.26718947291374207,3.8130943775177,0.30459779500961304,3.8283443450927734,0.24041374027729034,3.84091854095459
546,1,1,1,0.38921743631362915,3.657637596130371,0.2800890803337097,3.803219795227051,0.25616827607154846,3.8349087238311768,0.18349409103393555,3.908113479614258
547,1,1,1,0.2709985673427582,3.6368207931518555,0.27692022919654846,3.784540891647339,0.3338548243045807,3.7745275497436523,0.2513352930545807,3.7647292613983154
548,1,1,1,0.26148706674575806,3.603098154067993,0.30953043699264526,3.6923410892486572,0.37385401129722595,3.662046432495117,0.2827247977256775,3.6478219032287598
549,1,1,1,0.32431092858314514,3.6557869911193848,0.28403517603874207,3.796358346939087,0.29277941584587097,3.781014919281006,0.2077885866165161,3.7951276302337646
550,1,1,1,0.23940229415893555,3.602666139602661,0.29611268639564514,3.7221314907073975,0.3697086274623871,3.7063961029052734,0.2964564561843872,3.6975462436676025
551,1,1,1,0.4292166531085968,3.6753807067871094,0.2745186984539032,3.8410983085632324,0.23874959349632263,3.881589412689209,0.1672711968421936,4.009650707244873
552,1,1,1,0.3517892062664032,3.662689208984375,0.2724160850048065,3.8239779472351074,0.24956153333187103,3.842676877975464,0.18552693724632263,3.8944032192230225
553,1,1,1,0.3012944459915161,3.6459872722625732,0.28530073165893555,3.771362781524658,0.30648118257522583,3.744342565536499,0.23425541818141937,3.7353241443634033
554,1,1,1,0.26438435912132263,3.5990614891052246,0.3141641318798065,3.690979242324829,0.38612085580825806,3.6528079509735107,0.28902262449264526,3.625499963760376
555,1,1,1,0.3162119388580322,3.6671156883239746,0.27145448327064514,3.8304576873779297,0.2742047905921936,3.8109169006347656,0.21285076439380646,3.8368914127349854
556,1,1,1,0.3913474380970001,3.654949426651001,0.2822116017341614,3.7979907989501953,0.2609614133834839,3.8148770332336426,0.18941326439380646,3.8800504207611084
557,1,1,1,0.37137025594711304,3.6549696922302246,0.28177812695503235,3.7876720428466797,0.2713946998119354,3.809326171875,0.20442043244838715,3.847421169281006
558,1,1,1,0.30266958475112915,3.6711690425872803,0.26018911600112915,3.8602285385131836,0.24348293244838715,3.8466482162475586,0.18807795643806458,3.9156510829925537
559,1,1,1,0.2663399875164032,3.6402428150177,0.2816884517669678,3.7720212936401367,0.33353593945503235,3.7753279209136963,0.25390625,3.7916011810302734
560,1,1,1,0.3133544921875,3.6662187576293945,0.2671695649623871,3.842844247817993,0.2493821680545807,3.8296971321105957,0.18578602373600006,3.8629050254821777
561,1,1,1,0.27034837007522583,3.620208263397217,0.2921167314052582,3.749748468399048,0.342982679605484,3.72930645942688,0.2614397406578064,3.6880621910095215
562,1,1,1,0.31854620575904846,3.6757724285125732,0.2520826756954193,3.8826935291290283,0.22463926672935486,3.8801400661468506,0.16974250972270966,3.9571444988250732
563,1,1,1,0.244977667927742,3.602180242538452,0.2994459569454193,3.707637310028076,0.37476083636283875,3.6863434314727783,0.28597337007522583,3.6750295162200928
564,1,1,1,0.2834547460079193,3.6335415840148926,0.2939801812171936,3.7514703273773193,0.33025747537612915,3.7223763465881348,0.24569514393806458,3.6972744464874268
565,1,1,1,0.3195551633834839,3.6561524868011475,0.276611328125,3.8002052307128906,0.28143933415412903,3.792727470397949,0.21580037474632263,3.7945141792297363
566,1,1,1,0.3857944905757904,3.655277967453003,0.28145426511764526,3.794508695602417,0.26623284816741943,3.8227345943450928,0.18951290845870972,3.9159743785858154
567,1,1,1,0.3259626030921936,3.6710891723632812,0.2682607173919678,3.83618426322937,0.26594388484954834,3.8323216438293457,0.20344386994838715,3.873138666152954
568,1,1,1,0.3035440146923065,3.653543472290039,0.2802833914756775,3.797987699508667,0.30177775025367737,3.7896909713745117,0.22961176931858063,3.7896883487701416
569,1,1,1,0.27056261897087097,3.6236119270324707,0.2960030734539032,3.7338449954986572,0.3472177982330322,3.6993744373321533,0.2642897069454193,3.672045946121216
570,1,1,1,0.23399882018566132,3.5543761253356934,0.32806020975112915,3.63788104057312,0.42345941066741943,3.622732162475586,0.32906168699264526,3.626915454864502
571,1,1,1,0.3318394124507904,3.6817188262939453,0.26193299889564514,3.865039587020874,0.2459641993045807,3.874772071838379,0.18486925959587097,3.891871452331543
572,1,1,1,0.37491530179977417,3.6513350009918213,0.2853655219078064,3.7827811241149902,0.2854253053665161,3.8070034980773926,0.20358338952064514,3.891629934310913
573,1,1,1,0.30995893478393555,3.6532390117645264,0.2809908986091614,3.785463571548462,0.28367146849632263,3.753995895385742,0.2082868218421936,3.7683475017547607
574,1,1,1,0.3141118288040161,3.650067090988159,0.28075674176216125,3.7860653400421143,0.2917231321334839,3.7732536792755127,0.22144052386283875,3.7975878715515137
575,1,1,1,0.34086763858795166,3.6007659435272217,0.3126046359539032,3.686648368835449,0.3356684446334839,3.6644203662872314,0.23331871628761292,3.671051502227783
576,1,1,1,0.2655104100704193,3.5837790966033936,0.32129403948783875,3.6675195693969727,0.3916513919830322,3.6412997245788574,0.2980707883834839,3.6159400939941406
577,1,1,1,0.28803113102912903,3.6557023525238037,0.2768903374671936,3.798229455947876,0.3065210282802582,3.7859232425689697,0.23009008169174194,3.7919445037841797
578,1,1,1,0.3723667562007904,3.6864943504333496,0.247802734375,3.8911631107330322,0.22090241312980652,3.984752893447876,0.1520647257566452,4.095150947570801
579,1,1,1,0.3250732421875,3.654080390930176,0.2822116017341614,3.792923927307129,0.28826528787612915,3.7662127017974854,0.21767377853393555,3.7572789192199707
580,1,1,1,0.27300649881362915,3.6105103492736816,0.30072644352912903,3.714548349380493,0.3614676296710968,3.6964216232299805,0.27431440353393555,3.6633973121643066
581,1,1,1,0.34281328320503235,3.647026300430298,0.28932657837867737,3.767759084701538,0.3018275499343872,3.7566773891448975,0.2247488796710968,3.7802608013153076
582,1,1,1,0.3220638334751129,3.6738061904907227,0.2673190236091614,3.842801809310913,0.25589922070503235,3.817211866378784,0.19575095176696777,3.8312971591949463
583,1,1,1,0.2970767915248871,3.6436448097229004,0.2845533788204193,3.767505407333374,0.32082071900367737,3.7423512935638428,0.2359095960855484,3.743769645690918
584,1,1,1,0.3516397178173065,3.6599385738372803,0.2843441069126129,3.8035011291503906,0.2813795506954193,3.8020682334899902,0.201032355427742,3.8140180110931396
585,1,1,1,0.43584829568862915,3.662961006164551,0.2795509696006775,3.8191490173339844,0.24444952607154846,3.8702051639556885,0.1690848171710968,3.9883310794830322
586,1,1,1,0.39571207761764526,3.6543169021606445,0.2842295169830322,3.7868738174438477,0.2712252736091614,3.811044216156006,0.1955915093421936,3.880171298980713
587,1,1,1,0.26438435912132263,3.5990614891052246,0.3141641318798065,3.690979242324829,0.38612085580825806,3.6528079509735107,0.28902262449264526,3.625499963760376
588,1,1,1,0.3154371678829193,3.6668429374694824,0.2718530595302582,3.8210291862487793,0.2683553695678711,3.798588991165161,0.20838648080825806,3.825937271118164
589,1,1,1,0.31903448700904846,3.6771433353424072,0.2614048421382904,3.8507003784179688,0.24906329810619354,3.855245351791382,0.1954520046710968,3.9023146629333496
590,1,1,1,0.3710613548755646,3.6839210987091064,0.2577527165412903,3.873501777648926,0.2388392835855484,3.9483895301818848,0.15981744229793549,4.055243968963623
591,1,1,1,0.31410932540893555,3.66758394241333,0.27229154109954834,3.829954147338867,0.2694714665412903,3.8072257041931152,0.20685186982154846,3.8297524452209473
592,1,1,1,0.32949018478393555,3.673922538757324,0.2649025321006775,3.8464648723602295,0.25400587916374207,3.855315923690796,0.19393733143806458,3.914705514907837
593,1,1,1,0.3766840696334839,3.6202878952026367,0.3008161187171936,3.7178633213043213,0.30347177386283875,3.7172129154205322,0.21773357689380646,3.759908437728882
594,1,1,1,0.37466615438461304,3.6367409229278564,0.2998296022415161,3.7333366870880127,0.3120615482330322,3.736907720565796,0.22076290845870972,3.7854111194610596
595,1,1,1,0.31324735283851624,3.6703197956085205,0.25671136379241943,3.8694562911987305,0.22303491830825806,3.869091272354126,0.16298627853393555,3.96588397026062
596,1,1,1,0.2757991850376129,3.611952066421509,0.30220621824264526,3.7185347080230713,0.354512095451355,3.6883010864257812,0.26727917790412903,3.666318655014038
597,1,1,1,0.36742913722991943,3.6642868518829346,0.27855947613716125,3.821528196334839,0.2721719443798065,3.852341413497925,0.1891741007566452,3.9079225063323975
598,1,1,1,0.25917521119117737,3.6223673820495605,0.2853854298591614,3.742623805999756,0.33687418699264526,3.7103471755981445,0.25715482234954834,3.7012321949005127
599,1,1,1,0.331752210855484,3.673720359802246,0.26242128014564514,3.8465511798858643,0.25575971603393555,3.8481647968292236,0.20027503371238708,3.883868932723999
600,1,1,1,0.28972765803337097,3.6193432807922363,0.3019919693470001,3.7155961990356445,0.34391939640045166,3.683452606201172,0.25617825984954834,3.675976276397705
601,1,1,1,0.36263352632522583,3.663694381713867,0.27640703320503235,3.8202285766601562,0.25282007455825806,3.8336684703826904,0.1850685477256775,3.899310827255249
602,1,1,1,0.2916159927845001,3.6563127040863037,0.27054765820503235,3.797624349594116,0.28052255511283875,3.768533945083618,0.216657355427742,3.7795050144195557
603,1,1,1,0.2696881890296936,3.6058104038238525,0.30181261897087097,3.7083120346069336,0.36324137449264526,3.6777679920196533,0.2779615819454193,3.640496253967285
604,1,1,1,0.35619866847991943,3.6626124382019043,0.2734275162220001,3.8227341175079346,0.2509167790412903,3.855043649673462,0.18773914873600006,3.921337604522705
605,1,1,1,0.26438435912132263,3.5990614891052246,0.3141641318798065,3.690979242324829,0.38612085580825806,3.6528079509735107,0.28902262449264526,3.625499963760376
606,1,1,1,0.24983806908130646,3.5836150646209717,0.3112344443798065,3.677584648132324,0.39053529500961304,3.661682605743408,0.3022560477256775,3.6476988792419434
607,1,1,1,0.3862130343914032,3.685936212539673,0.26534098386764526,3.877739191055298,0.2131098508834839,3.929065704345703,0.15941883623600006,4.040005207061768
608,1,1,1,0.25294461846351624,3.6129276752471924,0.2970045506954193,3.7314040660858154,0.3521803319454193,3.709524154663086,0.27897799015045166,3.6913845539093018
609,1,1,1,0.34051886200904846,3.6083898544311523,0.2958635687828064,3.7034404277801514,0.3191167116165161,3.7059080600738525,0.2186902016401291,3.709195375442505
610,1,1,1,0.2598951756954193,3.590592861175537,0.3092115819454193,3.6841766834259033,0.38541334867477417,3.6546268463134766,0.2933872640132904,3.6343319416046143
611,1,1,1,0.3441012501716614,3.6612706184387207,0.2751365005970001,3.8165552616119385,0.2839205861091614,3.833847999572754,0.2053571343421936,3.8532607555389404
612,1,1,1,0.3223353624343872,3.665996789932251,0.2721570134162903,3.820350408554077,0.2757493555545807,3.8221306800842285,0.20992107689380646,3.835279703140259
613,1,1,1,0.25565508008003235,3.617645263671875,0.2871791124343872,3.742999315261841,0.3506656587123871,3.716538906097412,0.2704480290412903,3.7063374519348145
614,1,1,1,0.26438435912132263,3.5990614891052246,0.3141641318798065,3.690979242324829,0.38612085580825806,3.6528079509735107,0.28902262449264526,3.625499963760376
615,1,1,1,0.28776705265045166,3.661325216293335,0.2671695649623871,3.821547031402588,0.2835618555545807,3.80721116065979,0.21990592777729034,3.8126699924468994
616,1,1,1,0.3245949149131775,3.65552020072937,0.28188276290893555,3.796889066696167,0.28594347834587097,3.7731659412384033,0.207868292927742,3.781208038330078
617,1,1,1,0.31610730290412903,3.6473820209503174,0.28865891695022583,3.778406858444214,0.30435866117477417,3.758471727371216,0.22317442297935486,3.75897479057312
618,1,1,1,0.31081342697143555,3.6386828422546387,0.2930584251880646,3.761042594909668,0.30793607234954834,3.723513126373291,0.2304089516401291,3.7249372005462646
619,1,1,1,0.2732182741165161,3.6099915504455566,0.30911192297935486,3.710460901260376,0.37049585580825806,3.6729962825775146,0.27262037992477417,3.6561152935028076
620,1,1,1,0.40317830443382263,3.648434638977051,0.2834920883178711,3.777601957321167,0.27039819955825806,3.8106136322021484,0.19507333636283875,3.888434886932373
621,1,1,1,0.3277612626552582,3.6699984073638916,0.26846998929977417,3.833268404006958,0.2680763602256775,3.8116867542266846,0.2017299085855484,3.8183164596557617
622,1,1,1,0.3279879689216614,3.67765474319458,0.26212233304977417,3.8696041107177734,0.25113600492477417,3.9221887588500977,0.1941366344690323,4.02381706237793
623,1,1,1,0.24606135487556458,3.590709924697876,0.3084891140460968,3.696648597717285,0.38975805044174194,3.6720783710479736,0.3032923936843872,3.657379388809204
624,1,1,1,0.31761449575424194,3.6420979499816895,0.2963169515132904,3.7577178478240967,0.3267996609210968,3.7369720935821533,0.23608896136283875,3.7280094623565674
625,1,1,1,0.2804204225540161,3.6238372325897217,0.29746291041374207,3.733442783355713,0.3390664756298065,3.701345920562744,0.2617984712123871,3.6846072673797607
626,1,1,1,0.3343505859375,3.657352924346924,0.26807138323783875,3.8323514461517334,0.24587450921535492,3.8063952922821045,0.18349409103393555,3.835451364517212
627,1,1,1,0.3851766586303711,3.652784585952759,0.28788164258003235,3.7823257446289062,0.28092116117477417,3.8010358810424805,0.19515305757522583,3.84375
628,1,1,1,0.3451375961303711,3.6699893474578857,0.27029356360435486,3.8411214351654053,0.25046834349632263,3.8561367988586426,0.18447065353393555,3.9054667949676514
629,1,1,1,0.32447534799575806,3.6684069633483887,0.2705775499343872,3.8301844596862793,0.26121053099632263,3.794834613800049,0.19571109116077423,3.814460277557373
630,1,1,1,0.2588513493537903,3.6293344497680664,0.2812599539756775,3.7616474628448486,0.3258230984210968,3.747530460357666,0.2532684803009033,3.73457670211792
631,1,1,1,0.32689931988716125,3.657437801361084,0.27471300959587097,3.815274953842163,0.2798648774623871,3.81947660446167,0.20998086035251617,3.8682610988616943
632,1,1,1,0.3410993218421936,3.6731228828430176,0.27188795804977417,3.838498115539551,0.2577228248119354,3.843714952468872,0.19258210062980652,3.8751940727233887
633,1,1,1,0.2666912376880646,3.638493537902832,0.2794214189052582,3.778730869293213,0.31980428099632263,3.758296251296997,0.2505381107330322,3.755946159362793
634,1,1,1,0.27929437160491943,3.61848521232605,0.29154375195503235,3.7383873462677,0.3332768678665161,3.693915367126465,0.2577527165412903,3.6740121841430664
635,1,1,1,0.33473172783851624,3.6796164512634277,0.2571946680545807,3.8718907833099365,0.225446417927742,3.8861827850341797,0.16372369229793549,3.9519171714782715
636,1,1,1,0.27725905179977417,3.625253915786743,0.29953065514564514,3.7343013286590576,0.34693875908851624,3.703986644744873,0.2578922212123871,3.687094211578369
637,1,1,1,0.3192910850048065,3.6612205505371094,0.26858457922935486,3.8287389278411865,0.24897360801696777,3.8162097930908203,0.1954520046710968,3.824003219604492
638,1,1,1,0.3325643539428711,3.6759705543518066,0.26372668147087097,3.8553967475891113,0.24856504797935486,3.8648972511291504,0.1929408460855484,3.893502712249756
639,1,1,1,0.3710239827632904,3.645448923110962,0.28799623250961304,3.772672176361084,0.2827845811843872,3.7974135875701904,0.20713089406490326,3.838064193725586
640,1,1,1,0.2897700071334839,3.6461966037750244,0.27760282158851624,3.780278444290161,0.29698461294174194,3.757172107696533,0.22395168244838715,3.7783215045928955
641,1,1,1,0.38516172766685486,3.6686501502990723,0.26152941584587097,3.84875226020813,0.22773835062980652,3.9140193462371826,0.1552136391401291,4.0451979637146
642,1,1,1,0.26438435912132263,3.5990614891052246,0.3141641318798065,3.690979242324829,0.38612085580825806,3.6528079509735107,0.28902262449264526,3.625499963760376
643,1,1,1,0.3054697513580322,3.644163131713867,0.2836814224720001,3.776099443435669,0.29188257455825806,3.7540884017944336,0.21759405732154846,3.7513279914855957
644,1,1,1,0.32471200823783875,3.6660094261169434,0.28100088238716125,3.805046319961548,0.28980985283851624,3.7927656173706055,0.21103714406490326,3.815563201904297
645,1,1,1,0.3480747640132904,3.660936117172241,0.27401047945022583,3.809019088745117,0.2743442952632904,3.814718008041382,0.20444037020206451,3.825014591217041
646,1,1,1,0.2915811240673065,3.657057762145996,0.2730638086795807,3.8116230964660645,0.28338247537612915,3.7977001667022705,0.2216198891401291,3.7924461364746094
647,1,1,1,0.5176653265953064,3.5918526649475098,0.31758707761764526,3.6217191219329834,0.3184490501880646,3.609600305557251,0.22175940871238708,3.739372730255127
648,1,1,1,0.3079111576080322,3.6597437858581543,0.2705078125,3.8052568435668945,0.27710458636283875,3.7911033630371094,0.21418605744838715,3.823113441467285
649,1,1,1,0.3907146751880646,3.6393556594848633,0.2964763939380646,3.7462522983551025,0.2995854616165161,3.7542576789855957,0.20719067752361298,3.8044440746307373
650,1,1,1,0.27726900577545166,3.629777669906616,0.28143933415412903,3.7732181549072266,0.29809072613716125,3.7290899753570557,0.2283163219690323,3.7520949840545654
651,1,1,1,0.3231450319290161,3.6565263271331787,0.28558972477912903,3.7931227684020996,0.2940349876880646,3.7744603157043457,0.2119140625,3.781717300415039
652,1,1,1,0.26438435912132263,3.5990614891052246,0.3141641318798065,3.690979242324829,0.38612085580825806,3.6528079509735107,0.28902262449264526,3.625499963760376
653,1,1,1,0.3022186756134033,3.6397006511688232,0.2855847477912903,3.7682228088378906,0.30799585580825806,3.721302032470703,0.22931280732154846,3.718147039413452
654,1,1,1,0.5064099431037903,3.5959110260009766,0.31240034103393555,3.6345772743225098,0.31226083636283875,3.612362861633301,0.22080276906490326,3.7488040924072266
655,1,1,1,0.3208904564380646,3.6728696823120117,0.2577626705169678,3.8762710094451904,0.2280970960855484,3.909261703491211,0.17691725492477417,3.984116315841675
656,1,1,1,0.3012520968914032,3.630324602127075,0.2938755452632904,3.7414634227752686,0.33199137449264526,3.7163825035095215,0.24501752853393555,3.70131778717041
657,1,1,1,0.26438435912132263,3.5990614891052246,0.3141641318798065,3.690979242324829,0.38612085580825806,3.6528079509735107,0.28902262449264526,3.625499963760376
658,1,1,1,0.27756795287132263,3.6198370456695557,0.30126455426216125,3.727809429168701,0.35772082209587097,3.7037718296051025,0.26516661047935486,3.679218292236328
659,1,1,1,0.4091348350048065,3.6651039123535156,0.2747628390789032,3.828691005706787,0.24332349002361298,3.871938705444336,0.16468031704425812,3.9944329261779785
660,1,1,1,0.3180180788040161,3.67177152633667,0.26536092162132263,3.8335680961608887,0.25827088952064514,3.823404550552368,0.1987404227256775,3.8290212154388428
661,1,1,1,0.27834025025367737,3.6274166107177734,0.290771484375,3.73854923248291,0.33959463238716125,3.7395756244659424,0.2506975531578064,3.7580888271331787
662,1,1,1,0.26438435912132263,3.5990614891052246,0.3141641318798065,3.690979242324829,0.38612085580825806,3.6528079509735107,0.28902262449264526,3.625499963760376
663,1,1,1,0.3713229298591614,3.6705243587493896,0.26953622698783875,3.844963788986206,0.24026426672935486,3.876861095428467,0.17428651452064514,3.9335620403289795
664,1,1,1,0.26438435912132263,3.5990614891052246,0.3141641318798065,3.690979242324829,0.38612085580825806,3.6528079509735107,0.28902262449264526,3.625499963760376
665,1,1,1,0.28386080265045166,3.624289035797119,0.2934669852256775,3.7286927700042725,0.3332868218421936,3.7208335399627686,0.24760840833187103,3.734545946121216
666,1,1,1,0.3210797905921936,3.665544271469116,0.27318838238716125,3.8129491806030273,0.2690529227256775,3.7781481742858887,0.2004743218421936,3.7770156860351562
667,1,1,1,0.24221988022327423,3.6229827404022217,0.28435903787612915,3.7572715282440186,0.34488600492477417,3.748136281967163,0.2817282974720001,3.7523343563079834
668,1,1,1,0.23791752755641937,3.577652931213379,0.3115732669830322,3.679694175720215,0.40336015820503235,3.6653244495391846,0.3217872977256775,3.649448871612549
669,1,1,1,0.26438435912132263,3.5990614891052246,0.3141641318798065,3.690979242324829,0.38612085580825806,3.6528079509735107,0.28902262449264526,3.625499963760376
670,1,1,1,0.26438435912132263,3.5990614891052246,0.3141641318798065,3.690979242324829,0.38612085580825806,3.6528079509735107,0.28902262449264526,3.625499963760376
671,1,1,1,0.2658242881298065,3.6205484867095947,0.29380080103874207,3.74346661567688,0.3564353287220001,3.7035140991210938,0.2664620578289032,3.6818249225616455
672,1,1,1,0.35834112763404846,3.6632602214813232,0.2771344780921936,3.8219590187072754,0.27423468232154846,3.841242790222168,0.1960897594690323,3.853135585784912
673,1,1,1,0.3336953818798065,3.6633992195129395,0.2779217064380646,3.813642978668213,0.2777124345302582,3.8011770248413086,0.19766421616077423,3.8151845932006836
674,1,1,1,0.3396344780921936,3.662353754043579,0.2712053656578064,3.8272156715393066,0.2544742524623871,3.8397228717803955,0.189453125,3.897538423538208
675,1,1,1,0.29738321900367737,3.6275088787078857,0.29934629797935486,3.735635757446289,0.3388572037220001,3.7068960666656494,0.24523675441741943,3.6724908351898193
676,1,1,1,0.3270986080169678,3.653168201446533,0.2834223508834839,3.7907145023345947,0.2957489490509033,3.7653896808624268,0.20699138939380646,3.760350465774536
677,1,1,1,0.2885218858718872,3.6317920684814453,0.2913843095302582,3.7438700199127197,0.32989874482154846,3.7234036922454834,0.25233179330825806,3.7246663570404053
678,1,1,1,0.27821817994117737,3.5972654819488525,0.32648077607154846,3.6657052040100098,0.3838687837123871,3.638180732727051,0.28009405732154846,3.631279468536377
679,1,1,1,0.26438435912132263,3.5990614891052246,0.3141641318798065,3.690979242324829,0.38612085580825806,3.6528079509735107,0.28902262449264526,3.625499963760376
680,1,1,1,0.29913952946662903,3.663682460784912,0.26596876978874207,3.821565628051758,0.28295400738716125,3.8086636066436768,0.2193080335855484,3.8172483444213867
681,1,1,1,0.24674396216869354,3.59871768951416,0.305419921875,3.7010228633880615,0.38145726919174194,3.6760971546173096,0.29747289419174194,3.6693689823150635
682,1,1,1,0.3721500337123871,3.608137369155884,0.3191416263580322,3.663684844970703,0.3487723171710968,3.643342971801758,0.2523915767669678,3.6671667098999023
683,1,1,1,0.3196921646595001,3.6528635025024414,0.28199735283851624,3.8015124797821045,0.28402024507522583,3.7682268619537354,0.20163026452064514,3.7873876094818115
684,1,1,1,0.27945879101753235,3.6180856227874756,0.3012944459915161,3.7254385948181152,0.3527682423591614,3.6898674964904785,0.2643893361091614,3.6771445274353027
685,1,1,1,0.2731410264968872,3.6520280838012695,0.27196767926216125,3.819547414779663,0.29706433415412903,3.8189594745635986,0.2329799085855484,3.8265182971954346
686,1,1,1,0.2756447196006775,3.6257433891296387,0.2854253053665161,3.7571659088134766,0.31692442297935486,3.744246006011963,0.2588687837123871,3.7441680431365967
687,1,1,1,0.28638941049575806,3.653050184249878,0.2714694142341614,3.8124988079071045,0.2839604616165161,3.7814431190490723,0.2251674085855484,3.7860684394836426
688,1,1,1,0.33277860283851624,3.6752283573150635,0.2718580663204193,3.8471124172210693,0.25686582922935486,3.8511464595794678,0.182477667927742,3.90596342086792
689,1,1,1,0.2858712375164032,3.639488935470581,0.28776705265045166,3.759817123413086,0.32599249482154846,3.7299933433532715,0.24551577866077423,3.7248964309692383
690,1,1,1,0.34170717000961304,3.6736533641815186,0.26405054330825806,3.8489508628845215,0.24709023535251617,3.860542058944702,0.18201929330825806,3.894667625427246
691,1,1,1,0.2835543751716614,3.6495988368988037,0.276611328125,3.806293487548828,0.2887735068798065,3.7768728733062744,0.22066326439380646,3.7969653606414795
692,1,1,1,0.32833176851272583,3.655115842819214,0.2856345474720001,3.792928457260132,0.2940250337123871,3.759675979614258,0.21243223547935486,3.7465991973876953
693,1,1,1,0.2673190236091614,3.5871636867523193,0.32022780179977417,3.678035259246826,0.3930066227912903,3.6528055667877197,0.2996053695678711,3.620767593383789
694,1,1,1,0.242780402302742,3.598897933959961,0.2972586452960968,3.7101457118988037,0.3750896751880646,3.6966872215270996,0.28840482234954834,3.70306134223938
695,1,1,1,0.29515355825424194,3.655452013015747,0.2845982015132904,3.780217170715332,0.31964483857154846,3.77990460395813,0.23594945669174194,3.7970268726348877
696,1,1,1,0.31276407837867737,3.6628646850585938,0.27352219820022583,3.816638469696045,0.27353712916374207,3.7953734397888184,0.20760920643806458,3.796102523803711
697,1,1,1,0.3897107243537903,3.6261403560638428,0.2932627201080322,3.7364888191223145,0.31483179330825806,3.766727924346924,0.2212013602256775,3.816650152206421
698,2,2,1,0.40514886379241943,3.6863062381744385,0.25824597477912903,3.895815134048462,0.19729551672935486,3.9855549335479736,0.1339883655309677,4.10174036026001
699,2,2,1,0.3759690821170807,3.6863441467285156,0.24406090378761292,3.8980484008789062,0.20260682702064514,3.94924259185791,0.14233896136283875,4.074069023132324
700,2,2,1,0.43775659799575806,3.653247594833374,0.27065229415893555,3.796229839324951,0.23216278851032257,3.8480985164642334,0.16033561527729034,4.0085768699646
701,2,1,0,0.4231754243373871,3.6611151695251465,0.2781209945678711,3.8099069595336914,0.25212252140045166,3.8498082160949707,0.1706194132566452,3.9866838455200195
702,2,2,1,0.42268213629722595,3.692216634750366,0.25859972834587097,3.892547607421875,0.2002650648355484,3.987311601638794,0.14198023080825806,4.112155914306641
703,2,2,1,0.4001365005970001,3.6866228580474854,0.2509616017341614,3.8961663246154785,0.20121173560619354,3.9655308723449707,0.14032605290412903,4.098707675933838
704,2,2,1,0.3905128836631775,3.688290596008301,0.24197325110435486,3.902337074279785,0.19082827866077423,3.9837076663970947,0.13247369229793549,4.106213092803955
705,2,2,1,0.4119947552680969,3.686911106109619,0.2506377398967743,3.8985369205474854,0.1918247789144516,3.9837403297424316,0.1399274468421936,4.075915336608887
706,2,2,1,0.42012864351272583,3.694704294204712,0.2581064701080322,3.8910486698150635,0.2010423243045807,3.962825298309326,0.1437739133834839,4.072775363922119
707,2,2,1,0.4121865928173065,3.690145254135132,0.25677114725112915,3.8990588188171387,0.20034478604793549,3.966675043106079,0.1395089328289032,4.086714267730713
708,2,2,1,0.38966336846351624,3.6835193634033203,0.24990034103393555,3.902284860610962,0.1914162039756775,3.9901609420776367,0.13307158648967743,4.132394790649414
709,2,2,1,0.4175427556037903,3.684919834136963,0.26131516695022583,3.8760273456573486,0.21035952866077423,3.9480814933776855,0.14178092777729034,4.062693119049072
710,2,2,1,0.4111004173755646,3.694204807281494,0.25742384791374207,3.902585744857788,0.19536231458187103,3.971997022628784,0.1364995241165161,4.0873122215271
711,2,2,1,0.41268983483314514,3.6921470165252686,0.2565320134162903,3.897702217102051,0.19542211294174194,3.961858034133911,0.14303651452064514,4.07412576675415
712,2,2,1,0.4382946789264679,3.647705078125,0.26971060037612915,3.799379348754883,0.22721020877361298,3.8447437286376953,0.15320073068141937,3.9919345378875732
713,2,2,1,0.4112822711467743,3.6987438201904297,0.2526257634162903,3.914147138595581,0.19139628112316132,3.9745404720306396,0.13761559128761292,4.06965970993042
714,2,2,1,0.4221789240837097,3.670978307723999,0.2606026828289032,3.853950023651123,0.20502829551696777,3.9296720027923584,0.13968829810619354,4.080039978027344
715,2,2,1,0.4069749414920807,3.6834473609924316,0.2583356499671936,3.891184091567993,0.19976681470870972,3.960742235183716,0.1342075914144516,4.097712993621826
716,2,2,1,0.37830835580825806,3.6931896209716797,0.23500776290893555,3.936650514602661,0.18119220435619354,4.015674114227295,0.12713249027729034,4.151747703552246
717,2,2,1,0.45209363102912903,3.6557083129882812,0.28339245915412903,3.7956502437591553,0.2505680024623871,3.844581365585327,0.17338965833187103,3.955172300338745
718,2,2,1,0.4003482758998871,3.695556402206421,0.25587430596351624,3.9116735458374023,0.19395726919174194,3.9822235107421875,0.13343031704425812,4.117401123046875
719,2,2,1,0.40593859553337097,3.682915210723877,0.24604889750480652,3.8899824619293213,0.19380779564380646,3.945189952850342,0.1388113796710968,4.068772315979004
720,2,2,1,0.41970014572143555,3.693484306335449,0.2553461790084839,3.8997833728790283,0.1886957883834839,3.9557456970214844,0.13293208181858063,4.082608699798584
721,2,2,1,0.38198789954185486,3.682873249053955,0.24004004895687103,3.888826608657837,0.1932896226644516,3.966850519180298,0.13948899507522583,4.1084442138671875
722,2,2,1,0.39649930596351624,3.691633462905884,0.2541055381298065,3.8947646617889404,0.19730548560619354,4.003737449645996,0.13349011540412903,4.120483875274658
723,2,2,1,0.38183096051216125,3.692007541656494,0.24874939024448395,3.920560836791992,0.19425621628761292,3.9915871620178223,0.13249361515045166,4.143652439117432
724,2,2,1,0.3911631107330322,3.684382438659668,0.24300462007522583,3.888296604156494,0.19758449494838715,3.966764211654663,0.13974808156490326,4.114232540130615
725,2,2,1,0.41044023633003235,3.6761474609375,0.2539959251880646,3.8770058155059814,0.1964983195066452,3.960799217224121,0.14028619229793549,4.057252407073975
726,2,2,1,0.4122762680053711,3.683892250061035,0.26090162992477417,3.8891797065734863,0.19703643023967743,3.98083233833313,0.13510443270206451,4.116831302642822
727,2,2,1,0.4147077202796936,3.6875057220458984,0.2601044178009033,3.8898744583129883,0.19904933869838715,3.9650063514709473,0.13562260568141937,4.085378170013428
728,2,2,1,0.4461221396923065,3.6487152576446533,0.2772640287876129,3.7941884994506836,0.2294224351644516,3.836467981338501,0.1591796875,3.9758358001708984
729,2,2,1,0.40654894709587097,3.686908721923828,0.24907824397087097,3.8962013721466064,0.19229312241077423,3.979893207550049,0.13715720176696777,4.087619781494141
730,2,2,1,0.40575921535491943,3.687791347503662,0.2522869408130646,3.8951516151428223,0.19801299273967743,3.947310209274292,0.1405652016401291,4.035020351409912
731,2,2,1,0.42839953303337097,3.691218376159668,0.2601343095302582,3.884409189224243,0.20021523535251617,3.9626717567443848,0.1404854953289032,4.085402011871338
732,2,2,1,0.4109683930873871,3.6813161373138428,0.26158422231674194,3.880668878555298,0.21118661761283875,3.979851722717285,0.14192043244838715,4.084679126739502
733,2,2,1,0.4161401689052582,3.6918559074401855,0.25373685359954834,3.8888778686523438,0.19662787020206451,3.976231575012207,0.13735650479793549,4.080963611602783
734,2,2,1,0.42466267943382263,3.7011022567749023,0.25814133882522583,3.9113683700561523,0.19848133623600006,3.9711315631866455,0.14094386994838715,4.053732872009277
735,2,2,1,0.3978196680545807,3.689732551574707,0.2542101740837097,3.8880069255828857,0.20819714665412903,3.959364414215088,0.14295679330825806,4.081974029541016
736,2,2,1,0.41924673318862915,3.681833028793335,0.2607671022415161,3.8796262741088867,0.19739516079425812,3.9734463691711426,0.13813376426696777,4.0969557762146
737,2,2,1,0.3838613033294678,3.688048839569092,0.24395626783370972,3.903008460998535,0.1936383843421936,3.9732398986816406,0.1302415430545807,4.107421398162842
738,2,2,1,0.41438883543014526,3.6944491863250732,0.2560237944126129,3.901644468307495,0.197126105427742,3.9673945903778076,0.1361607164144516,4.0743560791015625
739,2,2,1,0.42359644174575806,3.679271936416626,0.2657495439052582,3.8795957565307617,0.19348891079425812,3.9467477798461914,0.12964364886283875,4.078862190246582
740,2,2,1,0.4001713991165161,3.6688952445983887,0.2434331178665161,3.869642734527588,0.1875697523355484,3.9570207595825195,0.12936463952064514,4.071329593658447
741,2,2,1,0.4422607421875,3.66241192817688,0.2752511203289032,3.822279453277588,0.23065808415412903,3.8822741508483887,0.15449616312980652,4.01225471496582
742,2,2,1,0.4267652630805969,3.684420347213745,0.26210737228393555,3.8834352493286133,0.20093271136283875,3.9781293869018555,0.14198023080825806,4.074957847595215
743,2,2,1,0.406494140625,3.6829073429107666,0.2494768351316452,3.893531084060669,0.1948341727256775,3.9826104640960693,0.1374960094690323,4.086099624633789
744,2,2,1,0.412617564201355,3.6923890113830566,0.25718969106674194,3.9058680534362793,0.19580078125,3.9898722171783447,0.13550302386283875,4.1089863777160645
745,2,2,1,0.4216657280921936,3.682966947555542,0.2588837146759033,3.8877575397491455,0.19603992998600006,3.9448482990264893,0.13636000454425812,4.058608531951904
746,2,2,1,0.4421561062335968,3.6467363834381104,0.2712751030921936,3.7953567504882812,0.223005011677742,3.8293042182922363,0.1540975719690323,3.9978013038635254
747,2,2,1,0.42049235105514526,3.6862118244171143,0.2582758665084839,3.891756772994995,0.1912766993045807,3.963740587234497,0.13751594722270966,4.081014633178711
748,2,2,1,0.40941137075424194,3.691343069076538,0.25504225492477417,3.8962061405181885,0.2027762234210968,3.970268726348877,0.14297671616077423,4.08084774017334
749,2,2,1,0.411586195230484,3.680898666381836,0.25200793147087097,3.874058485031128,0.19924864172935486,3.934133529663086,0.14190050959587097,4.048314571380615
750,2,2,1,0.41275709867477417,3.688225746154785,0.25104132294654846,3.8995535373687744,0.1903001368045807,3.983609914779663,0.13719706237316132,4.100377559661865
751,2,2,1,0.4520288407802582,3.6448073387145996,0.28100088238716125,3.7797794342041016,0.23655731976032257,3.82922625541687,0.15955835580825806,3.938046455383301
752,2,2,1,0.3954903781414032,3.695098638534546,0.24601402878761292,3.9125282764434814,0.18948301672935486,3.9744412899017334,0.13073979318141937,4.069055080413818
753,2,2,1,0.39376893639564514,3.6905264854431152,0.2448481321334839,3.9110333919525146,0.18860609829425812,3.994558095932007,0.13703761994838715,4.108057022094727
754,2,2,1,0.41514867544174194,3.6804685592651367,0.2609962821006775,3.866655111312866,0.20263671875,3.9215145111083984,0.13966836035251617,4.053367614746094
755,2,2,1,0.389302134513855,3.68967604637146,0.25404077768325806,3.901543617248535,0.20568598806858063,3.987016201019287,0.13530372083187103,4.130063533782959
756,2,2,1,0.4465855062007904,3.6512832641601562,0.28027841448783875,3.793131113052368,0.24129065871238708,3.845667839050293,0.1642817258834839,3.9929637908935547
757,2,2,1,0.3734903037548065,3.6983697414398193,0.2390585094690323,3.9250104427337646,0.18937340378761292,4.004946231842041,0.13287228345870972,4.141892910003662
758,2,2,1,0.42003148794174194,3.687178134918213,0.25780752301216125,3.882128953933716,0.19834183156490326,3.9802050590515137,0.14492984116077423,4.0889716148376465
759,2,2,1,0.40225404500961304,3.6803576946258545,0.24853515625,3.8811795711517334,0.19763432443141937,3.9478142261505127,0.1427973508834839,4.074808120727539
760,2,2,1,0.4284045100212097,3.691640853881836,0.26271024346351624,3.8965046405792236,0.20098254084587097,3.9684665203094482,0.14058513939380646,4.087751865386963
761,2,2,1,0.4016711115837097,3.679316997528076,0.2543596625328064,3.8845467567443848,0.2060646414756775,3.960249423980713,0.14457111060619354,4.06658411026001
762,2,2,1,0.4105324149131775,3.683763027191162,0.2556750178337097,3.8857059478759766,0.19925861060619354,3.971644401550293,0.13753587007522583,4.089841842651367
763,2,2,1,0.4065912961959839,3.678295850753784,0.24505241215229034,3.8774170875549316,0.19236287474632263,3.9649813175201416,0.13976801931858063,4.077855587005615
764,2,2,1,0.4166957139968872,3.686903953552246,0.25630778074264526,3.8871350288391113,0.19840161502361298,3.9759416580200195,0.13863201439380646,4.097613334655762
765,2,2,1,0.4130784571170807,3.6812312602996826,0.25490275025367737,3.8788115978240967,0.20121173560619354,3.9583499431610107,0.1417410671710968,4.080427646636963
766,2,2,1,0.455342173576355,3.6567091941833496,0.28266003727912903,3.7941336631774902,0.23824138939380646,3.8460347652435303,0.16262754797935486,3.9823529720306396
767,2,2,1,0.4046132564544678,3.6955883502960205,0.25274035334587097,3.9069314002990723,0.192731574177742,3.9884700775146484,0.13305164873600006,4.099460601806641
768,2,2,1,0.4273581802845001,3.6841702461242676,0.26246610283851624,3.881620407104492,0.2052176296710968,3.9680004119873047,0.14241868257522583,4.0765461921691895
769,2,2,1,0.4284941852092743,3.6888623237609863,0.26388612389564514,3.8781979084014893,0.20401187241077423,3.9492013454437256,0.14618542790412903,4.074573993682861
770,2,2,1,0.39386358857154846,3.6864705085754395,0.24761837720870972,3.9044227600097656,0.19130659103393555,3.9896342754364014,0.126953125,4.097959041595459
771,2,2,1,0.4544079601764679,3.655153751373291,0.28154894709587097,3.795250177383423,0.24263592064380646,3.8379809856414795,0.16474011540412903,3.9905638694763184
772,2,2,1,0.4302280843257904,3.6708338260650635,0.26637735962867737,3.848175287246704,0.2087053507566452,3.9159185886383057,0.14680324494838715,4.037198066711426
773,2,2,1,0.42421674728393555,3.6830530166625977,0.2621273100376129,3.8810112476348877,0.19207389652729034,3.957561492919922,0.13458625972270966,4.0943284034729
774,2,2,1,0.43134167790412903,3.6624255180358887,0.26779237389564514,3.8190038204193115,0.2255261391401291,3.8674001693725586,0.15308114886283875,3.9820334911346436
775,2,2,1,0.4234170615673065,3.682224988937378,0.2587541937828064,3.8837156295776367,0.19757454097270966,3.967872142791748,0.14150190353393555,4.078450679779053
776,2,2,1,0.38495245575904846,3.6794393062591553,0.2533232867717743,3.873237133026123,0.2170659303665161,3.956984758377075,0.14965321123600006,4.095618724822998
777,2,2,1,0.41500917077064514,3.6969048976898193,0.25742384791374207,3.906050443649292,0.2009725719690323,3.9728777408599854,0.1379743218421936,4.094756603240967
778,2,2,1,0.4212472140789032,3.690742254257202,0.25768792629241943,3.893230676651001,0.19837172329425812,3.9558446407318115,0.13857221603393555,4.062850475311279
779,2,2,1,0.4148671627044678,3.68428111076355,0.2568110227584839,3.8837475776672363,0.2004045695066452,3.957883834838867,0.14004702866077423,4.0775580406188965
780,2,2,1,0.3970174789428711,3.683979034423828,0.25944674015045166,3.8851397037506104,0.21110689640045166,3.965494394302368,0.13980787992477417,4.085103511810303
781,2,2,1,0.40704968571662903,3.6834747791290283,0.2489885538816452,3.8932623863220215,0.19139628112316132,3.9619410037994385,0.14026625454425812,4.086672306060791
782,2,2,1,0.41144171357154846,3.675464391708374,0.25455397367477417,3.873028039932251,0.20094268023967743,3.9652369022369385,0.14168128371238708,4.095231533050537
783,2,2,1,0.4062225818634033,3.6869025230407715,0.24573500454425812,3.9015612602233887,0.18543726205825806,3.97914981842041,0.1306401491165161,4.090007781982422
784,2,2,1,0.4006621539592743,3.6843416690826416,0.24684111773967743,3.8941705226898193,0.19012077152729034,3.970700740814209,0.13319116830825806,4.080502986907959
785,2,2,1,0.4276222586631775,3.6856236457824707,0.2621173560619354,3.880892753601074,0.200055792927742,3.9504880905151367,0.14363440871238708,4.080338478088379
786,2,2,1,0.4206891655921936,3.6854407787323,0.26485270261764526,3.8740522861480713,0.20853595435619354,3.933769702911377,0.14367426931858063,4.03717565536499
787,2,2,1,0.41786909103393555,3.6862270832061768,0.25568997859954834,3.898183822631836,0.18731066584587097,3.968026876449585,0.12804926931858063,4.110350131988525
788,2,2,1,0.4162622392177582,3.6893069744110107,0.26060765981674194,3.8904693126678467,0.2020886391401291,3.9586291313171387,0.14716199040412903,4.0601301193237305
789,2,2,1,0.4156942367553711,3.689499855041504,0.249616339802742,3.8917343616485596,0.19088807702064514,3.9759345054626465,0.13785475492477417,4.0959954261779785
790,2,2,1,0.4454868733882904,3.651771068572998,0.2759685814380646,3.8001372814178467,0.2296316921710968,3.8471620082855225,0.16125239431858063,3.974663257598877
791,2,2,1,0.3967309892177582,3.6869471073150635,0.2443249672651291,3.894589900970459,0.18689213693141937,3.965075969696045,0.13584183156490326,4.080399036407471
792,2,2,1,0.39370664954185486,3.6916356086730957,0.2528699040412903,3.9052255153656006,0.19840161502361298,3.9818685054779053,0.13715720176696777,4.108253479003906
793,2,2,1,0.4048573970794678,3.6757121086120605,0.2607272267341614,3.8776776790618896,0.19348891079425812,3.9535973072052,0.13681839406490326,4.081718921661377
794,2,2,1,0.4014294743537903,3.6928017139434814,0.24800202250480652,3.899909496307373,0.19193439185619354,3.988006830215454,0.13376912474632263,4.121126174926758
795,2,2,1,0.43465501070022583,3.6579718589782715,0.2607521414756775,3.8091490268707275,0.21483378112316132,3.8614964485168457,0.14764030277729034,3.993250608444214
796,2,2,1,0.4017857015132904,3.6872706413269043,0.25473830103874207,3.8967082500457764,0.20161032676696777,3.991844654083252,0.13807398080825806,4.100172996520996
797,2,2,1,0.40026605129241943,3.682025194168091,0.2524264454841614,3.8803465366363525,0.202008917927742,3.977555274963379,0.14016661047935486,4.076638698577881
798,2,2,1,0.42924654483795166,3.667637825012207,0.2675282955169678,3.839442014694214,0.22645288705825806,3.898613929748535,0.162946417927742,4.0077056884765625
799,2,2,1,0.4005301296710968,3.693579912185669,0.2436872124671936,3.9115500450134277,0.1875,3.9903805255889893,0.13386878371238708,4.110912799835205
800,2,2,1,0.424072265625,3.6793792247772217,0.26444414258003235,3.8686952590942383,0.203125,3.926363706588745,0.1437739133834839,4.032575607299805
801,2,2,1,0.42606523633003235,3.6854045391082764,0.2634875178337097,3.875706672668457,0.2078085094690323,3.963268518447876,0.14598612487316132,4.081774711608887
802,2,2,1,0.41940370202064514,3.688183069229126,0.26124539971351624,3.881582260131836,0.2057756632566452,3.965181589126587,0.14194037020206451,4.069081783294678
803,2,2,1,0.3898228108882904,3.685821533203125,0.2541404068470001,3.8850550651550293,0.21532206237316132,3.967280626296997,0.14867664873600006,4.087265491485596
804,2,2,1,0.42416444420814514,3.6869313716888428,0.26123544573783875,3.885716438293457,0.20112204551696777,3.966952323913574,0.1410435289144516,4.086053371429443
805,2,2,1,0.40219923853874207,3.6887876987457275,0.25162428617477417,3.8974695205688477,0.19589045643806458,3.974412441253662,0.13785475492477417,4.1026458740234375
806,2,2,1,0.4104502201080322,3.689617395401001,0.25653699040412903,3.9020936489105225,0.19442561268806458,3.9610989093780518,0.13432715833187103,4.073887348175049
807,2,2,1,0.42071905732154846,3.679814100265503,0.2623714506626129,3.881178855895996,0.20497846603393555,3.971560478210449,0.1397879421710968,4.095951080322266
808,2,2,1,0.39803141355514526,3.6963253021240234,0.2552664577960968,3.91154146194458,0.20364317297935486,3.98742413520813,0.1388711780309677,4.113518714904785
809,2,2,1,0.3981759250164032,3.691380262374878,0.24311423301696777,3.9102964401245117,0.18439094722270966,3.974545955657959,0.12948420643806458,4.071571350097656
810,2,2,1,0.4164540767669678,3.69034743309021,0.2558942437171936,3.8977198600769043,0.19191445410251617,3.9674956798553467,0.13215480744838715,4.081888198852539
811,2,2,1,0.4202083647251129,3.693368911743164,0.2577676475048065,3.897709369659424,0.19953761994838715,3.961845874786377,0.1439134180545807,4.093477249145508
812,2,2,1,0.3912253677845001,3.6945066452026367,0.244001105427742,3.920546531677246,0.1861746609210968,3.975539207458496,0.12922511994838715,4.077112674713135
813,2,2,1,0.39591386914253235,3.685753583908081,0.24984055757522583,3.888780355453491,0.21638831496238708,3.9602577686309814,0.14654415845870972,4.062831401824951
814,2,2,1,0.4527513086795807,3.649022102355957,0.28145426511764526,3.7857282161712646,0.23546117544174194,3.826018810272217,0.16523835062980652,3.941502809524536
815,2,2,1,0.4063122868537903,3.6903131008148193,0.24852518737316132,3.9100241661071777,0.1838129758834839,3.971158981323242,0.1330317258834839,4.086142539978027
816,2,2,1,0.40748563408851624,3.6967315673828125,0.25623804330825806,3.903515577316284,0.19569116830825806,3.974030017852783,0.13133768737316132,4.08907413482666
817,2,2,1,0.40220922231674194,3.699993848800659,0.2501992881298065,3.9124581813812256,0.19376793503761292,3.98400616645813,0.13751594722270966,4.102463722229004
818,2,2,1,0.44813504815101624,3.6438724994659424,0.2778071165084839,3.780996084213257,0.23938734829425812,3.8318278789520264,0.16187021136283875,3.9358532428741455
819,2,2,1,0.42371103167533875,3.68723726272583,0.26015424728393555,3.889608144760132,0.19751474261283875,3.9665002822875977,0.13803412020206451,4.062662601470947
820,2,2,1,0.4305270314216614,3.6831214427948,0.26816603541374207,3.876704692840576,0.21390704810619354,3.947824478149414,0.15106824040412903,4.085092544555664
821,2,2,1,0.42237573862075806,3.6656816005706787,0.2529795169830322,3.8570921421051025,0.19674745202064514,3.9451985359191895,0.1365194469690323,4.088175296783447
822,2,2,1,0.41937628388404846,3.6876814365386963,0.2585100531578064,3.8882508277893066,0.19952766597270966,3.9570493698120117,0.14339524507522583,4.05462121963501
823,2,2,1,0.4031808078289032,3.692671775817871,0.24837073683738708,3.902906894683838,0.1939871609210968,3.9827399253845215,0.14102359116077423,4.098926067352295
824,2,2,1,0.41760003566741943,3.6954505443573,0.2599200904369354,3.890946388244629,0.19724568724632263,3.985652208328247,0.13659916818141937,4.1008172035217285
825,2,2,1,0.4291842579841614,3.676772356033325,0.2625109553337097,3.871220588684082,0.20063376426696777,3.9532134532928467,0.13970822095870972,4.073609352111816
826,2,2,1,0.43065908551216125,3.6690807342529297,0.2630690038204193,3.858046531677246,0.198102667927742,3.907595634460449,0.13843271136283875,4.048805236816406
827,2,2,1,0.4075603783130646,3.7009377479553223,0.25420519709587097,3.9155821800231934,0.1874302476644516,3.972247362136841,0.13396842777729034,4.0922346115112305
828,2,2,1,0.3860386312007904,3.689098358154297,0.24948181211948395,3.905116558074951,0.1976243555545807,4.00171422958374,0.134765625,4.138124942779541
829,2,2,1,0.40558484196662903,3.686563730239868,0.25641241669654846,3.8937294483184814,0.20506815612316132,3.975363254547119,0.13920997083187103,4.085898399353027
830,2,2,1,0.4514757990837097,3.6514296531677246,0.2793467044830322,3.8086183071136475,0.22900390625,3.86493182182312,0.1561902016401291,3.997575521469116
831,2,2,1,0.3894989490509033,3.6886305809020996,0.24279534816741943,3.897742748260498,0.18823739886283875,3.9871890544891357,0.12920519709587097,4.118926525115967
832,2,2,1,0.4274653196334839,3.687915325164795,0.265380859375,3.8890974521636963,0.20971180498600006,3.960893392562866,0.14576689898967743,4.101175785064697
833,2,2,1,0.4012525677680969,3.694268226623535,0.24921774864196777,3.9209699630737305,0.18621452152729034,3.9859795570373535,0.13089923560619354,4.105511665344238
834,2,2,1,0.39451131224632263,3.695289134979248,0.24747887253761292,3.912099838256836,0.18919403851032257,3.9835140705108643,0.13671875,4.083090305328369
835,2,2,1,0.3858542740345001,3.6841979026794434,0.24207788705825806,3.9096240997314453,0.17839205265045166,4.000446796417236,0.12183114886283875,4.151480674743652
836,2,2,1,0.40347227454185486,3.6823971271514893,0.25601881742477417,3.882239580154419,0.19779376685619354,3.923774480819702,0.13639986515045166,4.008474349975586
837,2,2,1,0.40711694955825806,3.686152219772339,0.25438955426216125,3.892570972442627,0.2001255601644516,3.9521982669830322,0.14136239886283875,4.0606231689453125
838,2,2,1,0.4242541193962097,3.685077428817749,0.2586146593093872,3.8918793201446533,0.19009087979793549,3.968966245651245,0.13237403333187103,4.094700336456299
839,2,2,1,0.43191713094711304,3.6550540924072266,0.26424485445022583,3.802790641784668,0.22576530277729034,3.8679819107055664,0.15571188926696777,4.009983539581299
840,2,2,1,0.3937191069126129,3.676978349685669,0.24397620558738708,3.881246566772461,0.19611965119838715,3.969564437866211,0.14116309583187103,4.111111164093018
841,2,2,1,0.39249590039253235,3.6870346069335938,0.24796715378761292,3.8996543884277344,0.19010083377361298,3.973475933074951,0.1343470960855484,4.10547399520874
842,2,3,0,0.4132677912712097,3.679490566253662,0.2719975709915161,3.855360746383667,0.22352319955825806,3.912710189819336,0.15399792790412903,4.045295715332031
843,2,2,1,0.41719645261764526,3.697544574737549,0.25651705265045166,3.899794101715088,0.20495854318141937,3.969029664993286,0.1482381969690323,4.0582146644592285
844,2,3,0,0.4509302079677582,3.669410467147827,0.2782306373119354,3.8195624351501465,0.2450573891401291,3.8834173679351807,0.17143653333187103,4.033945560455322
845,2,2,1,0.40588876605033875,3.6899900436401367,0.2514747977256775,3.902064561843872,0.19441565871238708,3.9669911861419678,0.13765545189380646,4.058056831359863
846,2,2,1,0.4364088177680969,3.663667917251587,0.2686792314052582,3.823699474334717,0.22468909621238708,3.881452798843384,0.15320073068141937,4.015871047973633
847,2,2,1,0.3715546131134033,3.688310146331787,0.23795738816261292,3.909252643585205,0.19673748314380646,4.002583026885986,0.14106345176696777,4.135207653045654
848,2,3,0,0.4231455326080322,3.6943376064300537,0.2667659819126129,3.8949215412139893,0.21509286761283875,3.957980155944824,0.14869658648967743,4.084036827087402
849,2,2,1,0.40498194098472595,3.6746675968170166,0.2553113102912903,3.86983323097229,0.20443040132522583,3.9589080810546875,0.13773517310619354,4.0986833572387695
850,2,2,1,0.4125727415084839,3.688859462738037,0.248395636677742,3.897400379180908,0.18672272562980652,3.9715018272399902,0.13723692297935486,4.0965728759765625
851,2,2,1,0.39839762449264526,3.6853363513946533,0.2544891834259033,3.8810031414031982,0.20185944437980652,3.967912435531616,0.13641980290412903,4.092329978942871
852,2,2,1,0.4286660850048065,3.6844887733459473,0.26338785886764526,3.8787431716918945,0.20279614627361298,3.9507641792297363,0.1398676633834839,4.057851314544678
853,2,2,1,0.40953344106674194,3.6915018558502197,0.25285494327545166,3.9003725051879883,0.19667768478393555,3.982621431350708,0.13968829810619354,4.095734119415283
854,2,2,1,0.4107068181037903,3.6823019981384277,0.2523915767669678,3.881080150604248,0.19516302645206451,3.965994358062744,0.13891102373600006,4.063414573669434
855,2,2,1,0.4228266477584839,3.6879265308380127,0.2608916461467743,3.882605791091919,0.2053571343421936,3.9412848949432373,0.14853714406490326,4.060914993286133
856,2,2,1,0.4058663547039032,3.6758430004119873,0.26099130511283875,3.874250650405884,0.20869538187980652,3.9561667442321777,0.14423230290412903,4.083322048187256
857,2,2,1,0.3846435546875,3.69014048576355,0.2386399805545807,3.918114185333252,0.17248286306858063,3.992258310317993,0.11587212979793549,4.105951309204102
858,2,2,1,0.3564477860927582,3.685164451599121,0.22954200208187103,3.915454626083374,0.1953224539756775,4.002142906188965,0.1351243555545807,4.123893737792969
859,2,2,1,0.4196453392505646,3.6888139247894287,0.2606525123119354,3.891845464706421,0.20217832922935486,3.953324556350708,0.13773517310619354,4.074374198913574
860,2,2,1,0.457850843667984,3.6536877155303955,0.2828992009162903,3.7989749908447266,0.24248644709587097,3.8555519580841064,0.16258768737316132,4.0077223777771
861,2,2,1,0.433680921792984,3.684173583984375,0.2637217044830322,3.8637824058532715,0.2068120241165161,3.9575021266937256,0.14548787474632263,4.040958881378174
862,2,2,1,0.3995535671710968,3.6906986236572266,0.24580475687980652,3.913771390914917,0.1881277859210968,3.993220090866089,0.13478554785251617,4.1009907722473145
863,2,2,1,0.40213698148727417,3.689854383468628,0.25127550959587097,3.9000039100646973,0.20178969204425812,3.9859259128570557,0.1413225382566452,4.095613956451416
864,2,2,1,0.42968499660491943,3.6869184970855713,0.26548048853874207,3.878159999847412,0.2080177664756775,3.94270658493042,0.14594626426696777,4.079065799713135
865,2,2,1,0.41141432523727417,3.6964123249053955,0.25840041041374207,3.899541139602661,0.20034478604793549,3.970156669616699,0.13773517310619354,4.106931209564209
866,2,2,1,0.39469316601753235,3.689685821533203,0.24688097834587097,3.8997175693511963,0.19416652619838715,3.981011152267456,0.13735650479793549,4.123766899108887
867,2,2,1,0.441249281167984,3.6649746894836426,0.27271005511283875,3.8295209407806396,0.22622369229793549,3.8724782466888428,0.15469546616077423,4.019196033477783
868,2,2,1,0.42477479577064514,3.661306142807007,0.26080694794654846,3.838169813156128,0.2075892835855484,3.898665428161621,0.1413225382566452,4.070511817932129
869,2,2,1,0.42065179347991943,3.6843230724334717,0.2611009180545807,3.8873751163482666,0.19579081237316132,3.966052532196045,0.13897082209587097,4.076437473297119
870,2,2,1,0.4086839258670807,3.689781665802002,0.2564074397087097,3.9007034301757812,0.19832190871238708,3.9683449268341064,0.13759565353393555,4.0893683433532715
871,2,2,1,0.45218080282211304,3.653703212738037,0.2753657102584839,3.7944343090057373,0.22720025479793549,3.8564913272857666,0.1561902016401291,3.9876227378845215
872,2,2,1,0.41665834188461304,3.697129964828491,0.25416532158851624,3.9046695232391357,0.1940569132566452,3.968470811843872,0.13819356262683868,4.033025741577148
873,2,2,1,0.4244210422039032,3.69055438041687,0.2626355290412903,3.8906891345977783,0.1988699734210968,3.954702615737915,0.1330915093421936,4.077418327331543
874,2,2,1,0.4470488727092743,3.6577913761138916,0.27354711294174194,3.8066372871398926,0.23094706237316132,3.857179880142212,0.1638631969690323,3.9523229598999023
875,2,2,1,0.3903210759162903,3.6843972206115723,0.2542002201080322,3.886042356491089,0.2107182741165161,3.9694504737854004,0.14227917790412903,4.096932411193848
876,2,2,1,0.41780930757522583,3.693784475326538,0.2602788209915161,3.8979690074920654,0.2061244398355484,3.963451862335205,0.13932955265045166,4.073379993438721
877,2,2,1,0.3897954225540161,3.683882236480713,0.24813157320022583,3.8974719047546387,0.18956273794174194,3.967513084411621,0.12816883623600006,4.0912766456604
878,2,2,1,0.4093814790248871,3.6822290420532227,0.25812140107154846,3.8862485885620117,0.20015545189380646,3.9668924808502197,0.1393694132566452,4.0652079582214355
879,2,2,1,0.4007842242717743,3.6939170360565186,0.25002989172935486,3.900023937225342,0.19565130770206451,3.9737191200256348,0.13510443270206451,4.0938191413879395
880,2,2,1,0.43398985266685486,3.6793413162231445,0.26487264037132263,3.853670835494995,0.21258170902729034,3.9400928020477295,0.1492745578289032,4.034045219421387
881,2,2,1,0.4243437945842743,3.670361280441284,0.2630639970302582,3.870601177215576,0.20181958377361298,3.940700054168701,0.13952885568141937,4.059277057647705
882,2,2,1,0.3858542740345001,3.6904478073120117,0.2523965537548065,3.8867876529693604,0.20639349520206451,3.966444492340088,0.13695789873600006,4.0940046310424805
883,2,2,1,0.3856799006462097,3.6904757022857666,0.2338966727256775,3.9123637676239014,0.18117226660251617,4.001760005950928,0.13000239431858063,4.132761001586914
884,2,2,1,0.391845703125,3.6898086071014404,0.2583904564380646,3.8940608501434326,0.21130619943141937,3.978118419647217,0.1398676633834839,4.112995147705078
885,2,2,1,0.4297647178173065,3.679701566696167,0.2691376209259033,3.8573968410491943,0.22289539873600006,3.927485704421997,0.15601083636283875,4.055697441101074
886,2,2,1,0.4258435368537903,3.6777584552764893,0.261474609375,3.8773605823516846,0.19864077866077423,3.959817409515381,0.1413225382566452,4.0713582038879395
887,2,2,1,0.455952525138855,3.6545023918151855,0.28641679883003235,3.7922067642211914,0.2544742524623871,3.829071521759033,0.17580117285251617,3.9551072120666504
888,2,2,1,0.42717134952545166,3.689141035079956,0.26335299015045166,3.8840622901916504,0.20735011994838715,3.930267095565796,0.14116309583187103,4.039672374725342
889,2,2,1,0.39251333475112915,3.6866042613983154,0.2583456039428711,3.8984975814819336,0.20839643478393555,3.992253541946411,0.1349848508834839,4.111915111541748
890,2,2,1,0.42934370040893555,3.6806814670562744,0.26492246985435486,3.863910675048828,0.20761917531490326,3.955315589904785,0.1443120241165161,4.074437141418457
891,2,2,1,0.38866937160491943,3.685011148452759,0.23347316682338715,3.9152991771698,0.17121730744838715,3.986264705657959,0.12725207209587097,4.107752323150635
892,2,2,1,0.42106035351753235,3.682730197906494,0.2579071521759033,3.88020396232605,0.19735530018806458,3.939964771270752,0.14283721148967743,4.064601421356201
893,2,2,1,0.407856822013855,3.6898856163024902,0.25371691584587097,3.8991987705230713,0.19180484116077423,3.9578657150268555,0.13580197095870972,4.0556206703186035
894,2,2,1,0.44352877140045166,3.6599507331848145,0.2726353108882904,3.8154754638671875,0.22362284362316132,3.8623056411743164,0.15232381224632263,3.9825985431671143
895,2,2,1,0.4083949327468872,3.692654848098755,0.25718969106674194,3.905093193054199,0.2012416273355484,3.968655586242676,0.14064492285251617,4.078220367431641
896,2,2,1,0.41153886914253235,3.6921939849853516,0.2558344602584839,3.8951058387756348,0.1984514445066452,3.9916646480560303,0.13404814898967743,4.122361183166504
897,2,2,1,0.4253701865673065,3.693634510040283,0.2586595118045807,3.8969833850860596,0.19938814640045166,3.970813035964966,0.13932955265045166,4.067086219787598
898,2,2,1,0.39075204730033875,3.687939405441284,0.2437220960855484,3.9000327587127686,0.19459502398967743,3.975778341293335,0.14080436527729034,4.107147693634033
899,2,2,1,0.4203130006790161,3.6580841541290283,0.26403558254241943,3.8216934204101562,0.22055365145206451,3.863507032394409,0.14953364431858063,3.9524190425872803
900,2,2,1,0.4229138493537903,3.671844482421875,0.26905789971351624,3.855410099029541,0.2139369398355484,3.9170432090759277,0.14094386994838715,4.067307472229004
901,2,2,1,0.3952985405921936,3.69277024269104,0.2470802664756775,3.910405397415161,0.19500358402729034,3.9844141006469727,0.13522401452064514,4.092999458312988
902,2,2,1,0.42575880885124207,3.684844732284546,0.2618582546710968,3.8831913471221924,0.1995077282190323,3.964137554168701,0.13994738459587097,4.08573055267334
903,2,2,1,0.379780650138855,3.68766188621521,0.24956652522087097,3.911996603012085,0.20027503371238708,3.9996516704559326,0.13374920189380646,4.125316619873047
904,2,2,1,0.4504319727420807,3.6595044136047363,0.27678072452545166,3.8134868144989014,0.23079758882522583,3.8638226985931396,0.15561224520206451,3.972464084625244
905,2,2,1,0.4199044406414032,3.687469244003296,0.25904813408851624,3.8942720890045166,0.19724568724632263,3.956350326538086,0.1359414905309677,4.064506530761719
906,2,2,1,0.4008066654205322,3.6768476963043213,0.26244619488716125,3.875878095626831,0.20702128112316132,3.9631288051605225,0.13404814898967743,4.084597110748291
907,2,2,1,0.3793795704841614,3.6909170150756836,0.24200811982154846,3.9057068824768066,0.1907086968421936,3.986257791519165,0.13765545189380646,4.12870979309082
908,2,2,1,0.4171042740345001,3.6943600177764893,0.2591278553009033,3.901515245437622,0.19891980290412903,3.979511022567749,0.13723692297935486,4.0795817375183105
909,2,2,1,0.4134621024131775,3.694439172744751,0.2545938193798065,3.901463747024536,0.19700653851032257,3.9759230613708496,0.14064492285251617,4.078220367431641
910,2,2,1,0.3927251100540161,3.6948676109313965,0.23802714049816132,3.915475368499756,0.17914938926696777,3.9846479892730713,0.12637515366077423,4.102507591247559
911,2,2,1,0.43726831674575806,3.6596286296844482,0.2716786861419678,3.8168246746063232,0.22843590378761292,3.8867998123168945,0.15405771136283875,4.023156642913818
912,2,2,1,0.4090501368045807,3.6942920684814453,0.25205278396606445,3.9115402698516846,0.19293087720870972,3.978720188140869,0.1363002210855484,4.078373908996582
913,2,2,1,0.3815743625164032,3.684520721435547,0.2380022257566452,3.9120540618896484,0.18748006224632263,3.9851174354553223,0.13675861060619354,4.139609336853027
914,2,2,1,0.4331403374671936,3.6747264862060547,0.26522141695022583,3.852755069732666,0.20908401906490326,3.948765516281128,0.1433553844690323,4.06756591796875
915,2,2,1,0.42413702607154846,3.6885969638824463,0.2594517171382904,3.8791887760162354,0.1990891993045807,3.983332395553589,0.13980787992477417,4.104205131530762
916,2,2,1,0.42279425263404846,3.683483362197876,0.2579520046710968,3.8784284591674805,0.19735530018806458,3.9581923484802246,0.1366589516401291,4.069855690002441
917,2,2,1,0.3974335193634033,3.6860337257385254,0.2538713812828064,3.895648956298828,0.19885005056858063,3.989025354385376,0.13759565353393555,4.111239910125732
918,2,2,1,0.42338716983795166,3.689016342163086,0.2594417631626129,3.8754007816314697,0.202008917927742,3.9327642917633057,0.14423230290412903,4.0525078773498535
919,2,2,1,0.41112783551216125,3.6961703300476074,0.2599997818470001,3.9061763286590576,0.20063376426696777,3.9772026538848877,0.1365792453289032,4.071355819702148
920,2,2,1,0.42054468393325806,3.686523199081421,0.2632533311843872,3.882598876953125,0.20491868257522583,3.9732542037963867,0.13996730744838715,4.095400810241699
921,2,2,1,0.3949049413204193,3.695422649383545,0.2452317774295807,3.922062635421753,0.1828364133834839,3.9666993618011475,0.1310786008834839,4.0634026527404785
922,2,2,1,0.41718897223472595,3.6857693195343018,0.2587093412876129,3.8850820064544678,0.1987404227256775,3.964400291442871,0.14209981262683868,4.092987537384033
923,2,2,1,0.38572224974632263,3.6907358169555664,0.2549326419830322,3.896298408508301,0.2102499157190323,3.9751172065734863,0.14363440871238708,4.098931789398193
924,2,2,1,0.3976975977420807,3.691084146499634,0.24738918244838715,3.901595115661621,0.19389747083187103,3.976102352142334,0.14012674987316132,4.088891983032227
925,2,2,1,0.41314321756362915,3.6917974948883057,0.25502729415893555,3.912630558013916,0.18895487487316132,3.9741060733795166,0.1331712305545807,4.088446617126465
926,2,2,1,0.4126076102256775,3.6750590801239014,0.2513602077960968,3.874249219894409,0.19675740599632263,3.958369255065918,0.14026625454425812,4.063796520233154
927,2,2,1,0.3991425037384033,3.6884326934814453,0.25428491830825806,3.896876811981201,0.19976681470870972,3.9647328853607178,0.13823340833187103,4.083765983581543
928,2,2,1,0.41916951537132263,3.6951942443847656,0.2609763443470001,3.8973824977874756,0.1994977593421936,3.9932568073272705,0.14207987487316132,4.105204105377197
929,2,2,1,0.4575444459915161,3.6548497676849365,0.28297391533851624,3.8039052486419678,0.24420040845870972,3.851954698562622,0.16633449494838715,3.9838244915008545
930,2,2,1,0.4137909412384033,3.6751515865325928,0.2541852593421936,3.872098922729492,0.2014409303665161,3.9559237957000732,0.1392299085855484,4.072000980377197
931,2,2,1,0.38892099261283875,3.684049129486084,0.2535674273967743,3.8873300552368164,0.22051379084587097,3.972931385040283,0.1487165093421936,4.081881523132324
932,2,2,1,0.40914231538772583,3.689903974533081,0.25422513484954834,3.8916196823120117,0.20157046616077423,3.9785444736480713,0.14074458181858063,4.087368965148926
933,2,2,1,0.40098851919174194,3.6825671195983887,0.24834582209587097,3.891200542449951,0.19708625972270966,3.963444232940674,0.13779495656490326,4.076366901397705
934,2,2,1,0.396138072013855,3.692490577697754,0.2580117881298065,3.8994863033294678,0.20552654564380646,3.9874908924102783,0.13717713952064514,4.0925469398498535
935,2,2,1,0.4435860812664032,3.6526825428009033,0.2750867009162903,3.7927587032318115,0.23003028333187103,3.849419593811035,0.1580038219690323,3.9585015773773193
936,2,2,1,0.39661890268325806,3.6886487007141113,0.25290974974632263,3.8955869674682617,0.2015306055545807,3.980567693710327,0.1404057741165161,4.115826606750488
937,2,2,1,0.40490472316741943,3.691051721572876,0.2556600570678711,3.8999063968658447,0.1982421875,3.9840152263641357,0.13452646136283875,4.101629734039307
938,2,2,1,0.4522804617881775,3.6587092876434326,0.2758888602256775,3.818554401397705,0.22658242285251617,3.8644559383392334,0.15340003371238708,4.0028581619262695
939,2,2,1,0.40826788544654846,3.697507858276367,0.25089186429977417,3.9204647541046143,0.18738041818141937,3.9550628662109375,0.12986287474632263,4.056169509887695
940,2,2,1,0.4062923491001129,3.6928915977478027,0.2508470118045807,3.909982919692993,0.1850685477256775,3.965754985809326,0.13223452866077423,4.066013336181641
941,2,2,1,0.4299814701080322,3.678675413131714,0.2665417790412903,3.872981071472168,0.20010562241077423,3.9417359828948975,0.1345463991165161,4.0506591796875
942,2,2,1,0.43694692850112915,3.649794101715088,0.27129504084587097,3.7975940704345703,0.22375239431858063,3.853878974914551,0.15447624027729034,3.999483823776245
943,2,2,1,0.39964574575424194,3.687347650527954,0.24402602016925812,3.912959098815918,0.18001633882522583,3.9849987030029297,0.12492027878761292,4.100669860839844
944,2,2,1,0.42813295125961304,3.680534839630127,0.2612155079841614,3.866461992263794,0.2098313868045807,3.9482831954956055,0.14764030277729034,4.07775354385376
945,2,2,1,0.39952367544174194,3.6877009868621826,0.24603894352912903,3.898078203201294,0.18114237487316132,3.9722740650177,0.12743143737316132,4.092743396759033
946,2,2,1,0.4202781021595001,3.6882212162017822,0.26171875,3.887164831161499,0.19595025479793549,3.981895923614502,0.13500477373600006,4.096102714538574
947,2,2,1,0.3956572711467743,3.686878204345703,0.2664022445678711,3.8723349571228027,0.22110171616077423,3.964665651321411,0.1462850719690323,4.09795618057251
948,2,3,0,0.4338129758834839,3.6863772869110107,0.2683603763580322,3.870759963989258,0.21137595176696777,3.9556384086608887,0.14516900479793549,4.071663856506348
949,2,2,1,0.40113797783851624,3.6939697265625,0.2543247640132904,3.9076874256134033,0.1967075914144516,3.9803950786590576,0.13410793244838715,4.104770183563232
950,2,2,1,0.40217432379722595,3.6843950748443604,0.25663164258003235,3.8955869674682617,0.19616948068141937,3.9684548377990723,0.13544324040412903,4.0871100425720215
951,2,2,1,0.3776780664920807,3.6951842308044434,0.23469886183738708,3.9349963665008545,0.17854152619838715,4.008930206298828,0.12854750454425812,4.115503787994385
952,2,2,1,0.4497668147087097,3.6504154205322266,0.2780064046382904,3.7948994636535645,0.2273198366165161,3.8251359462738037,0.15949855744838715,3.9275271892547607
953,2,2,1,0.4127969443798065,3.6955161094665527,0.2574886381626129,3.902649164199829,0.20188935101032257,3.9756662845611572,0.1395886391401291,4.094374656677246
954,2,2,1,0.40665358304977417,3.6866278648376465,0.2505580186843872,3.8972716331481934,0.19530253112316132,3.9751007556915283,0.13948899507522583,4.080440044403076
955,2,2,1,0.40452855825424194,3.662990093231201,0.24941205978393555,3.8320348262786865,0.20567601919174194,3.892587184906006,0.14403299987316132,4.033347129821777
956,2,2,1,0.4072290360927582,3.6904659271240234,0.26025888323783875,3.901636838912964,0.20310506224632263,3.9751741886138916,0.1358816921710968,4.097389221191406
957,2,2,1,0.41016122698783875,3.6950838565826416,0.2572893500328064,3.907705307006836,0.19602997601032257,3.9900875091552734,0.13572224974632263,4.085903167724609
958,2,2,1,0.4259929955005646,3.6886203289031982,0.25834062695503235,3.888061761856079,0.1994878053665161,3.9494481086730957,0.14590640366077423,4.08782958984375
959,2,2,1,0.38174375891685486,3.688236951828003,0.25122568011283875,3.889333963394165,0.2017996609210968,3.9712111949920654,0.13536351919174194,4.099823474884033
960,2,2,1,0.42081621289253235,3.681551456451416,0.2603684961795807,3.881451368331909,0.20070351660251617,3.949059247970581,0.1374760866165161,4.081182956695557
961,2,2,1,0.4196279048919678,3.680346965789795,0.26195791363716125,3.8805348873138428,0.19878028333187103,3.948014736175537,0.13960857689380646,4.078515529632568
962,2,2,1,0.41434401273727417,3.6840686798095703,0.26352736353874207,3.8850088119506836,0.20076331496238708,3.9691765308380127,0.13514429330825806,4.08848237991333
963,2,2,1,0.4163818359375,3.6939432621002197,0.2584402859210968,3.898958921432495,0.19632892310619354,3.9771597385406494,0.13705755770206451,4.082884788513184
964,2,2,1,0.38198789954185486,3.682873249053955,0.24004004895687103,3.888826608657837,0.1932896226644516,3.966850519180298,0.13948899507522583,4.1084442138671875
965,2,2,1,0.4085967242717743,3.6916604042053223,0.25851503014564514,3.9012625217437744,0.19501355290412903,3.9688808917999268,0.1359414905309677,4.0971999168396
966,2,2,1,0.3954903781414032,3.695533275604248,0.25143495202064514,3.9080333709716797,0.1961595118045807,3.9826772212982178,0.13145726919174194,4.121740341186523
967,2,2,1,0.4540691673755646,3.6467983722686768,0.2809360921382904,3.7797462940216064,0.23945710062980652,3.8330836296081543,0.15991708636283875,3.9669740200042725
968,2,2,1,0.3946881890296936,3.692269802093506,0.24386657774448395,3.917989492416382,0.1773158460855484,3.9714510440826416,0.12645487487316132,4.077541351318359
969,2,2,1,0.4193912446498871,3.695408821105957,0.25725942850112915,3.8937501907348633,0.20413145422935486,3.975445508956909,0.14429208636283875,4.076933860778809
970,2,2,1,0.38669881224632263,3.6880507469177246,0.24370715022087097,3.907550096511841,0.18901465833187103,3.9935154914855957,0.13038106262683868,4.096912384033203
971,2,2,1,0.4171590805053711,3.6887269020080566,0.2621123492717743,3.8921055793762207,0.200055792927742,3.954921245574951,0.14002710580825806,4.072160720825195
972,2,2,1,0.42620474100112915,3.666808843612671,0.26179349422454834,3.8517024517059326,0.20435068011283875,3.923489570617676,0.1404854953289032,4.042984962463379
973,2,2,1,0.41759756207466125,3.689936637878418,0.2644142508506775,3.901543378829956,0.19858099520206451,3.9498696327209473,0.13484534621238708,4.08188009262085
974,2,2,1,0.4146006107330322,3.692598342895508,0.2531140446662903,3.8973052501678467,0.19164539873600006,3.9554388523101807,0.14227917790412903,4.070037841796875
975,2,2,1,0.4333421289920807,3.666731834411621,0.2632732689380646,3.8381149768829346,0.21493342518806458,3.893226385116577,0.15427693724632263,4.048572540283203
976,2,2,1,0.40225404500961304,3.6921865940093994,0.24890385568141937,3.905837059020996,0.19692681729793549,3.979860305786133,0.14223931729793549,4.097519874572754
977,2,2,1,0.40437906980514526,3.6706526279449463,0.2532336115837097,3.857452154159546,0.2043108195066452,3.898405075073242,0.14518892765045166,3.9931366443634033
978,2,2,1,0.43194952607154846,3.6821751594543457,0.2647530734539032,3.8708057403564453,0.2092036008834839,3.951843500137329,0.14608576893806458,4.075034141540527
979,2,2,1,0.42598801851272583,3.69180965423584,0.2597407102584839,3.8879554271698,0.20506815612316132,3.962583303451538,0.14485011994838715,4.067556381225586
980,2,2,1,0.40655142068862915,3.68088698387146,0.2594417631626129,3.882871389389038,0.19932836294174194,3.978353261947632,0.13327088952064514,4.089427471160889
981,2,2,1,0.42572394013404846,3.6858603954315186,0.2608816921710968,3.8793163299560547,0.20311503112316132,3.9497621059417725,0.1421595960855484,4.068694591522217
982,2,2,1,0.3974634110927582,3.695101737976074,0.25313395261764526,3.917882204055786,0.19279137253761292,3.9807722568511963,0.13484534621238708,4.112621784210205
983,2,2,1,0.4297298491001129,3.6809334754943848,0.2644541263580322,3.868436336517334,0.21157525479793549,3.945789337158203,0.15168605744838715,4.058862209320068
984,2,2,1,0.43319764733314514,3.6670289039611816,0.2665417790412903,3.84322190284729,0.21466436982154846,3.9086899757385254,0.1510881632566452,4.042210578918457
985,2,2,1,0.40677565336227417,3.6911191940307617,0.24606384336948395,3.9078280925750732,0.18738041818141937,3.975111722946167,0.13436701893806458,4.075942039489746
986,2,2,1,0.46156030893325806,3.643031358718872,0.28546515107154846,3.7713723182678223,0.2528499662876129,3.821943759918213,0.171735480427742,3.9427874088287354
987,2,2,1,0.38743123412132263,3.6807830333709717,0.25391122698783875,3.894468307495117,0.2033940553665161,3.996521472930908,0.13524393737316132,4.129973411560059
988,2,2,1,0.36222246289253235,3.684323787689209,0.23788763582706451,3.9173736572265625,0.19087810814380646,4.015348434448242,0.13430723547935486,4.125092506408691
989,2,2,1,0.4100341796875,3.688196897506714,0.2523716390132904,3.892758369445801,0.19854113459587097,3.9773640632629395,0.14086414873600006,4.090548992156982
990,2,2,1,0.44030264019966125,3.6533515453338623,0.2729043662548065,3.809924602508545,0.22846579551696777,3.8540148735046387,0.15630978345870972,3.977304697036743
991,2,2,1,0.3950917720794678,3.69250226020813,0.24801696836948395,3.90748929977417,0.196149542927742,3.98836612701416,0.1365194469690323,4.099123954772949
992,2,2,1,0.4222312271595001,3.6926724910736084,0.25923746824264526,3.8839707374572754,0.20401187241077423,3.9563326835632324,0.13813376426696777,4.067955493927002
993,2,2,1,0.43886518478393555,3.6608388423919678,0.2737165093421936,3.8341705799102783,0.21870017051696777,3.88053035736084,0.14811861515045166,4.01816463470459
994,2,2,1,0.4122339189052582,3.6891355514526367,0.2513950765132904,3.897475004196167,0.19284120202064514,3.9688920974731445,0.13241389393806458,4.072998046875
995,2,2,1,0.4196054935455322,3.683173656463623,0.2625558078289032,3.8773341178894043,0.20398198068141937,3.958817720413208,0.1402064710855484,4.077754020690918
996,2,2,1,0.4125826954841614,3.691366672515869,0.2596261203289032,3.89855694770813,0.20248724520206451,3.973917245864868,0.14110331237316132,4.074858665466309
997,2,2,1,0.4173683524131775,3.675703525543213,0.2626255452632904,3.862473964691162,0.20556640625,3.9261717796325684,0.14263790845870972,4.055190563201904
998,2,2,1,0.38758569955825806,3.684239625930786,0.24772301316261292,3.8987107276916504,0.199567511677742,3.9732861518859863,0.13474568724632263,4.099985122680664
999,2,2,1,0.375244140625,3.6859772205352783,0.24113121628761292,3.910529851913452,0.18362364172935486,3.9924566745758057,0.12663424015045166,4.149827003479004
1000,2,2,1,0.4073486328125,3.6854684352874756,0.2552066743373871,3.890474557876587,0.20227797329425812,3.965515613555908,0.1423788219690323,4.085806369781494
1001,2,2,1,0.4168277680873871,3.683811664581299,0.2498704493045807,3.895054817199707,0.19418646395206451,3.968491792678833,0.1384526491165161,4.0886712074279785
1002,2,2,1,0.41861146688461304,3.6953890323638916,0.25754842162132263,3.914027690887451,0.19372807443141937,3.9670798778533936,0.13924983143806458,4.100185871124268
1003,2,2,1,0.40743082761764526,3.688589096069336,0.25514188408851624,3.9081978797912598,0.18595543503761292,3.9952306747436523,0.12420280277729034,4.112483978271484
1004,2,2,1,0.4021519124507904,3.6980679035186768,0.2516043484210968,3.920135498046875,0.19775390625,3.9720332622528076,0.13426737487316132,4.103755474090576
1005,2,2,1,0.42459791898727417,3.6884186267852783,0.2631138265132904,3.888312339782715,0.204450324177742,3.9768972396850586,0.14602598547935486,4.08243465423584
1006,2,2,1,0.3975331783294678,3.6828222274780273,0.244977667927742,3.8914742469787598,0.18741030991077423,3.9621949195861816,0.13626036047935486,4.061284065246582
1007,2,2,1,0.4220568537712097,3.6889450550079346,0.26120057702064514,3.877136468887329,0.20939293503761292,3.953552484512329,0.15098851919174194,4.0609822273254395
1008,2,2,1,0.38713976740837097,3.692434310913086,0.25122568011283875,3.9147791862487793,0.19787348806858063,4.012086391448975,0.1332310289144516,4.143904209136963
1009,2,2,1,0.40851452946662903,3.671675443649292,0.2414899468421936,3.871028423309326,0.1887456178665161,3.9241855144500732,0.1375558078289032,4.07736873626709
1010,2,2,1,0.4325474202632904,3.6837894916534424,0.2645587623119354,3.8661155700683594,0.20711097121238708,3.963529586791992,0.14692282676696777,4.092105388641357
1011,2,2,1,0.41325533390045166,3.6880831718444824,0.2565120756626129,3.897033929824829,0.19082827866077423,3.968407392501831,0.13269291818141937,4.093271255493164
1012,2,2,1,0.4630201458930969,3.6400623321533203,0.28675562143325806,3.7758240699768066,0.2479173243045807,3.838257074356079,0.16567681729793549,3.9738962650299072
1013,2,2,1,0.4337780773639679,3.664884328842163,0.2745884358882904,3.837890863418579,0.22359295189380646,3.872760534286499,0.15045040845870972,4.011392116546631
1014,2,2,1,0.4212372303009033,3.696826457977295,0.2575932741165161,3.9029014110565186,0.19822224974632263,3.969334363937378,0.1400071680545807,4.063914775848389
1015,2,2,1,0.4061204493045807,3.6788246631622314,0.2539411187171936,3.874997615814209,0.19751474261283875,3.9688713550567627,0.13386878371238708,4.101235866546631
1016,2,2,1,0.39674097299575806,3.688066244125366,0.24252131581306458,3.896271228790283,0.19444555044174194,3.9811408519744873,0.13667888939380646,4.085155963897705
1017,2,2,1,0.40532824397087097,3.6823580265045166,0.25242146849632263,3.889108180999756,0.19688695669174194,3.9773762226104736,0.13329081237316132,4.100029945373535
1018,2,2,1,0.39952367544174194,3.6778054237365723,0.2570103108882904,3.8774402141571045,0.21013033390045166,3.9572722911834717,0.14305643737316132,4.082752704620361
1019,2,2,1,0.395594984292984,3.68591570854187,0.2511957883834839,3.8971755504608154,0.19766421616077423,3.9722726345062256,0.1376953125,4.093646049499512
1020,2,2,1,0.4248744249343872,3.68029522895813,0.26344266533851624,3.864640474319458,0.21098731458187103,3.954045295715332,0.14463089406490326,4.086812496185303
1021,2,2,1,0.4052111506462097,3.6909961700439453,0.2529645562171936,3.911878824234009,0.194196417927742,3.991687297821045,0.13695789873600006,4.116123199462891
1022,2,2,1,0.4008963406085968,3.6868503093719482,0.2509317100048065,3.9040963649749756,0.1946249157190323,3.9822845458984375,0.13277263939380646,4.0899128913879395
1023,2,2,1,0.4141347408294678,3.684630870819092,0.2559839189052582,3.894758462905884,0.19576092064380646,3.9566810131073,0.13584183156490326,4.076584339141846
1024,2,2,1,0.42263978719711304,3.6856606006622314,0.2664869725704193,3.878732442855835,0.2095424085855484,3.9474034309387207,0.13891102373600006,4.088809013366699
1025,2,2,1,0.4105996787548065,3.680678129196167,0.2596012055873871,3.87862491607666,0.20419123768806458,3.956566333770752,0.14036591351032257,4.07823371887207
1026,2,2,1,0.4390445649623871,3.671207904815674,0.2738310992717743,3.825924873352051,0.2397560477256775,3.868121385574341,0.16585618257522583,4.010814666748047
1027,2,2,1,0.40347474813461304,3.686128616333008,0.2506277859210968,3.8928868770599365,0.1926518678665161,3.979051351547241,0.13829320669174194,4.107076168060303
1028,2,2,1,0.41344964504241943,3.6958401203155518,0.2572544515132904,3.902211904525757,0.19793327152729034,3.9647083282470703,0.1416015625,4.088107109069824
1029,2,2,1,0.4067058861255646,3.6912436485290527,0.2513602077960968,3.9097108840942383,0.19227319955825806,3.9902048110961914,0.1378946155309677,4.093510627746582
1030,2,2,1,0.38683831691741943,3.6832175254821777,0.2501395046710968,3.88584566116333,0.2056361585855484,3.9894843101501465,0.13915018737316132,4.120595932006836
1031,2,2,1,0.420654296875,3.655116319656372,0.2662677466869354,3.8119235038757324,0.22619380056858063,3.8573946952819824,0.15511399507522583,3.9776434898376465
1032,2,2,1,0.4198097586631775,3.687119722366333,0.25862962007522583,3.8939855098724365,0.1952427476644516,3.9607512950897217,0.13974808156490326,4.078864574432373
1033,2,2,1,0.3955675959587097,3.6839733123779297,0.24381676316261292,3.9010114669799805,0.19000118970870972,3.9865212440490723,0.13464604318141937,4.105831623077393
1034,2,2,1,0.4194609820842743,3.691397190093994,0.25673627853393555,3.9006364345550537,0.19402702152729034,3.9683632850646973,0.13917012512683868,4.08363151550293
1035,2,2,1,0.42364874482154846,3.6894965171813965,0.2608966529369354,3.887592315673828,0.19916892051696777,3.973482847213745,0.1402064710855484,4.060980796813965
1036,2,2,1,0.40247079730033875,3.68135929107666,0.24617347121238708,3.892810821533203,0.19037985801696777,3.9597487449645996,0.13899074494838715,4.084456443786621
1037,2,2,1,0.41455575823783875,3.6923727989196777,0.25602877140045166,3.889308452606201,0.19631895422935486,3.941627264022827,0.14156170189380646,4.0375895500183105
1038,2,2,1,0.42261239886283875,3.694847822189331,0.26092153787612915,3.8962342739105225,0.1986009180545807,3.979979991912842,0.13626036047935486,4.117595672607422
1039,2,2,1,0.41378846764564514,3.6913328170776367,0.25623804330825806,3.9001128673553467,0.19535236060619354,3.9770455360412598,0.13207508623600006,4.119511127471924
1040,2,2,1,0.42315050959587097,3.686840534210205,0.2610112428665161,3.8820104598999023,0.19736526906490326,3.9514288902282715,0.13598133623600006,4.05877161026001
1041,2,2,1,0.40314093232154846,3.69097900390625,0.24918286502361298,3.9016835689544678,0.19379782676696777,3.9922356605529785,0.13362962007522583,4.091424465179443
1042,2,2,1,0.38551050424575806,3.6881296634674072,0.24635781347751617,3.899322509765625,0.1976243555545807,3.9839653968811035,0.13408800959587097,4.103002548217773
1043,2,2,1,0.40317580103874207,3.6912777423858643,0.2503487765789032,3.9050073623657227,0.18786869943141937,3.9945898056030273,0.12719227373600006,4.097461700439453
1044,2,2,1,0.4318149983882904,3.6743223667144775,0.2658342719078064,3.8553624153137207,0.21108697354793549,3.946702480316162,0.14612562954425812,4.034369945526123
1045,2,2,1,0.4389573633670807,3.6727545261383057,0.26760801672935486,3.8464903831481934,0.2165278196334839,3.940908432006836,0.15029096603393555,4.056093215942383
1046,2,1,0,0.38462361693382263,3.6760432720184326,0.25009965896606445,3.870985746383667,0.2297711968421936,3.9747159481048584,0.16495934128761292,4.09592866897583
1047,2,2,1,0.41069933772087097,3.6892597675323486,0.25773775577545166,3.890699625015259,0.20115193724632263,3.9575448036193848,0.13859215378761292,4.0550761222839355
1048,2,2,1,0.4170968234539032,3.6876888275146484,0.25506216287612915,3.8993983268737793,0.19578084349632263,3.9741437435150146,0.13380898535251617,4.069705009460449
1049,2,2,1,0.3948003053665161,3.695127248764038,0.25050321221351624,3.9084272384643555,0.20227797329425812,3.9740381240844727,0.13827326893806458,4.090083599090576
1050,2,2,1,0.42257004976272583,3.6967451572418213,0.25907304883003235,3.9055137634277344,0.19889986515045166,3.9889278411865234,0.13562260568141937,4.095371246337891
1051,2,2,1,0.4336734712123871,3.6794347763061523,0.26373663544654846,3.8615987300872803,0.20737005770206451,3.932772636413574,0.14419244229793549,4.044643878936768
1052,2,2,1,0.4174655079841614,3.684605121612549,0.2577626705169678,3.891038656234741,0.19940808415412903,3.957773208618164,0.13974808156490326,4.075442314147949
1053,2,2,1,0.41738080978393555,3.693905830383301,0.25951650738716125,3.897899627685547,0.2013113796710968,3.9654488563537598,0.14066486060619354,4.078208923339844
1054,2,2,1,0.43489664793014526,3.654123544692993,0.2677724361419678,3.7988760471343994,0.23133569955825806,3.8482446670532227,0.15870137512683868,3.977144241333008
1055,2,2,1,0.42532533407211304,3.6884829998016357,0.2617037892341614,3.886549234390259,0.19795319437980652,3.9679839611053467,0.13679847121238708,4.065559387207031
1056,2,2,1,0.41525331139564514,3.6926016807556152,0.2571299076080322,3.898075819015503,0.201171875,3.9811768531799316,0.14168128371238708,4.096638202667236
1057,2,2,1,0.3842673599720001,3.688145160675049,0.24838568270206451,3.901949882507324,0.19864077866077423,3.9917728900909424,0.1403459757566452,4.102811813354492
1058,2,2,1,0.3884775638580322,3.6878631114959717,0.25862962007522583,3.8997650146484375,0.21109692752361298,3.98616886138916,0.13960857689380646,4.109065055847168
1059,2,2,1,0.3911730647087097,3.680804967880249,0.24860988557338715,3.897088050842285,0.19171516597270966,3.9858100414276123,0.1307198703289032,4.100930213928223
1060,2,2,1,0.4087511897087097,3.6885833740234375,0.2582559287548065,3.890995979309082,0.20336414873600006,3.966336727142334,0.1399274468421936,4.093861103057861
1061,2,2,1,0.40125009417533875,3.67280912399292,0.24194833636283875,3.8701400756835938,0.18824736773967743,3.9574930667877197,0.1407645046710968,4.101798057556152
1062,2,2,1,0.44603994488716125,3.659860134124756,0.2795659303665161,3.8084475994110107,0.23478356003761292,3.855269193649292,0.1576450914144516,3.9893805980682373
1063,2,2,1,0.3932233452796936,3.695089340209961,0.23889409005641937,3.9218928813934326,0.1794881969690323,3.9776816368103027,0.12830835580825806,4.091332912445068
1064,2,2,1,0.40715181827545166,3.6819143295288086,0.2578922212123871,3.8765649795532227,0.21480388939380646,3.975273609161377,0.1462651491165161,4.104101181030273
1065,2,2,1,0.40917718410491943,3.692420482635498,0.2543496787548065,3.8993711471557617,0.19430604577064514,3.977947473526001,0.1343470960855484,4.100430011749268
1066,2,3,0,0.4157789349555969,3.695207118988037,0.26100626587867737,3.904381036758423,0.20428092777729034,3.9591219425201416,0.15102837979793549,4.093692302703857
1067,2,2,1,0.41284677386283875,3.685065269470215,0.25559529662132263,3.8822200298309326,0.19799305498600006,3.954904556274414,0.14646443724632263,4.060688495635986
1068,2,2,1,0.4319819211959839,3.6800882816314697,0.2624611258506775,3.8642101287841797,0.2064134180545807,3.9355990886688232,0.14933434128761292,4.06966495513916
1069,2,2,1,0.3892049789428711,3.6856236457824707,0.2533681392669678,3.887320041656494,0.2016003578901291,3.991943120956421,0.13721700012683868,4.108642101287842
1070,3,3,1,0.4384441673755646,3.683405876159668,0.27189791202545166,3.8594675064086914,0.23418566584587097,3.9297051429748535,0.16372369229793549,4.043091773986816
1071,3,3,1,0.43390515446662903,3.6873741149902344,0.2694266140460968,3.8722329139709473,0.22668208181858063,3.9340600967407227,0.16019611060619354,4.076014041900635
1072,3,3,1,0.40083155035972595,3.6875455379486084,0.2660684287548065,3.877586603164673,0.21963687241077423,3.932670831680298,0.14937420189380646,4.0425615310668945
1073,3,3,1,0.427143931388855,3.6746277809143066,0.26466336846351624,3.8669402599334717,0.19790337979793549,3.9361531734466553,0.1379145383834839,4.067051887512207
1074,3,3,1,0.4440045952796936,3.6721372604370117,0.27523118257522583,3.8335988521575928,0.23934748768806458,3.901702880859375,0.1701411008834839,4.011948108673096
1075,3,3,1,0.4435312747955322,3.6487021446228027,0.28382593393325806,3.785745620727539,0.25064772367477417,3.8283703327178955,0.1687460094690323,3.9584269523620605
1076,3,3,1,0.4298867881298065,3.674327850341797,0.2724160850048065,3.854759931564331,0.22518733143806458,3.896672248840332,0.15296156704425812,4.023582935333252
1077,3,3,1,0.4381726086139679,3.672316074371338,0.27427953481674194,3.846754789352417,0.2302495241165161,3.9028823375701904,0.15625,4.010076522827148
1078,3,3,1,0.41145914793014526,3.6892402172088623,0.2646035850048065,3.8878490924835205,0.21204359829425812,3.945768117904663,0.14245854318141937,4.074846267700195
1079,3,3,1,0.4713209271430969,3.6416497230529785,0.2908412218093872,3.764702796936035,0.2661730647087097,3.8177530765533447,0.18249760568141937,3.928797721862793
1080,3,3,1,0.46245715022087097,3.6534740924835205,0.2857840359210968,3.7920777797698975,0.25846022367477417,3.8576550483703613,0.1801060289144516,3.9642579555511475
1081,3,3,1,0.4358707368373871,3.679124593734741,0.2719576954841614,3.8686587810516357,0.21709582209587097,3.9490039348602295,0.1496332883834839,4.083244323730469
1082,3,3,1,0.4696941673755646,3.6437926292419434,0.2915487289428711,3.7656326293945312,0.27103593945503235,3.82826566696167,0.1874402016401291,3.9291865825653076
1083,3,3,1,0.4197574555873871,3.6916863918304443,0.2638263404369354,3.891862392425537,0.2168666273355484,3.9263429641723633,0.1554926633834839,4.03896427154541
1084,3,3,1,0.4097302556037903,3.6910481452941895,0.2605777680873871,3.8891947269439697,0.21352837979793549,3.9516520500183105,0.14708226919174194,4.0654473304748535
1085,3,3,1,0.4322360157966614,3.686201333999634,0.2692621946334839,3.87139630317688,0.22408123314380646,3.926757574081421,0.1586216539144516,4.041713714599609
1086,3,3,1,0.41145914793014526,3.6892402172088623,0.2646035850048065,3.8878490924835205,0.21204359829425812,3.945768117904663,0.14245854318141937,4.074846267700195
1087,3,3,1,0.44325971603393555,3.666038990020752,0.27601343393325806,3.8360559940338135,0.22750915586948395,3.8763084411621094,0.15672831237316132,3.982706069946289
1088,3,3,1,0.41199228167533875,3.687955379486084,0.26202765107154846,3.893021583557129,0.2071010023355484,3.9587161540985107,0.14650429785251617,4.052509784698486
1089,3,3,1,0.4606161117553711,3.640406608581543,0.28720900416374207,3.769984722137451,0.2564273774623871,3.8222126960754395,0.18086335062980652,3.927823781967163
1090,3,3,1,0.46522489190101624,3.6548233032226562,0.2867605984210968,3.7808146476745605,0.26369181275367737,3.844569683074951,0.1833944469690323,3.981417179107666
1091,3,3,1,0.44333943724632263,3.6718475818634033,0.27422472834587097,3.8384389877319336,0.23251155018806458,3.9033985137939453,0.15796396136283875,4.031163215637207
1092,3,3,1,0.43607252836227417,3.67625093460083,0.27260541915893555,3.8484272956848145,0.2318638414144516,3.9028708934783936,0.1661551296710968,4.004078388214111
1093,3,3,1,0.4286063015460968,3.6876184940338135,0.2674834430217743,3.890136957168579,0.21375757455825806,3.946296215057373,0.1488560289144516,4.069219589233398
1094,3,3,1,0.42378076910972595,3.6771481037139893,0.2667161524295807,3.8764455318450928,0.19688695669174194,3.9314708709716797,0.13293208181858063,4.046176910400391
1095,3,3,1,0.45719316601753235,3.6511733531951904,0.2861676812171936,3.7904412746429443,0.25500237941741943,3.8372020721435547,0.17924903333187103,3.932399272918701
1096,3,3,1,0.4290049076080322,3.6910154819488525,0.26734891533851624,3.8992135524749756,0.20692163705825806,3.963688850402832,0.14172114431858063,4.0880327224731445
1097,3,3,1,0.4447195827960968,3.6747875213623047,0.2752411365509033,3.8383657932281494,0.24008490145206451,3.8952808380126953,0.16804847121238708,4.013875484466553
1098,3,3,1,0.4663534164428711,3.6525657176971436,0.2878916263580322,3.7815890312194824,0.26543566584587097,3.831437587738037,0.18514826893806458,3.9375672340393066
1099,3,3,1,0.4426020383834839,3.6684303283691406,0.27788683772087097,3.830850124359131,0.23820152878761292,3.8872992992401123,0.16547751426696777,4.0215582847595215
1100,3,0,0,0.3963299095630646,3.672581672668457,0.24528658390045166,3.8841357231140137,0.1732800453901291,3.970728635787964,0.11208545416593552,4.1468706130981445
1101,3,3,1,0.4259481430053711,3.694927453994751,0.2657894194126129,3.888855457305908,0.2175542116165161,3.9432942867279053,0.15240353345870972,4.064208030700684
1102,3,3,1,0.4260328412055969,3.677615165710449,0.2683005630970001,3.866645574569702,0.21399672329425812,3.9284284114837646,0.14756058156490326,4.072258472442627
1103,3,3,1,0.44766920804977417,3.6713263988494873,0.2758888602256775,3.833869218826294,0.2337571680545807,3.909668445587158,0.15925940871238708,4.053935527801514
1104,3,3,1,0.4447195827960968,3.6747875213623047,0.2752411365509033,3.8383657932281494,0.24008490145206451,3.8952808380126953,0.16804847121238708,4.013875484466553
1105,3,3,1,0.416279673576355,3.6975486278533936,0.25861966609954834,3.9109158515930176,0.20418128371238708,3.9443142414093018,0.14534837007522583,4.087344169616699
1106,3,3,1,0.44278886914253235,3.6835415363311768,0.2730887234210968,3.863309621810913,0.23267099261283875,3.93442964553833,0.16633449494838715,4.062664985656738
1107,3,3,1,0.4323655664920807,3.6787991523742676,0.2693219780921936,3.8663742542266846,0.21450494229793549,3.9220478534698486,0.1469029039144516,4.037715435028076
1108,3,3,1,0.45978406071662903,3.654688596725464,0.28395548462867737,3.7925987243652344,0.2589186131954193,3.8410115242004395,0.18355388939380646,3.9584147930145264
1109,3,3,1,0.45524752140045166,3.659116744995117,0.2840750515460968,3.798614501953125,0.25248125195503235,3.8534159660339355,0.17552216351032257,3.974111557006836
1110,3,3,1,0.4301583468914032,3.646589756011963,0.27432936429977417,3.8058083057403564,0.232282355427742,3.8422136306762695,0.16314572095870972,3.9403860569000244
1111,3,3,1,0.4249890446662903,3.694643497467041,0.26545560359954834,3.8864634037017822,0.21852080523967743,3.9618313312530518,0.1531808078289032,4.089903831481934
1112,3,3,1,0.4465157687664032,3.67394757270813,0.2741798758506775,3.843209981918335,0.2326311320066452,3.9282500743865967,0.16318558156490326,4.068148612976074
1113,3,3,1,0.45746222138404846,3.6596288681030273,0.28124502301216125,3.8068454265594482,0.24591436982154846,3.866966485977173,0.17042012512683868,3.9867851734161377
1114,3,3,1,0.39837270975112915,3.675060987472534,0.26750338077545166,3.8578479290008545,0.21876992285251617,3.9062130451202393,0.14813855290412903,4.007668495178223
1115,3,3,1,0.45488131046295166,3.6430420875549316,0.28644171357154846,3.765907049179077,0.2638811469078064,3.802915334701538,0.1942761391401291,3.8932089805603027
1116,3,3,1,0.44018056988716125,3.6732053756713867,0.27284955978393555,3.8504438400268555,0.22910355031490326,3.9061806201934814,0.16278699040412903,4.003305435180664
1117,3,3,1,0.42801836133003235,3.6901228427886963,0.26874402165412903,3.8729095458984375,0.2237723171710968,3.9272353649139404,0.1570272594690323,4.06104850769043
1118,3,3,1,0.44552674889564514,3.679598331451416,0.2747727930545807,3.844219207763672,0.23407605290412903,3.902341365814209,0.15977758169174194,4.028938293457031
1119,3,3,1,0.4637725055217743,3.658184766769409,0.28544023633003235,3.7907800674438477,0.2591976225376129,3.853984832763672,0.18036511540412903,3.97491717338562
1120,3,3,1,0.470790296792984,3.643738269805908,0.29031309485435486,3.7597782611846924,0.27033841609954834,3.7992923259735107,0.19060905277729034,3.910811424255371
1121,3,3,1,0.41262754797935486,3.678148031234741,0.26393094658851624,3.87674617767334,0.21230268478393555,3.949354648590088,0.1439732164144516,4.100221633911133
1122,3,3,1,0.44098523259162903,3.672959804534912,0.2737962305545807,3.839951276779175,0.2297014445066452,3.9018263816833496,0.1614118218421936,4.04136323928833
1123,3,3,1,0.4139329493045807,3.666975498199463,0.2710309624671936,3.8515543937683105,0.22198858857154846,3.890873908996582,0.14939412474632263,4.035485744476318
1124,3,3,1,0.4517822265625,3.649350166320801,0.28483736515045166,3.789672613143921,0.24814651906490326,3.8372018337249756,0.17045997083187103,3.9596633911132812
1125,3,3,1,0.453389048576355,3.655752420425415,0.28217175602912903,3.8052549362182617,0.24821627140045166,3.8457183837890625,0.17667809128761292,3.942131996154785
1126,3,3,1,0.4287557601928711,3.6940083503723145,0.26772260665893555,3.8951668739318848,0.21696627140045166,3.9623847007751465,0.15461574494838715,4.064836502075195
1127,3,3,1,0.43469735980033875,3.686230182647705,0.27012914419174194,3.8703150749206543,0.22750915586948395,3.9235687255859375,0.1608537882566452,4.064180374145508
1128,3,3,1,0.4513562023639679,3.6538431644439697,0.2857142686843872,3.783778667449951,0.2553113102912903,3.8318958282470703,0.17554208636283875,3.952543258666992
1129,3,3,1,0.42718130350112915,3.686582326889038,0.2679767310619354,3.8760411739349365,0.2196568101644516,3.910856008529663,0.1520647257566452,4.041808605194092
1130,3,3,1,0.46293795108795166,3.6569228172302246,0.2860979437828064,3.7918879985809326,0.26253587007522583,3.8526151180267334,0.18405213952064514,3.968597650527954
1131,3,3,1,0.4411546289920807,3.6771626472473145,0.27327805757522583,3.8436405658721924,0.23486328125,3.9033052921295166,0.16360411047935486,4.038128852844238
1132,3,3,1,0.47061342000961304,3.6377124786376953,0.29199716448783875,3.7569661140441895,0.2638811469078064,3.793701171875,0.1865234375,3.9029810428619385
1133,3,3,1,0.4370366334915161,3.682260751724243,0.2717135548591614,3.860307216644287,0.22566565871238708,3.928022623062134,0.15935905277729034,4.05690336227417
1134,3,3,1,0.4378761649131775,3.6787850856781006,0.27092134952545166,3.8572137355804443,0.2262834757566452,3.914083242416382,0.1599569469690323,4.006229877471924
1135,3,3,1,0.43409696221351624,3.685136318206787,0.27101102471351624,3.8641185760498047,0.23128587007522583,3.9274020195007324,0.1583426296710968,4.051101207733154
1136,3,3,1,0.4570212662220001,3.6546289920806885,0.28335756063461304,3.8031508922576904,0.24827606976032257,3.839895725250244,0.1775151491165161,3.9622769355773926
1137,3,3,1,0.387349009513855,3.6901631355285645,0.26167887449264526,3.8881568908691406,0.20879504084587097,3.921729564666748,0.14959342777729034,3.9976019859313965
1138,3,3,1,0.43854382634162903,3.6766269207000732,0.27330297231674194,3.8551583290100098,0.2258549928665161,3.910081624984741,0.15754543244838715,4.055281639099121
1139,3,3,1,0.36154982447624207,3.6823859214782715,0.2571398615837097,3.866515636444092,0.2400251030921936,3.8954622745513916,0.17325015366077423,3.9440929889678955
1140,3,3,1,0.46448999643325806,3.6548941135406494,0.28667590022087097,3.788762092590332,0.2635223865509033,3.8556625843048096,0.1852678507566452,3.98397159576416
1141,3,3,1,0.43814024329185486,3.684221029281616,0.27113062143325806,3.8639395236968994,0.22918327152729034,3.921170473098755,0.15999680757522583,4.019680976867676
1142,3,3,1,0.41663095355033875,3.6992149353027344,0.26242128014564514,3.917788505554199,0.2016003578901291,3.97088623046875,0.1452287882566452,4.065459251403809
1143,3,3,1,0.5037617683410645,3.5951616764068604,0.31106504797935486,3.6579158306121826,0.30645129084587097,3.6589276790618896,0.2142857164144516,3.7742745876312256
1144,3,3,1,0.3921247124671936,3.683415651321411,0.2554956376552582,3.8985743522644043,0.20021523535251617,3.9781506061553955,0.13149712979793549,4.118520736694336
1145,3,3,1,0.45479661226272583,3.653071165084839,0.28581392765045166,3.794609785079956,0.25352758169174194,3.8254854679107666,0.1796875,3.930124282836914
1146,3,3,1,0.436279296875,3.679539203643799,0.2721470296382904,3.8573076725006104,0.22708067297935486,3.928295612335205,0.1554129421710968,4.049115180969238
1147,3,3,1,0.447841078042984,3.6809146404266357,0.2739157974720001,3.854099988937378,0.23539142310619354,3.8954365253448486,0.165876105427742,4.0373663902282715
1148,3,3,1,0.42484205961227417,3.6792681217193604,0.26970064640045166,3.8590431213378906,0.2224569469690323,3.885683536529541,0.15710698068141937,4.028415679931641
1149,3,3,1,0.4654615521430969,3.6579318046569824,0.28729870915412903,3.7847282886505127,0.26307398080825806,3.828977346420288,0.18243782222270966,3.9448328018188477
1150,3,3,1,0.40418726205825806,3.6825644969940186,0.26807138323783875,3.8666059970855713,0.22192880511283875,3.9162139892578125,0.15766501426696777,4.017696857452393
1151,3,3,1,0.44543206691741943,3.6746084690093994,0.27532583475112915,3.8355562686920166,0.23656727373600006,3.9128475189208984,0.1603754758834839,4.0326828956604
1152,3,3,1,0.3936767578125,3.671203851699829,0.26339784264564514,3.877253293991089,0.2132493555545807,3.8991589546203613,0.13761559128761292,4.029688835144043
1153,3,3,1,0.4401058256626129,3.6810803413391113,0.2720872461795807,3.8615612983703613,0.22694116830825806,3.9319839477539062,0.1581433266401291,4.0520477294921875
1154,3,3,1,0.38910284638404846,3.695772409439087,0.25303930044174194,3.919328212738037,0.1874302476644516,3.9717156887054443,0.1248604878783226,4.107741355895996
1155,3,3,1,0.442225843667984,3.6760799884796143,0.27361685037612915,3.846146821975708,0.23211295902729034,3.897007703781128,0.1618303507566452,4.02352237701416
1156,3,3,1,0.4405517578125,3.6795425415039062,0.27343252301216125,3.863809585571289,0.22716039419174194,3.9374451637268066,0.15601083636283875,4.043178558349609
1157,3,3,1,0.44747239351272583,3.6780574321746826,0.27589884400367737,3.845432758331299,0.23615871369838715,3.93324613571167,0.1618901491165161,4.057244777679443
1158,3,3,1,0.3664824664592743,3.686837673187256,0.26256078481674194,3.8803157806396484,0.22006537020206451,3.8837618827819824,0.1549944132566452,3.955509901046753
1159,3,3,1,0.37943190336227417,3.6830546855926514,0.26956114172935486,3.883479356765747,0.21440528333187103,3.8956124782562256,0.1446707546710968,3.996005058288574
1160,3,3,1,0.4744001030921936,3.6286051273345947,0.2947574555873871,3.7307088375091553,0.2785993218421936,3.766828775405884,0.19933833181858063,3.857928514480591
1161,3,3,1,0.4286411702632904,3.6814193725585938,0.26883867383003235,3.873565912246704,0.21236248314380646,3.940500259399414,0.14407286047935486,4.0634942054748535
1162,3,3,1,0.42496660351753235,3.684403657913208,0.26397082209587097,3.869309186935425,0.2033940553665161,3.9348881244659424,0.14803889393806458,4.045907497406006
1163,3,3,1,0.45670488476753235,3.660766363143921,0.2843739986419678,3.8041348457336426,0.2519431412220001,3.855475902557373,0.17259247601032257,3.969515085220337
1164,3,3,1,0.3824886381626129,3.6907525062561035,0.2631038725376129,3.888232469558716,0.21430563926696777,3.9342973232269287,0.14644451439380646,4.036200523376465
1165,3,3,1,0.4423852860927582,3.6783084869384766,0.27260541915893555,3.848884105682373,0.23413583636283875,3.8953864574432373,0.1613520383834839,4.017416000366211
1166,3,3,1,0.4275699555873871,3.6736466884613037,0.2729741334915161,3.8494350910186768,0.22909358143806458,3.9136581420898438,0.15678809583187103,4.057963848114014
1167,3,3,1,0.44933584332466125,3.668365001678467,0.27742844820022583,3.823925495147705,0.24222736060619354,3.8969476222991943,0.1693040430545807,4.02719259262085
1168,3,3,1,0.3801119923591614,3.671431303024292,0.26630261540412903,3.852473497390747,0.24109135568141937,3.899231195449829,0.16069434583187103,3.980652332305908
1169,3,3,1,0.4077397584915161,3.6869187355041504,0.25929227471351624,3.889510154724121,0.19396723806858063,3.9651682376861572,0.1328125,4.10939359664917
1170,3,3,1,0.4383445084095001,3.6659486293792725,0.2760034501552582,3.83408260345459,0.23376713693141937,3.871307373046875,0.1589803844690323,3.999373197555542
1171,3,3,1,0.4294109642505646,3.6819961071014404,0.27066725492477417,3.8596200942993164,0.22688136994838715,3.9224789142608643,0.15487483143806458,4.039763450622559
1172,3,3,1,0.45055654644966125,3.669971227645874,0.2778768539428711,3.8233132362365723,0.2443598508834839,3.881535053253174,0.17008131742477417,4.018982887268066
1173,3,3,1,0.45141103863716125,3.668189764022827,0.27824556827545166,3.821147918701172,0.24458904564380646,3.8738644123077393,0.17185506224632263,3.9903745651245117
1174,3,3,1,0.4686304032802582,3.6487784385681152,0.2902483344078064,3.7676382064819336,0.26650190353393555,3.798459529876709,0.18269690871238708,3.8950583934783936
1175,3,3,1,0.4530203640460968,3.6577157974243164,0.27915236353874207,3.798258066177368,0.23706552386283875,3.8472466468811035,0.1610730141401291,3.968200922012329
1176,3,3,1,0.4256143271923065,3.6808745861053467,0.2655452787876129,3.8611340522766113,0.21584023535251617,3.9124653339385986,0.15579161047935486,4.008955001831055
1177,3,3,1,0.4100017845630646,3.679392099380493,0.25941187143325806,3.8769423961639404,0.21126633882522583,3.9432573318481445,0.14933434128761292,4.062725067138672
1178,3,3,1,0.43951788544654846,3.683000326156616,0.2715890109539032,3.8631417751312256,0.22857540845870972,3.9255383014678955,0.159040167927742,4.043358325958252
1179,3,3,1,0.44336435198783875,3.6767544746398926,0.2740204334259033,3.844191551208496,0.2330496609210968,3.8992176055908203,0.16067442297935486,3.987844228744507
1180,3,3,1,0.4319295883178711,3.685096263885498,0.26876893639564514,3.8716607093811035,0.21865034103393555,3.921976089477539,0.1529017835855484,4.05096435546875
1181,3,3,1,0.44132402539253235,3.668757200241089,0.2736118733882904,3.843066453933716,0.2227957546710968,3.887333393096924,0.15714684128761292,3.984654426574707
1182,3,3,1,0.42919671535491943,3.664511203765869,0.27469804883003235,3.8351259231567383,0.2312260866165161,3.8792450428009033,0.1615513414144516,4.0070319175720215
1183,3,2,0,0.4286611080169678,3.6881871223449707,0.2601393163204193,3.8908276557922363,0.20456990599632263,3.9513370990753174,0.14498963952064514,4.068728446960449
1184,3,3,1,0.4425571858882904,3.6809892654418945,0.27327805757522583,3.850769281387329,0.23442481458187103,3.924250841140747,0.16376355290412903,4.0658392906188965
1185,3,3,1,0.447841078042984,3.6809146404266357,0.2739157974720001,3.854099988937378,0.23539142310619354,3.8954365253448486,0.165876105427742,4.0373663902282715
1186,3,3,1,0.43827974796295166,3.6818318367004395,0.2729591727256775,3.855231523513794,0.23372727632522583,3.917714834213257,0.1614915430545807,4.028014183044434
1187,3,3,1,0.43343180418014526,3.6922688484191895,0.2689532935619354,3.874101400375366,0.23012994229793549,3.9549665451049805,0.1648198366165161,4.074002265930176
1188,3,3,1,0.4206094443798065,3.6687495708465576,0.27223172783851624,3.8467183113098145,0.22964166104793549,3.876068592071533,0.15880101919174194,3.9833083152770996
1189,3,3,1,0.4248121380805969,3.6946747303009033,0.2672293484210968,3.8959429264068604,0.2165876030921936,3.9501724243164062,0.15236367285251617,4.037933349609375
1190,3,3,1,0.4374825656414032,3.679959535598755,0.2719028890132904,3.8525800704956055,0.23321905732154846,3.917193651199341,0.16537787020206451,4.0314531326293945
1191,3,3,1,0.4757976830005646,3.629387140274048,0.29436880350112915,3.7311995029449463,0.27179327607154846,3.768542528152466,0.18516820669174194,3.8585727214813232
1192,3,3,1,0.4368921220302582,3.6808383464813232,0.2715441584587097,3.86460542678833,0.22421076893806458,3.9324443340301514,0.15718670189380646,4.071256637573242
1193,3,3,1,0.43030282855033875,3.684577465057373,0.26954618096351624,3.875136375427246,0.21843111515045166,3.9312500953674316,0.1505301296710968,4.043956279754639
1194,3,3,1,0.4361497461795807,3.690028190612793,0.27080675959587097,3.8745951652526855,0.23095703125,3.9284634590148926,0.16422194242477417,4.0495147705078125
1195,3,3,1,0.4343709945678711,3.6925556659698486,0.2704181373119354,3.875115156173706,0.2293626368045807,3.9447364807128906,0.1626674085855484,4.07461404800415
1196,3,3,1,0.4444305896759033,3.677905559539795,0.27515146136283875,3.8400332927703857,0.2401048243045807,3.896742105484009,0.16994179785251617,4.010554790496826
1197,3,3,1,0.4340720474720001,3.685164213180542,0.2659837305545807,3.871290922164917,0.2121332883834839,3.938087224960327,0.1414022594690323,4.0689215660095215
1198,3,3,1,0.4293486773967743,3.6751554012298584,0.2699298560619354,3.8658077716827393,0.21399672329425812,3.930011749267578,0.14933434128761292,4.051915168762207
1199,3,3,1,0.4551229476928711,3.6656742095947266,0.28191763162612915,3.81478214263916,0.25030890107154846,3.865241527557373,0.1743263602256775,3.9764490127563477
1200,3,3,1,0.4260951280593872,3.6810007095336914,0.2679717242717743,3.878288745880127,0.22068318724632263,3.934931755065918,0.15134724974632263,4.040953159332275
1201,3,3,1,0.4566550552845001,3.660287380218506,0.28121012449264526,3.808593273162842,0.2458944469690323,3.865537405014038,0.1725725382566452,3.976325273513794
1202,3,3,1,0.42202943563461304,3.667862892150879,0.27341756224632263,3.8433923721313477,0.22376234829425812,3.8933868408203125,0.15041054785251617,4.039485931396484
1203,3,3,1,0.4060855805873871,3.6887168884277344,0.2582858204841614,3.894345998764038,0.19521284103393555,3.9612557888031006,0.13580197095870972,4.068975448608398
1204,3,3,1,0.4721854031085968,3.6337218284606934,0.2929238975048065,3.749009132385254,0.26755818724632263,3.779553174972534,0.18933354318141937,3.901157855987549
1205,3,3,1,0.4134521484375,3.664865016937256,0.2638113796710968,3.85296893119812,0.1964983195066452,3.924590587615967,0.12775032222270966,4.105616092681885
1206,3,3,1,0.4592982530593872,3.66259503364563,0.28239595890045166,3.805832862854004,0.25157445669174194,3.864968776702881,0.17500397562980652,3.9774513244628906
1207,3,3,1,0.42718130350112915,3.686582326889038,0.2679767310619354,3.8760411739349365,0.2196568101644516,3.910856008529663,0.1520647257566452,4.041808605194092
1208,3,3,1,0.44373804330825806,3.6715023517608643,0.2738111913204193,3.8387954235076904,0.23147520422935486,3.8944852352142334,0.16147162020206451,4.026042938232422
1209,3,3,1,0.46561601758003235,3.6463065147399902,0.2887037694454193,3.767033576965332,0.2666015625,3.8146445751190186,0.18953284621238708,3.9294426441192627
1210,3,3,1,0.45946019887924194,3.657871961593628,0.2837013602256775,3.7960660457611084,0.2532983720302582,3.857665538787842,0.1755022257566452,3.9683170318603516
1211,3,0,0,0.4419667720794678,3.6640982627868652,0.27813097834587097,3.815664052963257,0.23789261281490326,3.8706908226013184,0.1609335094690323,4.0234055519104
1212,3,3,1,0.4446871876716614,3.6781699657440186,0.2742197513580322,3.8448498249053955,0.23622846603393555,3.9188811779022217,0.16111287474632263,4.060118675231934
1213,3,3,1,0.46334901452064514,3.6523075103759766,0.2876474857330322,3.7834997177124023,0.26258569955825806,3.8434975147247314,0.18201929330825806,3.9506187438964844
1214,3,3,1,0.3992222249507904,3.689755439758301,0.2544543147087097,3.9134325981140137,0.18769928812980652,3.963315010070801,0.12484055757522583,4.119252681732178
1215,3,3,1,0.42468759417533875,3.6947550773620605,0.26662150025367737,3.8927156925201416,0.21550142765045166,3.965134620666504,0.15475526452064514,4.07636833190918
1216,3,3,1,0.4394257068634033,3.6783812046051025,0.2732830345630646,3.8541996479034424,0.23501275479793549,3.9304614067077637,0.1671316921710968,4.056880474090576
1217,3,3,1,0.4360700249671936,3.680973768234253,0.2707619071006775,3.8640854358673096,0.22346340119838715,3.921783685684204,0.15581153333187103,4.046687126159668
1218,3,3,1,0.4348916709423065,3.6927919387817383,0.27056261897087097,3.877704620361328,0.22681161761283875,3.9350643157958984,0.15909996628761292,4.06313419342041
1219,3,3,1,0.42616239190101624,3.6969046592712402,0.2664969265460968,3.8918988704681396,0.22198858857154846,3.954437255859375,0.15642936527729034,4.05057954788208
1220,3,3,1,0.4403175711631775,3.677595615386963,0.27159398794174194,3.8492937088012695,0.22805723547935486,3.881805419921875,0.16059470176696777,3.9975180625915527
1221,3,3,1,0.4087412357330322,3.68747878074646,0.26174864172935486,3.8824191093444824,0.20381256937980652,3.9338483810424805,0.14122289419174194,4.052639007568359
1222,3,3,1,0.4424326419830322,3.6870086193084717,0.27254563570022583,3.8591432571411133,0.23104670643806458,3.9177520275115967,0.16290657222270966,4.050158977508545
1223,3,3,1,0.44142866134643555,3.6815731525421143,0.2743442952632904,3.851984977722168,0.23408600687980652,3.9200971126556396,0.16125239431858063,4.086021423339844
1224,3,3,1,0.4608154296875,3.6375348567962646,0.2859933078289032,3.76273512840271,0.2512456178665161,3.798595905303955,0.1715959757566452,3.9416956901550293
1225,3,3,1,0.4097302556037903,3.6910481452941895,0.2605777680873871,3.8891947269439697,0.21352837979793549,3.9516520500183105,0.14708226919174194,4.0654473304748535
1226,3,3,1,0.4102334678173065,3.6793911457061768,0.2596510350704193,3.8763840198516846,0.20448023080825806,3.9354288578033447,0.1403459757566452,4.056518077850342
1227,3,3,1,0.43732061982154846,3.676685094833374,0.2718680202960968,3.8551084995269775,0.22534677386283875,3.9161581993103027,0.15730628371238708,4.03294038772583
1228,3,3,1,0.4282400906085968,3.6629531383514404,0.2689981162548065,3.8275203704833984,0.21681679785251617,3.8861567974090576,0.14283721148967743,4.052741527557373
1229,3,0,0,0.4293138086795807,3.6844019889831543,0.27043306827545166,3.8694474697113037,0.21787308156490326,3.916529417037964,0.15338009595870972,4.011564254760742
1230,3,3,1,0.4226248562335968,3.6790592670440674,0.26436442136764526,3.8700125217437744,0.2097417116165161,3.9290668964385986,0.1548549085855484,4.048133850097656
1231,3,3,1,0.44094786047935486,3.6865084171295166,0.27175840735435486,3.8601837158203125,0.23291015625,3.9204208850860596,0.16143175959587097,4.038147926330566
1232,3,3,1,0.4637202024459839,3.656233787536621,0.28590860962867737,3.7932662963867188,0.26001474261283875,3.84865665435791,0.17707668244838715,3.9441754817962646
1233,3,3,1,0.4367227256298065,3.681992530822754,0.2694166600704193,3.870267868041992,0.22157007455825806,3.940903902053833,0.15650908648967743,4.067872047424316
1234,3,3,1,0.44065138697624207,3.678880214691162,0.2742944657802582,3.8529207706451416,0.23320910334587097,3.9142844676971436,0.16220901906490326,4.040545463562012
1235,3,3,1,0.41145914793014526,3.6892402172088623,0.2646035850048065,3.8878490924835205,0.21204359829425812,3.945768117904663,0.14245854318141937,4.074846267700195
1236,3,3,1,0.4309530258178711,3.6823017597198486,0.2689532935619354,3.864060878753662,0.21987603604793549,3.927849531173706,0.15306122601032257,4.086718559265137
1237,3,3,1,0.4357386827468872,3.676746129989624,0.2730289399623871,3.850395917892456,0.23100684583187103,3.8993184566497803,0.15543287992477417,4.010514259338379
1238,3,3,1,0.3797183930873871,3.691999912261963,0.25862962007522583,3.9023849964141846,0.20336414873600006,3.9549195766448975,0.13928969204425812,4.070539474487305
1239,3,3,1,0.44008588790893555,3.684943437576294,0.2728296220302582,3.858596086502075,0.23812180757522583,3.9311599731445312,0.16966278851032257,4.027839660644531
1240,3,3,1,0.4289027452468872,3.6920220851898193,0.2679119408130646,3.880028247833252,0.2160893678665161,3.9535162448883057,0.15286192297935486,4.07979154586792
1241,3,3,1,0.4323406517505646,3.6874356269836426,0.269775390625,3.8668205738067627,0.22778818011283875,3.916050672531128,0.1577845960855484,4.045471668243408
1242,3,3,1,0.4396798312664032,3.685915946960449,0.27210718393325806,3.8567557334899902,0.22911351919174194,3.9327592849731445,0.16015625,4.060726642608643
1243,3,3,1,0.4068080186843872,3.696606159210205,0.2560586631298065,3.9146947860717773,0.1922532618045807,3.973513603210449,0.1340082883834839,4.098750591278076
1244,3,3,1,0.4322957992553711,3.6923820972442627,0.2677774131298065,3.879056215286255,0.22115154564380646,3.9428648948669434,0.15690767765045166,4.063000202178955
1245,3,3,1,0.44278886914253235,3.6835415363311768,0.2730887234210968,3.863309621810913,0.23267099261283875,3.93442964553833,0.16633449494838715,4.062664985656738
1246,3,3,1,0.47116896510124207,3.646054744720459,0.29019850492477417,3.7606449127197266,0.27137476205825806,3.807145833969116,0.18686224520206451,3.9307806491851807
1247,3,3,1,0.43522799015045166,3.657357692718506,0.2795161008834839,3.81862735748291,0.24293486773967743,3.851757764816284,0.16290657222270966,3.958159923553467
1248,3,3,1,0.4251086115837097,3.6932291984558105,0.2664022445678711,3.8904764652252197,0.21148556470870972,3.9558968544006348,0.14636479318141937,4.086056709289551
1249,3,3,1,0.4391292631626129,3.661876678466797,0.2783900499343872,3.814636468887329,0.2375139445066452,3.854583501815796,0.16041533648967743,3.964219093322754
1250,3,3,1,0.43530771136283875,3.676128625869751,0.2727549076080322,3.8544106483459473,0.22843590378761292,3.910966634750366,0.16159120202064514,4.023433685302734
1251,3,3,1,0.4303402006626129,3.6829028129577637,0.2698899805545807,3.867966413497925,0.2243403196334839,3.915382146835327,0.15341995656490326,4.025721073150635
1252,3,3,1,0.43059927225112915,3.6837878227233887,0.26996472477912903,3.8706235885620117,0.2283063530921936,3.9187726974487305,0.16468031704425812,4.06123685836792
1253,3,3,1,0.47157007455825806,3.6434662342071533,0.29137933254241943,3.760606050491333,0.2721022069454193,3.8060500621795654,0.18941326439380646,3.9200336933135986
1254,3,3,1,0.3992222249507904,3.689755439758301,0.2544543147087097,3.9134325981140137,0.18769928812980652,3.963315010070801,0.12484055757522583,4.119252681732178
1255,3,3,1,0.4423927664756775,3.6694672107696533,0.2764120101928711,3.824972629547119,0.2446986585855484,3.867445945739746,0.1677694469690323,3.9881207942962646
1256,3,3,1,0.42735570669174194,3.66678524017334,0.27201250195503235,3.8375096321105957,0.23129583895206451,3.8825557231903076,0.15593111515045166,4.005112648010254
1257,3,3,1,0.4596021771430969,3.664606809616089,0.28324297070503235,3.8080670833587646,0.2582509517669678,3.8718552589416504,0.18397241830825806,3.984508752822876
1258,3,3,1,0.43214136362075806,3.6849796772003174,0.2697654068470001,3.866335391998291,0.22129105031490326,3.9191696643829346,0.14945392310619354,4.055474281311035
1259,3,3,1,0.44683215022087097,3.6728627681732178,0.2745087146759033,3.8458480834960938,0.23282046616077423,3.9241139888763428,0.1591198891401291,4.049849510192871
1260,3,1,0,0.37668904662132263,3.6888418197631836,0.2573590874671936,3.8794262409210205,0.21865034103393555,3.901376247406006,0.15439651906490326,3.98050856590271
1261,3,3,1,0.4813257157802582,3.6273393630981445,0.2969547212123871,3.7262415885925293,0.2801438868045807,3.754455327987671,0.19310028851032257,3.90081524848938
1262,3,3,1,0.43839433789253235,3.6813979148864746,0.2723463475704193,3.871004819869995,0.22791773080825806,3.9469220638275146,0.16003666818141937,4.069987773895264
1263,3,3,1,0.4277592897415161,3.7012741565704346,0.2659936845302582,3.901135206222534,0.22163982689380646,3.9590864181518555,0.15720662474632263,4.06972599029541
1264,3,3,1,0.4382747709751129,3.685454845428467,0.2712501883506775,3.860968828201294,0.22871491312980652,3.9507668018341064,0.16228874027729034,4.081051349639893
1265,3,3,1,0.46651285886764526,3.646927833557129,0.28827527165412903,3.7739293575286865,0.26637235283851624,3.825296401977539,0.18773914873600006,3.9170913696289062
1266,3,3,1,0.4230882227420807,3.7041118144989014,0.26524633169174194,3.9033737182617188,0.216657355427742,3.9371721744537354,0.15435665845870972,4.0635247230529785
1267,3,3,1,0.44994866847991943,3.6647140979766846,0.2767857015132904,3.8254427909851074,0.23704560101032257,3.8738019466400146,0.16697224974632263,3.9843637943267822
1268,3,3,1,0.3998948633670807,3.679394006729126,0.25997987389564514,3.87736439704895,0.1987404227256775,3.939831495285034,0.1439134180545807,4.059271335601807
1269,3,3,1,0.42337968945503235,3.66168475151062,0.2673838138580322,3.8290319442749023,0.20337411761283875,3.886471748352051,0.1291055530309677,4.022537708282471
1270,3,3,1,0.44457510113716125,3.6790077686309814,0.27373644709587097,3.850527763366699,0.2375139445066452,3.917306423187256,0.16446109116077423,4.017450332641602
1271,3,3,1,0.4335663318634033,3.6792521476745605,0.2723662555217743,3.859489679336548,0.23581990599632263,3.9148952960968018,0.16778938472270966,4.038959503173828
1272,3,3,1,0.4375249147415161,3.6841013431549072,0.2706373631954193,3.8591811656951904,0.22827646136283875,3.9171032905578613,0.15818318724632263,4.035655975341797
1273,3,3,1,0.43346917629241943,3.686783790588379,0.268798828125,3.869784355163574,0.22521723806858063,3.910003900527954,0.1579241007566452,4.036345481872559
1274,3,3,1,0.47245195508003235,3.630000114440918,0.2938954830169678,3.742549180984497,0.2679966390132904,3.7739644050598145,0.18997129797935486,3.8956148624420166
1275,3,3,1,0.4462790787220001,3.6709165573120117,0.2771892845630646,3.834289073944092,0.23924784362316132,3.8785455226898193,0.16444116830825806,4.003272533416748
1276,3,3,1,0.4304373562335968,3.6821815967559814,0.27082669734954834,3.8634374141693115,0.22394171357154846,3.915320634841919,0.1550741344690323,4.049865245819092
1277,3,3,1,0.4261474609375,3.6940062046051025,0.26686063408851624,3.883457899093628,0.22403140366077423,3.965928316116333,0.15804368257522583,4.11084508895874
1278,3,2,0,0.43601271510124207,3.682737350463867,0.27052274346351624,3.8751449584960938,0.21458466351032257,3.9628493785858154,0.14423230290412903,4.08456563949585
1279,3,3,1,0.48292508721351624,3.6250038146972656,0.29899752140045166,3.7129311561584473,0.2886240482330322,3.752002477645874,0.19959741830825806,3.8743884563446045
1280,3,3,1,0.4286486506462097,3.688718557357788,0.2690678834915161,3.8797104358673096,0.21867027878761292,3.937978506088257,0.15909996628761292,4.057747840881348
1281,3,3,1,0.43934351205825806,3.6681768894195557,0.2754852771759033,3.839449405670166,0.22333386540412903,3.9134838581085205,0.14897559583187103,4.051772594451904
1282,3,3,1,0.4465680718421936,3.680105447769165,0.2746482193470001,3.8483755588531494,0.23230229318141937,3.9185397624969482,0.15810346603393555,4.03995943069458
1283,3,3,1,0.4395826458930969,3.678394079208374,0.27296414971351624,3.85426664352417,0.22874481976032257,3.9218907356262207,0.1605747789144516,4.053121566772461
1284,3,3,1,0.4385189116001129,3.6808066368103027,0.27108079195022583,3.863050699234009,0.22256655991077423,3.9124691486358643,0.15427693724632263,4.030099391937256
1285,3,3,1,0.44351133704185486,3.6755080223083496,0.2746681571006775,3.8447766304016113,0.23105667531490326,3.877603769302368,0.1603754758834839,3.9886913299560547
1286,3,3,1,0.40083155035972595,3.6875455379486084,0.2660684287548065,3.877586603164673,0.21963687241077423,3.932670831680298,0.14937420189380646,4.0425615310668945
1287,3,3,1,0.46341875195503235,3.651397705078125,0.2859484553337097,3.7874927520751953,0.2632732689380646,3.8754353523254395,0.18176020681858063,4.002960681915283
1288,3,3,1,0.43021315336227417,3.6812803745269775,0.26931700110435486,3.8757145404815674,0.22241708636283875,3.9331541061401367,0.15585139393806458,4.04961633682251
1289,3,3,1,0.42686742544174194,3.6680030822753906,0.2735421359539032,3.8390376567840576,0.22613400220870972,3.902965784072876,0.15226402878761292,4.043979167938232
1290,3,3,1,0.4572429955005646,3.664984941482544,0.28324297070503235,3.807680130004883,0.25583943724632263,3.868232488632202,0.17904974520206451,3.980186939239502
1291,3,3,1,0.4258435368537903,3.676758050918579,0.2697405219078064,3.8688905239105225,0.2119240164756775,3.9228851795196533,0.14923469722270966,4.070245742797852
1292,3,3,1,0.42203691601753235,3.6874427795410156,0.263671875,3.8874337673187256,0.2109474539756775,3.9510605335235596,0.1525629758834839,4.065577983856201
1293,3,3,1,0.4252406358718872,3.68015456199646,0.26628267765045166,3.8674874305725098,0.22039420902729034,3.939051389694214,0.15561224520206451,4.062756061553955
1294,3,3,1,0.4625592827796936,3.6602773666381836,0.28649652004241943,3.7869949340820312,0.26461854577064514,3.846808433532715,0.18375319242477417,3.9750542640686035
1295,3,3,1,0.43115234375,3.6792185306549072,0.27071207761764526,3.8644654750823975,0.22372248768806458,3.9257938861846924,0.15425701439380646,4.045219421386719
1296,3,3,1,0.41562947630882263,3.6690242290496826,0.26342275738716125,3.8612446784973145,0.1931401491165161,3.926684617996216,0.12183114886283875,4.109438896179199
1297,3,3,1,0.43050462007522583,3.6651082038879395,0.2727549076080322,3.8343167304992676,0.22134087979793549,3.881730556488037,0.15043048560619354,4.0165605545043945
1298,3,3,1,0.4452526867389679,3.669553756713867,0.27683553099632263,3.836327075958252,0.23492306470870972,3.8896713256835938,0.1649792641401291,4.019449234008789
1299,3,3,1,0.4439248740673065,3.6773366928100586,0.27498704195022583,3.8430721759796143,0.23712530732154846,3.904857873916626,0.16960299015045166,3.9992949962615967
1300,3,3,1,0.41701459884643555,3.698667287826538,0.26354730129241943,3.9042820930480957,0.21660754084587097,3.9680728912353516,0.1605149805545807,4.081202030181885
1301,3,3,1,0.4349863529205322,3.6845543384552,0.27001953125,3.8678267002105713,0.22485849261283875,3.909771680831909,0.15870137512683868,4.037548542022705
1302,3,3,1,0.43993890285491943,3.6791584491729736,0.2722417116165161,3.848407745361328,0.2338269203901291,3.9130194187164307,0.16334502398967743,4.033796787261963
1303,3,3,1,0.4294857084751129,3.693188428878784,0.26924723386764526,3.887322187423706,0.22373245656490326,3.951540946960449,0.15963807702064514,4.0676655769348145
1304,3,3,1,0.46409887075424194,3.6390578746795654,0.28839483857154846,3.7603399753570557,0.2632533311843872,3.801536798477173,0.189313605427742,3.8731446266174316
1305,3,3,1,0.4677211046218872,3.654961109161377,0.28833505511283875,3.7783308029174805,0.2682856321334839,3.8415110111236572,0.1845105141401291,3.9714841842651367
1306,3,3,1,0.43671026825904846,3.685697078704834,0.27187299728393555,3.8608474731445312,0.22814692556858063,3.9203755855560303,0.1619100719690323,4.0388970375061035
1307,3,3,1,0.4230259358882904,3.6597647666931152,0.2793317437171936,3.8161532878875732,0.2451171875,3.8471827507019043,0.16737085580825806,3.977018356323242
1308,3,3,1,0.47059351205825806,3.6466808319091797,0.28975504636764526,3.762909412384033,0.2704181373119354,3.8262150287628174,0.18397241830825806,3.951467990875244
1309,3,3,1,0.4404321610927582,3.67899751663208,0.2733926475048065,3.8462393283843994,0.23527184128761292,3.917534828186035,0.16487962007522583,4.031064987182617
1310,3,3,1,0.43775659799575806,3.681241035461426,0.2717783451080322,3.8616604804992676,0.23241190612316132,3.9153196811676025,0.16206951439380646,4.05250883102417
1311,3,3,1,0.3806849718093872,3.682671308517456,0.25456392765045166,3.873483180999756,0.23272082209587097,3.9521708488464355,0.15979750454425812,4.0714640617370605
1312,3,3,1,0.44638869166374207,3.684112310409546,0.2732630968093872,3.8543896675109863,0.23767338693141937,3.9323298931121826,0.1633051633834839,4.045765399932861
1313,3,3,1,0.3992222249507904,3.689755439758301,0.2544543147087097,3.9134325981140137,0.18769928812980652,3.963315010070801,0.12484055757522583,4.119252681732178
1314,3,3,1,0.46325433254241943,3.6564364433288574,0.2869897782802582,3.7879514694213867,0.2614995241165161,3.846848487854004,0.18032525479793549,3.973585367202759
1315,3,3,1,0.422572523355484,3.6818432807922363,0.2660236060619354,3.878408670425415,0.20582549273967743,3.933962821960449,0.14590640366077423,4.064062118530273
1316,3,3,1,0.44421136379241943,3.658078670501709,0.2794015109539032,3.8117411136627197,0.23834103345870972,3.84409236907959,0.16324537992477417,3.9486021995544434
1317,3,3,1,0.44259706139564514,3.6836633682250977,0.2731485068798065,3.851409912109375,0.23565050959587097,3.9169907569885254,0.1657963991165161,4.042553424835205
1318,3,3,1,0.4766845703125,3.6348636150360107,0.29481226205825806,3.7365050315856934,0.28002431988716125,3.775310516357422,0.19431599974632263,3.8787691593170166
1319,3,3,1,0.44638869166374207,3.684112310409546,0.2732630968093872,3.8543896675109863,0.23767338693141937,3.9323298931121826,0.1633051633834839,4.045765399932861
1320,3,3,1,0.4424351155757904,3.6722636222839355,0.2749372124671936,3.834961414337158,0.236676886677742,3.88189959526062,0.16543765366077423,3.9857847690582275
1321,3,3,1,0.4592633843421936,3.6536083221435547,0.28408998250961304,3.7942054271698,0.2569156587123871,3.8596694469451904,0.17853157222270966,3.9754409790039062
1322,3,3,1,0.46866777539253235,3.647881507873535,0.2889479100704193,3.7702481746673584,0.26776745915412903,3.832495927810669,0.18453045189380646,3.9652230739593506
1323,3,0,0,0.4629504084587097,3.6497321128845215,0.2878069281578064,3.7758984565734863,0.2567562162876129,3.8255064487457275,0.17594069242477417,3.974512815475464
1324,3,3,1,0.41113778948783875,3.673267364501953,0.26696527004241943,3.868927478790283,0.20918366312980652,3.893435478210449,0.14030611515045166,4.025000095367432
1325,3,3,1,0.4296600818634033,3.6701841354370117,0.27335280179977417,3.847219467163086,0.22905372083187103,3.8889758586883545,0.15469546616077423,4.003091812133789
1326,3,3,1,0.4659946858882904,3.6533141136169434,0.2895358204841614,3.772693634033203,0.2700095474720001,3.827465295791626,0.18692202866077423,3.9720652103424072
1327,3,3,1,0.3994837999343872,3.6868343353271484,0.2625109553337097,3.878755569458008,0.22403140366077423,3.9306557178497314,0.15975764393806458,4.0506486892700195
1328,3,3,1,0.4663185477256775,3.6527907848358154,0.28858914971351624,3.7818408012390137,0.26773756742477417,3.8300209045410156,0.1854870766401291,3.9543354511260986
1329,3,3,1,0.42504632472991943,3.6828744411468506,0.2668108344078064,3.8788421154022217,0.21091756224632263,3.9310214519500732,0.14429208636283875,4.044889450073242
1330,3,3,1,0.36154982447624207,3.6823859214782715,0.2571398615837097,3.866515636444092,0.2400251030921936,3.8954622745513916,0.17325015366077423,3.9440929889678955
1331,3,3,1,0.46279844641685486,3.654160261154175,0.28621751070022583,3.792375326156616,0.2543247640132904,3.860473394393921,0.1745854616165161,3.981621026992798
1332,3,3,1,0.4502725303173065,3.660423994064331,0.2797054350376129,3.8081512451171875,0.2427455335855484,3.852504014968872,0.17338965833187103,3.968850612640381
1333,3,3,1,0.4352429211139679,3.6731784343719482,0.27186304330825806,3.846308946609497,0.22562579810619354,3.891970634460449,0.16129225492477417,4.014580726623535
1334,3,3,1,0.4330107867717743,3.685152053833008,0.26925721764564514,3.864103078842163,0.2268315553665161,3.915828227996826,0.159040167927742,4.027694225311279
1335,3,0,0,0.43194204568862915,3.6633388996124268,0.2761678695678711,3.817366600036621,0.2296316921710968,3.8766705989837646,0.15347975492477417,4.035449981689453
1336,3,3,1,0.42432886362075806,3.66044545173645,0.27568957209587097,3.8120436668395996,0.23921795189380646,3.8540780544281006,0.16103315353393555,3.975990056991577
1337,3,3,1,0.44635382294654846,3.674739122390747,0.27614298462867737,3.840120553970337,0.24085219204425812,3.8925528526306152,0.16806839406490326,3.9973912239074707
1338,3,3,1,0.4783686399459839,3.6311497688293457,0.29591336846351624,3.732400417327881,0.27877870202064514,3.773341417312622,0.19290098547935486,3.8948237895965576
1339,3,3,1,0.4472581446170807,3.6650588512420654,0.27915236353874207,3.814464569091797,0.24929247796535492,3.8596954345703125,0.17221380770206451,3.995370864868164
1340,3,3,1,0.41520845890045166,3.6963725090026855,0.2636270225048065,3.8948233127593994,0.22023476660251617,3.947875738143921,0.15365912020206451,4.058236122131348
1341,3,3,1,0.4604591727256775,3.661773920059204,0.2838857173919678,3.798444986343384,0.2557298243045807,3.8734753131866455,0.17691725492477417,4.015883922576904
1342,3,3,1,0.4655661880970001,3.6517748832702637,0.2867456376552582,3.7794651985168457,0.2621472477912903,3.8256356716156006,0.18227837979793549,3.9418325424194336
1343,3,3,1,0.43038004636764526,3.665271759033203,0.2764469087123871,3.8246161937713623,0.2395268678665161,3.865915060043335,0.16729113459587097,3.978675127029419
1344,3,3,1,0.44088059663772583,3.6751821041107178,0.27546536922454834,3.8463833332061768,0.22967155277729034,3.9174766540527344,0.15810346603393555,4.03592586517334
1345,3,3,1,0.40799635648727417,3.6902053356170654,0.26250597834587097,3.8878068923950195,0.21818199753761292,3.954921245574951,0.14929448068141937,4.067948341369629
1346,3,3,1,0.4349539577960968,3.6898977756500244,0.2705078125,3.8701465129852295,0.2258549928665161,3.9403486251831055,0.1565290093421936,4.066590309143066
1347,3,3,1,0.4268698990345001,3.694955825805664,0.2657296359539032,3.8904619216918945,0.22165974974632263,3.9634509086608887,0.16105309128761292,4.058656215667725
1348,3,3,1,0.39718690514564514,3.685305595397949,0.2544642686843872,3.8864152431488037,0.21183434128761292,3.948819160461426,0.13917012512683868,4.089359760284424
1349,3,3,1,0.4611093997955322,3.662515640258789,0.28372129797935486,3.805967330932617,0.25567004084587097,3.8703277111053467,0.1764787882566452,3.970412254333496
1350,3,3,1,0.46220552921295166,3.6564924716949463,0.2853505611419678,3.7922682762145996,0.25842034816741943,3.8422088623046875,0.1810825914144516,3.9629099369049072
1351,3,3,1,0.4303950071334839,3.687869071960449,0.2666712999343872,3.8787975311279297,0.2133888602256775,3.9567105770111084,0.1509486585855484,4.062318325042725
1352,3,3,1,0.43113240599632263,3.691725492477417,0.26922231912612915,3.875633955001831,0.22505779564380646,3.951472282409668,0.1586216539144516,4.053398609161377
1353,3,3,1,0.4581996202468872,3.6606333255767822,0.28517118096351624,3.795806646347046,0.25465360283851624,3.8265700340270996,0.1779536008834839,3.9220516681671143
1354,3,3,1,0.37380918860435486,3.6785404682159424,0.26303908228874207,3.8547723293304443,0.24836574494838715,3.9013400077819824,0.16856664419174194,3.995743751525879
1355,3,3,1,0.42007383704185486,3.6825602054595947,0.2677873969078064,3.8831355571746826,0.21112683415412903,3.9311370849609375,0.14245854318141937,4.069809913635254
1356,3,3,1,0.4266855716705322,3.676701307296753,0.2713797390460968,3.856334924697876,0.2264329493045807,3.9000132083892822,0.1593191921710968,4.00988245010376
1357,3,3,1,0.4093042314052582,3.6915178298950195,0.26439931988716125,3.89013671875,0.21318957209587097,3.9333457946777344,0.15236367285251617,4.017004489898682
1358,3,3,1,0.38054049015045166,3.6814770698547363,0.2661381959915161,3.867396831512451,0.22987085580825806,3.902982473373413,0.15636958181858063,3.991715431213379
1359,3,3,1,0.4693453907966614,3.650311231613159,0.28994935750961304,3.773653745651245,0.2693120241165161,3.828387498855591,0.18504862487316132,3.9407646656036377
1360,3,3,1,0.4444604814052582,3.6765763759613037,0.27419981360435486,3.8375155925750732,0.23413583636283875,3.899259567260742,0.16041533648967743,4.035532474517822
1361,3,3,1,0.4359380006790161,3.686957359313965,0.2706224024295807,3.8642547130584717,0.22933274507522583,3.91996169090271,0.16055484116077423,4.043942451477051
1362,3,3,1,0.47769102454185486,3.633505344390869,0.2947474718093872,3.7371063232421875,0.27682557702064514,3.7673146724700928,0.18997129797935486,3.895824670791626
1363,3,3,1,0.4329684376716614,3.6835618019104004,0.2698800265789032,3.8751060962677,0.21741469204425812,3.9591622352600098,0.1510881632566452,4.0922040939331055
1364,3,3,1,0.43878546357154846,3.681715965270996,0.2714594602584839,3.851531744003296,0.22993063926696777,3.904264450073242,0.16119259595870972,3.9967854022979736
1365,3,3,1,0.43751493096351624,3.6778762340545654,0.2725755274295807,3.8571114540100098,0.22365273535251617,3.904829740524292,0.15064971148967743,4.018520832061768
1366,3,3,1,0.4684435725212097,3.6501965522766113,0.28947603702545166,3.772216320037842,0.2731485068798065,3.834482431411743,0.1897321343421936,3.9298319816589355
1367,3,3,1,0.43625935912132263,3.6840415000915527,0.2707967758178711,3.862870216369629,0.22860530018806458,3.9141712188720703,0.15927933156490326,4.035410404205322
1368,3,3,1,0.409443736076355,3.6817784309387207,0.2640654742717743,3.87052583694458,0.2089245766401291,3.9227797985076904,0.14819833636283875,4.022458076477051
1369,3,3,1,0.4398193359375,3.6818296909332275,0.27217692136764526,3.856884002685547,0.2325613796710968,3.9199588298797607,0.1638432741165161,4.046831130981445
1370,3,3,1,0.41810327768325806,3.6732051372528076,0.2699398100376129,3.8550333976745605,0.22334381937980652,3.91357684135437,0.1509486585855484,4.052944183349609
1371,3,3,1,0.4407983720302582,3.686939001083374,0.2729741334915161,3.8690199851989746,0.2295021414756775,3.9363467693328857,0.15784437954425812,4.0539140701293945
1372,3,3,1,0.43020814657211304,3.679748058319092,0.26950135827064514,3.8717691898345947,0.21683673560619354,3.902022123336792,0.15334023535251617,4.024694442749023
1373,3,3,1,0.42981454730033875,3.6820919513702393,0.26898816227912903,3.8698575496673584,0.2202845960855484,3.919750213623047,0.15389826893806458,4.02201509475708
1374,3,3,1,0.4407161772251129,3.676762342453003,0.27167370915412903,3.8565638065338135,0.22843590378761292,3.924489736557007,0.16115273535251617,4.03957462310791
1375,3,3,1,0.4102334678173065,3.6793911457061768,0.2596510350704193,3.8763840198516846,0.20448023080825806,3.9354288578033447,0.1403459757566452,4.056518077850342
1376,3,3,1,0.44419392943382263,3.677750825881958,0.27443400025367737,3.848057270050049,0.2394670695066452,3.906454086303711,0.169782355427742,4.023124694824219
1377,3,3,1,0.4456537961959839,3.678431987762451,0.27414003014564514,3.8465495109558105,0.2341657280921936,3.919102907180786,0.16216915845870972,4.036131381988525
1378,3,3,1,0.3940006196498871,3.691574811935425,0.2559739649295807,3.9018394947052,0.20858576893806458,3.9714791774749756,0.14219945669174194,4.08997917175293
1379,3,3,1,0.4603371024131775,3.6535396575927734,0.2834821343421936,3.7892820835113525,0.2557397782802582,3.8514649868011475,0.1765385866165161,3.9933393001556396
1380,3,3,1,0.42598551511764526,3.6851701736450195,0.2669254243373871,3.8829448223114014,0.21179448068141937,3.953279495239258,0.14437180757522583,4.064190864562988
1381,3,2,0,0.4260278642177582,3.674079418182373,0.2646035850048065,3.8718812465667725,0.19677734375,3.9524991512298584,0.134765625,4.0726118087768555
1382,3,3,1,0.45782095193862915,3.6633129119873047,0.28246572613716125,3.8027939796447754,0.24999003112316132,3.8572967052459717,0.1718152016401291,3.9916481971740723
1383,3,3,1,0.42740553617477417,3.6754562854766846,0.2668008506298065,3.874635934829712,0.19666773080825806,3.921057939529419,0.1365792453289032,4.061141014099121
1384,3,3,1,0.45085299015045166,3.6538050174713135,0.2825304865837097,3.8001763820648193,0.25029894709587097,3.859184741973877,0.17739556729793549,4.006965637207031
1385,3,3,1,0.41245314478874207,3.690176486968994,0.2617884874343872,3.8928475379943848,0.21341876685619354,3.9620862007141113,0.156110480427742,4.075322151184082
1386,3,3,1,0.44152334332466125,3.6723203659057617,0.27575433254241943,3.8331737518310547,0.2411411851644516,3.8821024894714355,0.17042012512683868,3.987136125564575
1387,3,3,1,0.42774930596351624,3.6842727661132812,0.26718947291374207,3.8817737102508545,0.21606943011283875,3.926670551300049,0.15282206237316132,4.0404276847839355
1388,3,3,1,0.4750029742717743,3.6356375217437744,0.29457807540893555,3.747492551803589,0.2731684446334839,3.800787925720215,0.18965241312980652,3.913724184036255
1389,3,1,0,0.39483267068862915,3.650808572769165,0.2784448564052582,3.7998926639556885,0.24620336294174194,3.8366050720214844,0.1784319132566452,3.895677328109741
1390,3,3,1,0.4443807601928711,3.683318614959717,0.27446886897087097,3.857389211654663,0.23805205523967743,3.935242176055908,0.16619499027729034,4.065595626831055
1391,3,3,1,0.4646892845630646,3.6538357734680176,0.2864566743373871,3.7874350547790527,0.26041334867477417,3.854360342025757,0.18050462007522583,3.9587059020996094
1392,3,3,1,0.43791353702545166,3.6841201782226562,0.2712751030921936,3.8577122688293457,0.22849568724632263,3.934016466140747,0.16260762512683868,4.05932092666626
1393,3,3,1,0.4416528642177582,3.676105499267578,0.27381616830825806,3.8570311069488525,0.22863520681858063,3.9197611808776855,0.16167090833187103,4.047830581665039
1394,3,3,1,0.4368572533130646,3.688220739364624,0.27093130350112915,3.873457431793213,0.2219686657190323,3.9309091567993164,0.15483497083187103,4.037842750549316
1395,3,3,1,0.4178566336631775,3.666579246520996,0.26861944794654846,3.845306396484375,0.22298508882522583,3.8862671852111816,0.15124760568141937,4.002899169921875
1396,3,3,1,0.4274827539920807,3.693213701248169,0.2666712999343872,3.886439323425293,0.21913862228393555,3.950343370437622,0.15045040845870972,4.057226181030273
1397,3,3,1,0.43762704730033875,3.696636199951172,0.2695810794830322,3.8867409229278564,0.22673189640045166,3.949984550476074,0.15818318724632263,4.068161964416504
1398,3,3,1,0.44361597299575806,3.6714513301849365,0.27422472834587097,3.8460519313812256,0.22864516079425812,3.9118762016296387,0.1572265625,4.054886341094971
1399,3,3,1,0.4072788655757904,3.668287515640259,0.2748574912548065,3.8310160636901855,0.2380022257566452,3.851574182510376,0.16968271136283875,3.9318768978118896
1400,3,3,1,0.4597940146923065,3.661696434020996,0.2852807939052582,3.800199031829834,0.2626953125,3.8453075885772705,0.18279655277729034,3.986698627471924
1401,3,3,1,0.430419921875,3.6906189918518066,0.2684151828289032,3.8803088665008545,0.22598452866077423,3.9380898475646973,0.16013631224632263,4.026508808135986
1402,3,3,1,0.4137859642505646,3.659560441970825,0.27320829033851624,3.832366704940796,0.22018493711948395,3.850153923034668,0.15023118257522583,3.965507984161377
1403,3,3,1,0.44461745023727417,3.6785619258880615,0.2735869586467743,3.8528683185577393,0.2292131632566452,3.903008460998535,0.15585139393806458,4.016496181488037
1404,3,3,1,0.42619478702545166,3.6894924640655518,0.26723432540893555,3.883042812347412,0.22080276906490326,3.920525312423706,0.15746571123600006,4.034552574157715
1405,3,3,1,0.4735281765460968,3.640289783477783,0.29189252853393555,3.756793737411499,0.26475805044174194,3.783205986022949,0.18682238459587097,3.9213783740997314
1406,3,3,1,0.4682343006134033,3.6476192474365234,0.2890874147415161,3.766101837158203,0.26529616117477417,3.816624641418457,0.18542729318141937,3.9097163677215576
1407,3,3,1,0.3642428517341614,3.6827096939086914,0.24513711035251617,3.910792589187622,0.2004145383834839,3.992840051651001,0.13677853345870972,4.093982219696045
1408,3,3,1,0.4285639524459839,3.687703847885132,0.26524633169174194,3.8810014724731445,0.2204340696334839,3.938248634338379,0.15860171616077423,4.085574150085449
1409,3,3,1,0.43461763858795166,3.6767492294311523,0.27128008008003235,3.8486785888671875,0.22835618257522583,3.8783819675445557,0.1537388414144516,3.983017921447754
1410,3,3,1,0.4301309287548065,3.687955379486084,0.2684600055217743,3.880143165588379,0.21656768023967743,3.928173780441284,0.14618542790412903,4.054669380187988
1411,3,3,1,0.4679727256298065,3.6457934379577637,0.28998425602912903,3.7648322582244873,0.2682059109210968,3.830763578414917,0.18845662474632263,3.9488155841827393
1412,3,3,1,0.3857870101928711,3.675509214401245,0.25531628727912903,3.8838086128234863,0.20409159362316132,3.941018581390381,0.13612085580825806,4.060175895690918
1413,3,0,0,0.43554437160491943,3.6695780754089355,0.27723413705825806,3.830919027328491,0.23383688926696777,3.888732671737671,0.16454081237316132,4.012839317321777
1414,3,3,1,0.42417439818382263,3.669771671295166,0.2703234553337097,3.858096122741699,0.21286073327064514,3.901315450668335,0.1453085094690323,4.030311107635498
1415,3,3,1,0.47666212916374207,3.6295366287231445,0.29552972316741943,3.7365715503692627,0.2744040787220001,3.7700185775756836,0.19200414419174194,3.8753373622894287
1416,3,3,1,0.4436807334423065,3.6789615154266357,0.27473294734954834,3.8449764251708984,0.23798230290412903,3.9234988689422607,0.16290657222270966,4.039148330688477
1417,3,3,1,0.46343618631362915,3.659189224243164,0.2859235405921936,3.790419340133667,0.2630939185619354,3.8577380180358887,0.18482939898967743,3.9735820293426514
1418,3,3,1,0.4374401867389679,3.6879186630249023,0.2697853446006775,3.8777217864990234,0.22361287474632263,3.965329885482788,0.15810346603393555,4.084331512451172
1419,3,3,1,0.40782445669174194,3.676342725753784,0.2659588158130646,3.863373279571533,0.21207349002361298,3.918992519378662,0.13837292790412903,4.059340476989746
1420,3,3,1,0.40734365582466125,3.6811163425445557,0.2612404227256775,3.883544445037842,0.2088548243045807,3.9517152309417725,0.14219945669174194,4.081569671630859
1421,3,3,1,0.44772401452064514,3.6666648387908936,0.2763771414756775,3.82684326171875,0.23543128371238708,3.872809648513794,0.16310586035251617,3.9959676265716553
1422,3,3,1,0.4361572265625,3.6747660636901855,0.2698202133178711,3.848229169845581,0.22640305757522583,3.880809783935547,0.15557238459587097,4.004996299743652
1423,3,3,1,0.4376046359539032,3.6898062229156494,0.27193278074264526,3.8708269596099854,0.22979113459587097,3.9343886375427246,0.16272719204425812,4.039314270019531
1424,3,3,1,0.4277791976928711,3.6937408447265625,0.2660435140132904,3.893437623977661,0.2150530070066452,3.956165075302124,0.15306122601032257,4.062239646911621
1425,3,3,1,0.4680674076080322,3.6470837593078613,0.2900041937828064,3.7720813751220703,0.26412028074264526,3.8202226161956787,0.1864636391401291,3.9221889972686768
1426,3,3,1,0.43817761540412903,3.6845037937164307,0.27118542790412903,3.8673110008239746,0.22451968491077423,3.9307620525360107,0.15104830265045166,4.047763347625732
1427,3,3,1,0.4246302843093872,3.6969552040100098,0.2666513919830322,3.8957173824310303,0.21193398535251617,3.9348785877227783,0.14658401906490326,4.089055061340332
1428,3,3,1,0.4318249523639679,3.675541400909424,0.2707071006298065,3.8593461513519287,0.2156210094690323,3.9149181842803955,0.1470424085855484,4.047302722930908
1429,3,3,1,0.40649911761283875,3.6898856163024902,0.25816625356674194,3.900569438934326,0.1919044852256775,3.9620418548583984,0.13038106262683868,4.099358081817627
1430,3,3,1,0.4386758506298065,3.6814887523651123,0.2709811329841614,3.8557376861572266,0.22778818011283875,3.911807060241699,0.15632972121238708,4.050356864929199
1431,3,3,1,0.4671007990837097,3.6380815505981445,0.2906070649623871,3.7550320625305176,0.2713946998119354,3.801542043685913,0.18837690353393555,3.9139864444732666
1432,3,3,1,0.4282076954841614,3.6946640014648438,0.2633330523967743,3.899928092956543,0.2059849351644516,3.94804310798645,0.13855229318141937,4.086450099945068
1433,3,3,1,0.4155198633670807,3.681185722351074,0.2635522782802582,3.8832805156707764,0.20286591351032257,3.921603202819824,0.13548310101032257,4.035892963409424
1434,3,3,1,0.4221639633178711,3.673893451690674,0.2703234553337097,3.849175214767456,0.22937260568141937,3.900947093963623,0.16830755770206451,3.990053176879883
