index,label,prediction,correct,rate_layer1,com_layer1,rate_layer2,com_layer2,rate_layer3,com_layer3,rate_layer4,com_layer4
0,0,0,1,0.23753885924816132,3.5940325260162354,0.12007234245538712,3.7842648029327393,0.22546635568141937,3.8492441177368164,0.1492147594690323,3.8251636028289795
1,0,0,1,0.22946976125240326,3.6099815368652344,0.11906090378761292,3.842944383621216,0.2004045695066452,3.8907065391540527,0.1251395046710968,3.9092211723327637
2,0,0,1,0.23792250454425812,3.5962576866149902,0.13065509498119354,3.787552833557129,0.22047393023967743,3.8461921215057373,0.1422991007566452,3.7974789142608643
3,0,0,1,0.24187609553337097,3.578570604324341,0.1236049085855484,3.743832588195801,0.2390585094690323,3.8175907135009766,0.1568080335855484,3.7874937057495117
4,0,0,1,0.2441505789756775,3.5742928981781006,0.1261609047651291,3.7202322483062744,0.2465919852256775,3.7777013778686523,0.16109295189380646,3.739576816558838
5,0,0,1,0.2395119071006775,3.5832934379577637,0.12358996272087097,3.7577505111694336,0.23455436527729034,3.833885669708252,0.15045040845870972,3.8153398036956787
6,0,0,1,0.23354043066501617,3.605952262878418,0.12668904662132263,3.810516357421875,0.20804767310619354,3.856739044189453,0.13390864431858063,3.8404524326324463
7,0,0,1,0.23470383882522583,3.601314067840576,0.121756412088871,3.811269760131836,0.2193777859210968,3.8567795753479004,0.14672352373600006,3.846916675567627
8,0,0,1,0.22664222121238708,3.617690324783325,0.11291254311800003,3.8742828369140625,0.1923230141401291,3.9225387573242188,0.1229073628783226,3.915193796157837
9,0,0,1,0.2384381890296936,3.588344097137451,0.12556800246238708,3.788072347640991,0.22688136994838715,3.843684196472168,0.14907525479793549,3.826871633529663
10,0,0,1,0.24055075645446777,3.582742214202881,0.12529397010803223,3.7569093704223633,0.22917330265045166,3.8082876205444336,0.14510920643806458,3.7993407249450684
11,0,0,1,0.24348792433738708,3.5772576332092285,0.12549825012683868,3.7338414192199707,0.2373744398355484,3.7954325675964355,0.1519252210855484,3.797848701477051
12,0,0,1,0.22324417531490326,3.6253514289855957,0.11095941811800003,3.9024696350097656,0.1813616007566452,3.9546704292297363,0.11666931957006454,4.009395122528076
13,0,0,1,0.23999521136283875,3.5879006385803223,0.1227678582072258,3.771103858947754,0.22819674015045166,3.8248472213745117,0.14518892765045166,3.8177075386047363
14,0,0,1,0.24002012610435486,3.59062123298645,0.13271783292293549,3.7753500938415527,0.2257951945066452,3.826073408126831,0.14395327866077423,3.7950990200042725
15,0,0,1,0.23933503031730652,3.588439702987671,0.12327108532190323,3.7586193084716797,0.231305792927742,3.8253488540649414,0.14971300959587097,3.781416416168213
16,0,0,1,0.22896404564380646,3.6101644039154053,0.11361008882522583,3.8335232734680176,0.20181958377361298,3.8693032264709473,0.13129782676696777,3.829538583755493
17,0,0,1,0.24105896055698395,3.5842833518981934,0.1232561394572258,3.7524051666259766,0.2352220118045807,3.8138530254364014,0.15258289873600006,3.8078629970550537
18,0,0,1,0.2420305460691452,3.5831215381622314,0.1268933266401291,3.746701717376709,0.23681640625,3.7980644702911377,0.15007174015045166,3.788313388824463
19,0,0,1,0.22859284281730652,3.616953134536743,0.12417788803577423,3.8634192943573,0.18824736773967743,3.904451847076416,0.12209024280309677,3.907933473587036
20,0,0,1,0.2243826687335968,3.627518892288208,0.12663424015045166,3.8801541328430176,0.1763392835855484,3.9044981002807617,0.11367984116077423,3.9153225421905518
21,0,0,1,0.23639538884162903,3.5940394401550293,0.12658442556858063,3.78205943107605,0.22469905018806458,3.8281075954437256,0.1474609375,3.810650110244751
22,0,0,1,0.23924784362316132,3.5857491493225098,0.12347536534070969,3.7499797344207764,0.23174425959587097,3.7937307357788086,0.15186543762683868,3.765091896057129
23,0,0,1,0.23951689898967743,3.584238290786743,0.12215999513864517,3.757239580154419,0.23520208895206451,3.8048129081726074,0.15355946123600006,3.759636640548706
24,0,0,1,0.23361517488956451,3.602602005004883,0.12190588563680649,3.822413921356201,0.20820710062980652,3.8865225315093994,0.1325334757566452,3.885714292526245
25,0,0,1,0.22985590994358063,3.618656873703003,0.13035115599632263,3.842252016067505,0.19930842518806458,3.8911054134368896,0.13056042790412903,3.8655166625976562
26,0,0,1,0.22554108500480652,3.621556520462036,0.12240413576364517,3.873366594314575,0.19446547329425812,3.936100482940674,0.12775032222270966,3.9123244285583496
27,0,0,1,0.24183374643325806,3.5815253257751465,0.1260911524295807,3.74900221824646,0.24153977632522583,3.8132760524749756,0.15579161047935486,3.7708840370178223
28,0,0,1,0.24162447452545166,3.590050458908081,0.1360311657190323,3.756464719772339,0.2309669852256775,3.8202173709869385,0.14943398535251617,3.7958121299743652
29,0,0,1,0.22179676592350006,3.6277475357055664,0.1246512234210968,3.886521816253662,0.1860451102256775,3.934654474258423,0.12284757196903229,3.953601598739624
30,0,0,1,0.23875458538532257,3.5899956226348877,0.12490034848451614,3.773895025253296,0.23206312954425812,3.8381569385528564,0.15397799015045166,3.795236825942993
31,0,0,1,0.24157464504241943,3.5827369689941406,0.12455655634403229,3.745069742202759,0.2360491007566452,3.7991809844970703,0.15204480290412903,3.7883076667785645
32,0,0,1,0.22517737746238708,3.6223835945129395,0.12097915261983871,3.871957540512085,0.18315528333187103,3.8909685611724854,0.12274792790412903,3.9184932708740234
33,0,0,1,0.24028918147087097,3.593287944793701,0.13590660691261292,3.7773215770721436,0.22589483857154846,3.8269002437591553,0.1434948891401291,3.7961111068725586
34,0,0,1,0.24265335500240326,3.580803394317627,0.12686842679977417,3.7330243587493896,0.24224728345870972,3.7839572429656982,0.15347975492477417,3.7750940322875977
35,0,0,1,0.22766362130641937,3.6252927780151367,0.13024653494358063,3.864542245864868,0.18866589665412903,3.9029736518859863,0.12529894709587097,3.8853189945220947
36,0,0,1,0.22853554785251617,3.615036725997925,0.11998265981674194,3.854823350906372,0.19839166104793549,3.90411376953125,0.12826849520206451,3.907395839691162
37,0,0,1,0.24109135568141937,3.5869016647338867,0.12994259595870972,3.752760648727417,0.23377710580825806,3.801278829574585,0.15003187954425812,3.803666353225708
38,0,0,1,0.2356056571006775,3.5975003242492676,0.12197066098451614,3.798447608947754,0.2251674085855484,3.8599750995635986,0.1467633843421936,3.840304136276245
39,0,0,1,0.23152253031730652,3.613095283508301,0.13325095176696777,3.8367483615875244,0.19429607689380646,3.883218765258789,0.12460140138864517,3.8470888137817383
40,0,0,1,0.2347935289144516,3.598707675933838,0.1228376105427742,3.787336826324463,0.21892936527729034,3.839508533477783,0.14490991830825806,3.8264338970184326
41,0,0,1,0.2388318032026291,3.595301866531372,0.12621073424816132,3.7999684810638428,0.2231544852256775,3.859113931655884,0.14170120656490326,3.831364393234253
42,0,0,1,0.21672961115837097,3.636263370513916,0.10646524280309677,3.9495506286621094,0.16081392765045166,3.950613498687744,0.10331632196903229,3.963348865509033
43,0,0,1,0.2384381890296936,3.592115879058838,0.13001734018325806,3.77482271194458,0.23079758882522583,3.8323042392730713,0.14883609116077423,3.814542055130005
44,0,0,1,0.23531419038772583,3.5975418090820312,0.12065529078245163,3.8091344833374023,0.21753427386283875,3.872377395629883,0.1421595960855484,3.8530771732330322
45,0,0,1,0.23912577331066132,3.5890486240386963,0.12609614431858063,3.773470878601074,0.2277582883834839,3.824509859085083,0.1474011391401291,3.8001623153686523
46,0,0,1,0.231672003865242,3.6094305515289307,0.1288713663816452,3.8208775520324707,0.2013113796710968,3.8747153282165527,0.12914539873600006,3.8646605014801025
47,0,0,1,0.22700592875480652,3.6196746826171875,0.1265694797039032,3.8669841289520264,0.19157564640045166,3.900390148162842,0.1288464516401291,3.9483373165130615
48,0,0,1,0.24222485721111298,3.578354597091675,0.124197818338871,3.7261602878570557,0.23979590833187103,3.7750582695007324,0.15634964406490326,3.7620139122009277
49,0,0,1,0.22631587088108063,3.6157631874084473,0.11243423074483871,3.8659045696258545,0.18795838952064514,3.877955675125122,0.12129304558038712,3.8715083599090576
50,0,0,1,0.23862005770206451,3.588845729827881,0.1289510875940323,3.7711448669433594,0.22595463693141937,3.8269460201263428,0.14588648080825806,3.799726724624634
51,0,0,1,0.23321408033370972,3.5969085693359375,0.11892139166593552,3.786827564239502,0.22184908390045166,3.8454387187957764,0.14702247083187103,3.8047986030578613
52,0,0,1,0.22872239351272583,3.6111576557159424,0.11441226303577423,3.8457083702087402,0.20268653333187103,3.8758604526519775,0.13147719204425812,3.835531234741211
53,0,0,1,0.23744668066501617,3.5907483100891113,0.1236397847533226,3.7797300815582275,0.22331392765045166,3.8232486248016357,0.14453125,3.7837836742401123
54,0,0,1,0.23046375811100006,3.6101393699645996,0.11658462136983871,3.8509764671325684,0.19540217518806458,3.878066301345825,0.12163185328245163,3.8241848945617676
55,0,0,1,0.22792768478393555,3.614239454269409,0.12075991928577423,3.851673126220703,0.19348891079425812,3.879075050354004,0.126953125,3.904395580291748
56,0,0,1,0.2434331178665161,3.575831890106201,0.12577228248119354,3.704828977584839,0.24812659621238708,3.7416868209838867,0.1581433266401291,3.729804754257202
57,0,0,1,0.23908591270446777,3.582113265991211,0.12475087493658066,3.7433102130889893,0.24365234375,3.7879841327667236,0.1633051633834839,3.776909828186035
58,0,0,1,0.23654486238956451,3.592379331588745,0.12173648178577423,3.778864622116089,0.23012994229793549,3.8253657817840576,0.1487165093421936,3.8391852378845215
59,0,0,1,0.2339838743209839,3.6020569801330566,0.12557795643806458,3.802332878112793,0.21829161047935486,3.846754312515259,0.14413264393806458,3.8373894691467285
60,0,0,1,0.22774583101272583,3.6164801120758057,0.1231863796710968,3.8466672897338867,0.1940569132566452,3.892369270324707,0.1231863796710968,3.893221139907837
61,0,0,1,0.24499261379241943,3.5722479820251465,0.1260114312171936,3.7169349193573,0.2474290430545807,3.782440662384033,0.16081392765045166,3.7570950984954834
62,0,0,1,0.22177185118198395,3.6270880699157715,0.11201570183038712,3.902766704559326,0.1809530407190323,3.94030499458313,0.11212531477212906,3.940277338027954
63,0,0,1,0.23467394709587097,3.6023778915405273,0.12502989172935486,3.8006296157836914,0.21831153333187103,3.857677459716797,0.1427973508834839,3.8438241481781006
64,0,0,1,0.24072015285491943,3.5837810039520264,0.1304408460855484,3.7516043186187744,0.2405931055545807,3.8031394481658936,0.15880101919174194,3.7960591316223145
65,0,0,1,0.24427016079425812,3.578927516937256,0.13238400220870972,3.743093729019165,0.24157963693141937,3.792888641357422,0.14985251426696777,3.763399362564087
66,0,0,1,0.24136289954185486,3.5924549102783203,0.13603614270687103,3.772076368331909,0.22997049987316132,3.831571102142334,0.15088887512683868,3.819310426712036
67,0,0,1,0.22880958020687103,3.6195261478424072,0.12646982073783875,3.8575425148010254,0.18633410334587097,3.91935396194458,0.11666931957006454,3.887939929962158
68,0,0,1,0.2340337038040161,3.597351551055908,0.11991788446903229,3.794623613357544,0.2265724539756775,3.85912823677063,0.1474609375,3.8374104499816895
69,0,0,1,0.23504264652729034,3.5954551696777344,0.11752132326364517,3.809556007385254,0.21822185814380646,3.853783369064331,0.14399313926696777,3.8026297092437744
70,0,0,1,0.22853803634643555,3.615858316421509,0.11794482916593552,3.849146604537964,0.20053412020206451,3.9101569652557373,0.12579719722270966,3.9008238315582275
71,0,0,1,0.22628596425056458,3.614567279815674,0.11974848061800003,3.85620379447937,0.18772919476032257,3.8634746074676514,0.1181640625,3.886996030807495
72,0,0,1,0.23346570134162903,3.597823143005371,0.12226462364196777,3.8076939582824707,0.20985132455825806,3.84890079498291,0.1353236585855484,3.8156111240386963
73,0,0,1,0.24157215654850006,3.5890748500823975,0.13415278494358063,3.770399332046509,0.2307577282190323,3.822688579559326,0.15086893737316132,3.8055481910705566
74,0,0,1,0.22231744229793549,3.6249775886535645,0.11197584122419357,3.902064561843872,0.17818279564380646,3.9217045307159424,0.11479591578245163,3.9630208015441895
75,0,0,1,0.23419561982154846,3.5977256298065186,0.12443698197603226,3.782142162322998,0.2230847328901291,3.808504819869995,0.14961335062980652,3.780604839324951
76,0,0,1,0.241803839802742,3.580299139022827,0.12456652522087097,3.746890068054199,0.2382912039756775,3.794797897338867,0.15142697095870972,3.7811264991760254
77,0,0,1,0.22027462720870972,3.635761022567749,0.12345045059919357,3.9061226844787598,0.17171555757522583,3.938312530517578,0.11437738686800003,3.9564383029937744
78,0,0,1,0.2354736328125,3.590122938156128,0.12680862843990326,3.780951738357544,0.22465918958187103,3.8377909660339355,0.14917489886283875,3.8132264614105225
79,0,0,1,0.2225341796875,3.6220178604125977,0.10916075110435486,3.9082112312316895,0.176130011677742,3.90630841255188,0.11395886540412903,3.9094088077545166
80,0,0,1,0.22232241928577423,3.6231706142425537,0.11190110445022583,3.8868606090545654,0.1825474351644516,3.8993940353393555,0.11904097348451614,3.8982086181640625
81,0,0,1,0.23815667629241943,3.5887258052825928,0.12110869586467743,3.7503600120544434,0.23555085062980652,3.7935104370117188,0.1531010866165161,3.7762300968170166
82,0,0,1,0.23473124206066132,3.5971152782440186,0.12080974876880646,3.812100410461426,0.21694634854793549,3.8584814071655273,0.14112325012683868,3.827425479888916
83,0,1,0,0.25894850492477417,3.5268702507019043,0.13995236158370972,3.542739152908325,0.29871851205825806,3.569770097732544,0.1928013414144516,3.564606189727783
84,0,0,1,0.2421102672815323,3.5812625885009766,0.12419284135103226,3.749699115753174,0.23399633169174194,3.81253719329834,0.15088887512683868,3.788799285888672
85,0,0,1,0.23156487941741943,3.609787940979004,0.11899115145206451,3.8305838108062744,0.20496851205825806,3.886868476867676,0.1301020383834839,3.886488914489746
86,0,0,1,0.235107421875,3.600832939147949,0.12571248412132263,3.8031389713287354,0.22018493711948395,3.864590883255005,0.14907525479793549,3.8386363983154297
87,0,0,1,0.22404137253761292,3.625783920288086,0.11686363816261292,3.8946919441223145,0.17764468491077423,3.9336400032043457,0.11346061527729034,3.9529247283935547
88,0,0,1,0.2207379937171936,3.628715991973877,0.11217015981674194,3.9123618602752686,0.18027542531490326,3.9613068103790283,0.11613121628761292,3.9454264640808105
89,0,0,1,0.23901864886283875,3.5978071689605713,0.13615572452545166,3.780839443206787,0.22076290845870972,3.823056697845459,0.14305643737316132,3.7939536571502686
90,0,0,1,0.23662707209587097,3.5920891761779785,0.1235002800822258,3.771815776824951,0.22582508623600006,3.8163886070251465,0.14512914419174194,3.7959351539611816
91,0,0,1,0.22118891775608063,3.631612777709961,0.11780034005641937,3.9165079593658447,0.16417211294174194,3.953444719314575,0.10453204810619354,3.9624404907226562
92,0,0,1,0.22493572533130646,3.618854522705078,0.11052096635103226,3.890902519226074,0.18017578125,3.9244511127471924,0.11772560328245163,3.9510750770568848
93,0,0,1,0.23219019174575806,3.6054847240448,0.12839803099632263,3.810360908508301,0.21335896849632263,3.863574743270874,0.14028619229793549,3.869157552719116
94,0,0,1,0.22572295367717743,3.6224353313446045,0.12044602632522583,3.871225357055664,0.18873564898967743,3.8967792987823486,0.1252192258834839,3.9314022064208984
95,0,0,1,0.24076998233795166,3.5821597576141357,0.12367964535951614,3.753373861312866,0.23240193724632263,3.8213703632354736,0.15294164419174194,3.7812092304229736
96,0,0,1,0.22385701537132263,3.6173408031463623,0.11210040748119354,3.885239362716675,0.18753986060619354,3.909245491027832,0.12121332436800003,3.905951976776123
97,0,0,1,0.23559819161891937,3.594611406326294,0.12312658876180649,3.80560040473938,0.2218889445066452,3.8597476482391357,0.14630500972270966,3.810925006866455
98,0,0,1,0.22696606814861298,3.617006540298462,0.11703304201364517,3.8715994358062744,0.19194434583187103,3.9124701023101807,0.12254862487316132,3.9011220932006836
99,0,0,1,0.23640285432338715,3.5922186374664307,0.12373943626880646,3.779383897781372,0.2239217907190323,3.8378355503082275,0.1438336968421936,3.8382985591888428
100,0,0,1,0.24106892943382263,3.5836803913116455,0.12164679914712906,3.7554781436920166,0.23566046357154846,3.8232059478759766,0.15483497083187103,3.8057665824890137
101,0,0,1,0.24096429347991943,3.5872421264648438,0.123221255838871,3.7565808296203613,0.2329201102256775,3.817189931869507,0.1492147594690323,3.78442645072937
102,0,0,1,0.24069026112556458,3.580986499786377,0.12406827509403229,3.7381229400634766,0.23534159362316132,3.7956132888793945,0.15188536047935486,3.766172409057617
103,0,0,1,0.23909588158130646,3.5885281562805176,0.12408322095870972,3.764816999435425,0.22853554785251617,3.812418222427368,0.14833784103393555,3.7902727127075195
104,0,0,1,0.22782056033611298,3.61299729347229,0.11950433999300003,3.846529006958008,0.2009626030921936,3.900233030319214,0.1301020383834839,3.877297878265381
105,0,0,1,0.24418795108795166,3.571195363998413,0.12662926316261292,3.7164666652679443,0.24472855031490326,3.7629382610321045,0.15421715378761292,3.7626001834869385
106,0,0,1,0.22563326358795166,3.620331048965454,0.11504005640745163,3.889904260635376,0.18361367285251617,3.9476282596588135,0.11338089406490326,3.9460361003875732
107,0,0,1,0.2365124672651291,3.5905749797821045,0.12394371628761292,3.775164842605591,0.23150509595870972,3.8286845684051514,0.15626992285251617,3.8029587268829346
108,0,0,1,0.2274419069290161,3.6191112995147705,0.12898097932338715,3.848881721496582,0.18678252398967743,3.889991521835327,0.1203962042927742,3.897533416748047
109,0,0,1,0.2263532280921936,3.622056007385254,0.12473592907190323,3.8747754096984863,0.18697185814380646,3.901721477508545,0.12021683156490326,3.888096809387207
110,0,0,1,0.22324666380882263,3.6232354640960693,0.11333107203245163,3.885430335998535,0.18793845176696777,3.9192471504211426,0.1259765625,3.883720874786377
111,0,0,1,0.24179388582706451,3.5796637535095215,0.12364975363016129,3.727928400039673,0.23690608143806458,3.782956123352051,0.1550542116165161,3.7574551105499268
112,0,0,1,0.23379205167293549,3.6034247875213623,0.12948919832706451,3.81888484954834,0.20988121628761292,3.8528153896331787,0.13795439898967743,3.8542327880859375
113,0,0,1,0.235578253865242,3.597506523132324,0.13379403948783875,3.7919414043426514,0.2225964516401291,3.8589847087860107,0.14855708181858063,3.8302924633026123
114,0,0,1,0.23681141436100006,3.5955207347869873,0.12963367998600006,3.786609172821045,0.2246791273355484,3.8342573642730713,0.14795918762683868,3.8205819129943848
115,0,0,1,0.24167679250240326,3.587242603302002,0.12810905277729034,3.7542781829833984,0.23391661047935486,3.8146886825561523,0.15118782222270966,3.8052992820739746
116,0,0,1,0.23647759854793549,3.594602108001709,0.12171655893325806,3.8037986755371094,0.22019490599632263,3.836810350418091,0.14211973547935486,3.822605609893799
117,0,0,1,0.23686622083187103,3.5933635234832764,0.12060546875,3.7807981967926025,0.2244001030921936,3.835827589035034,0.14562739431858063,3.8096346855163574
118,0,0,1,0.23709790408611298,3.5970494747161865,0.13545818626880646,3.8002355098724365,0.2243403196334839,3.863767623901367,0.1410435289144516,3.8164477348327637
119,0,0,1,0.22826649248600006,3.6142008304595947,0.1171875,3.8385205268859863,0.20137116312980652,3.8760392665863037,0.13052056729793549,3.8476102352142334
120,0,0,1,0.22858288884162903,3.6136560440063477,0.11518454551696777,3.8550913333892822,0.1941366344690323,3.8838415145874023,0.12450174987316132,3.879462242126465
121,0,0,1,0.21800263226032257,3.6379644870758057,0.11388412863016129,3.9350745677948,0.16749043762683868,3.9651355743408203,0.10885681957006454,3.9886488914489746
122,0,0,1,0.24073760211467743,3.5869672298431396,0.13590162992477417,3.7545828819274902,0.23418566584587097,3.813965320587158,0.15782445669174194,3.7939133644104004
123,0,0,1,0.23673169314861298,3.5938057899475098,0.12394870072603226,3.786067485809326,0.22575533390045166,3.8546457290649414,0.14861686527729034,3.82446026802063
124,0,0,1,0.239501953125,3.5867087841033936,0.12494020909070969,3.7586934566497803,0.2299904227256775,3.796967029571533,0.14622528851032257,3.790241241455078
125,0,0,1,0.22263382375240326,3.6328623294830322,0.1264399290084839,3.889782190322876,0.1736088991165161,3.89243483543396,0.11282286047935486,3.8805863857269287
126,0,0,1,0.22039420902729034,3.630352258682251,0.12340561300516129,3.9079456329345703,0.17134685814380646,3.9674904346466064,0.10708306729793549,3.9975805282592773
127,0,0,1,0.22511260211467743,3.621743679046631,0.11257871985435486,3.8941359519958496,0.18774911761283875,3.941298246383667,0.11670918017625809,3.9675545692443848
128,0,0,1,0.23312439024448395,3.6023104190826416,0.1288713663816452,3.810438871383667,0.20398198068141937,3.8436248302459717,0.13386878371238708,3.80586576461792
129,0,0,1,0.2244623899459839,3.625553607940674,0.11329619586467743,3.898456335067749,0.18616469204425812,3.9338936805725098,0.123046875,3.9755425453186035
130,0,0,1,0.2389887571334839,3.588416814804077,0.12401346862316132,3.7678987979888916,0.22895407676696777,3.8291261196136475,0.14632493257522583,3.8257968425750732
131,0,0,1,0.2292928844690323,3.6143851280212402,0.116943359375,3.8612756729125977,0.1962193101644516,3.9129550457000732,0.12404336780309677,3.889138698577881
132,0,0,1,0.24288254976272583,3.5802555084228516,0.12514448165893555,3.7365529537200928,0.23665696382522583,3.7874436378479004,0.1505301296710968,3.794121503829956
133,0,0,1,0.2348109632730484,3.6002228260040283,0.1201520636677742,3.804602861404419,0.22409118711948395,3.863215923309326,0.14636479318141937,3.873366117477417
134,0,0,1,0.23976850509643555,3.584872007369995,0.12398357689380646,3.746222496032715,0.23330874741077423,3.8001537322998047,0.1521245241165161,3.7586793899536133
135,0,0,1,0.22726252675056458,3.6194355487823486,0.12986287474632263,3.8502914905548096,0.19074855744838715,3.89180850982666,0.12852758169174194,3.8641650676727295
136,0,0,1,0.24412567913532257,3.577239513397217,0.1252889782190323,3.7219438552856445,0.24592433869838715,3.7794480323791504,0.1605149805545807,3.7843308448791504
137,0,0,1,0.22508519887924194,3.634005069732666,0.1319056898355484,3.892913818359375,0.17698700726032257,3.9127864837646484,0.11670918017625809,3.9178619384765625
138,0,0,1,0.2200329750776291,3.63802170753479,0.12599648535251617,3.89829158782959,0.16222895681858063,3.8985257148742676,0.10921555757522583,3.9213504791259766
139,0,0,1,0.22801239788532257,3.6187312602996826,0.1210588738322258,3.8524508476257324,0.18928371369838715,3.882126808166504,0.12382413446903229,3.908900737762451
140,0,0,1,0.237775519490242,3.5909790992736816,0.12127809971570969,3.789696455001831,0.22619380056858063,3.8615798950195312,0.14678332209587097,3.839103937149048
141,0,0,1,0.23948700726032257,3.589730739593506,0.1204659566283226,3.7769460678100586,0.23392657935619354,3.844728469848633,0.15469546616077423,3.7961864471435547
142,0,0,1,0.2410016655921936,3.585435152053833,0.12924505770206451,3.753392457962036,0.23404614627361298,3.8038063049316406,0.15045040845870972,3.80739164352417
143,0,0,1,0.23585230112075806,3.599167585372925,0.13315628468990326,3.7904958724975586,0.2169363796710968,3.8401010036468506,0.14170120656490326,3.8188467025756836
144,0,0,1,0.23790009319782257,3.5947327613830566,0.12587690353393555,3.7921547889709473,0.22047393023967743,3.862011194229126,0.1414620578289032,3.8682727813720703
145,0,0,1,0.2402268946170807,3.5816092491149902,0.12333087623119354,3.759019136428833,0.22952207922935486,3.797551393508911,0.14789938926696777,3.776310443878174
146,0,0,1,0.23787766695022583,3.589374303817749,0.12072504311800003,3.781386613845825,0.21967673301696777,3.830573797225952,0.14301657676696777,3.809225082397461
147,0,0,1,0.22176189720630646,3.625566005706787,0.11086475104093552,3.898880958557129,0.18410195410251617,3.942462682723999,0.12171157449483871,3.8974947929382324
148,0,0,1,0.23709292709827423,3.5981969833374023,0.12429248541593552,3.792271375656128,0.22431042790412903,3.840426445007324,0.14588648080825806,3.8260929584503174
149,0,0,1,0.23973612487316132,3.5892739295959473,0.12426259368658066,3.7712109088897705,0.2263532280921936,3.809817314147949,0.1418805718421936,3.817389965057373
150,0,0,1,0.23275817930698395,3.609358787536621,0.1288614124059677,3.8274755477905273,0.20447026193141937,3.8733856678009033,0.13237403333187103,3.8587775230407715
151,0,0,1,0.2421277016401291,3.5797698497772217,0.12349529564380646,3.7396111488342285,0.23664699494838715,3.789287567138672,0.15086893737316132,3.7836196422576904
152,0,0,1,0.23137305676937103,3.6140296459198,0.13060028851032257,3.8359529972076416,0.19721579551696777,3.8902530670166016,0.12852758169174194,3.8415257930755615
153,0,0,1,0.2386225461959839,3.5890066623687744,0.12079977989196777,3.7740564346313477,0.23323899507522583,3.8474323749542236,0.1552734375,3.8249261379241943
154,0,0,1,0.2404187172651291,3.5856940746307373,0.1243373304605484,3.764456033706665,0.22703084349632263,3.818505048751831,0.1441127210855484,3.8117825984954834
155,0,0,1,0.22649523615837097,3.619807004928589,0.12646484375,3.8750689029693604,0.1847795695066452,3.9079976081848145,0.11645009368658066,3.9180216789245605
156,0,0,1,0.23395895957946777,3.6001405715942383,0.12605628371238708,3.8280632495880127,0.21141581237316132,3.889470100402832,0.14038583636283875,3.888699531555176
157,0,0,1,0.22554856538772583,3.6237781047821045,0.1256726235151291,3.8623478412628174,0.1890345960855484,3.894517660140991,0.12551817297935486,3.914417266845703
158,0,0,1,0.22480368614196777,3.6205036640167236,0.11476103961467743,3.8770458698272705,0.18752989172935486,3.9219937324523926,0.11710777878761292,3.9118447303771973
159,0,0,1,0.23893892765045166,3.588883638381958,0.13034120202064514,3.7740061283111572,0.22660236060619354,3.8220317363739014,0.1457270383834839,3.8036105632781982
160,0,0,1,0.23306958377361298,3.6025054454803467,0.1253487765789032,3.81779146194458,0.21028977632522583,3.8716297149658203,0.13869179785251617,3.874694585800171
161,0,0,1,0.23076021671295166,3.614408016204834,0.1299276500940323,3.8365609645843506,0.187848761677742,3.88801646232605,0.12157206237316132,3.8736064434051514
162,0,0,1,0.22488340735435486,3.6167941093444824,0.10960418730974197,3.863123893737793,0.19122688472270966,3.905836343765259,0.12523914873600006,3.9003818035125732
163,0,0,1,0.23823390901088715,3.5871336460113525,0.12101402878761292,3.773386001586914,0.22932277619838715,3.835136651992798,0.14971300959587097,3.7992544174194336
164,0,0,1,0.2413678765296936,3.583566427230835,0.12604133784770966,3.7604458332061768,0.23934748768806458,3.820725202560425,0.1550741344690323,3.8131346702575684
165,0,0,1,0.23869478702545166,3.589214563369751,0.12075494229793549,3.773477554321289,0.22932277619838715,3.84578275680542,0.15340003371238708,3.8001818656921387
166,0,0,1,0.23946955800056458,3.5887749195098877,0.12659937143325806,3.7690188884735107,0.22969147562980652,3.820824384689331,0.14849728345870972,3.8188161849975586
167,0,0,1,0.22883449494838715,3.6156702041625977,0.12344546616077423,3.8542137145996094,0.19661790132522583,3.906543016433716,0.1265345960855484,3.9073870182037354
168,0,0,1,0.2402518093585968,3.589139223098755,0.1308344602584839,3.769183874130249,0.23191365599632263,3.8235723972320557,0.15288184583187103,3.7838613986968994
169,0,0,1,0.2309221476316452,3.610729932785034,0.12924006581306458,3.8174948692321777,0.20957230031490326,3.8591127395629883,0.13954877853393555,3.851328134536743
170,0,0,1,0.2339489907026291,3.6052136421203613,0.12948919832706451,3.803955554962158,0.20742984116077423,3.8579938411712646,0.13237403333187103,3.83709716796875
171,0,0,1,0.24103903770446777,3.5813963413238525,0.12684351205825806,3.740670919418335,0.2375239133834839,3.7870867252349854,0.15567202866077423,3.796440839767456
172,0,0,1,0.23505261540412903,3.5985565185546875,0.12905572354793549,3.809396982192993,0.21231265366077423,3.8361024856567383,0.1413225382566452,3.8194894790649414
173,0,0,1,0.2413678765296936,3.5838966369628906,0.12353515625,3.7526822090148926,0.23743422329425812,3.813530921936035,0.15324059128761292,3.769800901412964
174,0,0,1,0.24409328401088715,3.5733866691589355,0.1252092570066452,3.723438024520874,0.24823620915412903,3.7932639122009277,0.16320551931858063,3.7782390117645264
175,0,0,1,0.22965411841869354,3.613917589187622,0.12628547847270966,3.845064401626587,0.19529256224632263,3.884171962738037,0.1286870241165161,3.8669660091400146
176,0,0,1,0.23961156606674194,3.5829572677612305,0.12221978604793549,3.735466718673706,0.23555085062980652,3.779888391494751,0.15413743257522583,3.77553653717041
177,0,0,1,0.24127072095870972,3.5801358222961426,0.12580715119838715,3.749782085418701,0.2382114976644516,3.7985777854919434,0.15459582209587097,3.772334575653076
178,0,0,1,0.24530401825904846,3.573237657546997,0.13263313472270966,3.719459056854248,0.24517697095870972,3.771256685256958,0.1579838991165161,3.7653589248657227
179,0,0,1,0.2246442437171936,3.6201012134552,0.11279794573783875,3.886479139328003,0.18634407222270966,3.9148128032684326,0.12296715378761292,3.909886598587036
180,0,0,1,0.22664719820022583,3.625579833984375,0.1281040757894516,3.8746449947357178,0.18328483402729034,3.909041404724121,0.11647002398967743,3.8865504264831543
181,0,0,1,0.22792519629001617,3.6166179180145264,0.1131417378783226,3.8698697090148926,0.1950334757566452,3.917382001876831,0.1226283460855484,3.910125255584717
182,0,0,1,0.22513003647327423,3.6193606853485107,0.11513970792293549,3.891730546951294,0.18155093491077423,3.9305670261383057,0.113699771463871,3.939702033996582
183,0,0,1,0.23155492544174194,3.609943151473999,0.12493522465229034,3.8271985054016113,0.21102717518806458,3.8546063899993896,0.13865193724632263,3.809544324874878
184,0,0,1,0.23968878388404846,3.590970039367676,0.13373923301696777,3.7596304416656494,0.22801737487316132,3.8075780868530273,0.1496332883834839,3.7835640907287598
185,0,0,1,0.23716767132282257,3.58559250831604,0.12457150220870972,3.7689385414123535,0.22646284103393555,3.829578399658203,0.15056999027729034,3.7859694957733154
186,0,0,1,0.24144262075424194,3.583313465118408,0.1277204155921936,3.742100238800049,0.23656727373600006,3.7914068698883057,0.1507493555545807,3.7801427841186523
187,0,0,1,0.22179178893566132,3.62579607963562,0.10866250842809677,3.897427558898926,0.1810825914144516,3.907825231552124,0.11499521136283875,3.9081456661224365
188,0,0,1,0.23587720096111298,3.5966646671295166,0.12109375,3.808303117752075,0.21920837461948395,3.8701701164245605,0.14321587979793549,3.837879180908203
189,0,0,1,0.239013671875,3.5954952239990234,0.13444674015045166,3.7836496829986572,0.22158002853393555,3.8413383960723877,0.14722177386283875,3.8190064430236816
190,0,0,1,0.22327157855033875,3.622663736343384,0.11654476076364517,3.901928186416626,0.17866110801696777,3.945730447769165,0.11521444469690323,3.945857048034668
191,0,0,1,0.2232666015625,3.6210708618164062,0.11146265268325806,3.8976800441741943,0.18253746628761292,3.947756290435791,0.1155133917927742,3.985334634780884
192,0,0,1,0.22801239788532257,3.620173454284668,0.12375438213348389,3.8679845333099365,0.19099768996238708,3.9395315647125244,0.12199059128761292,3.9619343280792236
193,0,0,1,0.2401222586631775,3.5793726444244385,0.12303192168474197,3.7329607009887695,0.2333984375,3.7822132110595703,0.15341995656490326,3.7750065326690674
194,0,0,1,0.23262864351272583,3.6024694442749023,0.11611128598451614,3.8126072883605957,0.2118443101644516,3.849475622177124,0.13893096148967743,3.8413426876068115
195,0,0,1,0.24404844641685486,3.5751354694366455,0.12600645422935486,3.729300022125244,0.24371212720870972,3.7943737506866455,0.15892060101032257,3.7817907333374023
196,0,0,1,0.23630818724632263,3.596482992172241,0.11970862001180649,3.7782819271087646,0.22320431470870972,3.8326711654663086,0.14554767310619354,3.8229494094848633
197,0,0,1,0.2423020899295807,3.5782320499420166,0.1254633665084839,3.741590976715088,0.2403738796710968,3.8058619499206543,0.15381856262683868,3.784529685974121
198,0,0,1,0.2253517508506775,3.625140905380249,0.12052574753761292,3.8844563961029053,0.18573620915412903,3.931809663772583,0.12256855517625809,3.943089485168457
199,0,0,1,0.24032653868198395,3.5863749980926514,0.13144730031490326,3.773557662963867,0.2261439710855484,3.8038687705993652,0.14281727373600006,3.7979347705841064
200,0,0,1,0.2267817258834839,3.6198480129241943,0.11623086780309677,3.8843021392822266,0.18496890366077423,3.9264087677001953,0.11493542790412903,3.93930983543396
201,0,0,1,0.24172662198543549,3.5773515701293945,0.12623564898967743,3.731173038482666,0.23927773535251617,3.784357786178589,0.15216438472270966,3.78100848197937
202,0,0,1,0.21830406785011292,3.629551887512207,0.10582250356674194,3.9382269382476807,0.16424186527729034,3.9396917819976807,0.10076530277729034,3.9464004039764404
203,0,0,1,0.22463926672935486,3.6291420459747314,0.12679865956306458,3.8979527950286865,0.16809828579425812,3.9200308322906494,0.11019212007522583,3.9034183025360107
204,0,0,1,0.2363729625940323,3.597837209701538,0.12470105290412903,3.7927920818328857,0.2293626368045807,3.848025321960449,0.15070949494838715,3.8452789783477783
205,0,0,1,0.22057856619358063,3.6275100708007812,0.11570272594690323,3.896477460861206,0.18253746628761292,3.918004035949707,0.12063536047935486,3.897571563720703
206,0,0,1,0.22053620219230652,3.6262412071228027,0.11275310814380646,3.9017674922943115,0.18223851919174194,3.9396872520446777,0.11874202638864517,3.966263771057129
207,0,0,1,0.24258360266685486,3.582942247390747,0.12353017181158066,3.7500503063201904,0.23530173301696777,3.8102316856384277,0.15375876426696777,3.7880752086639404
208,0,0,1,0.24011728167533875,3.587134838104248,0.12906070053577423,3.7695634365081787,0.22569555044174194,3.841052532196045,0.1443319469690323,3.816763401031494
209,0,0,1,0.22847327589988708,3.6085638999938965,0.11428770422935486,3.8458452224731445,0.19835180044174194,3.887716770172119,0.12693318724632263,3.888993501663208
210,0,0,1,0.2376111000776291,3.594019651412964,0.12472596019506454,3.7809290885925293,0.22953204810619354,3.8357644081115723,0.1496930718421936,3.824923515319824
211,0,0,1,0.24271313846111298,3.5797674655914307,0.12393374741077423,3.740250825881958,0.23942720890045166,3.7953968048095703,0.15654894709587097,3.766900062561035
212,0,0,1,0.23959162831306458,3.586582660675049,0.1248953640460968,3.7702157497406006,0.22485849261283875,3.812453031539917,0.14273756742477417,3.8218374252319336
213,0,0,1,0.22899393737316132,3.613218069076538,0.11995276063680649,3.851090431213379,0.1965082883834839,3.888995885848999,0.1233258917927742,3.8802521228790283
214,0,0,1,0.22950713336467743,3.612888813018799,0.11931002885103226,3.858640193939209,0.19350884854793549,3.9159586429595947,0.12093430757522583,3.906888484954834
215,0,0,1,0.2201625257730484,3.634568691253662,0.11430265009403229,3.9145634174346924,0.17397759854793549,3.9393436908721924,0.110770083963871,3.955559492111206
216,0,0,1,0.22946228086948395,3.613464593887329,0.12644490599632263,3.8459296226501465,0.1962292641401291,3.8858420848846436,0.12627550959587097,3.876262664794922
217,0,0,1,0.24110879004001617,3.5832738876342773,0.12475087493658066,3.766754627227783,0.22993063926696777,3.813383102416992,0.14791932702064514,3.774723768234253
218,0,0,1,0.24214515089988708,3.5757362842559814,0.12605628371238708,3.7287352085113525,0.24336335062980652,3.7814266681671143,0.15752550959587097,3.754807710647583
219,0,0,1,0.2361288219690323,3.5991833209991455,0.13013193011283875,3.8073742389678955,0.21781329810619354,3.85817551612854,0.14473053812980652,3.8494904041290283
220,0,0,1,0.24349290132522583,3.578094959259033,0.12687838077545166,3.729943037033081,0.24300462007522583,3.7880752086639404,0.15607063472270966,3.771421194076538
221,0,0,1,0.23292510211467743,3.6162805557250977,0.1350446343421936,3.838252544403076,0.20121173560619354,3.906695604324341,0.1312181055545807,3.8961117267608643
222,0,0,1,0.23711036145687103,3.5940868854522705,0.12191087007522583,3.785311460494995,0.223981574177742,3.847177028656006,0.14514906704425812,3.828230142593384
223,0,0,1,0.23944464325904846,3.5907506942749023,0.12901586294174194,3.777477502822876,0.22090241312980652,3.816176414489746,0.14092394709587097,3.8070993423461914
224,0,0,1,0.22625109553337097,3.614464044570923,0.11275310814380646,3.8574459552764893,0.1931501030921936,3.9038848876953125,0.12565767765045166,3.894052267074585
225,0,0,1,0.23570531606674194,3.59731125831604,0.1270677149295807,3.7844176292419434,0.2223871946334839,3.822511911392212,0.14487005770206451,3.803961992263794
226,0,0,1,0.22745685279369354,3.6205930709838867,0.12595662474632263,3.8636868000030518,0.18692202866077423,3.9096386432647705,0.12001753598451614,3.908169984817505
227,0,0,1,0.2342628836631775,3.598064661026001,0.12996751070022583,3.809929132461548,0.20611447095870972,3.846306324005127,0.13815370202064514,3.8277554512023926
228,0,3,0,0.26074716448783875,3.5254523754119873,0.14161153137683868,3.566145896911621,0.2943837642669678,3.5457992553710938,0.18775908648967743,3.553232192993164
229,0,0,1,0.23030681908130646,3.6082727909088135,0.11527921259403229,3.8262522220611572,0.20074337720870972,3.851030111312866,0.12488041818141937,3.856208086013794
230,0,0,1,0.2405034303665161,3.586078405380249,0.12442202866077423,3.75488543510437,0.23922790586948395,3.816511869430542,0.15340003371238708,3.7922568321228027
231,0,0,1,0.22249431908130646,3.6313443183898926,0.11984813213348389,3.9009311199188232,0.18227837979793549,3.9377870559692383,0.11776546388864517,3.927229642868042
232,0,0,1,0.2290736585855484,3.6171154975891113,0.12481564283370972,3.853738307952881,0.19392737746238708,3.895174980163574,0.1268933266401291,3.8905293941497803
233,0,0,1,0.24026675522327423,3.584965467453003,0.12509964406490326,3.7591207027435303,0.23681640625,3.825205087661743,0.1556919664144516,3.790578603744507
234,0,0,1,0.2410639524459839,3.584064483642578,0.12265823781490326,3.755138635635376,0.23817163705825806,3.816702127456665,0.15591119229793549,3.797008752822876
235,0,0,1,0.2373918741941452,3.588103771209717,0.12030153721570969,3.761524200439453,0.22319434583187103,3.8207876682281494,0.14660395681858063,3.824089288711548
236,0,0,1,0.22544144093990326,3.6248369216918945,0.12014707922935486,3.869121789932251,0.18446069955825806,3.9144833087921143,0.1206752210855484,3.886705160140991
237,0,0,1,0.24181878566741943,3.581272840499878,0.12744140625,3.760028123855591,0.225446417927742,3.794996500015259,0.13954877853393555,3.7563552856445312
238,0,0,1,0.24001763761043549,3.589402675628662,0.12945431470870972,3.7734200954437256,0.22468909621238708,3.8103158473968506,0.14558753371238708,3.7797398567199707
239,0,0,1,0.22772091627120972,3.6192169189453125,0.12393873184919357,3.871075391769409,0.1907884180545807,3.9143946170806885,0.1261160671710968,3.9116623401641846
240,0,0,1,0.2347760796546936,3.5938286781311035,0.1224190816283226,3.789133071899414,0.21736487746238708,3.844083786010742,0.14275749027729034,3.836660623550415
241,0,0,1,0.23067303001880646,3.6191437244415283,0.1357073038816452,3.84106183052063,0.19812260568141937,3.906498432159424,0.12743143737316132,3.900218963623047
242,0,0,1,0.2347935289144516,3.597116231918335,0.12481564283370972,3.8076722621917725,0.21828164160251617,3.8663318157196045,0.14692282676696777,3.8509223461151123
243,0,0,1,0.21667978167533875,3.6344552040100098,0.11635542660951614,3.924335241317749,0.17694714665412903,3.9701526165008545,0.1162109375,3.913050889968872
244,0,0,1,0.24027672410011292,3.587865114212036,0.1311483532190323,3.7743332386016846,0.22722017765045166,3.8319005966186523,0.1443319469690323,3.809720993041992
245,0,0,1,0.237775519490242,3.5964272022247314,0.12729690968990326,3.772437334060669,0.2251076102256775,3.8238158226013184,0.14777980744838715,3.7832770347595215
246,0,0,1,0.23679646849632263,3.5899085998535156,0.11942960321903229,3.784146785736084,0.2248784303665161,3.8392786979675293,0.14923469722270966,3.8299946784973145
247,0,0,1,0.22172701358795166,3.6277878284454346,0.11510980874300003,3.9057698249816895,0.1770467907190323,3.9345414638519287,0.11517458409070969,3.9726595878601074
248,0,0,1,0.2438366860151291,3.576115131378174,0.12589684128761292,3.728668689727783,0.24019451439380646,3.8111932277679443,0.15347975492477417,3.7914557456970215
249,0,0,1,0.23807446658611298,3.5854129791259766,0.12358497828245163,3.7573375701904297,0.22682158648967743,3.8002371788024902,0.14692282676696777,3.812126874923706
250,0,0,1,0.23726731538772583,3.5987441539764404,0.13451649248600006,3.7957255840301514,0.21627868711948395,3.855003595352173,0.13653938472270966,3.8442564010620117
251,0,0,1,0.22819922864437103,3.617253065109253,0.12186603248119354,3.860419511795044,0.189453125,3.8876500129699707,0.12021683156490326,3.8965516090393066
252,0,0,1,0.22505280375480652,3.623203992843628,0.11355528235435486,3.8896493911743164,0.1904296875,3.942857027053833,0.12043606489896774,3.9630978107452393
253,0,0,1,0.22718031704425812,3.6147797107696533,0.11798468977212906,3.86326003074646,0.19397719204425812,3.927155017852783,0.12222974747419357,3.919778347015381
254,0,0,1,0.2415945827960968,3.579770565032959,0.12375438213348389,3.7339560985565186,0.2406628578901291,3.7962403297424316,0.1574457883834839,3.7739241123199463
255,0,0,1,0.2403489649295807,3.589616298675537,0.13310645520687103,3.771252155303955,0.22253666818141937,3.8212878704071045,0.14618542790412903,3.8009543418884277
256,0,0,1,0.23709790408611298,3.5890955924987793,0.12088946998119354,3.7771503925323486,0.2282963991165161,3.8250982761383057,0.1522839516401291,3.816908836364746
257,0,0,1,0.22738708555698395,3.621999502182007,0.1391153186559677,3.8396546840667725,0.19938814640045166,3.8904993534088135,0.130859375,3.8879075050354004
258,0,0,1,0.2342454493045807,3.5965988636016846,0.12024174630641937,3.7979531288146973,0.21747449040412903,3.8429253101348877,0.14094386994838715,3.839507818222046
259,0,0,1,0.2305036187171936,3.6146488189697266,0.12455157935619354,3.851668119430542,0.20381256937980652,3.884369134902954,0.13040098547935486,3.8901116847991943
260,0,0,1,0.22785544395446777,3.6131551265716553,0.11412328481674194,3.8529579639434814,0.19304049015045166,3.8637208938598633,0.1231863796710968,3.8382139205932617
261,0,0,1,0.24397121369838715,3.5830371379852295,0.1343022584915161,3.7425339221954346,0.23672671616077423,3.7923049926757812,0.15489476919174194,3.7822954654693604
262,0,0,1,0.2257005274295807,3.6302897930145264,0.12868203222751617,3.8714911937713623,0.18050462007522583,3.9378933906555176,0.1187220960855484,3.9464495182037354
263,0,0,1,0.23967134952545166,3.5869383811950684,0.12373943626880646,3.7635998725891113,0.2287348508834839,3.8056983947753906,0.14877630770206451,3.774949789047241
264,0,0,1,0.22183911502361298,3.626100540161133,0.10999282449483871,3.922132730484009,0.16796875,3.93782639503479,0.10501036047935486,3.9569177627563477
265,0,0,1,0.23887166380882263,3.5880587100982666,0.12314651906490326,3.738792657852173,0.2389887571334839,3.793145179748535,0.15292170643806458,3.804769992828369
266,0,0,1,0.24141022562980652,3.5791401863098145,0.1256875842809677,3.737215518951416,0.2375936657190323,3.793734073638916,0.15433673560619354,3.7755682468414307
267,0,0,1,0.23151257634162903,3.609753370285034,0.12407325953245163,3.8370814323425293,0.1976941078901291,3.8725743293762207,0.12914539873600006,3.8734567165374756
268,0,0,1,0.2361088991165161,3.5970499515533447,0.126953125,3.7815933227539062,0.22498804330825806,3.857250452041626,0.1459263414144516,3.8780388832092285
269,0,0,1,0.24133798480033875,3.5825135707855225,0.12659937143325806,3.7439095973968506,0.23316924273967743,3.7991366386413574,0.14650429785251617,3.8066930770874023
270,0,0,1,0.24044114351272583,3.5957727432250977,0.14007194340229034,3.7746238708496094,0.22374242544174194,3.8294215202331543,0.14473053812980652,3.802396059036255
271,0,0,1,0.23818159103393555,3.587095260620117,0.12282266467809677,3.767838954925537,0.22362284362316132,3.807940721511841,0.14451131224632263,3.7958903312683105
272,0,0,1,0.23223502933979034,3.6043810844421387,0.11742665618658066,3.814197301864624,0.21123644709587097,3.8595149517059326,0.13938935101032257,3.8574492931365967
273,0,0,1,0.2364950329065323,3.5966439247131348,0.12251873314380646,3.7952420711517334,0.22452965378761292,3.851633310317993,0.14656409621238708,3.830432415008545
274,0,0,1,0.2352992445230484,3.6022276878356934,0.1329270899295807,3.8052401542663574,0.21085777878761292,3.8476369380950928,0.14004702866077423,3.811441659927368
275,0,0,1,0.22886189818382263,3.614790916442871,0.11441226303577423,3.8607325553894043,0.19277143478393555,3.8796072006225586,0.123465396463871,3.8676352500915527
276,0,0,1,0.237548828125,3.590578317642212,0.12497010082006454,3.780918598175049,0.22672192752361298,3.8343441486358643,0.14991231262683868,3.8109545707702637
277,0,0,1,0.24372956156730652,3.576807975769043,0.12561781704425812,3.722592353820801,0.24221739172935486,3.772493600845337,0.15467554330825806,3.7765750885009766
278,0,0,1,0.23851542174816132,3.5939712524414062,0.127685546875,3.784173011779785,0.2267717570066452,3.8339850902557373,0.14909517765045166,3.803635835647583
279,0,0,1,0.24035394191741943,3.5860178470611572,0.12554308772087097,3.7587411403656006,0.2304089516401291,3.8297293186187744,0.14548787474632263,3.797534227371216
280,0,0,1,0.2378801554441452,3.5944788455963135,0.12275290489196777,3.7909648418426514,0.22476880252361298,3.8459832668304443,0.14311622083187103,3.8302464485168457
281,0,0,1,0.23616370558738708,3.59576153755188,0.12585698068141937,3.8013064861297607,0.22107182443141937,3.8588685989379883,0.14347496628761292,3.837338447570801
282,0,0,1,0.22722765803337097,3.6160879135131836,0.11508490145206451,3.8683435916900635,0.19647839665412903,3.909621238708496,0.12802933156490326,3.8967933654785156
283,0,0,1,0.2402443289756775,3.588016986846924,0.12142757326364517,3.768249034881592,0.23280054330825806,3.8232171535491943,0.15240353345870972,3.777952194213867
284,0,0,1,0.23933753371238708,3.5877153873443604,0.12631037831306458,3.7693581581115723,0.23336853086948395,3.8317177295684814,0.15144690871238708,3.818002462387085
285,0,0,1,0.22855298221111298,3.614183187484741,0.11478595435619354,3.8579304218292236,0.20106226205825806,3.900331974029541,0.12456154078245163,3.8919999599456787
286,0,0,1,0.23444972932338715,3.604898452758789,0.13248863816261292,3.809145927429199,0.2163185477256775,3.828772783279419,0.14305643737316132,3.8067708015441895
287,0,0,1,0.22522221505641937,3.620368003845215,0.11209043860435486,3.886073589324951,0.18301577866077423,3.9029183387756348,0.11535394936800003,3.891845226287842
288,0,0,1,0.22459940612316132,3.6220662593841553,0.1129324734210968,3.8900115489959717,0.18117226660251617,3.953577995300293,0.1171875,3.997789144515991
289,0,0,1,0.2395642250776291,3.587096929550171,0.1295938342809677,3.773433208465576,0.2275390625,3.826749563217163,0.14666374027729034,3.812474489212036
290,0,0,1,0.23072035610675812,3.609827995300293,0.11287766695022583,3.8346943855285645,0.20420120656490326,3.8734629154205322,0.13018175959587097,3.851041078567505
291,0,0,1,0.22324666380882263,3.622800350189209,0.11244917660951614,3.8909122943878174,0.17807318270206451,3.911247968673706,0.11338089406490326,3.93742299079895
292,0,0,1,0.24024932086467743,3.584012508392334,0.12378427386283875,3.7580904960632324,0.2369559109210968,3.8231632709503174,0.15264269709587097,3.7987987995147705
293,0,0,1,0.22572295367717743,3.6193339824676514,0.11489058285951614,3.877878427505493,0.18493901193141937,3.933778762817383,0.11375956237316132,3.9738962650299072
294,0,0,1,0.2360241860151291,3.6021406650543213,0.13343530893325806,3.8078861236572266,0.21824178099632263,3.8542532920837402,0.14574696123600006,3.8140296936035156
295,0,0,1,0.24134546518325806,3.5806374549865723,0.12390884011983871,3.743375301361084,0.23847058415412903,3.795578956604004,0.15539301931858063,3.756572961807251
296,0,0,1,0.23916812241077423,3.588735818862915,0.12460140138864517,3.7637555599212646,0.2351323366165161,3.812044382095337,0.1513671875,3.7928900718688965
297,0,0,1,0.22398905456066132,3.6236722469329834,0.112060546875,3.8998265266418457,0.18279655277729034,3.931040048599243,0.11750637739896774,3.9323270320892334
298,0,0,1,0.23645517230033875,3.5944581031799316,0.12032146751880646,3.7900121212005615,0.22409118711948395,3.8489861488342285,0.14562739431858063,3.822225332260132
299,0,0,1,0.23559319972991943,3.59904408454895,0.12656448781490326,3.8076529502868652,0.21260163187980652,3.850386619567871,0.1378348171710968,3.8248987197875977
300,0,0,1,0.23311194777488708,3.602588415145874,0.12547831237316132,3.801342010498047,0.2181919664144516,3.8240773677825928,0.14387355744838715,3.828646659851074
301,0,0,1,0.22077536582946777,3.6280453205108643,0.11222496628761292,3.9049458503723145,0.1822684109210968,3.934831380844116,0.1178850457072258,3.942180871963501
302,0,0,1,0.2318638414144516,3.6129019260406494,0.12812399864196777,3.8361656665802,0.19610969722270966,3.8670222759246826,0.1267338991165161,3.8336217403411865
303,0,0,1,0.2254738211631775,3.6140851974487305,0.11055584251880646,3.865428924560547,0.18542729318141937,3.877042055130005,0.1183035671710968,3.873483896255493
304,0,0,1,0.22487592697143555,3.622065544128418,0.11082987487316132,3.8890037536621094,0.19055922329425812,3.9242796897888184,0.1209542378783226,3.9335968494415283
305,0,0,1,0.2417515367269516,3.5807340145111084,0.12462133169174194,3.735806703567505,0.24315409362316132,3.790910243988037,0.15515385568141937,3.76775860786438
306,0,0,1,0.22557348012924194,3.6251118183135986,0.12432238459587097,3.872715711593628,0.1798967570066452,3.909322500228882,0.11533401906490326,3.9123897552490234
307,0,0,1,0.22598950564861298,3.6173248291015625,0.111502505838871,3.8779213428497314,0.18740034103393555,3.922365188598633,0.11957907676696777,3.924166679382324
308,0,0,1,0.2272600382566452,3.6191353797912598,0.12500497698783875,3.8558332920074463,0.1909877210855484,3.8888134956359863,0.12448181957006454,3.8812038898468018
309,0,0,1,0.2379150390625,3.5928313732147217,0.12286750227212906,3.77927827835083,0.21816205978393555,3.8281185626983643,0.13655930757522583,3.8203444480895996
310,0,0,1,0.23685875535011292,3.597031831741333,0.1271524280309677,3.7878527641296387,0.21998564898967743,3.8454883098602295,0.14122289419174194,3.809624671936035
311,0,0,1,0.24032405018806458,3.5896878242492676,0.1290806382894516,3.762535333633423,0.2321528196334839,3.8170151710510254,0.14734135568141937,3.8168537616729736
312,0,0,1,0.2243577539920807,3.620137929916382,0.11915557086467743,3.8808279037475586,0.18399234116077423,3.8966636657714844,0.11678890138864517,3.8605802059173584
313,0,0,1,0.22945481538772583,3.6147656440734863,0.12135782092809677,3.8414418697357178,0.2031349539756775,3.8811380863189697,0.13325095176696777,3.8924617767333984
314,0,0,1,0.22274841368198395,3.6290247440338135,0.12014209479093552,3.900261163711548,0.1766282618045807,3.9238364696502686,0.11549346148967743,3.9628989696502686
315,0,0,1,0.23644520342350006,3.5950417518615723,0.12344048917293549,3.7811906337738037,0.22542649507522583,3.8488197326660156,0.14791932702064514,3.8509836196899414
316,0,0,1,0.23530671000480652,3.5943527221679688,0.11891143023967743,3.795273542404175,0.22185905277729034,3.835923433303833,0.14793924987316132,3.7992725372314453
317,0,0,1,0.24012725055217743,3.583977460861206,0.1268484890460968,3.7514827251434326,0.23613879084587097,3.8037726879119873,0.15035076439380646,3.7771739959716797
318,0,0,1,0.2408795952796936,3.583042860031128,0.12470105290412903,3.7567923069000244,0.23434509336948395,3.8060553073883057,0.14953364431858063,3.7922165393829346
319,0,0,1,0.23523695766925812,3.598140239715576,0.12639009952545166,3.8088066577911377,0.2105887234210968,3.858941078186035,0.13681839406490326,3.839184284210205
320,0,0,1,0.23694345355033875,3.593737840652466,0.12652961909770966,3.7810986042022705,0.2268514782190323,3.84458589553833,0.15204480290412903,3.822388172149658
321,0,0,1,0.23545120656490326,3.597257375717163,0.12017697095870972,3.7870233058929443,0.22458943724632263,3.8518059253692627,0.14855708181858063,3.819157600402832
322,0,0,1,0.238996222615242,3.592317819595337,0.13191565871238708,3.766014575958252,0.22820670902729034,3.7984366416931152,0.14754065871238708,3.8019721508026123
323,0,0,1,0.227277472615242,3.61446213722229,0.11465640366077423,3.8680689334869385,0.19178491830825806,3.909695625305176,0.11892139166593552,3.909669876098633
324,0,0,1,0.23977847397327423,3.590561866760254,0.13360969722270966,3.7741646766662598,0.22208824753761292,3.810696840286255,0.14616549015045166,3.7928824424743652
325,0,0,1,0.24153479933738708,3.5818119049072266,0.12510961294174194,3.7533652782440186,0.2344447523355484,3.80745530128479,0.14989237487316132,3.784736156463623
326,0,0,1,0.23499780893325806,3.596893787384033,0.1199427992105484,3.7959539890289307,0.22127112746238708,3.861067295074463,0.14748086035251617,3.8674323558807373
327,0,0,1,0.24072763323783875,3.583110809326172,0.12543347477912903,3.7527308464050293,0.2388392835855484,3.8037800788879395,0.15328045189380646,3.764659881591797
328,0,0,1,0.2316296547651291,3.604863405227661,0.11670918017625809,3.832692861557007,0.2008230984210968,3.862501859664917,0.12561781704425812,3.847374200820923
329,0,0,1,0.22530442476272583,3.628136157989502,0.1282884180545807,3.8769612312316895,0.18026545643806458,3.8936429023742676,0.11937978118658066,3.8986644744873047
330,0,0,1,0.22709064185619354,3.6158125400543213,0.11267338693141937,3.848721981048584,0.1969168484210968,3.900764226913452,0.1280691921710968,3.9024276733398438
331,0,0,1,0.25850754976272583,3.5280098915100098,0.14199517667293549,3.5813186168670654,0.28092116117477417,3.5907204151153564,0.17677773535251617,3.5735061168670654
332,0,0,1,0.2416020631790161,3.581082820892334,0.124197818338871,3.7439723014831543,0.2360590696334839,3.7793068885803223,0.15049026906490326,3.7613561153411865
333,0,0,1,0.23840580880641937,3.5909423828125,0.13020168244838715,3.7754478454589844,0.220075324177742,3.81254243850708,0.1390306055545807,3.807769536972046
334,0,0,1,0.22186154127120972,3.62851881980896,0.11735191941261292,3.914193630218506,0.174176886677742,3.9324331283569336,0.11491549760103226,3.9379119873046875
335,0,0,1,0.2383435219526291,3.5942323207855225,0.12915536761283875,3.789522409439087,0.22198858857154846,3.844548225402832,0.14546795189380646,3.83504581451416
336,0,0,1,0.2441655397415161,3.5784103870391846,0.1250348687171936,3.7365610599517822,0.24084222316741943,3.81108021736145,0.15718670189380646,3.780905246734619
337,0,0,1,0.2423967570066452,3.5801026821136475,0.1252690553665161,3.7465596199035645,0.23283043503761292,3.79978609085083,0.15027104318141937,3.7870025634765625
338,0,0,1,0.24307934939861298,3.5753068923950195,0.12822364270687103,3.724344253540039,0.24927255511283875,3.7974414825439453,0.16035553812980652,3.777777671813965
339,0,0,1,0.23578503727912903,3.593485116958618,0.12143255770206451,3.8036270141601562,0.21845105290412903,3.859501838684082,0.14556759595870972,3.8415937423706055
340,0,0,1,0.23332369327545166,3.6085331439971924,0.13392359018325806,3.820082664489746,0.2083665430545807,3.878957509994507,0.13410793244838715,3.8723435401916504
341,0,0,1,0.22869499027729034,3.6168627738952637,0.12914539873600006,3.853780746459961,0.18461017310619354,3.868401050567627,0.1188616082072258,3.8591549396514893
342,0,0,1,0.23273825645446777,3.608201503753662,0.12367964535951614,3.8242759704589844,0.20993104577064514,3.8840842247009277,0.13488520681858063,3.869385242462158
343,0,0,1,0.23913323879241943,3.584852695465088,0.1236397847533226,3.7550272941589355,0.2405034303665161,3.814584732055664,0.15830276906490326,3.7793025970458984
344,0,0,1,0.24132801592350006,3.584364891052246,0.12890125811100006,3.7501063346862793,0.23642776906490326,3.798701763153076,0.1552734375,3.7701194286346436
345,0,0,1,0.23234713077545166,3.6035962104797363,0.12341557443141937,3.811182975769043,0.2135184109210968,3.8727307319641113,0.14172114431858063,3.80452823638916
346,0,0,1,0.23233716189861298,3.6007485389709473,0.11536890268325806,3.794212818145752,0.21731504797935486,3.834235191345215,0.1414022594690323,3.784919023513794
347,0,0,1,0.23908591270446777,3.585322618484497,0.12291733175516129,3.7630724906921387,0.22843590378761292,3.826775550842285,0.14873644709587097,3.792308807373047
348,0,0,1,0.23782037198543549,3.595309257507324,0.1276506632566452,3.795940637588501,0.22298508882522583,3.8519909381866455,0.14273756742477417,3.8349623680114746
349,0,0,1,0.23292510211467743,3.5999701023101807,0.12231943011283875,3.8083503246307373,0.21697624027729034,3.8577661514282227,0.15076929330825806,3.8121612071990967
350,0,0,1,0.2364601492881775,3.5955307483673096,0.12260841578245163,3.794172525405884,0.2276088148355484,3.840681314468384,0.15146683156490326,3.825921058654785
351,0,0,1,0.2293177992105484,3.612558364868164,0.1216169074177742,3.8353476524353027,0.20164021849632263,3.8793673515319824,0.13173627853393555,3.852193593978882
352,1,1,1,0.3219268023967743,3.575821876525879,0.3718959093093872,3.6333115100860596,0.3420858383178711,3.682455062866211,0.20988121628761292,3.6776185035705566
353,1,1,1,0.29053980112075806,3.607365369796753,0.36123842000961304,3.695042848587036,0.32906168699264526,3.7219126224517822,0.214704230427742,3.7180914878845215
354,1,1,1,0.3703538477420807,3.574151039123535,0.5106026530265808,3.6050546169281006,0.4263193607330322,3.6060726642608643,0.25811144709587097,3.6244306564331055
355,1,1,1,0.3316675126552582,3.5802273750305176,0.4367775321006775,3.635239601135254,0.3751494586467743,3.651552677154541,0.22476880252361298,3.684075117111206
356,1,1,1,0.3392931818962097,3.5787510871887207,0.4298519194126129,3.6436429023742676,0.36962890625,3.6643571853637695,0.22646284103393555,3.664349317550659
357,1,1,1,0.3703538477420807,3.574151039123535,0.5106026530265808,3.6050546169281006,0.4263193607330322,3.6060726642608643,0.25811144709587097,3.6244306564331055
358,1,1,1,0.26405802369117737,3.6009716987609863,0.24180883169174194,3.722533702850342,0.27097615599632263,3.7829220294952393,0.17203444242477417,3.767956495285034
359,1,1,1,0.35249173641204834,3.5770604610443115,0.49087709188461304,3.6176652908325195,0.4172114133834839,3.6304337978363037,0.2504982352256775,3.644442558288574
360,1,1,1,0.3508325517177582,3.571474313735962,0.4538125693798065,3.63219952583313,0.39825811982154846,3.6596357822418213,0.23899872601032257,3.6559371948242188
361,1,1,1,0.29008638858795166,3.6040380001068115,0.33881238102912903,3.6952545642852783,0.3053850531578064,3.7200939655303955,0.19140625,3.7460432052612305
362,1,1,1,0.34496819972991943,3.583601236343384,0.4683763086795807,3.6337215900421143,0.4046456515789032,3.6411209106445312,0.24673150479793549,3.656381368637085
363,1,1,1,0.2608966529369354,3.597339630126953,0.22280572354793549,3.717160940170288,0.2643694281578064,3.7704484462738037,0.16711176931858063,3.774597406387329
364,1,1,1,0.2625483274459839,3.618290424346924,0.2820770740509033,3.7376973628997803,0.26524633169174194,3.7844316959381104,0.17239317297935486,3.773294687271118
365,1,1,1,0.2861402928829193,3.60666561126709,0.3163962662220001,3.7020881175994873,0.30108019709587097,3.751042604446411,0.18235810101032257,3.75803279876709
366,1,1,1,0.33558622002601624,3.584186315536499,0.42628446221351624,3.6344192028045654,0.3705556392669678,3.6455655097961426,0.22811701893806458,3.6594443321228027
367,1,1,1,0.2587641477584839,3.619379997253418,0.2608816921710968,3.749274253845215,0.26315370202064514,3.7985079288482666,0.17059949040412903,3.7957944869995117
368,1,1,1,0.27611058950424194,3.609574794769287,0.3134516477584839,3.7025957107543945,0.29033800959587097,3.7359280586242676,0.19575095176696777,3.735288143157959
369,1,2,0,0.22985340654850006,3.6326992511749268,0.16627471148967743,3.857365369796753,0.20560626685619354,3.9126641750335693,0.12077487260103226,3.914686441421509
370,1,1,1,0.3259202539920807,3.5827696323394775,0.40340501070022583,3.64105486869812,0.3523198366165161,3.657597064971924,0.2145647257566452,3.6693294048309326
371,1,1,1,0.22351323068141937,3.6265604496002197,0.11878188699483871,3.9063758850097656,0.19072863459587097,3.8958725929260254,0.13022162020206451,3.877410411834717
372,1,1,1,0.2905348241329193,3.557077169418335,0.25359731912612915,3.608786106109619,0.31965482234954834,3.620300531387329,0.20603474974632263,3.640742778778076
373,1,1,1,0.3344801366329193,3.5749685764312744,0.4204599857330322,3.6363227367401123,0.37613600492477417,3.691675901412964,0.2191685289144516,3.710193634033203
374,1,1,1,0.3237229883670807,3.5856478214263916,0.43312039971351624,3.644042730331421,0.382533460855484,3.660649061203003,0.24398118257522583,3.680934429168701
375,1,1,1,0.3832858204841614,3.556800603866577,0.5090182423591614,3.5898475646972656,0.428920179605484,3.609785556793213,0.2557397782802582,3.6188435554504395
376,1,1,1,0.27532583475112915,3.6135470867156982,0.31538981199264526,3.723775625228882,0.29518094658851624,3.7613935470581055,0.18172034621238708,3.758060932159424
377,1,1,1,0.22240711748600006,3.6186769008636475,0.12480069696903229,3.8530023097991943,0.20537707209587097,3.9088306427001953,0.14148198068141937,3.863361120223999
378,1,1,1,0.4018828570842743,3.5589795112609863,0.5661321878433228,3.5783145427703857,0.4721181392669678,3.588923215866089,0.2916533648967743,3.607557773590088
379,1,1,1,0.2808040678501129,3.6075127124786377,0.3075374662876129,3.6938467025756836,0.27980509400367737,3.7196481227874756,0.18285633623600006,3.7278473377227783
380,1,1,1,0.27745336294174194,3.6013898849487305,0.27479273080825806,3.70851469039917,0.27095621824264526,3.7663931846618652,0.16230866312980652,3.7743124961853027
381,1,1,1,0.24621830880641937,3.6216888427734375,0.2091936320066452,3.8320868015289307,0.26121053099632263,3.914546251296997,0.15690767765045166,3.9198527336120605
382,1,1,1,0.3039974272251129,3.594040632247925,0.38061025738716125,3.6671292781829834,0.3467594087123871,3.6915626525878906,0.21542170643806458,3.6793413162231445
383,1,1,1,0.2653982937335968,3.60947322845459,0.2709861099720001,3.720931053161621,0.27145448327064514,3.766014575958252,0.17695710062980652,3.778803825378418
384,1,1,1,0.3069570064544678,3.5953900814056396,0.3782635033130646,3.666065216064453,0.33423349261283875,3.680361270904541,0.2111567258834839,3.6947617530822754
385,1,1,1,0.29571157693862915,3.6047885417938232,0.35282304883003235,3.6986851692199707,0.32486647367477417,3.7353148460388184,0.2014508843421936,3.7380292415618896
386,1,1,1,0.24944694340229034,3.6284031867980957,0.2639857530593872,3.7842137813568115,0.25178372859954834,3.848102331161499,0.15933912992477417,3.855910062789917
387,1,1,1,0.30414441227912903,3.602165699005127,0.3796237111091614,3.677367687225342,0.328822523355484,3.6841626167297363,0.20844626426696777,3.705516815185547
388,1,1,1,0.3029884696006775,3.5953609943389893,0.3708844780921936,3.6584808826446533,0.32668009400367737,3.686819314956665,0.21251195669174194,3.701022148132324
389,1,1,1,0.34140077233314514,3.5740253925323486,0.4359305202960968,3.6241185665130615,0.3727778196334839,3.6489882469177246,0.22303491830825806,3.6565990447998047
390,1,1,1,0.2822888493537903,3.599092721939087,0.29319295287132263,3.6843061447143555,0.3015385866165161,3.7335095405578613,0.17863121628761292,3.7255382537841797
391,1,1,1,0.2462083399295807,3.6270060539245605,0.24214264750480652,3.779090166091919,0.23743422329425812,3.854282855987549,0.15718670189380646,3.8927347660064697
392,1,1,1,0.37946924567222595,3.5624663829803467,0.5131487250328064,3.5888378620147705,0.42978712916374207,3.603315591812134,0.2585698366165161,3.6230151653289795
393,1,1,1,0.2306356579065323,3.641084909439087,0.17461036145687103,3.909430742263794,0.21013033390045166,3.9555649757385254,0.12647481262683868,3.981563091278076
394,1,1,1,0.3155069053173065,3.5911943912506104,0.3707350194454193,3.651623487472534,0.3290218412876129,3.668968439102173,0.19626912474632263,3.6779041290283203
395,1,1,1,0.32008081674575806,3.5976743698120117,0.399169921875,3.661973476409912,0.3580397069454193,3.6848316192626953,0.21607939898967743,3.6758899688720703
396,1,1,1,0.28820550441741943,3.5998806953430176,0.3270687162876129,3.6933915615081787,0.31359612941741943,3.7334604263305664,0.198102667927742,3.7449698448181152
397,1,1,1,0.26760053634643555,3.591703414916992,0.23525689542293549,3.702247142791748,0.27502191066741943,3.776803493499756,0.17323023080825806,3.7428669929504395
398,1,1,1,0.25463616847991943,3.6258792877197266,0.2755301296710968,3.7433815002441406,0.2669602930545807,3.7848076820373535,0.1849290430545807,3.7839207649230957
399,1,1,1,0.3037881553173065,3.6031341552734375,0.3675262928009033,3.6796810626983643,0.32111966609954834,3.6953296661376953,0.19864077866077423,3.7229857444763184
400,1,1,1,0.3150809109210968,3.5846009254455566,0.3757922053337097,3.6503055095672607,0.33981385827064514,3.6836163997650146,0.20358338952064514,3.692413091659546
401,1,2,0,0.22697852551937103,3.607994556427002,0.11260363459587097,3.8344690799713135,0.20607461035251617,3.864506721496582,0.14429208636283875,3.870718240737915
402,1,1,1,0.2891247868537903,3.6031346321105957,0.31166791915893555,3.6913657188415527,0.2976522445678711,3.720522165298462,0.17879065871238708,3.7347006797790527
403,1,1,1,0.3213413655757904,3.6013071537017822,0.428431898355484,3.6596734523773193,0.3714524805545807,3.664985418319702,0.23064811527729034,3.6840922832489014
404,1,1,1,0.2923135459423065,3.6003477573394775,0.33231523633003235,3.6893413066864014,0.29312819242477417,3.701046943664551,0.18628427386283875,3.7255804538726807
405,1,2,0,0.2292405664920807,3.6430084705352783,0.174176886677742,3.9063446521759033,0.2219586968421936,3.9688875675201416,0.12878666818141937,3.983751058578491
406,1,1,1,0.3697086274623871,3.579371213912964,0.5283103585243225,3.6252806186676025,0.45029494166374207,3.6285297870635986,0.28095105290412903,3.627864122390747
407,1,1,1,0.3086360991001129,3.5919816493988037,0.39388352632522583,3.6635210514068604,0.3527582883834839,3.6847739219665527,0.218610480427742,3.7076306343078613
408,1,1,1,0.2523915767669678,3.615267753601074,0.22327406704425812,3.74029278755188,0.24144013226032257,3.7258243560791016,0.16617506742477417,3.718757390975952
409,1,1,1,0.3812754154205322,3.576986074447632,0.5364466905593872,3.6194376945495605,0.44890981912612915,3.6128437519073486,0.27919721603393555,3.62652587890625
410,1,1,1,0.36600664258003235,3.574817180633545,0.5163175463676453,3.6109700202941895,0.4432796537876129,3.6079490184783936,0.27541056275367737,3.612128257751465
411,1,1,1,0.27510660886764526,3.616562604904175,0.30780652165412903,3.7286412715911865,0.2798449397087097,3.743830680847168,0.18002630770206451,3.7429425716400146
412,1,1,1,0.23191864788532257,3.623230218887329,0.15906508266925812,3.834017276763916,0.20338408648967743,3.8986282348632812,0.13719706237316132,3.919959306716919
413,1,1,1,0.2781882584095001,3.6046817302703857,0.28796136379241943,3.7005796432495117,0.2672293484210968,3.724130153656006,0.16613520681858063,3.7671544551849365
414,1,1,1,0.28853684663772583,3.5932774543762207,0.31624680757522583,3.6794333457946777,0.29738321900367737,3.7217438220977783,0.1839524805545807,3.7162513732910156
415,1,1,1,0.23628826439380646,3.624567747116089,0.17524313926696777,3.812464475631714,0.2082170695066452,3.852404832839966,0.13349011540412903,3.820991277694702
416,1,1,1,0.25292718410491943,3.6206133365631104,0.24733935296535492,3.756657600402832,0.2470005601644516,3.8040504455566406,0.17024074494838715,3.8041441440582275
417,1,1,1,0.2879140377044678,3.6036462783813477,0.34019750356674194,3.6923065185546875,0.31427374482154846,3.726456880569458,0.1986009180545807,3.7521324157714844
418,1,1,1,0.23271334171295166,3.646944284439087,0.2553611099720001,3.8036563396453857,0.24154974520206451,3.850123643875122,0.17416693270206451,3.850554943084717
419,1,1,1,0.3152652680873871,3.5980007648468018,0.44740015268325806,3.67295503616333,0.40445631742477417,3.695230007171631,0.2645886540412903,3.699532985687256
420,1,1,1,0.27920469641685486,3.582547426223755,0.2567063868045807,3.678894519805908,0.3242785334587097,3.704597234725952,0.18574616312980652,3.698390483856201
421,1,1,1,0.2860555648803711,3.6082472801208496,0.3594646751880646,3.702686309814453,0.32084062695503235,3.7350995540618896,0.20434071123600006,3.7641665935516357
422,1,1,1,0.40187039971351624,3.553467035293579,0.5285295844078064,3.56880784034729,0.4394032955169678,3.5878217220306396,0.25450414419174194,3.594205141067505
423,1,1,1,0.32758939266204834,3.5906598567962646,0.4313815236091614,3.647158622741699,0.3733856678009033,3.6581265926361084,0.2283163219690323,3.683222770690918
424,1,1,1,0.34222036600112915,3.582470655441284,0.45731523633003235,3.634657144546509,0.39519888162612915,3.6424520015716553,0.23565050959587097,3.6571381092071533
425,1,1,1,0.3562260866165161,3.5690808296203613,0.43107759952545166,3.5995445251464844,0.37198060750961304,3.631814479827881,0.20115193724632263,3.63816499710083
426,1,1,1,0.24603644013404846,3.6089346408843994,0.20781847834587097,3.762023448944092,0.2705675959587097,3.809995651245117,0.17319037020206451,3.7831990718841553
427,1,1,1,0.2876599431037903,3.5989832878112793,0.30946069955825806,3.6872000694274902,0.294921875,3.7245912551879883,0.18542729318141937,3.7331254482269287
428,1,1,1,0.24916543066501617,3.6290831565856934,0.24642756581306458,3.7699711322784424,0.23323899507522583,3.7920618057250977,0.17099808156490326,3.7949883937835693
429,1,1,1,0.2535400390625,3.5989997386932373,0.19793327152729034,3.735488176345825,0.25065767765045166,3.8034508228302,0.1584223508834839,3.754182815551758
430,1,1,1,0.26708486676216125,3.599048614501953,0.25778260827064514,3.7146005630493164,0.28602319955825806,3.761488437652588,0.17602039873600006,3.7605299949645996
431,1,1,1,0.324183851480484,3.5942749977111816,0.45263671875,3.6678223609924316,0.4030512571334839,3.680989980697632,0.24764826893806458,3.704812526702881
432,1,1,1,0.3427759110927582,3.5882349014282227,0.4514259696006775,3.6375174522399902,0.38744619488716125,3.6477456092834473,0.23913823068141937,3.645637035369873
433,1,1,1,0.3440912961959839,3.578340768814087,0.4291743040084839,3.6220555305480957,0.38063016533851624,3.6418304443359375,0.21938775479793549,3.6630632877349854
434,1,1,1,0.36760103702545166,3.5770137310028076,0.5486935973167419,3.619187355041504,0.4810168147087097,3.618114471435547,0.29412466287612915,3.64005970954895
435,1,1,1,0.3155617117881775,3.5937442779541016,0.3881736099720001,3.6466729640960693,0.34644052386283875,3.6529366970062256,0.21211335062980652,3.677816390991211
436,1,1,1,0.26808133721351624,3.612619638442993,0.2874481678009033,3.73093318939209,0.2661032974720001,3.772543430328369,0.16788902878761292,3.800213575363159
437,1,1,1,0.3703538477420807,3.574151039123535,0.5106026530265808,3.6050546169281006,0.4263193607330322,3.6060726642608643,0.25811144709587097,3.6244306564331055
438,1,1,1,0.21752430498600006,3.6899538040161133,0.24508728086948395,3.965440034866333,0.27926698327064514,4.008064270019531,0.16422194242477417,4.045630931854248
439,1,1,1,0.22898896038532257,3.64770770072937,0.17777423560619354,3.912724256515503,0.21499322354793549,3.9937427043914795,0.1236049085855484,4.045146942138672
440,1,1,1,0.3038429617881775,3.560365676879883,0.2955247461795807,3.6154637336730957,0.31182238459587097,3.651188850402832,0.18379303812980652,3.6713294982910156
441,1,1,1,0.30477219820022583,3.6008353233337402,0.38675859570503235,3.6721503734588623,0.34140822291374207,3.684685230255127,0.2133091539144516,3.6898066997528076
442,1,1,1,0.27467066049575806,3.6075732707977295,0.3037109375,3.723242998123169,0.2855947017669678,3.7669224739074707,0.1785116344690323,3.756056785583496
443,1,1,1,0.27590879797935486,3.6133432388305664,0.29496172070503235,3.7200169563293457,0.28939133882522583,3.7570676803588867,0.17743542790412903,3.7746827602386475
444,1,1,1,0.3579375445842743,3.5818734169006348,0.5160683989524841,3.631385326385498,0.4468271732330322,3.638782262802124,0.2816884517669678,3.662515878677368
445,1,1,1,0.25638502836227417,3.6044015884399414,0.21988101303577423,3.7465500831604004,0.2262934446334839,3.7895989418029785,0.14303651452064514,3.842134714126587
446,1,1,1,0.25160685181617737,3.631206750869751,0.28410494327545166,3.7494606971740723,0.26406049728393555,3.7703685760498047,0.1891741007566452,3.7815001010894775
447,1,1,1,0.3272256553173065,3.5950772762298584,0.4429657459259033,3.652122974395752,0.38326090574264526,3.651491165161133,0.23686622083187103,3.6761465072631836
448,1,1,1,0.31361356377601624,3.596296787261963,0.4106295704841614,3.6803979873657227,0.3588169515132904,3.710231065750122,0.21681679785251617,3.738027334213257
449,1,1,1,0.27634724974632263,3.6018407344818115,0.29783162474632263,3.7065377235412598,0.2861925959587097,3.7506964206695557,0.18592554330825806,3.7575302124023438
450,1,1,1,0.27724409103393555,3.6066243648529053,0.32952505350112915,3.6949362754821777,0.30410951375961304,3.744544267654419,0.19044961035251617,3.7384889125823975
451,1,1,1,0.3045479953289032,3.572622776031494,0.2919772267341614,3.634221315383911,0.3178013265132904,3.6945629119873047,0.18775908648967743,3.6967413425445557
452,1,1,1,0.31660306453704834,3.590123414993286,0.4281180202960968,3.658388137817383,0.3804607689380646,3.6836302280426025,0.2536471486091614,3.701107978820801
453,1,1,1,0.32039469480514526,3.597508668899536,0.44457510113716125,3.6539764404296875,0.39512914419174194,3.667835235595703,0.2624959945678711,3.6821045875549316
454,1,3,0,0.22655750811100006,3.625354528427124,0.12939453125,3.876434326171875,0.18650349974632263,3.9184653759002686,0.11999760568141937,3.9294137954711914
455,1,1,1,0.2785046696662903,3.6090667247772217,0.3234165608882904,3.702916383743286,0.2982003390789032,3.741152763366699,0.19766421616077423,3.757309913635254
456,1,1,1,0.3703538477420807,3.574151039123535,0.5106026530265808,3.6050546169281006,0.4263193607330322,3.6060726642608643,0.25811144709587097,3.6244306564331055
457,1,1,1,0.32093778252601624,3.585319757461548,0.4123983383178711,3.652712345123291,0.3547114133834839,3.677210807800293,0.21424585580825806,3.710883617401123
458,1,1,1,0.3110799789428711,3.595050811767578,0.3869180381298065,3.6791749000549316,0.3408900499343872,3.701803684234619,0.21418605744838715,3.686051845550537
459,1,1,1,0.3104870915412903,3.5854835510253906,0.36484572291374207,3.6481032371520996,0.32878267765045166,3.6820027828216553,0.21025988459587097,3.6823697090148926
460,1,1,1,0.23775559663772583,3.643639326095581,0.2564173936843872,3.8184361457824707,0.2411411851644516,3.8548285961151123,0.16206951439380646,3.8797342777252197
461,1,1,1,0.29228365421295166,3.6110036373138428,0.3393654227256775,3.709963083267212,0.3092314898967743,3.7213199138641357,0.19519291818141937,3.7310597896575928
462,1,1,1,0.26166144013404846,3.614511728286743,0.27514150738716125,3.7462244033813477,0.2862224876880646,3.8007171154022217,0.18068398535251617,3.7757556438446045
463,1,1,1,0.24131806194782257,3.6386282444000244,0.2054966539144516,3.830035924911499,0.21334901452064514,3.8937411308288574,0.13526387512683868,3.8874318599700928
464,1,1,1,0.3650873899459839,3.5723886489868164,0.5130290985107422,3.6158769130706787,0.4379085600376129,3.628171682357788,0.2739157974720001,3.635986566543579
465,1,1,1,0.2869449555873871,3.6020820140838623,0.3331224024295807,3.691141128540039,0.325404554605484,3.728525400161743,0.2084263414144516,3.6980302333831787
466,1,1,1,0.2589435279369354,3.6208558082580566,0.2629145383834839,3.74088454246521,0.25708505511283875,3.7728207111358643,0.17831233143806458,3.8042919635772705
467,1,1,1,0.28075674176216125,3.583036184310913,0.254150390625,3.669489622116089,0.28999918699264526,3.730224609375,0.17057955265045166,3.7424933910369873
468,1,1,1,0.26391103863716125,3.5876660346984863,0.21752430498600006,3.7113702297210693,0.2783203125,3.774829864501953,0.17444594204425812,3.7774477005004883
469,1,1,1,0.3547811508178711,3.5849647521972656,0.48287028074264526,3.63303542137146,0.4054228961467743,3.635836362838745,0.25051817297935486,3.650357961654663
470,1,1,1,0.3068698048591614,3.5705227851867676,0.33158281445503235,3.626145839691162,0.3314134180545807,3.6252028942108154,0.1821986585855484,3.6161670684814453
471,1,1,1,0.26507940888404846,3.6119260787963867,0.28429925441741943,3.725937604904175,0.2640704810619354,3.768603801727295,0.1677694469690323,3.7937753200531006
472,1,1,1,0.3462686240673065,3.5709989070892334,0.4324178695678711,3.60657000541687,0.36868223547935486,3.632331371307373,0.22096221148967743,3.6576170921325684
473,1,1,1,0.26197534799575806,3.51461124420166,0.14453622698783875,3.5879554748535156,0.30206671357154846,3.5534589290618896,0.1975446343421936,3.603712558746338
474,1,1,1,0.2716861665248871,3.6095712184906006,0.2924555540084839,3.711825132369995,0.28122010827064514,3.7555365562438965,0.17701689898967743,3.7575995922088623
475,1,1,1,0.29945841431617737,3.5959901809692383,0.3703364133834839,3.6733129024505615,0.3382294178009033,3.698397159576416,0.21747449040412903,3.709585666656494
476,1,1,1,0.24723473191261292,3.6536142826080322,0.27309370040893555,3.837806224822998,0.25736406445503235,3.864715337753296,0.16424186527729034,3.927435874938965
477,1,1,1,0.3178262412548065,3.5907680988311768,0.39090898633003235,3.6594696044921875,0.3647959232330322,3.6914608478546143,0.21440528333187103,3.696040153503418
478,1,1,1,0.26197534799575806,3.51461124420166,0.14453622698783875,3.5879554748535156,0.30206671357154846,3.5534589290618896,0.1975446343421936,3.603712558746338
479,1,1,1,0.2540906071662903,3.621624708175659,0.25301438570022583,3.758354425430298,0.2539660334587097,3.7953386306762695,0.1720145046710968,3.8175182342529297
480,1,1,1,0.2579245865345001,3.6244289875030518,0.2681162357330322,3.7554264068603516,0.27159398794174194,3.79864239692688,0.17434629797935486,3.818129777908325
481,1,1,1,0.29241320490837097,3.5969653129577637,0.3198491334915161,3.6813771724700928,0.2905771732330322,3.7041494846343994,0.17807318270206451,3.744823694229126
482,1,1,1,0.3038354814052582,3.5925862789154053,0.332484632730484,3.659783363342285,0.32350125908851624,3.698589324951172,0.18835698068141937,3.6912496089935303
483,1,1,1,0.26242873072624207,3.5262908935546875,0.1510881632566452,3.5667128562927246,0.29361647367477417,3.5682334899902344,0.1919044852256775,3.5722296237945557
484,1,1,1,0.31381288170814514,3.584367275238037,0.3903908133506775,3.6499686241149902,0.34617146849632263,3.6877572536468506,0.2104591727256775,3.7032196521759033
485,1,1,1,0.28250807523727417,3.5989630222320557,0.30960020422935486,3.680469274520874,0.2959781587123871,3.720456600189209,0.19403699040412903,3.712921142578125
486,1,1,1,0.29225626587867737,3.5991783142089844,0.3280303180217743,3.6954448223114014,0.30224609375,3.724539279937744,0.17695710062980652,3.7525622844696045
487,1,1,1,0.30120474100112915,3.5920798778533936,0.34683912992477417,3.6622421741485596,0.3211595118045807,3.703745126724243,0.1962890625,3.7232205867767334
488,1,1,1,0.31717851758003235,3.588322162628174,0.3707898259162903,3.6395275592803955,0.32308274507522583,3.668064832687378,0.21016022562980652,3.6951162815093994
489,1,1,1,0.3045903444290161,3.593587636947632,0.3728724718093872,3.675615072250366,0.3461116850376129,3.735410213470459,0.20914380252361298,3.7526204586029053
490,1,1,1,0.2650495171546936,3.6033949851989746,0.25083208084106445,3.7148759365081787,0.2571847140789032,3.7719013690948486,0.16737085580825806,3.8091211318969727
491,1,1,1,0.25114595890045166,3.5525929927825928,0.1329171359539032,3.622446298599243,0.2744638919830322,3.667646884918213,0.18411192297935486,3.670707941055298
492,1,1,1,0.2813795506954193,3.6160976886749268,0.3596091568470001,3.718960762023926,0.32453763484954834,3.7431528568267822,0.21103714406490326,3.74955153465271
493,1,1,1,0.27047044038772583,3.61623477935791,0.2671695649623871,3.7414493560791016,0.2858538031578064,3.7739315032958984,0.1702008843421936,3.7505855560302734
494,1,1,1,0.25660672783851624,3.5942389965057373,0.20222815871238708,3.7249679565429688,0.25380659103393555,3.7753827571868896,0.16436144709587097,3.755547523498535
495,1,1,1,0.27199506759643555,3.6079721450805664,0.25848013162612915,3.739253520965576,0.28322306275367737,3.783371925354004,0.16220901906490326,3.785600185394287
496,1,1,1,0.25990015268325806,3.6176791191101074,0.27167370915412903,3.749220609664917,0.2802036702632904,3.8031580448150635,0.19401705265045166,3.8237287998199463
497,1,1,1,0.27472296357154846,3.6087000370025635,0.2846530079841614,3.708827018737793,0.2722018361091614,3.7418363094329834,0.16569674015045166,3.741640567779541
498,1,1,1,0.3377361595630646,3.5831894874572754,0.4448491334915161,3.6337711811065674,0.38988760113716125,3.6475489139556885,0.2316645383834839,3.647883653640747
499,1,1,1,0.2977394461631775,3.59326434135437,0.3413185477256775,3.6694936752319336,0.31880778074264526,3.702716112136841,0.19840161502361298,3.689502716064453
500,1,3,0,0.2263357937335968,3.625361919403076,0.11547353118658066,3.925051689147949,0.18605507910251617,3.919447183609009,0.12083465605974197,3.858980655670166
501,1,1,1,0.21125636994838715,3.632476329803467,0.1252790093421936,3.922844409942627,0.18982182443141937,3.951808452606201,0.13249361515045166,3.9595367908477783
502,1,1,1,0.31711873412132263,3.5887157917022705,0.4095483720302582,3.651913642883301,0.3565349876880646,3.680510997772217,0.22323420643806458,3.705026388168335
503,1,1,1,0.2970394194126129,3.6032590866088867,0.35066068172454834,3.6863410472869873,0.3215182423591614,3.7151403427124023,0.19473452866077423,3.723569631576538
504,1,1,1,0.31906190514564514,3.5843729972839355,0.3717763423919678,3.6465818881988525,0.3399134874343872,3.6751487255096436,0.19806282222270966,3.701549530029297
505,1,1,1,0.30297601222991943,3.594555139541626,0.3978545367717743,3.6697723865509033,0.34942999482154846,3.7044146060943604,0.2154017835855484,3.7257587909698486
506,1,1,1,0.24186363816261292,3.625764846801758,0.22922810912132263,3.7795770168304443,0.22368262708187103,3.8206887245178223,0.15475526452064514,3.8206052780151367
507,1,1,1,0.31507593393325806,3.5898919105529785,0.37636518478393555,3.65732479095459,0.3408701419830322,3.6897711753845215,0.20408162474632263,3.696972608566284
508,1,1,1,0.3634381890296936,3.568467378616333,0.47774332761764526,3.6121394634246826,0.39394330978393555,3.6241114139556885,0.2365473508834839,3.6432723999023438
509,1,1,1,0.23539888858795166,3.5998454093933105,0.13506457209587097,3.781503677368164,0.2367566078901291,3.830043315887451,0.16129225492477417,3.81181263923645
510,1,1,1,0.3703538477420807,3.574151039123535,0.5106026530265808,3.6050546169281006,0.4263193607330322,3.6060726642608643,0.25811144709587097,3.6244306564331055
511,1,1,1,0.2686418890953064,3.589632272720337,0.23812678456306458,3.693490743637085,0.2897700071334839,3.758760690689087,0.18423150479793549,3.7385330200195312
512,1,1,1,0.3675088584423065,3.5626723766326904,0.4865573048591614,3.6028835773468018,0.4034000337123871,3.622103691101074,0.24477837979793549,3.633040189743042
513,1,1,1,0.32109972834587097,3.582526445388794,0.3843221664428711,3.6449601650238037,0.3272181749343872,3.665742874145508,0.20420120656490326,3.7001757621765137
514,1,1,1,0.26071974635124207,3.6235153675079346,0.27273496985435486,3.748241662979126,0.26293447613716125,3.795725107192993,0.16005659103393555,3.8132238388061523
515,1,1,1,0.3011997640132904,3.6026434898376465,0.3736497461795807,3.6857306957244873,0.3268893361091614,3.7128398418426514,0.2113560289144516,3.718151807785034
516,1,1,1,0.3703538477420807,3.574151039123535,0.5106026530265808,3.6050546169281006,0.4263193607330322,3.6060726642608643,0.25811144709587097,3.6244306564331055
517,1,1,1,0.2976771593093872,3.594175338745117,0.38565248250961304,3.6778507232666016,0.35117384791374207,3.708237648010254,0.21699616312980652,3.711609125137329
518,1,1,1,0.3080556392669678,3.6043701171875,0.40182557702064514,3.6848526000976562,0.3632314205169678,3.6969356536865234,0.22504782676696777,3.7054553031921387
519,1,1,1,0.31824228167533875,3.5904574394226074,0.3767986595630646,3.6506314277648926,0.34196627140045166,3.672203302383423,0.20176976919174194,3.688462972640991
520,1,1,1,0.349818617105484,3.548290729522705,0.37758588790893555,3.5815155506134033,0.35927534103393555,3.6478614807128906,0.20296555757522583,3.6643755435943604
521,1,1,1,0.3322031497955322,3.6078786849975586,0.45421117544174194,3.6788244247436523,0.39483019709587097,3.668063163757324,0.24172911047935486,3.6768901348114014
522,1,1,1,0.32022032141685486,3.5892374515533447,0.3935796022415161,3.649639844894409,0.35383450984954834,3.677199602127075,0.2081473171710968,3.6960935592651367
523,1,1,1,0.23779296875,3.627645254135132,0.18728575110435486,3.8524303436279297,0.23174425959587097,3.9206225872039795,0.1429966539144516,3.938257932662964
524,1,1,1,0.28232619166374207,3.593304395675659,0.30162328481674194,3.692089080810547,0.32760682702064514,3.7411181926727295,0.19722576439380646,3.7138237953186035
525,1,1,1,0.27804628014564514,3.612445116043091,0.32050183415412903,3.719102621078491,0.28798627853393555,3.7652249336242676,0.18114237487316132,3.7559688091278076
526,1,1,1,0.3025973439216614,3.59427809715271,0.35300740599632263,3.6717147827148438,0.3118024468421936,3.6983699798583984,0.195172980427742,3.7010109424591064
527,1,1,1,0.2610112428665161,3.596867561340332,0.2150181382894516,3.7228593826293945,0.2636120915412903,3.7932260036468506,0.16613520681858063,3.770033597946167
528,1,1,1,0.2595314383506775,3.617875099182129,0.2603784501552582,3.7447521686553955,0.25337809324264526,3.7728006839752197,0.16996173560619354,3.781543254852295
529,1,1,1,0.2845035493373871,3.603851079940796,0.33801019191741943,3.6939563751220703,0.3078364133834839,3.7281172275543213,0.19913902878761292,3.7416932582855225
530,1,1,1,0.2582060992717743,3.6247804164886475,0.28582388162612915,3.760624647140503,0.2746432423591614,3.805232048034668,0.18293605744838715,3.8341867923736572
531,1,1,1,0.2900141477584839,3.611387014389038,0.36142775416374207,3.7222774028778076,0.3265106678009033,3.776872396469116,0.20713089406490326,3.7723467350006104
532,1,1,1,0.31641122698783875,3.592984914779663,0.42252272367477417,3.661670684814453,0.37796953320503235,3.6887423992156982,0.23457428812980652,3.7095158100128174
533,1,1,1,0.24197076261043549,3.629739761352539,0.21475405991077423,3.7922139167785645,0.21523237228393555,3.8321218490600586,0.14074458181858063,3.799915075302124
534,1,1,1,0.27522867918014526,3.6159451007843018,0.30954042077064514,3.718008518218994,0.29238080978393555,3.741692543029785,0.18510840833187103,3.7489233016967773
535,1,1,1,0.2678745687007904,3.591674566268921,0.22593969106674194,3.700641632080078,0.2724509537220001,3.767162799835205,0.16609534621238708,3.7374610900878906
536,1,1,1,0.28797632455825806,3.5732290744781494,0.26408541202545166,3.6441333293914795,0.30631178617477417,3.7082207202911377,0.17635920643806458,3.7220025062561035
537,1,1,1,0.2954001724720001,3.590768814086914,0.31770169734954834,3.685778856277466,0.3084542453289032,3.737901449203491,0.18156090378761292,3.7210757732391357
538,1,1,1,0.2831433415412903,3.6033382415771484,0.29192739725112915,3.6896793842315674,0.26609334349632263,3.7007827758789062,0.16444116830825806,3.7060961723327637
539,1,1,1,0.31166544556617737,3.588977336883545,0.373256117105484,3.660891056060791,0.33703362941741943,3.6853528022766113,0.20874521136283875,3.7062249183654785
540,1,1,1,0.23790258169174194,3.6261205673217773,0.19306540489196777,3.7975172996520996,0.222516730427742,3.8411552906036377,0.15654894709587097,3.8355188369750977
541,1,1,1,0.2759062945842743,3.6083736419677734,0.3072684109210968,3.711383104324341,0.30254504084587097,3.7500412464141846,0.19158561527729034,3.7464890480041504
542,1,1,1,0.2663748562335968,3.5975215435028076,0.23254643380641937,3.715059995651245,0.24650231003761292,3.769575834274292,0.14754065871238708,3.801161766052246
543,1,1,1,0.32952257990837097,3.581343173980713,0.39220941066741943,3.634835720062256,0.34652024507522583,3.668372869491577,0.21538184583187103,3.671231508255005
544,1,1,1,0.3444649875164032,3.575348377227783,0.4799655079841614,3.6253750324249268,0.4294283986091614,3.638812780380249,0.2873286008834839,3.6422972679138184
545,1,1,1,0.27460339665412903,3.6224007606506348,0.3513033986091614,3.7368526458740234,0.32863321900367737,3.7785258293151855,0.20922352373600006,3.787578582763672
546,1,1,1,0.2583281695842743,3.597907304763794,0.20845623314380646,3.7355751991271973,0.25390625,3.7922685146331787,0.16161112487316132,3.788876533508301
547,1,1,1,0.2970668077468872,3.609593629837036,0.3956124484539032,3.69315242767334,0.3578304350376129,3.704280376434326,0.22144052386283875,3.725677251815796
548,1,1,1,0.3679722249507904,3.567732095718384,0.49626314640045166,3.6067447662353516,0.4149892330169678,3.6185617446899414,0.2528699040412903,3.637925624847412
549,1,1,1,0.2896479368209839,3.6033096313476562,0.3225994408130646,3.68892765045166,0.3039401173591614,3.7278778553009033,0.1843710094690323,3.730191230773926
550,1,1,1,0.33438795804977417,3.5823609828948975,0.4726462662220001,3.6365246772766113,0.41641420125961304,3.6520771980285645,0.26642218232154846,3.654548168182373
551,1,1,1,0.23646514117717743,3.609372138977051,0.1364297717809677,3.795595645904541,0.21061861515045166,3.8460919857025146,0.1388113796710968,3.8376166820526123
552,1,1,1,0.25893354415893555,3.6057841777801514,0.236676886677742,3.736747980117798,0.2483358532190323,3.797118902206421,0.16248804330825806,3.8089046478271484
553,1,1,1,0.3050262928009033,3.5893661975860596,0.36332109570503235,3.6632063388824463,0.3261021077632904,3.6969594955444336,0.20448023080825806,3.706432819366455
554,1,1,1,0.3703538477420807,3.574151039123535,0.5106026530265808,3.6050546169281006,0.4263193607330322,3.6060726642608643,0.25811144709587097,3.6244306564331055
555,1,1,1,0.26960599422454834,3.60951566696167,0.28993940353393555,3.7256839275360107,0.2898297905921936,3.7853188514709473,0.18419164419174194,3.7777538299560547
556,1,1,1,0.26206251978874207,3.5926003456115723,0.21153539419174194,3.7062606811523438,0.2554308772087097,3.775484800338745,0.1652582883834839,3.7672455310821533
557,1,1,1,0.2645761966705322,3.6003031730651855,0.23548109829425812,3.712538719177246,0.2741250693798065,3.7728378772735596,0.18028539419174194,3.7449700832366943
558,1,1,1,0.23059828579425812,3.6467525959014893,0.2306431382894516,3.8019702434539795,0.21811224520206451,3.8173885345458984,0.16228874027729034,3.819108486175537
559,1,1,1,0.29994916915893555,3.6005048751831055,0.39753565192222595,3.6874678134918213,0.36709779500961304,3.715871810913086,0.22622369229793549,3.726015329360962
560,1,1,1,0.2459467649459839,3.6290807723999023,0.24978075921535492,3.7658183574676514,0.23177415132522583,3.7944021224975586,0.16472017765045166,3.812462091445923
561,1,1,1,0.33118921518325806,3.596764087677002,0.444545179605484,3.6662371158599854,0.3804209232330322,3.6819992065429688,0.23658721148967743,3.671299695968628
562,1,1,1,0.223371222615242,3.648205041885376,0.20167510211467743,3.834498643875122,0.1967075914144516,3.863323211669922,0.1397879421710968,3.8431708812713623
563,1,1,1,0.351460337638855,3.576974630355835,0.4888293147087097,3.620059013366699,0.4173608720302582,3.6345534324645996,0.25667649507522583,3.66418194770813
564,1,1,1,0.32187697291374207,3.5887434482574463,0.41143175959587097,3.647742748260498,0.3555384874343872,3.668656587600708,0.21639826893806458,3.680051565170288
565,1,1,1,0.28568437695503235,3.6033782958984375,0.3171635866165161,3.6940901279449463,0.2954001724720001,3.7322561740875244,0.19038982689380646,3.7463624477386475
566,1,1,1,0.26322096586227417,3.5939199924468994,0.21876494586467743,3.7166738510131836,0.2676279544830322,3.779536008834839,0.16617506742477417,3.7885584831237793
567,1,1,1,0.2620052397251129,3.6126022338867188,0.2677026689052582,3.7332353591918945,0.26881375908851624,3.774540424346924,0.17552216351032257,3.768479585647583
568,1,1,1,0.2931630611419678,3.6054487228393555,0.3531170189380646,3.6985409259796143,0.3251255452632904,3.729365348815918,0.20161032676696777,3.7200474739074707
569,1,1,1,0.32728296518325806,3.5877113342285156,0.43063417077064514,3.6424968242645264,0.3775111436843872,3.6553690433502197,0.23650749027729034,3.657874822616577
570,1,1,1,0.4076974093914032,3.553243637084961,0.5821707248687744,3.5724897384643555,0.48358777165412903,3.58622670173645,0.2953603267669678,3.6255061626434326
571,1,1,1,0.24768564105033875,3.6245839595794678,0.238874152302742,3.7710824012756348,0.2401646226644516,3.827310085296631,0.15790417790412903,3.824056625366211
572,1,1,1,0.27657395601272583,3.587061643600464,0.2514747977256775,3.6837058067321777,0.28888311982154846,3.751189947128296,0.17978714406490326,3.740161895751953
573,1,1,1,0.29477986693382263,3.592366933822632,0.3252550959587097,3.664613962173462,0.29434388875961304,3.6995396614074707,0.18566645681858063,3.7133963108062744
574,1,1,1,0.3021588921546936,3.5908780097961426,0.347920298576355,3.669320821762085,0.31198182702064514,3.695157766342163,0.19146603345870972,3.7212448120117188
575,1,1,1,0.34411370754241943,3.547332286834717,0.3821597993373871,3.5776848793029785,0.3553989827632904,3.592177152633667,0.19612962007522583,3.605832815170288
576,1,1,1,0.3944814205169678,3.558459758758545,0.5305424928665161,3.588202714920044,0.4407784640789032,3.6041417121887207,0.2660435140132904,3.6128549575805664
577,1,1,1,0.28630968928337097,3.608595132827759,0.35106924176216125,3.699237823486328,0.32837411761283875,3.7331349849700928,0.2005540430545807,3.7557387351989746
578,1,1,1,0.22189642488956451,3.6385130882263184,0.1570172905921936,3.9143238067626953,0.21246212720870972,3.9718587398529053,0.12593670189380646,3.993036985397339
579,1,1,1,0.2906518876552582,3.5941715240478516,0.31592294573783875,3.675177812576294,0.30045241117477417,3.7166264057159424,0.19337929785251617,3.707719326019287
580,1,1,1,0.3431819975376129,3.5738770961761475,0.4566724896430969,3.6342520713806152,0.39924463629722595,3.6560587882995605,0.24565528333187103,3.6515495777130127
581,1,1,1,0.2919996678829193,3.591761827468872,0.3048867881298065,3.6713786125183105,0.3144630789756775,3.7077670097351074,0.1985211968421936,3.6829636096954346
582,1,1,1,0.2571672797203064,3.622286319732666,0.2626355290412903,3.7431704998016357,0.25197306275367737,3.779284954071045,0.16856664419174194,3.768857955932617
583,1,1,1,0.30375826358795166,3.593360185623169,0.3690011203289032,3.660261869430542,0.33752191066741943,3.6937499046325684,0.205078125,3.707871675491333
584,1,1,1,0.2839978337287903,3.600759744644165,0.288818359375,3.691669464111328,0.29021841287612915,3.7387378215789795,0.16966278851032257,3.7553153038024902
585,1,1,1,0.22868502140045166,3.6021721363067627,0.12123823910951614,3.8244359493255615,0.21709582209587097,3.8811163902282715,0.14403299987316132,3.8551266193389893
586,1,1,1,0.26024892926216125,3.596040725708008,0.2102399468421936,3.7208030223846436,0.2719228267669678,3.7849605083465576,0.17185506224632263,3.7854576110839844
587,1,1,1,0.3703538477420807,3.574151039123535,0.5106026530265808,3.6050546169281006,0.4263193607330322,3.6060726642608643,0.25811144709587097,3.6244306564331055
588,1,1,1,0.27010422945022583,3.607736349105835,0.28648656606674194,3.7063252925872803,0.2733478248119354,3.74743914604187,0.1810825914144516,3.7631521224975586
589,1,1,1,0.24403350055217743,3.6322059631347656,0.24233697354793549,3.776676654815674,0.23978595435619354,3.8158998489379883,0.16846700012683868,3.8252692222595215
590,1,1,1,0.23493801057338715,3.633798599243164,0.17992664873600006,3.8838613033294678,0.22609414160251617,3.934593915939331,0.12657445669174194,3.935443162918091
591,1,1,1,0.2655128836631775,3.6127378940582275,0.2843789756298065,3.726820468902588,0.27258050441741943,3.7560503482818604,0.18056440353393555,3.7667770385742188
592,1,1,1,0.25628039240837097,3.617440938949585,0.2586246430873871,3.7548115253448486,0.25562021136283875,3.804264783859253,0.16661351919174194,3.798444986343384
593,1,1,1,0.3038429617881775,3.560365676879883,0.2955247461795807,3.6154637336730957,0.31182238459587097,3.651188850402832,0.18379303812980652,3.6713294982910156
594,1,1,1,0.3013392686843872,3.576777458190918,0.2937510013580322,3.646064043045044,0.3252750337123871,3.689296007156372,0.18905451893806458,3.695235013961792
595,1,1,1,0.22984594106674194,3.6473629474639893,0.2165876030921936,3.822383165359497,0.1916952282190323,3.8351614475250244,0.1341477930545807,3.8640618324279785
596,1,1,1,0.3439318537712097,3.572922706604004,0.4404197037220001,3.6184470653533936,0.380879282951355,3.645099639892578,0.23917809128761292,3.6573619842529297
597,1,1,1,0.27056261897087097,3.604294538497925,0.24831093847751617,3.724562168121338,0.2772839665412903,3.7791993618011475,0.16236846148967743,3.770467758178711
598,1,1,1,0.32624661922454834,3.585660934448242,0.43189969658851624,3.6416871547698975,0.3704659640789032,3.6723780632019043,0.22807715833187103,3.6903181076049805
599,1,1,1,0.2555255591869354,3.615082263946533,0.25341796875,3.7457432746887207,0.2591278553009033,3.792531967163086,0.17442601919174194,3.771366596221924
600,1,1,1,0.35441744327545166,3.566122531890869,0.44693177938461304,3.6097590923309326,0.37951409816741943,3.6254429817199707,0.22682158648967743,3.6495914459228516
601,1,1,1,0.26133260130882263,3.604379415512085,0.23520208895206451,3.735542058944702,0.2509267330169678,3.8047337532043457,0.16147162020206451,3.8002963066101074
602,1,1,1,0.2940773367881775,3.596543788909912,0.33994337916374207,3.6800286769866943,0.2961874008178711,3.716885805130005,0.1859056055545807,3.7412092685699463
603,1,1,1,0.3603241443634033,3.5736637115478516,0.47322922945022583,3.622432231903076,0.40335020422935486,3.6520986557006836,0.24880419671535492,3.6621274948120117
604,1,1,1,0.2525136470794678,3.6103925704956055,0.22601941227912903,3.745541572570801,0.24853515625,3.784531593322754,0.1638631969690323,3.7977378368377686
605,1,1,1,0.3703538477420807,3.574151039123535,0.5106026530265808,3.6050546169281006,0.4263193607330322,3.6060726642608643,0.25811144709587097,3.6244306564331055
606,1,1,1,0.3773641586303711,3.5704891681671143,0.5327995419502258,3.608762264251709,0.44827207922935486,3.62205171585083,0.2745535671710968,3.647212505340576
607,1,1,1,0.22958435118198395,3.6287314891815186,0.16209442913532257,3.850398063659668,0.19585059583187103,3.889284610748291,0.14002710580825806,3.896669626235962
608,1,1,1,0.3280826508998871,3.5853068828582764,0.44486406445503235,3.6399099826812744,0.3927973508834839,3.657085657119751,0.25129544734954834,3.6637322902679443
609,1,1,1,0.3068698048591614,3.5705227851867676,0.33158281445503235,3.626145839691162,0.3314134180545807,3.6252028942108154,0.1821986585855484,3.6161670684814453
610,1,1,1,0.3704659640789032,3.5779244899749756,0.5202288031578064,3.619354009628296,0.4364038407802582,3.61684250831604,0.26985013484954834,3.6393649578094482
611,1,1,1,0.27276235818862915,3.6115500926971436,0.27653658390045166,3.73685622215271,0.2869598865509033,3.7852206230163574,0.17398756742477417,3.773310422897339
612,1,1,1,0.2575957477092743,3.618108034133911,0.2654954493045807,3.7282962799072266,0.2763173580169678,3.7785351276397705,0.1810227930545807,3.7651658058166504
613,1,1,1,0.32452017068862915,3.598479986190796,0.4501853287220001,3.66210675239563,0.3932158648967743,3.6628737449645996,0.2484056055545807,3.6833279132843018
614,1,1,1,0.3703538477420807,3.574151039123535,0.5106026530265808,3.6050546169281006,0.4263193607330322,3.6060726642608643,0.25811144709587097,3.6244306564331055
615,1,1,1,0.2674734890460968,3.6179423332214355,0.315150648355484,3.725083827972412,0.28986966609954834,3.756058931350708,0.1965082883834839,3.752941131591797
616,1,1,1,0.29681769013404846,3.595837116241455,0.3334512412548065,3.6800448894500732,0.3050561845302582,3.6996374130249023,0.18769928812980652,3.7112975120544434
617,1,1,1,0.3047597408294678,3.596781015396118,0.3498036861419678,3.668893337249756,0.3191366195678711,3.6976518630981445,0.19680723547935486,3.701974630355835
618,1,1,1,0.32016053795814514,3.5885071754455566,0.3784030079841614,3.647820234298706,0.3312041461467743,3.6653428077697754,0.20280611515045166,3.683863878250122
619,1,1,1,0.3571951687335968,3.5759549140930176,0.477748304605484,3.6150636672973633,0.40677812695503235,3.6191420555114746,0.24184869229793549,3.641038417816162
620,1,1,1,0.2588139772415161,3.5855519771575928,0.20001095533370972,3.707097053527832,0.2686443626880646,3.7692792415618896,0.17045997083187103,3.7384543418884277
621,1,1,1,0.2714046537876129,3.6087806224823,0.28224149346351624,3.7169134616851807,0.27472296357154846,3.74271821975708,0.18012595176696777,3.7347865104675293
622,1,1,1,0.23752889037132263,3.635915517807007,0.23275071382522583,3.821916341781616,0.24526666104793549,3.887336015701294,0.16013631224632263,3.9202239513397217
623,1,1,1,0.3630993962287903,3.576805591583252,0.5125259160995483,3.610114097595215,0.4344905912876129,3.6163477897644043,0.2714245915412903,3.6349217891693115
624,1,1,1,0.3195028305053711,3.5829272270202637,0.37482061982154846,3.6483356952667236,0.3433912694454193,3.6839234828948975,0.20280611515045166,3.670990467071533
625,1,1,1,0.33436551690101624,3.580515146255493,0.4229013919830322,3.628608226776123,0.36667928099632263,3.6531238555908203,0.2306879758834839,3.6680777072906494
626,1,1,1,0.24665427207946777,3.6223273277282715,0.23175421357154846,3.7596638202667236,0.22892418503761292,3.776520252227783,0.1555524468421936,3.7413196563720703
627,1,1,1,0.2706224024295807,3.5898003578186035,0.23640784621238708,3.685234308242798,0.28140944242477417,3.7518768310546875,0.17063935101032257,3.732422351837158
628,1,1,1,0.2504359483718872,3.61698842048645,0.22717036306858063,3.7521603107452393,0.23823142051696777,3.806123733520508,0.1602957546710968,3.799328565597534
629,1,1,1,0.2699497640132904,3.610225200653076,0.27731385827064514,3.714668035507202,0.2586495578289032,3.743643045425415,0.1698620766401291,3.7268567085266113
630,1,1,1,0.3062046468257904,3.598057270050049,0.39790934324264526,3.675377607345581,0.3514827787876129,3.7116410732269287,0.22159996628761292,3.7221872806549072
631,1,1,1,0.27769750356674194,3.603283405303955,0.3006616532802582,3.7157959938049316,0.2935467064380646,3.7560935020446777,0.18574616312980652,3.7581543922424316
632,1,1,1,0.2574114203453064,3.6152021884918213,0.248779296875,3.7478721141815186,0.26070231199264526,3.8010854721069336,0.16468031704425812,3.7813143730163574
633,1,1,1,0.29208436608314514,3.6032752990722656,0.37529894709587097,3.67934513092041,0.33902662992477417,3.7079830169677734,0.2236328125,3.729881525039673
634,1,1,1,0.3368019461631775,3.5785865783691406,0.42807814478874207,3.627314805984497,0.3650948703289032,3.6471149921417236,0.23174425959587097,3.6600446701049805
635,1,1,1,0.23348313570022583,3.6371610164642334,0.20779356360435486,3.8262319564819336,0.21203364431858063,3.877197027206421,0.13948899507522583,3.866838216781616
636,1,1,1,0.3324049413204193,3.58854079246521,0.43997129797935486,3.640514612197876,0.3799724876880646,3.650336980819702,0.22821667790412903,3.6601169109344482
637,1,1,1,0.26806142926216125,3.615100145339966,0.2815539240837097,3.723583936691284,0.2518734037876129,3.7558157444000244,0.178571417927742,3.7388393878936768
638,1,1,1,0.25030890107154846,3.623173713684082,0.248639777302742,3.7761857509613037,0.24830596148967743,3.8122642040252686,0.1674107164144516,3.8130953311920166
639,1,1,1,0.2755550444126129,3.586230993270874,0.25549066066741943,3.6888723373413086,0.2883549928665161,3.745654344558716,0.18134167790412903,3.73282790184021
640,1,1,1,0.2992366850376129,3.5930933952331543,0.34826409816741943,3.6709489822387695,0.30011358857154846,3.6911046504974365,0.19583067297935486,3.7240993976593018
641,1,1,1,0.22278080880641937,3.6280834674835205,0.14800402522087097,3.8920047283172607,0.20443040132522583,3.940969944000244,0.1332310289144516,3.9485414028167725
642,1,1,1,0.3703538477420807,3.574151039123535,0.5106026530265808,3.6050546169281006,0.4263193607330322,3.6060726642608643,0.25811144709587097,3.6244306564331055
643,1,1,1,0.3016531765460968,3.5920255184173584,0.35003286600112915,3.6665337085723877,0.30919164419174194,3.709198236465454,0.19571109116077423,3.7232179641723633
644,1,1,1,0.28574666380882263,3.6000819206237793,0.3058733344078064,3.6838572025299072,0.30156847834587097,3.720649003982544,0.18012595176696777,3.717194080352783
645,1,1,1,0.2824980914592743,3.600351095199585,0.2842693626880646,3.715217113494873,0.28875356912612915,3.772440195083618,0.1742466539144516,3.761523485183716
646,1,1,1,0.2674112021923065,3.614751100540161,0.30723851919174194,3.7157986164093018,0.28532564640045166,3.7529423236846924,0.19602997601032257,3.7336316108703613
647,1,1,1,0.26197534799575806,3.51461124420166,0.14453622698783875,3.5879554748535156,0.30206671357154846,3.5534589290618896,0.1975446343421936,3.603712558746338
648,1,1,1,0.2809709906578064,3.6005728244781494,0.31565389037132263,3.6951053142547607,0.28888311982154846,3.7356674671173096,0.18427136540412903,3.773848056793213
649,1,1,1,0.29053980112075806,3.573256254196167,0.2625308930873871,3.6439619064331055,0.3116728961467743,3.7136874198913574,0.17629942297935486,3.7126383781433105
650,1,1,1,0.2957863211631775,3.592313766479492,0.3570133149623871,3.664484977722168,0.3079061508178711,3.6786627769470215,0.20045439898967743,3.6965599060058594
651,1,1,1,0.2924904227256775,3.6044137477874756,0.3272978961467743,3.6836657524108887,0.30437856912612915,3.7055819034576416,0.18636399507522583,3.7127580642700195
652,1,1,1,0.3703538477420807,3.574151039123535,0.5106026530265808,3.6050546169281006,0.4263193607330322,3.6060726642608643,0.25811144709587097,3.6244306564331055
653,1,1,1,0.31326979398727417,3.5908358097076416,0.37796953320503235,3.656116485595703,0.32976919412612915,3.6699604988098145,0.21000079810619354,3.6825473308563232
654,1,1,1,0.25764310359954834,3.5217366218566895,0.14121292531490326,3.5907135009765625,0.2954898774623871,3.5731630325317383,0.1957310289144516,3.6073720455169678
655,1,1,1,0.22598204016685486,3.647826671600342,0.2130301296710968,3.8472962379455566,0.21092753112316132,3.889970302581787,0.16234852373600006,3.9300270080566406
656,1,1,1,0.32427355647087097,3.577631711959839,0.399922251701355,3.6406822204589844,0.3573521077632904,3.674604654312134,0.21538184583187103,3.6713242530822754
657,1,1,1,0.3703538477420807,3.574151039123535,0.5106026530265808,3.6050546169281006,0.4263193607330322,3.6060726642608643,0.25811144709587097,3.6244306564331055
658,1,1,1,0.34084025025367737,3.5933151245117188,0.45558133721351624,3.648698091506958,0.39143213629722595,3.6576461791992188,0.23523198068141937,3.659832239151001
659,1,1,1,0.22485102713108063,3.617913246154785,0.1349848508834839,3.8545327186584473,0.21131616830825806,3.885174036026001,0.13831312954425812,3.851729154586792
660,1,1,1,0.2669428586959839,3.6151857376098633,0.28529077768325806,3.7213363647460938,0.2647381126880646,3.7624874114990234,0.17608019709587097,3.770458459854126
661,1,1,1,0.3234938085079193,3.586794376373291,0.4092046022415161,3.6570396423339844,0.3721400499343872,3.6952738761901855,0.21781329810619354,3.704364538192749
662,1,1,1,0.3703538477420807,3.574151039123535,0.5106026530265808,3.6050546169281006,0.4263193607330322,3.6060726642608643,0.25811144709587097,3.6244306564331055
663,1,1,1,0.2551867365837097,3.6123650074005127,0.214704230427742,3.7608373165130615,0.23648755252361298,3.8250885009765625,0.14901545643806458,3.8175737857818604
664,1,1,1,0.3703538477420807,3.574151039123535,0.5106026530265808,3.6050546169281006,0.4263193607330322,3.6060726642608643,0.25811144709587097,3.6244306564331055
665,1,1,1,0.33324944972991943,3.573862314224243,0.40492963790893555,3.6277639865875244,0.3585379421710968,3.675208330154419,0.2170758843421936,3.6751744747161865
666,1,1,1,0.28298887610435486,3.5997939109802246,0.30491170287132263,3.6896743774414062,0.28154894709587097,3.729029417037964,0.17807318270206451,3.7252378463745117
667,1,1,1,0.30487683415412903,3.600449323654175,0.4193837642669678,3.683885335922241,0.3779795169830322,3.701246976852417,0.2522919178009033,3.714195489883423
668,1,1,1,0.36988797783851624,3.574106216430664,0.5351961255073547,3.6097042560577393,0.45621412992477417,3.6113319396972656,0.28617265820503235,3.626854181289673
669,1,1,1,0.3703538477420807,3.574151039123535,0.5106026530265808,3.6050546169281006,0.4263193607330322,3.6060726642608643,0.25811144709587097,3.6244306564331055
670,1,1,1,0.3703538477420807,3.574151039123535,0.5106026530265808,3.6050546169281006,0.4263193607330322,3.6060726642608643,0.25811144709587097,3.6244306564331055
671,1,1,1,0.3296795189380646,3.5946831703186035,0.44295579195022583,3.6487183570861816,0.3830815553665161,3.6523163318634033,0.23794244229793549,3.6611106395721436
672,1,1,1,0.2710558772087097,3.603240728378296,0.2586395740509033,3.7250239849090576,0.2769451439380646,3.77349591255188,0.16571667790412903,3.760192394256592
673,1,1,1,0.2758863866329193,3.6128604412078857,0.29025331139564514,3.716075897216797,0.27556997537612915,3.749584197998047,0.16683274507522583,3.732290029525757
674,1,1,1,0.25398099422454834,3.6091809272766113,0.23698082566261292,3.7385151386260986,0.24573500454425812,3.7864558696746826,0.16422194242477417,3.8091020584106445
675,1,1,1,0.3378133773803711,3.5831520557403564,0.4236886203289032,3.6347782611846924,0.3662707209587097,3.650914192199707,0.21845105290412903,3.6585166454315186
676,1,1,1,0.28796136379241943,3.6104161739349365,0.3205915093421936,3.7084732055664062,0.3016880452632904,3.7246572971343994,0.1815808266401291,3.6997036933898926
677,1,1,1,0.3271733522415161,3.585045337677002,0.41197484731674194,3.6382052898406982,0.36012235283851624,3.655413866043091,0.22261638939380646,3.69301700592041
678,1,1,1,0.3910086452960968,3.554945945739746,0.5120874643325806,3.5723111629486084,0.4271065890789032,3.5873403549194336,0.24264587461948395,3.594989776611328
679,1,1,1,0.3703538477420807,3.574151039123535,0.5106026530265808,3.6050546169281006,0.4263193607330322,3.6060726642608643,0.25811144709587097,3.6244306564331055
680,1,1,1,0.2700992524623871,3.615126371383667,0.3038753569126129,3.720916986465454,0.2830536365509033,3.759690284729004,0.18700174987316132,3.7899391651153564
681,1,1,1,0.35474878549575806,3.5807414054870605,0.5002889633178711,3.625405788421631,0.4271763265132904,3.6192498207092285,0.267578125,3.6450915336608887
682,1,1,1,0.3410121202468872,3.550279378890991,0.3562908470630646,3.5685439109802246,0.3604113459587097,3.5986783504486084,0.2192482352256775,3.6228525638580322
683,1,1,1,0.28684529662132263,3.611618757247925,0.3244130611419678,3.706240177154541,0.28504663705825806,3.7086522579193115,0.17974728345870972,3.715489625930786
684,1,1,1,0.3469836115837097,3.5790984630584717,0.4567272961139679,3.6274449825286865,0.3904854953289032,3.6377787590026855,0.23634804785251617,3.6460072994232178
685,1,1,1,0.27239614725112915,3.622551202774048,0.3435506820678711,3.7347865104675293,0.31799066066741943,3.765566825866699,0.2077885866165161,3.766449213027954
686,1,1,1,0.2969173491001129,3.599630832672119,0.3734404742717743,3.6790568828582764,0.3437001705169678,3.6935722827911377,0.2272600382566452,3.7082347869873047
687,1,1,1,0.2619354724884033,3.6179487705230713,0.30078622698783875,3.7125179767608643,0.27981504797935486,3.736039876937866,0.19760443270206451,3.751084327697754
688,1,1,1,0.25867196917533875,3.6188976764678955,0.25142496824264526,3.746640920639038,0.25219228863716125,3.781294345855713,0.16123245656490326,3.8253400325775146
689,1,1,1,0.31510332226753235,3.593240261077881,0.40071946382522583,3.6621365547180176,0.3539939224720001,3.674867630004883,0.2181919664144516,3.6744611263275146
690,1,1,1,0.25611597299575806,3.614792823791504,0.24426019191741943,3.7579755783081055,0.24871452152729034,3.798870086669922,0.1609135866165161,3.8464205265045166
691,1,1,1,0.2732556462287903,3.6140198707580566,0.31765684485435486,3.7045094966888428,0.28310346603393555,3.7145724296569824,0.19441565871238708,3.737673044204712
692,1,1,1,0.3064064383506775,3.5890450477600098,0.3335907459259033,3.6686482429504395,0.30397000908851624,3.694072961807251,0.1831752210855484,3.6775104999542236
693,1,1,1,0.38081201910972595,3.5620923042297363,0.5179019570350647,3.5982682704925537,0.4339325428009033,3.6152114868164062,0.2663225531578064,3.6174511909484863
694,1,1,1,0.3434286117553711,3.576555013656616,0.47548627853393555,3.6252830028533936,0.41277700662612915,3.6401758193969727,0.2571747303009033,3.658942937850952
695,1,1,1,0.3003377914428711,3.5925943851470947,0.36631056666374207,3.6794068813323975,0.3402822017669678,3.7133946418762207,0.2001953125,3.7319064140319824
696,1,1,1,0.2696857154369354,3.61106276512146,0.2960728108882904,3.7128047943115234,0.27404534816741943,3.733536958694458,0.1839524805545807,3.7253520488739014
697,1,1,1,0.27920469641685486,3.582547426223755,0.2567063868045807,3.678894519805908,0.3242785334587097,3.704597234725952,0.18574616312980652,3.698390483856201
698,2,2,1,0.21903648972511292,3.6354877948760986,0.11599170416593552,3.9692440032958984,0.15815329551696777,3.9637703895568848,0.10243941098451614,3.9188716411590576
699,2,2,1,0.22674435377120972,3.6391003131866455,0.1614915430545807,3.8784708976745605,0.19707629084587097,3.9377055168151855,0.11764588207006454,3.9727256298065186
700,2,2,1,0.23631317913532257,3.5938878059387207,0.12743143737316132,3.8069283962249756,0.20471937954425812,3.837324857711792,0.1353236585855484,3.8338732719421387
701,2,1,0,0.2280970960855484,3.605319023132324,0.1307896226644516,3.822552442550659,0.22387196123600006,3.859966278076172,0.14590640366077423,3.835268497467041
702,2,2,1,0.2263706773519516,3.621347665786743,0.11318159848451614,3.9248547554016113,0.16798867285251617,3.909301280975342,0.11639030277729034,3.8938355445861816
703,2,2,1,0.22088000178337097,3.6354737281799316,0.12845782935619354,3.933558225631714,0.18351402878761292,3.9700260162353516,0.11770567297935486,3.9273619651794434
704,2,2,1,0.22350575029850006,3.6348516941070557,0.13743123412132263,3.9393105506896973,0.17476482689380646,3.965674638748169,0.11320152878761292,3.927993059158325
705,2,2,1,0.22619380056858063,3.626018762588501,0.12429248541593552,3.9265213012695312,0.1716059446334839,3.951802968978882,0.11306201666593552,3.893707036972046
706,2,2,1,0.22341856360435486,3.623558759689331,0.11228475719690323,3.923278331756592,0.17146643996238708,3.9338059425354004,0.11840321868658066,3.881164789199829
707,2,2,1,0.2302594780921936,3.6252434253692627,0.1304856836795807,3.9161479473114014,0.17377829551696777,3.935432195663452,0.11114875227212906,3.9185941219329834
708,2,2,1,0.21354332566261292,3.647693634033203,0.12017199397087097,3.9907541275024414,0.16049505770206451,4.018688678741455,0.10108418017625809,4.017941474914551
709,2,2,1,0.2250279039144516,3.628343343734741,0.11750637739896774,3.897260904312134,0.17407724261283875,3.917510986328125,0.116629458963871,3.8492822647094727
710,2,2,1,0.225690558552742,3.6287171840667725,0.1224539577960968,3.938601016998291,0.17058952152729034,3.957240581512451,0.11172671616077423,3.9334640502929688
711,2,2,1,0.22242705523967743,3.6330249309539795,0.11264349520206451,3.942321300506592,0.16719147562980652,3.963285207748413,0.1155133917927742,3.922532796859741
712,2,2,1,0.2371053844690323,3.591735363006592,0.133056640625,3.7796666622161865,0.208356574177742,3.809220790863037,0.12934470176696777,3.8044683933258057
713,2,2,1,0.22112414240837097,3.6333749294281006,0.11305703967809677,3.9516549110412598,0.16826769709587097,3.979391098022461,0.10997289419174194,3.9329466819763184
714,2,2,1,0.22422073781490326,3.622938871383667,0.11574756354093552,3.892256021499634,0.17365871369838715,3.904860258102417,0.1213727667927742,3.911494255065918
715,2,2,1,0.2272077202796936,3.630384922027588,0.1324637234210968,3.9136762619018555,0.1792689710855484,3.9460811614990234,0.11421795189380646,3.9326469898223877
716,2,2,1,0.2160993218421936,3.6544313430786133,0.13439692556858063,3.975754499435425,0.16625477373600006,4.0155839920043945,0.10734215378761292,4.015410423278809
717,2,2,1,0.23756875097751617,3.588148355484009,0.11804448068141937,3.792377233505249,0.22727997601032257,3.8305857181549072,0.15547272562980652,3.8089988231658936
718,2,2,1,0.21401166915893555,3.643889904022217,0.1112932488322258,3.9768097400665283,0.15466557443141937,4.003157138824463,0.10074537247419357,3.988328456878662
719,2,2,1,0.2218540757894516,3.6276416778564453,0.12125318497419357,3.918104887008667,0.17547233402729034,3.9072632789611816,0.11868223547935486,3.8507137298583984
720,2,2,1,0.22374491393566132,3.627926826477051,0.10991310328245163,3.9411604404449463,0.16007652878761292,3.9667580127716064,0.10628587007522583,3.9874367713928223
721,2,2,1,0.21772609651088715,3.6435461044311523,0.13833306729793549,3.9553017616271973,0.18112245202064514,3.954885482788086,0.11619100719690323,3.87581467628479
722,2,2,1,0.2213059961795807,3.633023500442505,0.13099390268325806,3.9360618591308594,0.17937858402729034,3.9979445934295654,0.11296237260103226,3.9465420246124268
723,2,2,1,0.21103714406490326,3.6515605449676514,0.12429248541593552,4.000881671905518,0.16133210062980652,4.017109394073486,0.09883210808038712,4.004033088684082
724,2,2,1,0.22682656347751617,3.6370127201080322,0.1521245241165161,3.8986637592315674,0.19034996628761292,3.9439849853515625,0.11967872828245163,3.9067444801330566
725,2,2,1,0.2287697196006775,3.622236728668213,0.13092415034770966,3.9012444019317627,0.18020567297935486,3.9471356868743896,0.11692840605974197,3.895517349243164
726,2,2,1,0.2237299680709839,3.630908489227295,0.11979831010103226,3.9431042671203613,0.16570670902729034,3.954477071762085,0.11092952638864517,3.924901247024536
727,2,2,1,0.22308972477912903,3.6286990642547607,0.1143624410033226,3.9402692317962646,0.1685965359210968,3.9563212394714355,0.10933513939380646,3.9068539142608643
728,2,2,1,0.23630818724632263,3.5929620265960693,0.12104392051696777,3.8110644817352295,0.20074337720870972,3.8503847122192383,0.13831312954425812,3.8530259132385254
729,2,2,1,0.22843590378761292,3.633615493774414,0.1358119398355484,3.9140069484710693,0.17720623314380646,3.9483776092529297,0.11348054558038712,3.9244818687438965
730,2,2,1,0.22045649588108063,3.6310667991638184,0.11815907806158066,3.9227914810180664,0.17010124027729034,3.903104782104492,0.11680883169174194,3.835181713104248
731,2,2,1,0.2267194390296936,3.6232707500457764,0.11411331593990326,3.897960901260376,0.1765385866165161,3.9230074882507324,0.12045599520206451,3.886333465576172
732,2,2,1,0.22787787020206451,3.6245081424713135,0.133056640625,3.9060475826263428,0.19040974974632263,3.9570860862731934,0.1171875,3.893367290496826
733,2,2,1,0.2218017578125,3.6278457641601562,0.11555822938680649,3.934549331665039,0.16361407935619354,3.954808473587036,0.11094945669174194,3.900485038757324
734,2,2,1,0.2217320054769516,3.628425359725952,0.10768096148967743,3.9318435192108154,0.17141661047935486,3.9196605682373047,0.12035634368658066,3.9190263748168945
735,2,2,1,0.2298334836959839,3.6285486221313477,0.15085896849632263,3.885329246520996,0.19861088693141937,3.9381866455078125,0.12322624027729034,3.9370856285095215
736,2,2,1,0.22498056292533875,3.6239466667175293,0.11414819955825806,3.9158010482788086,0.16527821123600006,3.9214398860931396,0.10959422588348389,3.8847062587738037
737,2,2,1,0.22619877755641937,3.640939235687256,0.15140704810619354,3.9209556579589844,0.18518812954425812,3.9629251956939697,0.11567282676696777,3.9684700965881348
738,2,2,1,0.22352568805217743,3.6301252841949463,0.11426278948783875,3.953298807144165,0.1653081178665161,3.9333293437957764,0.1103515625,3.879176378250122
739,2,2,1,0.2240089774131775,3.6225268840789795,0.1165597066283226,3.9121570587158203,0.16473014652729034,3.9456777572631836,0.10865752398967743,3.9220468997955322
740,2,2,1,0.2316197007894516,3.6272828578948975,0.15095862746238708,3.9076175689697266,0.1857661008834839,3.934288263320923,0.11413823068141937,3.9238693714141846
741,2,2,1,0.232038214802742,3.599858283996582,0.1183035671710968,3.828251361846924,0.20510801672935486,3.8593499660491943,0.13869179785251617,3.832303524017334
742,2,2,1,0.22732730209827423,3.6225357055664062,0.11523935198783875,3.9210946559906006,0.17284159362316132,3.9413087368011475,0.11445710808038712,3.9075396060943604
743,2,2,1,0.2189692258834839,3.6357171535491943,0.11906090378761292,3.9451372623443604,0.16649393737316132,3.947629928588867,0.1095145046710968,3.885350227355957
744,2,2,1,0.22171206772327423,3.6353697776794434,0.1121651753783226,3.9428305625915527,0.16126234829425812,3.9581658840179443,0.10788025707006454,3.9144651889801025
745,2,2,1,0.22345343232154846,3.6227145195007324,0.11266840249300003,3.906337022781372,0.16662348806858063,3.9163925647735596,0.10961415618658066,3.89618182182312
746,2,2,1,0.23496541380882263,3.5924489498138428,0.12436722218990326,3.8096630573272705,0.1990194469690323,3.8153414726257324,0.1344866007566452,3.8026082515716553
747,2,2,1,0.22580765187740326,3.627707004547119,0.1171526238322258,3.9252753257751465,0.1667928844690323,3.9551918506622314,0.10792011767625809,3.949399709701538
748,2,2,1,0.23026446998119354,3.627350330352783,0.13161171972751617,3.9169411659240723,0.18672272562980652,3.9371864795684814,0.11591199040412903,3.9080123901367188
749,2,2,1,0.2241460084915161,3.624180316925049,0.12276287376880646,3.898900032043457,0.17805324494838715,3.900660514831543,0.1170479878783226,3.853226661682129
750,2,2,1,0.22501294314861298,3.629746913909912,0.1230119988322258,3.9213008880615234,0.1669323891401291,3.9409024715423584,0.10662467777729034,3.8975701332092285
751,2,2,1,0.23783032596111298,3.5843067169189453,0.12310168147087097,3.779738426208496,0.2133888602256775,3.7933127880096436,0.14534837007522583,3.7679967880249023
752,2,2,1,0.21489855647087097,3.6346943378448486,0.11300721019506454,3.9538381099700928,0.16170081496238708,3.974548578262329,0.1083984375,3.9703989028930664
753,2,2,1,0.21546904742717743,3.6435351371765137,0.12115851789712906,3.974585771560669,0.1665736585855484,3.9931204319000244,0.10831871628761292,3.943146228790283
754,2,2,1,0.2251848429441452,3.6259915828704834,0.11943957209587097,3.9092273712158203,0.17863121628761292,3.936349391937256,0.11959900707006454,3.884019374847412
755,2,2,1,0.22335627675056458,3.6442887783050537,0.1392647922039032,3.9526314735412598,0.18049465119838715,3.988903045654297,0.11362005770206451,3.9633398056030273
756,2,2,1,0.23296496272087097,3.600968837738037,0.11828363686800003,3.820303201675415,0.21054886281490326,3.848076105117798,0.14339524507522583,3.8246004581451416
757,2,2,1,0.221418097615242,3.646069288253784,0.15157146751880646,3.923375368118286,0.17821268737316132,3.990438461303711,0.10947464406490326,4.001456260681152
758,2,2,1,0.2256108522415161,3.6264548301696777,0.11780034005641937,3.924628973007202,0.1734095960855484,3.9294333457946777,0.11539380997419357,3.8661484718322754
759,2,2,1,0.22135083377361298,3.6361477375030518,0.12753607332706451,3.9235458374023438,0.17937858402729034,3.9410033226013184,0.11975844949483871,3.8958230018615723
760,2,2,1,0.2254887819290161,3.6276445388793945,0.1095145046710968,3.938444137573242,0.16582629084587097,3.9231417179107666,0.10955436527729034,3.9170455932617188
761,2,2,1,0.21989595890045166,3.6272828578948975,0.12434729188680649,3.9107666015625,0.18696188926696777,3.9423835277557373,0.12181121855974197,3.8810536861419678
762,2,2,1,0.22035683691501617,3.6323583126068115,0.11852777749300003,3.9348018169403076,0.17405731976032257,3.9674243927001953,0.1128627210855484,3.9374890327453613
763,2,2,1,0.22701838612556458,3.6240739822387695,0.12979312241077423,3.9083685874938965,0.1799565553665161,3.925964832305908,0.12051577866077423,3.857780694961548
764,2,2,1,0.2222651243209839,3.6267051696777344,0.1161063015460968,3.9362313747406006,0.167829230427742,3.93373703956604,0.11204559355974197,3.8404481410980225
765,2,2,1,0.21991339325904846,3.632138252258301,0.11829360574483871,3.957796335220337,0.1698521226644516,3.9627456665039062,0.11362005770206451,3.8847570419311523
766,2,2,1,0.23897132277488708,3.5923378467559814,0.11862244457006454,3.8065357208251953,0.21319952607154846,3.809441566467285,0.14869658648967743,3.797480344772339
767,2,2,1,0.21850337088108063,3.6364684104919434,0.11262854188680649,3.962441921234131,0.15697742998600006,3.967434883117676,0.10483099520206451,3.9439163208007812
768,2,2,1,0.2287771999835968,3.619755506515503,0.11583725363016129,3.885629415512085,0.17690728604793549,3.9345462322235107,0.12043606489896774,3.9030282497406006
769,2,2,1,0.22764867544174194,3.6225433349609375,0.11392896622419357,3.9046618938446045,0.17690728604793549,3.9021010398864746,0.12201052159070969,3.8451485633850098
770,2,2,1,0.22188147902488708,3.63537859916687,0.1321847140789032,3.9440255165100098,0.1693040430545807,3.9777517318725586,0.10805962979793549,3.9730727672576904
771,2,2,1,0.23807446658611298,3.5892951488494873,0.1194893941283226,3.793928861618042,0.21445511281490326,3.837275266647339,0.14315608143806458,3.848113536834717
772,2,2,1,0.23149512708187103,3.611327648162842,0.12672890722751617,3.862708806991577,0.1908482164144516,3.8813178539276123,0.12589684128761292,3.8421719074249268
773,2,2,1,0.2265027016401291,3.6267378330230713,0.11885662376880646,3.9232864379882812,0.16650390625,3.942845106124878,0.10845822840929031,3.946894407272339
774,2,2,1,0.23079758882522583,3.6000173091888428,0.12281269580125809,3.8336241245269775,0.19724568724632263,3.8598060607910156,0.1337890625,3.8324146270751953
775,2,2,1,0.22905123233795166,3.61942720413208,0.11909079551696777,3.910384178161621,0.176618292927742,3.9416611194610596,0.11561304330825806,3.934321641921997
776,2,2,1,0.23214782774448395,3.6266820430755615,0.16408242285251617,3.86110782623291,0.21020008623600006,3.9121551513671875,0.13339045643806458,3.932765483856201
777,2,2,1,0.22170957922935486,3.6300394535064697,0.11038145422935486,3.9563961029052734,0.16446109116077423,3.9424381256103516,0.11013232916593552,3.873507022857666
778,2,2,1,0.22479620575904846,3.631019115447998,0.10910096019506454,3.942366600036621,0.16695232689380646,3.9515340328216553,0.11503507196903229,3.9190921783447266
779,2,2,1,0.21864287555217743,3.630410671234131,0.10928530991077423,3.9446065425872803,0.16488958895206451,3.9366652965545654,0.11457668989896774,3.890937566757202
780,2,2,1,0.2289441078901291,3.633253574371338,0.15171097218990326,3.9062695503234863,0.19934828579425812,3.9686079025268555,0.11491549760103226,3.9732916355133057
781,2,2,1,0.22187399864196777,3.6299655437469482,0.12016202509403229,3.9361445903778076,0.17126713693141937,3.9429800510406494,0.11583226919174194,3.8749139308929443
782,2,2,1,0.2327282875776291,3.6224536895751953,0.14337532222270966,3.8942174911499023,0.18887515366077423,3.9374802112579346,0.11812420189380646,3.92508864402771
783,2,2,1,0.21949487924575806,3.6378722190856934,0.11870216578245163,3.9361987113952637,0.16415217518806458,3.9530141353607178,0.10620614886283875,3.9452054500579834
784,2,2,1,0.22055365145206451,3.6375887393951416,0.12809908390045166,3.9393231868743896,0.17420679330825806,3.951721668243408,0.11206552386283875,3.9430909156799316
785,2,2,1,0.22712302207946777,3.6193113327026367,0.11335598677396774,3.914201498031616,0.16808833181858063,3.9309935569763184,0.11086973547935486,3.8941218852996826
786,2,2,1,0.2228032350540161,3.622015953063965,0.11457668989896774,3.9054183959960938,0.1755620241165161,3.927006483078003,0.11912069469690323,3.8889074325561523
787,2,2,1,0.22236725687980652,3.6366569995880127,0.10840839892625809,3.970263719558716,0.14541812241077423,3.9428493976593018,0.0982142835855484,3.8991477489471436
788,2,2,1,0.2218640297651291,3.628601551055908,0.11371472477912903,3.917188882827759,0.17372846603393555,3.92853045463562,0.12075494229793549,3.8649942874908447
789,2,2,1,0.22415347397327423,3.625615358352661,0.1218610480427742,3.914997100830078,0.17063935101032257,3.9374561309814453,0.1143973171710968,3.9047038555145264
790,2,2,1,0.23761358857154846,3.591644048690796,0.12514448165893555,3.8102879524230957,0.2067522257566452,3.852853298187256,0.14502950012683868,3.8272640705108643
791,2,2,1,0.21819943189620972,3.6363272666931152,0.12470602989196777,3.9460625648498535,0.175641730427742,3.9573357105255127,0.11232461780309677,3.9008162021636963
792,2,2,1,0.218122199177742,3.639202356338501,0.13000239431858063,3.9605627059936523,0.17421674728393555,3.988102674484253,0.11079001426696777,4.001978874206543
793,2,2,1,0.22626355290412903,3.626101016998291,0.1309291273355484,3.902808427810669,0.170758917927742,3.939484119415283,0.11310187727212906,3.980792999267578
794,2,2,1,0.21560357511043549,3.6399214267730713,0.11099429428577423,3.9863088130950928,0.1578543484210968,3.9951391220092773,0.10317681729793549,3.927177906036377
795,2,2,1,0.23447713255882263,3.598484992980957,0.1263602077960968,3.822443962097168,0.2008230984210968,3.8779337406158447,0.13046076893806458,3.8556370735168457
796,2,2,1,0.22559839487075806,3.6294820308685303,0.14087411761283875,3.91780424118042,0.18965241312980652,3.9649012088775635,0.11860251426696777,3.911611557006836
797,2,2,1,0.22439761459827423,3.6313626766204834,0.13492007553577423,3.9203810691833496,0.18899473547935486,3.949594020843506,0.12063536047935486,3.8800594806671143
798,2,2,1,0.23052355647087097,3.60886812210083,0.12367964535951614,3.863271951675415,0.20582549273967743,3.8734447956085205,0.14130261540412903,3.8245415687561035
799,2,2,1,0.21989098191261292,3.643237590789795,0.12249880284070969,3.9458227157592773,0.16578643023967743,3.98040509223938,0.10606664419174194,3.9394965171813965
800,2,2,1,0.22729741036891937,3.618321180343628,0.1204310804605484,3.880600690841675,0.1775251030921936,3.8856019973754883,0.1199776753783226,3.8478405475616455
801,2,2,1,0.22591477632522583,3.6191720962524414,0.11200075596570969,3.90604567527771,0.17388790845870972,3.936103105545044,0.12043606489896774,3.9013733863830566
802,2,2,1,0.22700095176696777,3.6271400451660156,0.1185477077960968,3.9273736476898193,0.1762794852256775,3.943753480911255,0.11920040845870972,3.891991376876831
803,2,2,1,0.22923807799816132,3.6249430179595947,0.15725645422935486,3.851625442504883,0.20886479318141937,3.9110209941864014,0.12924505770206451,3.922436475753784
804,2,2,1,0.2264329493045807,3.6185693740844727,0.11445710808038712,3.9093680381774902,0.16876594722270966,3.9413084983825684,0.11549346148967743,3.8855910301208496
805,2,2,1,0.22196118533611298,3.6377992630004883,0.12662926316261292,3.94991135597229,0.17578125,3.9647958278656006,0.1121651753783226,3.912402391433716
806,2,2,1,0.21983617544174194,3.636439800262451,0.10928530991077423,3.9579648971557617,0.15389826893806458,3.935185194015503,0.10447225719690323,3.8412818908691406
807,2,2,1,0.22561831772327423,3.6236846446990967,0.11664938926696777,3.9147446155548096,0.17768454551696777,3.94245982170105,0.11465640366077423,3.9339475631713867
808,2,2,1,0.21435546875,3.6462159156799316,0.11452188342809677,3.9804654121398926,0.16683274507522583,3.9949827194213867,0.10788025707006454,3.9309070110321045
809,2,2,1,0.22289790213108063,3.6399919986724854,0.12564273178577423,3.9535629749298096,0.16744060814380646,3.9901208877563477,0.10497049987316132,3.9732296466827393
810,2,2,1,0.22369757294654846,3.6368911266326904,0.11353535205125809,3.9614691734313965,0.1571667641401291,3.9466142654418945,0.10676418989896774,3.90498423576355
811,2,2,1,0.22325663268566132,3.629155158996582,0.10908102989196777,3.936691999435425,0.16215918958187103,3.9408836364746094,0.11224489659070969,3.9231178760528564
812,2,2,1,0.22089245915412903,3.642937660217285,0.13356484472751617,3.95762300491333,0.16396284103393555,3.9919776916503906,0.10078523308038712,4.002966403961182
813,2,2,1,0.23343579471111298,3.629606246948242,0.1550741344690323,3.889442205429077,0.20777861773967743,3.9494988918304443,0.12898597121238708,3.93062424659729
814,2,2,1,0.23989057540893555,3.584273099899292,0.12118841707706451,3.788677453994751,0.2090541273355484,3.814671754837036,0.1450892835855484,3.8056318759918213
815,2,2,1,0.21886210143566132,3.6392951011657715,0.11334601789712906,3.980922222137451,0.16274712979793549,3.954261541366577,0.10768096148967743,3.9070887565612793
816,2,2,1,0.2193777859210968,3.630274772644043,0.11343072354793549,3.9662654399871826,0.16318558156490326,4.000671863555908,0.10544881969690323,4.003779888153076
817,2,2,1,0.21968919038772583,3.639111042022705,0.11619100719690323,3.9616637229919434,0.16468031704425812,3.9796078205108643,0.11218510568141937,3.9463491439819336
818,2,2,1,0.23610390722751617,3.58612060546875,0.12236427515745163,3.776578903198242,0.21295040845870972,3.812026262283325,0.1448899805545807,3.777716636657715
819,2,2,1,0.22351323068141937,3.6270954608917236,0.11286770552396774,3.9358584880828857,0.16826769709587097,3.9440364837646484,0.11344068497419357,3.9146170616149902
820,2,2,1,0.22583754360675812,3.6230902671813965,0.10729233175516129,3.9142751693725586,0.17856146395206451,3.9142251014709473,0.11724728345870972,3.9058303833007812
821,2,2,1,0.2315424680709839,3.6168081760406494,0.1314174085855484,3.8574841022491455,0.1789201945066452,3.8870508670806885,0.12240912020206451,3.8699121475219727
822,2,2,1,0.22091986238956451,3.6249279975891113,0.10900131613016129,3.9221556186676025,0.16990193724632263,3.9238710403442383,0.1180245503783226,3.869976282119751
823,2,2,1,0.2209821343421936,3.6386635303497314,0.12514947354793549,3.9436261653900146,0.17604033648967743,3.946450710296631,0.11591199040412903,3.894085168838501
824,2,2,1,0.22259396314620972,3.6276259422302246,0.11081492900848389,3.9439773559570312,0.15923947095870972,3.9420526027679443,0.10726243257522583,3.876997470855713
825,2,2,1,0.22622618079185486,3.619035482406616,0.1138741597533226,3.918179750442505,0.17170558869838715,3.8975682258605957,0.11419802159070969,3.8647470474243164
826,2,2,1,0.23061822354793549,3.6155641078948975,0.11723732203245163,3.918487071990967,0.16902503371238708,3.864579677581787,0.1206752210855484,3.822460889816284
827,2,2,1,0.2196568101644516,3.641428232192993,0.11513970792293549,3.9844648838043213,0.15730628371238708,3.9977829456329346,0.10080516338348389,3.9780545234680176
828,2,2,1,0.21994079649448395,3.638413906097412,0.14194037020206451,3.9395885467529297,0.18069395422935486,3.9956984519958496,0.11166693270206451,4.009637832641602
829,2,2,1,0.21809479594230652,3.6349306106567383,0.11528419703245163,3.948958396911621,0.16976243257522583,3.950222969055176,0.11375956237316132,3.902592897415161
830,2,2,1,0.23639538884162903,3.5905513763427734,0.121023990213871,3.8042404651641846,0.20736008882522583,3.8419435024261475,0.1413225382566452,3.841912269592285
831,2,2,1,0.21867774426937103,3.6348671913146973,0.12716737389564514,3.9290051460266113,0.16802853345870972,3.9705255031585693,0.10883688926696777,3.9498260021209717
832,2,2,1,0.22354809939861298,3.6298837661743164,0.10661471635103226,3.9324703216552734,0.17134685814380646,3.898284435272217,0.11569275707006454,3.8492679595947266
833,2,2,1,0.21852827072143555,3.644193410873413,0.11393893510103226,3.9754679203033447,0.15546277165412903,3.9868597984313965,0.10120376199483871,3.991138219833374
834,2,2,1,0.22346839308738708,3.640320062637329,0.13002729415893555,3.933363914489746,0.1658163219690323,3.9548678398132324,0.1032366082072258,3.891505718231201
835,2,2,1,0.2310018688440323,3.6370058059692383,0.1609584242105484,3.9063613414764404,0.17660833895206451,3.969869613647461,0.10188137739896774,3.997652530670166
836,2,2,1,0.22020487487316132,3.6319916248321533,0.1214425191283226,3.9271764755249023,0.16969268023967743,3.934582233428955,0.11417809128761292,3.8497118949890137
837,2,2,1,0.2273397594690323,3.628824472427368,0.1333356499671936,3.918426036834717,0.1824079155921936,3.944878339767456,0.11455675959587097,3.8693459033966064
838,2,2,1,0.22705078125,3.6240179538726807,0.11279296875,3.9257442951202393,0.1653280407190323,3.936230421066284,0.11005261540412903,3.9250271320343018
839,2,2,1,0.2334507554769516,3.5976054668426514,0.12631037831306458,3.8136563301086426,0.2005540430545807,3.8324058055877686,0.13388870656490326,3.8151235580444336
840,2,2,1,0.22981604933738708,3.631176233291626,0.15175580978393555,3.8939523696899414,0.19290098547935486,3.954179048538208,0.1247209832072258,3.92233943939209
841,2,2,1,0.2218889445066452,3.641981363296509,0.13686323165893555,3.934544324874878,0.16898517310619354,3.9590163230895996,0.1109095960855484,3.9225516319274902
842,2,3,0,0.2316197007894516,3.6192805767059326,0.14373405277729034,3.8378050327301025,0.20216836035251617,3.8817033767700195,0.1335100382566452,3.8916256427764893
843,2,2,1,0.221296027302742,3.628751516342163,0.11023198068141937,3.921804428100586,0.175153449177742,3.9423677921295166,0.12057556957006454,3.871900796890259
844,2,2,1,0.23546366393566132,3.5991833209991455,0.11437240988016129,3.8238728046417236,0.2184709757566452,3.839217185974121,0.14694276452064514,3.801844596862793
845,2,2,1,0.22085508704185486,3.63433837890625,0.1183035671710968,3.936236619949341,0.16905492544174194,3.9613912105560303,0.1110491082072258,3.9714643955230713
846,2,2,1,0.23312689363956451,3.6044626235961914,0.12540358304977417,3.850053548812866,0.20119179785251617,3.854482412338257,0.13426737487316132,3.851120710372925
847,2,2,1,0.217878058552742,3.6365456581115723,0.14814850687980652,3.926750421524048,0.18929368257522583,3.9754159450531006,0.12230946868658066,3.945413112640381
848,2,2,1,0.22108179330825806,3.6320652961730957,0.10355548560619354,3.948277473449707,0.17138671875,3.8906331062316895,0.11631058156490326,3.837388515472412
849,2,2,1,0.23058582842350006,3.626497745513916,0.14483019709587097,3.902848482131958,0.19004105031490326,3.915788412094116,0.11935985088348389,3.851227283477783
850,2,2,1,0.22249680757522583,3.629176378250122,0.11943957209587097,3.937260150909424,0.1672014445066452,3.9508910179138184,0.10967394709587097,3.89042329788208
851,2,2,1,0.22859783470630646,3.635139226913452,0.14265285432338715,3.920400857925415,0.1893933266401291,3.993528366088867,0.11716756969690323,3.998979330062866
852,2,2,1,0.22625607252120972,3.6183152198791504,0.11189114302396774,3.9018568992614746,0.17261239886283875,3.9444637298583984,0.11670918017625809,3.910860538482666
853,2,2,1,0.2253667116165161,3.6364409923553467,0.12960878014564514,3.9385690689086914,0.17391780018806458,3.9772531986236572,0.10941486060619354,3.9703097343444824
854,2,2,1,0.22576281428337097,3.627070426940918,0.12547333538532257,3.9221301078796387,0.17622967064380646,3.9647724628448486,0.11561304330825806,3.943113327026367
855,2,2,1,0.22348831593990326,3.625905752182007,0.1107352077960968,3.915365695953369,0.17412707209587097,3.908778667449951,0.12183114886283875,3.828071355819702
856,2,2,1,0.22942741215229034,3.6293678283691406,0.14272759854793549,3.898764133453369,0.19327965378761292,3.939523696899414,0.1219308003783226,3.8957176208496094
857,2,2,1,0.22005042433738708,3.647130012512207,0.14001215994358063,3.9685065746307373,0.15697742998600006,4.020059585571289,0.09369020909070969,4.03722620010376
858,2,2,1,0.22534428536891937,3.6507325172424316,0.1676897257566452,3.9479141235351562,0.18844667077064514,4.029347896575928,0.11513472348451614,4.072701930999756
859,2,2,1,0.2231370508670807,3.629615068435669,0.11274313926696777,3.944228410720825,0.17055962979793549,3.9328114986419678,0.11756616830825806,3.87506365776062
860,2,2,1,0.24064044654369354,3.5854547023773193,0.12080974876880646,3.782942295074463,0.22061343491077423,3.7872984409332275,0.14317601919174194,3.7554287910461426
861,2,2,1,0.22881954908370972,3.620871067047119,0.1162806898355484,3.9031622409820557,0.18068398535251617,3.914736270904541,0.12159199267625809,3.866579294204712
862,2,2,1,0.21800263226032257,3.6358389854431152,0.12153718620538712,3.9503955841064453,0.17016102373600006,3.9699578285217285,0.1100725457072258,3.9349989891052246
863,2,2,1,0.21947993338108063,3.6317408084869385,0.12386399507522583,3.9332664012908936,0.1766282618045807,3.9974613189697266,0.11246412247419357,3.955343008041382
864,2,2,1,0.22664719820022583,3.6211612224578857,0.1097586452960968,3.9089837074279785,0.18032525479793549,3.8988726139068604,0.12713249027729034,3.8294403553009033
865,2,2,1,0.219220831990242,3.6377944946289062,0.11399871855974197,3.9649038314819336,0.1620396226644516,3.9945883750915527,0.10774075239896774,3.953015089035034
866,2,2,1,0.21638332307338715,3.6376383304595947,0.12115851789712906,3.9531192779541016,0.16751036047935486,3.947828769683838,0.11381935328245163,3.867974042892456
867,2,2,1,0.233014777302742,3.605020523071289,0.11694833636283875,3.8309900760650635,0.19686701893806458,3.830734968185425,0.13167649507522583,3.805206537246704
868,2,2,1,0.2296242117881775,3.6056437492370605,0.12335079908370972,3.8567678928375244,0.1884167641401291,3.8478951454162598,0.12996253371238708,3.840055227279663
869,2,2,1,0.22656747698783875,3.6256790161132812,0.1221749410033226,3.913421154022217,0.17259247601032257,3.953810691833496,0.11531408876180649,3.970100164413452
870,2,2,1,0.2190912961959839,3.63946795463562,0.11032664775848389,3.9611616134643555,0.16409239172935486,3.928159236907959,0.1083984375,3.9021878242492676
871,2,2,1,0.24050092697143555,3.5858564376831055,0.12516939640045166,3.802762508392334,0.20567601919174194,3.847093105316162,0.14124281704425812,3.8052773475646973
872,2,2,1,0.22242705523967743,3.6309640407562256,0.11350047588348389,3.9342405796051025,0.1679089516401291,3.9633827209472656,0.111328125,3.9138917922973633
873,2,2,1,0.2245744913816452,3.6292569637298584,0.11020208895206451,3.9300570487976074,0.1637137234210968,3.9515490531921387,0.11156728118658066,3.891925573348999
874,2,2,1,0.23718510568141937,3.5890052318573,0.12256855517625809,3.780081272125244,0.21155531704425812,3.826519012451172,0.14554767310619354,3.7989866733551025
875,2,2,1,0.22868004441261292,3.6291043758392334,0.15310606360435486,3.9032509326934814,0.19976681470870972,3.9426348209381104,0.12609614431858063,3.9138612747192383
876,2,2,1,0.22305981814861298,3.6306371688842773,0.11196587979793549,3.9313368797302246,0.17127710580825806,3.8965556621551514,0.11838328838348389,3.8134679794311523
877,2,2,1,0.22073301672935486,3.637702703475952,0.13604113459587097,3.9584310054779053,0.17154616117477417,3.995701313018799,0.11001275479793549,3.9557971954345703
878,2,2,1,0.22098961472511292,3.6283044815063477,0.11904097348451614,3.9288883209228516,0.17277184128761292,3.965336322784424,0.11535394936800003,3.934346914291382
879,2,2,1,0.21623384952545166,3.6350722312927246,0.11636538803577423,3.9378292560577393,0.16954320669174194,3.9531562328338623,0.11114875227212906,3.9325802326202393
880,2,2,1,0.23202326893806458,3.60703706741333,0.11939472705125809,3.8585736751556396,0.18375319242477417,3.9019522666931152,0.1261957883834839,3.8468098640441895
881,2,2,1,0.23056839406490326,3.6183981895446777,0.1280343234539032,3.8830602169036865,0.18355388939380646,3.922095537185669,0.11491549760103226,3.875823736190796
882,2,2,1,0.22183413803577423,3.6334142684936523,0.1391003578901291,3.9332687854766846,0.18182995915412903,3.9698033332824707,0.11499521136283875,3.959792137145996
883,2,2,1,0.22037427127361298,3.6432738304138184,0.13057537376880646,3.958484411239624,0.16764986515045166,3.975630044937134,0.10670439898967743,3.953305959701538
884,2,2,1,0.22850067913532257,3.640162706375122,0.15123265981674194,3.913583517074585,0.19636878371238708,3.9552927017211914,0.12083465605974197,3.927428722381592
885,2,1,0,0.2277134507894516,3.6149377822875977,0.11279296875,3.8826310634613037,0.19383768737316132,3.896411657333374,0.13679847121238708,3.8830127716064453
886,2,2,1,0.22532933950424194,3.6188571453094482,0.1122000515460968,3.9117634296417236,0.16946348547935486,3.9189109802246094,0.11702805757522583,3.865974187850952
887,2,2,1,0.23904107511043549,3.5889029502868652,0.118826724588871,3.7844772338867188,0.22471898794174194,3.8211610317230225,0.1513073891401291,3.8140146732330322
888,2,2,1,0.22682656347751617,3.620615005493164,0.11208047717809677,3.9195821285247803,0.17601044476032257,3.9297966957092285,0.1171875,3.859013557434082
889,2,2,1,0.22500298917293549,3.6326866149902344,0.14265285432338715,3.935664176940918,0.1863141655921936,3.996095657348633,0.11069037020206451,4.003060817718506
890,2,2,1,0.22875727713108063,3.6137325763702393,0.1167689710855484,3.8899128437042236,0.17596061527729034,3.931532382965088,0.11820392310619354,3.8782668113708496
891,2,2,1,0.21572065353393555,3.6415488719940186,0.12544842064380646,3.9654064178466797,0.15877112746238708,3.9893929958343506,0.1015625,3.957221269607544
892,2,2,1,0.22369010746479034,3.6225457191467285,0.11514468491077423,3.931631326675415,0.17249281704425812,3.943385362625122,0.11754623800516129,3.868938684463501
893,2,2,1,0.22119887173175812,3.6316518783569336,0.1148855984210968,3.953204870223999,0.16154137253761292,3.9611992835998535,0.10897640138864517,3.931053400039673
894,2,2,1,0.23355039954185486,3.59968638420105,0.11576251685619354,3.824223041534424,0.19779376685619354,3.821955680847168,0.13424745202064514,3.821110486984253
895,2,2,1,0.22251175343990326,3.633354902267456,0.12204539775848389,3.9518678188323975,0.17415696382522583,3.980602979660034,0.10959422588348389,3.9565374851226807
896,2,2,1,0.22041413187980652,3.626972198486328,0.11375457793474197,3.9630327224731445,0.16218909621238708,4.0012288093566895,0.1023995503783226,3.9501750469207764
897,2,2,1,0.22428052127361298,3.627582550048828,0.1118512824177742,3.928860902786255,0.16958306729793549,3.927429676055908,0.11423788219690323,3.86618971824646
898,2,2,1,0.22557596862316132,3.6359832286834717,0.14322085678577423,3.915637493133545,0.18633410334587097,3.957751750946045,0.12250876426696777,3.9541239738464355
899,2,2,1,0.22673937678337097,3.605405807495117,0.12531886994838715,3.8473281860351562,0.1930803507566452,3.8430533409118652,0.13247369229793549,3.8042726516723633
900,2,2,1,0.22177185118198395,3.623549461364746,0.11138791590929031,3.917114019393921,0.1753029227256775,3.907287359237671,0.12215002626180649,3.849241256713867
901,2,2,1,0.22198361158370972,3.635467767715454,0.12872688472270966,3.948753595352173,0.17366868257522583,3.9750401973724365,0.10883688926696777,3.9468960762023926
902,2,2,1,0.22573789954185486,3.622802495956421,0.11297233402729034,3.91351318359375,0.1715959757566452,3.9340882301330566,0.1155133917927742,3.8995859622955322
903,2,2,1,0.21932297945022583,3.6402690410614014,0.14429707825183868,3.9454092979431152,0.1850685477256775,3.9891772270202637,0.11037149280309677,3.9848320484161377
904,2,2,1,0.23764847218990326,3.5926473140716553,0.11759606003761292,3.8086178302764893,0.20553651452064514,3.7865800857543945,0.14096380770206451,3.7958433628082275
905,2,2,1,0.22460438311100006,3.6297831535339355,0.11267338693141937,3.933227300643921,0.1693638414144516,3.9461050033569336,0.1163504421710968,3.9016785621643066
906,2,2,1,0.23138053715229034,3.617745876312256,0.14980767667293549,3.8891475200653076,0.19448541104793549,3.9397449493408203,0.11894132196903229,3.9185657501220703
907,2,2,1,0.2255336195230484,3.6435916423797607,0.15207967162132263,3.9436163902282715,0.19074855744838715,3.9971790313720703,0.12300701439380646,3.974400520324707
908,2,2,1,0.22286301851272583,3.6299870014190674,0.11337591707706451,3.943265199661255,0.16553731262683868,3.9686973094940186,0.1111886128783226,3.928840398788452
909,2,2,1,0.2195347398519516,3.6344428062438965,0.10922054201364517,3.9546096324920654,0.16409239172935486,3.945891857147217,0.11419802159070969,3.8537521362304688
910,2,2,1,0.2156010866165161,3.643256664276123,0.1180245503783226,3.974797248840332,0.15819315612316132,3.9828031063079834,0.10235968977212906,3.9785826206207275
911,2,2,1,0.2305659055709839,3.601646661758423,0.11926019936800003,3.8438754081726074,0.19891980290412903,3.8564271926879883,0.13550302386283875,3.83894681930542
912,2,2,1,0.21892687678337097,3.6355443000793457,0.11285773664712906,3.9544832706451416,0.16419203579425812,3.934211254119873,0.11270327866077423,3.8877100944519043
913,2,2,1,0.2203991860151291,3.641460418701172,0.14462092518806458,3.9400882720947266,0.17942841351032257,3.9947240352630615,0.11268335580825806,3.948885679244995
914,2,2,1,0.23146523535251617,3.614732265472412,0.11909577995538712,3.8795130252838135,0.18529774248600006,3.921215295791626,0.1245814710855484,3.900496006011963
915,2,2,1,0.2258923500776291,3.6228840351104736,0.11290756613016129,3.91778826713562,0.17240314185619354,3.9389631748199463,0.1160714253783226,3.9201579093933105
916,2,2,1,0.22559839487075806,3.6259372234344482,0.11553829908370972,3.920522689819336,0.16917450726032257,3.9311420917510986,0.11294244229793549,3.8913004398345947
917,2,2,1,0.2210095375776291,3.636645555496216,0.1290208399295807,3.9582931995391846,0.17700693011283875,4.007205963134766,0.11268335580825806,3.968341112136841
918,2,2,1,0.22603186964988708,3.6220805644989014,0.11299226433038712,3.907266855239868,0.17583106458187103,3.9222443103790283,0.12177136540412903,3.8808510303497314
919,2,2,1,0.22247189283370972,3.6288325786590576,0.11687858402729034,3.9458606243133545,0.1620396226644516,3.9811205863952637,0.1063058003783226,3.94581937789917
920,2,2,1,0.22325663268566132,3.625495195388794,0.11123843491077423,3.9283347129821777,0.1671316921710968,3.942523241043091,0.11399871855974197,3.917832136154175
921,2,2,1,0.21792539954185486,3.650205135345459,0.12207528948783875,3.987837314605713,0.15275231003761292,3.9703176021575928,0.09658003598451614,3.900742769241333
922,2,2,1,0.22287796437740326,3.630805253982544,0.1093401238322258,3.943267345428467,0.16610530018806458,3.9545862674713135,0.11391900479793549,3.938943386077881
923,2,2,1,0.2253069132566452,3.639186143875122,0.15100844204425812,3.911970376968384,0.19100764393806458,3.9709932804107666,0.11810427159070969,3.931488275527954
924,2,2,1,0.22286301851272583,3.6335415840148926,0.12695810198783875,3.9385032653808594,0.17838209867477417,3.945589542388916,0.11633051186800003,3.872708559036255
925,2,2,1,0.22125616669654846,3.6394824981689453,0.11307696998119354,3.961092710494995,0.15881098806858063,3.9653007984161377,0.10301737487316132,3.9622750282287598
926,2,2,1,0.23002032935619354,3.624929666519165,0.12936463952064514,3.9039053916931152,0.1791294664144516,3.9386961460113525,0.11473612487316132,3.910369873046875
927,2,2,1,0.21697375178337097,3.637648582458496,0.12027662247419357,3.9543495178222656,0.17367865145206451,3.953066825866699,0.11529415845870972,3.8750216960906982
928,2,2,1,0.22037926316261292,3.6320114135742188,0.10790517181158066,3.9409890174865723,0.1624681055545807,3.969271421432495,0.11334104090929031,3.876208782196045
929,2,2,1,0.2385951429605484,3.589491844177246,0.11899115145206451,3.793652057647705,0.21985609829425812,3.7970809936523438,0.14666374027729034,3.752955675125122
930,2,2,1,0.22577276825904846,3.61987042427063,0.12850266695022583,3.90322208404541,0.18154096603393555,3.922933340072632,0.11975844949483871,3.8540523052215576
931,2,2,1,0.23401376605033875,3.630201816558838,0.16396284103393555,3.884161949157715,0.2144949734210968,3.9606504440307617,0.1288464516401291,3.9724671840667725
932,2,2,1,0.22540158033370972,3.631402015686035,0.13357481360435486,3.9302845001220703,0.18587571382522583,3.9457459449768066,0.11776546388864517,3.892029047012329
933,2,2,1,0.22824408113956451,3.6304805278778076,0.13589663803577423,3.9200732707977295,0.18447065353393555,3.922536849975586,0.12129304558038712,3.856884717941284
934,2,2,1,0.21833893656730652,3.6379973888397217,0.1236746609210968,3.9639029502868652,0.17332987487316132,3.968552350997925,0.1118861585855484,3.914855718612671
935,2,2,1,0.23434260487556458,3.5911319255828857,0.12068020552396774,3.8001320362091064,0.20448023080825806,3.820955276489258,0.1392299085855484,3.7994561195373535
936,2,2,1,0.22955694794654846,3.6277103424072266,0.14532844722270966,3.9013302326202393,0.19707629084587097,3.9303231239318848,0.12344546616077423,3.91717791557312
937,2,2,1,0.22013263404369354,3.6343040466308594,0.118408203125,3.954596996307373,0.16688257455825806,3.9740848541259766,0.10748166590929031,3.965696334838867
938,2,2,1,0.23752142488956451,3.5919995307922363,0.12026167660951614,3.8174171447753906,0.20568598806858063,3.8278183937072754,0.13673867285251617,3.831948757171631
939,2,2,1,0.21923579275608063,3.6422054767608643,0.1128278449177742,3.9923603534698486,0.15561224520206451,4.006467819213867,0.1012834832072258,3.9693033695220947
940,2,2,1,0.21917101740837097,3.638882875442505,0.1128627210855484,3.967287540435791,0.15974768996238708,3.9815356731414795,0.1089564710855484,3.961404800415039
941,2,2,1,0.22549624741077423,3.62723708152771,0.10932517051696777,3.924163818359375,0.16409239172935486,3.9433412551879883,0.11136798560619354,3.872584104537964
942,2,2,1,0.23364506661891937,3.593717575073242,0.127197265625,3.816091537475586,0.19799305498600006,3.8221349716186523,0.12952406704425812,3.7971994876861572
943,2,2,1,0.2219487428665161,3.6391818523406982,0.12529397010803223,3.9533543586730957,0.16117267310619354,3.9697043895721436,0.10303730517625809,3.955512523651123
944,2,2,1,0.22246691584587097,3.6229002475738525,0.10968390852212906,3.9061505794525146,0.17895008623600006,3.9256041049957275,0.12539859116077423,3.872377634048462
945,2,2,1,0.2227185219526291,3.639400005340576,0.12468112260103226,3.9487690925598145,0.1583426296710968,3.954688549041748,0.1064453125,3.9765961170196533
946,2,2,1,0.2246193289756775,3.6262476444244385,0.11430763453245163,3.930215358734131,0.1613420695066452,3.942004919052124,0.11100924760103226,3.86929988861084
947,2,2,1,0.2325887829065323,3.626190185546875,0.15635961294174194,3.8651137351989746,0.20510801672935486,3.9064276218414307,0.12659437954425812,3.868072986602783
948,2,3,0,0.2266148179769516,3.6189632415771484,0.10939493030309677,3.9043996334075928,0.1780133843421936,3.903325080871582,0.11463648080825806,3.860048770904541
949,2,2,1,0.2178431898355484,3.6444125175476074,0.1147112175822258,3.9784996509552,0.16209940612316132,3.981250286102295,0.10636559128761292,3.982574462890625
950,2,2,1,0.2141636461019516,3.6332080364227295,0.11182636767625809,3.967162609100342,0.16228874027729034,3.9904825687408447,0.10863759368658066,3.945514678955078
951,2,2,1,0.22335876524448395,3.6464900970458984,0.14874142408370972,3.9417812824249268,0.16939373314380646,3.9967057704925537,0.10126355290412903,3.9956700801849365
952,2,2,1,0.23871472477912903,3.5902090072631836,0.12264329195022583,3.7984156608581543,0.2075892835855484,3.8152360916137695,0.14576689898967743,3.777139663696289
953,2,2,1,0.22080525755882263,3.631638288497925,0.11173668503761292,3.9429233074188232,0.16871611773967743,3.9696414470672607,0.1143973171710968,3.9634146690368652
954,2,2,1,0.22063834965229034,3.628706216812134,0.12092434614896774,3.932055950164795,0.17030054330825806,3.9704506397247314,0.11047113686800003,3.933429479598999
955,2,2,1,0.22532685101032257,3.6113789081573486,0.1322644203901291,3.8881187438964844,0.19010083377361298,3.8978350162506104,0.12605628371238708,3.8880631923675537
956,2,2,1,0.21994827687740326,3.6293649673461914,0.11524433642625809,3.95512318611145,0.17004145681858063,3.9669480323791504,0.10975366830825806,3.909024953842163
957,2,2,1,0.2214704155921936,3.631507396697998,0.11487563699483871,3.947692632675171,0.16356424987316132,3.9529669284820557,0.10710299760103226,3.927614450454712
958,2,2,1,0.22539909183979034,3.62603759765625,0.11268335580825806,3.9235939979553223,0.1706991344690323,3.936018705368042,0.1153738796710968,3.8706166744232178
959,2,2,1,0.22407375276088715,3.6312968730926514,0.15071946382522583,3.909421443939209,0.18789859116077423,3.931745767593384,0.11888153105974197,3.8662195205688477
960,2,2,1,0.22326160967350006,3.6236512660980225,0.1132463738322258,3.91015887260437,0.17247289419174194,3.9077305793762207,0.11629065126180649,3.8423306941986084
961,2,2,1,0.22612403333187103,3.6189846992492676,0.12140265852212906,3.8929245471954346,0.17897002398967743,3.9130847454071045,0.11678890138864517,3.9110920429229736
962,2,2,1,0.21829409897327423,3.6307103633880615,0.10987324267625809,3.9487574100494385,0.16165098547935486,3.943225145339966,0.10682398080825806,3.885261297225952
963,2,2,1,0.22358298301696777,3.6308441162109375,0.11477598547935486,3.9472131729125977,0.16656368970870972,3.953514814376831,0.1102120503783226,3.897287607192993
964,2,2,1,0.21772609651088715,3.6435461044311523,0.13833306729793549,3.9553017616271973,0.18112245202064514,3.954885482788086,0.11619100719690323,3.87581467628479
965,2,2,1,0.21846599876880646,3.6341938972473145,0.1094796285033226,3.9641377925872803,0.15478515625,3.968003511428833,0.10144291818141937,3.9381139278411865
966,2,2,1,0.2199457883834839,3.6354997158050537,0.1245814710855484,3.9568870067596436,0.16533800959587097,3.9777603149414062,0.10465162247419357,3.918872594833374
967,2,2,1,0.23849299550056458,3.582411527633667,0.12433234602212906,3.776909589767456,0.21607939898967743,3.8131802082061768,0.14373405277729034,3.8122572898864746
968,2,2,1,0.2137799859046936,3.6421637535095215,0.11923030763864517,3.9969911575317383,0.15105827152729034,4.0042877197265625,0.09958944469690323,3.9769861698150635
969,2,2,1,0.22252172231674194,3.6317145824432373,0.11164700239896774,3.9253392219543457,0.17614994943141937,3.924534797668457,0.121512271463871,3.877152681350708
970,2,2,1,0.22323919832706451,3.6412341594696045,0.14085917174816132,3.949877977371216,0.17737562954425812,3.993427038192749,0.1124441921710968,3.954094409942627
971,2,2,1,0.22283561527729034,3.6344244480133057,0.11416314542293549,3.9567930698394775,0.16723133623600006,3.9658563137054443,0.11371970176696777,3.919032573699951
972,2,2,1,0.2332514524459839,3.6121928691864014,0.13094407320022583,3.889007329940796,0.19153578579425812,3.897559881210327,0.12348532676696777,3.8224661350250244
973,2,2,1,0.21927066147327423,3.6353089809417725,0.10539401322603226,3.969933271408081,0.15768495202064514,3.9290318489074707,0.10738201439380646,3.892167806625366
974,2,2,1,0.22069813311100006,3.6325769424438477,0.11295738816261292,3.9413788318634033,0.16418208181858063,3.9350571632385254,0.11168686300516129,3.8795502185821533
975,2,2,1,0.2329799085855484,3.607121467590332,0.12414301186800003,3.863220453262329,0.19599011540412903,3.880516529083252,0.13349011540412903,3.886234760284424
976,2,2,1,0.21961694955825806,3.6363377571105957,0.1218610480427742,3.9367077350616455,0.1736985743045807,3.9650049209594727,0.11445710808038712,3.897962808609009
977,2,2,1,0.2223871946334839,3.619662046432495,0.12777024507522583,3.90968656539917,0.18661311268806458,3.917285203933716,0.1271723508834839,3.880739688873291
978,2,2,1,0.22457200288772583,3.620256185531616,0.10823899507522583,3.900432586669922,0.17667809128761292,3.9086294174194336,0.1254185289144516,3.865406036376953
979,2,2,1,0.22484354674816132,3.6236066818237305,0.11218510568141937,3.908820390701294,0.17820271849632263,3.929318428039551,0.12228953838348389,3.9000978469848633
980,2,2,1,0.22064581513404846,3.630976915359497,0.12247887253761292,3.9426815509796143,0.17164580523967743,3.9445574283599854,0.11198581010103226,3.9172451496124268
981,2,2,1,0.22419333457946777,3.619025945663452,0.11139289289712906,3.913226366043091,0.1716059446334839,3.936414957046509,0.11724728345870972,3.865034818649292
982,2,2,1,0.21906140446662903,3.6478796005249023,0.11832349747419357,3.9928414821624756,0.1563197523355484,3.9785172939300537,0.09371013939380646,3.9059975147247314
983,2,2,1,0.22724509239196777,3.621532917022705,0.11247409135103226,3.8943030834198,0.1812918484210968,3.9171109199523926,0.12866708636283875,3.858891010284424
984,2,2,1,0.23108407855033875,3.6105713844299316,0.12094925343990326,3.8560659885406494,0.19159558415412903,3.8637852668762207,0.12942442297935486,3.8336925506591797
985,2,2,1,0.22399403154850006,3.6383614540100098,0.12295220792293549,3.9412407875061035,0.17245295643806458,3.9497861862182617,0.1121651753783226,3.92608380317688
986,2,2,1,0.24298718571662903,3.574704885482788,0.12530392408370972,3.7328720092773438,0.22715042531490326,3.7662644386291504,0.15272241830825806,3.7622342109680176
987,2,2,1,0.22554108500480652,3.6354408264160156,0.15029096603393555,3.9359169006347656,0.19498364627361298,3.9908008575439453,0.12300701439380646,3.9964354038238525
988,2,2,1,0.22171704471111298,3.6432318687438965,0.16309091448783875,3.9303150177001953,0.18671277165412903,4.017131805419922,0.11599170416593552,4.043299198150635
989,2,2,1,0.22297760844230652,3.626847743988037,0.11776047945022583,3.9215147495269775,0.17202447354793549,3.9536001682281494,0.11429767310619354,3.9394943714141846
990,2,2,1,0.23305214941501617,3.597611904144287,0.11865732073783875,3.830610990524292,0.20080317556858063,3.846707344055176,0.13753587007522583,3.8230690956115723
991,2,2,1,0.2145124077796936,3.6340019702911377,0.120291568338871,3.94437313079834,0.17190489172935486,3.960292100906372,0.1100725457072258,3.912004232406616
992,2,2,1,0.22268365323543549,3.628793954849243,0.11089963465929031,3.92663311958313,0.172223761677742,3.9322454929351807,0.11573261767625809,3.8927156925201416
993,2,2,1,0.23087482154369354,3.60942006111145,0.11518454551696777,3.8561294078826904,0.1918347328901291,3.8510727882385254,0.12824855744838715,3.843667507171631
994,2,2,1,0.2203294336795807,3.633918285369873,0.11363500356674194,3.953566789627075,0.1578543484210968,3.966984510421753,0.1043526753783226,3.8911383152008057
995,2,2,1,0.22374491393566132,3.6181955337524414,0.11843311041593552,3.9108119010925293,0.1759905070066452,3.9296188354492188,0.11525430530309677,3.869271993637085
996,2,2,1,0.22102698683738708,3.6287505626678467,0.11680883169174194,3.954103469848633,0.17122727632522583,3.9779434204101562,0.11431760340929031,3.9410738945007324
997,2,2,1,0.2337123304605484,3.619065284729004,0.13387873768806458,3.8883886337280273,0.1868124157190323,3.9304420948028564,0.12133290618658066,3.9002957344055176
998,2,2,1,0.22554358839988708,3.6412768363952637,0.14101362228393555,3.947812795639038,0.17993661761283875,3.9864871501922607,0.10762117058038712,3.952962875366211
999,2,2,1,0.22353315353393555,3.6403799057006836,0.14892578125,3.936065673828125,0.18377311527729034,3.9754908084869385,0.10865752398967743,3.9924798011779785
1000,2,2,1,0.2170758843421936,3.6290512084960938,0.11508490145206451,3.953935384750366,0.17098811268806458,3.9587388038635254,0.11190608888864517,3.870169162750244
1001,2,2,1,0.22729741036891937,3.6282401084899902,0.12390884011983871,3.9071133136749268,0.17495416104793549,3.9338724613189697,0.11182636767625809,3.8952057361602783
1002,2,2,1,0.22123873233795166,3.6382040977478027,0.10871731489896774,3.954582929611206,0.15970782935619354,3.960254669189453,0.10837850719690323,3.9668996334075928
1003,2,2,1,0.22144301235675812,3.6293017864227295,0.11584223061800003,3.9670968055725098,0.15395806729793549,3.983818769454956,0.0982142835855484,4.009740352630615
1004,2,2,1,0.21328423917293549,3.6455252170562744,0.10539401322603226,3.992436170578003,0.1496332883834839,3.9303410053253174,0.09775589406490326,3.8572885990142822
1005,2,2,1,0.22557348012924194,3.62080454826355,0.11294741928577423,3.925493001937866,0.17387793958187103,3.927159070968628,0.12059549987316132,3.8510990142822266
1006,2,2,1,0.2267194390296936,3.62707257270813,0.14033102989196777,3.9131901264190674,0.17882055044174194,3.9425466060638428,0.11483577638864517,3.9217286109924316
1007,2,2,1,0.22148536145687103,3.625739574432373,0.10768594592809677,3.924119710922241,0.17490433156490326,3.9268460273742676,0.12492027878761292,3.9018826484680176
1008,2,2,1,0.220929816365242,3.6450278759002686,0.1396235227584839,3.9566071033477783,0.18301577866077423,3.9672765731811523,0.11304208636283875,4.013222694396973
1009,2,2,1,0.23003527522087097,3.6280837059020996,0.14289699494838715,3.892573118209839,0.18177016079425812,3.921934127807617,0.11868223547935486,3.87825345993042
1010,2,2,1,0.22781558334827423,3.6192548274993896,0.11519451439380646,3.8953287601470947,0.18090321123600006,3.9115896224975586,0.12414301186800003,3.8609728813171387
1011,2,2,1,0.22173947095870972,3.6321117877960205,0.11377949267625809,3.9500350952148438,0.15958824753761292,3.9600374698638916,0.11045120656490326,3.9206063747406006
1012,2,2,1,0.2431814968585968,3.5730574131011963,0.12350525707006454,3.7555267810821533,0.22477877140045166,3.8035643100738525,0.15232381224632263,3.7854244709014893
1013,2,2,1,0.2270856499671936,3.611624240875244,0.1116420179605484,3.8708438873291016,0.181501105427742,3.8384759426116943,0.12755101919174194,3.801406145095825
1014,2,2,1,0.22415347397327423,3.6281604766845703,0.114676333963871,3.917405366897583,0.17189492285251617,3.9374492168426514,0.11686862260103226,3.8854024410247803
1015,2,2,1,0.2328852415084839,3.6244730949401855,0.14936921000480652,3.868140935897827,0.18504862487316132,3.9278407096862793,0.11475605517625809,3.9100382328033447
1016,2,2,1,0.2246616929769516,3.6354331970214844,0.13098393380641937,3.917722225189209,0.1784418821334839,3.9634780883789062,0.11455675959587097,3.9451982975006104
1017,2,2,1,0.22909606993198395,3.6286141872406006,0.13948899507522583,3.89227032661438,0.17788384854793549,3.941796064376831,0.10580755770206451,3.936711311340332
1018,2,2,1,0.23340092599391937,3.621812582015991,0.15143196284770966,3.8928370475769043,0.20281608402729034,3.9520955085754395,0.12950414419174194,3.9135117530822754
1019,2,2,1,0.2190389782190323,3.6337404251098633,0.12572245299816132,3.9463400840759277,0.1780233532190323,3.9623286724090576,0.11766581237316132,3.911924123764038
1020,2,2,1,0.2255958914756775,3.6180264949798584,0.11357521265745163,3.8836147785186768,0.17695710062980652,3.8817434310913086,0.1134207546710968,3.878756046295166
1021,2,2,1,0.21931549906730652,3.6360878944396973,0.1155831441283226,3.974092483520508,0.1662946343421936,3.9789669513702393,0.11371970176696777,3.9402382373809814
1022,2,2,1,0.21758659183979034,3.6349480152130127,0.11617107689380646,3.9633727073669434,0.16311582922935486,3.9704930782318115,0.10847815126180649,3.9505786895751953
1023,2,2,1,0.21968171000480652,3.6416728496551514,0.11063556373119354,3.9682953357696533,0.16030572354793549,3.9521353244781494,0.10760124027729034,3.856825351715088
1024,2,2,1,0.22202596068382263,3.6314306259155273,0.10721759498119354,3.9315953254699707,0.16447106003761292,3.9248712062835693,0.1086774542927742,3.8835504055023193
1025,2,2,1,0.23205316066741943,3.621419668197632,0.14400310814380646,3.8819804191589355,0.19918885827064514,3.9318625926971436,0.12035634368658066,3.940718650817871
1026,2,2,1,0.22947224974632263,3.6080098152160645,0.11297731846570969,3.8346636295318604,0.20680205523967743,3.8491783142089844,0.14490991830825806,3.813368082046509
1027,2,2,1,0.22098961472511292,3.629194974899292,0.12111368030309677,3.949399471282959,0.1688755601644516,3.953325033187866,0.10873724520206451,3.875
1028,2,2,1,0.22039669752120972,3.634120464324951,0.10984335094690323,3.9591763019561768,0.16309590637683868,3.9670066833496094,0.11094945669174194,3.9089276790618896
1029,2,2,1,0.21981126070022583,3.6329078674316406,0.11435745656490326,3.9358224868774414,0.16297632455825806,3.9676551818847656,0.11023198068141937,3.9645633697509766
1030,2,2,1,0.23009754717350006,3.628173589706421,0.1643415093421936,3.8783047199249268,0.1999960094690323,3.9429497718811035,0.12157206237316132,3.9326229095458984
1031,2,2,1,0.226789191365242,3.6018784046173096,0.12367964535951614,3.847238540649414,0.1984514445066452,3.829977512359619,0.1358816921710968,3.7846875190734863
1032,2,2,1,0.2241734117269516,3.630305051803589,0.11294244229793549,3.9269895553588867,0.16798867285251617,3.9216396808624268,0.11547353118658066,3.8541595935821533
1033,2,2,1,0.21821686625480652,3.641425132751465,0.12305683642625809,3.946352005004883,0.16592593491077423,3.9579005241394043,0.11274313926696777,3.9135584831237793
1034,2,2,1,0.22204090654850006,3.628459930419922,0.11198082566261292,3.9465184211730957,0.16784916818141937,3.946568489074707,0.11069037020206451,3.915196180343628
1035,2,2,1,0.22429797053337097,3.6221137046813965,0.11087970435619354,3.9261255264282227,0.17053969204425812,3.9328620433807373,0.11766581237316132,3.8966801166534424
1036,2,2,1,0.22206582129001617,3.6293766498565674,0.13174127042293549,3.9141485691070557,0.1791294664144516,3.9350244998931885,0.11316166818141937,3.857344150543213
1037,2,2,1,0.22306232154369354,3.6306190490722656,0.11367984116077423,3.9442496299743652,0.16895528137683868,3.9457976818084717,0.11686862260103226,3.845327377319336
1038,2,2,1,0.2226039320230484,3.6292989253997803,0.10796994715929031,3.939040184020996,0.16368383169174194,3.9305977821350098,0.11138791590929031,3.8563249111175537
1039,2,2,1,0.2212013602256775,3.635237455368042,0.11395886540412903,3.964104652404785,0.1614018678665161,3.945113182067871,0.10562818497419357,3.9530189037323
1040,2,2,1,0.22747677564620972,3.621600866317749,0.11612124741077423,3.9083497524261475,0.16604551672935486,3.9325451850891113,0.11005261540412903,3.887359619140625
1041,2,2,1,0.22210319340229034,3.6294612884521484,0.12100904434919357,3.9337916374206543,0.16993184387683868,3.9743154048919678,0.11082987487316132,3.9476711750030518
1042,2,2,1,0.22554358839988708,3.633103132247925,0.15002690255641937,3.9117929935455322,0.19066883623600006,3.9572489261627197,0.12338568270206451,3.953965425491333
1043,2,2,1,0.2184012234210968,3.639286756515503,0.11895129084587097,3.9629721641540527,0.15893055498600006,3.9660794734954834,0.10229989886283875,3.929476022720337
1044,2,2,1,0.2329624742269516,3.6087067127227783,0.123709537088871,3.890048027038574,0.1821388602256775,3.911259412765503,0.1212332546710968,3.82820987701416
1045,2,2,1,0.2339315563440323,3.6108176708221436,0.1204310804605484,3.8546605110168457,0.190778449177742,3.874640941619873,0.1302415430545807,3.811323642730713
1046,2,1,0,0.2334432750940323,3.6269822120666504,0.18048469722270966,3.8499062061309814,0.22972138226032257,3.927644968032837,0.14423230290412903,3.9284234046936035
1047,2,2,1,0.22113409638404846,3.6288626194000244,0.11565788090229034,3.935208797454834,0.16841717064380646,3.9363350868225098,0.11354033648967743,3.8825697898864746
1048,2,2,1,0.22314701974391937,3.633650779724121,0.11654476076364517,3.940147876739502,0.1637834757566452,3.9530906677246094,0.10690369457006454,3.8762118816375732
1049,2,2,1,0.2229253053665161,3.6439363956451416,0.13359473645687103,3.928840398788452,0.17881058156490326,3.9750335216522217,0.11110889166593552,3.9867265224456787
1050,2,2,1,0.22367267310619354,3.632540225982666,0.11102917790412903,3.9344820976257324,0.16523835062980652,3.980038642883301,0.11071030050516129,3.9972996711730957
1051,2,2,1,0.23021961748600006,3.6112194061279297,0.1146414577960968,3.8850884437561035,0.18216876685619354,3.9251134395599365,0.12400350719690323,3.8505303859710693
1052,2,2,1,0.2238943874835968,3.6340725421905518,0.114501953125,3.950263261795044,0.16207948327064514,3.916999578475952,0.10780054330825806,3.8254761695861816
1053,2,2,1,0.21772609651088715,3.6306967735290527,0.10357043147087097,3.957040548324585,0.16193000972270966,3.939753770828247,0.11242426186800003,3.96773624420166
1054,2,2,1,0.23317421972751617,3.588228464126587,0.12529397010803223,3.789398431777954,0.21034955978393555,3.8192713260650635,0.13717713952064514,3.7987794876098633
1055,2,2,1,0.2257528454065323,3.62837815284729,0.11137296259403229,3.9258265495300293,0.1628866344690323,3.967698574066162,0.10738201439380646,3.9164810180664062
1056,2,2,1,0.22424067556858063,3.633871078491211,0.11343072354793549,3.9354300498962402,0.16876594722270966,3.938887596130371,0.11429767310619354,3.91595458984375
1057,2,2,1,0.22514747083187103,3.638709306716919,0.1514020562171936,3.911705732345581,0.18990154564380646,3.9605393409729004,0.12037627398967743,3.9347681999206543
1058,2,2,1,0.22999292612075806,3.6305174827575684,0.15657883882522583,3.9169795513153076,0.2006935477256775,3.9830684661865234,0.11989795416593552,4.042885780334473
1059,2,2,1,0.2207379937171936,3.6327335834503174,0.13492007553577423,3.9422430992126465,0.1774553507566452,3.985849142074585,0.11190608888864517,3.960284948348999
1060,2,2,1,0.21841119229793549,3.6358015537261963,0.11136798560619354,3.950026750564575,0.16526825726032257,3.9424781799316406,0.11531408876180649,3.9033875465393066
1061,2,2,1,0.22243951261043549,3.623425006866455,0.13487523794174194,3.8961212635040283,0.17939850687980652,3.9117369651794434,0.12075494229793549,3.865159273147583
1062,2,2,1,0.23272579908370972,3.5955491065979004,0.11630062013864517,3.804258346557617,0.20295558869838715,3.832376003265381,0.14014668762683868,3.8347554206848145
1063,2,2,1,0.2166224867105484,3.6489639282226562,0.12020188570022583,3.975585460662842,0.15294164419174194,3.9575841426849365,0.10012754797935486,3.9257564544677734
1064,2,2,1,0.23030930757522583,3.626741409301758,0.14545300602912903,3.8898708820343018,0.20433075726032257,3.9153378009796143,0.12886638939380646,3.86916184425354
1065,2,2,1,0.22114905714988708,3.630126953125,0.11555325239896774,3.9501121044158936,0.16646404564380646,3.954684257507324,0.11312180757522583,3.916138172149658
1066,2,3,0,0.21973901987075806,3.6402697563171387,0.10597696155309677,3.943253517150879,0.16806839406490326,3.9069132804870605,0.11706791818141937,3.8823628425598145
1067,2,2,1,0.22382214665412903,3.6268310546875,0.12067023664712906,3.935711622238159,0.17541255056858063,3.933590888977051,0.11599170416593552,3.848968982696533
1068,2,2,1,0.22781558334827423,3.6162257194519043,0.11555822938680649,3.8914759159088135,0.18006616830825806,3.8848366737365723,0.12394371628761292,3.8179771900177
1069,2,2,1,0.230939581990242,3.633725643157959,0.1605847328901291,3.88346266746521,0.19688695669174194,3.9568276405334473,0.11935985088348389,4.004007339477539
1070,3,3,1,0.22605927288532257,3.6167705059051514,0.10960418730974197,3.858032464981079,0.20268653333187103,3.8828415870666504,0.13103874027729034,3.8380227088928223
1071,3,3,1,0.22407624125480652,3.6224288940429688,0.10827885568141937,3.8822474479675293,0.19399712979793549,3.905640125274658,0.1247209832072258,3.9186642169952393
1072,3,3,1,0.22322174906730652,3.6300792694091797,0.13566744327545166,3.8756473064422607,0.1917649805545807,3.9171690940856934,0.12222974747419357,3.8816239833831787
1073,3,3,1,0.2288295179605484,3.6192219257354736,0.11677893251180649,3.8885996341705322,0.16928412020206451,3.9161171913146973,0.11332111060619354,3.8999297618865967
1074,3,3,1,0.23128338158130646,3.6051228046417236,0.11273317784070969,3.825024366378784,0.2146245241165161,3.850078821182251,0.14028619229793549,3.7883222103118896
1075,3,3,1,0.23084242641925812,3.593209743499756,0.1153390035033226,3.811309337615967,0.2063237428665161,3.8082587718963623,0.14012674987316132,3.791921377182007
1076,3,3,1,0.22285304963588715,3.6207478046417236,0.10714783519506454,3.8920249938964844,0.1849888414144516,3.881760358810425,0.12643495202064514,3.8209331035614014
1077,3,3,1,0.22725754976272583,3.6099557876586914,0.11176159977912903,3.848958969116211,0.2011120766401291,3.8868794441223145,0.1287667453289032,3.91595721244812
1078,3,3,1,0.21496333181858063,3.6383159160614014,0.10255899280309677,3.9667704105377197,0.15808354318141937,3.9515883922576904,0.1051897332072258,3.883857488632202
1079,3,3,1,0.24419791996479034,3.5760791301727295,0.1241280660033226,3.7144863605499268,0.2504782974720001,3.7669875621795654,0.16181042790412903,3.7695529460906982
1080,3,3,1,0.24138781428337097,3.586469888687134,0.12047592550516129,3.7674524784088135,0.2387097328901291,3.8209142684936523,0.15927933156490326,3.7816567420959473
1081,3,3,1,0.2289515882730484,3.6158559322357178,0.10946966707706451,3.912839651107788,0.18347416818141937,3.901477336883545,0.12031648308038712,3.8699684143066406
1082,3,3,1,0.2451520562171936,3.5692131519317627,0.12418785691261292,3.714463472366333,0.2525809109210968,3.7909812927246094,0.16621491312980652,3.775059938430786
1083,3,3,1,0.218976691365242,3.6361277103424072,0.10520467907190323,3.938337564468384,0.17107780277729034,3.8901443481445312,0.10620614886283875,3.8819665908813477
1084,3,3,1,0.21481385827064514,3.635756254196167,0.10225007683038712,3.951223134994507,0.16376355290412903,3.9075088500976562,0.11959900707006454,3.8891851902008057
1085,3,3,1,0.22304487228393555,3.625943899154663,0.10735709965229034,3.88759446144104,0.193219855427742,3.900979995727539,0.12922511994838715,3.8527143001556396
1086,3,3,1,0.21496333181858063,3.6383159160614014,0.10255899280309677,3.9667704105377197,0.15808354318141937,3.9515883922576904,0.1051897332072258,3.883857488632202
1087,3,3,1,0.2291434109210968,3.6060121059417725,0.1123395636677742,3.850490093231201,0.1999262571334839,3.8669192790985107,0.13195551931858063,3.8654282093048096
1088,3,3,1,0.21876992285251617,3.629964828491211,0.11256875842809677,3.931173324584961,0.1774653196334839,3.957493305206299,0.11336096376180649,3.986814260482788
1089,3,3,1,0.2396339774131775,3.5824036598205566,0.12513452768325806,3.7430222034454346,0.23112642765045166,3.7843408584594727,0.14678332209587097,3.7803122997283936
1090,3,3,1,0.2404261976480484,3.585738182067871,0.12114855647087097,3.7527451515197754,0.24286511540412903,3.7957491874694824,0.15929926931858063,3.7939445972442627
1091,3,3,1,0.22950464487075806,3.60921573638916,0.11239935457706451,3.8371381759643555,0.20255699753761292,3.887981414794922,0.12679368257522583,3.922037124633789
1092,3,3,1,0.22582010924816132,3.6125147342681885,0.11011239886283875,3.8557465076446533,0.20811742544174194,3.8807756900787354,0.14148198068141937,3.8464572429656982
1093,3,3,1,0.22362782061100006,3.629380941390991,0.10590222477912903,3.9282522201538086,0.17197464406490326,3.9039864540100098,0.11075015366077423,3.894907236099243
1094,3,3,1,0.22319933772087097,3.6245954036712646,0.11264349520206451,3.92630934715271,0.16402263939380646,3.9166464805603027,0.10760124027729034,3.8833117485046387
1095,3,3,1,0.23909339308738708,3.5852210521698,0.1187918484210968,3.781142473220825,0.23022958636283875,3.8079121112823486,0.15915974974632263,3.795642375946045
1096,3,3,1,0.22384704649448395,3.626560926437378,0.10507015138864517,3.943190336227417,0.17210419476032257,3.9442996978759766,0.10805962979793549,3.943009853363037
1097,3,3,1,0.22993063926696777,3.609257221221924,0.11304707080125809,3.8226892948150635,0.2189592570066452,3.873708724975586,0.1467036008834839,3.8284201622009277
1098,3,3,1,0.24324378371238708,3.5819029808044434,0.122000552713871,3.7486727237701416,0.24570511281490326,3.8086142539978027,0.16382333636283875,3.77250599861145
1099,3,3,1,0.22884197533130646,3.6081275939941406,0.11392896622419357,3.819251298904419,0.20937299728393555,3.879634380340576,0.13697783648967743,3.8715262413024902
1100,3,3,1,0.21885213255882263,3.631242275238037,0.12955895066261292,3.932353973388672,0.1462153196334839,3.9818034172058105,0.08667489886283875,4.026212692260742
1101,3,3,1,0.22294025123119354,3.6301932334899902,0.10555843263864517,3.933824300765991,0.17531289160251617,3.9299721717834473,0.11782525479793549,3.8978350162506104
1102,3,3,1,0.22119389474391937,3.6271047592163086,0.10739696025848389,3.8967292308807373,0.18104273080825806,3.926574230194092,0.11198581010103226,3.957643747329712
1103,3,3,1,0.2316645383834839,3.6019656658172607,0.11323142051696777,3.8253543376922607,0.21044921875,3.8632984161376953,0.1344866007566452,3.84662127494812
1104,3,3,1,0.22993063926696777,3.609257221221924,0.11304707080125809,3.8226892948150635,0.2189592570066452,3.873708724975586,0.1467036008834839,3.8284201622009277
1105,3,3,1,0.21986855566501617,3.6386349201202393,0.10503527522087097,3.979365348815918,0.16498923301696777,3.9214229583740234,0.11437738686800003,3.820352077484131
1106,3,3,1,0.23095951974391937,3.611159563064575,0.1103166863322258,3.8739442825317383,0.20474927127361298,3.910984516143799,0.13331075012683868,3.9008820056915283
1107,3,3,1,0.22610162198543549,3.6197071075439453,0.10842334479093552,3.8952252864837646,0.18308553099632263,3.903662919998169,0.11597177386283875,3.8932807445526123
1108,3,3,1,0.24049346148967743,3.5861752033233643,0.12025171518325806,3.777418613433838,0.2360590696334839,3.7909579277038574,0.16101323068141937,3.7632131576538086
1109,3,3,1,0.23826879262924194,3.5888147354125977,0.11797970533370972,3.7752861976623535,0.2284458726644516,3.820152759552002,0.15180563926696777,3.784823417663574
1110,3,3,1,0.22555603086948395,3.6011929512023926,0.11622588336467743,3.8267242908477783,0.19466477632522583,3.838341474533081,0.12788982689380646,3.82608699798584
1111,3,3,1,0.2230473756790161,3.623915195465088,0.1082589253783226,3.93575119972229,0.17826251685619354,3.917099952697754,0.11575254797935486,3.9375
1112,3,3,1,0.23349808156490326,3.6039071083068848,0.11288763582706451,3.8564682006835938,0.20759925246238708,3.8698699474334717,0.13634008169174194,3.8318958282470703
1113,3,3,1,0.23787268996238708,3.5906434059143066,0.1181640625,3.7946956157684326,0.22316445410251617,3.828354597091675,0.14961335062980652,3.7935259342193604
1114,3,3,1,0.2342529296875,3.620742082595825,0.15985730290412903,3.823432207107544,0.20409159362316132,3.8726625442504883,0.12390385568141937,3.874215841293335
1115,3,3,1,0.2385004758834839,3.586895227432251,0.12056560814380646,3.7465078830718994,0.23160474002361298,3.7369847297668457,0.16300621628761292,3.7046093940734863
1116,3,3,1,0.2306157350540161,3.6079118251800537,0.11292251199483871,3.8536887168884277,0.1958107352256775,3.835470676422119,0.13068000972270966,3.7677290439605713
1117,3,3,1,0.2214106321334839,3.6245105266571045,0.10770587623119354,3.901651382446289,0.1858258843421936,3.929107666015625,0.1241629421710968,3.900642156600952
1118,3,3,1,0.23220762610435486,3.608893871307373,0.11121851205825806,3.865603446960449,0.20371292531490326,3.889742136001587,0.12892617285251617,3.865976095199585
1119,3,3,1,0.24200314283370972,3.5833418369293213,0.12034637480974197,3.769810438156128,0.2398158460855484,3.8262693881988525,0.15985730290412903,3.8167309761047363
1120,3,3,1,0.24562788009643555,3.573556900024414,0.12396364659070969,3.7226688861846924,0.25263074040412903,3.775560140609741,0.16651387512683868,3.735248327255249
1121,3,2,0,0.2184087038040161,3.633504867553711,0.10878706723451614,3.961207389831543,0.1618303507566452,3.944950819015503,0.10762117058038712,3.878148078918457
1122,3,3,1,0.2282366007566452,3.608245372772217,0.11162208765745163,3.846449136734009,0.2020786851644516,3.862271308898926,0.13149712979793549,3.857532501220703
1123,3,3,1,0.21614167094230652,3.6208088397979736,0.10863260924816132,3.9352383613586426,0.16808833181858063,3.916646957397461,0.1155133917927742,3.841097354888916
1124,3,3,1,0.23585478961467743,3.5860743522644043,0.11881676316261292,3.7880656719207764,0.21502311527729034,3.7883028984069824,0.1417410671710968,3.777418375015259
1125,3,3,1,0.23590710759162903,3.595585823059082,0.11654974520206451,3.7900137901306152,0.22338367998600006,3.8138911724090576,0.15306122601032257,3.7816405296325684
1126,3,3,1,0.2241385281085968,3.629013776779175,0.10645527392625809,3.9345688819885254,0.1791394203901291,3.911275625228882,0.11752630770206451,3.8587417602539062
1127,3,3,1,0.22415845096111298,3.6212005615234375,0.10821906477212906,3.8788673877716064,0.19501355290412903,3.88344407081604,0.12838807702064514,3.8685190677642822
1128,3,3,1,0.23683135211467743,3.592777729034424,0.12561284005641937,3.774860143661499,0.2336874157190323,3.8278112411499023,0.15419721603393555,3.8089699745178223
1129,3,3,1,0.22057606279850006,3.6271557807922363,0.10645028948783875,3.9105546474456787,0.17708665132522583,3.9165494441986084,0.11393893510103226,3.9109673500061035
1130,3,3,1,0.24179886281490326,3.586029291152954,0.12033641338348389,3.763456344604492,0.2401048243045807,3.8096699714660645,0.16079400479793549,3.7755329608917236
1131,3,3,1,0.22762873768806458,3.612616539001465,0.11100924760103226,3.8447487354278564,0.20413145422935486,3.8547229766845703,0.13634008169174194,3.815962553024292
1132,3,3,1,0.24390394985675812,3.574873685836792,0.12561284005641937,3.7162349224090576,0.2453364133834839,3.757270574569702,0.15947863459587097,3.7240688800811768
1133,3,3,1,0.22594715654850006,3.618631362915039,0.10928033292293549,3.871654510498047,0.1985211968421936,3.907137870788574,0.1330317258834839,3.884044885635376
1134,3,3,1,0.22892418503761292,3.618476152420044,0.11037646979093552,3.886922836303711,0.19067880511283875,3.8687744140625,0.12390385568141937,3.8436543941497803
1135,3,3,1,0.22444744408130646,3.619124174118042,0.10862762480974197,3.8729474544525146,0.19763432443141937,3.9022841453552246,0.12832827866077423,3.86053729057312
1136,3,0,0,0.23656727373600006,3.5931761264801025,0.11924026906490326,3.7830936908721924,0.2184709757566452,3.792099952697754,0.14281727373600006,3.7725369930267334
1137,3,3,1,0.23261867463588715,3.6295368671417236,0.16090361773967743,3.8407444953918457,0.18432117998600006,3.87884521484375,0.12450174987316132,3.8874659538269043
1138,3,3,1,0.22663971781730652,3.617675304412842,0.1096540167927742,3.8675026893615723,0.19156567752361298,3.8752601146698,0.12579719722270966,3.875633716583252
1139,3,3,1,0.24447444081306458,3.6306376457214355,0.20299047231674194,3.8091602325439453,0.235700324177742,3.831184148788452,0.14451131224632263,3.7767205238342285
1140,3,3,1,0.24249890446662903,3.5799405574798584,0.12145248800516129,3.7570149898529053,0.24139030277729034,3.8003220558166504,0.1589604616165161,3.796639919281006
1141,3,3,1,0.2269037961959839,3.616264581680298,0.10992804914712906,3.8611702919006348,0.19778379797935486,3.8908705711364746,0.1261758655309677,3.8685832023620605
1142,3,3,1,0.21921087801456451,3.637653112411499,0.10326151549816132,3.983980655670166,0.1643514782190323,3.947432279586792,0.10640545189380646,3.873384475708008
1143,3,3,1,0.2580815553665161,3.5347697734832764,0.1374960094690323,3.5626540184020996,0.2881357669830322,3.5887255668640137,0.18550701439380646,3.583691358566284
1144,3,3,1,0.21299275755882263,3.639694929122925,0.121023990213871,3.9552903175354004,0.162946417927742,3.9605553150177,0.10174186527729034,3.947502374649048
1145,3,3,1,0.23669931292533875,3.5872881412506104,0.11899115145206451,3.7706642150878906,0.22888432443141937,3.8137924671173096,0.15222416818141937,3.7858078479766846
1146,3,3,1,0.22539660334587097,3.6184732913970947,0.10933015495538712,3.8625073432922363,0.19626912474632263,3.88495135307312,0.126953125,3.8433279991149902
1147,3,3,1,0.2337048500776291,3.6134355068206787,0.11221002042293549,3.8586208820343018,0.20768892765045166,3.890653371810913,0.1388911008834839,3.804563045501709
1148,3,3,1,0.22272849082946777,3.6187350749969482,0.10744678229093552,3.907674551010132,0.17291134595870972,3.8432457447052,0.12226960808038712,3.8034229278564453
1149,3,3,1,0.24263840913772583,3.5783135890960693,0.12027163803577423,3.746882677078247,0.242536261677742,3.815974473953247,0.1611328125,3.7935683727264404
1150,3,3,1,0.23226243257522583,3.619293689727783,0.14991728961467743,3.8247199058532715,0.19662787020206451,3.8774073123931885,0.12930484116077423,3.8589704036712646
1151,3,3,1,0.23105169832706451,3.6063225269317627,0.1135602667927742,3.826167106628418,0.20943279564380646,3.885568857192993,0.13492506742477417,3.864992618560791
1152,3,3,1,0.20454250276088715,3.655611753463745,0.09864775836467743,4.010354042053223,0.13965840637683868,3.9482696056365967,0.09297273308038712,3.8816721439361572
1153,3,3,1,0.22786790132522583,3.614039897918701,0.1100027859210968,3.871591567993164,0.20185944437980652,3.9050698280334473,0.1314174085855484,3.9080982208251953
1154,3,3,1,0.2094477415084839,3.648892641067505,0.11377450823783875,3.9888768196105957,0.1393594592809677,4.032463550567627,0.0859375,4.068877696990967
1155,3,3,1,0.22840850055217743,3.6103289127349854,0.11159219592809677,3.8400232791900635,0.20621411502361298,3.876002788543701,0.13241389393806458,3.84647798538208
1156,3,3,1,0.2305310219526291,3.611398696899414,0.11025689542293549,3.8895115852355957,0.19680723547935486,3.9183290004730225,0.12713249027729034,3.930396556854248
1157,3,3,1,0.23345822095870972,3.6064538955688477,0.11320152878761292,3.856029987335205,0.20603474974632263,3.8848423957824707,0.13103874027729034,3.8457794189453125
1158,3,3,1,0.23754632472991943,3.6278669834136963,0.18696188926696777,3.8088955879211426,0.19981664419174194,3.8288450241088867,0.1277104616165161,3.8358302116394043
1159,3,3,1,0.23855777084827423,3.6288182735443115,0.17582111060619354,3.81721830368042,0.19361846148967743,3.831909418106079,0.12581712007522583,3.86757493019104
1160,3,3,1,0.2468186914920807,3.56441068649292,0.1275460422039032,3.657916307449341,0.26425978541374207,3.684528112411499,0.17677773535251617,3.664825201034546
1161,3,3,1,0.2209397852420807,3.6250522136688232,0.1059919074177742,3.91580867767334,0.17448580265045166,3.944317579269409,0.10925541818141937,3.9461874961853027
1162,3,3,1,0.22348083555698395,3.6231398582458496,0.10892657935619354,3.9104838371276855,0.16473014652729034,3.916520595550537,0.11583226919174194,3.866483211517334
1163,3,3,1,0.23803959786891937,3.594792366027832,0.11729711294174194,3.778268575668335,0.22529694437980652,3.8237428665161133,0.1482979953289032,3.7962639331817627
1164,3,3,1,0.22441256046295166,3.6364939212799072,0.15339504182338715,3.8768310546875,0.18835698068141937,3.926939010620117,0.11658960580825806,3.938290596008301
1165,3,3,1,0.2283412367105484,3.6126797199249268,0.11116369813680649,3.8523149490356445,0.2056361585855484,3.8611650466918945,0.13438695669174194,3.874239921569824
1166,3,3,1,0.2206956446170807,3.6206414699554443,0.10945471376180649,3.876957416534424,0.18611487746238708,3.903303623199463,0.12414301186800003,3.8563172817230225
1167,3,3,1,0.23270836472511292,3.5989551544189453,0.11445212364196777,3.8102824687957764,0.22023476660251617,3.8627212047576904,0.14744099974632263,3.8318464756011963
1168,3,3,1,0.2499750852584839,3.613461971282959,0.20306022465229034,3.7994847297668457,0.24035394191741943,3.8640546798706055,0.13424745202064514,3.8889548778533936
1169,3,3,1,0.21993830800056458,3.631115198135376,0.1225237175822258,3.9204587936401367,0.16395288705825806,3.964383363723755,0.10419324040412903,4.018745422363281
1170,3,3,1,0.22918078303337097,3.6154139041900635,0.11096938699483871,3.857668876647949,0.19533242285251617,3.8419039249420166,0.12906569242477417,3.8426496982574463
1171,3,3,1,0.22070561349391937,3.621877670288086,0.10686881840229034,3.889505386352539,0.18937340378761292,3.8949167728424072,0.12683354318141937,3.8722500801086426
1172,3,3,1,0.23298488557338715,3.6003079414367676,0.11529914289712906,3.8055832386016846,0.22395168244838715,3.856278419494629,0.14532844722270966,3.820214033126831
1173,3,3,1,0.2325439453125,3.6040172576904297,0.11424285918474197,3.812028408050537,0.2216198891401291,3.8357462882995605,0.14498963952064514,3.8026115894317627
1174,3,3,1,0.24410822987556458,3.5741169452667236,0.12238918989896774,3.726184606552124,0.24479830265045166,3.79345440864563,0.15969786047935486,3.785348892211914
1175,3,3,1,0.23958167433738708,3.5894665718078613,0.12270308285951614,3.8001787662506104,0.21908880770206451,3.843536853790283,0.14022639393806458,3.7949118614196777
1176,3,3,1,0.22195123136043549,3.619824171066284,0.11294741928577423,3.87811541557312,0.18603515625,3.9120466709136963,0.12007732689380646,3.8736929893493652
1177,3,3,1,0.22145795822143555,3.6270318031311035,0.1173967644572258,3.9151599407196045,0.1851980984210968,3.9186978340148926,0.12657445669174194,3.905369281768799
1178,3,3,1,0.22757892310619354,3.614305019378662,0.11009246855974197,3.8703837394714355,0.20001594722270966,3.904344320297241,0.12641501426696777,3.8926374912261963
1179,3,3,1,0.22945979237556458,3.6108438968658447,0.1122000515460968,3.8424885272979736,0.20643335580825806,3.878499746322632,0.13349011540412903,3.864586353302002
1180,3,3,1,0.22314701974391937,3.6263606548309326,0.10729730874300003,3.906477928161621,0.18306560814380646,3.9141581058502197,0.11714763939380646,3.9094929695129395
1181,3,3,1,0.22900141775608063,3.60842227935791,0.11180643737316132,3.8522281646728516,0.1970563530921936,3.8876359462738037,0.12924505770206451,3.8837316036224365
1182,3,3,1,0.22063834965229034,3.6189281940460205,0.108642578125,3.871084690093994,0.18495893478393555,3.8752222061157227,0.12350525707006454,3.871389389038086
1183,3,3,1,0.2259172648191452,3.623884916305542,0.11361008882522583,3.9098763465881348,0.17708665132522583,3.9023690223693848,0.12097416818141937,3.8047776222229004
1184,3,3,1,0.2312709242105484,3.614311456680298,0.11145268380641937,3.8637399673461914,0.20335419476032257,3.847405195236206,0.12984295189380646,3.797544240951538
1185,3,3,1,0.2337048500776291,3.6134355068206787,0.11221002042293549,3.8586208820343018,0.20768892765045166,3.890653371810913,0.1388911008834839,3.804563045501709
1186,3,3,1,0.2315075844526291,3.614576816558838,0.11755619943141937,3.8488597869873047,0.20407167077064514,3.8951609134674072,0.13263313472270966,3.8973703384399414
1187,3,3,1,0.22652263939380646,3.6247470378875732,0.10659976303577423,3.902921199798584,0.19763432443141937,3.903594970703125,0.13257333636283875,3.8576366901397705
1188,3,3,1,0.22058354318141937,3.6190707683563232,0.11086973547935486,3.8961892127990723,0.18326491117477417,3.8871731758117676,0.1332310289144516,3.8317127227783203
1189,3,3,1,0.22159996628761292,3.6329705715179443,0.10404376685619354,3.9425342082977295,0.1794184446334839,3.920466423034668,0.11965879797935486,3.8709194660186768
1190,3,3,1,0.22635571658611298,3.6135306358337402,0.1101422980427742,3.8394553661346436,0.20475924015045166,3.8695735931396484,0.1356823891401291,3.8210928440093994
1191,3,3,1,0.24801696836948395,3.5635221004486084,0.12725704908370972,3.685486078262329,0.2530193626880646,3.7120633125305176,0.15967793762683868,3.704068899154663
1192,3,3,1,0.22847077250480652,3.618711233139038,0.10861267894506454,3.893343687057495,0.18726083636283875,3.9057576656341553,0.12021683156490326,3.8882625102996826
1193,3,3,1,0.22354063391685486,3.6221930980682373,0.10968390852212906,3.901153802871704,0.18449059128761292,3.9238953590393066,0.12272799760103226,3.9303345680236816
1194,3,3,1,0.22691625356674194,3.6189424991607666,0.10824896395206451,3.881202220916748,0.1975446343421936,3.8896286487579346,0.1327527016401291,3.8171446323394775
1195,3,3,1,0.22669203579425812,3.622016429901123,0.10740194469690323,3.9016051292419434,0.19459502398967743,3.902601480484009,0.13036112487316132,3.843601942062378
1196,3,3,1,0.22957439720630646,3.6061007976531982,0.11256377398967743,3.8209986686706543,0.21467433869838715,3.8581905364990234,0.13877151906490326,3.8359901905059814
1197,3,3,1,0.22871741652488708,3.61598539352417,0.11264349520206451,3.881944417953491,0.181989386677742,3.8905985355377197,0.11776546388864517,3.841766834259033
1198,3,3,1,0.22267866134643555,3.624467134475708,0.10816924273967743,3.913311719894409,0.17649872601032257,3.9232723712921143,0.11826370656490326,3.9379844665527344
1199,3,3,1,0.237531378865242,3.588796615600586,0.11687858402729034,3.807997226715088,0.22818677127361298,3.8512163162231445,0.15296156704425812,3.8235831260681152
1200,3,3,1,0.2200230211019516,3.6274640560150146,0.10468152165412903,3.9114232063293457,0.17838209867477417,3.9150326251983643,0.11250398308038712,3.8894596099853516
1201,3,3,1,0.2369733452796936,3.5930426120758057,0.11700812727212906,3.7944557666778564,0.22417090833187103,3.8362820148468018,0.14359454810619354,3.832338571548462
1202,3,3,1,0.22024224698543549,3.61915922164917,0.10946966707706451,3.920212984085083,0.17088846862316132,3.9068167209625244,0.11800462007522583,3.886674642562866
1203,3,3,1,0.21740473806858063,3.6362240314483643,0.11916553229093552,3.938328504562378,0.16291652619838715,3.988990068435669,0.10507015138864517,4.009673595428467
1204,3,3,1,0.24331851303577423,3.574208974838257,0.12550820410251617,3.7053990364074707,0.24362243711948395,3.7479958534240723,0.15712690353393555,3.745306968688965
1205,3,3,1,0.22440259158611298,3.6200695037841797,0.12114357203245163,3.920046091079712,0.1593191921710968,3.9287590980529785,0.10447225719690323,3.9088134765625
1206,3,3,1,0.23975855112075806,3.588034152984619,0.11769571155309677,3.78299880027771,0.23112642765045166,3.8380184173583984,0.15244339406490326,3.812263011932373
1207,3,3,1,0.22057606279850006,3.6271557807922363,0.10645028948783875,3.9105546474456787,0.17708665132522583,3.9165494441986084,0.11393893510103226,3.9109673500061035
1208,3,3,1,0.2304164320230484,3.6079509258270264,0.11341577768325806,3.843122720718384,0.20749959349632263,3.877683401107788,0.1314174085855484,3.8798909187316895
1209,3,3,1,0.2424490749835968,3.5743775367736816,0.1225237175822258,3.7229881286621094,0.24738918244838715,3.771207571029663,0.1632254421710968,3.7633700370788574
1210,3,3,1,0.23769830167293549,3.590688943862915,0.11867725104093552,3.7808892726898193,0.23226243257522583,3.8205766677856445,0.1517259180545807,3.781426429748535
1211,3,0,0,0.23098692297935486,3.603569984436035,0.1194196417927742,3.813960313796997,0.2116450071334839,3.8411412239074707,0.1369379758834839,3.845000743865967
1212,3,3,1,0.23040397465229034,3.6104166507720947,0.1120954230427742,3.8373632431030273,0.2091238796710968,3.880110502243042,0.13368940353393555,3.8709003925323486
1213,3,3,1,0.2422746866941452,3.5784823894500732,0.12155711650848389,3.7557897567749023,0.23893892765045166,3.801609754562378,0.15770487487316132,3.763174533843994
1214,3,3,1,0.21159020066261292,3.649198293685913,0.10378467291593552,4.012050151824951,0.13975805044174194,3.982959032058716,0.0923549085855484,3.9257659912109375
1215,3,3,1,0.22288045287132263,3.625310182571411,0.10572783648967743,3.946229934692383,0.17427654564380646,3.9112584590911865,0.1145368292927742,3.879415273666382
1216,3,3,1,0.22969895601272583,3.6114985942840576,0.11200574040412903,3.8638346195220947,0.20562618970870972,3.8656165599823,0.1420200914144516,3.825428009033203
1217,3,3,1,0.22604182362556458,3.616807222366333,0.1090959832072258,3.8764615058898926,0.19345901906490326,3.8979601860046387,0.12370456010103226,3.8889963626861572
1218,3,3,1,0.22722765803337097,3.620330810546875,0.10761618614196777,3.904254913330078,0.19179487228393555,3.901906728744507,0.1296037882566452,3.844379425048828
1219,3,3,1,0.22272351384162903,3.628110885620117,0.10515983402729034,3.929877758026123,0.18040497601032257,3.929960250854492,0.12250876426696777,3.8979990482330322
1220,3,3,1,0.22866509854793549,3.612574577331543,0.11175661534070969,3.864288806915283,0.1952427476644516,3.878681182861328,0.12171157449483871,3.8690028190612793
1221,3,3,1,0.21857061982154846,3.6326136589050293,0.11826370656490326,3.9221856594085693,0.16960299015045166,3.9532902240753174,0.11393893510103226,3.9417526721954346
1222,3,3,1,0.22841596603393555,3.615598440170288,0.11013232916593552,3.8602514266967773,0.20346380770206451,3.894406795501709,0.13247369229793549,3.866105079650879
1223,3,3,1,0.2300153374671936,3.613754987716675,0.10992307215929031,3.8655154705047607,0.2014608532190323,3.8719890117645264,0.1329520046710968,3.8034777641296387
1224,3,3,1,0.24105896055698395,3.5759329795837402,0.12452666461467743,3.7510101795196533,0.2267020046710968,3.766197919845581,0.1438336968421936,3.757378339767456
1225,3,3,1,0.21481385827064514,3.635756254196167,0.10225007683038712,3.951223134994507,0.16376355290412903,3.9075088500976562,0.11959900707006454,3.8891851902008057
1226,3,3,1,0.21946747601032257,3.625556230545044,0.112723208963871,3.9207921028137207,0.17437618970870972,3.9450254440307617,0.11457668989896774,3.890589714050293
1227,3,3,1,0.22582010924816132,3.614654779434204,0.10971878468990326,3.864084243774414,0.19771404564380646,3.903986692428589,0.12573739886283875,3.913456916809082
1228,3,3,1,0.22742196917533875,3.6069295406341553,0.11711276322603226,3.874282121658325,0.17870096862316132,3.8897006511688232,0.11800462007522583,3.868941068649292
1229,3,0,0,0.23143036663532257,3.617516040802002,0.1271374672651291,3.849551200866699,0.19721579551696777,3.8882319927215576,0.12775032222270966,3.866926670074463
1230,3,3,1,0.22325165569782257,3.623656749725342,0.11818896979093552,3.894481658935547,0.17987683415412903,3.925710439682007,0.11874202638864517,3.934541702270508
1231,3,3,1,0.22781309485435486,3.6142423152923584,0.11059071868658066,3.8578121662139893,0.20617426931858063,3.886418581008911,0.13582190871238708,3.834042549133301
1232,3,3,1,0.24175402522087097,3.5809545516967773,0.1199079230427742,3.768760919570923,0.23969626426696777,3.816953420639038,0.15796396136283875,3.8146605491638184
1233,3,3,1,0.22704081237316132,3.6159474849700928,0.11060068011283875,3.8848094940185547,0.19513313472270966,3.912674903869629,0.1252790093421936,3.9040725231170654
1234,3,3,1,0.22776326537132263,3.6116204261779785,0.1111188605427742,3.8519864082336426,0.20177973806858063,3.8734753131866455,0.13185586035251617,3.8396310806274414
1235,3,3,1,0.21496333181858063,3.6383159160614014,0.10255899280309677,3.9667704105377197,0.15808354318141937,3.9515883922576904,0.1051897332072258,3.883857488632202
1236,3,3,1,0.22286799550056458,3.622807741165161,0.10803969949483871,3.902139902114868,0.18086335062980652,3.9169697761535645,0.11573261767625809,3.9490270614624023
1237,3,3,1,0.22368013858795166,3.6153228282928467,0.10909099876880646,3.859785318374634,0.19616948068141937,3.8841817378997803,0.13125796616077423,3.8420891761779785
1238,3,3,1,0.2192557156085968,3.6427719593048096,0.14338527619838715,3.910660982131958,0.17106783390045166,3.947340726852417,0.11142776906490326,3.9433016777038574
1239,3,3,1,0.23052355647087097,3.6099703311920166,0.1103864386677742,3.8593544960021973,0.21102717518806458,3.890777826309204,0.1416015625,3.8080224990844727
1240,3,3,1,0.22567063570022583,3.6243128776550293,0.10701330751180649,3.9389607906341553,0.18448062241077423,3.940150260925293,0.12059549987316132,3.8876218795776367
1241,3,3,1,0.22336126863956451,3.624633312225342,0.10783043503761292,3.8843915462493896,0.1946149468421936,3.907987594604492,0.12621571123600006,3.8844149112701416
1242,3,3,1,0.2299555540084839,3.6124303340911865,0.1108049675822258,3.8833580017089844,0.1965082883834839,3.9100911617279053,0.12928491830825806,3.881763458251953
1243,3,3,1,0.21642567217350006,3.6408748626708984,0.10734713822603226,3.977999448776245,0.15264269709587097,3.965334892272949,0.10249920189380646,3.949251413345337
1244,3,3,1,0.2259870171546936,3.620936393737793,0.10725247114896774,3.912013292312622,0.18835698068141937,3.907099723815918,0.12503986060619354,3.889225482940674
1245,3,3,1,0.23095951974391937,3.611159563064575,0.1103166863322258,3.8739442825317383,0.20474927127361298,3.910984516143799,0.13331075012683868,3.9008820056915283
1246,3,3,1,0.2459891140460968,3.5733628273010254,0.12382911890745163,3.7354846000671387,0.2523716390132904,3.798428535461426,0.16627471148967743,3.7834112644195557
1247,3,3,1,0.22658491134643555,3.6034655570983887,0.11270327866077423,3.8399646282196045,0.19344905018806458,3.8441250324249268,0.13327088952064514,3.842679738998413
1248,3,3,1,0.22313207387924194,3.628535032272339,0.1054338738322258,3.9426302909851074,0.17184510827064514,3.9318063259124756,0.10935506969690323,3.9132494926452637
1249,3,3,1,0.22790028154850006,3.6044862270355225,0.11686363816261292,3.8255808353424072,0.20108218491077423,3.8518261909484863,0.12641501426696777,3.840296506881714
1250,3,3,1,0.22499799728393555,3.61517333984375,0.10977359116077423,3.868191719055176,0.19869060814380646,3.8984904289245605,0.1321149468421936,3.880675792694092
1251,3,3,1,0.22150030732154846,3.623178005218506,0.10723254084587097,3.885791301727295,0.18801817297935486,3.8919334411621094,0.12175143510103226,3.860369920730591
1252,3,3,1,0.22208325564861298,3.621138334274292,0.10745176672935486,3.877074956893921,0.19557158648967743,3.9162845611572266,0.12970344722270966,3.9027349948883057
1253,3,3,1,0.24604392051696777,3.5711493492126465,0.12415795773267746,3.7079336643218994,0.2553611099720001,3.7561070919036865,0.16762994229793549,3.7196528911590576
1254,3,3,1,0.21159020066261292,3.649198293685913,0.10378467291593552,4.012050151824951,0.13975805044174194,3.982959032058716,0.0923549085855484,3.9257659912109375
1255,3,3,1,0.22849568724632263,3.6063454151153564,0.11247409135103226,3.810002565383911,0.21803252398967743,3.8568098545074463,0.14554767310619354,3.8363685607910156
1256,3,3,1,0.22407375276088715,3.6129190921783447,0.11244917660951614,3.895298957824707,0.18538743257522583,3.888841152191162,0.12270806729793549,3.8755886554718018
1257,3,3,1,0.24040377140045166,3.5896685123443604,0.11817402392625809,3.7823593616485596,0.23525190353393555,3.8217976093292236,0.15981744229793549,3.783139944076538
1258,3,3,1,0.2239990234375,3.6224546432495117,0.10957429558038712,3.893415689468384,0.1861746609210968,3.930792808532715,0.11800462007522583,3.9282217025756836
1259,3,3,1,0.23270337283611298,3.603667736053467,0.11263851076364517,3.8542044162750244,0.2068319469690323,3.8733859062194824,0.13223452866077423,3.8248682022094727
1260,3,1,0,0.23094457387924194,3.6314144134521484,0.1662348508834839,3.8328137397766113,0.19865074753761292,3.886531114578247,0.1310586780309677,3.8841240406036377
1261,3,3,1,0.24790985882282257,3.563835859298706,0.1283830851316452,3.6751270294189453,0.2645288407802582,3.719694137573242,0.1700613796710968,3.7201452255249023
1262,3,3,1,0.22905871272087097,3.612457275390625,0.10986328125,3.891383171081543,0.19508330523967743,3.8986566066741943,0.12531886994838715,3.8602099418640137
1263,3,3,1,0.22337870299816132,3.6298484802246094,0.10513990372419357,3.928205966949463,0.1856166273355484,3.936006784439087,0.12037627398967743,3.9018211364746094
1264,3,3,1,0.22976621985435486,3.613542318344116,0.11026685684919357,3.8836021423339844,0.20052415132522583,3.875068426132202,0.13291214406490326,3.7903733253479004
1265,3,3,1,0.242292121052742,3.580836534500122,0.12241409718990326,3.732996940612793,0.2513851225376129,3.786102294921875,0.16826769709587097,3.766552209854126
1266,3,3,1,0.22237971425056458,3.63240909576416,0.10475625842809677,3.9506301879882812,0.17882055044174194,3.932516098022461,0.11728714406490326,3.899235248565674
1267,3,3,1,0.2331792116165161,3.598942279815674,0.11497528105974197,3.813659191131592,0.21504303812980652,3.8478684425354004,0.13777503371238708,3.860841989517212
1268,3,3,1,0.22770348191261292,3.625566244125366,0.14292190968990326,3.8697924613952637,0.18363361060619354,3.914857864379883,0.11995774507522583,3.90613055229187
1269,3,3,1,0.22939752042293549,3.6096739768981934,0.1289510875940323,3.893589973449707,0.17786391079425812,3.8969130516052246,0.10744180530309677,3.8812835216522217
1270,3,3,1,0.23168446123600006,3.6061182022094727,0.11236447840929031,3.8405020236968994,0.21405652165412903,3.8709557056427,0.13924983143806458,3.8060684204101562
1271,3,3,1,0.22579021751880646,3.6167001724243164,0.10880699753761292,3.878789186477661,0.20288583636283875,3.8740177154541016,0.140625,3.8275227546691895
1272,3,3,1,0.22688385844230652,3.614924192428589,0.11039640009403229,3.866633653640747,0.1961595118045807,3.8876302242279053,0.12783002853393555,3.847365140914917
1273,3,3,1,0.22388941049575806,3.6207897663116455,0.10807956010103226,3.8796329498291016,0.19554169476032257,3.9186158180236816,0.12745137512683868,3.88788104057312
1274,3,0,0,0.24427515268325806,3.5706753730773926,0.12885642051696777,3.701183319091797,0.2437220960855484,3.7296180725097656,0.15630978345870972,3.72548770904541
1275,3,3,1,0.23052355647087097,3.602167844772339,0.11396882683038712,3.8274459838867188,0.21063855290412903,3.8438830375671387,0.13655930757522583,3.811295986175537
1276,3,3,1,0.2221779227256775,3.6222641468048096,0.10815927386283875,3.885157585144043,0.18878547847270966,3.9332804679870605,0.12175143510103226,3.9237191677093506
1277,3,3,1,0.22265873849391937,3.627633571624756,0.10499541461467743,3.916623115539551,0.18015584349632263,3.9089550971984863,0.12414301186800003,3.8431529998779297
1278,3,3,1,0.22886689007282257,3.615691900253296,0.10929527878761292,3.918490171432495,0.18107262253761292,3.911562442779541,0.11672911047935486,3.927608013153076
1279,3,3,1,0.25093668699264526,3.557739734649658,0.12992267310619354,3.655583620071411,0.27200254797935486,3.715013265609741,0.17615991830825806,3.7317569255828857
1280,3,3,1,0.22380220890045166,3.6239702701568604,0.10634566098451614,3.907421350479126,0.18633410334587097,3.918872594833374,0.1267338991165161,3.8790690898895264
1281,3,3,1,0.22705078125,3.606649160385132,0.11177156120538712,3.8542325496673584,0.19114716351032257,3.9024085998535156,0.12222974747419357,3.945866584777832
1282,3,3,1,0.23129583895206451,3.608978509902954,0.11287268251180649,3.850490093231201,0.2062739133834839,3.9075844287872314,0.12992267310619354,3.891547679901123
1283,3,3,1,0.23097695410251617,3.6171534061431885,0.11124341934919357,3.887624740600586,0.1944056898355484,3.9040443897247314,0.12232939898967743,3.836754560470581
1284,3,3,1,0.22721520066261292,3.615715980529785,0.10979850590229034,3.8822433948516846,0.19639867544174194,3.9136435985565186,0.1248604878783226,3.9232242107391357
1285,3,3,1,0.22939252853393555,3.6096112728118896,0.11281787604093552,3.841717004776001,0.20434071123600006,3.8553106784820557,0.12846778333187103,3.830592632293701
1286,3,3,1,0.22322174906730652,3.6300792694091797,0.13566744327545166,3.8756473064422607,0.1917649805545807,3.9171690940856934,0.12222974747419357,3.8816239833831787
1287,3,3,1,0.24229960143566132,3.585517406463623,0.12070013582706451,3.7589681148529053,0.24103155732154846,3.82065486907959,0.15983736515045166,3.7776808738708496
1288,3,3,1,0.22215799987316132,3.624641180038452,0.10669941455125809,3.8966145515441895,0.18709143996238708,3.910998582839966,0.12133290618658066,3.8897831439971924
1289,3,3,1,0.2223423570394516,3.6171205043792725,0.114188052713871,3.8736801147460938,0.18369339406490326,3.8899316787719727,0.11571268737316132,3.8966586589813232
1290,3,3,1,0.23900867998600006,3.591390371322632,0.1177804097533226,3.796903371810913,0.23218271136283875,3.829914093017578,0.15668845176696777,3.787713050842285
1291,3,3,1,0.22091487050056458,3.6233184337615967,0.10776068270206451,3.92824125289917,0.1716059446334839,3.9313628673553467,0.12099409848451614,3.880579710006714
1292,3,3,1,0.22018744051456451,3.627244472503662,0.10712292790412903,3.9229767322540283,0.1776048243045807,3.932783365249634,0.11656967550516129,3.915541172027588
1293,3,3,1,0.22627350687980652,3.615933418273926,0.11589206010103226,3.8745055198669434,0.19541214406490326,3.918715000152588,0.1319754421710968,3.864391326904297
1294,3,3,1,0.24092693626880646,3.58423113822937,0.12009725719690323,3.755476236343384,0.24173907935619354,3.816727876663208,0.15967793762683868,3.80204701423645
1295,3,3,1,0.22313953936100006,3.62009596824646,0.10759127885103226,3.8849217891693115,0.19148597121238708,3.9125728607177734,0.12354511767625809,3.867720603942871
1296,3,3,1,0.22881706058979034,3.6175243854522705,0.12969347834587097,3.904264211654663,0.16475006937980652,3.919675827026367,0.10231982916593552,3.935527801513672
1297,3,3,1,0.22424067556858063,3.614729166030884,0.11592693626880646,3.875746726989746,0.1879982352256775,3.8953142166137695,0.12201052159070969,3.8879451751708984
1298,3,3,1,0.23086485266685486,3.6031875610351562,0.11368482559919357,3.827277898788452,0.2098313868045807,3.8648905754089355,0.13516421616077423,3.879976511001587
1299,3,3,1,0.2298060804605484,3.605771541595459,0.11218012124300003,3.829535961151123,0.20979152619838715,3.852182626724243,0.13681839406490326,3.827530860900879
1300,3,3,1,0.21820440888404846,3.6386189460754395,0.10298249870538712,3.957956314086914,0.16991190612316132,3.900944232940674,0.11527423560619354,3.8604772090911865
1301,3,3,1,0.22492824494838715,3.6192848682403564,0.10855787247419357,3.8808517456054688,0.1925920695066452,3.9269416332244873,0.12456154078245163,3.948319911956787
1302,3,3,1,0.22697852551937103,3.6137349605560303,0.11047113686800003,3.851975440979004,0.2059849351644516,3.8694305419921875,0.13731664419174194,3.842089891433716
1303,3,3,1,0.22480866312980652,3.6288230419158936,0.1058523952960968,3.9322664737701416,0.1832449734210968,3.909837484359741,0.1252790093421936,3.8768692016601562
1304,3,3,1,0.24139279127120972,3.579512357711792,0.12294722348451614,3.731966257095337,0.2419881969690323,3.7719898223876953,0.16340480744838715,3.7454566955566406
1305,3,3,1,0.24387654662132263,3.577389717102051,0.12200553715229034,3.7412912845611572,0.24936224520206451,3.8099822998046875,0.1640625,3.818270206451416
1306,3,3,1,0.22831134498119354,3.618521213531494,0.1092354878783226,3.883233070373535,0.19972695410251617,3.895674228668213,0.14052534103393555,3.865267276763916
1307,3,3,1,0.2431391477584839,3.5996639728546143,0.1570073366165161,3.766977548599243,0.22944235801696777,3.835613489151001,0.14365433156490326,3.820199728012085
1308,3,3,1,0.24437977373600006,3.5779848098754883,0.12237922102212906,3.7286458015441895,0.248395636677742,3.774822473526001,0.1618303507566452,3.7736454010009766
1309,3,3,1,0.23035414516925812,3.6081478595733643,0.11164700239896774,3.8558995723724365,0.20492865145206451,3.860734224319458,0.13544324040412903,3.860064744949341
1310,3,3,1,0.2262585610151291,3.616304397583008,0.10912089049816132,3.8531572818756104,0.20653299987316132,3.9139244556427,0.13675861060619354,3.8912854194641113
1311,3,3,1,0.2330944985151291,3.631458044052124,0.173583984375,3.8652946949005127,0.22787787020206451,3.909349203109741,0.13103874027729034,3.926539897918701
1312,3,3,1,0.23237453401088715,3.6090033054351807,0.11134307086467743,3.851881742477417,0.21209342777729034,3.881225347518921,0.14078444242477417,3.8287088871002197
1313,3,3,1,0.21159020066261292,3.649198293685913,0.10378467291593552,4.012050151824951,0.13975805044174194,3.982959032058716,0.0923549085855484,3.9257659912109375
1314,3,3,1,0.2421351820230484,3.581038236618042,0.12073501199483871,3.750288963317871,0.24007493257522583,3.8003487586975098,0.15613041818141937,3.7792954444885254
1315,3,3,1,0.22097964584827423,3.6235077381134033,0.11005261540412903,3.922084331512451,0.1687260866165161,3.944070339202881,0.11178650707006454,3.956320285797119
1316,3,3,1,0.2331468164920807,3.6013975143432617,0.11665935814380646,3.8414623737335205,0.2003348171710968,3.8561480045318604,0.1349649280309677,3.8263437747955322
1317,3,3,1,0.2317143678665161,3.611501693725586,0.111572265625,3.8593311309814453,0.20652303099632263,3.903884172439575,0.13354989886283875,3.850320816040039
1318,3,3,1,0.24883908033370972,3.5640029907226562,0.1272421032190323,3.678753137588501,0.2645886540412903,3.7271769046783447,0.17219386994838715,3.726041555404663
1319,3,3,1,0.23237453401088715,3.6090033054351807,0.11134307086467743,3.851881742477417,0.21209342777729034,3.881225347518921,0.14078444242477417,3.8287088871002197
1320,3,3,1,0.22834621369838715,3.6093387603759766,0.11200075596570969,3.830819845199585,0.20706114172935486,3.8264594078063965,0.13636000454425812,3.7950892448425293
1321,3,3,1,0.2410016655921936,3.587812662124634,0.12061044573783875,3.7743215560913086,0.23266102373600006,3.8084633350372314,0.15302136540412903,3.7914822101593018
1322,3,3,1,0.24446198344230652,3.5756912231445312,0.1226632222533226,3.739713191986084,0.2493024468421936,3.8085379600524902,0.16358418762683868,3.8260233402252197
1323,3,0,0,0.24111875891685486,3.5840351581573486,0.12742646038532257,3.750889539718628,0.23533162474632263,3.7898035049438477,0.14772002398967743,3.7995142936706543
1324,3,3,1,0.21353335678577423,3.6317055225372314,0.10677415132522583,3.9409239292144775,0.15484493970870972,3.9164681434631348,0.100027896463871,3.8756723403930664
1325,3,3,1,0.22489337623119354,3.6158030033111572,0.11753128468990326,3.866760015487671,0.19430604577064514,3.8638904094696045,0.12450174987316132,3.834960699081421
1326,3,3,1,0.24314911663532257,3.5795066356658936,0.12191087007522583,3.747588634490967,0.24975086748600006,3.8210110664367676,0.16487962007522583,3.809379816055298
1327,3,3,1,0.2253667116165161,3.631190299987793,0.13588666915893555,3.8907344341278076,0.19255220890045166,3.8846452236175537,0.1329520046710968,3.848748207092285
1328,3,3,1,0.24419043958187103,3.5781984329223633,0.12238918989896774,3.7495522499084473,0.24655212461948395,3.812464714050293,0.1640027016401291,3.809697389602661
1329,3,3,1,0.22009028494358063,3.628596544265747,0.10605667531490326,3.920135259628296,0.17330995202064514,3.934452533721924,0.1114676296710968,3.996781587600708
1330,3,3,1,0.24447444081306458,3.6306376457214355,0.20299047231674194,3.8091602325439453,0.235700324177742,3.831184148788452,0.14451131224632263,3.7767205238342285
1331,3,3,1,0.24190349876880646,3.5793187618255615,0.12007732689380646,3.774190902709961,0.2341657280921936,3.8133537769317627,0.15477518737316132,3.7876641750335693
1332,3,3,1,0.23469886183738708,3.5925803184509277,0.11777542531490326,3.7954142093658447,0.21399672329425812,3.82537841796875,0.14205995202064514,3.809062957763672
1333,3,3,1,0.22955945134162903,3.614832878112793,0.11482083052396774,3.8676068782806396,0.1897421032190323,3.865553379058838,0.12551817297935486,3.8216893672943115
1334,3,3,1,0.2232765555381775,3.618075370788574,0.10840839892625809,3.87489652633667,0.1980329155921936,3.911437511444092,0.13347017765045166,3.8839778900146484
1335,3,3,1,0.23649752140045166,3.602799892425537,0.1408093422651291,3.806730031967163,0.21165497601032257,3.8527307510375977,0.13313136994838715,3.8564372062683105
1336,3,3,1,0.22164231538772583,3.6141128540039062,0.11098433285951614,3.8549046516418457,0.1869419664144516,3.8560235500335693,0.1282884180545807,3.8347055912017822
1337,3,3,1,0.231061652302742,3.609595775604248,0.1131068617105484,3.8190388679504395,0.21874003112316132,3.8698465824127197,0.14156170189380646,3.856257915496826
1338,3,3,1,0.24904833734035492,3.5604681968688965,0.12801936268806458,3.682065963745117,0.2577527165412903,3.727557420730591,0.16583625972270966,3.7317631244659424
1339,3,3,1,0.23375219106674194,3.5997443199157715,0.1148158460855484,3.804244041442871,0.21926817297935486,3.848482131958008,0.14692282676696777,3.824877977371216
1340,3,3,1,0.2170858532190323,3.6349666118621826,0.102957583963871,3.959446430206299,0.17017099261283875,3.906482458114624,0.12051577866077423,3.790639877319336
1341,3,3,1,0.2402866929769516,3.5875918865203857,0.11837830394506454,3.78774356842041,0.23380699753761292,3.8431999683380127,0.15349967777729034,3.818358898162842
1342,3,3,1,0.24283771216869354,3.5799829959869385,0.1213727667927742,3.7459359169006348,0.24181878566741943,3.776857376098633,0.16045519709587097,3.752453088760376
1343,3,3,1,0.224958136677742,3.6153266429901123,0.1106305792927742,3.8591244220733643,0.1912766993045807,3.831622838973999,0.13614077866077423,3.837505578994751
1344,3,3,1,0.23137804865837097,3.610269546508789,0.12061543017625809,3.8396811485290527,0.20369300246238708,3.8746635913848877,0.13062021136283875,3.8965516090393066
1345,3,3,1,0.22250427305698395,3.6310923099517822,0.12416792660951614,3.9241602420806885,0.19025032222270966,3.9226901531219482,0.12836813926696777,3.872224807739258
1346,3,3,1,0.22729989886283875,3.622084617614746,0.10765106230974197,3.906738758087158,0.1912069469690323,3.9378256797790527,0.1206752210855484,3.9246902465820312
1347,3,3,1,0.22585248947143555,3.625464677810669,0.10998285561800003,3.9214913845062256,0.1854173243045807,3.9068093299865723,0.1262555718421936,3.8702447414398193
1348,3,3,1,0.22594715654850006,3.6336262226104736,0.1395089328289032,3.8980000019073486,0.19068877398967743,3.919262170791626,0.1128627210855484,3.8843369483947754
1349,3,3,1,0.24010233581066132,3.5901079177856445,0.11848293989896774,3.788940191268921,0.23393653333187103,3.832296848297119,0.15543287992477417,3.787536859512329
1350,3,3,1,0.24080735445022583,3.580434799194336,0.11957409977912903,3.771073818206787,0.23474369943141937,3.806851387023926,0.1574457883834839,3.7772152423858643
1351,3,3,1,0.2262411266565323,3.6275393962860107,0.1084681898355484,3.9231510162353516,0.17673787474632263,3.900090217590332,0.11852280050516129,3.869009494781494
1352,3,3,1,0.22584253549575806,3.6224586963653564,0.10713288933038712,3.9076364040374756,0.18971221148967743,3.938859224319458,0.12745137512683868,3.9143080711364746
1353,3,3,1,0.23966388404369354,3.5869462490081787,0.11885163933038712,3.784271001815796,0.23517218232154846,3.8499577045440674,0.16049505770206451,3.8105053901672363
1354,3,3,1,0.24735181033611298,3.625819683074951,0.20373286306858063,3.806089401245117,0.24061304330825806,3.8279218673706055,0.1364397257566452,3.799006700515747
1355,3,3,1,0.21697872877120972,3.6311240196228027,0.10620614886283875,3.934087038040161,0.16208943724632263,3.9714126586914062,0.10546875,3.97637939453125
1356,3,3,1,0.2216024547815323,3.623284101486206,0.11076510697603226,3.888443946838379,0.18168048560619354,3.897104024887085,0.1216517835855484,3.8466579914093018
1357,3,3,1,0.22927545011043549,3.6247975826263428,0.13579699397087097,3.864612102508545,0.18691205978393555,3.9147517681121826,0.12035634368658066,3.8744826316833496
1358,3,3,1,0.23203323781490326,3.629568338394165,0.16665337979793549,3.8283305168151855,0.20629383623600006,3.867887258529663,0.12490034848451614,3.8576672077178955
1359,3,3,1,0.24480079114437103,3.574446678161621,0.12278778105974197,3.7395308017730713,0.24940210580825806,3.801382541656494,0.16464045643806458,3.7942137718200684
1360,3,3,1,0.23248913884162903,3.6055848598480225,0.11332111060619354,3.847168445587158,0.20554646849632263,3.8643524646759033,0.1310786008834839,3.8096396923065186
1361,3,3,1,0.22520726919174194,3.619966745376587,0.10910096019506454,3.8725852966308594,0.19976681470870972,3.904574155807495,0.13103874027729034,3.861901044845581
1362,3,3,1,0.24724219739437103,3.568915367126465,0.1261160671710968,3.688448190689087,0.2557098865509033,3.746307611465454,0.16372369229793549,3.7661595344543457
1363,3,3,1,0.22648029029369354,3.6246769428253174,0.10870734602212906,3.914428472518921,0.17875079810619354,3.8846583366394043,0.11780532449483871,3.885129451751709
1364,3,3,1,0.22686144709587097,3.6151278018951416,0.11005759239196777,3.8564443588256836,0.20409159362316132,3.8893120288848877,0.1345663219690323,3.8671505451202393
1365,3,3,1,0.22560088336467743,3.6168644428253174,0.10966896265745163,3.8745627403259277,0.18871571123600006,3.892068862915039,0.12041613459587097,3.9018537998199463
1366,3,3,1,0.24427764117717743,3.5753302574157715,0.12324617058038712,3.7329399585723877,0.25130540132522583,3.7957096099853516,0.16759008169174194,3.780116558074951
1367,3,3,1,0.22563326358795166,3.6168088912963867,0.10945471376180649,3.8688547611236572,0.19777382910251617,3.8968610763549805,0.1287069469690323,3.8581604957580566
1368,3,3,1,0.22557348012924194,3.6238858699798584,0.1338936984539032,3.87370228767395,0.18608497083187103,3.9179608821868896,0.12155213207006454,3.913100481033325
1369,3,3,1,0.2275564968585968,3.614617347717285,0.1108049675822258,3.8595709800720215,0.20246730744838715,3.8869476318359375,0.13241389393806458,3.86724853515625
1370,3,3,1,0.21924076974391937,3.6210670471191406,0.10899633169174194,3.920689344406128,0.16935387253761292,3.92691969871521,0.12284757196903229,3.8948733806610107
1371,3,3,1,0.23027941584587097,3.6143386363983154,0.10976362973451614,3.890104293823242,0.19886000454425812,3.902886390686035,0.12990273535251617,3.8424363136291504
1372,3,3,1,0.22264130413532257,3.6223230361938477,0.10701330751180649,3.9075334072113037,0.18259724974632263,3.9195590019226074,0.11708784848451614,3.934638261795044
1373,3,3,1,0.22177933156490326,3.6215627193450928,0.1077357679605484,3.8859548568725586,0.1813715696334839,3.89143443107605,0.11840321868658066,3.866015911102295
1374,3,3,1,0.2291434109210968,3.611654758453369,0.11123843491077423,3.853578805923462,0.20276625454425812,3.895665407180786,0.12846778333187103,3.8963699340820312
1375,3,3,1,0.21946747601032257,3.625556230545044,0.112723208963871,3.9207921028137207,0.17437618970870972,3.9450254440307617,0.11457668989896774,3.890589714050293
1376,3,3,1,0.23121362924575806,3.6072771549224854,0.11093451082706451,3.8435661792755127,0.21425580978393555,3.8757266998291016,0.14646443724632263,3.8207919597625732
1377,3,3,1,0.2326062172651291,3.6102817058563232,0.1121302992105484,3.8697621822357178,0.20571587979793549,3.8728444576263428,0.1388711780309677,3.8369688987731934
1378,3,3,1,0.21441027522087097,3.638521671295166,0.11666931957006454,3.9662623405456543,0.16724130511283875,3.947387218475342,0.11529415845870972,3.9294726848602295
1379,3,3,1,0.2400425523519516,3.5895802974700928,0.1200823113322258,3.7639102935791016,0.23356783390045166,3.8031911849975586,0.1493542641401291,3.8054442405700684
1380,3,3,1,0.2206956446170807,3.6285994052886963,0.10538404434919357,3.9380643367767334,0.16897520422935486,3.933065891265869,0.10774075239896774,3.887162446975708
1381,3,2,0,0.22604681551456451,3.6180388927459717,0.11606146395206451,3.897655963897705,0.16988201439380646,3.921633005142212,0.11075015366077423,3.9184811115264893
1382,3,3,1,0.23930016160011292,3.5892333984375,0.11796974390745163,3.7944419384002686,0.22749920189380646,3.841130018234253,0.1496930718421936,3.813739776611328
1383,3,3,1,0.22281567752361298,3.623535394668579,0.10782545059919357,3.9304561614990234,0.16137196123600006,3.8719897270202637,0.10981345176696777,3.882032632827759
1384,3,3,1,0.23576509952545166,3.5924997329711914,0.11852777749300003,3.7954936027526855,0.21760402619838715,3.809497594833374,0.14395327866077423,3.8065900802612305
1385,3,3,1,0.21882224082946777,3.633195638656616,0.10824896395206451,3.935100793838501,0.18050462007522583,3.9255824089050293,0.12438217550516129,3.927255153656006
1386,3,3,1,0.2305908203125,3.6052656173706055,0.11313177645206451,3.8451950550079346,0.20387236773967743,3.839728355407715,0.1378946155309677,3.808931827545166
1387,3,3,1,0.22266371548175812,3.6262991428375244,0.10551358759403229,3.9372904300689697,0.17888033390045166,3.9246838092803955,0.11637037247419357,3.9261860847473145
1388,3,3,1,0.24737174808979034,3.564004898071289,0.1264200061559677,3.699680805206299,0.2548030912876129,3.751779317855835,0.16430164873600006,3.736293077468872
1389,3,1,0,0.25709500908851624,3.5981879234313965,0.20653299987316132,3.7452476024627686,0.24913305044174194,3.80572772026062,0.16173070669174194,3.7972888946533203
1390,3,3,1,0.23270587623119354,3.6117117404937744,0.11209043860435486,3.862248182296753,0.21014030277729034,3.88917875289917,0.14052534103393555,3.8203091621398926
1391,3,3,1,0.24221739172935486,3.5821163654327393,0.12058055400848389,3.7599685192108154,0.24068279564380646,3.8029229640960693,0.16167090833187103,3.779585838317871
1392,3,3,1,0.2265874147415161,3.6162126064300537,0.1094098761677742,3.867844581604004,0.2007533460855484,3.901270627975464,0.1339883655309677,3.870593547821045
1393,3,3,1,0.22906368970870972,3.609757661819458,0.11084980517625809,3.8642125129699707,0.20262674987316132,3.9219534397125244,0.1342075914144516,3.8929314613342285
1394,3,3,1,0.22855548560619354,3.622438430786133,0.10977359116077423,3.901461601257324,0.19010083377361298,3.8947947025299072,0.12378427386283875,3.853968858718872
1395,3,3,1,0.21715809404850006,3.6270692348480225,0.10668446868658066,3.914860725402832,0.16804847121238708,3.880455493927002,0.11240433156490326,3.8292553424835205
1396,3,3,1,0.22112414240837097,3.6292402744293213,0.10556839406490326,3.9125919342041016,0.18644371628761292,3.9579904079437256,0.12093430757522583,3.9332563877105713
1397,3,3,1,0.2278006374835968,3.617020845413208,0.10847815126180649,3.911905288696289,0.19841158390045166,3.918386936187744,0.12810905277729034,3.8844120502471924
1398,3,3,1,0.22944484651088715,3.609309434890747,0.11143773794174194,3.852588653564453,0.20365314185619354,3.882859468460083,0.12952406704425812,3.9018311500549316
1399,3,3,1,0.23298239707946777,3.613701820373535,0.1496233195066452,3.8110222816467285,0.2075294852256775,3.8519158363342285,0.14584662020206451,3.825908660888672
1400,3,3,1,0.24012725055217743,3.583437919616699,0.11962392181158066,3.7751259803771973,0.24171914160251617,3.8123841285705566,0.16410236060619354,3.7858877182006836
1401,3,3,1,0.22480617463588715,3.6235885620117188,0.10636060684919357,3.9020938873291016,0.1884167641401291,3.893484354019165,0.12322624027729034,3.880155324935913
1402,3,3,1,0.21846351027488708,3.6148152351379395,0.11420300602912903,3.8991317749023438,0.17400749027729034,3.8878707885742188,0.12232939898967743,3.8414793014526367
1403,3,3,1,0.22966158390045166,3.611652374267578,0.111746646463871,3.8428750038146973,0.20555643737316132,3.870903730392456,0.1298828125,3.851925849914551
1404,3,3,1,0.22334133088588715,3.6273326873779297,0.10601682215929031,3.9121627807617188,0.18115234375,3.901864767074585,0.11599170416593552,3.8668384552001953
1405,3,3,1,0.24395129084587097,3.575425863265991,0.12540856003761292,3.7216129302978516,0.24519690871238708,3.7558319568634033,0.15957827866077423,3.759585380554199
1406,3,3,1,0.2426508665084839,3.579854726791382,0.12308673560619354,3.731379508972168,0.24910315871238708,3.802424192428589,0.16278699040412903,3.801297664642334
1407,3,3,1,0.21980129182338715,3.6480562686920166,0.1580038219690323,3.910254716873169,0.1911272257566452,3.956308603286743,0.11340082436800003,3.989630937576294
1408,3,3,1,0.22439761459827423,3.6251678466796875,0.10707808285951614,3.908798933029175,0.18322505056858063,3.905966281890869,0.11826370656490326,3.8998990058898926
1409,3,3,1,0.22531189024448395,3.615875482559204,0.11076012253761292,3.859694004058838,0.19576092064380646,3.866887331008911,0.12816883623600006,3.8046960830688477
1410,3,3,1,0.22174444794654846,3.6248624324798584,0.10656987130641937,3.9121510982513428,0.17761479318141937,3.9059693813323975,0.10929527878761292,3.8989789485931396
1411,3,3,1,0.24344806373119354,3.5778329372406006,0.12265823781490326,3.72414493560791,0.24887396395206451,3.7811410427093506,0.16352438926696777,3.773674488067627
1412,3,3,1,0.2221330851316452,3.633571147918701,0.14141222834587097,3.913184404373169,0.18600526452064514,3.9177112579345703,0.11445710808038712,3.8805501461029053
1413,3,0,0,0.22893165051937103,3.605985164642334,0.1202566921710968,3.8423101902008057,0.20489874482154846,3.872629165649414,0.13877151906490326,3.874479293823242
1414,3,3,1,0.22112414240837097,3.619900703430176,0.10888671875,3.896815299987793,0.17000159621238708,3.8828840255737305,0.11371970176696777,3.8867857456207275
1415,3,3,1,0.24669910967350006,3.567148447036743,0.12804926931858063,3.6861090660095215,0.2553611099720001,3.705728530883789,0.1648397594690323,3.704751491546631
1416,3,3,1,0.2290213406085968,3.6094353199005127,0.1116420179605484,3.8317043781280518,0.21459461748600006,3.8861851692199707,0.13879145681858063,3.8630096912384033
1417,3,3,1,0.24173657596111298,3.582253932952881,0.12036630511283875,3.771131753921509,0.24251633882522583,3.837120532989502,0.1628866344690323,3.8191606998443604
1418,3,3,1,0.2290487438440323,3.6226861476898193,0.1085379421710968,3.9158098697662354,0.1909877210855484,3.9184494018554688,0.12446188926696777,3.869335412979126
1419,3,3,1,0.21684668958187103,3.6282684803009033,0.11874202638864517,3.913729429244995,0.16440130770206451,3.944720506668091,0.1033761128783226,3.9427413940429688
1420,3,3,1,0.21431560814380646,3.632398843765259,0.10683394223451614,3.961151123046875,0.1637137234210968,3.9240975379943848,0.11511479318141937,3.834141254425049
1421,3,3,1,0.23240193724632263,3.6009347438812256,0.115164615213871,3.8153066635131836,0.21271124482154846,3.8389394283294678,0.13739636540412903,3.806643486022949
1422,3,3,1,0.22756895422935486,3.6163790225982666,0.11095444113016129,3.8591763973236084,0.1911969780921936,3.8176889419555664,0.11748644709587097,3.751314640045166
1423,3,3,1,0.2282465696334839,3.6183037757873535,0.10911590605974197,3.8915069103240967,0.19568119943141937,3.900493860244751,0.12940450012683868,3.821808099746704
1424,3,3,1,0.22496064007282257,3.629007339477539,0.10718271136283875,3.9428226947784424,0.17678770422935486,3.9463388919830322,0.1194196417927742,3.8953604698181152
1425,3,3,1,0.24378687143325806,3.577040195465088,0.1216866597533226,3.7422921657562256,0.2406529039144516,3.7913870811462402,0.16079400479793549,3.7726821899414062
1426,3,3,1,0.2265874147415161,3.618257522583008,0.10983338207006454,3.8735711574554443,0.19523277878761292,3.94109845161438,0.12097416818141937,3.9675452709198
1427,3,3,1,0.2237548828125,3.631706714630127,0.10531927645206451,3.953827142715454,0.17268215119838715,3.9276933670043945,0.10803969949483871,3.9000184535980225
1428,3,3,1,0.22501793503761292,3.619946002960205,0.10929029434919357,3.895008087158203,0.1776745766401291,3.896074056625366,0.115234375,3.843479871749878
1429,3,3,1,0.21656019985675812,3.6403961181640625,0.10708306729793549,3.9814350605010986,0.14851722121238708,3.947530746459961,0.09279336780309677,3.886812686920166
1430,3,3,1,0.22763870656490326,3.6188058853149414,0.1111886128783226,3.8568739891052246,0.19728554785251617,3.892059803009033,0.12171157449483871,3.883739948272705
1431,3,3,1,0.24347296357154846,3.5766382217407227,0.1254185289144516,3.689655065536499,0.25832071900367737,3.7421979904174805,0.1674107164144516,3.716904878616333
1432,3,3,1,0.22419831156730652,3.6270570755004883,0.1064104363322258,3.956641912460327,0.16843709349632263,3.947819948196411,0.10540895909070969,3.9255058765411377
1433,3,3,1,0.21895676851272583,3.633420944213867,0.10990811884403229,3.9428350925445557,0.16319555044174194,3.9531049728393555,0.10536909848451614,3.947796583175659
1434,3,3,1,0.2362160086631775,3.611976385116577,0.13816365599632263,3.8263251781463623,0.21398676931858063,3.8439042568206787,0.1482381969690323,3.78650164604187
