index,label,prediction,correct,rate_layer1,com_layer1,rate_layer2,com_layer2,rate_layer3,com_layer3,rate_layer4,com_layer4
0,0,0,1,0.44457757472991943,3.670682668685913,0.25913283228874207,3.834644079208374,0.2112264782190323,3.947728395462036,0.15523357689380646,4.099884510040283
1,0,0,1,0.4237857758998871,3.683159828186035,0.24807177484035492,3.876197576522827,0.18824736773967743,3.970038652420044,0.13526387512683868,4.132017135620117
2,0,0,1,0.43336454033851624,3.672043561935425,0.25794702768325806,3.8452415466308594,0.20328442752361298,3.9480392932891846,0.14636479318141937,4.0716233253479
3,0,0,1,0.4524424076080322,3.6575870513916016,0.26491251587867737,3.7968177795410156,0.2216198891401291,3.898965835571289,0.16320551931858063,4.0606913566589355
4,0,0,1,0.45807507634162903,3.6467111110687256,0.2682407796382904,3.7687277793884277,0.2292729616165161,3.8436195850372314,0.16954320669174194,3.9836604595184326
5,0,0,1,0.44820481538772583,3.659318685531616,0.2636021077632904,3.8008921146392822,0.21906886994838715,3.8941047191619873,0.16003666818141937,4.05890417098999
6,0,0,1,0.42643144726753235,3.6781208515167236,0.2515096664428711,3.8593077659606934,0.19271165132522583,3.93727707862854,0.14170120656490326,4.063150405883789
7,0,0,1,0.43472975492477417,3.671635150909424,0.2559988796710968,3.8471388816833496,0.20504823327064514,3.9441609382629395,0.1496332883834839,4.082978248596191
8,0,0,1,0.42231592535972595,3.6888232231140137,0.24754862487316132,3.8965260982513428,0.18619458377361298,3.972705364227295,0.13765545189380646,4.134356498718262
9,0,0,1,0.44103753566741943,3.6658475399017334,0.2606824040412903,3.8252294063568115,0.21246212720870972,3.9414660930633545,0.15539301931858063,4.077593803405762
10,0,0,1,0.4486980736255646,3.6568894386291504,0.2623116672039032,3.803046703338623,0.21488361060619354,3.897653579711914,0.15794403851032257,4.044290065765381
11,0,0,1,0.45465710759162903,3.6475400924682617,0.26633748412132263,3.777289390563965,0.22229750454425812,3.8674466609954834,0.16198979318141937,4.028297424316406
12,0,0,1,0.4161974787712097,3.693729877471924,0.2453712821006775,3.9027352333068848,0.18049465119838715,3.9960248470306396,0.1302415430545807,4.1253252029418945
13,0,0,1,0.44785353541374207,3.6653149127960205,0.26041334867477417,3.8157119750976562,0.21182437241077423,3.9307992458343506,0.15324059128761292,4.0920796394348145
14,0,0,1,0.4370814561843872,3.6614439487457275,0.25862962007522583,3.8169453144073486,0.20729033648967743,3.916738748550415,0.1527024805545807,4.054946422576904
15,0,0,1,0.4458730220794678,3.6601574420928955,0.2613948881626129,3.813030242919922,0.21363799273967743,3.9210317134857178,0.15654894709587097,4.058688640594482
16,0,0,1,0.42774930596351624,3.6870157718658447,0.2503039240837097,3.877162218093872,0.19435586035251617,3.9769790172576904,0.1399274468421936,4.117219924926758
17,0,0,1,0.4513661861419678,3.659287452697754,0.2638811469078064,3.806861639022827,0.21767377853393555,3.9097235202789307,0.15868143737316132,4.042451858520508
18,0,0,1,0.4513537287712097,3.6522295475006104,0.2643694281578064,3.791952610015869,0.21922831237316132,3.896045446395874,0.15880101919174194,4.063504219055176
19,0,0,1,0.41428419947624207,3.6922614574432373,0.245954230427742,3.90093994140625,0.1757114976644516,3.973515510559082,0.12994259595870972,4.096932411193848
20,0,0,1,0.40246084332466125,3.6917319297790527,0.24735431373119354,3.899143934249878,0.18223851919174194,3.9641294479370117,0.12509964406490326,4.105623722076416
21,0,0,1,0.438740611076355,3.6630876064300537,0.25962111353874207,3.8205807209014893,0.20977160334587097,3.921618938446045,0.15553252398967743,4.086750507354736
22,0,0,1,0.4482521414756775,3.656609058380127,0.26231664419174194,3.8066213130950928,0.21642817556858063,3.914498805999756,0.15909996628761292,4.057372093200684
23,0,0,1,0.4485211968421936,3.662158489227295,0.26328322291374207,3.8086371421813965,0.21987603604793549,3.8916382789611816,0.16577646136283875,4.039552688598633
24,0,0,1,0.4327242970466614,3.6689157485961914,0.255126953125,3.8445658683776855,0.19717593491077423,3.9448628425598145,0.14429208636283875,4.105386734008789
25,0,0,1,0.4118726849555969,3.6855361461639404,0.2503935992717743,3.882976770401001,0.18908442556858063,3.967325448989868,0.1349051296710968,4.092480659484863
26,0,0,1,0.4132877290248871,3.6909468173980713,0.247419074177742,3.898264169692993,0.18461017310619354,3.9960596561431885,0.1347058266401291,4.12738561630249
27,0,0,1,0.4504917562007904,3.657177209854126,0.2649523615837097,3.7966601848602295,0.2223074734210968,3.903491973876953,0.16021603345870972,4.0675458908081055
28,0,0,1,0.4394032955169678,3.6591789722442627,0.26239636540412903,3.814218521118164,0.21271124482154846,3.9106624126434326,0.15752550959587097,4.04099178314209
29,0,0,1,0.39948877692222595,3.6936604976654053,0.2446737438440323,3.902294874191284,0.1843710094690323,3.9880552291870117,0.13600127398967743,4.1192851066589355
30,0,0,1,0.4437978267669678,3.6650068759918213,0.2616938352584839,3.818308115005493,0.21411630511283875,3.9079909324645996,0.15668845176696777,4.056346893310547
31,0,0,1,0.45165517926216125,3.6572604179382324,0.2631387412548065,3.7987048625946045,0.21931800246238708,3.907083511352539,0.16065450012683868,4.092916488647461
32,0,0,1,0.4122413992881775,3.686645269393921,0.24597416818141937,3.8862218856811523,0.18295599520206451,3.9717321395874023,0.13235411047935486,4.111127853393555
33,0,0,1,0.4351084232330322,3.661007881164551,0.26001474261283875,3.826486110687256,0.20770886540412903,3.9166667461395264,0.14594626426696777,4.065000534057617
34,0,0,1,0.45309510827064514,3.6520540714263916,0.26506197452545166,3.7893004417419434,0.22283561527729034,3.8944637775421143,0.16077406704425812,4.057889938354492
35,0,0,1,0.4042644798755646,3.692115306854248,0.2463727593421936,3.8975489139556885,0.18068398535251617,3.9499778747558594,0.13020168244838715,4.063370704650879
36,0,0,1,0.4220394194126129,3.6850125789642334,0.24843549728393555,3.8807308673858643,0.18801817297935486,3.968942165374756,0.13765545189380646,4.106848239898682
37,0,0,1,0.4468919336795807,3.655168294906616,0.2636270225048065,3.80185604095459,0.21479392051696777,3.8972859382629395,0.15567202866077423,4.062860012054443
38,0,0,1,0.4378935992717743,3.6710150241851807,0.2570551633834839,3.838405132293701,0.2085060477256775,3.938300609588623,0.1513073891401291,4.07982063293457
39,0,0,1,0.4144884943962097,3.6799354553222656,0.2517887055873871,3.8782031536102295,0.18742027878761292,3.948957920074463,0.1343470960855484,4.064233779907227
40,0,0,1,0.4375174343585968,3.66489577293396,0.2580416798591614,3.8364548683166504,0.2088548243045807,3.927668333053589,0.1540178507566452,4.084109783172607
41,0,0,1,0.4412692189216614,3.6655545234680176,0.2582659125328064,3.8259477615356445,0.20571587979793549,3.9403700828552246,0.1480189710855484,4.0958662033081055
42,0,0,1,0.4031284749507904,3.6955673694610596,0.2423270046710968,3.9225058555603027,0.17232342064380646,3.9828832149505615,0.12278778105974197,4.137477874755859
43,0,0,1,0.43847405910491943,3.660984992980957,0.26110589504241943,3.810476064682007,0.2155412882566452,3.8995375633239746,0.1559709757566452,4.065295219421387
44,0,0,1,0.43802565336227417,3.6676392555236816,0.25732421875,3.832319974899292,0.20656289160251617,3.9552319049835205,0.15003187954425812,4.115303039550781
45,0,0,1,0.4432646930217743,3.6641712188720703,0.2608219087123871,3.823756456375122,0.2102399468421936,3.9329793453216553,0.1544363796710968,4.0878825187683105
46,0,0,1,0.42033541202545166,3.678769111633301,0.25244638323783875,3.864922046661377,0.1890345960855484,3.9517133235931396,0.1384725719690323,4.0777201652526855
47,0,0,1,0.41068437695503235,3.6806468963623047,0.25108617544174194,3.8699448108673096,0.19137635827064514,3.9681332111358643,0.13871173560619354,4.143678188323975
48,0,0,1,0.45418626070022583,3.6512227058410645,0.26597875356674194,3.7771575450897217,0.22607421875,3.865429639816284,0.16733099520206451,4.044783115386963
49,0,0,1,0.4223881959915161,3.684901237487793,0.25057297945022583,3.87602162361145,0.19068877398967743,3.951296091079712,0.1359614133834839,4.092055320739746
50,0,0,1,0.4395428001880646,3.6606531143188477,0.2613201439380646,3.8119471073150635,0.21193398535251617,3.917904853820801,0.15636958181858063,4.056079387664795
51,0,0,1,0.43697434663772583,3.665112257003784,0.2597905397415161,3.8295390605926514,0.21321946382522583,3.9296629428863525,0.15393812954425812,4.080787181854248
52,0,0,1,0.4283721148967743,3.684504985809326,0.2515246272087097,3.8715384006500244,0.19539222121238708,3.969757318496704,0.1404854953289032,4.109802722930908
53,0,0,1,0.4417998492717743,3.6630520820617676,0.25990015268325806,3.8281731605529785,0.20993104577064514,3.928323984146118,0.1513671875,4.082422733306885
54,0,0,1,0.427388072013855,3.681691884994507,0.24892377853393555,3.8741793632507324,0.1873006969690323,3.9658970832824707,0.13402821123600006,4.110780715942383
55,0,0,1,0.4199717044830322,3.6828272342681885,0.2503935992717743,3.8781216144561768,0.18766939640045166,3.9724419116973877,0.13697783648967743,4.132547855377197
56,0,0,1,0.4590291976928711,3.646012544631958,0.2678720951080322,3.770176410675049,0.2308972328901291,3.856501579284668,0.16914460062980652,3.998703956604004
57,0,0,1,0.4473179280757904,3.6539649963378906,0.2663424611091614,3.787282943725586,0.22856543958187103,3.859571933746338,0.1667131632566452,4.0150628089904785
58,0,0,1,0.4442387819290161,3.663926362991333,0.2621572017669678,3.824749231338501,0.21535195410251617,3.9328582286834717,0.15455596148967743,4.105996131896973
59,0,0,1,0.4308110475540161,3.6688389778137207,0.25704020261764526,3.845858573913574,0.20247727632522583,3.9478321075439453,0.1482182741165161,4.118730545043945
60,0,0,1,0.4156394302845001,3.6834771633148193,0.24831591546535492,3.874493360519409,0.18375319242477417,3.93351411819458,0.1347058266401291,4.079005718231201
61,0,0,1,0.4597516655921936,3.6530983448028564,0.26861944794654846,3.7768442630767822,0.22860530018806458,3.874373435974121,0.16904495656490326,4.033836364746094
62,0,0,1,0.41030821204185486,3.6961827278137207,0.2433733195066452,3.9088973999023438,0.17907963693141937,3.9974958896636963,0.1279296875,4.153918266296387
63,0,0,1,0.43184739351272583,3.6718950271606445,0.255126953125,3.849174976348877,0.20178969204425812,3.960296392440796,0.15234375,4.086472988128662
64,0,0,1,0.4466452896595001,3.6513969898223877,0.26351243257522583,3.7943012714385986,0.21977637708187103,3.8798458576202393,0.1628667116165161,4.028022289276123
65,0,0,1,0.4502476155757904,3.6495935916900635,0.2655353248119354,3.774815082550049,0.22375239431858063,3.8610048294067383,0.1642817258834839,4.008855819702148
66,0,0,1,0.43884027004241943,3.662278413772583,0.2611806392669678,3.8183326721191406,0.20945271849632263,3.9253532886505127,0.15100844204425812,4.0864458084106445
67,0,0,1,0.4137485921382904,3.691236972808838,0.24690090119838715,3.9011380672454834,0.17715640366077423,3.9646754264831543,0.12501992285251617,4.084648609161377
68,0,0,1,0.4374576508998871,3.6715755462646484,0.25742384791374207,3.8435142040252686,0.211286261677742,3.9431684017181396,0.15347975492477417,4.109076976776123
69,0,3,0,0.43989405035972595,3.6720693111419678,0.2572743892669678,3.8429391384124756,0.20566605031490326,3.9551334381103516,0.14622528851032257,4.093362331390381
70,0,0,1,0.4213792383670807,3.689603567123413,0.24794721603393555,3.879732370376587,0.19005101919174194,3.965970993041992,0.13673867285251617,4.116455554962158
71,0,0,1,0.41777941584587097,3.6792187690734863,0.24836574494838715,3.874418258666992,0.18742027878761292,3.9405040740966797,0.13598133623600006,4.103034019470215
72,0,0,1,0.43282145261764526,3.6699628829956055,0.2571747303009033,3.8445444107055664,0.20016542077064514,3.9214916229248047,0.14682318270206451,4.084023475646973
73,0,0,1,0.4400036633014679,3.658494710922241,0.2622418999671936,3.8088462352752686,0.2146245241165161,3.9117839336395264,0.1589803844690323,4.074840068817139
74,0,0,1,0.41233107447624207,3.6935105323791504,0.24395626783370972,3.906500816345215,0.17978714406490326,3.970402479171753,0.130859375,4.144075393676758
75,0,0,1,0.43498384952545166,3.664072275161743,0.2603834569454193,3.8239188194274902,0.2121332883834839,3.91986083984375,0.15573182702064514,4.059252738952637
76,0,0,1,0.4524648189544678,3.6611552238464355,0.26332807540893555,3.8027851581573486,0.22005540132522583,3.900285243988037,0.15870137512683868,4.029386043548584
77,0,0,1,0.3957195580005646,3.6940853595733643,0.2444096803665161,3.9151546955108643,0.1788504421710968,3.971306085586548,0.12683354318141937,4.1198930740356445
78,0,0,1,0.4362070560455322,3.656538963317871,0.26210737228393555,3.8080637454986572,0.2157505601644516,3.8980648517608643,0.15947863459587097,4.053361892700195
79,0,0,1,0.41595083475112915,3.691589832305908,0.2465919852256775,3.905378580093384,0.18354392051696777,3.97622013092041,0.1316366344690323,4.120212078094482
80,0,0,1,0.41590848565101624,3.682753324508667,0.2476980984210968,3.8841171264648438,0.1865931898355484,3.9675300121307373,0.1328125,4.139555931091309
81,0,0,1,0.44644349813461304,3.660848379135132,0.26157423853874207,3.819920301437378,0.21817202866077423,3.9283366203308105,0.1572265625,4.059069633483887
82,0,0,1,0.43613728880882263,3.670804023742676,0.25677114725112915,3.851072072982788,0.20444037020206451,3.962858200073242,0.15086893737316132,4.110832214355469
83,0,1,0,0.49489545822143555,3.5791547298431396,0.29443857073783875,3.6049580574035645,0.2917031943798065,3.6360127925872803,0.21538184583187103,3.747293472290039
84,0,0,1,0.45309510827064514,3.6534066200256348,0.2656748294830322,3.7911932468414307,0.21753427386283875,3.876500129699707,0.15886080265045166,4.062099933624268
85,0,0,1,0.4291468858718872,3.681295394897461,0.2510263919830322,3.8646738529205322,0.1957310289144516,3.9398229122161865,0.14287707209587097,4.0970845222473145
86,0,0,1,0.434047132730484,3.669161558151245,0.2581861913204193,3.8453848361968994,0.20346380770206451,3.9419140815734863,0.1467633843421936,4.093698978424072
87,0,0,1,0.4109783470630646,3.691828727722168,0.24583466351032257,3.9067084789276123,0.17690728604793549,3.976623773574829,0.12414301186800003,4.125220775604248
88,0,0,1,0.40812838077545166,3.698594808578491,0.24365234375,3.910494565963745,0.18083345890045166,3.9764699935913086,0.13251355290412903,4.091442108154297
89,0,0,1,0.4317626953125,3.6679186820983887,0.2581512928009033,3.84061598777771,0.20433075726032257,3.9378199577331543,0.14979273080825806,4.072512149810791
90,0,0,1,0.44115960597991943,3.6621057987213135,0.2585797905921936,3.822420835494995,0.20900429785251617,3.917898416519165,0.15686781704425812,4.084614276885986
91,0,0,1,0.40368154644966125,3.695009231567383,0.2433733195066452,3.916594982147217,0.1713966727256775,3.9754068851470947,0.1201171875,4.12510347366333
92,0,0,1,0.4210977256298065,3.687692165374756,0.2488938868045807,3.8946831226348877,0.18014588952064514,3.9776523113250732,0.12743143737316132,4.120112419128418
93,0,0,1,0.4236362874507904,3.6732451915740967,0.2555355131626129,3.855694532394409,0.19917888939380646,3.9370622634887695,0.14594626426696777,4.088351726531982
94,0,0,1,0.4133200943470001,3.688903570175171,0.2475237101316452,3.896334409713745,0.1838628053665161,3.9450435638427734,0.13520407676696777,4.1168928146362305
95,0,0,1,0.4500981569290161,3.6562130451202393,0.2653459906578064,3.8081154823303223,0.21790297329425812,3.909635543823242,0.16023597121238708,4.08880615234375
96,0,0,1,0.4154476225376129,3.687504529953003,0.24798209965229034,3.8902976512908936,0.18335458636283875,3.985326051712036,0.1271524280309677,4.161912441253662
97,0,0,1,0.436279296875,3.670705556869507,0.25743383169174194,3.8374814987182617,0.206403449177742,3.930816411972046,0.15537308156490326,4.0667009353637695
98,0,0,1,0.4206393361091614,3.6853678226470947,0.24883908033370972,3.8812646865844727,0.18569634854793549,3.9448349475860596,0.1356026828289032,4.073045253753662
99,0,0,1,0.4405542314052582,3.665447235107422,0.2582409977912903,3.822728157043457,0.2094029039144516,3.928666591644287,0.15379862487316132,4.102760314941406
100,0,0,1,0.4510049521923065,3.6605279445648193,0.2645587623119354,3.806527614593506,0.21906886994838715,3.9113900661468506,0.15535315871238708,4.08236026763916
101,0,0,1,0.4510522782802582,3.6577577590942383,0.26236647367477417,3.8056325912475586,0.21552136540412903,3.9015164375305176,0.1574457883834839,4.087468147277832
102,0,0,1,0.45137614011764526,3.656242847442627,0.26501214504241943,3.792551040649414,0.2188895046710968,3.905535936355591,0.1575852930545807,4.07436466217041
103,0,0,1,0.44748982787132263,3.6572935581207275,0.2620426118373871,3.812389373779297,0.21335896849632263,3.9176125526428223,0.15692761540412903,4.039115905761719
104,0,0,1,0.4189129173755646,3.6870625019073486,0.24793227016925812,3.891019105911255,0.190290167927742,3.972036123275757,0.14004702866077423,4.104169845581055
105,0,0,1,0.4583565890789032,3.651412010192871,0.2681162357330322,3.7749199867248535,0.22714045643806458,3.869878053665161,0.1633649468421936,4.042088508605957
106,0,0,1,0.4167505204677582,3.6904661655426025,0.24635283648967743,3.900210380554199,0.1780931055545807,3.9695053100585938,0.12721221148967743,4.130659580230713
107,0,0,1,0.4400709271430969,3.659611225128174,0.26351243257522583,3.813473701477051,0.2184709757566452,3.905582904815674,0.15957827866077423,4.094292640686035
108,0,0,1,0.4090476334095001,3.6845154762268066,0.24862483143806458,3.887915849685669,0.18565648794174194,3.9392409324645996,0.1332310289144516,4.08496618270874
109,0,0,1,0.4085444211959839,3.692627191543579,0.2457200586795807,3.8992841243743896,0.1816505789756775,3.9725711345672607,0.12816883623600006,4.135748863220215
110,0,0,1,0.4147077202796936,3.690058708190918,0.2481863796710968,3.8921947479248047,0.19208386540412903,3.982309579849243,0.13891102373600006,4.134576797485352
111,0,0,1,0.45385244488716125,3.6566965579986572,0.26633748412132263,3.789767026901245,0.22432038187980652,3.8861889839172363,0.16533800959587097,4.0409836769104
112,0,0,1,0.42560186982154846,3.66855525970459,0.25833067297935486,3.8469371795654297,0.2033342570066452,3.9589316844940186,0.14379383623600006,4.120720863342285
113,0,0,1,0.4251808524131775,3.6682095527648926,0.25735411047935486,3.833733558654785,0.20607461035251617,3.9329304695129395,0.1540776491165161,4.066356182098389
114,0,0,1,0.43444326519966125,3.665896415710449,0.2594018876552582,3.830397844314575,0.2094029039144516,3.9230988025665283,0.15453602373600006,4.072478771209717
115,0,0,1,0.4487653374671936,3.6575958728790283,0.2627550959587097,3.806394100189209,0.2148537039756775,3.88771390914917,0.15989716351032257,4.032905578613281
116,0,0,1,0.44035494327545166,3.6681413650512695,0.25634765625,3.838775396347046,0.20384247601032257,3.9480836391448975,0.1521245241165161,4.078213214874268
117,0,0,1,0.44392237067222595,3.6677048206329346,0.2588936984539032,3.8295836448669434,0.2088548243045807,3.9355885982513428,0.15240353345870972,4.103046894073486
118,0,0,1,0.4301932156085968,3.6630704402923584,0.25744378566741943,3.8344688415527344,0.20571587979793549,3.9345571994781494,0.1493542641401291,4.091940402984619
119,0,0,1,0.4239003658294678,3.6833159923553467,0.24886897206306458,3.8670644760131836,0.19153578579425812,3.9348108768463135,0.13775509595870972,4.06336784362793
120,0,0,1,0.42620226740837097,3.684605598449707,0.25010961294174194,3.876648426055908,0.19028021395206451,3.963707685470581,0.13695789873600006,4.107974529266357
121,0,0,1,0.4016038477420807,3.6993865966796875,0.24337829649448395,3.9218785762786865,0.17608019709587097,3.988341808319092,0.12537866830825806,4.157844543457031
122,0,0,1,0.4368996024131775,3.6578474044799805,0.2642996609210968,3.807506799697876,0.21879981458187103,3.8823609352111816,0.1646205335855484,3.9961259365081787
123,0,0,1,0.43835946917533875,3.668818712234497,0.2580815553665161,3.8276188373565674,0.208984375,3.942065715789795,0.15648914873600006,4.090422630310059
124,0,0,1,0.4488948881626129,3.652522325515747,0.26378148794174194,3.794171094894409,0.2181321680545807,3.883554220199585,0.15734614431858063,4.033692359924316
125,0,0,1,0.39445650577545166,3.698897361755371,0.24137036502361298,3.91249680519104,0.17818279564380646,3.9754488468170166,0.13119818270206451,4.121069431304932
126,0,0,1,0.3996756374835968,3.6908864974975586,0.24441465735435486,3.9052696228027344,0.1757214516401291,3.9791312217712402,0.12250876426696777,4.093216419219971
127,0,0,1,0.4188655912876129,3.694366455078125,0.2469656765460968,3.902475357055664,0.18146125972270966,3.9821527004241943,0.12685346603393555,4.133228778839111
128,0,0,1,0.4252331852912903,3.6677231788635254,0.2547283470630646,3.841369152069092,0.19535236060619354,3.9298102855682373,0.14413264393806458,4.058075428009033
129,0,0,1,0.4165836274623871,3.6908085346221924,0.24601900577545166,3.901735544204712,0.18357381224632263,3.9821410179138184,0.13576211035251617,4.126247882843018
130,0,0,1,0.4462566673755646,3.6584177017211914,0.26123046875,3.81541109085083,0.21193398535251617,3.921431303024292,0.1530412882566452,4.079828262329102
131,0,0,1,0.42418935894966125,3.6861157417297363,0.24978575110435486,3.8822133541107178,0.18635402619838715,3.9801080226898193,0.1337292641401291,4.126676559448242
132,0,0,1,0.45536959171295166,3.652369737625122,0.2650420367717743,3.790149450302124,0.2209223508834839,3.9001352787017822,0.1583426296710968,4.062051773071289
133,0,0,1,0.4382573366165161,3.6727375984191895,0.2581961452960968,3.8414156436920166,0.21014030277729034,3.9444708824157715,0.15078921616077423,4.089346885681152
134,0,0,1,0.4473553001880646,3.654578685760498,0.2630690038204193,3.7920982837677,0.22002550959587097,3.8731884956359863,0.16396284103393555,4.011425971984863
135,0,0,1,0.4078543484210968,3.6869518756866455,0.2478475719690323,3.8832221031188965,0.18721100687980652,3.952573537826538,0.14028619229793549,4.085381507873535
136,0,0,1,0.45777860283851624,3.6488659381866455,0.2671147584915161,3.7735352516174316,0.22772839665412903,3.852754592895508,0.16858656704425812,3.994443893432617
137,0,0,1,0.39594873785972595,3.697659969329834,0.24252131581306458,3.9159939289093018,0.1778738796710968,3.9807844161987305,0.12890625,4.1034321784973145
138,0,0,1,0.39211973547935486,3.6974968910217285,0.24213767051696777,3.914626121520996,0.1760602593421936,3.9741907119750977,0.12940450012683868,4.128446102142334
139,0,0,1,0.41578641533851624,3.6863150596618652,0.24691087007522583,3.8870773315429688,0.1825474351644516,3.993940830230713,0.13327088952064514,4.112756252288818
140,0,0,1,0.4450932741165161,3.665170431137085,0.2605428695678711,3.8228600025177,0.20880499482154846,3.924405813217163,0.15306122601032257,4.0684895515441895
141,0,0,1,0.44726064801216125,3.6664419174194336,0.2618233859539032,3.821709156036377,0.21790297329425812,3.9327754974365234,0.15840241312980652,4.073351860046387
142,0,0,1,0.44674745202064514,3.6613690853118896,0.2632981836795807,3.809877872467041,0.21698620915412903,3.9225258827209473,0.15714684128761292,4.087507724761963
143,0,0,1,0.42647379636764526,3.6664934158325195,0.25922253727912903,3.8305304050445557,0.20831671357154846,3.917914390563965,0.1499720960855484,4.074152946472168
144,0,0,1,0.44000616669654846,3.663552761077881,0.2574886381626129,3.827821731567383,0.20428092777729034,3.9365365505218506,0.1499720960855484,4.104319095611572
145,0,0,1,0.44937071204185486,3.653644323348999,0.26360708475112915,3.7996106147766113,0.2158302664756775,3.9005956649780273,0.16031569242477417,4.0703630447387695
146,0,0,1,0.44372060894966125,3.6657347679138184,0.25973573327064514,3.8190102577209473,0.20820710062980652,3.9171533584594727,0.15120774507522583,4.075392246246338
147,0,0,1,0.41240832209587097,3.6936585903167725,0.24573002755641937,3.8987205028533936,0.18521803617477417,3.971001148223877,0.1337890625,4.095635414123535
148,0,0,1,0.4393734037876129,3.6662886142730713,0.25793206691741943,3.832367420196533,0.20901426672935486,3.9245293140411377,0.15463568270206451,4.075525283813477
149,0,0,1,0.44704389572143555,3.6598494052886963,0.26101621985435486,3.8113081455230713,0.21054886281490326,3.9197311401367188,0.15056999027729034,4.082594394683838
150,0,0,1,0.422607421875,3.6826889514923096,0.25128546357154846,3.870147228240967,0.19032007455825806,3.9472224712371826,0.13972815871238708,4.0720295906066895
151,0,0,1,0.45395955443382263,3.655806303024292,0.2647630274295807,3.797041654586792,0.22157007455825806,3.9043850898742676,0.16045519709587097,4.078251361846924
152,0,0,1,0.4157814383506775,3.6850411891937256,0.25020426511764526,3.883206844329834,0.18772919476032257,3.963320732116699,0.1366589516401291,4.086918354034424
153,0,0,1,0.4464534819126129,3.6615312099456787,0.26226183772087097,3.8092596530914307,0.21793286502361298,3.916186571121216,0.1609135866165161,4.091775894165039
154,0,0,1,0.4482347071170807,3.6534056663513184,0.2633779048919678,3.795823097229004,0.2144949734210968,3.890127658843994,0.1564692258834839,4.06101131439209
155,0,0,1,0.4096604883670807,3.6829257011413574,0.24419543147087097,3.8882088661193848,0.17974728345870972,3.9713938236236572,0.1265345960855484,4.113561153411865
156,0,0,1,0.4295479953289032,3.6683640480041504,0.25526148080825806,3.8458971977233887,0.19772401452064514,3.946981191635132,0.14387355744838715,4.084360599517822
157,0,0,1,0.40726640820503235,3.6856191158294678,0.24748384952545166,3.8912241458892822,0.18635402619838715,3.9629430770874023,0.13869179785251617,4.0852131843566895
158,0,0,1,0.4119100570678711,3.693021774291992,0.2450125515460968,3.889760971069336,0.18342433869838715,3.9789211750030518,0.1300223171710968,4.137645721435547
159,0,0,1,0.43878546357154846,3.6616344451904297,0.26106107234954834,3.8115506172180176,0.2101004421710968,3.914484977722168,0.15361925959587097,4.090036392211914
160,0,0,1,0.4284169673919678,3.6739838123321533,0.2554607689380646,3.856334924697876,0.19882014393806458,3.945519208908081,0.1443917453289032,4.085714340209961
161,0,0,1,0.41431161761283875,3.679095506668091,0.2487444132566452,3.8723859786987305,0.18078364431858063,3.944162607192993,0.12573739886283875,4.082897663116455
162,0,0,1,0.4223732352256775,3.688305139541626,0.24912308156490326,3.8877599239349365,0.18934351205825806,3.978422164916992,0.13641980290412903,4.1514973640441895
163,0,0,1,0.44464734196662903,3.666633129119873,0.26187819242477417,3.8245434761047363,0.21548150479793549,3.920088768005371,0.15626992285251617,4.070781707763672
164,0,0,1,0.4496123492717743,3.6557252407073975,0.2655054032802582,3.791097402572632,0.2248784303665161,3.899277687072754,0.1608537882566452,4.0503034591674805
165,0,0,1,0.4462292492389679,3.664163589477539,0.2615891993045807,3.824692487716675,0.21466436982154846,3.9294865131378174,0.15981744229793549,4.071455478668213
166,0,0,1,0.4430006146430969,3.660231351852417,0.2605428695678711,3.8090529441833496,0.2122727930545807,3.910383939743042,0.15525349974632263,4.056867599487305
167,0,0,1,0.4175701439380646,3.6905367374420166,0.2463129758834839,3.893073797225952,0.18249760568141937,3.973517417907715,0.13384884595870972,4.123138904571533
168,0,0,1,0.4419991672039032,3.65999698638916,0.2606973350048065,3.8097777366638184,0.21203364431858063,3.9203402996063232,0.15726642310619354,4.069319248199463
169,0,0,1,0.4196004867553711,3.6695797443389893,0.2538016140460968,3.8554153442382812,0.20004583895206451,3.966176748275757,0.14584662020206451,4.097567558288574
170,0,0,1,0.42568907141685486,3.6752071380615234,0.25329339504241943,3.853217124938965,0.1953125,3.950765371322632,0.14094386994838715,4.089366436004639
171,0,0,1,0.4495924115180969,3.6548845767974854,0.26483777165412903,3.7946908473968506,0.22058354318141937,3.86722993850708,0.16284677386283875,4.017990589141846
172,0,0,1,0.42904725670814514,3.6659157276153564,0.25701528787612915,3.836616039276123,0.20162029564380646,3.9371323585510254,0.1499720960855484,4.109767436981201
173,0,0,1,0.4504743218421936,3.6612894535064697,0.2616689205169678,3.8100271224975586,0.21769371628761292,3.9083127975463867,0.16159120202064514,4.070794105529785
174,0,0,1,0.45737752318382263,3.650546073913574,0.2676578462123871,3.786038637161255,0.22983099520206451,3.8754336833953857,0.16796875,4.054461479187012
175,0,0,1,0.4173135459423065,3.687934637069702,0.24884405732154846,3.878484010696411,0.18523795902729034,3.9460971355438232,0.13751594722270966,4.068405628204346
176,0,0,1,0.45159536600112915,3.652024030685425,0.26559510827064514,3.790567636489868,0.22222775220870972,3.8863728046417236,0.16079400479793549,4.047471523284912
177,0,0,1,0.45034727454185486,3.653958320617676,0.26597875356674194,3.795496702194214,0.2228655070066452,3.887547492980957,0.16218909621238708,4.058122158050537
178,0,0,1,0.45418375730514526,3.645472288131714,0.26771265268325806,3.769965171813965,0.2258051633834839,3.855339765548706,0.16928412020206451,3.9903461933135986
179,0,0,1,0.41833245754241943,3.6860148906707764,0.24662189185619354,3.887025833129883,0.18434111773967743,3.9556732177734375,0.1360211968421936,4.07413911819458
180,0,0,1,0.4059012234210968,3.6917855739593506,0.24631795287132263,3.902785301208496,0.1793387234210968,3.9787187576293945,0.12418287247419357,4.098379135131836
181,0,0,1,0.42422670125961304,3.688004970550537,0.24991528689861298,3.8853046894073486,0.189313605427742,3.9868407249450684,0.13247369229793549,4.1639838218688965
182,0,0,1,0.4186388850212097,3.687363386154175,0.24744898080825806,3.896162271499634,0.18001633882522583,3.977968454360962,0.12398357689380646,4.114450931549072
183,0,0,1,0.4225999414920807,3.6849589347839355,0.2523268163204193,3.869577169418335,0.19734534621238708,3.9338011741638184,0.14096380770206451,4.066591262817383
184,0,0,1,0.4371935725212097,3.660111904144287,0.2611706852912903,3.817028522491455,0.2122030407190323,3.9135477542877197,0.1572265625,4.035492420196533
185,0,0,1,0.4431774914264679,3.6571853160858154,0.2618333399295807,3.808281421661377,0.21486367285251617,3.898432493209839,0.1628069132566452,4.030358791351318
186,0,0,1,0.4499959945678711,3.6550002098083496,0.26324835419654846,3.801154613494873,0.21662746369838715,3.889967441558838,0.1593989133834839,4.033258438110352
187,0,0,1,0.4160230755805969,3.6944398880004883,0.24635781347751617,3.899585485458374,0.18565648794174194,3.955718994140625,0.13291214406490326,4.114709854125977
188,0,0,1,0.43883031606674194,3.673306941986084,0.25788724422454834,3.8453989028930664,0.20597496628761292,3.9462990760803223,0.15142697095870972,4.100815773010254
189,0,0,1,0.4333246946334839,3.6659538745880127,0.2589534819126129,3.8289880752563477,0.2045300453901291,3.932569980621338,0.1531210094690323,4.09579610824585
190,0,0,1,0.4119972586631775,3.6874029636383057,0.24727459251880646,3.898587465286255,0.17880061268806458,3.988630771636963,0.12721221148967743,4.1344194412231445
191,0,0,1,0.41601064801216125,3.6863644123077393,0.2475685477256775,3.8911406993865967,0.18558673560619354,3.9719717502593994,0.13341039419174194,4.12757682800293
192,0,0,1,0.4153629243373871,3.6879146099090576,0.2469407618045807,3.8922157287597656,0.18175023794174194,3.979659080505371,0.12922511994838715,4.124151706695557
193,0,0,1,0.45189183950424194,3.652533531188965,0.26688554883003235,3.787118434906006,0.2230747789144516,3.8746092319488525,0.16121253371238708,4.026702880859375
194,0,0,1,0.436665415763855,3.673558473587036,0.25663164258003235,3.8552236557006836,0.19960737228393555,3.958963632583618,0.14407286047935486,4.109835147857666
195,0,0,1,0.4577387571334839,3.645052909851074,0.2682656943798065,3.7716095447540283,0.22584502398967743,3.8576157093048096,0.16527821123600006,4.050042152404785
196,0,0,1,0.4419119656085968,3.6688990592956543,0.25831571221351624,3.8323657512664795,0.20808753371238708,3.941624402999878,0.1517259180545807,4.107841968536377
197,0,0,1,0.45446279644966125,3.6553597450256348,0.26536092162132263,3.7901949882507324,0.2236328125,3.89149808883667,0.16567681729793549,4.045711517333984
198,0,0,1,0.4125278890132904,3.6897435188293457,0.24726462364196777,3.8976564407348633,0.18065409362316132,3.978046178817749,0.130859375,4.130825519561768
199,0,0,1,0.4426294267177582,3.6597607135772705,0.26220703125,3.8113670349121094,0.20967194437980652,3.914262533187866,0.1530412882566452,4.0845160484313965
200,0,0,1,0.41887056827545166,3.691967248916626,0.24545599520206451,3.90138840675354,0.1765485405921936,3.9681661128997803,0.1287069469690323,4.091204643249512
201,0,0,1,0.45314741134643555,3.650390148162842,0.2668905258178711,3.7864129543304443,0.22462929785251617,3.888563632965088,0.16354432702064514,4.055812835693359
202,0,0,1,0.40831273794174194,3.697681427001953,0.2434530407190323,3.9154558181762695,0.1788504421710968,3.979050636291504,0.12505978345870972,4.137211322784424
203,0,0,1,0.40255051851272583,3.6902103424072266,0.24591436982154846,3.901430368423462,0.17301100492477417,3.978286027908325,0.12131297588348389,4.148184776306152
204,0,0,1,0.43741029500961304,3.669518232345581,0.2595713138580322,3.8383400440216064,0.21272121369838715,3.949969530105591,0.1501116007566452,4.095725059509277
205,0,0,1,0.4060506820678711,3.693101406097412,0.244140625,3.9093265533447266,0.17980708181858063,3.9876413345336914,0.13251355290412903,4.096104621887207
206,0,0,1,0.4060556888580322,3.6906511783599854,0.24594427645206451,3.9025566577911377,0.18613480031490326,3.983189582824707,0.13283242285251617,4.12498140335083
207,0,0,1,0.453266978263855,3.6579020023345947,0.26509684324264526,3.8042514324188232,0.21991589665412903,3.9068830013275146,0.16157126426696777,4.069693088531494
208,0,0,1,0.4419717490673065,3.662489891052246,0.2607671022415161,3.81943941116333,0.20930324494838715,3.920729398727417,0.15399792790412903,4.087226390838623
209,0,0,1,0.42618730664253235,3.683659315109253,0.2508121430873871,3.8735969066619873,0.19250239431858063,3.954550266265869,0.13926976919174194,4.125930309295654
210,0,0,1,0.44203901290893555,3.6628005504608154,0.261962890625,3.8232498168945312,0.21297034621238708,3.925697088241577,0.14873644709587097,4.074367046356201
211,0,0,1,0.45486634969711304,3.652028799057007,0.26678091287612915,3.7907514572143555,0.22369259595870972,3.8723716735839844,0.16440130770206451,4.010910511016846
212,0,0,1,0.4460723102092743,3.660471200942993,0.26163405179977417,3.814762592315674,0.21069833636283875,3.906309127807617,0.15194514393806458,4.069911003112793
213,0,0,1,0.4225476384162903,3.6841416358947754,0.2493821680545807,3.8740909099578857,0.1903698891401291,3.9500105381011963,0.13841278851032257,4.112022876739502
214,0,0,1,0.4228341281414032,3.68753719329834,0.2468710094690323,3.883345365524292,0.18153101205825806,3.9595980644226074,0.12894611060619354,4.092581272125244
215,0,0,1,0.40598341822624207,3.6931304931640625,0.24475346505641937,3.913156747817993,0.1764787882566452,3.973517894744873,0.1217912957072258,4.113729476928711
216,0,0,1,0.41632702946662903,3.684634208679199,0.24829599261283875,3.8799214363098145,0.186872199177742,3.9540340900421143,0.13677853345870972,4.1161298751831055
217,0,0,1,0.44928601384162903,3.657526969909668,0.26245614886283875,3.805698871612549,0.21406647562980652,3.8991713523864746,0.156110480427742,4.078258514404297
218,0,0,1,0.4533790946006775,3.6523051261901855,0.26579439640045166,3.787238121032715,0.22483856976032257,3.8674821853637695,0.16878587007522583,4.035305023193359
219,0,0,1,0.4320417046546936,3.663404941558838,0.2580915093421936,3.8373937606811523,0.20129145681858063,3.9633662700653076,0.1469029039144516,4.130375862121582
220,0,0,1,0.45458486676216125,3.651254415512085,0.2661830186843872,3.7807538509368896,0.22427056729793549,3.861859083175659,0.16507892310619354,4.026802062988281
221,0,0,1,0.4139578640460968,3.680446147918701,0.25051817297935486,3.8789379596710205,0.18851642310619354,3.9683899879455566,0.1355428844690323,4.076018333435059
222,0,0,1,0.4408556818962097,3.6657040119171143,0.2591228783130646,3.822023868560791,0.21101722121238708,3.909803628921509,0.15794403851032257,4.058801174163818
223,0,0,1,0.440150648355484,3.663085699081421,0.25929728150367737,3.819530487060547,0.20562618970870972,3.9134480953216553,0.15120774507522583,4.073810577392578
224,0,0,1,0.42165327072143555,3.6834893226623535,0.25043347477912903,3.874738931655884,0.19198420643806458,3.978822708129883,0.1384526491165161,4.141067981719971
225,0,0,1,0.43411940336227417,3.669055938720703,0.2575185298919678,3.8366451263427734,0.20680205523967743,3.916156768798828,0.1540975719690323,4.065701007843018
226,0,0,1,0.41098830103874207,3.6905148029327393,0.24738918244838715,3.891786813735962,0.18099290132522583,3.9664151668548584,0.13111846148967743,4.097583293914795
227,0,0,1,0.42601293325424194,3.666787624359131,0.2555205523967743,3.8425824642181396,0.19680723547935486,3.939898729324341,0.14610570669174194,4.088937282562256
228,0,3,0,0.4973568022251129,3.5692710876464844,0.2957589328289032,3.591660976409912,0.28895288705825806,3.6247198581695557,0.20994099974632263,3.742453098297119
229,0,0,1,0.4296002984046936,3.677891492843628,0.25095662474632263,3.8538753986358643,0.19472455978393555,3.9104959964752197,0.1394491344690323,4.047449111938477
230,0,0,1,0.45026007294654846,3.659175157546997,0.2633081376552582,3.810547351837158,0.2218989133834839,3.9172356128692627,0.15915974974632263,4.097044944763184
231,0,0,1,0.40453603863716125,3.6984493732452393,0.24289998412132263,3.918052911758423,0.1775350719690323,3.986248254776001,0.1304408460855484,4.126966953277588
232,0,0,1,0.4159209430217743,3.6871354579925537,0.2475685477256775,3.891885280609131,0.18159079551696777,3.965592861175537,0.1343470960855484,4.099836826324463
233,0,0,1,0.4470140039920807,3.6603450775146484,0.2634376883506775,3.806271553039551,0.2214604616165161,3.8987131118774414,0.16438136994838715,4.047647953033447
234,0,0,1,0.45123913884162903,3.663033962249756,0.2634875178337097,3.814363718032837,0.21882972121238708,3.8989527225494385,0.16061463952064514,4.075940132141113
235,0,0,1,0.4477713406085968,3.6552724838256836,0.26377150416374207,3.8034756183624268,0.21615912020206451,3.8922643661499023,0.15539301931858063,4.079389572143555
236,0,0,1,0.41198232769966125,3.6921262741088867,0.24630798399448395,3.899909019470215,0.18405213952064514,3.975257158279419,0.1350446343421936,4.128098964691162
237,0,0,1,0.4482147693634033,3.652712106704712,0.26130521297454834,3.791285991668701,0.21250198781490326,3.8919577598571777,0.15413743257522583,4.043961524963379
238,0,0,1,0.4432896077632904,3.657249689102173,0.2615443468093872,3.8039166927337646,0.2087751030921936,3.8906972408294678,0.15678809583187103,4.036735534667969
239,0,0,1,0.4131930470466614,3.6877408027648926,0.24748384952545166,3.8913047313690186,0.18472975492477417,3.956629514694214,0.13327088952064514,4.094362258911133
240,0,0,1,0.43815019726753235,3.6624460220336914,0.25794702768325806,3.8253655433654785,0.20653299987316132,3.916529893875122,0.15469546616077423,4.068023681640625
241,0,0,1,0.4076650142669678,3.6946163177490234,0.24726462364196777,3.891913652420044,0.18712133169174194,3.9664502143859863,0.13370934128761292,4.092860221862793
242,0,0,1,0.43257981538772583,3.6696057319641113,0.25799185037612915,3.8384318351745605,0.20440050959587097,3.948420524597168,0.15296156704425812,4.094202041625977
243,0,0,1,0.39435437321662903,3.6962356567382812,0.24348792433738708,3.908735513687134,0.18414181470870972,3.985334634780884,0.13653938472270966,4.134578704833984
244,0,0,1,0.44010084867477417,3.6631438732147217,0.2594318091869354,3.817626714706421,0.20736008882522583,3.9193618297576904,0.15138711035251617,4.0584516525268555
245,0,0,1,0.4376145899295807,3.6651978492736816,0.25908800959587097,3.8336730003356934,0.20902423560619354,3.9282989501953125,0.15475526452064514,4.044816493988037
246,0,0,1,0.44331201910972595,3.667539596557617,0.2605578303337097,3.8269240856170654,0.2138073891401291,3.9268736839294434,0.15581153333187103,4.107316493988037
247,0,0,1,0.4095035493373871,3.6890034675598145,0.24582967162132263,3.8996939659118652,0.17877072095870972,3.983389139175415,0.13143733143806458,4.12858247756958
248,0,0,1,0.45611944794654846,3.6491506099700928,0.2672193944454193,3.7859487533569336,0.2214704155921936,3.875410556793213,0.1618901491165161,4.053428649902344
249,0,0,1,0.4462093412876129,3.6563491821289062,0.2619728446006775,3.8046367168426514,0.21332907676696777,3.888686418533325,0.15654894709587097,4.026861667633057
250,0,0,1,0.426513671875,3.6686389446258545,0.2568857669830322,3.84415602684021,0.20219825208187103,3.9416983127593994,0.1452287882566452,4.081240653991699
251,0,0,1,0.41855666041374207,3.6844451427459717,0.247419074177742,3.8710782527923584,0.18392258882522583,3.936880350112915,0.13540337979793549,4.096703052520752
252,0,0,1,0.4176548421382904,3.6926393508911133,0.24723473191261292,3.89988112449646,0.18251752853393555,3.979198455810547,0.13101881742477417,4.136294364929199
253,0,0,1,0.41900259256362915,3.6842517852783203,0.24835577607154846,3.8841030597686768,0.1865931898355484,3.96181583404541,0.13432715833187103,4.108457088470459
254,0,0,1,0.4520612359046936,3.6592767238616943,0.26472318172454834,3.8010201454162598,0.22317442297935486,3.895695686340332,0.16535793244838715,4.046402454376221
255,0,0,1,0.4388253390789032,3.660512685775757,0.2610461115837097,3.814879894256592,0.20691166818141937,3.918705463409424,0.15385840833187103,4.060621738433838
256,0,0,1,0.44530004262924194,3.6600558757781982,0.26259565353393555,3.8105456829071045,0.21822185814380646,3.912644386291504,0.16326530277729034,4.080810546875
257,0,0,1,0.3981211185455322,3.686882495880127,0.24746392667293549,3.8885979652404785,0.1926020383834839,3.958247184753418,0.13723692297935486,4.0839385986328125
258,0,0,1,0.4382672905921936,3.667839527130127,0.2567313015460968,3.833019495010376,0.2059948891401291,3.9530282020568848,0.15351960062980652,4.093599796295166
259,0,0,1,0.42003896832466125,3.687248945236206,0.24838568270206451,3.8845181465148926,0.19047950208187103,3.9593513011932373,0.13966836035251617,4.09118127822876
260,0,0,1,0.4266606569290161,3.6843080520629883,0.24995514750480652,3.8743796348571777,0.18993143737316132,3.9454879760742188,0.13849250972270966,4.089077472686768
261,0,0,1,0.4459253251552582,3.6548564434051514,0.2661381959915161,3.7994384765625,0.21873006224632263,3.9019134044647217,0.16041533648967743,4.037892818450928
262,0,0,1,0.4014294743537903,3.691920518875122,0.24412567913532257,3.901402235031128,0.1771763414144516,3.9777278900146484,0.1291254758834839,4.121315002441406
263,0,0,1,0.4467499256134033,3.660874605178833,0.26246610283851624,3.810281276702881,0.21530212461948395,3.898592948913574,0.1575055718421936,4.051625728607178
264,0,0,1,0.4142468571662903,3.6947896480560303,0.2454310804605484,3.911691188812256,0.1740473508834839,3.967766046524048,0.12027662247419357,4.140016555786133
265,0,0,1,0.44724568724632263,3.6603314876556396,0.2624611258506775,3.806272268295288,0.22083266079425812,3.9009971618652344,0.16095344722270966,4.0574541091918945
266,0,0,1,0.45120176672935486,3.6573798656463623,0.2657047212123871,3.7947607040405273,0.22254663705825806,3.894416332244873,0.1648198366165161,4.034945487976074
267,0,0,1,0.42338716983795166,3.679060459136963,0.2502939701080322,3.867821216583252,0.18894490599632263,3.9566478729248047,0.13550302386283875,4.101779460906982
268,0,0,1,0.43485182523727417,3.665299415588379,0.25894850492477417,3.828080415725708,0.20811742544174194,3.9372756481170654,0.14937420189380646,4.082721710205078
269,0,0,1,0.44955506920814514,3.6507716178894043,0.26368680596351624,3.785423994064331,0.21747449040412903,3.8523643016815186,0.15808354318141937,4.005673408508301
270,0,0,1,0.42889776825904846,3.662105083465576,0.2598702609539032,3.8247406482696533,0.20663264393806458,3.9242379665374756,0.1482182741165161,4.052037239074707
271,0,0,1,0.44483914971351624,3.6593563556671143,0.26196786761283875,3.808589220046997,0.2112264782190323,3.8888049125671387,0.15796396136283875,4.043527603149414
272,0,0,1,0.43343180418014526,3.6714277267456055,0.2553362250328064,3.8532791137695312,0.20484893023967743,3.9503331184387207,0.15112802386283875,4.105235576629639
273,0,0,1,0.43773168325424194,3.669982671737671,0.25780752301216125,3.8354365825653076,0.20831671357154846,3.9410667419433594,0.15573182702064514,4.108395099639893
274,0,0,1,0.42710408568382263,3.6667113304138184,0.2572444975376129,3.8428046703338623,0.20076331496238708,3.9462947845458984,0.14496970176696777,4.062414169311523
275,0,0,1,0.42614248394966125,3.6852920055389404,0.24947185814380646,3.8769922256469727,0.18976204097270966,3.9627158641815186,0.13765545189380646,4.125380039215088
276,0,0,1,0.44175001978874207,3.662320613861084,0.26096639037132263,3.8184890747070312,0.21141581237316132,3.9193532466888428,0.1559709757566452,4.0626115798950195
277,0,0,1,0.45741239190101624,3.6488516330718994,0.26617804169654846,3.7811429500579834,0.2253866344690323,3.862675666809082,0.16541773080825806,4.016746997833252
278,0,0,1,0.4398467242717743,3.6655490398406982,0.25837552547454834,3.826831579208374,0.20720064640045166,3.928293228149414,0.15463568270206451,4.0689520835876465
279,0,0,1,0.4469591975212097,3.659238815307617,0.2613351047039032,3.802253484725952,0.2149832546710968,3.8995087146759033,0.15818318724632263,4.05190896987915
280,0,0,1,0.44153329730033875,3.6682653427124023,0.2582559287548065,3.839407444000244,0.20755939185619354,3.9505977630615234,0.1472417116165161,4.128451347351074
281,0,0,1,0.4351283311843872,3.672926187515259,0.2563227415084839,3.838798761367798,0.20556640625,3.940084457397461,0.15469546616077423,4.104483604431152
282,0,0,1,0.42187997698783875,3.6854958534240723,0.2493024468421936,3.894575834274292,0.18829719722270966,3.981001377105713,0.13632014393806458,4.1190056800842285
283,0,0,1,0.44957250356674194,3.66538667678833,0.26241129636764526,3.8181405067443848,0.21648795902729034,3.926352024078369,0.15222416818141937,4.095836639404297
284,0,0,1,0.44465479254722595,3.6616578102111816,0.26220205426216125,3.805795669555664,0.21865034103393555,3.911175012588501,0.16047511994838715,4.072652816772461
285,0,0,1,0.4264264702796936,3.683088779449463,0.25113600492477417,3.8772518634796143,0.19163544476032257,3.956164598464966,0.13606105744838715,4.102534294128418
286,0,0,1,0.42594069242477417,3.669041156768799,0.25585439801216125,3.844228982925415,0.2017996609210968,3.951014757156372,0.14712212979793549,4.106881618499756
287,0,0,1,0.421162486076355,3.6844751834869385,0.24872946739196777,3.8851985931396484,0.18267697095870972,3.9619245529174805,0.12992267310619354,4.120264053344727
288,0,0,1,0.41777941584587097,3.6902027130126953,0.2472098171710968,3.89888334274292,0.17953802645206451,3.987844705581665,0.12755101919174194,4.150156021118164
289,0,0,1,0.44142866134643555,3.658107280731201,0.26222196221351624,3.8094966411590576,0.2121930718421936,3.9092702865600586,0.15535315871238708,4.080949306488037
290,0,0,1,0.43235310912132263,3.683825969696045,0.2519979476928711,3.8717598915100098,0.19681720435619354,3.961470365524292,0.1374960094690323,4.122191429138184
291,0,0,1,0.4155024290084839,3.6839003562927246,0.2465571165084839,3.8843891620635986,0.18370336294174194,3.961594820022583,0.12701290845870972,4.111878395080566
292,0,0,1,0.4481375515460968,3.663203477859497,0.2632732689380646,3.8163702487945557,0.22013512253761292,3.9238603115081787,0.16153140366077423,4.07020378112793
293,0,0,1,0.4174082279205322,3.6862926483154297,0.24754862487316132,3.8910112380981445,0.18244777619838715,3.9644436836242676,0.1306401491165161,4.134248733520508
294,0,0,1,0.4269222319126129,3.669860601425171,0.2570103108882904,3.8490006923675537,0.20367306470870972,3.94960618019104,0.1496332883834839,4.086973667144775
295,0,0,1,0.4518245756626129,3.6574552059173584,0.26437440514564514,3.793370008468628,0.22027462720870972,3.8863606452941895,0.1630261391401291,4.068582057952881
296,0,0,1,0.4447743892669678,3.662465810775757,0.26226183772087097,3.8112924098968506,0.21919842064380646,3.9157612323760986,0.15662866830825806,4.08258056640625
297,0,0,1,0.4163394868373871,3.6910221576690674,0.24617347121238708,3.900198459625244,0.18227837979793549,3.967362880706787,0.1303013414144516,4.105078220367432
298,0,0,1,0.44233545660972595,3.6644175052642822,0.2585000693798065,3.8351259231567383,0.2093431055545807,3.9484004974365234,0.15222416818141937,4.083005905151367
299,0,0,1,0.43230825662612915,3.6653759479522705,0.25612345337867737,3.8373310565948486,0.1999262571334839,3.9485621452331543,0.14728157222270966,4.092963695526123
300,0,0,1,0.43076619505882263,3.6663930416107178,0.2582111060619354,3.835674524307251,0.20887476205825806,3.951195001602173,0.1497727930545807,4.1149702072143555
301,0,0,1,0.4079415500164032,3.6978399753570557,0.24548089504241943,3.91379976272583,0.18201929330825806,3.9932661056518555,0.12818877398967743,4.14272403717041
302,0,0,1,0.4191371202468872,3.681411027908325,0.24998505413532257,3.882107973098755,0.185546875,3.953813076019287,0.13540337979793549,4.099058151245117
303,0,3,0,0.4218650162220001,3.681079387664795,0.24909816682338715,3.873047351837158,0.1877192258834839,3.935131072998047,0.13073979318141937,4.101067066192627
304,0,0,1,0.419453501701355,3.6964399814605713,0.24644750356674194,3.9062530994415283,0.18426139652729034,3.9836137294769287,0.13101881742477417,4.12960147857666
305,0,0,1,0.4522455930709839,3.657658338546753,0.26515164971351624,3.799161911010742,0.22404137253761292,3.894231081008911,0.16081392765045166,4.054281711578369
306,0,0,1,0.40731126070022583,3.6924304962158203,0.24515704810619354,3.902101516723633,0.17531289160251617,3.960268259048462,0.12721221148967743,4.090709686279297
307,0,0,1,0.4229238033294678,3.6841280460357666,0.2501943111419678,3.8797969818115234,0.1860451102256775,3.9592394828796387,0.1316167116165161,4.083888530731201
308,0,0,1,0.41242823004722595,3.686352252960205,0.24726960062980652,3.883634328842163,0.18320511281490326,3.957193374633789,0.13265305757522583,4.072265625
309,0,0,1,0.4435536861419678,3.66321063041687,0.2582111060619354,3.826451063156128,0.20547671616077423,3.918962240219116,0.14610570669174194,4.080343723297119
310,0,0,1,0.4343784749507904,3.6688344478607178,0.25643235445022583,3.840752363204956,0.2048588991165161,3.945374011993408,0.15162627398967743,4.0863566398620605
311,0,0,1,0.4444580078125,3.660381555557251,0.26231664419174194,3.8136112689971924,0.2141561657190323,3.9202921390533447,0.1540178507566452,4.066640853881836
312,0,0,1,0.4105299115180969,3.6929242610931396,0.24700553715229034,3.901139736175537,0.18521803617477417,3.99666428565979,0.13201530277729034,4.170591831207275
313,0,0,1,0.42089593410491943,3.6824522018432617,0.2533232867717743,3.877918243408203,0.1934988796710968,3.959676504135132,0.13899074494838715,4.090478897094727
314,0,0,1,0.4068154990673065,3.6914005279541016,0.24555066227912903,3.898301601409912,0.1768275648355484,3.969794273376465,0.12551817297935486,4.109558582305908
315,0,0,1,0.44116708636283875,3.6645848751068115,0.2606126368045807,3.8259663581848145,0.21125636994838715,3.9295754432678223,0.15477518737316132,4.09940767288208
316,0,0,1,0.43979689478874207,3.6671764850616455,0.2602987289428711,3.8332791328430176,0.20962212979793549,3.906541109085083,0.15381856262683868,4.063358306884766
317,0,0,1,0.44712111353874207,3.6570611000061035,0.2640804350376129,3.797252893447876,0.2211316078901291,3.8800864219665527,0.15884087979793549,4.0205769538879395
318,0,0,1,0.45129144191741943,3.6581544876098633,0.2634875178337097,3.798612117767334,0.2175741344690323,3.8925070762634277,0.158203125,4.058200836181641
319,0,0,1,0.43094056844711304,3.671534299850464,0.2559988796710968,3.849104642868042,0.19916892051696777,3.9581727981567383,0.1444714516401291,4.106221675872803
320,0,0,1,0.439052015542984,3.6608071327209473,0.2614297568798065,3.826357841491699,0.2119838148355484,3.9375264644622803,0.15531329810619354,4.078917026519775
321,0,0,1,0.43982431292533875,3.6687889099121094,0.2587541937828064,3.836289167404175,0.21172472834587097,3.9278016090393066,0.15804368257522583,4.073392391204834
322,0,0,1,0.43839433789253235,3.6613268852233887,0.26186323165893555,3.820404529571533,0.21161511540412903,3.92799973487854,0.15218430757522583,4.061550617218018
323,0,0,1,0.42316046357154846,3.6853761672973633,0.24942700564861298,3.8832225799560547,0.18678252398967743,3.964308500289917,0.13201530277729034,4.108544826507568
324,0,0,1,0.43626683950424194,3.6597437858581543,0.25937697291374207,3.8204503059387207,0.20656289160251617,3.923537015914917,0.1542370766401291,4.077529430389404
325,0,0,1,0.4509028196334839,3.6560311317443848,0.26409536600112915,3.7981510162353516,0.2179826945066452,3.9045486450195312,0.16129225492477417,4.041393756866455
326,0,0,1,0.4395851492881775,3.6663644313812256,0.2602289915084839,3.8321430683135986,0.2135184109210968,3.9345686435699463,0.15280213952064514,4.083083152770996
327,0,0,1,0.4498913586139679,3.6534249782562256,0.26460856199264526,3.792931318283081,0.22281567752361298,3.8745527267456055,0.16159120202064514,4.038480281829834
328,0,0,1,0.43133169412612915,3.6783699989318848,0.25164419412612915,3.8617985248565674,0.19360849261283875,3.9437954425811768,0.14028619229793549,4.121466159820557
329,0,0,1,0.40121522545814514,3.6904706954956055,0.24528658390045166,3.9020516872406006,0.18222855031490326,3.950948715209961,0.13315130770206451,4.079927921295166
330,0,0,1,0.42318788170814514,3.684019088745117,0.249372199177742,3.877782106399536,0.1891043484210968,3.959582567214966,0.13516421616077423,4.1213507652282715
331,0,0,1,0.4921077787876129,3.5676889419555664,0.29299864172935486,3.603254795074463,0.27724409103393555,3.6385953426361084,0.20950254797935486,3.719083070755005
332,0,0,1,0.45270147919654846,3.6555047035217285,0.2640903890132904,3.798222780227661,0.2180524468421936,3.8877158164978027,0.1584821343421936,4.0398640632629395
333,0,0,1,0.43863847851753235,3.662299156188965,0.2595463991165161,3.820183515548706,0.20639349520206451,3.9062862396240234,0.1531210094690323,4.051281929016113
334,0,0,1,0.40778955817222595,3.690011501312256,0.24394629895687103,3.9066195487976074,0.17601044476032257,3.9731075763702393,0.13207508623600006,4.1241888999938965
335,0,0,1,0.43778398633003235,3.6635918617248535,0.25978055596351624,3.8258883953094482,0.20427095890045166,3.9260451793670654,0.1487165093421936,4.089654445648193
336,0,0,1,0.4561443626880646,3.6548497676849365,0.26563993096351624,3.7916722297668457,0.2214704155921936,3.8828797340393066,0.16523835062980652,4.041731834411621
337,0,0,1,0.4522181749343872,3.656585454940796,0.26426976919174194,3.7965309619903564,0.21691645681858063,3.9038496017456055,0.1610730141401291,4.062360763549805
338,0,0,1,0.45375776290893555,3.6518540382385254,0.2681361436843872,3.7795636653900146,0.22986088693141937,3.873932361602783,0.16723133623600006,4.0334882736206055
339,0,0,1,0.4403798580169678,3.6625428199768066,0.2599649131298065,3.816352367401123,0.209821417927742,3.902165651321411,0.1531010866165161,4.08461332321167
340,0,0,1,0.4202781021595001,3.6720330715179443,0.2543247640132904,3.849365234375,0.19751474261283875,3.943242073059082,0.14088408648967743,4.076531410217285
341,0,0,1,0.4119075834751129,3.6821577548980713,0.2503736913204193,3.8765597343444824,0.1840222328901291,3.9350192546844482,0.13438695669174194,4.0915021896362305
342,0,0,1,0.42716139554977417,3.6768863201141357,0.2519282102584839,3.8648815155029297,0.1934291273355484,3.960280179977417,0.14373405277729034,4.087770462036133
343,0,0,1,0.44645097851753235,3.659029483795166,0.26434949040412903,3.8048853874206543,0.22249680757522583,3.9021408557891846,0.16240832209587097,4.05362606048584
344,0,0,1,0.4479382336139679,3.656134843826294,0.26446905732154846,3.794461250305176,0.21992585062980652,3.8881287574768066,0.16194993257522583,4.065960884094238
345,0,0,1,0.428187757730484,3.6741583347320557,0.2538613975048065,3.8595120906829834,0.20128148794174194,3.9652953147888184,0.15084901452064514,4.113885402679443
346,0,0,1,0.43826979398727417,3.671070098876953,0.2571398615837097,3.823809862136841,0.21312977373600006,3.8835794925689697,0.15537308156490326,4.0348896980285645
347,0,0,1,0.448628306388855,3.6579244136810303,0.26372668147087097,3.802894353866577,0.21566087007522583,3.895434856414795,0.15656886994838715,4.019730091094971
348,0,0,1,0.43893495202064514,3.6627941131591797,0.2593570649623871,3.816594362258911,0.20895448327064514,3.9190709590911865,0.15593111515045166,4.083716869354248
349,0,0,1,0.43187230825424194,3.6666011810302734,0.259033203125,3.835965394973755,0.20769889652729034,3.925586462020874,0.15357939898967743,4.095250606536865
350,0,0,1,0.43880540132522583,3.6682071685791016,0.25956133008003235,3.828793525695801,0.21182437241077423,3.9244484901428223,0.1535993218421936,4.103412628173828
351,0,0,1,0.42233338952064514,3.682689666748047,0.25146484375,3.869506597518921,0.194684699177742,3.9473819732666016,0.13928969204425812,4.115324020385742
352,1,1,1,0.3028838336467743,3.633056402206421,0.2900041937828064,3.7786099910736084,0.31035754084587097,3.735013723373413,0.23250159621238708,3.7477283477783203
353,1,1,1,0.2749471664428711,3.650589942932129,0.278564453125,3.802232265472412,0.3079061508178711,3.7657206058502197,0.24308434128761292,3.7732229232788086
354,1,1,1,0.26487013697624207,3.6007373332977295,0.3132672905921936,3.7052836418151855,0.38438695669174194,3.6518380641937256,0.2904575765132904,3.6286537647247314
355,1,1,1,0.2643170952796936,3.624586582183838,0.28849947452545166,3.750082015991211,0.3415876030921936,3.7038419246673584,0.25470343232154846,3.699373960494995
356,1,1,1,0.2828966975212097,3.6243295669555664,0.2908661365509033,3.7703588008880615,0.32745733857154846,3.710721015930176,0.2503387928009033,3.6818723678588867
357,1,1,1,0.26487013697624207,3.6007373332977295,0.3132672905921936,3.7052836418151855,0.38438695669174194,3.6518380641937256,0.2904575765132904,3.6286537647247314
358,1,1,1,0.3571802079677582,3.660184860229492,0.2659737765789032,3.822730541229248,0.24130061268806458,3.859797716140747,0.1853276491165161,3.9241855144500732
359,1,1,1,0.2516940236091614,3.604452133178711,0.30634167790412903,3.7153730392456055,0.3788364827632904,3.686140298843384,0.2854950428009033,3.680558443069458
360,1,1,1,0.2805350124835968,3.61074161529541,0.3002680540084839,3.7446444034576416,0.3574816584587097,3.7096784114837646,0.26817601919174194,3.6901752948760986
361,1,1,1,0.29922670125961304,3.6475956439971924,0.2739955186843872,3.8062446117401123,0.2834123969078064,3.7856967449188232,0.2128308266401291,3.8190841674804688
362,1,1,1,0.2698974609375,3.6200907230377197,0.3006317615509033,3.7344624996185303,0.36066046357154846,3.6929240226745605,0.27828043699264526,3.67435359954834
363,1,1,1,0.3693573474884033,3.661850929260254,0.26602858304977417,3.820725679397583,0.24362243711948395,3.867105722427368,0.1823381632566452,3.940758466720581
364,1,1,1,0.30331483483314514,3.676673173904419,0.2585349380970001,3.8479831218719482,0.2552913725376129,3.8360981941223145,0.19814252853393555,3.8598873615264893
365,1,1,1,0.3209054172039032,3.662482261657715,0.26876893639564514,3.8207366466522217,0.2689732015132904,3.8119072914123535,0.20352359116077423,3.846259355545044
366,1,1,1,0.29038533568382263,3.624640703201294,0.29188257455825806,3.752483606338501,0.329799085855484,3.7160685062408447,0.2518335282802582,3.696422815322876
367,1,1,1,0.32347387075424194,3.6740574836730957,0.25799185037612915,3.86104679107666,0.2472895383834839,3.856786012649536,0.19327965378761292,3.8855433464050293
368,1,1,1,0.2909632921218872,3.6562695503234863,0.2709512412548065,3.819973945617676,0.28192761540412903,3.783613681793213,0.22185905277729034,3.7767696380615234
369,1,1,1,0.3673992455005646,3.68892765045166,0.23705057799816132,3.9114487171173096,0.1909877210855484,3.9934258460998535,0.13436701893806458,4.157519817352295
370,1,1,1,0.29121989011764526,3.6409432888031006,0.2880261540412903,3.7628700733184814,0.3181600570678711,3.721686363220215,0.23965640366077423,3.734968900680542
371,1,3,0,0.40125009417533875,3.6936516761779785,0.24598413705825806,3.902106523513794,0.19952766597270966,3.9955050945281982,0.14381377398967743,4.141490936279297
372,1,1,1,0.40885332226753235,3.589993715286255,0.29331251978874207,3.6578164100646973,0.30801576375961304,3.6664509773254395,0.23616868257522583,3.7182278633117676
373,1,1,1,0.2701839506626129,3.6143250465393066,0.29107043147087097,3.7670278549194336,0.33610689640045166,3.73112154006958,0.25219228863716125,3.740556240081787
374,1,1,1,0.2547358274459839,3.6239426136016846,0.2884446680545807,3.7620742321014404,0.3452845811843872,3.716132640838623,0.27327805757522583,3.707409620285034
375,1,1,1,0.27427205443382263,3.5998001098632812,0.3169842064380646,3.721424102783203,0.3797632157802582,3.652663230895996,0.2875876724720001,3.6323630809783936
376,1,1,1,0.3028987944126129,3.6650354862213135,0.26631754636764526,3.8332865238189697,0.2746930718421936,3.8198142051696777,0.20667250454425812,3.826904535293579
377,1,1,1,0.4055524468421936,3.67452335357666,0.25384145975112915,3.8706302642822266,0.20428092777729034,3.97434139251709,0.14465083181858063,4.11311674118042
378,1,1,1,0.25127550959587097,3.5662972927093506,0.3356684446334839,3.6778833866119385,0.4250239133834839,3.6299586296081543,0.33087530732154846,3.624743938446045
379,1,1,1,0.30981943011283875,3.6691646575927734,0.2658541798591614,3.819370985031128,0.2607521414756775,3.771735429763794,0.20838648080825806,3.782421588897705
380,1,1,1,0.34270617365837097,3.671246290206909,0.2631935477256775,3.8368165493011475,0.24110132455825806,3.81649112701416,0.17924903333187103,3.8657994270324707
381,1,1,1,0.3612583577632904,3.676309585571289,0.24413065612316132,3.871790647506714,0.2311762571334839,3.9853010177612305,0.1687460094690323,4.0822014808654785
382,1,1,1,0.2763422727584839,3.6443395614624023,0.2773337662220001,3.785311460494995,0.31447306275367737,3.7459280490875244,0.24131058156490326,3.7262966632843018
383,1,1,1,0.3232421875,3.675581216812134,0.26070231199264526,3.843207597732544,0.2537766993045807,3.82388973236084,0.19778379797935486,3.8590285778045654
384,1,1,1,0.29021593928337097,3.6431691646575928,0.2819475531578064,3.7820563316345215,0.3077467381954193,3.7443253993988037,0.2380819469690323,3.7661142349243164
385,1,1,1,0.2979138493537903,3.648576259613037,0.2755998969078064,3.797501564025879,0.2994459569454193,3.7701165676116943,0.22686144709587097,3.7630677223205566
386,1,1,1,0.3052978515625,3.670482873916626,0.25708505511283875,3.864238977432251,0.23955675959587097,3.8544092178344727,0.18480946123600006,3.911247730255127
387,1,1,1,0.28107312321662903,3.646709442138672,0.2739108204841614,3.796907663345337,0.2978017330169678,3.7530198097229004,0.2331194132566452,3.775925397872925
388,1,1,1,0.28159376978874207,3.6423819065093994,0.2810158133506775,3.785642147064209,0.3051259517669678,3.7348792552948,0.24049346148967743,3.742189407348633
389,1,1,1,0.27427953481674194,3.627695322036743,0.2913045883178711,3.750555992126465,0.3337651491165161,3.682868480682373,0.25107622146606445,3.6778852939605713
390,1,1,1,0.3293307423591614,3.669717788696289,0.2732630968093872,3.816829204559326,0.2719028890132904,3.803525686264038,0.20499840378761292,3.8284075260162354
391,1,1,1,0.31886011362075806,3.680920124053955,0.2472795695066452,3.8775739669799805,0.22895407676696777,3.8686020374298096,0.17837212979793549,3.9144134521484375
392,1,1,1,0.26100873947143555,3.597216844558716,0.31921136379241943,3.703279495239258,0.38598135113716125,3.6468734741210938,0.29410475492477417,3.6334621906280518
393,1,1,1,0.3619883060455322,3.7000861167907715,0.23685626685619354,3.92195725440979,0.2008928507566452,3.994246006011963,0.14500956237316132,4.131940841674805
394,1,1,1,0.3151082992553711,3.6530394554138184,0.28326788544654846,3.783564567565918,0.2940947711467743,3.740419387817383,0.21474409103393555,3.75081205368042
395,1,1,1,0.2984619140625,3.6368348598480225,0.28718411922454834,3.7598154544830322,0.32421875,3.734048366546631,0.24278539419174194,3.7131834030151367
396,1,1,1,0.31058424711227417,3.6638271808624268,0.26998963952064514,3.8135011196136475,0.28176817297935486,3.7886900901794434,0.22016501426696777,3.8169639110565186
397,1,1,1,0.36629313230514526,3.665102481842041,0.2676827609539032,3.8229687213897705,0.25029894709587097,3.858229160308838,0.18528778851032257,3.927180767059326
398,1,1,1,0.29258009791374207,3.669255018234253,0.2618483006954193,3.8500590324401855,0.2653360068798065,3.8238253593444824,0.2108777016401291,3.836404800415039
399,1,1,1,0.29978224635124207,3.6490795612335205,0.27502191066741943,3.7902097702026367,0.29307836294174194,3.752643585205078,0.22221778333187103,3.7607173919677734
400,1,1,1,0.3023606836795807,3.646510601043701,0.2858786880970001,3.784931182861328,0.30848413705825806,3.75262451171875,0.229352667927742,3.7510428428649902
401,1,3,0,0.43041741847991943,3.6642415523529053,0.25939691066741943,3.8370213508605957,0.21064850687980652,3.922039747238159,0.14754065871238708,4.076050281524658
402,1,1,1,0.3292859196662903,3.65922474861145,0.2747727930545807,3.8143179416656494,0.2708466053009033,3.783701181411743,0.19945789873600006,3.818145513534546
403,1,1,1,0.27589136362075806,3.632904529571533,0.28909239172935486,3.7558512687683105,0.3356485068798065,3.7230947017669678,0.2559988796710968,3.7195796966552734
404,1,1,1,0.31489408016204834,3.650516986846924,0.2744937837123871,3.806596279144287,0.2693917453289032,3.7762818336486816,0.1999960094690323,3.810164451599121
405,1,1,1,0.3619559109210968,3.6862456798553467,0.23354791104793549,3.90817928314209,0.20081312954425812,4.026449203491211,0.14477039873600006,4.175385475158691
406,1,1,1,0.24917040765285492,3.5893280506134033,0.3139997124671936,3.704273223876953,0.39979273080825806,3.6670737266540527,0.3170439898967743,3.6495473384857178
407,1,1,1,0.27376633882522583,3.6414661407470703,0.2765614986419678,3.7771992683410645,0.32328203320503235,3.751032590866089,0.24503746628761292,3.774705171585083
408,1,1,1,0.3474843502044678,3.627861499786377,0.2697504758834839,3.788677453994751,0.2635821998119354,3.7753961086273193,0.20966199040412903,3.833364963531494
409,1,1,1,0.26063257455825806,3.586608648300171,0.3182796537876129,3.702583074569702,0.3973214328289032,3.667736768722534,0.3080954849720001,3.637298583984375
410,1,1,1,0.2481440305709839,3.592930316925049,0.3156489133834839,3.7049026489257812,0.393275648355484,3.662747621536255,0.3080954849720001,3.6416327953338623
411,1,1,1,0.30500638484954834,3.6631598472595215,0.2676229476928711,3.8385679721832275,0.2682756781578064,3.8069608211517334,0.20101243257522583,3.814891815185547
412,1,1,1,0.38163164258003235,3.6827991008758545,0.2506825923919678,3.8890347480773926,0.2026466727256775,3.9405980110168457,0.14451131224632263,4.0655083656311035
413,1,1,1,0.32527750730514526,3.666161298751831,0.2640106678009033,3.833150863647461,0.2587890625,3.8028109073638916,0.18813775479793549,3.8415253162384033
414,1,1,1,0.31703901290893555,3.6629786491394043,0.26724928617477417,3.825981616973877,0.26629263162612915,3.779740333557129,0.20998086035251617,3.7888193130493164
415,1,1,1,0.37043607234954834,3.690912961959839,0.24945691227912903,3.894721031188965,0.2031947523355484,3.9210927486419678,0.14734135568141937,3.993642568588257
416,1,1,1,0.32228556275367737,3.668086290359497,0.25602877140045166,3.861635446548462,0.23576012253761292,3.8485989570617676,0.18748006224632263,3.898373603820801
417,1,1,1,0.2924181818962097,3.660612106323242,0.2678471803665161,3.816697120666504,0.29127469658851624,3.7925076484680176,0.22128108143806458,3.809781074523926
418,1,1,1,0.2745984196662903,3.6674106121063232,0.24657703936100006,3.8754470348358154,0.24321387708187103,3.8829433917999268,0.2059948891401291,3.926567316055298
419,1,1,1,0.23795489966869354,3.616089344024658,0.28741827607154846,3.755660057067871,0.3582688868045807,3.7471976280212402,0.2960379421710968,3.7506396770477295
420,1,1,1,0.38230177760124207,3.632598876953125,0.27783203125,3.7545101642608643,0.2899792790412903,3.799656391143799,0.20812739431858063,3.8789620399475098
421,1,1,1,0.2601318359375,3.6482057571411133,0.266357421875,3.8047850131988525,0.3017478287220001,3.7900664806365967,0.23979590833187103,3.8292055130004883
422,1,1,1,0.26775747537612915,3.5871975421905518,0.3300282955169678,3.7174129486083984,0.39135244488716125,3.63165545463562,0.28979989886283875,3.606079339981079
423,1,1,1,0.2714495062828064,3.630467414855957,0.2860630452632904,3.7538578510284424,0.33540934324264526,3.7138357162475586,0.2543247640132904,3.707468032836914
424,1,1,1,0.27165377140045166,3.621868133544922,0.2986188530921936,3.7382454872131348,0.35263869166374207,3.6982028484344482,0.2661631107330322,3.6849868297576904
425,1,1,1,0.2971614897251129,3.6140859127044678,0.30607759952545166,3.720076084136963,0.3339743912220001,3.669222831726074,0.23899872601032257,3.6686956882476807
426,1,1,1,0.36789748072624207,3.664091110229492,0.2551717758178711,3.8365681171417236,0.2476283460855484,3.915332078933716,0.18676258623600006,3.9780173301696777
427,1,1,1,0.32214105129241943,3.673149824142456,0.26780232787132263,3.8232710361480713,0.2707967758178711,3.7874884605407715,0.208984375,3.8220484256744385
428,1,1,1,0.31764689087867737,3.6767525672912598,0.2526606321334839,3.861447334289551,0.22860530018806458,3.844078302383423,0.18698182702064514,3.871882438659668
429,1,1,1,0.3824288547039032,3.667194366455078,0.2625209093093872,3.831786632537842,0.23113639652729034,3.8802759647369385,0.17101801931858063,3.974828004837036
430,1,1,1,0.34603196382522583,3.6659467220306396,0.26694533228874207,3.819922685623169,0.2569156587123871,3.8569157123565674,0.19033002853393555,3.9409425258636475
431,1,1,1,0.2519007921218872,3.6191465854644775,0.28819555044174194,3.7480032444000244,0.3610690236091614,3.7450461387634277,0.2769252061843872,3.7571067810058594
432,1,1,1,0.2828369140625,3.6210265159606934,0.29584363102912903,3.7366487979888916,0.34521484375,3.6960136890411377,0.26795679330825806,3.671030044555664
433,1,1,1,0.29983457922935486,3.633262872695923,0.29976481199264526,3.7488198280334473,0.3372030258178711,3.6960606575012207,0.24984055757522583,3.6926450729370117
434,1,1,1,0.23280303180217743,3.5787220001220703,0.3108806908130646,3.6899912357330322,0.4227120578289032,3.6802687644958496,0.3335658311843872,3.6615283489227295
435,1,1,1,0.2917903959751129,3.6444969177246094,0.2849021255970001,3.766618251800537,0.3197444975376129,3.7280831336975098,0.2419881969690323,3.731839895248413
436,1,1,1,0.302978515625,3.672680139541626,0.25502729415893555,3.852515459060669,0.2458844780921936,3.839148998260498,0.18845662474632263,3.8717217445373535
437,1,1,1,0.26487013697624207,3.6007373332977295,0.3132672905921936,3.7052836418151855,0.38438695669174194,3.6518380641937256,0.2904575765132904,3.6286537647247314
438,1,1,1,0.26037099957466125,3.693068027496338,0.23222754895687103,3.9393465518951416,0.2612404227256775,4.0458879470825195,0.1987404227256775,4.109707355499268
439,1,1,1,0.3529127538204193,3.700166702270508,0.22761379182338715,3.935227632522583,0.1921037882566452,4.012345790863037,0.14492984116077423,4.150852680206299
440,1,1,1,0.37203043699264526,3.6277856826782227,0.29004403948783875,3.7437686920166016,0.28456830978393555,3.72581148147583,0.20922352373600006,3.7752904891967773
441,1,1,1,0.2704654633998871,3.642101287841797,0.27859434485435486,3.786801338195801,0.31504103541374207,3.747746229171753,0.2433832883834839,3.7623648643493652
442,1,1,1,0.30641889572143555,3.6641273498535156,0.26179349422454834,3.8435566425323486,0.2618483006954193,3.8253226280212402,0.20163026452064514,3.8443214893341064
443,1,1,1,0.3239596486091614,3.6677021980285645,0.26486268639564514,3.8318440914154053,0.26091158390045166,3.8293166160583496,0.19927853345870972,3.8467845916748047
444,1,1,1,0.2450299859046936,3.595463514328003,0.30421414971351624,3.711515426635742,0.392787367105484,3.686176061630249,0.31700414419174194,3.6720733642578125
445,1,1,1,0.35536909103393555,3.6703073978424072,0.2610461115837097,3.8551905155181885,0.21747449040412903,3.8715176582336426,0.1544363796710968,3.9410245418548584
446,1,1,1,0.28177812695503235,3.6655056476593018,0.2545340359210968,3.849273681640625,0.2597058415412903,3.833051919937134,0.21544164419174194,3.8540239334106445
447,1,1,1,0.26533353328704834,3.6212925910949707,0.2859683930873871,3.7445945739746094,0.3493203818798065,3.7148196697235107,0.2670001685619354,3.6946332454681396
448,1,1,1,0.27541303634643555,3.6396660804748535,0.27953603863716125,3.7750606536865234,0.3184490501880646,3.760021209716797,0.24095185101032257,3.7682383060455322
449,1,1,1,0.3165183365345001,3.6686580181121826,0.26259565353393555,3.837735176086426,0.2573142349720001,3.812640428543091,0.203125,3.8276097774505615
450,1,1,1,0.28094854950904846,3.6556239128112793,0.26712968945503235,3.8171746730804443,0.2849569320678711,3.7881171703338623,0.226422980427742,3.784614086151123
451,1,1,1,0.3690085709095001,3.6450045108795166,0.28395047783851624,3.77074933052063,0.2827048599720001,3.7708847522735596,0.20220822095870972,3.8341217041015625
452,1,1,1,0.25225207209587097,3.6194891929626465,0.2886190414428711,3.755951404571533,0.3473971486091614,3.7255752086639404,0.28553491830825806,3.7178752422332764
453,1,1,1,0.24445202946662903,3.6144509315490723,0.2921167314052582,3.745979070663452,0.3575015962123871,3.7172205448150635,0.2935267686843872,3.693984270095825
454,1,3,0,0.4023163318634033,3.6892621517181396,0.24856005609035492,3.8922765254974365,0.19018055498600006,3.9652082920074463,0.1282086968421936,4.10679292678833
455,1,1,1,0.29805582761764526,3.6647582054138184,0.2648776173591614,3.820905923843384,0.2742147445678711,3.8023111820220947,0.22177933156490326,3.8087706565856934
456,1,1,1,0.26487013697624207,3.6007373332977295,0.3132672905921936,3.7052836418151855,0.38438695669174194,3.6518380641937256,0.2904575765132904,3.6286537647247314
457,1,1,1,0.27781209349632263,3.6339449882507324,0.2847975194454193,3.769139289855957,0.32092034816741943,3.7356932163238525,0.24443957209587097,3.732572317123413
458,1,1,1,0.2884621024131775,3.6422693729400635,0.27779215574264526,3.781773567199707,0.31378546357154846,3.7376227378845215,0.23802216351032257,3.7309720516204834
459,1,1,1,0.2953055202960968,3.64266300201416,0.28175321221351624,3.788059949874878,0.29928651452064514,3.729506492614746,0.2357700914144516,3.711158037185669
460,1,1,1,0.28659120202064514,3.675791025161743,0.25226202607154846,3.8886430263519287,0.23711535334587097,3.8785459995269775,0.18566645681858063,3.9574925899505615
461,1,1,1,0.3128587305545807,3.6527743339538574,0.2682656943798065,3.8077151775360107,0.27968549728393555,3.7843017578125,0.21215321123600006,3.778393507003784
462,1,1,1,0.314697265625,3.67197322845459,0.2614148259162903,3.8513922691345215,0.2579520046710968,3.858919858932495,0.20477917790412903,3.884282350540161
463,1,1,1,0.3419264256954193,3.6878442764282227,0.23855528235435486,3.9004364013671875,0.20482899248600006,3.92736554145813,0.15098851919174194,4.0095038414001465
464,1,1,1,0.2495291531085968,3.5943613052368164,0.3114736080169678,3.7152798175811768,0.3873365819454193,3.680241823196411,0.30632174015045166,3.6630449295043945
465,1,1,1,0.2954001724720001,3.6490774154663086,0.2730388939380646,3.805748224258423,0.29900747537612915,3.780877113342285,0.23048867285251617,3.7769994735717773
466,1,1,1,0.32081323862075806,3.677931547164917,0.2591727077960968,3.8493568897247314,0.24715998768806458,3.8343346118927,0.1979631632566452,3.8592569828033447
467,1,1,1,0.3713877201080322,3.656461715698242,0.27589884400367737,3.7921226024627686,0.2629244923591614,3.8314952850341797,0.18831712007522583,3.890782117843628
468,1,1,1,0.3855080008506775,3.6562044620513916,0.2699697017669678,3.804647207260132,0.25052812695503235,3.8588759899139404,0.18586574494838715,3.948852777481079
469,1,1,1,0.26843011379241943,3.6110997200012207,0.2979462146759033,3.7251627445220947,0.36059072613716125,3.6900181770324707,0.27855947613716125,3.6690993309020996
470,1,1,1,0.33799275755882263,3.6178531646728516,0.2878268361091614,3.731356382369995,0.3054647445678711,3.7142951488494873,0.21613918244838715,3.7280774116516113
471,1,1,1,0.30961015820503235,3.6727871894836426,0.2522321343421936,3.845982074737549,0.24325373768806458,3.828315019607544,0.18594546616077423,3.863236904144287
472,1,1,1,0.2836938798427582,3.625789165496826,0.2977319657802582,3.744009017944336,0.33463209867477417,3.670736312866211,0.2527303695678711,3.668322801589966
473,1,1,1,0.5029894709587097,3.553748369216919,0.30044740438461304,3.5700900554656982,0.3005719780921936,3.6025593280792236,0.21697624027729034,3.7136034965515137
474,1,1,1,0.31338685750961304,3.667787551879883,0.2651267349720001,3.8288168907165527,0.2622169852256775,3.8041727542877197,0.19927853345870972,3.8196818828582764
475,1,1,1,0.2820098102092743,3.6462929248809814,0.27539560198783875,3.7865865230560303,0.30981943011283875,3.7605738639831543,0.24374201893806458,3.7515127658843994
476,1,1,1,0.29066935181617737,3.673508882522583,0.24663184583187103,3.8847475051879883,0.2430345118045807,3.9090983867645264,0.18724091351032257,4.000212669372559
477,1,1,1,0.2878492772579193,3.634852170944214,0.2892617881298065,3.768929958343506,0.329799085855484,3.746978521347046,0.2437220960855484,3.744378089904785
478,1,1,1,0.5029894709587097,3.553748369216919,0.30044740438461304,3.5700900554656982,0.3005719780921936,3.6025593280792236,0.21697624027729034,3.7136034965515137
479,1,1,1,0.3282022178173065,3.6816909313201904,0.2567063868045807,3.8629324436187744,0.24249640107154846,3.86957049369812,0.1893933266401291,3.9111859798431396
480,1,1,1,0.3125772178173065,3.67779803276062,0.2592324912548065,3.858290672302246,0.2520926296710968,3.8682503700256348,0.1970663219690323,3.924858331680298
481,1,1,1,0.3262166976928711,3.6623952388763428,0.2695162892341614,3.8138575553894043,0.2620077133178711,3.7848095893859863,0.19076849520206451,3.8169660568237305
482,1,1,1,0.3386753499507904,3.6577489376068115,0.2822863459587097,3.7915842533111572,0.2895407974720001,3.769479513168335,0.20992107689380646,3.7792651653289795
483,1,1,1,0.48783034086227417,3.5704963207244873,0.29436880350112915,3.591442346572876,0.29118502140045166,3.6179118156433105,0.21354830265045166,3.7119925022125244
484,1,1,1,0.2769949734210968,3.6468143463134766,0.27612802386283875,3.788506031036377,0.3105568289756775,3.7317183017730713,0.2355707883834839,3.7379865646362305
485,1,1,1,0.31340929865837097,3.6652278900146484,0.2681909501552582,3.8194587230682373,0.2744638919830322,3.78985595703125,0.21584023535251617,3.78088641166687
486,1,1,1,0.31420648097991943,3.655468702316284,0.2731684446334839,3.811458110809326,0.26677095890045166,3.7919015884399414,0.20322464406490326,3.844071865081787
487,1,1,1,0.3050960600376129,3.6575024127960205,0.27518633008003235,3.798718214035034,0.28810587525367737,3.774799346923828,0.21940767765045166,3.792079210281372
488,1,1,1,0.3026845455169678,3.6437201499938965,0.28387075662612915,3.793818235397339,0.29668566584587097,3.726060628890991,0.23586973547935486,3.7197296619415283
489,1,1,1,0.27419233322143555,3.6332192420959473,0.27598851919174194,3.785979986190796,0.31261956691741943,3.7755322456359863,0.23794244229793549,3.79160737991333
490,1,1,1,0.3391536772251129,3.671644449234009,0.2641701102256775,3.839890718460083,0.24087212979793549,3.8382012844085693,0.1845703125,3.8846776485443115
491,1,1,1,0.4647216796875,3.6026976108551025,0.2776227593421936,3.6745693683624268,0.2645188868045807,3.7086455821990967,0.19792330265045166,3.8459370136260986
492,1,1,1,0.25816625356674194,3.6502363681793213,0.2658093571662903,3.8097622394561768,0.2995156943798065,3.796553134918213,0.23802216351032257,3.819308280944824
493,1,1,1,0.34677931666374207,3.6719181537628174,0.2612204849720001,3.836099147796631,0.2608318626880646,3.8462655544281006,0.19465480744838715,3.8558411598205566
494,1,1,1,0.3837616443634033,3.6582491397857666,0.2658193111419678,3.8137054443359375,0.23642776906490326,3.8590996265411377,0.17679767310619354,3.954345703125
495,1,1,1,0.36151495575904846,3.660310745239258,0.26210737228393555,3.825951337814331,0.2565569281578064,3.870504140853882,0.18012595176696777,3.943129062652588
496,1,1,1,0.32134386897087097,3.659531831741333,0.2639658451080322,3.831291675567627,0.25630778074264526,3.858520269393921,0.21753427386283875,3.869812250137329
497,1,1,1,0.3181077539920807,3.671081066131592,0.26140981912612915,3.8429839611053467,0.25828084349632263,3.813225746154785,0.18855628371238708,3.844836711883545
498,1,1,1,0.2745959162712097,3.6217281818389893,0.2941446006298065,3.7462058067321777,0.34404894709587097,3.7086832523345947,0.2630341053009033,3.691316843032837
499,1,1,1,0.30802077054977417,3.6588213443756104,0.27428948879241943,3.800112724304199,0.2899792790412903,3.759037733078003,0.2253667116165161,3.760965585708618
500,1,3,0,0.4101587235927582,3.692075490951538,0.24204300343990326,3.913419485092163,0.18141143023967743,3.98209285736084,0.13430723547935486,4.158628940582275
501,1,1,1,0.37943190336227417,3.6725034713745117,0.2471400648355484,3.888230323791504,0.19644849002361298,3.9881808757781982,0.14363440871238708,4.1383376121521
502,1,1,1,0.26428720355033875,3.627861976623535,0.2866808772087097,3.763582229614258,0.33227041363716125,3.7287967205047607,0.2554607689380646,3.7298331260681152
503,1,1,1,0.3020119071006775,3.654351234436035,0.27556002140045166,3.799623966217041,0.2906668484210968,3.768418550491333,0.21970662474632263,3.7837445735931396
504,1,1,1,0.3214186131954193,3.649364471435547,0.2865264117717743,3.779644250869751,0.3025151491165161,3.745997667312622,0.22156010568141937,3.7627058029174805
505,1,1,1,0.25824597477912903,3.6391735076904297,0.27401047945022583,3.7877988815307617,0.3187878727912903,3.7570254802703857,0.2503587305545807,3.7541792392730713
506,1,1,1,0.3239646255970001,3.67789626121521,0.24943199753761292,3.872498035430908,0.2227260023355484,3.874412775039673,0.18022559583187103,3.9236979484558105
507,1,1,1,0.3053875267505646,3.649744987487793,0.28458327054977417,3.788731813430786,0.30484694242477417,3.7523536682128906,0.227399542927742,3.765381336212158
508,1,1,1,0.27695509791374207,3.6139585971832275,0.3040597140789032,3.7415199279785156,0.34756654500961304,3.6751627922058105,0.25894850492477417,3.6386516094207764
509,1,1,1,0.42007631063461304,3.6670541763305664,0.25963109731674194,3.828129529953003,0.22450971603393555,3.9110076427459717,0.16208943724632263,4.053239822387695
510,1,1,1,0.26487013697624207,3.6007373332977295,0.3132672905921936,3.7052836418151855,0.38438695669174194,3.6518380641937256,0.2904575765132904,3.6286537647247314
511,1,1,1,0.37002500891685486,3.658724546432495,0.2707270383834839,3.8045310974121094,0.25943678617477417,3.839984655380249,0.19242267310619354,3.9248058795928955
512,1,1,1,0.2694365680217743,3.605100154876709,0.3067452609539032,3.727572441101074,0.35816922783851624,3.6616032123565674,0.27275988459587097,3.639047145843506
513,1,1,1,0.3021663725376129,3.6437604427337646,0.28202226758003235,3.78070068359375,0.2937360405921936,3.7213082313537598,0.22369259595870972,3.7395758628845215
514,1,1,1,0.3142887055873871,3.670468807220459,0.2535823881626129,3.8518714904785156,0.24713009595870972,3.8417742252349854,0.1786511391401291,3.90417218208313
515,1,1,1,0.27974528074264526,3.6440529823303223,0.2806321680545807,3.8002805709838867,0.3049067258834839,3.753448009490967,0.23836097121238708,3.748076915740967
516,1,1,1,0.26487013697624207,3.6007373332977295,0.3132672905921936,3.7052836418151855,0.38438695669174194,3.6518380641937256,0.2904575765132904,3.6286537647247314
517,1,1,1,0.26615065336227417,3.6441709995269775,0.2722068130970001,3.7960023880004883,0.32020288705825806,3.7714810371398926,0.2455357164144516,3.7724838256835938
518,1,1,1,0.27896803617477417,3.640185832977295,0.282470703125,3.78066086769104,0.32579320669174194,3.750657558441162,0.2508968412876129,3.756692409515381
519,1,1,1,0.3145826756954193,3.646235227584839,0.28697484731674194,3.7803704738616943,0.3073979616165161,3.7424468994140625,0.22624361515045166,3.7514095306396484
520,1,1,1,0.34653517603874207,3.6230392456054688,0.30596300959587097,3.754641056060791,0.316615492105484,3.7118937969207764,0.22582508623600006,3.7290618419647217
521,1,1,1,0.27515146136283875,3.6253530979156494,0.2962920367717743,3.7397043704986572,0.3524792790412903,3.6969070434570312,0.26644212007522583,3.6767895221710205
522,1,1,1,0.3001559376716614,3.6407103538513184,0.2876574397087097,3.7722833156585693,0.3164759874343872,3.7374918460845947,0.23533162474632263,3.733231782913208
523,1,1,1,0.37166422605514526,3.6847422122955322,0.23441486060619354,3.895298480987549,0.20332428812980652,3.9829444885253906,0.1506098508834839,4.124255657196045
524,1,1,1,0.33458226919174194,3.6529664993286133,0.2770099341869354,3.791139841079712,0.2913743555545807,3.823939800262451,0.2192482352256775,3.8508317470550537
525,1,1,1,0.2964938282966614,3.6617484092712402,0.26649194955825806,3.826178789138794,0.27082669734954834,3.8136727809906006,0.20414142310619354,3.830909013748169
526,1,1,1,0.30813783407211304,3.6511411666870117,0.2736716568470001,3.7951462268829346,0.27681559324264526,3.7610785961151123,0.20679208636283875,3.766094923019409
527,1,1,1,0.3782510459423065,3.6652112007141113,0.2653559446334839,3.826749086380005,0.2365971803665161,3.866150140762329,0.17356903851032257,3.951085090637207
528,1,1,1,0.3285808861255646,3.6741347312927246,0.2569256126880646,3.855757713317871,0.23853036761283875,3.8444249629974365,0.1872807741165161,3.882941246032715
529,1,1,1,0.2796531021595001,3.6569418907165527,0.2722865343093872,3.8220460414886475,0.28806599974632263,3.7732114791870117,0.22759884595870972,3.7860770225524902
530,1,1,1,0.29518842697143555,3.6715025901794434,0.2595115005970001,3.8526830673217773,0.26167887449264526,3.8599390983581543,0.20517776906490326,3.899174451828003
531,1,1,1,0.27706223726272583,3.644589424133301,0.2685796022415161,3.810314416885376,0.2996751368045807,3.794234037399292,0.23052853345870972,3.7946743965148926
532,1,1,1,0.25452157855033875,3.62831449508667,0.2858737111091614,3.762531280517578,0.34293287992477417,3.7303714752197266,0.2658442258834839,3.7259914875030518
533,1,1,1,0.33579549193382263,3.6882877349853516,0.24721978604793549,3.897617816925049,0.2147141993045807,3.891817808151245,0.1634446680545807,3.9496402740478516
534,1,1,1,0.30491918325424194,3.6631126403808594,0.26676100492477417,3.8255882263183594,0.27209222316741943,3.8058230876922607,0.2064732164144516,3.830888032913208
535,1,1,1,0.37980058789253235,3.6677184104919434,0.26780232787132263,3.822117567062378,0.24272559583187103,3.8660809993743896,0.17546236515045166,3.9343481063842773
536,1,1,1,0.38019421696662903,3.650291919708252,0.28005918860435486,3.769253969192505,0.2693120241165161,3.801006555557251,0.19104750454425812,3.8625078201293945
537,1,1,1,0.3338373899459839,3.658594846725464,0.2740154564380646,3.815659284591675,0.27492228150367737,3.7956430912017822,0.20350366830825806,3.7983546257019043
538,1,1,1,0.3327312767505646,3.6601927280426025,0.27036330103874207,3.8287415504455566,0.2533681392669678,3.793085813522339,0.18285633623600006,3.8234331607818604
539,1,1,1,0.29771703481674194,3.6458754539489746,0.27710458636283875,3.7891793251037598,0.3014189898967743,3.753173828125,0.23397639393806458,3.7570698261260986
540,1,1,1,0.35562071204185486,3.686218500137329,0.24800202250480652,3.8815670013427734,0.21570073068141937,3.9032154083251953,0.16816803812980652,4.022635459899902
541,1,1,1,0.3113590180873871,3.6657519340515137,0.2653360068798065,3.8239943981170654,0.2740652859210968,3.8058393001556396,0.21546156704425812,3.819535732269287
542,1,1,1,0.36650988459587097,3.665714979171753,0.2596709430217743,3.8312835693359375,0.21934789419174194,3.8682990074157715,0.16220901906490326,3.9417619705200195
543,1,1,1,0.29742804169654846,3.637834072113037,0.2875378727912903,3.7680470943450928,0.31851881742477417,3.704479932785034,0.24509724974632263,3.6865344047546387
544,1,1,1,0.25101640820503235,3.600019931793213,0.3074527680873871,3.732591152191162,0.3724290430545807,3.6961257457733154,0.3170439898967743,3.67500638961792
545,1,1,1,0.25872427225112915,3.653850555419922,0.26379144191741943,3.8245503902435303,0.2997548580169678,3.824108123779297,0.2416294664144516,3.8420488834381104
546,1,1,1,0.37967851758003235,3.6660237312316895,0.26326829195022583,3.8298795223236084,0.22918327152729034,3.878603458404541,0.1703404039144516,3.9572949409484863
547,1,1,1,0.2692148685455322,3.6382176876068115,0.2729741334915161,3.7889463901519775,0.3284837305545807,3.7795777320861816,0.25191324949264526,3.7678797245025635
548,1,1,1,0.2625383734703064,3.606699228286743,0.3097696006298065,3.72104811668396,0.3721300959587097,3.6582047939300537,0.2847576439380646,3.646136522293091
549,1,1,1,0.3191416263580322,3.659891128540039,0.27514150738716125,3.8130273818969727,0.27750319242477417,3.7817797660827637,0.20143096148967743,3.8069653511047363
550,1,1,1,0.24019202589988708,3.6048851013183594,0.29622727632522583,3.7398324012756348,0.36931002140045166,3.7066187858581543,0.2979910671710968,3.700441360473633
551,1,1,1,0.4169672727584839,3.680643320083618,0.25383150577545166,3.8590047359466553,0.20746970176696777,3.9106147289276123,0.14616549015045166,4.040632724761963
552,1,1,1,0.34393683075904846,3.6678667068481445,0.25907304883003235,3.8401830196380615,0.2306780070066452,3.855846881866455,0.17791374027729034,3.90254282951355
553,1,1,1,0.29784658551216125,3.6494922637939453,0.27929189801216125,3.793827533721924,0.29605787992477417,3.737865924835205,0.23210299015045166,3.752103805541992
554,1,1,1,0.26487013697624207,3.6007373332977295,0.3132672905921936,3.7052836418151855,0.38438695669174194,3.6518380641937256,0.2904575765132904,3.6286537647247314
555,1,1,1,0.3107934892177582,3.6717405319213867,0.26257073879241943,3.844930648803711,0.26125040650367737,3.8280506134033203,0.20723053812980652,3.855933904647827
556,1,1,1,0.3817238211631775,3.6620373725891113,0.2653110921382904,3.8157336711883545,0.23486328125,3.854088068008423,0.1788504421710968,3.932025909423828
557,1,1,1,0.3626459836959839,3.6598315238952637,0.26760801672935486,3.808397054672241,0.24991030991077423,3.8449299335479736,0.1953125,3.871938705444336
558,1,1,1,0.29682767391204834,3.6746761798858643,0.25250616669654846,3.8735570907592773,0.23469386994838715,3.8592052459716797,0.1909877210855484,3.9303975105285645
559,1,1,1,0.2641526758670807,3.642592430114746,0.27756795287132263,3.7803945541381836,0.32838407158851624,3.7715907096862793,0.2551618218421936,3.784738063812256
560,1,1,1,0.30721360445022583,3.6684343814849854,0.25815626978874207,3.861135244369507,0.23917809128761292,3.835763692855835,0.18775908648967743,3.8771891593933105
561,1,1,1,0.2690703570842743,3.6225521564483643,0.28979989886283875,3.7489683628082275,0.34126871824264526,3.7136099338531494,0.26434949040412903,3.6870477199554443
562,1,1,1,0.31167539954185486,3.6806464195251465,0.24226722121238708,3.8965530395507812,0.21252192556858063,3.908238410949707,0.17008131742477417,4.001523494720459
563,1,1,1,0.24561792612075806,3.6037750244140625,0.2986786365509033,3.7169785499572754,0.3734056055545807,3.683283567428589,0.2877272069454193,3.6794347763061523
564,1,1,1,0.28139448165893555,3.6350462436676025,0.28983476758003235,3.764573335647583,0.3236108720302582,3.7200307846069336,0.24633289873600006,3.7097086906433105
565,1,1,1,0.31420400738716125,3.6593353748321533,0.26786211133003235,3.812652349472046,0.2691924273967743,3.7902939319610596,0.21039938926696777,3.8043951988220215
566,1,1,1,0.37658441066741943,3.6652774810791016,0.2653360068798065,3.8233935832977295,0.24089205265045166,3.8701083660125732,0.17681759595870972,3.9630298614501953
567,1,1,1,0.3193633258342743,3.675330638885498,0.25857481360435486,3.8513593673706055,0.25066763162612915,3.8331544399261475,0.1950334757566452,3.8641936779022217
568,1,1,1,0.2995256781578064,3.6583189964294434,0.27282464504241943,3.8120787143707275,0.2896205186843872,3.786299228668213,0.22393175959587097,3.8095407485961914
569,1,1,1,0.26909029483795166,3.6266722679138184,0.2930932939052582,3.746774435043335,0.3428332209587097,3.7015464305877686,0.26670119166374207,3.6795694828033447
570,1,1,1,0.23717762529850006,3.558521032333374,0.33138352632522583,3.669072389602661,0.42497408390045166,3.6205360889434814,0.33005818724632263,3.627377510070801
571,1,1,1,0.32493123412132263,3.688652992248535,0.25151965022087097,3.8824310302734375,0.23178412020206451,3.8783748149871826,0.18058434128761292,3.91446852684021
572,1,1,1,0.36651235818862915,3.660381555557251,0.2705576419830322,3.803101062774658,0.2608717381954193,3.837197780609131,0.19019052386283875,3.8999266624450684
573,1,1,1,0.30523058772087097,3.656445264816284,0.2731684446334839,3.8112573623657227,0.27129504084587097,3.7499356269836426,0.20617426931858063,3.7739970684051514
574,1,1,1,0.3098169267177582,3.6559908390045166,0.27254563570022583,3.8088884353637695,0.2799844443798065,3.7726447582244873,0.21703602373600006,3.8050506114959717
575,1,1,1,0.3391212821006775,3.60762095451355,0.30599290132522583,3.7239391803741455,0.3251155912876129,3.6746153831481934,0.23170439898967743,3.704627513885498
576,1,1,1,0.2666090428829193,3.5887553691864014,0.3227987289428711,3.7100961208343506,0.39111328125,3.638564109802246,0.2995455861091614,3.6122422218322754
577,1,1,1,0.28446367383003235,3.65997576713562,0.27101102471351624,3.8149945735931396,0.29753267765045166,3.791412591934204,0.2278977930545807,3.7941408157348633
578,1,1,1,0.36179396510124207,3.692997932434082,0.23111645877361298,3.922217845916748,0.19490393996238708,4.023927688598633,0.13534358143806458,4.174790382385254
579,1,1,1,0.3197046220302582,3.6585030555725098,0.27288442850112915,3.8102941513061523,0.27584901452064514,3.7827470302581787,0.21466436982154846,3.783399820327759
580,1,1,1,0.2724634110927582,3.6158509254455566,0.29898256063461304,3.746246337890625,0.3568638265132904,3.6968894004821777,0.27493223547935486,3.6593692302703857
581,1,1,1,0.33546414971351624,3.6503067016601562,0.27751314640045166,3.7874789237976074,0.2833326756954193,3.764920949935913,0.21667729318141937,3.783848524093628
582,1,1,1,0.31573110818862915,3.6763060092926025,0.2581164240837097,3.8567705154418945,0.24257612228393555,3.8245081901550293,0.1916852593421936,3.8451859951019287
583,1,1,1,0.2937609553337097,3.647738218307495,0.27813097834587097,3.7802658081054688,0.3106764256954193,3.7511305809020996,0.23309949040412903,3.75974702835083
584,1,1,1,0.34462690353393555,3.664541482925415,0.27218690514564514,3.8210108280181885,0.2627849876880646,3.8106632232666016,0.19094786047935486,3.834151029586792
585,1,1,1,0.42364126443862915,3.671614170074463,0.25768792629241943,3.8375258445739746,0.20962212979793549,3.93558669090271,0.14933434128761292,4.097290992736816
586,1,1,1,0.38575711846351624,3.659616708755493,0.26695531606674194,3.813098430633545,0.24583466351032257,3.856505870819092,0.18405213952064514,3.9288575649261475
587,1,1,1,0.26487013697624207,3.6007373332977295,0.3132672905921936,3.7052836418151855,0.38438695669174194,3.6518380641937256,0.2904575765132904,3.6286537647247314
588,1,1,1,0.3099389970302582,3.66880202293396,0.26337292790412903,3.8368709087371826,0.25708505511283875,3.803248167037964,0.2066127210855484,3.8307127952575684
589,1,1,1,0.3124202787876129,3.6808576583862305,0.252197265625,3.8759706020355225,0.2365971803665161,3.871793746948242,0.19164539873600006,3.914309501647949
590,1,1,1,0.3613305985927582,3.6873366832733154,0.24170419573783875,3.8976314067840576,0.21277104318141937,3.97934627532959,0.14455117285251617,4.106990337371826
591,1,1,1,0.3081926703453064,3.669342279434204,0.2629842758178711,3.8389034271240234,0.25714483857154846,3.8097267150878906,0.2035435289144516,3.8323705196380615
592,1,1,1,0.32270658016204834,3.677173376083374,0.2543347477912903,3.8561689853668213,0.2392677664756775,3.859855890274048,0.18815767765045166,3.9172756671905518
593,1,1,1,0.37203043699264526,3.6277856826782227,0.29004403948783875,3.7437686920166016,0.28456830978393555,3.72581148147583,0.20922352373600006,3.7752904891967773
594,1,1,1,0.36635541915893555,3.6402370929718018,0.28543028235435486,3.7605042457580566,0.2875278890132904,3.7724406719207764,0.21000079810619354,3.8417956829071045
595,1,1,1,0.3065285086631775,3.6716432571411133,0.24747887253761292,3.8810348510742188,0.21375757455825806,3.8872780799865723,0.16661351919174194,3.9860048294067383
596,1,1,1,0.27454859018325806,3.616699695587158,0.3001634180545807,3.750946044921875,0.3509944975376129,3.6961076259613037,0.2681959569454193,3.6603996753692627
597,1,1,1,0.359619140625,3.67081618309021,0.2644142508506775,3.8418097496032715,0.2483258843421936,3.8709068298339844,0.17394770681858063,3.9279329776763916
598,1,1,1,0.2584950923919678,3.6251420974731445,0.2831682562828064,3.753101110458374,0.3333764970302582,3.7126588821411133,0.2585698366165161,3.7072606086730957
599,1,1,1,0.32506826519966125,3.679365396499634,0.2523915767669678,3.863431692123413,0.24041374027729034,3.8545138835906982,0.19365832209587097,3.8986313343048096
600,1,1,1,0.28811830282211304,3.624091148376465,0.29825013875961304,3.74971604347229,0.3370037376880646,3.681687831878662,0.2538265287876129,3.673602342605591
601,1,1,1,0.35440748929977417,3.671844959259033,0.2627202272415161,3.84124493598938,0.23250159621238708,3.874335765838623,0.17713648080825806,3.921692132949829
602,1,1,1,0.28830018639564514,3.6597652435302734,0.26466837525367737,3.821536064147949,0.2730388939380646,3.7730658054351807,0.21482381224632263,3.802764654159546
603,1,1,1,0.26928213238716125,3.6104984283447266,0.3006766140460968,3.7382471561431885,0.36051100492477417,3.676875352859497,0.2797353267669678,3.6558849811553955
604,1,1,1,0.34814202785491943,3.6709625720977783,0.2609713673591614,3.8436174392700195,0.23195351660251617,3.883661985397339,0.18193957209587097,3.953883171081543
605,1,1,1,0.26487013697624207,3.6007373332977295,0.3132672905921936,3.7052836418151855,0.38438695669174194,3.6518380641937256,0.2904575765132904,3.6286537647247314
606,1,1,1,0.25152960419654846,3.5874552726745605,0.31272420287132263,3.7049150466918945,0.3915218412876129,3.663858413696289,0.3042091727256775,3.6475367546081543
607,1,1,1,0.3754434287548065,3.6902313232421875,0.247802734375,3.895425796508789,0.19039979577064514,3.9523210525512695,0.14674346148967743,4.10457706451416
608,1,1,1,0.25272539258003235,3.615736484527588,0.2962372303009033,3.751648187637329,0.3494100570678711,3.7065651416778564,0.2807118892669678,3.6988284587860107
609,1,1,1,0.33799275755882263,3.6178531646728516,0.2878268361091614,3.731356382369995,0.3054647445678711,3.7142951488494873,0.21613918244838715,3.7280774116516113
610,1,1,1,0.2610934376716614,3.5917751789093018,0.3094208240509033,3.7041962146759033,0.38563257455825806,3.6627819538116455,0.2957589328289032,3.641037702560425
611,1,1,1,0.33675462007522583,3.665717363357544,0.2630091905593872,3.840547800064087,0.2659936845302582,3.8501105308532715,0.19485411047935486,3.872762680053711
612,1,1,1,0.31615713238716125,3.6701548099517822,0.26280492544174194,3.839343309402466,0.26154935359954834,3.830228328704834,0.20611447095870972,3.8482885360717773
613,1,1,1,0.2552490234375,3.6205310821533203,0.2857142686843872,3.7508370876312256,0.34938016533851624,3.722968578338623,0.2723214328289032,3.712895154953003
614,1,1,1,0.26487013697624207,3.6007373332977295,0.3132672905921936,3.7052836418151855,0.38438695669174194,3.6518380641937256,0.2904575765132904,3.6286537647247314
615,1,1,1,0.2838857173919678,3.66408371925354,0.26070231199264526,3.8320655822753906,0.2757593095302582,3.8053698539733887,0.21996571123600006,3.8227779865264893
616,1,1,1,0.31966227293014526,3.659813642501831,0.27291932702064514,3.812746524810791,0.2730090022087097,3.776289463043213,0.20420120656490326,3.811145782470703
617,1,1,1,0.3115134537220001,3.649867296218872,0.28069692850112915,3.792498826980591,0.29320791363716125,3.7627108097076416,0.21996571123600006,3.771042823791504
618,1,1,1,0.3070491850376129,3.6421234607696533,0.2860132157802582,3.7762699127197266,0.29810068011283875,3.722914934158325,0.22761878371238708,3.7326853275299072
619,1,1,1,0.2730090022087097,3.6127312183380127,0.3063715696334839,3.7209789752960205,0.3662208914756775,3.672689199447632,0.27264028787612915,3.6624999046325684
620,1,1,1,0.39428213238716125,3.6597163677215576,0.26653677225112915,3.8090662956237793,0.24436981976032257,3.8618032932281494,0.17972736060619354,3.9577512741088867
621,1,1,1,0.3216627538204193,3.6758158206939697,0.25880399346351624,3.8506438732147217,0.2544742524623871,3.8174805641174316,0.1967075914144516,3.8346505165100098
622,1,1,1,0.32081323862075806,3.682870388031006,0.2510263919830322,3.8814656734466553,0.23490314185619354,3.9391252994537354,0.1884765625,4.04758358001709
623,1,1,1,0.24704290926456451,3.591287136077881,0.30845922231674194,3.7023696899414062,0.38870176672935486,3.6636757850646973,0.3053252398967743,3.6389687061309814
624,1,1,1,0.31337690353393555,3.6463050842285156,0.28912726044654846,3.7790415287017822,0.3142338991165161,3.7324159145355225,0.23100684583187103,3.71909236907959
625,1,1,1,0.27899542450904846,3.6281487941741943,0.2944684624671936,3.7541327476501465,0.33438295125961304,3.702169418334961,0.26267537474632263,3.6890742778778076
626,1,1,1,0.32794561982154846,3.663141965866089,0.2581164240837097,3.855786085128784,0.23485331237316132,3.83583664894104,0.18564651906490326,3.8777241706848145
627,1,1,1,0.37587690353393555,3.6604719161987305,0.27139967679977417,3.802151679992676,0.2550223171710968,3.832916498184204,0.18237802386283875,3.8849306106567383
628,1,1,1,0.33697134256362915,3.6758463382720947,0.2576829493045807,3.8570516109466553,0.23206312954425812,3.881784677505493,0.17942841351032257,3.9322447776794434
629,1,1,1,0.3184191584587097,3.672231912612915,0.2608966529369354,3.8444130420684814,0.24815648794174194,3.8068907260894775,0.19204400479793549,3.827936887741089
630,1,1,1,0.2574188709259033,3.6333301067352295,0.2796556055545807,3.7837085723876953,0.3228236436843872,3.748919725418091,0.2552814185619354,3.7397923469543457
631,1,1,1,0.32129403948783875,3.661107301712036,0.2645338475704193,3.827585458755493,0.26427972316741943,3.829455852508545,0.20358338952064514,3.883113145828247
632,1,1,1,0.3339569568634033,3.6773812770843506,0.2597307562828064,3.8562796115875244,0.2405233532190323,3.8534200191497803,0.18522799015045166,3.887131452560425
633,1,1,1,0.26458117365837097,3.6410903930664062,0.2760981321334839,3.7909374237060547,0.3151406943798065,3.765249013900757,0.251953125,3.7607972621917725
634,1,1,1,0.2777597904205322,3.6231849193573,0.28838488459587097,3.7573254108428955,0.32908162474632263,3.6908915042877197,0.25779256224632263,3.668419122695923
635,1,1,1,0.32653558254241943,3.684140205383301,0.2457798570394516,3.895375967025757,0.21055883169174194,3.9023663997650146,0.16143175959587097,3.9844443798065186
636,1,1,1,0.27597853541374207,3.628272294998169,0.2964215874671936,3.7515673637390137,0.3413783311843872,3.7022008895874023,0.25763311982154846,3.6946699619293213
637,1,1,1,0.31349650025367737,3.6681342124938965,0.26050302386283875,3.8495523929595947,0.2404536008834839,3.807791233062744,0.19577088952064514,3.828361988067627
638,1,1,1,0.32570353150367737,3.679776668548584,0.25292471051216125,3.870181083679199,0.23441486060619354,3.8702175617218018,0.18769928812980652,3.902102470397949
639,1,1,1,0.3629324734210968,3.653791666030884,0.2732830345630646,3.792940616607666,0.2597157955169678,3.8224685192108154,0.1970663219690323,3.8691341876983643
640,1,1,1,0.28677305579185486,3.6492576599121094,0.2730737626552582,3.8075063228607178,0.28994935750961304,3.756847858428955,0.22423070669174194,3.7821526527404785
641,1,1,1,0.3744967579841614,3.673955202102661,0.24443458020687103,3.882427215576172,0.20198899507522583,3.978342294692993,0.1421595960855484,4.140894412994385
642,1,1,1,0.26487013697624207,3.6007373332977295,0.3132672905921936,3.7052836418151855,0.38438695669174194,3.6518380641937256,0.2904575765132904,3.6286537647247314
643,1,1,1,0.30181261897087097,3.648699998855591,0.27816087007522583,3.7997241020202637,0.2853057086467743,3.751248598098755,0.2193080335855484,3.7546346187591553
644,1,1,1,0.31892985105514526,3.668710708618164,0.2710558772087097,3.820080041885376,0.2744240164756775,3.805875301361084,0.20346380770206451,3.830051898956299
645,1,1,1,0.34113919734954834,3.665522575378418,0.26288464665412903,3.8341610431671143,0.25615832209587097,3.8159573078155518,0.19571109116077423,3.830549955368042
646,1,1,1,0.28700223565101624,3.66117787361145,0.26730409264564514,3.8290555477142334,0.2767657935619354,3.8014330863952637,0.2231544852256775,3.801018238067627
647,1,1,1,0.5029894709587097,3.553748369216919,0.30044740438461304,3.5700900554656982,0.3005719780921936,3.6025593280792236,0.21697624027729034,3.7136034965515137
648,1,1,1,0.30331483483314514,3.664468288421631,0.26275011897087097,3.8282923698425293,0.26657167077064514,3.7985496520996094,0.21175462007522583,3.8418824672698975
649,1,1,1,0.3828125,3.6450111865997314,0.2819027006626129,3.783735990524292,0.2737065553665161,3.8000144958496094,0.1931600719690323,3.860090732574463
650,1,1,1,0.27557745575904846,3.634357452392578,0.2776227593421936,3.7957465648651123,0.2945730984210968,3.7365448474884033,0.23335857689380646,3.754035472869873
651,1,1,1,0.31790846586227417,3.659566879272461,0.27667608857154846,3.806969165802002,0.2813895046710968,3.7755861282348633,0.20748963952064514,3.802516460418701
652,1,1,1,0.26487013697624207,3.6007373332977295,0.3132672905921936,3.7052836418151855,0.38438695669174194,3.6518380641937256,0.2904575765132904,3.6286537647247314
653,1,1,1,0.29894769191741943,3.6426749229431152,0.27981504797935486,3.7779736518859863,0.30060186982154846,3.7216734886169434,0.23016980290412903,3.731232166290283
654,1,1,1,0.49207788705825806,3.560509204864502,0.29544004797935486,3.5835976600646973,0.2944435477256775,3.611276626586914,0.2156010866165161,3.726844072341919
655,1,1,1,0.31402212381362915,3.675686836242676,0.24755859375,3.8852996826171875,0.21684668958187103,3.929185152053833,0.17691725492477417,4.033682346343994
656,1,1,1,0.2981305718421936,3.6311585903167725,0.2881208062171936,3.7648329734802246,0.32315248250961304,3.722254753112793,0.24467872083187103,3.701392889022827
657,1,1,1,0.26487013697624207,3.6007373332977295,0.3132672905921936,3.7052836418151855,0.38438695669174194,3.6518380641937256,0.2904575765132904,3.6286537647247314
658,1,1,1,0.27637964487075806,3.6206631660461426,0.29854410886764526,3.7405998706817627,0.3520009517669678,3.701789140701294,0.2644292116165161,3.6738016605377197
659,1,1,1,0.39692530035972595,3.669884443283081,0.25501734018325806,3.8503799438476562,0.2131696343421936,3.945540428161621,0.14738121628761292,4.122109413146973
660,1,1,1,0.31216615438461304,3.6758813858032227,0.25617825984954834,3.846895933151245,0.24537627398967743,3.8293941020965576,0.19365832209587097,3.8441905975341797
661,1,1,1,0.2746905982494354,3.6264657974243164,0.2855050265789032,3.769083023071289,0.32892218232154846,3.7526357173919678,0.24667170643806458,3.771188497543335
662,1,1,1,0.26487013697624207,3.6007373332977295,0.3132672905921936,3.7052836418151855,0.38438695669174194,3.6518380641937256,0.2904575765132904,3.6286537647247314
663,1,1,1,0.3626982867717743,3.677258014678955,0.25514689087867737,3.868987798690796,0.2185307741165161,3.8823986053466797,0.1638631969690323,3.9387011528015137
664,1,1,1,0.26487013697624207,3.6007373332977295,0.3132672905921936,3.7052836418151855,0.38438695669174194,3.6518380641937256,0.2904575765132904,3.6286537647247314
665,1,1,1,0.2804926633834839,3.6237387657165527,0.2890126705169678,3.7726268768310547,0.3236706852912903,3.7336905002593994,0.24416054785251617,3.7417354583740234
666,1,1,1,0.31546705961227417,3.6693859100341797,0.2641850709915161,3.8280558586120605,0.2575932741165161,3.782050371170044,0.19730548560619354,3.799191951751709
667,1,1,1,0.24187110364437103,3.6249215602874756,0.2832728624343872,3.7704646587371826,0.3427236080169678,3.7584683895111084,0.28477758169174194,3.755056381225586
668,1,1,1,0.2401297390460968,3.5820209980010986,0.3134317100048065,3.6990160942077637,0.4048349857330322,3.6644020080566406,0.3238201439380646,3.6554038524627686
669,1,1,1,0.26487013697624207,3.6007373332977295,0.3132672905921936,3.7052836418151855,0.38438695669174194,3.6518380641937256,0.2904575765132904,3.6286537647247314
670,1,1,1,0.26487013697624207,3.6007373332977295,0.3132672905921936,3.7052836418151855,0.38438695669174194,3.6518380641937256,0.2904575765132904,3.6286537647247314
671,1,1,1,0.2652513086795807,3.6216824054718018,0.2918775975704193,3.7466073036193848,0.35341596603393555,3.7049851417541504,0.267578125,3.68367338180542
672,1,1,1,0.35079020261764526,3.6709749698638916,0.2640704810619354,3.8421132564544678,0.25244140625,3.8531558513641357,0.1839524805545807,3.8849403858184814
673,1,1,1,0.3279331624507904,3.667231321334839,0.26849988102912903,3.831932306289673,0.26258569955825806,3.799021005630493,0.18865592777729034,3.789668321609497
674,1,1,1,0.3326266407966614,3.669282913208008,0.25952646136283875,3.8450891971588135,0.23745416104793549,3.8579461574554443,0.1845105141401291,3.906567335128784
675,1,1,1,0.29483217000961304,3.631561040878296,0.29451829195022583,3.7549188137054443,0.3315329849720001,3.702134132385254,0.2454759180545807,3.6811723709106445
676,1,1,1,0.3221709430217743,3.657080888748169,0.2746482193470001,3.8051085472106934,0.28191763162612915,3.7663567066192627,0.20448023080825806,3.771442413330078
677,1,1,1,0.28672072291374207,3.6350224018096924,0.28792649507522583,3.7664740085601807,0.32398954033851624,3.7219882011413574,0.24964125454425812,3.719862699508667
678,1,1,1,0.27841249108314514,3.6104047298431396,0.32569852471351624,3.682770013809204,0.37908560037612915,3.6340622901916504,0.2785395383834839,3.618274211883545
679,1,1,1,0.26487013697624207,3.6007373332977295,0.3132672905921936,3.7052836418151855,0.38438695669174194,3.6518380641937256,0.2904575765132904,3.6286537647247314
680,1,1,1,0.29448091983795166,3.66552734375,0.2593570649623871,3.8389172554016113,0.27382612228393555,3.810364246368408,0.21727518737316132,3.833883762359619
681,1,1,1,0.24783013761043549,3.603461980819702,0.3059181571006775,3.7157609462738037,0.3814173936843872,3.6823596954345703,0.2997449040412903,3.667353630065918
682,1,1,1,0.3672148883342743,3.607463836669922,0.3101881444454193,3.6977479457855225,0.33353593945503235,3.659496307373047,0.24884405732154846,3.6802818775177
683,1,1,1,0.3146872818470001,3.6556546688079834,0.2740652859210968,3.8112025260925293,0.27312856912612915,3.7649312019348145,0.20049425959587097,3.789860725402832
684,1,1,1,0.27834025025367737,3.620032548904419,0.29806581139564514,3.7462682723999023,0.34755659103393555,3.6927003860473633,0.26385122537612915,3.6748998165130615
685,1,1,1,0.26993730664253235,3.6533985137939453,0.26740872859954834,3.8263089656829834,0.29161351919174194,3.815882921218872,0.23606903851032257,3.8341071605682373
686,1,1,1,0.27357450127601624,3.631425619125366,0.2820870578289032,3.7831709384918213,0.3121412694454193,3.7539587020874023,0.2629743218421936,3.743008613586426
687,1,1,1,0.28250306844711304,3.6562228202819824,0.26527124643325806,3.822937250137329,0.2777423560619354,3.785698890686035,0.2279575914144516,3.8064346313476562
688,1,1,1,0.32559388875961304,3.6782073974609375,0.26175859570503235,3.865520715713501,0.24193836748600006,3.8581490516662598,0.1768973171710968,3.924628257751465
689,1,1,1,0.28338247537612915,3.639918327331543,0.2828992009162903,3.776484251022339,0.31750237941741943,3.731780767440796,0.24328362941741943,3.7228639125823975
690,1,1,1,0.3341064453125,3.6757211685180664,0.2520129084587097,3.8673784732818604,0.22961176931858063,3.8676764965057373,0.173688605427742,3.930464744567871
691,1,1,1,0.280029296875,3.6516644954681396,0.27197763323783875,3.826643705368042,0.28247568011283875,3.785656213760376,0.22309470176696777,3.813382148742676
692,1,1,1,0.3230478763580322,3.658104181289673,0.27630239725112915,3.8185014724731445,0.27926698327064514,3.7641749382019043,0.20615433156490326,3.7741684913635254
693,1,1,1,0.2682756781578064,3.5927493572235107,0.32052674889564514,3.7092537879943848,0.39102357625961304,3.647120237350464,0.30165815353393555,3.6203091144561768
694,1,1,1,0.24382422864437103,3.601534605026245,0.2975575923919678,3.7298102378845215,0.37524911761283875,3.7016491889953613,0.2916533648967743,3.6980319023132324
695,1,1,1,0.2916434109210968,3.6632471084594727,0.2781708240509033,3.7962026596069336,0.3075673580169678,3.7847723960876465,0.22849568724632263,3.7918012142181396
696,1,1,1,0.30739298462867737,3.665742874145508,0.26447904109954834,3.8293583393096924,0.26223692297935486,3.7977657318115234,0.20701131224632263,3.8070664405822754
697,1,1,1,0.38230177760124207,3.632598876953125,0.27783203125,3.7545101642608643,0.2899792790412903,3.799656391143799,0.20812739431858063,3.8789620399475098
698,2,2,1,0.392299085855484,3.69462513923645,0.23792749643325806,3.9327163696289062,0.1652582883834839,4.019898891448975,0.11260363459587097,4.202477931976318
699,2,2,1,0.3647959232330322,3.6915154457092285,0.22705078125,3.923743724822998,0.17966756224632263,4.010316371917725,0.12796954810619354,4.172402858734131
700,2,2,1,0.4265859127044678,3.6599936485290527,0.2505480647087097,3.825498104095459,0.20016542077064514,3.9123313426971436,0.14008688926696777,4.115663528442383
701,2,1,0,0.4111925959587097,3.666337490081787,0.25784239172935486,3.8343188762664795,0.21912866830825806,3.90873122215271,0.15196508169174194,4.055081844329834
702,2,2,1,0.4098249077796936,3.7000067234039307,0.23733457922935486,3.922912120819092,0.1678989976644516,4.021841049194336,0.12077487260103226,4.186798572540283
703,2,2,1,0.38804906606674194,3.6932194232940674,0.23182398080825806,3.9277210235595703,0.17317043244838715,4.028656959533691,0.12047592550516129,4.199007511138916
704,2,2,1,0.37914788722991943,3.6938228607177734,0.22342853248119354,3.935307741165161,0.16352438926696777,4.034186363220215,0.11407843977212906,4.187281608581543
705,2,2,1,0.39906278252601624,3.6926841735839844,0.22967155277729034,3.9247658252716064,0.16363400220870972,4.034589767456055,0.11953921616077423,4.165555000305176
706,2,2,1,0.40692511200904846,3.6990811824798584,0.23748405277729034,3.920464038848877,0.16833744943141937,4.00136137008667,0.11951929330825806,4.158912658691406
707,2,2,1,0.39979520440101624,3.6958205699920654,0.23711036145687103,3.928680896759033,0.17200453579425812,4.028387546539307,0.12153220176696777,4.204001426696777
708,2,2,1,0.37789231538772583,3.6889162063598633,0.23187878727912903,3.936913013458252,0.16451092064380646,4.022411823272705,0.11417809128761292,4.2450690269470215
709,2,2,1,0.40527093410491943,3.6913554668426514,0.2415248304605484,3.9064879417419434,0.17902980744838715,3.998497247695923,0.12105388939380646,4.142245769500732
710,2,2,1,0.3980812430381775,3.6998491287231445,0.23696587979793549,3.92844820022583,0.1648198366165161,4.009189605712891,0.11435745656490326,4.169396877288818
711,2,2,1,0.39954110980033875,3.6979966163635254,0.23616370558738708,3.9313910007476807,0.16512873768806458,4.002474308013916,0.11947943270206451,4.159800052642822
712,2,2,1,0.4268698990345001,3.6568174362182617,0.24845543503761292,3.8416757583618164,0.19368821382522583,3.9403200149536133,0.13343031704425812,4.120238780975342
713,2,2,1,0.3984972834587097,3.7049450874328613,0.23225745558738708,3.941049098968506,0.16227877140045166,4.019526958465576,0.1163504421710968,4.18311071395874
714,2,2,1,0.4093640446662903,3.679988145828247,0.23942223191261292,3.8994650840759277,0.17301100492477417,4.013016700744629,0.11832349747419357,4.172309398651123
715,2,2,1,0.394984632730484,3.6912455558776855,0.23982082307338715,3.9230051040649414,0.1708386391401291,4.014932155609131,0.11336096376180649,4.163326263427734
716,2,2,1,0.36702805757522583,3.6976542472839355,0.21809230744838715,3.9630584716796875,0.15617027878761292,4.063616752624512,0.10815927386283875,4.240832805633545
717,2,2,1,0.43957021832466125,3.663649797439575,0.2602638602256775,3.8327972888946533,0.21167489886283875,3.9259486198425293,0.14985251426696777,4.105466365814209
718,2,2,1,0.3875732421875,3.700517416000366,0.23649752140045166,3.9412841796875,0.1662248820066452,4.012588977813721,0.11290258169174194,4.176169395446777
719,2,2,1,0.3936493396759033,3.6896920204162598,0.22647280991077423,3.927993059158325,0.1652582883834839,4.02110481262207,0.11933992058038712,4.154475688934326
720,2,2,1,0.4064418077468872,3.702928066253662,0.23470881581306458,3.9334492683410645,0.15712690353393555,4.015347480773926,0.10939493030309677,4.171616077423096
721,2,2,1,0.3710962235927582,3.690315008163452,0.22179926931858063,3.9286997318267822,0.16583625972270966,4.045607566833496,0.11967872828245163,4.205661773681641
722,2,2,1,0.38378408551216125,3.6963727474212646,0.2338169664144516,3.9249489307403564,0.16820789873600006,4.039751052856445,0.1148158460855484,4.18798828125
723,2,2,1,0.3698306977748871,3.6983892917633057,0.23119120299816132,3.9448719024658203,0.17004145681858063,4.039263725280762,0.11521444469690323,4.229372024536133
724,2,2,1,0.37940946221351624,3.6897857189178467,0.22521723806858063,3.923410415649414,0.1712571680545807,4.0126848220825195,0.1217912957072258,4.154148101806641
725,2,2,1,0.3990328907966614,3.686274290084839,0.23376214504241943,3.919624090194702,0.16797871887683868,4.03464412689209,0.12007732689380646,4.146224021911621
726,2,2,1,0.3999994993209839,3.688595771789551,0.2413255274295807,3.910292148590088,0.16723133623600006,4.031283378601074,0.11525430530309677,4.227563381195068
727,2,2,1,0.4020273685455322,3.6941075325012207,0.23910833895206451,3.922025442123413,0.16946348547935486,4.006821155548096,0.11445710808038712,4.183005332946777
728,2,2,1,0.43441835045814514,3.6565468311309814,0.25506216287612915,3.833724021911621,0.1953224539756775,3.9166879653930664,0.13919004797935486,4.1108245849609375
729,2,2,1,0.3941152095794678,3.6930992603302,0.229736328125,3.927107572555542,0.1646205335855484,4.0380144119262695,0.11730707436800003,4.190621852874756
730,2,2,1,0.3935447037220001,3.6914706230163574,0.23233716189861298,3.922283411026001,0.16917450726032257,4.005301475524902,0.12157206237316132,4.1391801834106445
731,2,2,1,0.4142293930053711,3.696737289428711,0.23800720274448395,3.920471429824829,0.16796875,4.033163070678711,0.11768574267625809,4.188823223114014
732,2,2,1,0.3992820084095001,3.6895272731781006,0.24169422686100006,3.9163453578948975,0.18182995915412903,4.008768558502197,0.12091437727212906,4.1658148765563965
733,2,2,1,0.402797132730484,3.6984524726867676,0.23349310457706451,3.931182384490967,0.1643415093421936,4.010550498962402,0.11493542790412903,4.164036750793457
734,2,2,1,0.41055235266685486,3.702716588973999,0.2365373820066452,3.9331002235412598,0.1675502210855484,4.0378851890563965,0.1188616082072258,4.1934943199157715
735,2,2,1,0.3858891725540161,3.694362163543701,0.23525190353393555,3.9150500297546387,0.1807338148355484,3.9984562397003174,0.12272799760103226,4.13397216796875
736,2,2,1,0.40631476044654846,3.6878135204315186,0.23959162831306458,3.9118056297302246,0.1636439710855484,4.017963886260986,0.1139787957072258,4.175380229949951
737,2,2,1,0.3722994923591614,3.694648265838623,0.22640305757522583,3.9354753494262695,0.168805792927742,4.039315223693848,0.11172671616077423,4.197110176086426
738,2,2,1,0.40142446756362915,3.6991405487060547,0.23546117544174194,3.9342334270477295,0.16667330265045166,4.007114887237549,0.11513472348451614,4.160636901855469
739,2,2,1,0.4105672836303711,3.685901403427124,0.24441465735435486,3.9062888622283936,0.1623186320066452,3.9961323738098145,0.10473134368658066,4.175451755523682
740,2,2,1,0.38897329568862915,3.67484974861145,0.225341796875,3.895681858062744,0.16271723806858063,4.030620574951172,0.11441724747419357,4.175405025482178
741,2,2,1,0.42943090200424194,3.671586036682129,0.2526257634162903,3.8636767864227295,0.1960698366165161,3.977231025695801,0.13255341351032257,4.134416103363037
742,2,2,1,0.41393545269966125,3.6915688514709473,0.24147500097751617,3.9172186851501465,0.16917450726032257,4.033044815063477,0.1196986585855484,4.187312602996826
743,2,2,1,0.39421984553337097,3.6919105052948,0.22992566227912903,3.929442882537842,0.16684271395206451,4.036672115325928,0.11796475946903229,4.186855792999268
744,2,2,1,0.3996083736419678,3.6985650062561035,0.23669183254241943,3.926954984664917,0.1650390625,4.024574279785156,0.11196587979793549,4.166251182556152
745,2,2,1,0.40924695134162903,3.6923937797546387,0.23843570053577423,3.919339656829834,0.16552734375,3.9892239570617676,0.1155133917927742,4.161318302154541
746,2,2,1,0.4314039349555969,3.652928590774536,0.25060784816741943,3.8189589977264404,0.19115711748600006,3.9011104106903076,0.13639986515045166,4.097896099090576
747,2,2,1,0.4070347249507904,3.693782329559326,0.23742425441741943,3.9326364994049072,0.15940888226032257,4.021191596984863,0.11292251199483871,4.16272497177124
748,2,2,1,0.3965740501880646,3.6965978145599365,0.23506256937980652,3.9303700923919678,0.1748046875,4.019781112670898,0.12324617058038712,4.145213603973389
749,2,2,1,0.39945390820503235,3.687839984893799,0.23187878727912903,3.906078815460205,0.17002151906490326,4.009201526641846,0.12135283648967743,4.177204608917236
750,2,2,1,0.39994966983795166,3.6955769062042236,0.23113639652729034,3.933110475540161,0.16164101660251617,4.024721145629883,0.11738679558038712,4.189643383026123
751,2,2,1,0.44064393639564514,3.6554009914398193,0.2594866156578064,3.8240206241607666,0.20307517051696777,3.9269344806671143,0.1404057741165161,4.100070953369141
752,2,2,1,0.3833805024623871,3.7010111808776855,0.2262934446334839,3.9402658939361572,0.16112284362316132,4.040385723114014,0.11248405277729034,4.209780216217041
753,2,2,1,0.38126543164253235,3.6955039501190186,0.22568060457706451,3.9436583518981934,0.16121253371238708,4.044381141662598,0.11641023308038712,4.2092108726501465
754,2,2,1,0.4027124345302582,3.6902172565460205,0.2399553507566452,3.910797357559204,0.1727220118045807,4.0003461837768555,0.12077487260103226,4.149670124053955
755,2,2,1,0.3778076171875,3.6983745098114014,0.23542629182338715,3.9287211894989014,0.17777423560619354,4.040863037109375,0.11868223547935486,4.2433247566223145
756,2,2,1,0.43465501070022583,3.65901517868042,0.2579669654369354,3.8259198665618896,0.20650310814380646,3.929643392562866,0.14217951893806458,4.118587017059326
757,2,2,1,0.36236196756362915,3.703104019165039,0.2223074734210968,3.946725606918335,0.16509884595870972,4.029876708984375,0.11449696868658066,4.19930362701416
758,2,2,1,0.40671834349632263,3.693133592605591,0.2365822196006775,3.9246466159820557,0.16646404564380646,4.017360210418701,0.12139269709587097,4.165326118469238
759,2,2,1,0.3906972408294678,3.689209222793579,0.2297014445066452,3.9206326007843018,0.16980229318141937,4.024295806884766,0.1229073628783226,4.191989421844482
760,2,2,1,0.4142269194126129,3.6953883171081543,0.24036890268325806,3.923056125640869,0.16682277619838715,4.01290225982666,0.11515465378761292,4.1791276931762695
761,2,2,1,0.39000219106674194,3.6870455741882324,0.23495295643806458,3.912079095840454,0.1774653196334839,4.010275840759277,0.12623564898967743,4.176033973693848
762,2,2,1,0.3978196680545807,3.6901144981384277,0.2348981499671936,3.9215612411499023,0.16893534362316132,4.030555248260498,0.11694833636283875,4.164280891418457
763,2,2,1,0.39464086294174194,3.6874730587005615,0.22490832209587097,3.9145326614379883,0.16311582922935486,4.05198860168457,0.11930005997419357,4.157534122467041
764,2,2,1,0.40367406606674194,3.6959047317504883,0.23599927127361298,3.929105281829834,0.16635443270206451,4.020007133483887,0.11539380997419357,4.153022289276123
765,2,2,1,0.40073689818382263,3.6886465549468994,0.23442481458187103,3.911264657974243,0.17031049728393555,4.005441665649414,0.11864237487316132,4.155719757080078
766,2,2,1,0.4426169693470001,3.6699161529541016,0.25889867544174194,3.835418224334717,0.20058393478393555,3.962491989135742,0.13960857689380646,4.131192207336426
767,2,2,1,0.3914097249507904,3.7009897232055664,0.23295997083187103,3.9425528049468994,0.16110292077064514,4.010329723358154,0.1082589253783226,4.166421413421631
768,2,2,1,0.41394540667533875,3.6932854652404785,0.23991051316261292,3.901289701461792,0.17345942556858063,4.010340690612793,0.12167171388864517,4.149385929107666
769,2,2,1,0.41485220193862915,3.6936135292053223,0.2412208914756775,3.9073822498321533,0.17202447354793549,4.005503177642822,0.124441958963871,4.152786731719971
770,2,2,1,0.38231176137924194,3.693333148956299,0.22870993614196777,3.9381957054138184,0.16251793503761292,4.038077354431152,0.10684390366077423,4.199029922485352
771,2,2,1,0.4424525499343872,3.6656100749969482,0.25890862941741943,3.8318450450897217,0.2067621946334839,3.938744068145752,0.14168128371238708,4.140385627746582
772,2,2,1,0.4179961383342743,3.6783361434936523,0.24612364172935486,3.876918077468872,0.17826251685619354,3.9808261394500732,0.12609614431858063,4.16895866394043
773,2,2,1,0.41152891516685486,3.6919989585876465,0.24153479933738708,3.923654556274414,0.16146165132522583,4.008702278137207,0.11214524507522583,4.196374416351318
774,2,2,1,0.4194236099720001,3.670474052429199,0.2471849024295807,3.857854127883911,0.19194434583187103,3.9331326484680176,0.1340680718421936,4.106139659881592
775,2,2,1,0.41099828481674194,3.692110538482666,0.2381068617105484,3.9168009757995605,0.1682378053665161,4.023692607879639,0.11981824040412903,4.177644729614258
776,2,2,1,0.37422770261764526,3.6879935264587402,0.23555584251880646,3.8995707035064697,0.19095782935619354,4.012889385223389,0.13482540845870972,4.166444778442383
777,2,2,1,0.40177324414253235,3.7041513919830322,0.23561064898967743,3.9246532917022705,0.16868622601032257,4.010515213012695,0.11605149507522583,4.191482067108154
778,2,2,1,0.4079863727092743,3.6981723308563232,0.23643773794174194,3.928288459777832,0.1667729616165161,4.009321212768555,0.11629065126180649,4.147729396820068
779,2,2,1,0.40256544947624207,3.6920905113220215,0.23637793958187103,3.923611879348755,0.169782355427742,4.0125603675842285,0.11924026906490326,4.198896884918213
780,2,2,1,0.38549306988716125,3.6921029090881348,0.24026426672935486,3.922753095626831,0.18428131937980652,4.020656585693359,0.1261160671710968,4.204646110534668
781,2,2,1,0.395039439201355,3.6934010982513428,0.2295021414756775,3.9318745136260986,0.16192004084587097,4.027570724487305,0.11906090378761292,4.203381538391113
782,2,2,1,0.39938417077064514,3.6809051036834717,0.23464903235435486,3.899840831756592,0.1727818101644516,4.013437747955322,0.1217912957072258,4.15365743637085
783,2,2,1,0.39348989725112915,3.694086790084839,0.22693617641925812,3.939600944519043,0.1584821343421936,4.033702373504639,0.11041135340929031,4.2021660804748535
784,2,2,1,0.38828322291374207,3.6895482540130615,0.22795259952545166,3.9278922080993652,0.16432158648967743,4.034687519073486,0.11262356489896774,4.173951625823975
785,2,2,1,0.4147226810455322,3.6944730281829834,0.2401646226644516,3.9151694774627686,0.16746053099632263,4.030407428741455,0.11953921616077423,4.186395645141602
786,2,2,1,0.4076276421546936,3.69051194190979,0.24456413090229034,3.913700819015503,0.17756496369838715,3.993489980697632,0.12035634368658066,4.12717342376709
787,2,2,1,0.40488478541374207,3.693411350250244,0.23493801057338715,3.936589479446411,0.15677814185619354,4.032289028167725,0.10582748800516129,4.202071666717529
788,2,2,1,0.40325552225112915,3.6943163871765137,0.23953184485435486,3.914508581161499,0.17032046616077423,4.000994682312012,0.12340561300516129,4.138888835906982
789,2,2,1,0.40287187695503235,3.696671962738037,0.2300253063440323,3.929213523864746,0.161969855427742,4.019256591796875,0.11742665618658066,4.160896301269531
790,2,2,1,0.43282145261764526,3.6626529693603516,0.2527652680873871,3.8358991146087646,0.19436582922935486,3.9285824298858643,0.14014668762683868,4.099402904510498
791,2,2,1,0.3848378658294678,3.693624258041382,0.22518733143806458,3.9352376461029053,0.15861168503761292,4.024188041687012,0.11459662020206451,4.181739330291748
792,2,2,1,0.3816964328289032,3.699613571166992,0.234479621052742,3.9386754035949707,0.17169563472270966,4.0387115478515625,0.11820392310619354,4.1807451248168945
793,2,2,1,0.39303651452064514,3.6837191581726074,0.2412458062171936,3.900576114654541,0.16617506742477417,4.0052170753479,0.11698819696903229,4.170017242431641
794,2,2,1,0.3884127736091614,3.698195219039917,0.22754403948783875,3.9281787872314453,0.16166095435619354,4.028724670410156,0.11268335580825806,4.189069747924805
795,2,2,1,0.42296865582466125,3.6664860248565674,0.23959162831306458,3.848358154296875,0.18056440353393555,3.9369757175445557,0.1273118555545807,4.111772060394287
796,2,2,1,0.3899722993373871,3.694457530975342,0.2362932413816452,3.934422731399536,0.17304089665412903,4.029772758483887,0.11782525479793549,4.1485114097595215
797,2,2,1,0.3877227008342743,3.690988540649414,0.23230727016925812,3.9201500415802,0.1743263602256775,4.039613723754883,0.1216517835855484,4.204619884490967
798,2,2,1,0.4172711968421936,3.67571759223938,0.246198371052742,3.8735756874084473,0.1928013414144516,3.966094732284546,0.14078444242477417,4.097537040710449
799,2,2,1,0.3877899646759033,3.6982436180114746,0.22452965378761292,3.943413734436035,0.16070431470870972,4.043157577514648,0.11358019709587097,4.211616039276123
800,2,2,1,0.41171327233314514,3.687901258468628,0.24336335062980652,3.8983089923858643,0.1717454493045807,3.9839861392974854,0.12226960808038712,4.167562961578369
801,2,2,1,0.4121193289756775,3.6937761306762695,0.24213269352912903,3.916146993637085,0.17471499741077423,4.014030456542969,0.1223493292927742,4.165010452270508
802,2,2,1,0.4058040678501129,3.693596363067627,0.24003009498119354,3.9107420444488525,0.17504383623600006,4.009848594665527,0.12111368030309677,4.162415504455566
803,2,2,1,0.37857988476753235,3.6916987895965576,0.23600426316261292,3.9142441749572754,0.1895926296710968,4.0050458908081055,0.13325095176696777,4.152258396148682
804,2,2,1,0.4112897515296936,3.6952662467956543,0.24090202152729034,3.925935983657837,0.1688855141401291,4.019471168518066,0.11979831010103226,4.185493469238281
805,2,2,1,0.38955873250961304,3.6944401264190674,0.23205815255641937,3.9290177822113037,0.16638432443141937,4.018086910247803,0.11650988459587097,4.18936014175415
806,2,2,1,0.39728406071662903,3.6966257095336914,0.23560068011283875,3.9329187870025635,0.16333505511283875,4.010066509246826,0.11304208636283875,4.1634345054626465
807,2,2,1,0.40766748785972595,3.687523365020752,0.24087710678577423,3.9079740047454834,0.1726422905921936,4.018008708953857,0.11884167790412903,4.159651279449463
808,2,2,1,0.38593897223472595,3.7024638652801514,0.2370007485151291,3.9464335441589355,0.17664819955825806,4.042533874511719,0.119140625,4.222315311431885
809,2,2,1,0.3856275975704193,3.700220823287964,0.2244100719690323,3.949289560317993,0.1575055718421936,4.042895317077637,0.1086774542927742,4.155327320098877
810,2,2,1,0.4026950001716614,3.695326089859009,0.2356654554605484,3.934776544570923,0.1615612953901291,4.026645183563232,0.11186622828245163,4.200071334838867
811,2,2,1,0.4065539240837097,3.6991922855377197,0.23588965833187103,3.9320926666259766,0.1667829155921936,4.01392126083374,0.11876195669174194,4.168316841125488
812,2,2,1,0.3793421983718872,3.7014665603637695,0.22655750811100006,3.943194627761841,0.16256776452064514,4.0404558181762695,0.11184629797935486,4.184960842132568
813,2,2,1,0.3844168484210968,3.6906447410583496,0.23117126524448395,3.911309003829956,0.18984174728393555,4.005616664886475,0.13131776452064514,4.152223587036133
814,2,2,1,0.4412592649459839,3.66096830368042,0.2598004937171936,3.8320579528808594,0.19975684583187103,3.9024243354797363,0.14532844722270966,4.067882537841797
815,2,2,1,0.3935895562171936,3.699347972869873,0.2287348508834839,3.9564127922058105,0.1561902016401291,4.050848484039307,0.110770083963871,4.18783712387085
816,2,2,1,0.39456114172935486,3.7001705169677734,0.23640285432338715,3.9358651638031006,0.165387824177742,4.0316925048828125,0.10921555757522583,4.207116603851318
817,2,2,1,0.389247328042984,3.705920696258545,0.23076270520687103,3.944035291671753,0.16440130770206451,4.009213447570801,0.1160714253783226,4.136675834655762
818,2,2,1,0.43692949414253235,3.652517080307007,0.25588926672935486,3.807157516479492,0.2071707546710968,3.912986993789673,0.1428571343421936,4.064732074737549
819,2,2,1,0.40963807702064514,3.692286252975464,0.2392578125,3.9174718856811523,0.16690249741077423,4.017135143280029,0.11822384595870972,4.154248237609863
820,2,2,1,0.41758009791374207,3.6910154819488525,0.2463478446006775,3.9012398719787598,0.17956791818141937,3.971809148788452,0.12408322095870972,4.146482467651367
821,2,2,1,0.4094935655593872,3.673743963241577,0.23156987130641937,3.89274263381958,0.16512873768806458,4.024500846862793,0.11888153105974197,4.179379940032959
822,2,2,1,0.4064692258834839,3.6943552494049072,0.23771324753761292,3.926325798034668,0.16705197095870972,3.9912312030792236,0.12061543017625809,4.140284061431885
823,2,2,1,0.390644907951355,3.699326515197754,0.22957190871238708,3.9333927631378174,0.16598573327064514,4.022873401641846,0.1201171875,4.173220634460449
824,2,2,1,0.40458834171295166,3.7024290561676025,0.2387944459915161,3.9301228523254395,0.16480986773967743,4.039603233337402,0.11338089406490326,4.196167945861816
825,2,2,1,0.41629213094711304,3.6874501705169678,0.24111627042293549,3.9120121002197266,0.1686662882566452,4.002776622772217,0.11796475946903229,4.176212310791016
826,2,2,1,0.4179164171218872,3.6758487224578857,0.24111627042293549,3.8824210166931152,0.1676996946334839,3.969398021697998,0.11926019936800003,4.133355617523193
827,2,2,1,0.39471060037612915,3.705932855606079,0.2342703640460968,3.9411089420318604,0.15899035334587097,4.016295909881592,0.11170679330825806,4.226583480834961
828,2,2,1,0.3746860921382904,3.6961874961853027,0.23187878727912903,3.946410655975342,0.1718152016401291,4.040714740753174,0.11694833636283875,4.1833672523498535
829,2,2,1,0.39309877157211304,3.694631576538086,0.23666194081306458,3.927556276321411,0.1765385866165161,4.037480354309082,0.12105388939380646,4.180276393890381
830,2,2,1,0.43908193707466125,3.659576416015625,0.2560337483882904,3.83980393409729,0.19272162020206451,3.96639084815979,0.1326729953289032,4.141505241394043
831,2,2,1,0.37752360105514526,3.696920394897461,0.22395667433738708,3.9307658672332764,0.16076411306858063,4.047418117523193,0.10893654078245163,4.235638618469238
832,2,2,1,0.4133898615837097,3.69278883934021,0.24293984472751617,3.9136569499969482,0.1774653196334839,4.010781288146973,0.12494020909070969,4.1733927726745605
833,2,2,1,0.38891351222991943,3.7005693912506104,0.23081253468990326,3.9507393836975098,0.15984733402729034,4.024125576019287,0.10929527878761292,4.218271255493164
834,2,2,1,0.3817661702632904,3.6997859477996826,0.22874979674816132,3.9425628185272217,0.16249799728393555,4.029557704925537,0.11792489886283875,4.1622443199157715
835,2,2,1,0.37450921535491943,3.691833257675171,0.22555603086948395,3.940932273864746,0.15632972121238708,4.042325496673584,0.10558832436800003,4.207625389099121
836,2,2,1,0.3910709321498871,3.6887035369873047,0.2362583726644516,3.9116158485412598,0.16955317556858063,4.001469135284424,0.11722736060619354,4.146888732910156
837,2,2,1,0.3946956694126129,3.6908934116363525,0.2353266477584839,3.9189727306365967,0.1738380789756775,4.0271711349487305,0.123465396463871,4.1743340492248535
838,2,2,1,0.4110555648803711,3.6924564838409424,0.23743422329425812,3.926931619644165,0.1585618555545807,4.018665313720703,0.11138791590929031,4.184469699859619
839,2,2,1,0.42052972316741943,3.6629464626312256,0.24328362941741943,3.838207483291626,0.19354870915412903,3.9535086154937744,0.13711734116077423,4.102470874786377
840,2,2,1,0.38190069794654846,3.68251371383667,0.2253069132566452,3.9012162685394287,0.17056959867477417,4.031021595001221,0.12340561300516129,4.169734954833984
841,2,2,1,0.3809191584587097,3.693173408508301,0.23045878112316132,3.9338650703430176,0.16473014652729034,4.014639377593994,0.11599170416593552,4.18659782409668
842,2,3,0,0.4020398259162903,3.6877284049987793,0.2522321343421936,3.8745455741882324,0.19482421875,3.9452202320098877,0.1372767835855484,4.092189311981201
843,2,2,1,0.40391820669174194,3.7013988494873047,0.23579001426696777,3.9309864044189453,0.17302095890045166,4.023325443267822,0.12488041818141937,4.1769866943359375
844,2,2,1,0.438075453042984,3.6756556034088135,0.2559640109539032,3.856013774871826,0.2057756632566452,3.9809200763702393,0.14417250454425812,4.148742198944092
845,2,2,1,0.3938087821006775,3.6989524364471436,0.23113639652729034,3.9337141513824463,0.1650390625,4.026566982269287,0.11842314898967743,4.171154499053955
846,2,2,1,0.42391282320022583,3.670279026031494,0.24656708538532257,3.8585689067840576,0.1921735405921936,3.963183879852295,0.13508449494838715,4.10091495513916
847,2,2,1,0.3610142171382904,3.6917965412139893,0.22123126685619354,3.930093288421631,0.17142657935619354,4.061849594116211,0.12392378598451614,4.226600170135498
848,2,3,0,0.40989217162132263,3.698524236679077,0.24625317752361298,3.9248745441436768,0.18082350492477417,3.9893088340759277,0.1241629421710968,4.170465469360352
849,2,2,1,0.39326319098472595,3.6821529865264893,0.23621352016925812,3.9076547622680664,0.17519330978393555,4.013139247894287,0.11650988459587097,4.192268371582031
850,2,2,1,0.39957597851753235,3.694718599319458,0.22784796357154846,3.9235949516296387,0.15797393023967743,4.0276288986206055,0.1157924085855484,4.20172119140625
851,2,2,1,0.3870351314544678,3.6950418949127197,0.2358049601316452,3.926490068435669,0.17385801672935486,4.033243656158447,0.11525430530309677,4.16859769821167
852,2,2,1,0.4151187837123871,3.690263509750366,0.2406877726316452,3.909433364868164,0.1706991344690323,4.011325359344482,0.11790496855974197,4.152975082397461
853,2,2,1,0.39648935198783875,3.6974000930786133,0.2331792116165161,3.9317734241485596,0.16791892051696777,4.042074680328369,0.11736686527729034,4.197147369384766
854,2,2,1,0.39823073148727417,3.688488721847534,0.2324567437171936,3.9115207195281982,0.1669323891401291,4.031876564025879,0.11930005997419357,4.153524875640869
855,2,2,1,0.4099544584751129,3.695878028869629,0.24002012610435486,3.9216573238372803,0.17392776906490326,4.01438045501709,0.12745137512683868,4.202345371246338
856,2,2,1,0.39429956674575806,3.681415319442749,0.24293486773967743,3.9056155681610107,0.1805943101644516,4.0156707763671875,0.12671396136283875,4.155237674713135
857,2,2,1,0.3731091618537903,3.696479320526123,0.2221779227256775,3.9527268409729004,0.14972297847270966,4.0401997566223145,0.1017020046710968,4.213991641998291
858,2,2,1,0.3470483720302582,3.6920061111450195,0.21498823165893555,3.943335771560669,0.17149633169174194,4.0413713455200195,0.1206752210855484,4.186457633972168
859,2,2,1,0.4067108631134033,3.6977157592773438,0.23940229415893555,3.929218053817749,0.17143653333187103,4.023192405700684,0.11672911047935486,4.177565097808838
860,2,2,1,0.4460723102092743,3.6635987758636475,0.26022401452064514,3.8288848400115967,0.20525749027729034,3.927565813064575,0.13966836035251617,4.129137992858887
861,2,2,1,0.41977736353874207,3.689558506011963,0.24167928099632263,3.9032697677612305,0.17342951893806458,4.018846035003662,0.1222098171710968,4.176777362823486
862,2,2,1,0.38722196221351624,3.698096990585327,0.2265276163816452,3.942923069000244,0.16098333895206451,4.039306640625,0.11451689898967743,4.198225021362305
863,2,2,1,0.3895188868045807,3.69689679145813,0.23136559128761292,3.9342105388641357,0.17333984375,4.0541534423828125,0.12119339406490326,4.201611518859863
864,2,2,1,0.4162846803665161,3.694141149520874,0.24347296357154846,3.9094667434692383,0.1755121946334839,4.023164749145508,0.12340561300516129,4.1640825271606445
865,2,2,1,0.39835280179977417,3.7018237113952637,0.23773816227912903,3.928722620010376,0.17130699753761292,4.016462326049805,0.11641023308038712,4.1455230712890625
866,2,2,1,0.382899671792984,3.6991522312164307,0.228271484375,3.934781074523926,0.16797871887683868,4.030195236206055,0.11850287020206451,4.175243854522705
867,2,2,1,0.42874830961227417,3.6769492626190186,0.2503387928009033,3.8640434741973877,0.1925223171710968,3.9615941047668457,0.13352997601032257,4.140447616577148
868,2,2,1,0.4131631553173065,3.671631097793579,0.240583136677742,3.8720333576202393,0.1780034303665161,3.992610454559326,0.12442202866077423,4.204549312591553
869,2,2,1,0.40777960419654846,3.690553903579712,0.23965142667293549,3.9135117530822754,0.16533800959587097,4.01066780090332,0.11639030277729034,4.133732795715332
870,2,2,1,0.3961904048919678,3.694857597351074,0.23646265268325806,3.927579641342163,0.16764986515045166,3.9983952045440674,0.1170479878783226,4.150178909301758
871,2,2,1,0.4402976334095001,3.661710262298584,0.2529894709587097,3.822809934616089,0.1946049928665161,3.9323570728302,0.13799425959587097,4.113373756408691
872,2,2,1,0.4033626616001129,3.704242467880249,0.23391661047935486,3.935396671295166,0.16300621628761292,4.000977993011475,0.11702805757522583,4.159570693969727
873,2,2,1,0.4105822443962097,3.693988800048828,0.24035394191741943,3.9197139739990234,0.16724130511283875,4.005481719970703,0.11086973547935486,4.166996002197266
874,2,2,1,0.4347696006298065,3.6675853729248047,0.25140005350112915,3.8334622383117676,0.19638870656490326,3.936218738555908,0.14289699494838715,4.078800678253174
875,2,2,1,0.3788987696170807,3.692950963973999,0.2363530397415161,3.919935941696167,0.18442083895206451,4.029448509216309,0.12537866830825806,4.181052207946777
876,2,2,1,0.40373384952545166,3.6969616413116455,0.2385951429605484,3.9237163066864014,0.17388790845870972,4.037822246551514,0.11786511540412903,4.212208271026611
877,2,2,1,0.37835070490837097,3.6920979022979736,0.22996053099632263,3.926290273666382,0.16284677386283875,4.014930725097656,0.10768096148967743,4.170275688171387
878,2,2,1,0.3976004421710968,3.692500114440918,0.23925282061100006,3.9229888916015625,0.171247199177742,4.038638114929199,0.11973851919174194,4.228195667266846
879,2,2,1,0.3889683187007904,3.6998751163482666,0.22994060814380646,3.9307258129119873,0.16635443270206451,4.037558555603027,0.1149553582072258,4.193828105926514
880,2,2,1,0.4202731251716614,3.6869490146636963,0.2429298758506775,3.8988451957702637,0.1786511391401291,3.993195056915283,0.12761080265045166,4.127440452575684
881,2,2,1,0.41247060894966125,3.676539659500122,0.2429547905921936,3.89731764793396,0.17289142310619354,4.013833045959473,0.11848293989896774,4.181497097015381
882,2,2,1,0.3742401599884033,3.696298122406006,0.23359274864196777,3.920482873916626,0.17935866117477417,4.019167900085449,0.11993781477212906,4.1819539070129395
883,2,2,1,0.37401098012924194,3.698956251144409,0.21514767408370972,3.9439568519592285,0.15156647562980652,4.064168453216553,0.10807956010103226,4.253365516662598
884,2,2,1,0.3803735673427582,3.6960082054138184,0.2399553507566452,3.923795700073242,0.18423150479793549,4.027639389038086,0.12432238459587097,4.201507091522217
885,2,2,1,0.41745057702064514,3.6907525062561035,0.24815648794174194,3.8994901180267334,0.18949298560619354,4.012200355529785,0.1312779039144516,4.178988933563232
886,2,2,1,0.41292649507522583,3.686411142349243,0.24006496369838715,3.919222831726074,0.16625477373600006,4.020258903503418,0.11850287020206451,4.154389381408691
887,2,2,1,0.4438053071498871,3.6627166271209717,0.2637416124343872,3.825688600540161,0.2181919664144516,3.92130970954895,0.15322065353393555,4.122138500213623
888,2,2,1,0.41343969106674194,3.6963629722595215,0.24109633266925812,3.9176878929138184,0.1724330335855484,3.984858989715576,0.11854273080825806,4.193846702575684
889,2,2,1,0.38107362389564514,3.694664239883423,0.23934748768806458,3.927973747253418,0.18065409362316132,4.023608684539795,0.11874202638864517,4.195535182952881
890,2,2,1,0.4163992702960968,3.6899895668029785,0.24336834251880646,3.9027535915374756,0.17476482689380646,4.000969409942627,0.12155213207006454,4.13936710357666
891,2,2,1,0.37689831852912903,3.693317413330078,0.21505799889564514,3.9540579319000244,0.14563734829425812,4.055490970611572,0.1086774542927742,4.229231834411621
892,2,2,1,0.40778210759162903,3.6903419494628906,0.23561064898967743,3.915411949157715,0.1664341539144516,3.998922348022461,0.12079480290412903,4.131331443786621
893,2,2,1,0.3953084945678711,3.6975486278533936,0.2326411008834839,3.932600975036621,0.16225884854793549,4.013326644897461,0.11573261767625809,4.167212009429932
894,2,2,1,0.43158331513404846,3.6678903102874756,0.2510114312171936,3.8518431186676025,0.18888512253761292,3.943181276321411,0.12922511994838715,4.1216840744018555
895,2,2,1,0.395283579826355,3.697831869125366,0.23746910691261292,3.9326703548431396,0.17128705978393555,4.010180950164795,0.11744658648967743,4.185474395751953
896,2,2,1,0.39890334010124207,3.6995809078216553,0.2357700914144516,3.9363694190979004,0.16770966351032257,4.017350196838379,0.11152742058038712,4.201930046081543
897,2,2,1,0.4111228287220001,3.6982390880584717,0.23648755252361298,3.9318008422851562,0.16591596603393555,4.007327556610107,0.11587212979793549,4.175782680511475
898,2,2,1,0.37871938943862915,3.695502519607544,0.22623364627361298,3.9271903038024902,0.16903498768806458,4.014325141906738,0.12256855517625809,4.210568904876709
899,2,2,1,0.40973523259162903,3.6691818237304688,0.24523675441741943,3.857496976852417,0.19060905277729034,3.934755325317383,0.1312181055545807,4.081865310668945
900,2,2,1,0.4100241959095001,3.6787898540496826,0.2482661008834839,3.8904833793640137,0.18200932443141937,4.000164031982422,0.11756616830825806,4.1591796875
901,2,2,1,0.3828398883342743,3.696723699569702,0.22778818011283875,3.9410736560821533,0.16631457209587097,4.033732891082764,0.1142578125,4.1627421379089355
902,2,2,1,0.4129464328289032,3.6923744678497314,0.24103155732154846,3.9182238578796387,0.168317511677742,4.014682292938232,0.11708784848451614,4.163574695587158
903,2,2,1,0.36845552921295166,3.69608736038208,0.23069794476032257,3.938490867614746,0.1737583726644516,4.043585300445557,0.11533401906490326,4.216519832611084
904,2,2,1,0.43834203481674194,3.6696977615356445,0.2545689046382904,3.8550095558166504,0.19441565871238708,3.9401845932006836,0.1322544664144516,4.0934295654296875
905,2,2,1,0.40691515803337097,3.6976778507232666,0.23721997439861298,3.9229378700256348,0.16505898535251617,4.02173376083374,0.11336096376180649,4.169127941131592
906,2,2,1,0.3889757990837097,3.683504343032837,0.24347296357154846,3.9071338176727295,0.17884047329425812,4.015824317932129,0.11591199040412903,4.179332733154297
907,2,2,1,0.36795976758003235,3.6941747665405273,0.22412109375,3.9320173263549805,0.16515864431858063,4.05104398727417,0.11836335808038712,4.192625045776367
908,2,2,1,0.4034174680709839,3.7017197608947754,0.23762355744838715,3.928184986114502,0.1687260866165161,4.036262512207031,0.11609135568141937,4.170300483703613
909,2,2,1,0.40029096603393555,3.7023088932037354,0.2336674928665161,3.9343254566192627,0.1658063530921936,4.014965057373047,0.11965879797935486,4.148067951202393
910,2,2,1,0.3802041709423065,3.6997385025024414,0.218610480427742,3.9396708011627197,0.15100844204425812,4.023623943328857,0.10524951666593552,4.197121620178223
911,2,2,1,0.4241320490837097,3.667447805404663,0.248883917927742,3.857403039932251,0.19333943724632263,3.977940320968628,0.13482540845870972,4.155062675476074
912,2,2,1,0.3955601155757904,3.697873115539551,0.23116131126880646,3.9462225437164307,0.1630261391401291,4.023961067199707,0.11385921388864517,4.169788360595703
913,2,2,1,0.37082716822624207,3.6908962726593018,0.220947265625,3.937873601913452,0.16143175959587097,4.030432224273682,0.11776546388864517,4.212895393371582
914,2,2,1,0.41984713077545166,3.6833086013793945,0.24300959706306458,3.8898775577545166,0.177106574177742,4.021831035614014,0.12029655277729034,4.162359237670898
915,2,2,1,0.4110281765460968,3.6958117485046387,0.23868981003761292,3.9191958904266357,0.1678989976644516,4.022553443908691,0.1180245503783226,4.180682182312012
916,2,2,1,0.4104726314544678,3.692669153213501,0.23778797686100006,3.914761543273926,0.16696229577064514,4.018263339996338,0.11615114659070969,4.166094779968262
917,2,2,1,0.38607102632522583,3.6950159072875977,0.23536650836467743,3.9334237575531006,0.17217394709587097,4.027318000793457,0.11898118257522583,4.183082103729248
918,2,2,1,0.4100590944290161,3.69701886177063,0.2383161187171936,3.9222679138183594,0.16892537474632263,4.002890586853027,0.12175143510103226,4.161728382110596
919,2,2,1,0.3977399468421936,3.703443765640259,0.23927773535251617,3.935532331466675,0.1696428507566452,3.9965929985046387,0.11350047588348389,4.16119384765625
920,2,2,1,0.40734612941741943,3.6960039138793945,0.24275051057338715,3.9252068996429443,0.17295120656490326,4.016420841217041,0.11762595176696777,4.178752899169922
921,2,2,1,0.3832509517669678,3.7012481689453125,0.22787787020206451,3.9510014057159424,0.1579938530921936,4.022642612457275,0.11186622828245163,4.189916133880615
922,2,2,1,0.4050118625164032,3.694239616394043,0.23780791461467743,3.9218294620513916,0.16745057702064514,4.022375583648682,0.11981824040412903,4.1826348304748535
923,2,2,1,0.3746611773967743,3.6944851875305176,0.23756875097751617,3.927455425262451,0.18542729318141937,4.027353763580322,0.12864716351032257,4.174903392791748
924,2,2,1,0.3856225907802582,3.6990413665771484,0.22819176316261292,3.9428372383117676,0.1654575914144516,4.050289154052734,0.11995774507522583,4.197208881378174
925,2,2,1,0.4000692367553711,3.6997029781341553,0.23519709706306458,3.942230701446533,0.1607840359210968,4.011837482452393,0.11142776906490326,4.181005001068115
926,2,2,1,0.40130987763404846,3.6854658126831055,0.23170439898967743,3.9133408069610596,0.1660853773355484,4.001440048217773,0.11796475946903229,4.147322177886963
927,2,2,1,0.38736647367477417,3.6948652267456055,0.235456183552742,3.928285837173462,0.17033043503761292,4.027672290802002,0.11670918017625809,4.164617538452148
928,2,2,1,0.40529584884643555,3.700465202331543,0.2390834242105484,3.932145357131958,0.16639429330825806,4.030662536621094,0.1192801296710968,4.181453704833984
929,2,2,1,0.4446049928665161,3.6629254817962646,0.2589983344078064,3.8383285999298096,0.20597496628761292,3.9194483757019043,0.14221937954425812,4.100196361541748
930,2,2,1,0.40138959884643555,3.684417247772217,0.23432019352912903,3.9093964099884033,0.1720942258834839,4.0143022537231445,0.11926019936800003,4.174130916595459
931,2,2,1,0.37844786047935486,3.690202236175537,0.23641282320022583,3.9123268127441406,0.19382771849632263,4.015937328338623,0.13327088952064514,4.157768726348877
932,2,2,1,0.39634236693382263,3.6985135078430176,0.23384685814380646,3.921506881713867,0.17157605290412903,4.017307281494141,0.11922033876180649,4.164660453796387
933,2,2,1,0.3890131711959839,3.691161870956421,0.22857043147087097,3.926016330718994,0.16953323781490326,4.029506683349609,0.11892139166593552,4.1927266120910645
934,2,2,1,0.38392359018325806,3.698806047439575,0.23865492641925812,3.9381823539733887,0.17539261281490326,4.037838935852051,0.11720743030309677,4.211528778076172
935,2,2,1,0.43289121985435486,3.661780834197998,0.25439950823783875,3.8252806663513184,0.19808274507522583,3.923030376434326,0.14136239886283875,4.079373836517334
936,2,2,1,0.38468340039253235,3.6952173709869385,0.23403120040893555,3.9267632961273193,0.17412707209587097,4.028842926025391,0.12203045189380646,4.205618381500244
937,2,2,1,0.39226919412612915,3.6991870403289795,0.2355259507894516,3.935817003250122,0.16943359375,4.04052209854126,0.11403857916593552,4.164453029632568
938,2,2,1,0.4400385618209839,3.66619873046875,0.25237661600112915,3.8480446338653564,0.1901506632566452,3.962320566177368,0.1310786008834839,4.143530368804932
939,2,2,1,0.3952113389968872,3.705958843231201,0.23058831691741943,3.9522039890289307,0.15908999741077423,4.022674560546875,0.10997289419174194,4.1872053146362305
940,2,2,1,0.3933528959751129,3.700003147125244,0.2314104288816452,3.9397783279418945,0.15761518478393555,4.013908863067627,0.111746646463871,4.175495147705078
941,2,2,1,0.4163195490837097,3.687704086303711,0.24397620558738708,3.9105725288391113,0.16650390625,3.9882099628448486,0.11110889166593552,4.153542518615723
942,2,2,1,0.42551466822624207,3.6564035415649414,0.25031888484954834,3.829657554626465,0.19318000972270966,3.9341278076171875,0.13723692297935486,4.125472068786621
943,2,2,1,0.38732659816741943,3.691817283630371,0.22542151808738708,3.9383108615875244,0.1545858532190323,4.0248823165893555,0.10596699267625809,4.186195373535156
944,2,2,1,0.4151162803173065,3.689607620239258,0.23964643478393555,3.9071478843688965,0.17618981003761292,4.001244068145752,0.12511958181858063,4.185568809509277
945,2,2,1,0.38711732625961304,3.6942763328552246,0.22737464308738708,3.9321134090423584,0.15697742998600006,4.0391669273376465,0.10955436527729034,4.195561408996582
946,2,2,1,0.4074084162712097,3.6969921588897705,0.24068279564380646,3.9287045001983643,0.16475006937980652,4.034839630126953,0.11419802159070969,4.153752326965332
947,2,2,1,0.38485780358314514,3.694960594177246,0.24788743257522583,3.9081645011901855,0.19432596862316132,4.0047688484191895,0.13073979318141937,4.162195205688477
948,2,3,0,0.42023077607154846,3.6907413005828857,0.24704040586948395,3.9046428203582764,0.17671795189380646,3.9986467361450195,0.11720743030309677,4.1749701499938965
949,2,2,1,0.38821348547935486,3.7007546424865723,0.23450952768325806,3.941976308822632,0.1686662882566452,4.029244899749756,0.11367984116077423,4.2084503173828125
950,2,2,1,0.3895363211631775,3.691333532333374,0.2373046875,3.9331905841827393,0.16934390366077423,4.031599521636963,0.11503507196903229,4.184165000915527
951,2,2,1,0.3666568696498871,3.7023353576660156,0.2184709757566452,3.9587209224700928,0.1554129421710968,4.044562816619873,0.11130819469690323,4.216114521026611
952,2,2,1,0.4384267330169678,3.6604597568511963,0.25537607073783875,3.8310799598693848,0.1938576102256775,3.9063944816589355,0.1400071680545807,4.050961017608643
953,2,2,1,0.39937669038772583,3.700829029083252,0.23627829551696777,3.926257848739624,0.17072902619838715,4.023930549621582,0.11666931957006454,4.170994281768799
954,2,2,1,0.39404046535491943,3.694368839263916,0.23083744943141937,3.9272825717926025,0.1654575914144516,4.024693012237549,0.11730707436800003,4.1658172607421875
955,2,2,1,0.3935023546218872,3.6732993125915527,0.2298060804605484,3.8762872219085693,0.17549225687980652,3.982794761657715,0.12372449040412903,4.144651889801025
956,2,2,1,0.3944166600704193,3.6992900371551514,0.2397560477256775,3.9312968254089355,0.1728515625,4.029113292694092,0.11555325239896774,4.179372310638428
957,2,2,1,0.3969004154205322,3.702402114868164,0.23697583377361298,3.936377763748169,0.16655372083187103,4.039069175720215,0.11423788219690323,4.203768253326416
958,2,2,1,0.41238588094711304,3.695448160171509,0.23687618970870972,3.9158217906951904,0.16737085580825806,4.0158371925354,0.12328603118658066,4.161008834838867
959,2,2,1,0.37042608857154846,3.695148468017578,0.23357780277729034,3.9241466522216797,0.1762794852256775,4.027472972869873,0.12007732689380646,4.210954189300537
960,2,2,1,0.407958984375,3.688723564147949,0.238874152302742,3.9119162559509277,0.17074896395206451,4.011847019195557,0.11694833636283875,4.200408935546875
961,2,2,1,0.40706712007522583,3.6880171298980713,0.2411063015460968,3.9110991954803467,0.1673509180545807,3.9977967739105225,0.11706791818141937,4.1807966232299805
962,2,2,1,0.40154653787612915,3.689826488494873,0.24289001524448395,3.9196085929870605,0.16954320669174194,4.022922515869141,0.11427774280309677,4.196895599365234
963,2,2,1,0.4033975303173065,3.6996734142303467,0.2379324734210968,3.93789005279541,0.1642020046710968,4.005825996398926,0.11417809128761292,4.146622657775879
964,2,2,1,0.3710962235927582,3.690315008163452,0.22179926931858063,3.9286997318267822,0.16583625972270966,4.045607566833496,0.11967872828245163,4.205661773681641
965,2,2,1,0.3956149220466614,3.6996467113494873,0.23880939185619354,3.9342164993286133,0.16707190871238708,4.028271675109863,0.1160714253783226,4.175824165344238
966,2,2,1,0.38341787457466125,3.700845241546631,0.2320730984210968,3.936429262161255,0.16528818011283875,4.016519069671631,0.10907605290412903,4.193130016326904
967,2,2,1,0.4432622194290161,3.657773494720459,0.25941187143325806,3.8198790550231934,0.2049485743045807,3.93042254447937,0.13865193724632263,4.103636741638184
968,2,2,1,0.38256585597991943,3.697417974472046,0.22532185912132263,3.9527673721313477,0.15120774507522583,4.016079902648926,0.10712292790412903,4.1769304275512695
969,2,2,1,0.40551260113716125,3.700342893600464,0.2363380789756775,3.921912670135498,0.17227359116077423,4.014171600341797,0.12201052159070969,4.161711692810059
970,2,2,1,0.37525907158851624,3.6920509338378906,0.22491827607154846,3.94043231010437,0.16402263939380646,4.063426494598389,0.11354033648967743,4.217658519744873
971,2,2,1,0.403828501701355,3.6959776878356934,0.240827277302742,3.9219820499420166,0.17073899507522583,4.00040864944458,0.12001753598451614,4.182829856872559
972,2,2,1,0.413716197013855,3.6766765117645264,0.24105149507522583,3.890429973602295,0.17342951893806458,3.9861526489257812,0.11694833636283875,4.120142936706543
973,2,2,1,0.40409010648727417,3.696575403213501,0.24350287020206451,3.927647829055786,0.1669224351644516,3.997373342514038,0.11228475719690323,4.17181396484375
974,2,2,1,0.40147680044174194,3.699521064758301,0.23303969204425812,3.9327375888824463,0.16340480744838715,4.0176239013671875,0.12051577866077423,4.173474311828613
975,2,2,1,0.42091336846351624,3.67655873298645,0.24153479933738708,3.87845778465271,0.1829759180545807,3.9886722564697266,0.13335059583187103,4.12315034866333
976,2,2,1,0.39011678099632263,3.7027957439422607,0.23013491928577423,3.9447920322418213,0.1679089516401291,4.031097888946533,0.12043606489896774,4.161674499511719
977,2,2,1,0.39262545108795166,3.676586151123047,0.23379702866077423,3.887903928756714,0.1758510023355484,3.9688899517059326,0.12808912992477417,4.133965969085693
978,2,2,1,0.4183349609375,3.6910488605499268,0.24279534816741943,3.9038374423980713,0.1743861585855484,3.992342948913574,0.12015704810619354,4.150605201721191
979,2,2,1,0.4125278890132904,3.698578357696533,0.2386648952960968,3.916912078857422,0.17158600687980652,4.015738487243652,0.12316644936800003,4.172653675079346
980,2,2,1,0.3944863975048065,3.6874265670776367,0.23900867998600006,3.9059412479400635,0.1708984375,4.021924018859863,0.11387914419174194,4.179208755493164
981,2,2,1,0.4123036861419678,3.6932544708251953,0.23955675959587097,3.913144826889038,0.16920439898967743,4.002061367034912,0.1203962042927742,4.1873860359191895
982,2,2,1,0.3855926990509033,3.6969311237335205,0.23576012253761292,3.9490256309509277,0.1678989976644516,4.030031681060791,0.11447703838348389,4.218662738800049
983,2,2,1,0.4168975055217743,3.6893980503082275,0.24262097477912903,3.9019405841827393,0.17793366312980652,4.0150651931762695,0.12798947095870972,4.153690338134766
984,2,2,1,0.4200788140296936,3.6731643676757812,0.24483318626880646,3.8755571842193604,0.18370336294174194,3.9866015911102295,0.1310786008834839,4.1331915855407715
985,2,2,1,0.3941052556037903,3.698540449142456,0.22597955167293549,3.9406681060791016,0.16070431470870972,4.028709411621094,0.11477598547935486,4.159923553466797
986,2,2,1,0.4508654475212097,3.65232253074646,0.26325833797454834,3.7999887466430664,0.21613918244838715,3.887782335281372,0.15076929330825806,4.064243316650391
987,2,2,1,0.3763701617717743,3.6890082359313965,0.23553092777729034,3.9285836219787598,0.1770268678665161,4.0439066886901855,0.11868223547935486,4.205037593841553
988,2,2,1,0.3521728515625,3.6885437965393066,0.2222825586795807,3.9408693313598633,0.16862642765045166,4.053067207336426,0.12129304558038712,4.212619304656982
989,2,2,1,0.3969477415084839,3.6978185176849365,0.23091217875480652,3.920163869857788,0.16660355031490326,4.033135890960693,0.11826370656490326,4.165150165557861
990,2,2,1,0.42820271849632263,3.6619348526000977,0.25146484375,3.848127603530884,0.19543208181858063,3.947634220123291,0.13715720176696777,4.116681098937988
991,2,2,1,0.38273775577545166,3.6995978355407715,0.2284109890460968,3.9355409145355225,0.16829758882522583,4.036769390106201,0.11682876199483871,4.170248985290527
992,2,2,1,0.4091871380805969,3.700921058654785,0.23893892765045166,3.9201560020446777,0.17302095890045166,4.019639492034912,0.11796475946903229,4.150869846343994
993,2,2,1,0.4263592064380646,3.6701083183288574,0.25200793147087097,3.8668816089630127,0.18542729318141937,3.9617369174957275,0.12511958181858063,4.1462249755859375
994,2,2,1,0.3994863033294678,3.6970198154449463,0.23080755770206451,3.933058500289917,0.16334502398967743,4.043801784515381,0.11290258169174194,4.206178188323975
995,2,2,1,0.4068777859210968,3.691851854324341,0.2421875,3.9185523986816406,0.17400749027729034,4.007788181304932,0.11794482916593552,4.140419006347656
996,2,2,1,0.39972546696662903,3.6982481479644775,0.23923787474632263,3.9382288455963135,0.17172552645206451,4.025416374206543,0.11935985088348389,4.163132190704346
997,2,2,1,0.4052584767341614,3.6817991733551025,0.24209283292293549,3.893515110015869,0.17636917531490326,3.998305082321167,0.12264827638864517,4.155183792114258
998,2,2,1,0.37596410512924194,3.6897857189178467,0.22981604933738708,3.9229485988616943,0.17346937954425812,4.014476299285889,0.11513472348451614,4.176562309265137
999,2,2,1,0.36421793699264526,3.69268798828125,0.22423070669174194,3.9441826343536377,0.160505011677742,4.042403697967529,0.11084980517625809,4.244156837463379
1000,2,2,1,0.3953084945678711,3.6924564838409424,0.23499780893325806,3.9257500171661377,0.17268215119838715,4.031450271606445,0.12177136540412903,4.206546783447266
1001,2,2,1,0.4045135974884033,3.691011428833008,0.2297462821006775,3.929105758666992,0.16472017765045166,4.02056884765625,0.11595184355974197,4.17411470413208
1002,2,2,1,0.40492963790893555,3.7001020908355713,0.23671674728393555,3.940096855163574,0.16236846148967743,4.017736434936523,0.1153738796710968,4.184833526611328
1003,2,2,1,0.3947579562664032,3.695870876312256,0.23530173301696777,3.9350569248199463,0.159040167927742,4.041165351867676,0.10632573068141937,4.219119071960449
1004,2,2,1,0.3891676366329193,3.7032358646392822,0.23135562241077423,3.9405176639556885,0.1697026491165161,4.015678405761719,0.11563296616077423,4.189417362213135
1005,2,2,1,0.4109509587287903,3.694305896759033,0.24134047329425812,3.91706919670105,0.17202447354793549,4.009674072265625,0.12215002626180649,4.155163764953613
1006,2,2,1,0.386372447013855,3.6906049251556396,0.22549127042293549,3.926420211791992,0.15986725687980652,4.021130561828613,0.11666931957006454,4.1622819900512695
1007,2,2,1,0.40844476222991943,3.698322057723999,0.24008987843990326,3.9199368953704834,0.17652861773967743,4.027434349060059,0.12860730290412903,4.184565544128418
1008,2,2,1,0.3753761649131775,3.700880765914917,0.23167948424816132,3.9445149898529053,0.16953323781490326,4.039499282836914,0.116629458963871,4.217874050140381
1009,2,2,1,0.39676588773727417,3.6790506839752197,0.22256158292293549,3.905930280685425,0.16081392765045166,3.995600461959839,0.11800462007522583,4.1633172035217285
1010,2,2,1,0.4189477860927582,3.6907694339752197,0.24287506937980652,3.906064033508301,0.1733497977256775,4.001896858215332,0.12256855517625809,4.1484551429748535
1011,2,2,1,0.40011659264564514,3.6917812824249268,0.23600924015045166,3.9247171878814697,0.16089364886283875,4.016908168792725,0.11029177159070969,4.164438247680664
1012,2,2,1,0.45227548480033875,3.646703004837036,0.26416015625,3.809253454208374,0.21077805757522583,3.8932487964630127,0.14253826439380646,4.083193302154541
1013,2,2,1,0.4219273030757904,3.6739585399627686,0.25457388162612915,3.871746301651001,0.19163544476032257,3.9389007091522217,0.13068000972270966,4.136495113372803
1014,2,2,1,0.40728384256362915,3.700654983520508,0.23654235899448395,3.9392943382263184,0.16749043762683868,4.035161972045898,0.11937978118658066,4.177796363830566
1015,2,2,1,0.3941924273967743,3.6850953102111816,0.23502270877361298,3.9072928428649902,0.16946348547935486,4.016523361206055,0.11658960580825806,4.163076877593994
1016,2,2,1,0.38549554347991943,3.6959176063537598,0.22405631840229034,3.9251039028167725,0.16676299273967743,4.03394079208374,0.116629458963871,4.176008224487305
1017,2,2,1,0.39441415667533875,3.689845323562622,0.23383688926696777,3.9284284114837646,0.1687460094690323,4.020432472229004,0.11597177386283875,4.185427188873291
1018,2,2,1,0.3883654475212097,3.6882028579711914,0.23785275220870972,3.906489610671997,0.18267697095870972,4.009164333343506,0.12476083636283875,4.155910491943359
1019,2,2,1,0.3822444975376129,3.6921257972717285,0.23061323165893555,3.9261531829833984,0.1692342907190323,4.030972003936768,0.11836335808038712,4.173261642456055
1020,2,2,1,0.412007212638855,3.6899259090423584,0.2419782280921936,3.90244197845459,0.17741549015045166,3.996967077255249,0.12201052159070969,4.165468692779541
1021,2,2,1,0.3923240005970001,3.6936347484588623,0.23243682086467743,3.934856653213501,0.16419203579425812,4.026764392852783,0.1143973171710968,4.181881427764893
1022,2,2,1,0.389057993888855,3.695807695388794,0.23150509595870972,3.930591344833374,0.16640424728393555,4.042098522186279,0.11395886540412903,4.186778545379639
1023,2,2,1,0.4014170169830322,3.6954421997070312,0.23617865145206451,3.9342222213745117,0.16484972834587097,4.002840995788574,0.11312180757522583,4.169485569000244
1024,2,2,1,0.4090600907802582,3.6930267810821533,0.24496272206306458,3.9134342670440674,0.1778041273355484,3.9957966804504395,0.11700812727212906,4.189746379852295
1025,2,2,1,0.39874640107154846,3.690072536468506,0.24034398794174194,3.904743194580078,0.17588089406490326,4.011898040771484,0.12073501199483871,4.172169208526611
1026,2,2,1,0.4262794852256775,3.6793153285980225,0.25163424015045166,3.864387035369873,0.20522759854793549,3.9517359733581543,0.14367426931858063,4.117630958557129
1027,2,2,1,0.3917061984539032,3.6912436485290527,0.23127590119838715,3.928713083267212,0.1650390625,4.022038459777832,0.11720743030309677,4.189083576202393
1028,2,2,1,0.40011659264564514,3.702409505844116,0.23715521395206451,3.9396822452545166,0.16624481976032257,4.005694389343262,0.11820392310619354,4.167931079864502
1029,2,2,1,0.3939657211303711,3.699268341064453,0.23061822354793549,3.9357688426971436,0.16193000972270966,4.022892475128174,0.11543367058038712,4.191298484802246
1030,2,2,1,0.3754733204841614,3.6889688968658447,0.23188376426696777,3.909475803375244,0.1794881969690323,4.041916370391846,0.12252869457006454,4.217144012451172
1031,2,2,1,0.4095384180545807,3.6658718585968018,0.2461385875940323,3.8418655395507812,0.19565130770206451,3.935927391052246,0.13803412020206451,4.105977535247803
1032,2,2,1,0.4066884517669678,3.694575071334839,0.23795738816261292,3.9288930892944336,0.16388313472270966,4.01471471786499,0.1150948628783226,4.178354740142822
1033,2,2,1,0.3831612765789032,3.6919455528259277,0.22474390268325806,3.92876935005188,0.16213926672935486,4.031343936920166,0.11529415845870972,4.166983604431152
1034,2,2,1,0.40651655197143555,3.6996610164642334,0.23585478961467743,3.93510365486145,0.16297632455825806,4.021338939666748,0.11668924987316132,4.204782009124756
1035,2,2,1,0.40994948148727417,3.6991498470306396,0.23907345533370972,3.919492244720459,0.1663743555545807,4.024017810821533,0.11720743030309677,4.180581569671631
1036,2,2,1,0.39024633169174194,3.6890225410461426,0.22605428099632263,3.916177988052368,0.1630859375,4.0093488693237305,0.11804448068141937,4.13928747177124
1037,2,2,1,0.4014917314052582,3.700394630432129,0.23523198068141937,3.93397855758667,0.16472017765045166,4.010768413543701,0.11971858888864517,4.147161483764648
1038,2,2,1,0.40882593393325806,3.699821949005127,0.24027423560619354,3.9359655380249023,0.16619499027729034,4.027101516723633,0.11234454810619354,4.154160022735596
1039,2,2,1,0.40052762627601624,3.6954689025878906,0.23575513064861298,3.9267494678497314,0.1652582883834839,4.022129535675049,0.10935506969690323,4.190997123718262
1040,2,2,1,0.40986475348472595,3.6939940452575684,0.23900370299816132,3.920010805130005,0.1649095118045807,4.032026290893555,0.11346061527729034,4.191462993621826
1041,2,2,1,0.3908068537712097,3.7001523971557617,0.22834621369838715,3.940061092376709,0.16349449753761292,4.0510149002075195,0.11248405277729034,4.200035572052002
1042,2,2,1,0.3742775321006775,3.6954832077026367,0.22804228961467743,3.928051710128784,0.17098811268806458,4.0269246101379395,0.11521444469690323,4.20342493057251
1043,2,2,1,0.39041075110435486,3.699650287628174,0.23103176057338715,3.9392483234405518,0.15985730290412903,4.038274765014648,0.108816958963871,4.185164928436279
1044,2,2,1,0.4195581376552582,3.6827163696289062,0.24458904564380646,3.895355463027954,0.17859135568141937,4.023211479187012,0.1247209832072258,4.170661449432373
1045,2,2,1,0.42589834332466125,3.680607557296753,0.24486805498600006,3.8824522495269775,0.18153101205825806,3.991546392440796,0.12735171616077423,4.151956081390381
1046,2,1,0,0.37435227632522583,3.6804776191711426,0.23264607787132263,3.8918895721435547,0.20385242998600006,4.013589382171631,0.1471819132566452,4.13202428817749
1047,2,2,1,0.3979516923427582,3.6984994411468506,0.23811183869838715,3.9284160137176514,0.17135682702064514,4.014596462249756,0.118582583963871,4.173781394958496
1048,2,2,1,0.4035818874835968,3.6962735652923584,0.2337571680545807,3.9337966442108154,0.16411231458187103,4.032121181488037,0.11192601919174194,4.17343282699585
1049,2,2,1,0.38281747698783875,3.700655937194824,0.23274074494838715,3.93941593170166,0.17611008882522583,4.028744220733643,0.11959900707006454,4.168805122375488
1050,2,2,1,0.4089106321334839,3.7018826007843018,0.23770825564861298,3.9353790283203125,0.16710180044174194,4.032858371734619,0.11210538446903229,4.169777870178223
1051,2,2,1,0.4212322533130646,3.689619541168213,0.2413952797651291,3.9007411003112793,0.1742466539144516,4.0138397216796875,0.1238839253783226,4.172458171844482
1052,2,2,1,0.40464064478874207,3.6923460960388184,0.23735450208187103,3.921302318572998,0.16821786761283875,4.010129928588867,0.11864237487316132,4.175205707550049
1053,2,2,1,0.4038683772087097,3.7026944160461426,0.23838089406490326,3.9352896213531494,0.16942362487316132,4.01182222366333,0.11832349747419357,4.175172805786133
1054,2,2,1,0.42499151825904846,3.665212869644165,0.2467663735151291,3.828639030456543,0.19773396849632263,3.909187078475952,0.1384526491165161,4.083057403564453
1055,2,2,1,0.4120919406414032,3.6956841945648193,0.24018952250480652,3.917646884918213,0.16410236060619354,4.0061936378479,0.11238440126180649,4.176272392272949
1056,2,2,1,0.40247827768325806,3.6989006996154785,0.23702068626880646,3.9334888458251953,0.1696528196334839,4.035888195037842,0.11758609116077423,4.145762920379639
1057,2,2,1,0.37308672070503235,3.694658041000366,0.23184888064861298,3.9298131465911865,0.1750936657190323,4.027716159820557,0.12547831237316132,4.201715469360352
1058,2,2,1,0.3771524131298065,3.6939666271209717,0.23925282061100006,3.921801805496216,0.18523795902729034,4.032223224639893,0.122488833963871,4.196387767791748
1059,2,2,1,0.3791329562664032,3.6887645721435547,0.22875477373600006,3.9217851161956787,0.16452088952064514,4.049242973327637,0.111746646463871,4.212591171264648
1060,2,2,1,0.39556261897087097,3.694946527481079,0.23818159103393555,3.917245388031006,0.1723732352256775,4.017400741577148,0.11852280050516129,4.1666388511657715
1061,2,2,1,0.3892498314380646,3.6781206130981445,0.222900390625,3.8989651203155518,0.16090361773967743,4.013810634613037,0.12215002626180649,4.155327320098877
1062,2,2,1,0.4332101047039032,3.6664462089538574,0.25660672783851624,3.847656488418579,0.2002650648355484,3.956162691116333,0.13618063926696777,4.119274139404297
1063,2,2,1,0.3812704086303711,3.703022003173828,0.2208177149295807,3.9545340538024902,0.15296156704425812,4.003713130950928,0.10636559128761292,4.144650459289551
1064,2,2,1,0.39489495754241943,3.688872814178467,0.23816664516925812,3.902742624282837,0.18642377853393555,4.021969318389893,0.1283482164144516,4.148292064666748
1065,2,2,1,0.39562737941741943,3.6988754272460938,0.2329450249671936,3.9311916828155518,0.1628866344690323,4.031567573547363,0.11385921388864517,4.195343971252441
1066,2,3,0,0.4021344780921936,3.700885772705078,0.23946209251880646,3.933605194091797,0.17175541818141937,3.989440679550171,0.1241629421710968,4.13820219039917
1067,2,2,1,0.40037816762924194,3.690626382827759,0.235107421875,3.9173076152801514,0.16730110347270966,4.0058369636535645,0.12476083636283875,4.109105587005615
1068,2,2,1,0.41927164793014526,3.689635753631592,0.24158960580825806,3.899707078933716,0.17431640625,3.9960556030273438,0.1251395046710968,4.138556957244873
1069,2,2,1,0.3782809376716614,3.690401315689087,0.2348383665084839,3.9142215251922607,0.1750139445066452,4.026817798614502,0.12085458636283875,4.183377265930176
1070,3,3,1,0.42515096068382263,3.691243886947632,0.2500797212123871,3.885141134262085,0.19833186268806458,3.9838716983795166,0.13855229318141937,4.142117500305176
1071,3,3,1,0.4209233522415161,3.693641185760498,0.24784259498119354,3.8946385383605957,0.1900809109210968,3.9803407192230225,0.1331712305545807,4.1517510414123535
1072,3,3,1,0.38961106538772583,3.693624496459961,0.24726960062980652,3.8942129611968994,0.19177494943141937,3.9734995365142822,0.13139747083187103,4.13484001159668
1073,3,3,1,0.4147849380970001,3.6823744773864746,0.2435925453901291,3.894906997680664,0.16809828579425812,3.9918785095214844,0.11674904078245163,4.139979362487793
1074,3,3,1,0.4314413070678711,3.6793642044067383,0.25284498929977417,3.869351863861084,0.20206871628761292,3.9637045860290527,0.14437180757522583,4.1362504959106445
1075,3,3,1,0.4328289330005646,3.65614914894104,0.26374661922454834,3.8173041343688965,0.21650788187980652,3.913747787475586,0.1477399468421936,4.103466987609863
1076,3,3,1,0.417201429605484,3.6821720600128174,0.2513253390789032,3.8893184661865234,0.19185467064380646,3.974757194519043,0.1291852593421936,4.126812934875488
1077,3,3,1,0.4259307086467743,3.6786842346191406,0.2526406943798065,3.8703901767730713,0.19563136994838715,3.949113607406616,0.13215480744838715,4.111144542694092
1078,3,3,1,0.3988385796546936,3.6964340209960938,0.24493780732154846,3.9178192615509033,0.18133170902729034,3.992196559906006,0.12163185328245163,4.158938407897949
1079,3,3,1,0.45942530035972595,3.6496148109436035,0.26719945669174194,3.7896249294281006,0.22695112228393555,3.897211790084839,0.15981744229793549,4.08317756652832
1080,3,3,1,0.44994866847991943,3.6613810062408447,0.2624063193798065,3.8254470825195312,0.2203543484210968,3.921720266342163,0.15684789419174194,4.08195686340332
1081,3,3,1,0.4230085015296936,3.685563564300537,0.2491978257894516,3.8922722339630127,0.18040497601032257,3.9721055030822754,0.1213727667927742,4.137930870056152
1082,3,3,1,0.4588623046875,3.653918981552124,0.26837530732154846,3.7890799045562744,0.23341836035251617,3.904456853866577,0.16617506742477417,4.071479797363281
1083,3,3,1,0.4075852930545807,3.6985111236572266,0.24392637610435486,3.9112281799316406,0.1859056055545807,3.9722342491149902,0.13153699040412903,4.112878799438477
1084,3,3,1,0.3970324397087097,3.6959502696990967,0.24055324494838715,3.920546770095825,0.1812220960855484,3.9760804176330566,0.12503986060619354,4.1480712890625
1085,3,3,1,0.41911470890045166,3.692420244216919,0.24784259498119354,3.899684429168701,0.18930365145206451,3.9708900451660156,0.13313136994838715,4.123652458190918
1086,3,3,1,0.3988385796546936,3.6964340209960938,0.24493780732154846,3.9178192615509033,0.18133170902729034,3.992196559906006,0.12163185328245163,4.158938407897949
1087,3,3,1,0.43065908551216125,3.672187089920044,0.2545091211795807,3.863706588745117,0.1927415430545807,3.9491779804229736,0.13147719204425812,4.121722221374512
1088,3,3,1,0.3996831178665161,3.6934165954589844,0.24273556470870972,3.9241347312927246,0.1755022257566452,3.9964797496795654,0.12480069696903229,4.16544246673584
1089,3,3,1,0.44878774881362915,3.6451785564422607,0.2657545506954193,3.7808878421783447,0.22226761281490326,3.8431293964385986,0.16228874027729034,3.9804739952087402
1090,3,3,1,0.4521384537220001,3.6630208492279053,0.26300421357154846,3.8085856437683105,0.22603435814380646,3.9187939167022705,0.16007652878761292,4.091135501861572
1091,3,3,1,0.43099039793014526,3.680051803588867,0.25247129797935486,3.8642642498016357,0.19792330265045166,3.946631669998169,0.13382892310619354,4.146537780761719
1092,3,3,1,0.4236462712287903,3.68408465385437,0.2506726384162903,3.8827295303344727,0.19638870656490326,3.9565658569335938,0.14064492285251617,4.1082611083984375
1093,3,3,1,0.41493940353393555,3.693209648132324,0.24611367285251617,3.920175790786743,0.18169043958187103,3.9980804920196533,0.12272799760103226,4.1362457275390625
1094,3,3,1,0.411518931388855,3.683159112930298,0.24609872698783875,3.902334451675415,0.16593590378761292,3.982044219970703,0.1081194207072258,4.162027835845947
1095,3,3,1,0.44601503014564514,3.6622374057769775,0.26377150416374207,3.827427387237549,0.21751435101032257,3.898066759109497,0.15617027878761292,4.066232681274414
1096,3,3,1,0.41497427225112915,3.695690870285034,0.24505241215229034,3.9207043647766113,0.17182517051696777,3.9944324493408203,0.11559311300516129,4.210172176361084
1097,3,3,1,0.43151357769966125,3.680809259414673,0.2528100907802582,3.8587701320648193,0.20408162474632263,3.9498047828674316,0.14403299987316132,4.096028804779053
1098,3,3,1,0.4539794921875,3.6611664295196533,0.2644541263580322,3.815117597579956,0.2278977930545807,3.9129865169525146,0.16105309128761292,4.047642707824707
1099,3,0,0,0.42938604950904846,3.674377202987671,0.25573480129241943,3.859196901321411,0.20272639393806458,3.9496166706085205,0.14241868257522583,4.079905033111572
1100,3,0,0,0.3853784501552582,3.6804466247558594,0.22744439542293549,3.9164276123046875,0.14932437241077423,4.032832622528076,0.09749680757522583,4.179068088531494
1101,3,3,1,0.4129190146923065,3.7007522583007812,0.24472357332706451,3.9173197746276855,0.1826171875,3.9806830883026123,0.1257573366165161,4.1613311767578125
1102,3,3,1,0.41398775577545166,3.686228036880493,0.24819634854793549,3.9006905555725098,0.17934869229793549,3.9545505046844482,0.12129304558038712,4.133585453033447
1103,3,3,1,0.435302734375,3.6788032054901123,0.2534030079841614,3.867260456085205,0.19625917077064514,3.9635441303253174,0.13247369229793549,4.14262056350708
1104,3,3,1,0.43151357769966125,3.680809259414673,0.2528100907802582,3.8587701320648193,0.20408162474632263,3.9498047828674316,0.14403299987316132,4.096028804779053
1105,3,3,1,0.4026850461959839,3.703181743621826,0.23776306211948395,3.9435248374938965,0.17053969204425812,3.9768025875091553,0.11939971148967743,4.142213344573975
1106,3,3,1,0.4295230805873871,3.69203782081604,0.2508868873119354,3.898796558380127,0.19730548560619354,3.9886362552642822,0.1415417641401291,4.155308246612549
1107,3,3,1,0.42010870575904846,3.687040090560913,0.24922272562980652,3.9054577350616455,0.18100287020206451,3.9681787490844727,0.11995774507522583,4.1256022453308105
1108,3,3,1,0.4477439224720001,3.6644539833068848,0.26096639037132263,3.8318917751312256,0.22004543244838715,3.9129607677459717,0.15768495202064514,4.0770978927612305
1109,3,3,1,0.4423852860927582,3.6665334701538086,0.26101621985435486,3.839578628540039,0.2142956703901291,3.9436874389648438,0.15035076439380646,4.116516590118408
1110,3,3,1,0.41991937160491943,3.6556100845336914,0.2547682225704193,3.828310489654541,0.20246730744838715,3.906290054321289,0.14399313926696777,4.060484409332275
1111,3,3,1,0.41107800602912903,3.6991212368011475,0.24375198781490326,3.920710563659668,0.18448062241077423,4.0,0.12934470176696777,4.151926040649414
1112,3,3,1,0.4335239827632904,3.681295156478882,0.251220703125,3.8714821338653564,0.19603992998600006,3.9940526485443115,0.13835299015045166,4.144627094268799
1113,3,3,1,0.44458505511283875,3.6667935848236084,0.2574388086795807,3.8463876247406006,0.2075294852256775,3.953423500061035,0.14532844722270966,4.109846591949463
1114,3,3,1,0.3877301812171936,3.681678056716919,0.24980567395687103,3.885613441467285,0.19236287474632263,3.9418256282806396,0.13159677386283875,4.054066181182861
1115,3,3,1,0.4447121024131775,3.652463912963867,0.26569974422454834,3.800513744354248,0.22967155277729034,3.876605272293091,0.17338965833187103,4.018965721130371
1116,3,3,1,0.4276820421218872,3.6796562671661377,0.2508719265460968,3.866636276245117,0.19669762253761292,3.948730945587158,0.1424386203289032,4.1207499504089355
1117,3,3,1,0.41501912474632263,3.6954896450042725,0.24764329195022583,3.898979902267456,0.19011080265045166,3.9886255264282227,0.13145726919174194,4.107944011688232
1118,3,3,1,0.43139398097991943,3.685023069381714,0.2519032955169678,3.8790102005004883,0.19731543958187103,3.9695470333099365,0.13422751426696777,4.145211696624756
1119,3,3,1,0.45137864351272583,3.666339159011841,0.2619728446006775,3.8279731273651123,0.2214106321334839,3.9213736057281494,0.15997688472270966,4.072629928588867
1120,3,3,1,0.45979151129722595,3.653567314147949,0.2675532102584839,3.7949869632720947,0.23439492285251617,3.8885724544525146,0.1708386391401291,4.044680118560791
1121,3,3,1,0.40022867918014526,3.685823678970337,0.24367226660251617,3.9067394733428955,0.18333466351032257,3.993314504623413,0.1252790093421936,4.169901371002197
1122,3,3,1,0.4281977415084839,3.679919958114624,0.2518036365509033,3.8763701915740967,0.19312021136283875,3.955366373062134,0.13478554785251617,4.133372783660889
1123,3,3,1,0.40212202072143555,3.673177719116211,0.2518734037876129,3.877413272857666,0.19296076893806458,3.950888156890869,0.1332310289144516,4.1262526512146
1124,3,3,1,0.44032254815101624,3.657242774963379,0.26286470890045166,3.8216195106506348,0.21249201893806458,3.8999249935150146,0.14937420189380646,4.0807204246521
1125,3,3,1,0.4411022961139679,3.662925958633423,0.2596360743045807,3.8346383571624756,0.21224290132522583,3.9278838634490967,0.15349967777729034,4.080109119415283
1126,3,3,1,0.4148223102092743,3.6997830867767334,0.24542111158370972,3.917494058609009,0.1810227930545807,3.994109869003296,0.12651465833187103,4.123188495635986
1127,3,3,1,0.4214390218257904,3.6923608779907227,0.24849529564380646,3.8931708335876465,0.1923230141401291,3.960362672805786,0.1349649280309677,4.1249260902404785
1128,3,3,1,0.43801817297935486,3.6588406562805176,0.26303908228874207,3.809065580368042,0.22037427127361298,3.92014479637146,0.15517377853393555,4.0804009437561035
1129,3,3,1,0.4141397178173065,3.693603754043579,0.24709521234035492,3.9039177894592285,0.1849290430545807,3.9651362895965576,0.12635523080825806,4.129337310791016
1130,3,3,1,0.4502899646759033,3.667020797729492,0.2627301812171936,3.8304033279418945,0.2234335094690323,3.935554265975952,0.15913982689380646,4.077144622802734
1131,3,3,1,0.42791372537612915,3.682053804397583,0.25112104415893555,3.870042324066162,0.20079320669174194,3.953796625137329,0.13893096148967743,4.101133346557617
1132,3,3,1,0.45804765820503235,3.639124631881714,0.2694365680217743,3.7681639194488525,0.22898396849632263,3.8466861248016357,0.16709183156490326,3.9964218139648438
1133,3,3,1,0.42366617918014526,3.6888740062713623,0.24983558058738708,3.891151189804077,0.18867585062980652,3.966092824935913,0.13293208181858063,4.107945919036865
1134,3,3,1,0.42489686608314514,3.6863512992858887,0.24904833734035492,3.891547441482544,0.19122688472270966,3.9583637714385986,0.13636000454425812,4.096755504608154
1135,3,3,1,0.42078882455825806,3.6907901763916016,0.24923767149448395,3.8943285942077637,0.19549186527729034,3.979508638381958,0.13189572095870972,4.135388374328613
1136,3,3,1,0.44557157158851624,3.6616663932800293,0.2615991532802582,3.8147568702697754,0.2121332883834839,3.8852405548095703,0.15308114886283875,4.064314365386963
1137,3,3,1,0.3768310546875,3.6944329738616943,0.24472357332706451,3.9111101627349854,0.1849987953901291,3.9483437538146973,0.13711734116077423,4.022819995880127
1138,3,3,1,0.4260527789592743,3.684459686279297,0.2515345811843872,3.8741581439971924,0.19148597121238708,3.956702709197998,0.1330118030309677,4.134552001953125
1139,3,3,1,0.35142797231674194,3.683467388153076,0.24210777878761292,3.886277675628662,0.21692641079425812,3.9185080528259277,0.1600964516401291,3.9885473251342773
1140,3,3,1,0.4517996609210968,3.664069652557373,0.2636120915412903,3.8262267112731934,0.22490832209587097,3.919539213180542,0.16145168244838715,4.064930438995361
1141,3,3,1,0.4248669743537903,3.690920352935791,0.24937719106674194,3.890911340713501,0.19319993257522583,3.9556941986083984,0.1346261203289032,4.108216285705566
1142,3,3,1,0.40274232625961304,3.7045044898986816,0.24180883169174194,3.947065830230713,0.1665736585855484,4.01322078704834,0.11780532449483871,4.164608478546143
1143,3,3,1,0.49169671535491943,3.5795481204986572,0.29116010665893555,3.6185121536254883,0.2808215022087097,3.6568610668182373,0.2041015625,3.7826383113861084
1144,3,3,1,0.3806874752044678,3.69108247756958,0.23756875097751617,3.9317548274993896,0.172712042927742,4.023309707641602,0.11015225946903229,4.198480129241943
1145,3,3,1,0.44319993257522583,3.661710739135742,0.2639757990837097,3.8218040466308594,0.21826171875,3.892115354537964,0.15782445669174194,4.044323921203613
1146,3,3,1,0.4231654405593872,3.6872167587280273,0.24985052645206451,3.8823037147521973,0.1918347328901291,3.964573383331299,0.13189572095870972,4.100332260131836
1147,3,3,1,0.4336560070514679,3.6911582946777344,0.24988539516925812,3.8901760578155518,0.19781368970870972,3.9838294982910156,0.13857221603393555,4.14382266998291
1148,3,3,1,0.4122937321662903,3.685150384902954,0.24985550343990326,3.8897242546081543,0.1903698891401291,3.9637248516082764,0.134765625,4.125702381134033
1149,3,3,1,0.45314741134643555,3.6660802364349365,0.2637615501880646,3.820507049560547,0.22421076893806458,3.919511079788208,0.1563895046710968,4.080540180206299
1150,3,3,1,0.3927948474884033,3.6871650218963623,0.2492326945066452,3.883171319961548,0.19484414160251617,3.9377589225769043,0.1415417641401291,4.033652305603027
1151,3,3,1,0.4327816069126129,3.680886745452881,0.2532635033130646,3.871062994003296,0.19892975687980652,3.9659368991851807,0.13520407676696777,4.126179218292236
1152,3,3,1,0.3829021751880646,3.6789133548736572,0.24665676057338715,3.898515224456787,0.18726083636283875,3.9356110095977783,0.12169164419174194,4.108417987823486
1153,3,3,1,0.4267602860927582,3.6873412132263184,0.24980567395687103,3.895246982574463,0.1903698891401291,3.9830400943756104,0.13171635568141937,4.152670383453369
1154,3,3,1,0.37764567136764526,3.700752019882202,0.23585976660251617,3.9443576335906982,0.1612025648355484,3.9986400604248047,0.10907605290412903,4.186186790466309
1155,3,3,1,0.4291194975376129,3.6826276779174805,0.25148478150367737,3.8715178966522217,0.19597017765045166,3.9373538494110107,0.1364397257566452,4.100788593292236
1156,3,3,1,0.427577406167984,3.6880435943603516,0.25139009952545166,3.899791955947876,0.19179487228393555,3.97064471244812,0.13046076893806458,4.144362926483154
1157,3,3,1,0.4335663318634033,3.683555841445923,0.2523218095302582,3.8824691772460938,0.1984614133834839,3.9994475841522217,0.13566246628761292,4.14382266998291
1158,3,3,1,0.35700833797454834,3.6913387775421143,0.24790237843990326,3.8953471183776855,0.20042450726032257,3.91438364982605,0.14560745656490326,4.013687610626221
1159,3,3,1,0.36871710419654846,3.689985513687134,0.2525310814380646,3.8986268043518066,0.19199417531490326,3.907665967941284,0.13446667790412903,4.047576904296875
1160,3,3,1,0.46457716822624207,3.6378421783447266,0.2738310992717743,3.7501046657562256,0.2469407618045807,3.8093297481536865,0.183454230427742,3.9316675662994385
1161,3,3,1,0.4156219959259033,3.6886966228485107,0.24797213077545166,3.9084370136260986,0.1786511391401291,3.9844934940338135,0.11963886767625809,4.1764116287231445
1162,3,3,1,0.4115886986255646,3.693829298019409,0.24252131581306458,3.9153363704681396,0.17130699753761292,4.012681007385254,0.12438217550516129,4.154942989349365
1163,3,3,1,0.4432373046875,3.6712772846221924,0.2605329155921936,3.845534563064575,0.21224290132522583,3.9392929077148438,0.14793924987316132,4.123265743255615
1164,3,3,1,0.37204787135124207,3.6959617137908936,0.24717992544174194,3.9093730449676514,0.19034996628761292,3.947178363800049,0.1322544664144516,4.086497783660889
1165,3,3,1,0.4295679032802582,3.6842870712280273,0.2514299750328064,3.8709352016448975,0.19890983402729034,3.9493513107299805,0.13468590378761292,4.131399631500244
1166,3,3,1,0.4152682423591614,3.6798527240753174,0.25227200984954834,3.87964129447937,0.19598014652729034,3.9582040309906006,0.13520407676696777,4.146226406097412
1167,3,3,1,0.43657824397087097,3.6760952472686768,0.2552814185619354,3.862811326980591,0.20441046357154846,3.967191457748413,0.14506934583187103,4.133260250091553
1168,3,3,1,0.3705880343914032,3.676889181137085,0.249755859375,3.873720645904541,0.21552136540412903,3.9329111576080322,0.14666374027729034,4.044979095458984
1169,3,3,1,0.3959886133670807,3.691757917404175,0.24006995558738708,3.911005973815918,0.16740074753761292,4.0044050216674805,0.11493542790412903,4.157100677490234
1170,3,3,1,0.42538514733314514,3.6740729808807373,0.25335317850112915,3.86572003364563,0.1992885023355484,3.951347589492798,0.13460618257522583,4.133846759796143
1171,3,3,1,0.4165138602256775,3.6869168281555176,0.25001993775367737,3.8887007236480713,0.19343909621238708,3.9742941856384277,0.13032126426696777,4.135189056396484
1172,3,3,1,0.4374401867389679,3.6766653060913086,0.2554408311843872,3.8479363918304443,0.20767895877361298,3.9335923194885254,0.14576689898967743,4.085179328918457
1173,3,3,1,0.4379633665084839,3.673041343688965,0.25586435198783875,3.8419177532196045,0.20844626426696777,3.911463737487793,0.14779974520206451,4.049757480621338
1174,3,3,1,0.4565529227256775,3.656097173690796,0.26636239886283875,3.798821449279785,0.22599449753761292,3.8853564262390137,0.15593111515045166,4.0907464027404785
1175,3,3,1,0.4407161772251129,3.6640212535858154,0.2573590874671936,3.8315296173095703,0.20163026452064514,3.9126222133636475,0.13859215378761292,4.088726043701172
1176,3,3,1,0.413051038980484,3.6855225563049316,0.24461893737316132,3.8832695484161377,0.18468989431858063,3.955756902694702,0.13641980290412903,4.09788179397583
1177,3,3,1,0.3975107669830322,3.6861448287963867,0.2397809624671936,3.9084882736206055,0.1799665093421936,3.999723196029663,0.12763074040412903,4.1567769050598145
1178,3,3,1,0.4263816177845001,3.6889684200286865,0.24971100687980652,3.887665033340454,0.1936483532190323,3.9719035625457764,0.13514429330825806,4.1473236083984375
1179,3,3,1,0.4305843412876129,3.682706594467163,0.2515246272087097,3.8677151203155518,0.19821229577064514,3.9595797061920166,0.13667888939380646,4.11431884765625
1180,3,3,1,0.4189876616001129,3.691720485687256,0.24740412831306458,3.9008357524871826,0.18448062241077423,3.962890863418579,0.12691326439380646,4.13128137588501
1181,3,3,1,0.4293462038040161,3.675994873046875,0.2525460422039032,3.8680331707000732,0.19033002853393555,3.9401047229766846,0.1357421875,4.090001583099365
1182,3,3,1,0.41775697469711304,3.671186923980713,0.25474828481674194,3.863032817840576,0.19870057702064514,3.934001922607422,0.13612085580825806,4.0830159187316895
1183,3,2,0,0.41488710045814514,3.6942636966705322,0.23837092518806458,3.9224321842193604,0.17150630056858063,4.007030487060547,0.12059549987316132,4.1522064208984375
1184,3,3,1,0.4294682741165161,3.687932252883911,0.2513004243373871,3.8865318298339844,0.1982521414756775,3.9923598766326904,0.13970822095870972,4.169614791870117
1185,3,3,1,0.4336560070514679,3.6911582946777344,0.24988539516925812,3.8901760578155518,0.19781368970870972,3.9838294982910156,0.13857221603393555,4.14382266998291
1186,3,3,1,0.4258858859539032,3.687617778778076,0.2519032955169678,3.879227876663208,0.19958744943141937,3.968196153640747,0.138671875,4.144725322723389
1187,3,3,1,0.41943857073783875,3.7014243602752686,0.24635283648967743,3.911414861679077,0.1934291273355484,4.002318382263184,0.14008688926696777,4.172855377197266
1188,3,3,1,0.40874621272087097,3.6741652488708496,0.2527752220630646,3.873849391937256,0.19952766597270966,3.941317558288574,0.13954877853393555,4.114538669586182
1189,3,3,1,0.4107765555381775,3.6991915702819824,0.2456154227256775,3.91725492477417,0.1829759180545807,4.000054359436035,0.1298230141401291,4.155357837677002
1190,3,3,1,0.42484453320503235,3.6875381469726562,0.25065767765045166,3.882523536682129,0.19783362746238708,3.9666550159454346,0.13926976919174194,4.106039047241211
1191,3,3,1,0.4650629758834839,3.6356921195983887,0.2718580663204193,3.7530012130737305,0.23684629797935486,3.8213984966278076,0.16466039419174194,3.9360928535461426
1192,3,3,1,0.4237583577632904,3.6888301372528076,0.24943697452545166,3.89814829826355,0.18839684128761292,3.9794774055480957,0.1294642835855484,4.169027328491211
1193,3,3,1,0.41763991117477417,3.692002058029175,0.24786251783370972,3.9054415225982666,0.18465003371238708,3.975229263305664,0.1263950914144516,4.133238792419434
1194,3,3,1,0.4222412109375,3.696007490158081,0.24850524961948395,3.897866725921631,0.1946946680545807,3.9830074310302734,0.1393694132566452,4.169312000274658
1195,3,3,1,0.419921875,3.6976802349090576,0.24828104674816132,3.9103970527648926,0.19269172847270966,4.014376640319824,0.13715720176696777,4.177274227142334
1196,3,3,1,0.4314139187335968,3.683455228805542,0.2522321343421936,3.861508369445801,0.20349369943141937,3.9423632621765137,0.14445152878761292,4.118929386138916
1197,3,3,1,0.42023077607154846,3.693160057067871,0.24405093491077423,3.9048221111297607,0.17840202152729034,3.9911746978759766,0.11908083409070969,4.13991641998291
1198,3,3,1,0.4168875515460968,3.6826438903808594,0.24918286502361298,3.8919458389282227,0.18140146136283875,3.968578338623047,0.12498006969690323,4.147185325622559
1199,3,3,1,0.4425048828125,3.675997257232666,0.25878408551216125,3.850266695022583,0.21355827152729034,3.948812484741211,0.1478196680545807,4.135903835296631
1200,3,3,1,0.41358667612075806,3.6875319480895996,0.24756357073783875,3.9089298248291016,0.18606504797935486,3.9542629718780518,0.1266741007566452,4.138137340545654
1201,3,3,1,0.44401705265045166,3.6669957637786865,0.2576829493045807,3.838160753250122,0.20711097121238708,3.916426181793213,0.146484375,4.087347030639648
1202,3,3,1,0.41025587916374207,3.673445463180542,0.2540108859539032,3.87873911857605,0.19241270422935486,3.946242570877075,0.13125796616077423,4.127391338348389
1203,3,3,1,0.39475545287132263,3.693981885910034,0.23993542790412903,3.916023015975952,0.16913464665412903,4.009721279144287,0.11993781477212906,4.139415264129639
1204,3,3,1,0.4601004421710968,3.6356396675109863,0.27083665132522583,3.748850107192993,0.23532165586948395,3.822951555252075,0.171875,3.989680051803589
1205,3,3,1,0.402308851480484,3.6735339164733887,0.24521185457706451,3.882434129714966,0.16959303617477417,3.97226619720459,0.11067043989896774,4.178281784057617
1206,3,3,1,0.44628655910491943,3.6710338592529297,0.2587392330169678,3.8425381183624268,0.21376752853393555,3.9464385509490967,0.14943398535251617,4.093225002288818
1207,3,3,1,0.4141397178173065,3.693603754043579,0.24709521234035492,3.9039177894592285,0.1849290430545807,3.9651362895965576,0.12635523080825806,4.129337310791016
1208,3,3,1,0.430806040763855,3.678394079208374,0.2520228624343872,3.870408535003662,0.19539222121238708,3.936352491378784,0.13572224974632263,4.106020450592041
1209,3,3,1,0.45406419038772583,3.6536800861358643,0.2660435140132904,3.7942728996276855,0.23097695410251617,3.882911205291748,0.16842713952064514,4.051354885101318
1210,3,3,1,0.44649583101272583,3.6639456748962402,0.26095643639564514,3.82776141166687,0.2155512571334839,3.9224724769592285,0.15148676931858063,4.092224597930908
1211,3,0,0,0.42953553795814514,3.6708600521087646,0.2572195827960968,3.845036268234253,0.20436064898967743,3.9369027614593506,0.1396484375,4.103610515594482
1212,3,3,1,0.4319021999835968,3.684678316116333,0.2527901828289032,3.8726742267608643,0.1999860405921936,3.973092794418335,0.13647958636283875,4.158440589904785
1213,3,3,1,0.4518594443798065,3.6626365184783936,0.2646932601928711,3.8194634914398193,0.22539660334587097,3.9201114177703857,0.15941883623600006,4.085010528564453
1214,3,3,1,0.38688814640045166,3.6967289447784424,0.23536650836467743,3.9404728412628174,0.16031569242477417,3.984771251678467,0.10497049987316132,4.189861297607422
1215,3,3,1,0.4109933078289032,3.6997077465057373,0.24506735801696777,3.925995111465454,0.18110251426696777,3.9960381984710693,0.12826849520206451,4.147140979766846
1216,3,3,1,0.4257189631462097,3.683907985687256,0.2504782974720001,3.8831756114959717,0.1994878053665161,3.9804186820983887,0.14331552386283875,4.139480113983154
1217,3,3,1,0.423481822013855,3.687962055206299,0.24946188926696777,3.889390468597412,0.1872807741165161,3.9528040885925293,0.13171635568141937,4.1434407234191895
1218,3,3,1,0.4209507405757904,3.698141098022461,0.24911311268806458,3.9112164974212646,0.19075852632522583,3.9833881855010986,0.13293208181858063,4.158920764923096
1219,3,3,1,0.4125029742717743,3.703439950942993,0.24534139037132263,3.921569347381592,0.18751992285251617,3.994313955307007,0.13354989886283875,4.174004077911377
1220,3,3,1,0.4281454086303711,3.684692859649658,0.25089186429977417,3.875424385070801,0.19345901906490326,3.9099104404449463,0.13582190871238708,4.0902419090271
1221,3,3,1,0.3964594602584839,3.6920361518859863,0.24245156347751617,3.909722328186035,0.17687739431858063,4.000450611114502,0.12268813699483871,4.128817558288574
1222,3,3,1,0.429097056388855,3.692811965942383,0.25052812695503235,3.882801055908203,0.19557158648967743,3.9615814685821533,0.1359414905309677,4.117431640625
1223,3,3,1,0.4276222586631775,3.6865732669830322,0.2509516477584839,3.889272689819336,0.1975546032190323,3.992332935333252,0.13488520681858063,4.163415908813477
1224,3,3,1,0.4494977593421936,3.641249895095825,0.2642897069454193,3.775846481323242,0.21674704551696777,3.857247829437256,0.14931440353393555,4.044580936431885
1225,3,3,1,0.3970324397087097,3.6959502696990967,0.24055324494838715,3.920546770095825,0.1812220960855484,3.9760804176330566,0.12503986060619354,4.1480712890625
1226,3,3,1,0.39823073148727417,3.686718463897705,0.23990552127361298,3.9119625091552734,0.17394770681858063,3.9905476570129395,0.11583226919174194,4.160702228546143
1227,3,3,1,0.424458384513855,3.6818952560424805,0.2502092719078064,3.881436824798584,0.18983179330825806,3.9666666984558105,0.13056042790412903,4.150969505310059
1228,3,3,1,0.4170420169830322,3.670921802520752,0.24919283390045166,3.8641979694366455,0.1856166273355484,3.9580178260803223,0.1223493292927742,4.140413761138916
1229,3,0,0,0.4170171022415161,3.6917691230773926,0.2497907280921936,3.8933658599853516,0.18741030991077423,3.9817090034484863,0.13331075012683868,4.113769054412842
1230,3,3,1,0.41045767068862915,3.685514211654663,0.2443249672651291,3.8986682891845703,0.17837212979793549,3.9661452770233154,0.13255341351032257,4.096827507019043
1231,3,3,1,0.4271514117717743,3.691692590713501,0.2487543821334839,3.886091470718384,0.19579081237316132,3.970327854156494,0.13703761994838715,4.136852741241455
1232,3,3,1,0.45104482769966125,3.6647722721099854,0.2615692615509033,3.8347747325897217,0.22002550959587097,3.9470107555389404,0.15118782222270966,4.098734378814697
1233,3,3,1,0.4237484037876129,3.6894989013671875,0.24793726205825806,3.898516893386841,0.18574616312980652,3.981759548187256,0.13145726919174194,4.151758670806885
1234,3,3,1,0.4275674521923065,3.684260845184326,0.25237661600112915,3.881645679473877,0.19693677127361298,3.960937023162842,0.13584183156490326,4.100645542144775
1235,3,3,1,0.3988385796546936,3.6964340209960938,0.24493780732154846,3.9178192615509033,0.18133170902729034,3.992196559906006,0.12163185328245163,4.158938407897949
1236,3,3,1,0.41847196221351624,3.6883044242858887,0.24828104674816132,3.891132116317749,0.18591557443141937,3.9703595638275146,0.12822863459587097,4.133975982666016
1237,3,3,1,0.4228241443634033,3.6825807094573975,0.2518484890460968,3.878054141998291,0.19692681729793549,3.9523327350616455,0.13321109116077423,4.129563331604004
1238,3,3,1,0.369282603263855,3.6976583003997803,0.24274054169654846,3.922145366668701,0.18127192556858063,3.9875214099884033,0.1271723508834839,4.1305437088012695
1239,3,3,1,0.4266108274459839,3.692253828048706,0.25031888484954834,3.892535924911499,0.20265664160251617,3.9885430335998535,0.14570710062980652,4.135412216186523
1240,3,3,1,0.41465041041374207,3.697970390319824,0.24628308415412903,3.9212825298309326,0.17895008623600006,3.992037057876587,0.12452168017625809,4.164532661437988
1241,3,3,1,0.4195556640625,3.6941745281219482,0.24875935912132263,3.8934245109558105,0.19298070669174194,3.9791903495788574,0.13227438926696777,4.17402458190918
1242,3,3,1,0.42584851384162903,3.6917731761932373,0.2503238618373871,3.896240234375,0.1938576102256775,3.9927520751953125,0.13608099520206451,4.167984962463379
1243,3,3,1,0.39321088790893555,3.7033793926239014,0.23517218232154846,3.9395551681518555,0.16265743970870972,4.015438556671143,0.11238440126180649,4.180351257324219
1244,3,3,1,0.41875845193862915,3.6994996070861816,0.24604889750480652,3.9118523597717285,0.18810786306858063,4.005509376525879,0.13339045643806458,4.1860151290893555
1245,3,3,1,0.4295230805873871,3.69203782081604,0.2508868873119354,3.898796558380127,0.19730548560619354,3.9886362552642822,0.1415417641401291,4.155308246612549
1246,3,3,1,0.4596993625164032,3.6549556255340576,0.26653677225112915,3.8024487495422363,0.2317342907190323,3.9201033115386963,0.1618303507566452,4.093103408813477
1247,3,3,1,0.4230807423591614,3.6638717651367188,0.25838547945022583,3.8362674713134766,0.21062858402729034,3.9191465377807617,0.1448102593421936,4.094963073730469
1248,3,3,1,0.4112723171710968,3.69948148727417,0.24462890625,3.9240498542785645,0.1771165430545807,3.985034227371216,0.11882174760103226,4.157833099365234
1249,3,3,1,0.42730337381362915,3.668429374694824,0.25695550441741943,3.8419878482818604,0.20395208895206451,3.9156692028045654,0.14028619229793549,4.110811233520508
1250,3,3,1,0.4227817952632904,3.6829612255096436,0.2515246272087097,3.881819248199463,0.19307038187980652,3.9538064002990723,0.13624043762683868,4.125219345092773
1251,3,3,1,0.4174555540084839,3.689544677734375,0.24856005609035492,3.8885080814361572,0.18930365145206451,3.9596779346466064,0.12992267310619354,4.120570659637451
1252,3,3,1,0.41759756207466125,3.6915533542633057,0.24852021038532257,3.8918983936309814,0.19318996369838715,3.9647185802459717,0.13767537474632263,4.112043857574463
1253,3,3,1,0.46114426851272583,3.6536219120025635,0.2685198187828064,3.7919394969940186,0.23399633169174194,3.890852451324463,0.16757014393806458,4.065413951873779
1254,3,3,1,0.38688814640045166,3.6967289447784424,0.23536650836467743,3.9404728412628174,0.16031569242477417,3.984771251678467,0.10497049987316132,4.189861297607422
1255,3,3,1,0.4302206039428711,3.6765146255493164,0.2551020383834839,3.8476171493530273,0.20930324494838715,3.9404399394989014,0.14379383623600006,4.107969284057617
1256,3,3,1,0.4155099093914032,3.6740012168884277,0.25249621272087097,3.8669612407684326,0.19898955523967743,3.948470115661621,0.13562260568141937,4.131814956665039
1257,3,3,1,0.4464385211467743,3.673210382461548,0.25928232073783875,3.8440401554107666,0.21863041818141937,3.9275295734405518,0.15921954810619354,4.092001438140869
1258,3,3,1,0.41899263858795166,3.6920511722564697,0.24859991669654846,3.9019341468811035,0.18725086748600006,3.976478099822998,0.12509964406490326,4.153257846832275
1259,3,3,1,0.43380799889564514,3.6819002628326416,0.2521025836467743,3.875093936920166,0.19562141597270966,3.977484703063965,0.1330915093421936,4.1587300300598145
1260,3,1,0,0.36660951375961304,3.6935579776763916,0.24210278689861298,3.909592390060425,0.19539222121238708,3.9228885173797607,0.14184071123600006,4.008992671966553
1261,3,3,1,0.46916353702545166,3.628436803817749,0.27467814087867737,3.7346768379211426,0.24613361060619354,3.810161828994751,0.17542250454425812,3.9700067043304443
1262,3,3,1,0.4249616265296936,3.689851760864258,0.24960139393806458,3.9005508422851562,0.1917649805545807,3.9952192306518555,0.13422751426696777,4.1492204666137695
1263,3,3,1,0.41344717144966125,3.7060513496398926,0.24448440968990326,3.930608034133911,0.1863938868045807,3.9977011680603027,0.13133768737316132,4.162215709686279
1264,3,3,1,0.4243861436843872,3.692436933517456,0.24874939024448395,3.9058187007904053,0.19013074040412903,3.9976940155029297,0.13566246628761292,4.173791885375977
1265,3,3,1,0.4548588991165161,3.656158208847046,0.26513671875,3.804976224899292,0.22819674015045166,3.890523910522461,0.1638631969690323,4.042568683624268
1266,3,3,1,0.409510999917984,3.710313320159912,0.24443458020687103,3.9370758533477783,0.18223851919174194,3.996664524078369,0.1256975382566452,4.138258934020996
1267,3,3,1,0.43741777539253235,3.669489622116089,0.25451409816741943,3.8567988872528076,0.20087292790412903,3.933673858642578,0.14184071123600006,4.106926918029785
1268,3,3,1,0.3886818289756775,3.6856236457824707,0.24183374643325806,3.900158643722534,0.1725825071334839,3.981003522872925,0.12852758169174194,4.1045122146606445
1269,3,3,1,0.41188764572143555,3.6672513484954834,0.24736426770687103,3.8671822547912598,0.1743263602256775,3.9471819400787354,0.11232461780309677,4.105926036834717
1270,3,3,1,0.43120715022087097,3.6859726905822754,0.2512555718421936,3.8839731216430664,0.20021523535251617,3.987656831741333,0.1381138414144516,4.18340539932251
1271,3,3,1,0.4199990928173065,3.6867330074310303,0.2504284977912903,3.8861565589904785,0.19983656704425812,3.96494460105896,0.14277741312980652,4.129955291748047
1272,3,3,1,0.4244110584259033,3.690018892288208,0.2489636391401291,3.8838255405426025,0.1931501030921936,3.9654853343963623,0.1336495578289032,4.1436028480529785
1273,3,3,1,0.42058703303337097,3.692472219467163,0.2477429360151291,3.8953402042388916,0.19108736515045166,3.961097240447998,0.13329081237316132,4.115879058837891
1274,3,3,1,0.45994848012924194,3.6291117668151855,0.2718331515789032,3.7382419109344482,0.2340262234210968,3.8061740398406982,0.1716756969690323,3.967378616333008
1275,3,3,1,0.4338877201080322,3.6791279315948486,0.2550571858882904,3.8559513092041016,0.20308513939380646,3.930323839187622,0.1402064710855484,4.089694499969482
1276,3,3,1,0.417689710855484,3.688931465148926,0.2500797212123871,3.8886475563049316,0.18941326439380646,3.955965995788574,0.1287667453289032,4.130475044250488
1277,3,3,1,0.4121716618537903,3.6989586353302,0.24597416818141937,3.917659282684326,0.18975207209587097,4.007667064666748,0.13404814898967743,4.164882659912109
1278,3,3,1,0.42263731360435486,3.6915531158447266,0.24830596148967743,3.9066338539123535,0.1794084757566452,4.015774250030518,0.1190011128783226,4.212192058563232
1279,3,3,1,0.4719312787055969,3.631861686706543,0.27685049176216125,3.733915328979492,0.25414541363716125,3.810382604598999,0.18351402878761292,3.963618516921997
1280,3,3,1,0.4150465130805969,3.694465398788452,0.247174933552742,3.913261651992798,0.18419164419174194,3.985933780670166,0.1342075914144516,4.149985313415527
1281,3,3,1,0.42675283551216125,3.6765244007110596,0.2538265287876129,3.871584415435791,0.18835698068141937,3.9557719230651855,0.12410315126180649,4.113056182861328
1282,3,3,1,0.43299585580825806,3.6850662231445312,0.25198301672935486,3.8727409839630127,0.19490393996238708,3.9634950160980225,0.13291214406490326,4.131504058837891
1283,3,3,1,0.426478773355484,3.6856162548065186,0.25086694955825806,3.895352602005005,0.19313018023967743,3.9936020374298096,0.13538344204425812,4.171058654785156
1284,3,3,1,0.42514100670814514,3.685072183609009,0.24946686625480652,3.8938863277435303,0.18640385568141937,3.9619908332824707,0.12753108143806458,4.1275200843811035
1285,3,3,1,0.43045729398727417,3.679950714111328,0.25277024507522583,3.862985849380493,0.19746491312980652,3.9167845249176025,0.13530372083187103,4.059066295623779
1286,3,3,1,0.38961106538772583,3.693624496459961,0.24726960062980652,3.8942129611968994,0.19177494943141937,3.9734995365142822,0.13139747083187103,4.13484001159668
1287,3,3,1,0.4517722427845001,3.66433048248291,0.2624362111091614,3.8215560913085938,0.22247686982154846,3.95202898979187,0.15864157676696777,4.127763748168945
1288,3,3,1,0.41741567850112915,3.6875336170196533,0.24802693724632263,3.8996987342834473,0.18839684128761292,3.994922161102295,0.13101881742477417,4.153635501861572
1289,3,3,1,0.41507643461227417,3.6755993366241455,0.2534030079841614,3.8730216026306152,0.19403699040412903,3.9438681602478027,0.13089923560619354,4.096833229064941
1290,3,3,1,0.4439771771430969,3.6711742877960205,0.2601492702960968,3.8520100116729736,0.21689651906490326,3.9483139514923096,0.15517377853393555,4.0798869132995605
1291,3,3,1,0.41361406445503235,3.683107614517212,0.24941205978393555,3.8992369174957275,0.17856146395206451,3.9672415256500244,0.12396364659070969,4.141479015350342
1292,3,3,1,0.40882593393325806,3.6920952796936035,0.243268683552742,3.913630247116089,0.17690728604793549,3.9703712463378906,0.12784996628761292,4.130943298339844
1293,3,3,1,0.4131482243537903,3.6870977878570557,0.24534638226032257,3.9003899097442627,0.18569634854793549,4.0005364418029785,0.1298828125,4.169710159301758
1294,3,3,1,0.44941553473472595,3.6689393520355225,0.26181837916374207,3.8233044147491455,0.2251076102256775,3.9352810382843018,0.1599569469690323,4.111886501312256
1295,3,3,1,0.4184644818305969,3.683941125869751,0.24976083636283875,3.888984203338623,0.186872199177742,3.957606792449951,0.1296037882566452,4.123173713684082
1296,3,3,1,0.4040701687335968,3.6766278743743896,0.2439662367105484,3.8900234699249268,0.1657963991165161,3.9842529296875,0.10447225719690323,4.189622402191162
1297,3,3,1,0.41861647367477417,3.672201156616211,0.25235670804977417,3.8633339405059814,0.1898816078901291,3.954814910888672,0.1304408460855484,4.1298699378967285
1298,3,3,1,0.4324328303337097,3.6758246421813965,0.25492265820503235,3.866605520248413,0.19892975687980652,3.955016851425171,0.13837292790412903,4.11781644821167
1299,3,3,1,0.43092313408851624,3.6818981170654297,0.25295957922935486,3.8668506145477295,0.201171875,3.940558671951294,0.14514906704425812,4.098585605621338
1300,3,3,1,0.40343740582466125,3.703401803970337,0.24349290132522583,3.9337425231933594,0.182477667927742,3.99858021736145,0.13293208181858063,4.130584716796875
1301,3,3,1,0.42175790667533875,3.689646005630493,0.24896863102912903,3.897796630859375,0.19081830978393555,3.9610424041748047,0.13271284103393555,4.113380432128906
1302,3,3,1,0.4273058772087097,3.6871516704559326,0.25111109018325806,3.8784499168395996,0.19889986515045166,3.965881824493408,0.14010682702064514,4.13954496383667
1303,3,3,1,0.41610032320022583,3.7005555629730225,0.24776287376880646,3.9199025630950928,0.1891840696334839,3.999789237976074,0.1347058266401291,4.153573036193848
1304,3,3,1,0.4531523883342743,3.6480629444122314,0.26630261540412903,3.7901699542999268,0.22716039419174194,3.8809001445770264,0.166015625,4.015486240386963
1305,3,3,1,0.45508310198783875,3.663679599761963,0.2636569142341614,3.82020902633667,0.22869499027729034,3.929063081741333,0.16167090833187103,4.11304235458374
1306,3,3,1,0.4233149290084839,3.69203519821167,0.24981564283370972,3.8969266414642334,0.19289101660251617,3.96905517578125,0.1374760866165161,4.130617618560791
1307,3,3,1,0.41181042790412903,3.666856288909912,0.25960618257522583,3.8393404483795166,0.21410633623600006,3.9087777137756348,0.15029096603393555,4.0486674308776855
1308,3,3,1,0.45761170983314514,3.6568384170532227,0.26587411761283875,3.8044114112854004,0.23146523535251617,3.910668134689331,0.16033561527729034,4.070602893829346
1309,3,3,1,0.4271588921546936,3.6855275630950928,0.25056302547454834,3.882439613342285,0.19864077866077423,3.9747166633605957,0.13855229318141937,4.117663860321045
1310,3,3,1,0.42441853880882263,3.6883397102355957,0.24946188926696777,3.8823399543762207,0.1970463991165161,3.9737534523010254,0.1383928507566452,4.154521942138672
1311,3,3,1,0.3705456852912903,3.689915180206299,0.23795738816261292,3.9003329277038574,0.20586535334587097,3.985333204269409,0.14453125,4.126309871673584
1312,3,3,1,0.43212640285491943,3.6929879188537598,0.2500448226928711,3.901324987411499,0.19886000454425812,3.9937362670898438,0.1375558078289032,4.123587131500244
1313,3,3,1,0.38688814640045166,3.6967289447784424,0.23536650836467743,3.9404728412628174,0.16031569242477417,3.984771251678467,0.10497049987316132,4.189861297607422
1314,3,3,1,0.4511643946170807,3.662022829055786,0.2637166976928711,3.8137693405151367,0.22362284362316132,3.9224634170532227,0.15656886994838715,4.1014509201049805
1315,3,3,1,0.40976759791374207,3.688267469406128,0.24567022919654846,3.9061999320983887,0.17289142310619354,3.988933801651001,0.12380420416593552,4.165163993835449
1316,3,3,1,0.43158581852912903,3.6624491214752197,0.25699537992477417,3.8400349617004395,0.2049485743045807,3.9223999977111816,0.14207987487316132,4.074624538421631
1317,3,3,1,0.42904725670814514,3.689507246017456,0.2502291798591614,3.888674259185791,0.19856105744838715,3.971845865249634,0.1393694132566452,4.142714023590088
1318,3,3,1,0.46699365973472595,3.646491050720215,0.27303391695022583,3.7656710147857666,0.2439313530921936,3.849912166595459,0.17468510568141937,3.9877922534942627
1319,3,3,1,0.43212640285491943,3.6929879188537598,0.2500448226928711,3.901324987411499,0.19886000454425812,3.9937362670898438,0.1375558078289032,4.123587131500244
1320,3,3,1,0.4300786256790161,3.677699565887451,0.2531389594078064,3.8519859313964844,0.20169004797935486,3.922727346420288,0.14096380770206451,4.074791431427002
1321,3,3,1,0.4483542740345001,3.667266845703125,0.2621123492717743,3.832892894744873,0.2196667641401291,3.9368536472320557,0.15511399507522583,4.096749305725098
1322,3,3,1,0.4568568468093872,3.658430814743042,0.26487264037132263,3.8122119903564453,0.228376105427742,3.928222417831421,0.1595982164144516,4.080044746398926
1323,3,3,1,0.4495351314544678,3.650407075881958,0.2649374008178711,3.792285680770874,0.2219586968421936,3.894944667816162,0.15501435101032257,4.05219841003418
1324,3,3,1,0.3995211720466614,3.6778969764709473,0.2483358532190323,3.8952488899230957,0.18001633882522583,3.9564905166625977,0.12189093977212906,4.15336799621582
1325,3,3,1,0.4170893430709839,3.6751701831817627,0.2531140446662903,3.869215250015259,0.19832190871238708,3.9468395709991455,0.13478554785251617,4.114889621734619
1326,3,3,1,0.45366808772087097,3.662548303604126,0.26616808772087097,3.8087644577026367,0.22870495915412903,3.909764289855957,0.16045519709587097,4.091541290283203
1327,3,3,1,0.38763800263404846,3.6947383880615234,0.24413065612316132,3.9097719192504883,0.1951032280921936,3.9809999465942383,0.14044563472270966,4.135376930236816
1328,3,3,1,0.4536381959915161,3.6620371341705322,0.2644142508506775,3.8178787231445312,0.22725006937980652,3.922736167907715,0.160016730427742,4.086187362670898
1329,3,3,1,0.4121517241001129,3.689520835876465,0.2457200586795807,3.906036376953125,0.17846180498600006,3.986654758453369,0.12187100946903229,4.155355453491211
1330,3,3,1,0.35142797231674194,3.683467388153076,0.24210777878761292,3.886277675628662,0.21692641079425812,3.9185080528259277,0.1600964516401291,3.9885473251342773
1331,3,3,1,0.45100244879722595,3.662034034729004,0.2621273100376129,3.8279035091400146,0.21592992544174194,3.9257004261016846,0.15062977373600006,4.115242004394531
1332,3,3,1,0.43735548853874207,3.6683146953582764,0.25661173462867737,3.8378541469573975,0.20616430044174194,3.9208273887634277,0.1507493555545807,4.090560436248779
1333,3,3,1,0.4228963851928711,3.6807615756988525,0.2501395046710968,3.8723011016845703,0.1920340359210968,3.9483680725097656,0.13620057702064514,4.103599548339844
1334,3,3,1,0.41973501443862915,3.6923701763153076,0.24775788187980652,3.8899166584014893,0.1913464516401291,3.9716696739196777,0.13291214406490326,4.112010955810547
1335,3,3,1,0.41914957761764526,3.6679821014404297,0.2550223171710968,3.838308811187744,0.19833186268806458,3.9429733753204346,0.13729670643806458,4.105094909667969
1336,3,3,1,0.4126499593257904,3.6665198802948,0.25651705265045166,3.8468844890594482,0.20671236515045166,3.906237840652466,0.14086414873600006,4.058149337768555
1337,3,3,1,0.43369588255882263,3.681375503540039,0.25414541363716125,3.860218048095703,0.20518773794174194,3.944587469100952,0.14277741312980652,4.0968732833862305
1338,3,3,1,0.4677211046218872,3.6378583908081055,0.2728445827960968,3.7484889030456543,0.2424565553665161,3.8318605422973633,0.17121730744838715,4.005820274353027
1339,3,3,1,0.4357810318470001,3.673433303833008,0.2574786841869354,3.8534939289093018,0.213239386677742,3.9457919597625732,0.1485770046710968,4.0815558433532715
1340,3,3,1,0.4020273685455322,3.7029130458831787,0.2431391477584839,3.9280927181243896,0.18873564898967743,4.00813102722168,0.1305803507566452,4.144993782043457
1341,3,3,1,0.4469965696334839,3.6687583923339844,0.2593271732330322,3.8371503353118896,0.21585020422935486,3.9488019943237305,0.14949378371238708,4.095587253570557
1342,3,3,1,0.45346131920814514,3.659191370010376,0.26384127140045166,3.8191070556640625,0.22374242544174194,3.914577007293701,0.15872129797935486,4.091662406921387
1343,3,3,1,0.4184819459915161,3.6709229946136475,0.25611844658851624,3.8602638244628906,0.20674225687980652,3.931459903717041,0.14632493257522583,4.0780439376831055
1344,3,3,1,0.4280681908130646,3.681185007095337,0.2536870241165161,3.8682339191436768,0.19478435814380646,3.9391722679138184,0.13598133623600006,4.1147589683532715
1345,3,3,1,0.3955327272415161,3.6969010829925537,0.24220742285251617,3.920328378677368,0.18705157935619354,4.003729343414307,0.12767060101032257,4.159225940704346
1346,3,3,1,0.42074647545814514,3.6988234519958496,0.24796216189861298,3.9173147678375244,0.18996132910251617,3.9898757934570312,0.12898597121238708,4.163319110870361
1347,3,1,0,0.4131357669830322,3.702073097229004,0.244140625,3.9223265647888184,0.18755978345870972,3.990171194076538,0.13639986515045166,4.1506428718566895
1348,3,3,1,0.3852812945842743,3.6887459754943848,0.23574018478393555,3.917466402053833,0.18365353345870972,4.006890773773193,0.12077487260103226,4.159901142120361
1349,3,3,1,0.4477090537548065,3.67024827003479,0.25894850492477417,3.8474371433258057,0.21596978604793549,3.955059289932251,0.15188536047935486,4.122949600219727
1350,3,3,1,0.44937071204185486,3.6656742095947266,0.26125040650367737,3.8227295875549316,0.22068318724632263,3.9398086071014404,0.1576450914144516,4.125157833099365
1351,3,3,1,0.4163992702960968,3.6958885192871094,0.24534139037132263,3.9171016216278076,0.1795579493045807,4.0059380531311035,0.12442202866077423,4.168188571929932
1352,3,3,1,0.41753527522087097,3.700659990310669,0.24688097834587097,3.90734601020813,0.19050940871238708,4.000941753387451,0.13468590378761292,4.158478736877441
1353,3,3,1,0.44523775577545166,3.668501853942871,0.26101621985435486,3.824918508529663,0.21622887253761292,3.901055335998535,0.1520647257566452,4.062516212463379
1354,3,3,1,0.3637097477912903,3.6831419467926025,0.24621331691741943,3.8727335929870605,0.22235730290412903,3.933539390563965,0.15463568270206451,4.024745464324951
1355,3,3,1,0.40785932540893555,3.688690423965454,0.24714504182338715,3.9040582180023193,0.1789899468421936,3.975949287414551,0.11931999027729034,4.141974449157715
1356,3,3,1,0.4142543077468872,3.6823947429656982,0.25101640820503235,3.8806471824645996,0.19499361515045166,3.9657092094421387,0.13948899507522583,4.104872226715088
1357,3,3,1,0.3975232243537903,3.6974036693573,0.24506238102912903,3.9090373516082764,0.1838827282190323,3.9593563079833984,0.13564252853393555,4.095503807067871
1358,3,3,1,0.3700897693634033,3.6871302127838135,0.24899353086948395,3.881498336791992,0.20519770681858063,3.930069923400879,0.14323580265045166,4.066787242889404
1359,3,3,1,0.45714086294174194,3.657531261444092,0.2653210759162903,3.8077032566070557,0.23007014393806458,3.9175329208374023,0.1604352593421936,4.105465888977051
1360,3,3,1,0.4321986436843872,3.685373067855835,0.25209760665893555,3.8752100467681885,0.1975346803665161,3.950814723968506,0.13299186527729034,4.100254535675049
1361,3,3,1,0.4223483204841614,3.6927578449249268,0.24911810457706451,3.8919777870178223,0.1934291273355484,3.9642984867095947,0.1370774805545807,4.132741928100586
1362,3,3,1,0.4652697443962097,3.6348795890808105,0.27182814478874207,3.749729633331299,0.24178889393806458,3.828923463821411,0.16998165845870972,3.997772216796875
1363,3,3,1,0.4191396236419678,3.6930091381073,0.24783262610435486,3.913954257965088,0.18344427645206451,3.991417169570923,0.12482062727212906,4.133801460266113
1364,3,3,1,0.42593321204185486,3.688845634460449,0.24942202866077423,3.880263566970825,0.19467474520206451,3.9523444175720215,0.13721700012683868,4.123456954956055
1365,3,3,1,0.4253029227256775,3.6843135356903076,0.25124064087867737,3.881606340408325,0.1894630789756775,3.9582390785217285,0.1268933266401291,4.144023895263672
1366,3,3,1,0.4565678834915161,3.6615540981292725,0.26597875356674194,3.8014724254608154,0.2346540093421936,3.899609327316284,0.16661351919174194,4.031698703765869
1367,3,3,1,0.423304945230484,3.690809726715088,0.2491629421710968,3.885678291320801,0.19390743970870972,3.971067428588867,0.13271284103393555,4.1171345710754395
1368,3,3,1,0.39813855290412903,3.6886231899261475,0.2451869398355484,3.8972160816192627,0.18062420189380646,3.958071231842041,0.13089923560619354,4.086784362792969
1369,3,3,1,0.4268175959587097,3.6883697509765625,0.25018933415412903,3.885928153991699,0.19687698781490326,3.9691247940063477,0.13761559128761292,4.131064414978027
1370,3,3,1,0.40649163722991943,3.681845188140869,0.2504185140132904,3.8810386657714844,0.19171516597270966,3.969956874847412,0.13147719204425812,4.138092994689941
1371,3,3,1,0.42683252692222595,3.6948065757751465,0.2497209757566452,3.8966479301452637,0.19143614172935486,3.9990110397338867,0.13159677386283875,4.182947158813477
1372,3,3,1,0.41776445508003235,3.6839778423309326,0.24894869327545166,3.8916842937469482,0.18358378112316132,3.9439830780029297,0.1268933266401291,4.093450546264648
1373,3,3,1,0.41741567850112915,3.688231945037842,0.2481863796710968,3.8942623138427734,0.18781886994838715,3.967423677444458,0.13032126426696777,4.132741928100586
1374,3,3,1,0.42777422070503235,3.6828935146331787,0.2501145899295807,3.886153221130371,0.19250239431858063,3.967595100402832,0.13502471148967743,4.114981651306152
1375,3,3,1,0.39823073148727417,3.686718463897705,0.23990552127361298,3.9119625091552734,0.17394770681858063,3.9905476570129395,0.11583226919174194,4.160702228546143
1376,3,3,1,0.4298618733882904,3.6839640140533447,0.2510363459587097,3.8823039531707764,0.20225805044174194,3.972951650619507,0.1453683078289032,4.122703552246094
1377,3,3,1,0.43188974261283875,3.6875360012054443,0.2506825923919678,3.876115560531616,0.19686701893806458,3.971806049346924,0.13639986515045166,4.124488830566406
1378,3,3,1,0.3819256126880646,3.6987175941467285,0.23734454810619354,3.932907819747925,0.18117226660251617,4.008360385894775,0.1233258917927742,4.1523919105529785
1379,3,3,1,0.4478136897087097,3.6632213592529297,0.26055285334587097,3.8310322761535645,0.21865034103393555,3.938246250152588,0.15198500454425812,4.132179260253906
1380,3,3,1,0.4132976830005646,3.6911773681640625,0.24669164419174194,3.9190902709960938,0.17902980744838715,4.003172874450684,0.12043606489896774,4.193116188049316
1381,3,2,0,0.41427674889564514,3.682189464569092,0.24441465735435486,3.9052491188049316,0.1656668484210968,4.012631416320801,0.11041135340929031,4.173465728759766
1382,3,3,1,0.44493383169174194,3.672071695327759,0.25933215022087097,3.840054512023926,0.21158520877361298,3.926859140396118,0.1460658460855484,4.0914177894592285
1383,3,3,1,0.41442373394966125,3.682656764984131,0.24596917629241943,3.9072253704071045,0.16674305498600006,3.9995219707489014,0.11362005770206451,4.168566703796387
1384,3,3,1,0.43845412135124207,3.664367437362671,0.25935208797454834,3.8379151821136475,0.2130998820066452,3.9281740188598633,0.15338009595870972,4.093814849853516
1385,3,3,1,0.39983507990837097,3.696474075317383,0.24095185101032257,3.9198925495147705,0.18068398535251617,3.9997241497039795,0.1304408460855484,4.167303085327148
1386,3,3,1,0.42887037992477417,3.677703380584717,0.25359731912612915,3.8566348552703857,0.20623405277729034,3.932209014892578,0.14734135568141937,4.064385414123535
1387,3,3,1,0.4151287376880646,3.690793037414551,0.24702048301696777,3.9160313606262207,0.18284638226032257,3.991443634033203,0.13000239431858063,4.177372455596924
1388,3,3,1,0.464808851480484,3.6448028087615967,0.2726253569126129,3.762157917022705,0.23704560101032257,3.8384480476379395,0.16770966351032257,4.0350565910339355
1389,3,1,0,0.38599130511283875,3.659306764602661,0.2624760866165161,3.833674907684326,0.22265625,3.888963460922241,0.168805792927742,3.956552505493164
1390,3,3,1,0.43087831139564514,3.690849781036377,0.2515445649623871,3.888484001159668,0.20199896395206451,3.993784189224243,0.1400669664144516,4.124502182006836
1391,3,3,1,0.45194166898727417,3.66036057472229,0.26223692297935486,3.816176414489746,0.2232840359210968,3.927522659301758,0.15724648535251617,4.076045513153076
1392,3,3,1,0.4245107173919678,3.690842866897583,0.24912308156490326,3.888079881668091,0.19207389652729034,3.970064878463745,0.1369379758834839,4.132877349853516
1393,3,3,1,0.42889028787612915,3.683375835418701,0.25158441066741943,3.880995750427246,0.19408680498600006,3.982030153274536,0.13715720176696777,4.145887851715088
1394,3,3,1,0.42310068011283875,3.692591667175293,0.2485102415084839,3.9113218784332275,0.18843670189380646,3.9807510375976562,0.1301618218421936,4.124483108520508
1395,3,3,1,0.4065364897251129,3.6737914085388184,0.25056302547454834,3.8782835006713867,0.1917649805545807,3.9306278228759766,0.13171635568141937,4.071720600128174
1396,3,3,1,0.41426676511764526,3.6998977661132812,0.24558553099632263,3.913714647293091,0.18461017310619354,3.9876930713653564,0.12384406477212906,4.129868030548096
1397,3,3,1,0.4230882227420807,3.7011499404907227,0.24644750356674194,3.9135515689849854,0.18989157676696777,3.994699716567993,0.13004225492477417,4.1573944091796875
1398,3,3,1,0.43139398097991943,3.6789650917053223,0.2529745101928711,3.8679022789001465,0.1932896226644516,3.950868606567383,0.13223452866077423,4.156141757965088
1399,3,1,0,0.39536580443382263,3.6736230850219727,0.25626295804977417,3.858534336090088,0.20985132455825806,3.9164726734161377,0.15491469204425812,4.011836051940918
1400,3,3,1,0.44768911600112915,3.672398328781128,0.2620675265789032,3.829271078109741,0.22404137253761292,3.932126522064209,0.15780451893806458,4.096236228942871
1401,3,3,1,0.41742566227912903,3.6971375942230225,0.2467215359210968,3.9080333709716797,0.19200414419174194,3.9881668090820312,0.13464604318141937,4.142392158508301
1402,3,3,1,0.40364915132522583,3.668322801589966,0.2547283470630646,3.8559999465942383,0.19383768737316132,3.9335286617279053,0.13548310101032257,4.094881057739258
1403,3,3,1,0.4313018023967743,3.684100866317749,0.25114595890045166,3.8708090782165527,0.19340918958187103,3.93673038482666,0.13083943724632263,4.1113481521606445
1404,3,3,1,0.4129364490509033,3.69549822807312,0.24568019807338715,3.90997576713562,0.18684230744838715,3.9704532623291016,0.1346261203289032,4.140636444091797
1405,3,3,1,0.45997586846351624,3.6377992630004883,0.26904296875,3.7550649642944336,0.23004025220870972,3.8346545696258545,0.16661351919174194,4.01901912689209
1406,3,3,1,0.4559326171875,3.6555638313293457,0.26529616117477417,3.7963979244232178,0.22743940353393555,3.8990535736083984,0.16171076893806458,4.05964994430542
1407,3,3,1,0.3539939224720001,3.6886751651763916,0.2299107164144516,3.930023431777954,0.17694714665412903,4.0292277336120605,0.12218988686800003,4.191159725189209
1408,3,3,1,0.4152557849884033,3.693845272064209,0.24399612843990326,3.908782720565796,0.18606504797935486,3.9831297397613525,0.13362962007522583,4.153467655181885
1409,3,3,1,0.42202943563461304,3.68261456489563,0.2502690553665161,3.874795913696289,0.19408680498600006,3.942291021347046,0.13149712979793549,4.108517646789551
1410,3,3,1,0.4169597923755646,3.6913743019104004,0.24715998768806458,3.900576591491699,0.1813715696334839,3.9546728134155273,0.11961893737316132,4.130456447601318
1411,3,3,1,0.45718321204185486,3.655557870864868,0.26785215735435486,3.7983779907226562,0.23238201439380646,3.8985419273376465,0.1669921875,4.076620101928711
1412,3,3,1,0.3748455345630646,3.6816556453704834,0.2380022257566452,3.910609722137451,0.17891022562980652,4.002896308898926,0.1208147332072258,4.165291786193848
1413,3,0,0,0.42281419038772583,3.6758975982666016,0.25521165132522583,3.856741189956665,0.19989636540412903,3.963808536529541,0.14451131224632263,4.10026216506958
1414,3,3,1,0.4125727415084839,3.6792523860931396,0.24992525577545166,3.87912917137146,0.18106265366077423,3.9560813903808594,0.12308673560619354,4.112208366394043
1415,3,3,1,0.46529465913772583,3.6334803104400635,0.27308374643325806,3.739823818206787,0.2405931055545807,3.8167245388031006,0.17305085062980652,3.9945871829986572
1416,3,3,1,0.43051955103874207,3.6850314140319824,0.2518136203289032,3.873624801635742,0.20094268023967743,3.972675323486328,0.1359414905309677,4.119483947753906
1417,3,3,1,0.45104482769966125,3.668809652328491,0.26241129636764526,3.8348300457000732,0.22351323068141937,3.9500668048858643,0.15774473547935486,4.127479553222656
1418,3,3,1,0.4238904118537903,3.695474147796631,0.24707528948783875,3.9174816608428955,0.18530771136283875,3.996504545211792,0.12846778333187103,4.157151699066162
1419,3,3,1,0.39640963077545166,3.68237566947937,0.24749381840229034,3.8989994525909424,0.1842912882566452,3.9831297397613525,0.12266820669174194,4.133712291717529
1420,3,3,1,0.39498215913772583,3.685239315032959,0.24168924987316132,3.911870241165161,0.17882055044174194,3.9966564178466797,0.11985809355974197,4.159295082092285
1421,3,3,1,0.43535006046295166,3.6713476181030273,0.2546137571334839,3.8572070598602295,0.2001255601644516,3.945725202560425,0.14064492285251617,4.09607458114624
1422,3,3,1,0.42350924015045166,3.6798882484436035,0.24902841448783875,3.872551679611206,0.19418646395206451,3.922409772872925,0.13325095176696777,4.11546516418457
1423,3,3,1,0.4236786365509033,3.6969563961029053,0.24984553456306458,3.9017648696899414,0.19264189898967743,3.9731533527374268,0.1369977593421936,4.121763229370117
1424,3,3,1,0.4139578640460968,3.699547529220581,0.24441465735435486,3.9276323318481445,0.1802455335855484,4.002487659454346,0.1275111585855484,4.155517578125
1425,3,3,1,0.45589274168014526,3.652369737625122,0.26516661047935486,3.8007140159606934,0.22589483857154846,3.9066567420959473,0.16328522562980652,4.035274028778076
1426,3,3,1,0.4249765872955322,3.690255641937256,0.24935725331306458,3.8882651329040527,0.1886957883834839,3.967310905456543,0.12394371628761292,4.1501851081848145
1427,3,3,1,0.41089364886283875,3.702181339263916,0.24590441584587097,3.9270169734954834,0.17634925246238708,3.9805052280426025,0.11953921616077423,4.147882461547852
1428,3,3,1,0.4193563461303711,3.681429147720337,0.24990533292293549,3.89841890335083,0.18242785334587097,3.9847052097320557,0.12145248800516129,4.162290573120117
1429,3,3,1,0.39365682005882263,3.69586181640625,0.23821647465229034,3.9326932430267334,0.16230866312980652,4.0117878913879395,0.10995296388864517,4.204458713531494
1430,3,3,1,0.42635422945022583,3.689906597137451,0.24936722218990326,3.8819756507873535,0.1907884180545807,3.9607229232788086,0.12898597121238708,4.13875150680542
1431,3,3,1,0.4574323296546936,3.6482677459716797,0.2694515287876129,3.7745747566223145,0.23641780018806458,3.8523077964782715,0.16673310101032257,3.982667922973633
1432,3,3,1,0.41464295983314514,3.7006988525390625,0.24155472218990326,3.932035207748413,0.17211414873600006,3.966303825378418,0.11469626426696777,4.185403823852539
1433,3,3,1,0.403218150138855,3.6872942447662354,0.24391640722751617,3.9153099060058594,0.17298109829425812,3.9869232177734375,0.11362005770206451,4.165585041046143
1434,3,3,1,0.4100341796875,3.6814467906951904,0.24981564283370972,3.8833043575286865,0.1977638602256775,3.9525344371795654,0.1482381969690323,4.082145690917969
