index,label,prediction,correct,rate_layer1,com_layer1,rate_layer2,com_layer2,rate_layer3,com_layer3,rate_layer4,com_layer4
0,0,0,1,0.24131058156490326,3.5685083866119385,0.13495993614196777,3.703178644180298,0.25979551672935486,3.805837869644165,0.14805883169174194,3.789877414703369
1,0,0,1,0.2319435477256775,3.5954630374908447,0.12916035950183868,3.812058687210083,0.22242705523967743,3.9815869331359863,0.11949936300516129,4.09606409072876
2,0,0,1,0.2414201945066452,3.578115224838257,0.14353474974632263,3.7308385372161865,0.2534279227256775,3.8425605297088623,0.14283721148967743,3.841635227203369
3,0,0,1,0.24613361060619354,3.563157796859741,0.13777004182338715,3.6633033752441406,0.27793166041374207,3.7363665103912354,0.15738600492477417,3.715714931488037
4,0,0,1,0.24674145877361298,3.5556721687316895,0.1406698375940323,3.6463003158569336,0.28051260113716125,3.700071096420288,0.15925940871238708,3.6812663078308105
5,0,0,1,0.2437918484210968,3.5680360794067383,0.1381487101316452,3.688534736633301,0.26644212007522583,3.7694666385650635,0.15148676931858063,3.7581896781921387
6,0,0,1,0.2363978773355484,3.593980550765991,0.13695292174816132,3.7949576377868652,0.22675183415412903,3.9359261989593506,0.12605628371238708,3.9666402339935303
7,0,0,1,0.2378029227256775,3.579869270324707,0.13406309485435486,3.7454936504364014,0.2522321343421936,3.8544960021972656,0.14568717777729034,3.846374750137329
8,0,0,1,0.22900390625,3.6073713302612305,0.12069515138864517,3.863358736038208,0.20841637253761292,4.04996395111084,0.11254384368658066,4.1259074211120605
9,0,0,1,0.2435227930545807,3.5715279579162598,0.1413225382566452,3.6954591274261475,0.2654256820678711,3.776355266571045,0.1531808078289032,3.7444703578948975
10,0,0,1,0.2428152859210968,3.564739227294922,0.13925980031490326,3.6955277919769287,0.2627550959587097,3.783715009689331,0.14696268737316132,3.8112287521362305
11,0,0,1,0.2463827282190323,3.5595550537109375,0.14015664160251617,3.66164231300354,0.2723313868045807,3.7284934520721436,0.15120774507522583,3.72479248046875
12,0,0,1,0.2241908460855484,3.6126766204833984,0.11828862130641937,3.9005939960479736,0.19702646136283875,4.134988784790039,0.10489077866077423,4.212806224822998
13,0,0,1,0.24416054785251617,3.565912961959839,0.1371372789144516,3.6936492919921875,0.26250597834587097,3.79140567779541,0.1439134180545807,3.8080599308013916
14,0,0,1,0.2434530407190323,3.5735745429992676,0.14712212979793549,3.7101056575775146,0.25664660334587097,3.7895941734313965,0.14514906704425812,3.767266273498535
15,0,0,1,0.24360251426696777,3.566922903060913,0.13893593847751617,3.686713218688965,0.26643216609954834,3.7635111808776855,0.15102837979793549,3.7483503818511963
16,0,0,1,0.23288024961948395,3.59238338470459,0.12497010082006454,3.792520523071289,0.23267099261283875,3.9409396648406982,0.1265345960855484,3.963616371154785
17,0,0,1,0.24380181729793549,3.563189744949341,0.13724689185619354,3.675306797027588,0.2714146077632904,3.766934633255005,0.15254303812980652,3.7673110961914062
18,0,0,1,0.24383170902729034,3.5590338706970215,0.14067481458187103,3.668980598449707,0.2698202133178711,3.753850221633911,0.14863678812980652,3.7590506076812744
19,0,0,1,0.2317243218421936,3.6100025177001953,0.13297691941261292,3.8622653484344482,0.2063436657190323,4.061959743499756,0.11515465378761292,4.110245704650879
20,0,0,1,0.225446417927742,3.6215081214904785,0.13404814898967743,3.8861136436462402,0.19749481976032257,4.085019588470459,0.11172671616077423,4.110417366027832
21,0,0,1,0.23929767310619354,3.571624994277954,0.139892578125,3.7216227054595947,0.25664660334587097,3.8220150470733643,0.14805883169174194,3.806434154510498
22,0,0,1,0.2414899468421936,3.564413547515869,0.13708247244358063,3.6826226711273193,0.2666513919830322,3.758286952972412,0.15264269709587097,3.73456072807312
23,0,0,1,0.24297472834587097,3.5660500526428223,0.13706253468990326,3.6803956031799316,0.2687539756298065,3.7553577423095703,0.15349967777729034,3.7335755825042725
24,0,0,1,0.23505261540412903,3.5825843811035156,0.13372428715229034,3.775252342224121,0.23462411761283875,3.9206202030181885,0.1306600719690323,3.97452712059021
25,0,0,1,0.23085737228393555,3.605602741241455,0.13890106976032257,3.843101978302002,0.2182716727256775,4.038394927978516,0.12400350719690323,4.074252605438232
26,0,0,1,0.2287348508834839,3.608259916305542,0.13251355290412903,3.8586254119873047,0.21697624027729034,4.041884899139404,0.12228953838348389,4.12222957611084
27,0,0,1,0.24537627398967743,3.5637588500976562,0.14033102989196777,3.6703710556030273,0.2778818607330322,3.7572617530822754,0.15435665845870972,3.7495157718658447
28,0,0,1,0.24311423301696777,3.570111036300659,0.14886100590229034,3.7076680660247803,0.2629842758178711,3.8069796562194824,0.14995215833187103,3.8046252727508545
29,0,0,1,0.22330395877361298,3.619081735610962,0.1346958726644516,3.892505645751953,0.2011818289756775,4.071524143218994,0.11654974520206451,4.100205421447754
30,0,0,1,0.24328362941741943,3.5699188709259033,0.13931460678577423,3.70072603225708,0.2663325071334839,3.7890896797180176,0.15110810101032257,3.7654972076416016
31,0,0,1,0.24321387708187103,3.5591018199920654,0.13795937597751617,3.6765501499176025,0.2692522406578064,3.747446298599243,0.150390625,3.760800361633301
32,0,0,1,0.22709064185619354,3.6113476753234863,0.1294393688440323,3.8661227226257324,0.20113201439380646,4.028636455535889,0.11706791818141937,4.089206695556641
33,0,0,1,0.24282525479793549,3.570502281188965,0.14963826537132263,3.7135818004608154,0.2601243555545807,3.785473585128784,0.14630500972270966,3.7851791381835938
34,0,0,1,0.24420040845870972,3.5569655895233154,0.14087411761283875,3.668670892715454,0.27634724974632263,3.7480528354644775,0.15343989431858063,3.739576578140259
35,0,0,1,0.23095703125,3.617853879928589,0.13936443626880646,3.8584961891174316,0.20562618970870972,4.045795917510986,0.12009725719690323,4.0433125495910645
36,0,0,1,0.23104670643806458,3.599715232849121,0.1305105984210968,3.8413376808166504,0.2209223508834839,4.025169372558594,0.12232939898967743,4.1228413581848145
37,0,0,1,0.24248644709587097,3.5634913444519043,0.14438675343990326,3.6882569789886475,0.27115553617477417,3.756936550140381,0.15399792790412903,3.748673439025879
38,0,0,1,0.23860011994838715,3.577305316925049,0.1351492702960968,3.7265989780426025,0.25880900025367737,3.823887348175049,0.14793924987316132,3.8135523796081543
39,0,0,1,0.23331871628761292,3.599470376968384,0.14307138323783875,3.817725896835327,0.2166673243045807,3.9945268630981445,0.12015704810619354,4.026870250701904
40,0,0,1,0.23666693270206451,3.5762526988983154,0.1362553834915161,3.7266976833343506,0.2523816227912903,3.8184545040130615,0.14419244229793549,3.8246026039123535
41,0,0,1,0.24119099974632263,3.5694100856781006,0.13909538090229034,3.7181644439697266,0.2594965696334839,3.8384854793548584,0.14367426931858063,3.8464419841766357
42,0,0,1,0.21883967518806458,3.627840280532837,0.11383429914712906,3.95806884765625,0.17805324494838715,4.1929707527160645,0.09677933156490326,4.232289791107178
43,0,0,1,0.24195830523967743,3.571146249771118,0.14482520520687103,3.7033748626708984,0.26440927386283875,3.7621920108795166,0.14805883169174194,3.7734553813934326
44,0,0,1,0.2406529039144516,3.5775156021118164,0.13626036047935486,3.7237093448638916,0.2523218095302582,3.8304173946380615,0.1413823366165161,3.837327241897583
45,0,0,1,0.24347296357154846,3.568288803100586,0.14167629182338715,3.693476438522339,0.2661830186843872,3.755652904510498,0.1497727930545807,3.7329342365264893
46,0,0,1,0.23289021849632263,3.59911847114563,0.13824337720870972,3.812008857727051,0.22338367998600006,3.964848041534424,0.1258370578289032,4.037693977355957
47,0,0,1,0.22957190871238708,3.6060421466827393,0.13883131742477417,3.834266424179077,0.21678690612316132,3.9459433555603027,0.12818877398967743,3.969993829727173
48,0,0,1,0.24509724974632263,3.5591559410095215,0.13900071382522583,3.6572513580322266,0.27660635113716125,3.72750186920166,0.15547272562980652,3.734008550643921
49,0,0,1,0.2289441078901291,3.6037867069244385,0.12131297588348389,3.8367011547088623,0.21388711035251617,4.017517566680908,0.11641023308038712,4.080979347229004
50,0,0,1,0.24290497601032257,3.570068836212158,0.14377889037132263,3.699622392654419,0.2611706852912903,3.7661490440368652,0.15027104318141937,3.762599468231201
51,0,0,1,0.23681640625,3.5758888721466064,0.13369439542293549,3.711474657058716,0.2554209232330322,3.801654100418091,0.14596620202064514,3.7983343601226807
52,0,0,1,0.23239196836948395,3.595085859298706,0.12527403235435486,3.797478437423706,0.22960180044174194,3.956859588623047,0.1252790093421936,4.002227306365967
53,0,0,1,0.23929767310619354,3.569584369659424,0.13657425343990326,3.727992296218872,0.25164419412612915,3.8360986709594727,0.1408442258834839,3.8631668090820312
54,0,0,1,0.23202326893806458,3.596461057662964,0.12549825012683868,3.824122667312622,0.21939770877361298,4.002134799957275,0.11647002398967743,4.078542232513428
55,0,0,1,0.22989077866077423,3.6019506454467773,0.1301717907190323,3.8436806201934814,0.21441525220870972,4.013338088989258,0.12065529078245163,4.095639228820801
56,0,0,1,0.2439413219690323,3.5534722805023193,0.1385423243045807,3.655973434448242,0.2827845811843872,3.729896306991577,0.15664859116077423,3.7334606647491455
57,0,0,1,0.24275550246238708,3.568244218826294,0.13922493159770966,3.6779873371124268,0.2768654227256775,3.721710443496704,0.1608537882566452,3.7068517208099365
58,0,0,1,0.23840081691741943,3.5694282054901123,0.1338339000940323,3.7090206146240234,0.26302415132522583,3.82401967048645,0.1463448703289032,3.842026472091675
59,0,0,1,0.2371751368045807,3.5791354179382324,0.13916015625,3.740279197692871,0.25122568011283875,3.84018874168396,0.14389349520206451,3.8403046131134033
60,0,0,1,0.2299206703901291,3.604602813720703,0.13240393996238708,3.83735990524292,0.21179448068141937,4.0039520263671875,0.117606021463871,4.055414199829102
61,0,0,1,0.2481863796710968,3.554324150085449,0.1411581188440323,3.6394762992858887,0.2822763919830322,3.709852695465088,0.15846221148967743,3.6948812007904053
62,0,0,1,0.2244100719690323,3.61651873588562,0.1201869398355484,3.896608829498291,0.20133130252361298,4.115571022033691,0.10855787247419357,4.205434322357178
63,0,0,1,0.23874959349632263,3.5804080963134766,0.1385323703289032,3.740684747695923,0.24976083636283875,3.8525774478912354,0.14249840378761292,3.856363534927368
64,0,0,1,0.2421875,3.5612244606018066,0.14384864270687103,3.6930484771728516,0.2725306749343872,3.761563539505005,0.15662866830825806,3.750986099243164
65,0,0,1,0.24641261994838715,3.5580718517303467,0.1482979953289032,3.6686601638793945,0.2750518023967743,3.7272298336029053,0.14889588952064514,3.73095965385437
66,0,0,1,0.24291492998600006,3.5678303241729736,0.1492745578289032,3.7048730850219727,0.2635423243045807,3.7880289554595947,0.15090879797935486,3.7743000984191895
67,0,0,1,0.23061822354793549,3.6090826988220215,0.13457129895687103,3.8556036949157715,0.20522759854793549,4.0449137687683105,0.11375956237316132,4.077610492706299
68,0,0,1,0.23726482689380646,3.5755984783172607,0.13358478248119354,3.7213830947875977,0.2605926990509033,3.8265841007232666,0.1462651491165161,3.8221828937530518
69,0,0,1,0.23950693011283875,3.5796546936035156,0.1312181055545807,3.734583854675293,0.25163424015045166,3.858189344406128,0.1425183266401291,3.8742833137512207
70,0,0,1,0.23129583895206451,3.6001033782958984,0.126708984375,3.828319787979126,0.22233736515045166,4.00968074798584,0.1201171875,4.069686412811279
71,0,0,1,0.2268240749835968,3.6044328212738037,0.1281040757894516,3.859670877456665,0.20558632910251617,4.037613391876221,0.11288265138864517,4.095338821411133
72,0,0,1,0.23774313926696777,3.5853800773620605,0.13537846505641937,3.7662949562072754,0.23223254084587097,3.8525209426879883,0.13117824494838715,3.8622000217437744
73,0,0,1,0.24516700208187103,3.5683860778808594,0.1491350382566452,3.690565347671509,0.2670798599720001,3.757779359817505,0.1534598171710968,3.7381818294525146
74,0,0,1,0.2238520383834839,3.6170761585235596,0.1199079230427742,3.888805866241455,0.19940808415412903,4.093798637390137,0.10772082209587097,4.208325386047363
75,0,0,1,0.23670679330825806,3.5753135681152344,0.13818359375,3.7266170978546143,0.25630778074264526,3.813382148742676,0.1487962305545807,3.7787301540374756
76,0,0,1,0.24516700208187103,3.5593221187591553,0.13899074494838715,3.666618824005127,0.27529096603393555,3.7585246562957764,0.15194514393806458,3.749868869781494
77,0,0,1,0.22182916104793549,3.629441738128662,0.13185088336467743,3.9173941612243652,0.18767936527729034,4.123818397521973,0.10903619229793549,4.122098445892334
78,0,0,1,0.24007493257522583,3.5698156356811523,0.14310626685619354,3.691943407058716,0.2615792453289032,3.739657163619995,0.15224409103393555,3.7146222591400146
79,0,0,1,0.22417090833187103,3.615398406982422,0.11604651063680649,3.8958396911621094,0.1967175453901291,4.113114833831787,0.107421875,4.194619655609131
80,0,0,1,0.22512754797935486,3.60813570022583,0.12056560814380646,3.862302780151367,0.20760920643806458,4.0417585372924805,0.11497528105974197,4.120645046234131
81,0,0,1,0.2422572523355484,3.5669450759887695,0.13610590994358063,3.6771240234375,0.2733577787876129,3.7577645778656006,0.15379862487316132,3.7615654468536377
82,0,0,1,0.23778299987316132,3.5751404762268066,0.13395845890045166,3.7302684783935547,0.24941205978393555,3.835430860519409,0.14032605290412903,3.874023675918579
83,0,1,0,0.24829599261283875,3.519926071166992,0.14790935814380646,3.556154489517212,0.31952527165412903,3.6120381355285645,0.17699696123600006,3.648350477218628
84,0,0,1,0.24503746628761292,3.563359022140503,0.13904555141925812,3.677213668823242,0.2652861773967743,3.749154806137085,0.1474609375,3.7407758235931396
85,0,0,1,0.23391661047935486,3.5945301055908203,0.13010701537132263,3.813732624053955,0.2250378578901291,3.9748482704162598,0.12205038219690323,4.0220441818237305
86,0,0,1,0.23922790586948395,3.577039957046509,0.1401616334915161,3.7323949337005615,0.2544443607330322,3.8210620880126953,0.1482979953289032,3.8025803565979004
87,0,0,1,0.22689133882522583,3.6152663230895996,0.12583206593990326,3.892932176589966,0.19791333377361298,4.092341899871826,0.10917569696903229,4.154070854187012
88,0,0,1,0.22353315353393555,3.6221022605895996,0.1204659566283226,3.9011497497558594,0.19645845890045166,4.09967041015625,0.10827885568141937,4.153506278991699
89,0,0,1,0.24139030277729034,3.574719190597534,0.14970801770687103,3.726095676422119,0.2554607689380646,3.8293025493621826,0.1457270383834839,3.812910318374634
90,0,0,1,0.23931759595870972,3.572826385498047,0.13599130511283875,3.7152488231658936,0.26029375195503235,3.7957582473754883,0.14728157222270966,3.7752368450164795
91,0,0,1,0.22291533648967743,3.622843027114868,0.12577228248119354,3.921483278274536,0.1764887571334839,4.138331890106201,0.099609375,4.191076278686523
92,0,0,1,0.2261439710855484,3.6106460094451904,0.11771564185619354,3.8876662254333496,0.1970463991165161,4.093911170959473,0.10803969949483871,4.1931376457214355
93,0,0,1,0.23558075726032257,3.5880038738250732,0.14099369943141937,3.7677574157714844,0.24123086035251617,3.879420042037964,0.13817362487316132,3.859945297241211
94,0,0,1,0.22769849002361298,3.6128227710723877,0.12871691584587097,3.86691951751709,0.20767895877361298,4.054651737213135,0.11842314898967743,4.120834827423096
95,0,0,1,0.24384167790412903,3.5628933906555176,0.13880141079425812,3.6777944564819336,0.2680165767669678,3.7604105472564697,0.15176577866077423,3.7493104934692383
96,0,0,1,0.2239018678665161,3.6089279651641846,0.11875198781490326,3.879080295562744,0.20505818724632263,4.081932067871094,0.11152742058038712,4.1577911376953125
97,0,0,1,0.2409418821334839,3.57814621925354,0.13801917433738708,3.7236201763153076,0.2537766993045807,3.8114030361175537,0.1466238796710968,3.7901318073272705
98,0,0,1,0.22909358143806458,3.6062636375427246,0.1262456178665161,3.850659132003784,0.2096121609210968,4.0425004959106445,0.11270327866077423,4.117772102355957
99,0,0,1,0.23860011994838715,3.573296070098877,0.13722197711467743,3.7244107723236084,0.25491270422935486,3.8156445026397705,0.1413823366165161,3.8364815711975098
100,0,0,1,0.24427016079425812,3.564271926879883,0.13628028333187103,3.678926467895508,0.26936185359954834,3.789167881011963,0.15184549987316132,3.7918362617492676
101,0,0,1,0.24251633882522583,3.5627644062042236,0.13588666915893555,3.6865763664245605,0.2635423243045807,3.7864785194396973,0.14600606262683868,3.8016653060913086
102,0,0,1,0.24423030018806458,3.562772750854492,0.13850745558738708,3.6733696460723877,0.27040815353393555,3.758181095123291,0.15210458636283875,3.7596960067749023
103,0,0,1,0.24078243970870972,3.5618507862091064,0.13705256581306458,3.6966590881347656,0.26245614886283875,3.800934076309204,0.14929448068141937,3.776798725128174
104,0,0,1,0.2308797985315323,3.6054253578186035,0.1284877210855484,3.8415541648864746,0.21677693724632263,4.017008304595947,0.12027662247419357,4.076719284057617
105,0,0,1,0.24624322354793549,3.555339813232422,0.14031608402729034,3.6520843505859375,0.2795061469078064,3.7326107025146484,0.15292170643806458,3.744298219680786
106,0,0,1,0.22812698781490326,3.6087887287139893,0.1233258917927742,3.8722527027130127,0.20421117544174194,4.094325065612793,0.10925541818141937,4.18369197845459
107,0,0,1,0.24027423560619354,3.572453498840332,0.1369878053665161,3.699134349822998,0.26822584867477417,3.7744548320770264,0.15617027878761292,3.743619203567505
108,0,0,1,0.22822663187980652,3.6122779846191406,0.13794443011283875,3.8588457107543945,0.2048788219690323,4.040174961090088,0.11543367058038712,4.083390712738037
109,0,0,1,0.22715042531490326,3.617021322250366,0.13192063570022583,3.8785359859466553,0.20377270877361298,4.074038028717041,0.11475605517625809,4.111844539642334
110,0,0,1,0.225446417927742,3.606700897216797,0.12334083765745163,3.866208791732788,0.21249201893806458,4.05242919921875,0.12043606489896774,4.123448848724365
111,0,0,1,0.24445949494838715,3.5602478981018066,0.13859713077545166,3.664234161376953,0.27584901452064514,3.7502708435058594,0.1550542116165161,3.7345757484436035
112,0,0,1,0.23655731976032257,3.5846917629241943,0.14224429428577423,3.7630739212036133,0.2390385866165161,3.856053113937378,0.13905054330825806,3.871004819869995
113,0,0,1,0.23920798301696777,3.5811705589294434,0.14690788090229034,3.747396945953369,0.2516741156578064,3.8337819576263428,0.14656409621238708,3.8187379837036133
114,0,0,1,0.23970623314380646,3.576636791229248,0.1430315226316452,3.718674898147583,0.26057279109954834,3.7796473503112793,0.15156647562980652,3.7759368419647217
115,0,0,1,0.24477837979793549,3.5605764389038086,0.14294184744358063,3.6792500019073486,0.2704280912876129,3.752561092376709,0.15260283648967743,3.7487266063690186
116,0,0,1,0.2398158460855484,3.571220874786377,0.13521404564380646,3.716191291809082,0.25562021136283875,3.8118274211883545,0.14441166818141937,3.8128621578216553
117,0,0,1,0.2390585094690323,3.5725302696228027,0.13289222121238708,3.7233052253723145,0.25602877140045166,3.8261005878448486,0.14542809128761292,3.833904266357422
118,0,0,1,0.24006496369838715,3.574073314666748,0.15025609731674194,3.741088390350342,0.25765305757522583,3.8154780864715576,0.14283721148967743,3.8301939964294434
119,0,0,1,0.23062817752361298,3.601581335067749,0.12661431729793549,3.8277978897094727,0.22285553812980652,3.996288776397705,0.123465396463871,4.022760391235352
120,0,0,1,0.23104670643806458,3.6000173091888428,0.12392877042293549,3.836851119995117,0.21736487746238708,4.031495094299316,0.119140625,4.139176845550537
121,0,0,1,0.2196667641401291,3.6281073093414307,0.12034637480974197,3.941376209259033,0.18117226660251617,4.171717643737793,0.10249920189380646,4.234104633331299
122,0,0,1,0.24502749741077423,3.570539712905884,0.15064473450183868,3.694129228591919,0.26874402165412903,3.7363638877868652,0.16011638939380646,3.696913003921509
123,0,0,1,0.24084222316741943,3.5759029388427734,0.13823340833187103,3.720804452896118,0.25709500908851624,3.8133721351623535,0.14594626426696777,3.811279535293579
124,0,0,1,0.24039380252361298,3.5628418922424316,0.13757573068141937,3.702738046646118,0.26182836294174194,3.818420648574829,0.14217951893806458,3.8523969650268555
125,0,0,1,0.2223772257566452,3.6330435276031494,0.13226941227912903,3.897615432739258,0.19114716351032257,4.1099467277526855,0.11011239886283875,4.1475114822387695
126,0,0,1,0.2211216539144516,3.6208202838897705,0.13197046518325806,3.910673141479492,0.18964245915412903,4.102832317352295,0.10433274507522583,4.207067966461182
127,0,0,1,0.22667211294174194,3.6103222370147705,0.12048588693141937,3.8811511993408203,0.20761917531490326,4.0846171379089355,0.11003268510103226,4.191450595855713
128,0,0,1,0.2363380789756775,3.584686040878296,0.14136739075183868,3.7619566917419434,0.23289021849632263,3.8496854305267334,0.1369977593421936,3.8203375339508057
129,0,0,1,0.22611407935619354,3.6129302978515625,0.121756412088871,3.8837008476257324,0.2064831703901291,4.080690860748291,0.11517458409070969,4.156774520874023
130,0,0,1,0.24119099974632263,3.566972494125366,0.13674864172935486,3.700356960296631,0.2627052664756775,3.815650701522827,0.14365433156490326,3.8491952419281006
131,0,0,1,0.23170439898967743,3.602958917617798,0.1253587305545807,3.845150947570801,0.21844108402729034,4.039779186248779,0.11423788219690323,4.135031223297119
132,0,0,1,0.2437220960855484,3.556504964828491,0.13833804428577423,3.6685755252838135,0.2696209251880646,3.7484569549560547,0.14835777878761292,3.760075330734253
133,0,0,1,0.2376634180545807,3.5770649909973145,0.13204021751880646,3.7320101261138916,0.25800183415412903,3.8658220767974854,0.14325574040412903,3.875765085220337
134,0,0,1,0.24349290132522583,3.567014455795288,0.13891102373600006,3.6797704696655273,0.2689034640789032,3.74322772026062,0.1530412882566452,3.7157182693481445
135,0,0,1,0.2289441078901291,3.609793186187744,0.13851740956306458,3.8459768295288086,0.20872528851032257,4.019956111907959,0.12390385568141937,4.010615825653076
136,0,0,1,0.24753865599632263,3.5548489093780518,0.14094386994838715,3.6383626461029053,0.2816186845302582,3.6870245933532715,0.1602957546710968,3.6723859310150146
137,0,0,1,0.2258549928665161,3.6251931190490723,0.1391003578901291,3.910452127456665,0.19206392765045166,4.110407829284668,0.11288265138864517,4.107874393463135
138,0,0,1,0.22088249027729034,3.6324100494384766,0.13399334251880646,3.9248130321502686,0.17847177386283875,4.120156288146973,0.10730229318141937,4.091567516326904
139,0,0,1,0.2302594780921936,3.603972911834717,0.13164660334587097,3.8535311222076416,0.21013033390045166,4.040119647979736,0.11862244457006454,4.10618257522583
140,0,0,1,0.24133050441741943,3.569411277770996,0.13489516079425812,3.706803560256958,0.2588787376880646,3.821894645690918,0.14363440871238708,3.8176772594451904
141,0,0,1,0.24431002140045166,3.5669126510620117,0.13547810912132263,3.6789379119873047,0.27020886540412903,3.774118661880493,0.1511678844690323,3.762294054031372
142,0,0,1,0.24461893737316132,3.5615122318267822,0.14431700110435486,3.6819610595703125,0.2717733383178711,3.768855571746826,0.15182557702064514,3.7681806087493896
143,0,0,1,0.23872967064380646,3.580665349960327,0.14709223806858063,3.732741594314575,0.2504384517669678,3.8018462657928467,0.14367426931858063,3.773338794708252
144,0,0,1,0.2396763414144516,3.5725927352905273,0.13798926770687103,3.732370376586914,0.25150468945503235,3.8410000801086426,0.14068478345870972,3.8590452671051025
145,0,0,1,0.24329359829425812,3.5642433166503906,0.1373913735151291,3.682756185531616,0.2642398774623871,3.7649433612823486,0.14803889393806458,3.7374799251556396
146,0,0,1,0.2424565553665161,3.5702600479125977,0.13531368970870972,3.705280303955078,0.2553611099720001,3.796729803085327,0.14343510568141937,3.7953314781188965
147,0,0,1,0.22304487228393555,3.6119823455810547,0.11808434128761292,3.882784843444824,0.20350366830825806,4.088531970977783,0.11196587979793549,4.18066930770874
148,0,0,1,0.23971618711948395,3.569338321685791,0.13857720792293549,3.7126524448394775,0.26168885827064514,3.793572187423706,0.1499720960855484,3.7873754501342773
149,0,0,1,0.24210777878761292,3.5661838054656982,0.13906049728393555,3.700465679168701,0.2600446343421936,3.7956008911132812,0.14329560101032257,3.822948455810547
150,0,0,1,0.23572026193141937,3.6009299755096436,0.1386021226644516,3.8247177600860596,0.22227758169174194,4.007845401763916,0.12428252398967743,4.040250301361084
151,0,0,1,0.2471400648355484,3.5577597618103027,0.14005202054977417,3.652780294418335,0.2788883149623871,3.7155821323394775,0.1560307741165161,3.711074113845825
152,0,0,1,0.2343052476644516,3.6024327278137207,0.14062997698783875,3.8147032260894775,0.2190290093421936,3.9938125610351562,0.12370456010103226,4.023360729217529
153,0,0,1,0.24416054785251617,3.568892240524292,0.13613580167293549,3.6747794151306152,0.27313855290412903,3.7498722076416016,0.15682795643806458,3.721184492111206
154,0,0,1,0.24284517765045166,3.5662288665771484,0.13824337720870972,3.698406934738159,0.2598353624343872,3.775954008102417,0.14500956237316132,3.7741892337799072
155,0,0,1,0.22811701893806458,3.612572193145752,0.13671375811100006,3.8752870559692383,0.2058454155921936,4.031853675842285,0.1130022332072258,4.085361480712891
156,0,0,1,0.23860011994838715,3.5819411277770996,0.1408940553665161,3.7583987712860107,0.2409418821334839,3.8626906871795654,0.13930962979793549,3.8855507373809814
157,0,0,1,0.22723014652729034,3.613077163696289,0.13464604318141937,3.8574600219726562,0.2092633843421936,4.037571430206299,0.12258848547935486,4.03706693649292
158,0,0,1,0.22666214406490326,3.61065673828125,0.12442701309919357,3.872342109680176,0.20440050959587097,4.039635181427002,0.10652502626180649,4.118615627288818
159,0,0,1,0.24175900220870972,3.5738015174865723,0.14315608143806458,3.713142156600952,0.25527143478393555,3.7971270084381104,0.14556759595870972,3.773411750793457
160,0,0,1,0.23649752140045166,3.5823535919189453,0.13799923658370972,3.7570133209228516,0.2439413219690323,3.8695261478424072,0.1411830335855484,3.8723883628845215
161,0,0,1,0.2334083914756775,3.6058146953582764,0.14034099876880646,3.838179349899292,0.21110689640045166,4.004861831665039,0.11949936300516129,4.0356903076171875
162,0,0,1,0.22624361515045166,3.6032416820526123,0.11798468977212906,3.8543074131011963,0.21329918503761292,4.052978038787842,0.11487563699483871,4.130985260009766
163,0,0,1,0.24223731458187103,3.570899724960327,0.1344616860151291,3.6998555660247803,0.2603435814380646,3.7985148429870605,0.14710219204425812,3.793794870376587
164,0,0,1,0.24439971148967743,3.5618934631347656,0.1397181898355484,3.6759860515594482,0.27551019191741943,3.7568359375,0.15517377853393555,3.7526328563690186
165,0,0,1,0.24216756224632263,3.568800926208496,0.13476063311100006,3.691795825958252,0.26400071382522583,3.7984750270843506,0.14981265366077423,3.776240587234497
166,0,0,1,0.2438616007566452,3.572205066680908,0.14102359116077423,3.707249879837036,0.2616290748119354,3.794058322906494,0.14915497601032257,3.7640299797058105
167,0,0,1,0.23224249482154846,3.6013901233673096,0.13331075012683868,3.834728717803955,0.22004543244838715,4.0265374183654785,0.12069515138864517,4.106505870819092
168,0,0,1,0.24458904564380646,3.5680994987487793,0.14595623314380646,3.6932477951049805,0.26806640625,3.764915704727173,0.15531329810619354,3.7368149757385254
169,0,0,1,0.23428530991077423,3.587894916534424,0.14243362843990326,3.7680764198303223,0.24046356976032257,3.862334728240967,0.14277741312980652,3.8453378677368164
170,0,0,1,0.2363978773355484,3.586561679840088,0.1413823366165161,3.7774879932403564,0.23644769191741943,3.9252781867980957,0.13073979318141937,3.968902349472046
171,0,0,1,0.24332349002361298,3.5599966049194336,0.14115314185619354,3.676809072494507,0.2723313868045807,3.7449960708618164,0.15497449040412903,3.739969253540039
172,0,0,1,0.23853036761283875,3.5822367668151855,0.14330555498600006,3.7476532459259033,0.24558553099632263,3.8212618827819824,0.1425183266401291,3.801985740661621
173,0,0,1,0.24480827152729034,3.5618512630462646,0.1365443617105484,3.676628351211548,0.27304884791374207,3.75081205368042,0.15194514393806458,3.741867780685425
174,0,0,1,0.24836574494838715,3.5547263622283936,0.14104850590229034,3.6334733963012695,0.28825533390045166,3.6906003952026367,0.16326530277729034,3.6689453125
175,0,0,1,0.23136559128761292,3.6036264896392822,0.13588666915893555,3.8335349559783936,0.21367785334587097,4.009606838226318,0.1203962042927742,4.068200588226318
176,0,0,1,0.24082230031490326,3.56208872795105,0.13507454097270966,3.67502760887146,0.27019888162612915,3.7724506855010986,0.15328045189380646,3.797165632247925
177,0,0,1,0.24590441584587097,3.560157299041748,0.14177095890045166,3.65959095954895,0.2762176990509033,3.717305898666382,0.15531329810619354,3.6987040042877197
178,0,0,1,0.24821627140045166,3.556304931640625,0.14716696739196777,3.659477949142456,0.28066205978393555,3.711308479309082,0.15860171616077423,3.7036943435668945
179,0,0,1,0.22648277878761292,3.60960054397583,0.12151725590229034,3.8682193756103516,0.2063237428665161,4.053948402404785,0.11559311300516129,4.105862140655518
180,0,0,1,0.22807715833187103,3.616917133331299,0.13557277619838715,3.8732082843780518,0.2008928507566452,4.066765785217285,0.11228475719690323,4.108626365661621
181,0,0,1,0.23057836294174194,3.6015384197235107,0.1215471550822258,3.847263813018799,0.2172951102256775,4.051132678985596,0.11250398308038712,4.124711990356445
182,0,0,1,0.22743940353393555,3.6087889671325684,0.12361985445022583,3.874410629272461,0.20282605290412903,4.0617570877075195,0.10971380770206451,4.145503997802734
183,0,0,1,0.2336774468421936,3.5958635807037354,0.13389867544174194,3.805760145187378,0.23550103604793549,3.9767274856567383,0.13117824494838715,4.039957523345947
184,0,0,1,0.24262595176696777,3.5702316761016846,0.14736127853393555,3.7027995586395264,0.2648776173591614,3.774989604949951,0.15413743257522583,3.763641119003296
185,0,0,1,0.24070271849632263,3.5665907859802246,0.13919004797935486,3.69730806350708,0.26021403074264526,3.748286247253418,0.15361925959587097,3.7110793590545654
186,0,0,1,0.24250636994838715,3.561020612716675,0.14184071123600006,3.6768300533294678,0.2709363102912903,3.7531354427337646,0.15138711035251617,3.7438125610351562
187,0,0,1,0.2234235405921936,3.614780902862549,0.11658462136983871,3.88315749168396,0.20278619229793549,4.087567329406738,0.10809949040412903,4.189896583557129
188,0,0,1,0.2405931055545807,3.5741798877716064,0.13554786145687103,3.719463348388672,0.2546137571334839,3.8209855556488037,0.14473053812980652,3.8165793418884277
189,0,0,1,0.2412806898355484,3.577169179916382,0.14831294119358063,3.730708599090576,0.2518833577632904,3.836254358291626,0.1467036008834839,3.830050230026245
190,0,0,1,0.22582508623600006,3.6071395874023438,0.12621571123600006,3.8762829303741455,0.2012416273355484,4.062788009643555,0.11073023080825806,4.116270542144775
191,0,0,1,0.22470901906490326,3.6113967895507812,0.11831851303577423,3.8868908882141113,0.20134127140045166,4.1128926277160645,0.10809949040412903,4.228060245513916
192,0,0,1,0.23048867285251617,3.606096029281616,0.1332559436559677,3.8520097732543945,0.20911391079425812,4.0401716232299805,0.11611128598451614,4.1189494132995605
193,0,0,1,0.24334342777729034,3.5603604316711426,0.13802912831306458,3.664151906967163,0.2692621946334839,3.7290995121002197,0.15621013939380646,3.71051287651062
194,0,0,1,0.235700324177742,3.581448554992676,0.12765565514564514,3.7496585845947266,0.24371212720870972,3.9070613384246826,0.13719706237316132,3.9559848308563232
195,0,0,1,0.24656209349632263,3.556723117828369,0.14026625454425812,3.652813196182251,0.27896803617477417,3.7144134044647217,0.15714684128761292,3.701585292816162
196,0,0,1,0.23923787474632263,3.5725173950195312,0.13260821998119354,3.7201578617095947,0.2538265287876129,3.837233066558838,0.14070472121238708,3.864872455596924
197,0,0,1,0.24668167531490326,3.5602505207061768,0.14039082825183868,3.6663944721221924,0.2747827470302582,3.7429192066192627,0.15477518737316132,3.738089084625244
198,0,0,1,0.22820670902729034,3.613029956817627,0.13051557540893555,3.8693645000457764,0.2068120241165161,4.030885696411133,0.11786511540412903,4.101284980773926
199,0,0,1,0.24355268478393555,3.5671207904815674,0.14729651808738708,3.7024660110473633,0.2602040767669678,3.7799479961395264,0.1472417116165161,3.793719530105591
200,0,0,1,0.22989077866077423,3.606935501098633,0.12531886994838715,3.8628339767456055,0.2075294852256775,4.081868648529053,0.11198581010103226,4.177611827850342
201,0,0,1,0.2445591539144516,3.5595712661743164,0.1407993882894516,3.6667256355285645,0.2738361060619354,3.733369827270508,0.15481504797935486,3.73236346244812
202,0,0,1,0.21875,3.625318765640259,0.11238938570022583,3.941126823425293,0.18111248314380646,4.1715545654296875,0.09454718977212906,4.276559829711914
203,0,0,1,0.22576530277729034,3.619879961013794,0.13315628468990326,3.8962020874023438,0.18522799015045166,4.118194580078125,0.10805962979793549,4.114348888397217
204,0,0,1,0.24007493257522583,3.572057008743286,0.13932457566261292,3.7061831951141357,0.2657047212123871,3.8019425868988037,0.14967314898967743,3.8290278911590576
205,0,0,1,0.22450971603393555,3.6177985668182373,0.12477578967809677,3.886035919189453,0.20185944437980652,4.076566219329834,0.11469626426696777,4.140225887298584
206,0,0,1,0.22352319955825806,3.613882541656494,0.12284259498119354,3.8835935592651367,0.2089943289756775,4.067849159240723,0.11457668989896774,4.139850616455078
207,0,0,1,0.24577486515045166,3.5601282119750977,0.13758070766925812,3.663853883743286,0.2721719443798065,3.7638120651245117,0.15152662992477417,3.7512824535369873
208,0,0,1,0.24380181729793549,3.5692389011383057,0.14340022206306458,3.70285964012146,0.25904813408851624,3.794006824493408,0.14492984116077423,3.7967545986175537
209,0,0,1,0.2292231321334839,3.5988783836364746,0.12243402749300003,3.841940402984619,0.217145636677742,4.034463882446289,0.11561304330825806,4.112222194671631
210,0,0,1,0.23899872601032257,3.5697131156921387,0.13723692297935486,3.7126779556274414,0.2630540430545807,3.816122531890869,0.1473214328289032,3.845643997192383
211,0,0,1,0.24524672329425812,3.558652639389038,0.1378348171710968,3.6675100326538086,0.2726901173591614,3.758596658706665,0.15322065353393555,3.757024049758911
212,0,0,1,0.24208784103393555,3.5680415630340576,0.13792948424816132,3.7114474773406982,0.2533482015132904,3.8046727180480957,0.14142219722270966,3.834413766860962
213,0,0,1,0.23069794476032257,3.601745128631592,0.12989278137683868,3.8390486240386963,0.21360810101032257,4.009143352508545,0.11433752626180649,4.093777179718018
214,0,0,1,0.2316645383834839,3.6012561321258545,0.12816385924816132,3.8538272380828857,0.21144570410251617,4.046420574188232,0.11326131969690323,4.12598991394043
215,0,0,1,0.22254663705825806,3.62105393409729,0.12195073068141937,3.915672540664673,0.19270168244838715,4.128193378448486,0.10530930757522583,4.180166721343994
216,0,0,1,0.23127590119838715,3.606316566467285,0.13390864431858063,3.84499192237854,0.215192511677742,4.038341999053955,0.11989795416593552,4.088763236999512
217,0,0,1,0.24452924728393555,3.564692974090576,0.13925980031490326,3.687227249145508,0.2644989490509033,3.7603511810302734,0.1478196680545807,3.7602803707122803
218,0,0,1,0.24558553099632263,3.5588152408599854,0.14130759239196777,3.6531152725219727,0.27787187695503235,3.703747510910034,0.1589006632566452,3.676784038543701
219,0,0,1,0.23922790586948395,3.5773732662200928,0.14360450208187103,3.7431821823120117,0.25234174728393555,3.83339262008667,0.14752072095870972,3.8138341903686523
220,0,0,1,0.24685107171535492,3.557645797729492,0.14220942556858063,3.658538341522217,0.2765166461467743,3.7069804668426514,0.15636958181858063,3.6832780838012695
221,0,0,1,0.2356305718421936,3.5976486206054688,0.14607082307338715,3.8134188652038574,0.22332389652729034,3.987818479537964,0.12557795643806458,4.044278621673584
222,0,0,1,0.24146005511283875,3.5724072456359863,0.13761559128761292,3.7156407833099365,0.2552216053009033,3.808800458908081,0.14682318270206451,3.7786073684692383
223,0,0,1,0.24236686527729034,3.5693199634552,0.1434251368045807,3.7129158973693848,0.25548070669174194,3.808760404586792,0.14184071123600006,3.827314853668213
224,0,0,1,0.22853554785251617,3.60325288772583,0.12232441455125809,3.8306381702423096,0.21810227632522583,4.001096725463867,0.11935985088348389,4.0791449546813965
225,0,0,1,0.23813177645206451,3.578105926513672,0.14016661047935486,3.7326886653900146,0.25435465574264526,3.8249168395996094,0.14612562954425812,3.8166940212249756
226,0,0,1,0.22912348806858063,3.612229824066162,0.13419762253761292,3.8676023483276367,0.20283600687980652,4.0648980140686035,0.11413823068141937,4.099877834320068
227,0,0,1,0.2387097328901291,3.584303855895996,0.14512914419174194,3.763183116912842,0.23824138939380646,3.8349087238311768,0.13998724520206451,3.823747158050537
228,0,3,0,0.248395636677742,3.519196033477783,0.14842255413532257,3.562120199203491,0.3138452470302582,3.605905771255493,0.1720942258834839,3.6419224739074707
229,0,0,1,0.2315150648355484,3.5955753326416016,0.1244768425822258,3.8078694343566895,0.22506774961948395,3.951164484024048,0.11728714406490326,4.019031524658203
230,0,0,1,0.24399115145206451,3.559607982635498,0.1395438015460968,3.6619417667388916,0.2814492881298065,3.7278714179992676,0.15599091351032257,3.7490737438201904
231,0,0,1,0.22501793503761292,3.622514486312866,0.12918028235435486,3.8974814414978027,0.19897958636283875,4.086237907409668,0.11144769936800003,4.110872745513916
232,0,0,1,0.23244179785251617,3.605590343475342,0.13571229577064514,3.836625337600708,0.21580037474632263,4.007111072540283,0.12226960808038712,4.024612903594971
233,0,0,1,0.2442103773355484,3.566246271133423,0.13924485445022583,3.684760332107544,0.2699298560619354,3.757789373397827,0.15330037474632263,3.752470016479492
234,0,0,1,0.24482819437980652,3.5639219284057617,0.1364397257566452,3.679447889328003,0.27166372537612915,3.7704129219055176,0.1547154039144516,3.742238759994507
235,0,0,1,0.2380620241165161,3.565173625946045,0.1322893351316452,3.6948513984680176,0.2575235068798065,3.7964632511138916,0.14853714406490326,3.794445276260376
236,0,0,1,0.22659239172935486,3.6145389080047607,0.12817880511283875,3.881131887435913,0.20136120915412903,4.054931640625,0.11415816098451614,4.0570878982543945
237,0,0,1,0.24562539160251617,3.5625381469726562,0.14261798560619354,3.6915175914764404,0.25762316584587097,3.7605693340301514,0.13915018737316132,3.7492122650146484
238,0,0,1,0.24255619943141937,3.5689988136291504,0.14345502853393555,3.7160322666168213,0.2529296875,3.7862658500671387,0.14614556729793549,3.7743079662323
239,0,0,1,0.23078761994838715,3.605656385421753,0.13324597477912903,3.8531951904296875,0.2134486585855484,4.025910377502441,0.12230946868658066,4.09695291519165
240,0,0,1,0.23858019709587097,3.5737197399139404,0.1366141140460968,3.716911554336548,0.249372199177742,3.7992007732391357,0.1434948891401291,3.7952778339385986
241,0,0,1,0.23334860801696777,3.6077635288238525,0.14607082307338715,3.8362724781036377,0.2194475382566452,4.018935680389404,0.12336575239896774,4.06478214263916
242,0,0,1,0.24006496369838715,3.5796356201171875,0.13927973806858063,3.733419179916382,0.24758848547935486,3.8321259021759033,0.14479033648967743,3.8194081783294678
243,0,0,1,0.2185407280921936,3.6232728958129883,0.12491529434919357,3.932591438293457,0.19578084349632263,4.14017391204834,0.11138791590929031,4.135265827178955
244,0,0,1,0.24375198781490326,3.5707452297210693,0.1456124484539032,3.713669776916504,0.2562679350376129,3.8040595054626465,0.14395327866077423,3.7935760021209717
245,0,0,1,0.24078243970870972,3.5737698078155518,0.14128267765045166,3.7120890617370605,0.2596161365509033,3.8080451488494873,0.14813855290412903,3.7749226093292236
246,0,0,1,0.24137036502361298,3.57043194770813,0.13379903137683868,3.7026140689849854,0.25861966609954834,3.798250675201416,0.14624521136283875,3.8044426441192627
247,0,0,1,0.22254663705825806,3.616218090057373,0.12233936041593552,3.9022562503814697,0.19809271395206451,4.112631320953369,0.11011239886283875,4.207963943481445
248,0,0,1,0.24681122601032257,3.558018445968628,0.14087910950183868,3.65679931640625,0.27507174015045166,3.7306549549102783,0.1534598171710968,3.7046754360198975
249,0,0,1,0.24161949753761292,3.563739776611328,0.13824337720870972,3.68817138671875,0.2640106678009033,3.771608591079712,0.15027104318141937,3.7464191913604736
250,0,0,1,0.23906847834587097,3.5819265842437744,0.14658401906490326,3.7596871852874756,0.24446946382522583,3.8822402954101562,0.13422751426696777,3.907646656036377
251,0,0,1,0.22890424728393555,3.607940435409546,0.1298379749059677,3.8494186401367188,0.20859573781490326,4.023838043212891,0.1141183003783226,4.0936079025268555
252,0,0,1,0.2277483195066452,3.610807180404663,0.12113361060619354,3.8840079307556152,0.21062858402729034,4.119032859802246,0.1123046875,4.212954521179199
253,0,0,1,0.2283860743045807,3.6035168170928955,0.12709760665893555,3.85111141204834,0.21279096603393555,4.045377731323242,0.11431760340929031,4.121513366699219
254,0,0,1,0.24551577866077423,3.5614497661590576,0.1388711780309677,3.657290458679199,0.2763671875,3.7057042121887207,0.1585618555545807,3.6776018142700195
255,0,0,1,0.2426159828901291,3.571117639541626,0.1474011391401291,3.7170093059539795,0.2521025836467743,3.812877893447876,0.14700254797935486,3.7963666915893555
256,0,0,1,0.24110132455825806,3.569291114807129,0.13480548560619354,3.6871674060821533,0.2639508843421936,3.769744873046875,0.15068957209587097,3.7684168815612793
257,0,0,1,0.2292829155921936,3.6134121417999268,0.14922970533370972,3.841808319091797,0.21961694955825806,3.9850265979766846,0.1279296875,3.996105194091797
258,0,0,1,0.23642776906490326,3.5777628421783447,0.13215480744838715,3.7416679859161377,0.24873444437980652,3.8526902198791504,0.13917012512683868,3.861091136932373
259,0,0,1,0.23310944437980652,3.601846694946289,0.13322106003761292,3.8265390396118164,0.2237723171710968,3.9803617000579834,0.12523914873600006,4.0380330085754395
260,0,0,1,0.22947224974632263,3.598618984222412,0.12185606360435486,3.8337490558624268,0.2136479616165161,4.011707305908203,0.11742665618658066,4.079769134521484
261,0,0,1,0.24738918244838715,3.561628818511963,0.14967314898967743,3.6725032329559326,0.27213209867477417,3.7510344982147217,0.15535315871238708,3.727132797241211
262,0,0,1,0.22797751426696777,3.621164321899414,0.13700275123119354,3.8834054470062256,0.19728554785251617,4.092635631561279,0.1155133917927742,4.101104259490967
263,0,0,1,0.24404096603393555,3.565251111984253,0.1388911008834839,3.6820921897888184,0.2647978961467743,3.7542994022369385,0.15120774507522583,3.731250762939453
264,0,0,1,0.22362284362316132,3.6144556999206543,0.118094302713871,3.903130531311035,0.18724091351032257,4.128791809082031,0.1008649542927742,4.23256254196167
265,0,0,1,0.24072265625,3.564929485321045,0.1367536187171936,3.679309129714966,0.27418485283851624,3.7526803016662598,0.15210458636283875,3.75419282913208
266,0,0,1,0.24465879797935486,3.5597100257873535,0.14060506224632263,3.6608078479766846,0.27506178617477417,3.726696491241455,0.15726642310619354,3.6967430114746094
267,0,0,1,0.2331293821334839,3.5973498821258545,0.13349011540412903,3.8197224140167236,0.2196667641401291,3.9880692958831787,0.12498006969690323,4.067453384399414
268,0,0,1,0.23880939185619354,3.5769248008728027,0.14005202054977417,3.7190935611724854,0.25945669412612915,3.8123440742492676,0.14403299987316132,3.8208107948303223
269,0,0,1,0.24420040845870972,3.56459641456604,0.14078941941261292,3.6889266967773438,0.26098135113716125,3.753455400466919,0.14465083181858063,3.7767980098724365
270,0,0,1,0.24299465119838715,3.5766658782958984,0.15394312143325806,3.7132408618927,0.25846022367477417,3.7982418537139893,0.14889588952064514,3.7866415977478027
271,0,0,1,0.2417689710855484,3.569120407104492,0.13720203936100006,3.709409236907959,0.25575971603393555,3.784773588180542,0.14622528851032257,3.7479896545410156
272,0,0,1,0.23457428812980652,3.5810534954071045,0.12977319955825806,3.754664897918701,0.24072265625,3.872666358947754,0.13831312954425812,3.8791065216064453
273,0,0,1,0.24193836748600006,3.5728819370269775,0.13804906606674194,3.7114086151123047,0.2610909640789032,3.816342830657959,0.14754065871238708,3.7865729331970215
274,0,0,1,0.23743422329425812,3.5813992023468018,0.14483517408370972,3.7456398010253906,0.2431042641401291,3.8447697162628174,0.14078444242477417,3.8369195461273193
275,0,0,1,0.23113639652729034,3.599741220474243,0.12454161047935486,3.833653450012207,0.2142259180545807,3.9903712272644043,0.114676333963871,4.096975803375244
276,0,0,1,0.24095185101032257,3.572580575942993,0.13914021849632263,3.7150325775146484,0.25992506742477417,3.7917113304138184,0.1507493555545807,3.764939069747925
277,0,0,1,0.24510721862316132,3.5536041259765625,0.13920001685619354,3.6557376384735107,0.2752710282802582,3.7316102981567383,0.15222416818141937,3.76381254196167
278,0,0,1,0.24036391079425812,3.572157144546509,0.13964344561100006,3.719627618789673,0.2580915093421936,3.8234362602233887,0.14580675959587097,3.8154728412628174
279,0,0,1,0.24312420189380646,3.5677103996276855,0.14015166461467743,3.6981050968170166,0.2615194320678711,3.7823121547698975,0.1454480141401291,3.7861058712005615
280,0,0,1,0.24175900220870972,3.5705454349517822,0.1366141140460968,3.7096903324127197,0.26197782158851624,3.8237733840942383,0.1443917453289032,3.8576948642730713
281,0,0,1,0.2408621609210968,3.575772523880005,0.14033102989196777,3.71610164642334,0.2567562162876129,3.7971744537353516,0.14632493257522583,3.7809860706329346
282,0,0,1,0.2315848171710968,3.6011617183685303,0.12564772367477417,3.830280065536499,0.22158002853393555,3.9986507892608643,0.12308673560619354,4.0659003257751465
283,0,0,1,0.24416054785251617,3.5651376247406006,0.13492007553577423,3.6853649616241455,0.2660534977912903,3.8004419803619385,0.14917489886283875,3.8285906314849854
284,0,0,1,0.2442801296710968,3.5653913021087646,0.14226920902729034,3.6837570667266846,0.27076688408851624,3.7470924854278564,0.15377870202064514,3.7186365127563477
285,0,0,1,0.23061822354793549,3.5971999168395996,0.1236397847533226,3.833648920059204,0.22280572354793549,4.028221130371094,0.11742665618658066,4.146639347076416
286,0,0,1,0.23718510568141937,3.58125376701355,0.14562739431858063,3.7624881267547607,0.2483358532190323,3.8583123683929443,0.14423230290412903,3.8673484325408936
287,0,0,1,0.2263432741165161,3.6088755130767822,0.11977339535951614,3.875868320465088,0.2022879421710968,4.087684631347656,0.10776068270206451,4.193267822265625
288,0,0,1,0.22697106003761292,3.6097817420959473,0.12178132683038712,3.882415533065796,0.19990631937980652,4.103733539581299,0.10999282449483871,4.184997081756592
289,0,0,1,0.24362243711948395,3.57080340385437,0.14406289160251617,3.7056097984313965,0.26273515820503235,3.8092620372772217,0.14791932702064514,3.7919697761535645
290,0,0,1,0.23188376426696777,3.5949721336364746,0.12216995656490326,3.818923234939575,0.22846579551696777,3.9967286586761475,0.12222974747419357,4.070601463317871
291,0,0,1,0.2243303507566452,3.606565475463867,0.12237423658370972,3.8715035915374756,0.19995614886283875,4.057858943939209,0.10524951666593552,4.166445732116699
292,0,0,1,0.24479830265045166,3.5622811317443848,0.13930463790893555,3.6736650466918945,0.2774733006954193,3.7477104663848877,0.15613041818141937,3.7427878379821777
293,0,0,1,0.22690130770206451,3.6053578853607178,0.12302196025848389,3.8717751502990723,0.20777861773967743,4.082729816436768,0.10973373800516129,4.201234817504883
294,0,0,1,0.23879942297935486,3.578659772872925,0.1467036008834839,3.739165782928467,0.25260084867477417,3.836127758026123,0.1481584757566452,3.826876401901245
295,0,0,1,0.24390146136283875,3.564879894256592,0.1379145383834839,3.6748554706573486,0.27039819955825806,3.755887269973755,0.15529336035251617,3.7203543186187744
296,0,0,1,0.24321387708187103,3.566640615463257,0.1397630274295807,3.686713457107544,0.2733876705169678,3.7758703231811523,0.15200494229793549,3.757047414779663
297,0,0,1,0.22695112228393555,3.609703540802002,0.12103395909070969,3.8656346797943115,0.20770886540412903,4.067885398864746,0.11240433156490326,4.147872447967529
298,0,0,1,0.23927773535251617,3.56929874420166,0.1336844265460968,3.7123477458953857,0.25764310359954834,3.8296267986297607,0.14532844722270966,3.8396873474121094
299,0,0,1,0.23899872601032257,3.5835556983947754,0.13995236158370972,3.7453806400299072,0.24382174015045166,3.841916084289551,0.1397879421710968,3.857285499572754
300,0,0,1,0.23629821836948395,3.576561450958252,0.13935446739196777,3.7249813079833984,0.2566864490509033,3.8021273612976074,0.14861686527729034,3.805417776107788
301,0,0,1,0.22278578579425812,3.6215054988861084,0.11918048560619354,3.9071905612945557,0.20071348547935486,4.1331048011779785,0.10873724520206451,4.238636493682861
302,0,0,1,0.2354213148355484,3.6011850833892822,0.13860709965229034,3.8195478916168213,0.21826171875,3.987170696258545,0.12254862487316132,4.0243940353393555
303,0,3,0,0.22742944955825806,3.605266571044922,0.11936483532190323,3.8618357181549072,0.20573580265045166,4.031289577484131,0.10973373800516129,4.11714506149292
304,0,0,1,0.2272700071334839,3.610163450241089,0.1194545179605484,3.8696141242980957,0.21286073327064514,4.0950798988342285,0.1110491082072258,4.199030876159668
305,0,0,1,0.24500757455825806,3.560255527496338,0.13950394093990326,3.6667022705078125,0.2776327133178711,3.740605115890503,0.15306122601032257,3.748828172683716
306,0,0,1,0.22761878371238708,3.6157517433166504,0.13224947452545166,3.881249189376831,0.19721579551696777,4.094285488128662,0.1103515625,4.119198322296143
307,0,0,1,0.22821667790412903,3.6060168743133545,0.12042111158370972,3.852621078491211,0.21174465119838715,4.064473628997803,0.11471619457006454,4.120743751525879
308,0,0,1,0.2296316921710968,3.606231451034546,0.13397839665412903,3.8358497619628906,0.21281090378761292,4.034088611602783,0.12224967777729034,4.046462535858154
309,0,0,1,0.2401646226644516,3.570847749710083,0.13495993614196777,3.7310149669647217,0.2441505789756775,3.862781047821045,0.1286272257566452,3.9392623901367188
310,0,0,1,0.24127072095870972,3.5753345489501953,0.14296674728393555,3.722799301147461,0.25602877140045166,3.7987778186798096,0.14461097121238708,3.7771499156951904
311,0,0,1,0.24286511540412903,3.5663466453552246,0.14263790845870972,3.6951935291290283,0.26879385113716125,3.8013641834259033,0.14720185101032257,3.818305015563965
312,0,0,1,0.22645288705825806,3.6129372119903564,0.12744638323783875,3.8899879455566406,0.20296555757522583,4.084887981414795,0.10803969949483871,4.173030853271484
313,0,0,1,0.2314552664756775,3.6021440029144287,0.1299974024295807,3.823617458343506,0.22607421875,4.021642208099365,0.1258370578289032,4.089483737945557
314,0,0,1,0.22414101660251617,3.6209042072296143,0.12769551575183868,3.8919973373413086,0.1937181055545807,4.08847713470459,0.11051099747419357,4.1605048179626465
315,0,0,1,0.23889906704425812,3.5698673725128174,0.13643474876880646,3.717050790786743,0.2590680718421936,3.8199477195739746,0.1476004421710968,3.8421549797058105
316,0,0,1,0.23982581496238708,3.577678918838501,0.13304169476032257,3.7205452919006348,0.25408560037612915,3.8102989196777344,0.14702247083187103,3.7753829956054688
317,0,0,1,0.2421177476644516,3.564349412918091,0.13987763226032257,3.6906745433807373,0.2671396732330322,3.783310890197754,0.14841756224632263,3.781254291534424
318,0,0,1,0.24389149248600006,3.562328815460205,0.13862204551696777,3.6803250312805176,0.26510682702064514,3.7701849937438965,0.1466238796710968,3.7792577743530273
319,0,0,1,0.23955675959587097,3.582071542739868,0.14052534103393555,3.7549993991851807,0.23880939185619354,3.8482370376586914,0.13558274507522583,3.8734381198883057
320,0,0,1,0.23959662020206451,3.5712027549743652,0.14066486060619354,3.7179088592529297,0.2601741850376129,3.795625925064087,0.1531010866165161,3.783259630203247
321,0,0,1,0.23839086294174194,3.572085380554199,0.1335200071334839,3.7171430587768555,0.25744378566741943,3.818695545196533,0.14680324494838715,3.800841808319092
322,0,0,1,0.2414201945066452,3.570603132247925,0.14527861773967743,3.7069756984710693,0.2622967064380646,3.792037010192871,0.14943398535251617,3.793945074081421
323,0,0,1,0.22807715833187103,3.603198289871216,0.12229949980974197,3.8598549365997314,0.21070830523967743,4.075857162475586,0.11017218977212906,4.179450035095215
324,0,0,1,0.24409079551696777,3.572484254837036,0.1491001695394516,3.721102714538574,0.2548828125,3.7975213527679443,0.1499720960855484,3.789235830307007
325,0,0,1,0.24543605744838715,3.5612666606903076,0.14037586748600006,3.6737418174743652,0.27034837007522583,3.7583487033843994,0.1502511203289032,3.73763108253479
326,0,0,1,0.23794244229793549,3.5723259449005127,0.1331263929605484,3.717205047607422,0.25758329033851624,3.8299741744995117,0.14407286047935486,3.861114978790283
327,0,0,1,0.2436622977256775,3.5640029907226562,0.13980787992477417,3.681183099746704,0.2720523774623871,3.748690605163574,0.15338009595870972,3.715176820755005
328,0,0,1,0.23314930498600006,3.589690923690796,0.12565270066261292,3.805067539215088,0.22253666818141937,3.979580879211426,0.11754623800516129,4.083078861236572
329,0,0,1,0.22654256224632263,3.6170053482055664,0.13632513582706451,3.8725924491882324,0.20044443011283875,4.050360202789307,0.11547353118658066,4.071453094482422
330,0,0,1,0.2302594780921936,3.5996882915496826,0.12351522594690323,3.8216216564178467,0.22325414419174194,4.011961936950684,0.12201052159070969,4.09702730178833
331,0,0,1,0.24681122601032257,3.5209949016571045,0.14996212720870972,3.5795068740844727,0.30207669734954834,3.620967149734497,0.1674107164144516,3.6267857551574707
332,0,0,1,0.24418048560619354,3.5606839656829834,0.13863201439380646,3.6738786697387695,0.2726702094078064,3.755655527114868,0.15142697095870972,3.75032901763916
333,0,0,1,0.24127072095870972,3.573021650314331,0.14435188472270966,3.7226288318634033,0.25081712007522583,3.801072597503662,0.14120295643806458,3.8012702465057373
334,0,0,1,0.2237025648355484,3.616063117980957,0.12573739886283875,3.8996670246124268,0.1952527016401291,4.086301803588867,0.11172671616077423,4.1608991622924805
335,0,0,1,0.24282525479793549,3.5717334747314453,0.1442273110151291,3.711610794067383,0.25762316584587097,3.8018798828125,0.14917489886283875,3.797194480895996
336,0,0,1,0.24755859375,3.557058334350586,0.14063496887683868,3.6575498580932617,0.2759586274623871,3.7105045318603516,0.15682795643806458,3.6829330921173096
337,0,0,1,0.24549585580825806,3.561779499053955,0.14073461294174194,3.679954767227173,0.26448899507522583,3.755406618118286,0.1491948366165161,3.741116762161255
338,0,0,1,0.2478376030921936,3.5570342540740967,0.14402303099632263,3.6436727046966553,0.28629225492477417,3.6865298748016357,0.16081392765045166,3.6956253051757812
339,0,0,1,0.23937737941741943,3.572391986846924,0.13632513582706451,3.71294903755188,0.2536969780921936,3.796339273452759,0.14664381742477417,3.7749388217926025
340,0,0,1,0.23569037020206451,3.5916624069213867,0.14600107073783875,3.7893731594085693,0.2346540093421936,3.8847036361694336,0.13335059583187103,3.8907487392425537
341,0,0,1,0.22932277619838715,3.609264373779297,0.1363002210855484,3.857069730758667,0.20344386994838715,4.050352573394775,0.1162109375,4.072714805603027
342,0,0,1,0.23655731976032257,3.5869665145874023,0.13677853345870972,3.770071506500244,0.24084222316741943,3.91501522064209,0.1335698366165161,3.965383529663086
343,0,0,1,0.24390146136283875,3.566840887069702,0.13887615501880646,3.675097703933716,0.2778918147087097,3.7367589473724365,0.15937897562980652,3.6833813190460205
344,0,0,1,0.24398118257522583,3.563347578048706,0.14364436268806458,3.685258388519287,0.2718530595302582,3.7451705932617188,0.1560307741165161,3.7316386699676514
345,0,0,1,0.23634804785251617,3.5823845863342285,0.1380540430545807,3.7437562942504883,0.2510462999343872,3.8217759132385254,0.1478794664144516,3.793396234512329
346,0,0,1,0.2327108532190323,3.5869052410125732,0.12423767894506454,3.773571252822876,0.24342314898967743,3.918863534927368,0.134765625,3.956965446472168
347,0,0,1,0.24181878566741943,3.5644290447235107,0.1360909640789032,3.685948610305786,0.2634028196334839,3.783982038497925,0.1501713991165161,3.766954183578491
348,0,0,1,0.2412208914756775,3.573098659515381,0.14217951893806458,3.722666025161743,0.2560686469078064,3.8154258728027344,0.14445152878761292,3.830160140991211
349,0,0,1,0.23775310814380646,3.5812482833862305,0.13592155277729034,3.7383430004119873,0.24905332922935486,3.786940336227417,0.150390625,3.7460906505584717
350,0,0,1,0.24004504084587097,3.5739965438842773,0.13663902878761292,3.7233080863952637,0.26259565353393555,3.821493625640869,0.14965321123600006,3.8114264011383057
351,0,0,1,0.2310965359210968,3.6009228229522705,0.13122309744358063,3.8206324577331543,0.22576530277729034,3.9675140380859375,0.1275111585855484,3.9907784461975098
352,1,1,1,0.32057157158851624,3.5929126739501953,0.3831712305545807,3.6628782749176025,0.3579699397087097,3.718008041381836,0.21653778851032257,3.7013344764709473
353,1,1,1,0.2880958914756775,3.6246066093444824,0.37110868096351624,3.738839626312256,0.33821946382522583,3.786099433898926,0.21906886994838715,3.731441020965576
354,1,1,1,0.36652982234954834,3.59409499168396,0.5194315910339355,3.6328320503234863,0.4349888265132904,3.6378860473632812,0.26480787992477417,3.6284337043762207
355,1,1,1,0.3293706178665161,3.605360984802246,0.4482521414756775,3.674699306488037,0.38459619879722595,3.69566011428833,0.22955197095870972,3.6957805156707764
356,1,1,1,0.33738240599632263,3.6058716773986816,0.44138631224632263,3.6840882301330566,0.3795340359210968,3.7091920375823975,0.2327008843421936,3.6724905967712402
357,1,1,1,0.36652982234954834,3.59409499168396,0.5194315910339355,3.6328320503234863,0.4349888265132904,3.6378860473632812,0.26480787992477417,3.6284337043762207
358,1,1,1,0.2652861773967743,3.593944787979126,0.25608357787132263,3.7288167476654053,0.29697462916374207,3.7639756202697754,0.17777423560619354,3.7410314083099365
359,1,1,1,0.3489716053009033,3.5989434719085693,0.5004683136940002,3.6495230197906494,0.42490431666374207,3.666088104248047,0.2583506107330322,3.6603410243988037
360,1,1,1,0.3489815890789032,3.5969276428222656,0.46575552225112915,3.671006441116333,0.4094586968421936,3.6977124214172363,0.24433991312980652,3.665008068084717
361,1,1,1,0.2886240482330322,3.62011456489563,0.3491559624671936,3.7322089672088623,0.31914660334587097,3.7858057022094727,0.19708625972270966,3.7642836570739746
362,1,1,1,0.34295278787612915,3.6041085720062256,0.47953203320503235,3.6660985946655273,0.4151287376880646,3.6695072650909424,0.2527104616165161,3.655362844467163
363,1,1,1,0.26232659816741943,3.5925166606903076,0.23676159977912903,3.7217955589294434,0.291015625,3.785508871078491,0.1685267835855484,3.7825212478637695
364,1,1,1,0.26273515820503235,3.63297438621521,0.2947923243045807,3.787411689758301,0.27738359570503235,3.8930163383483887,0.17807318270206451,3.8492445945739746
365,1,1,1,0.28616270422935486,3.6138176918029785,0.3283940553665161,3.736276626586914,0.31616708636283875,3.823972463607788,0.18550701439380646,3.790287971496582
366,1,1,1,0.3331373631954193,3.6030631065368652,0.43601521849632263,3.6755800247192383,0.38235411047935486,3.686525821685791,0.2356305718421936,3.6760551929473877
367,1,1,1,0.2588587999343872,3.626246213912964,0.27132493257522583,3.7897751331329346,0.27896803617477417,3.903482675552368,0.17440608143806458,3.8402469158172607
368,1,1,1,0.2746133506298065,3.630343198776245,0.3235809803009033,3.7560667991638184,0.3021863102912903,3.831228256225586,0.20011559128761292,3.7779104709625244
369,1,2,0,0.23115631937980652,3.630340099334717,0.17698700726032257,3.886323928833008,0.22966158390045166,4.081095218658447,0.11848293989896774,4.1831793785095215
370,1,1,1,0.32445791363716125,3.601289987564087,0.41356924176216125,3.675899028778076,0.36325135827064514,3.723369836807251,0.21857061982154846,3.711315870285034
371,1,3,0,0.22652263939380646,3.6231744289398193,0.12807416915893555,3.917448043823242,0.21570073068141937,4.07096004486084,0.12529894709587097,4.114044666290283
372,1,1,1,0.28408002853393555,3.5527570247650146,0.26459363102912903,3.6166462898254395,0.34337133169174194,3.6260955333709717,0.20491868257522583,3.6485118865966797
373,1,1,1,0.3325693607330322,3.596841812133789,0.4333047568798065,3.676218271255493,0.38662904500961304,3.7186524868011475,0.22339364886283875,3.7091622352600098
374,1,1,1,0.320155531167984,3.6104986667633057,0.44284120202064514,3.6840457916259766,0.3918008506298065,3.700493335723877,0.2500597834587097,3.679046869277954
375,1,1,1,0.3786172568798065,3.585024356842041,0.5186991691589355,3.6182315349578857,0.43992146849632263,3.6471786499023438,0.2615991532802582,3.6135151386260986
376,1,1,1,0.27422472834587097,3.6253135204315186,0.32628148794174194,3.7680115699768066,0.30742785334587097,3.8488540649414062,0.18496890366077423,3.823725938796997
377,1,1,1,0.22571547329425812,3.598207473754883,0.13773517310619354,3.8084936141967773,0.23817163705825806,3.901970624923706,0.14357461035251617,3.8675734996795654
378,1,1,1,0.39674344658851624,3.587783098220825,0.5734813213348389,3.612423896789551,0.4800402522087097,3.6168394088745117,0.29858896136283875,3.607395648956299
379,1,1,1,0.2790178656578064,3.6213929653167725,0.3169543147087097,3.731222629547119,0.2903977930545807,3.8086953163146973,0.1853276491165161,3.7776105403900146
380,1,1,1,0.27781209349632263,3.609204053878784,0.28615275025367737,3.7414681911468506,0.28470781445503235,3.8498477935791016,0.16372369229793549,3.845283031463623
381,1,1,1,0.24921277165412903,3.6120197772979736,0.22567063570022583,3.8454065322875977,0.28455835580825806,3.9701988697052,0.15385840833187103,4.025777339935303
382,1,1,1,0.3017677664756775,3.613182306289673,0.39238879084587097,3.7092463970184326,0.3571528196334839,3.752434253692627,0.21859055757522583,3.7067832946777344
383,1,1,1,0.2653559446334839,3.6218032836914062,0.2824956178665161,3.7617905139923096,0.2869798243045807,3.853224039077759,0.17908960580825806,3.8181614875793457
384,1,1,1,0.3057138919830322,3.614720106124878,0.3889508843421936,3.702756643295288,0.3456433415412903,3.746208906173706,0.2152622789144516,3.720303773880005
385,1,1,1,0.29427415132522583,3.6203651428222656,0.3643076419830322,3.740966558456421,0.33682435750961304,3.8001835346221924,0.20637355744838715,3.760695219039917
386,1,1,1,0.24844546616077423,3.64062237739563,0.27612802386283875,3.842439651489258,0.2652762234210968,3.9451560974121094,0.16342474520206451,3.882439136505127
387,1,1,1,0.3025948703289032,3.623131036758423,0.39117804169654846,3.7228667736053467,0.3394850194454193,3.7486205101013184,0.2136678844690323,3.745826005935669
388,1,1,1,0.2996651828289032,3.616320848464966,0.37885144352912903,3.699093818664551,0.33653539419174194,3.735994338989258,0.21625876426696777,3.7089669704437256
389,1,1,1,0.3390066921710968,3.6017048358917236,0.4461744427680969,3.6617493629455566,0.3826829493045807,3.696638345718384,0.2278977930545807,3.672584056854248
390,1,1,1,0.2815290093421936,3.611708879470825,0.3025699555873871,3.719301223754883,0.3166753053665161,3.811447858810425,0.1802455335855484,3.785935401916504
391,1,1,1,0.2461635023355484,3.638181686401367,0.2551518678665161,3.828080415725708,0.2504185140132904,3.946199655532837,0.16039539873600006,3.962226629257202
392,1,1,1,0.3750099539756775,3.5899078845977783,0.521484375,3.6194870471954346,0.43766939640045166,3.639580249786377,0.2652263939380646,3.6207544803619385
393,1,1,1,0.23273077607154846,3.637807846069336,0.1838129758834839,3.9314756393432617,0.23000039160251617,4.14345121383667,0.12420280277729034,4.196245193481445
394,1,1,1,0.31485170125961304,3.6062793731689453,0.3808693289756775,3.6816670894622803,0.3398337662220001,3.733337163925171,0.2005540430545807,3.7090330123901367
395,1,1,1,0.3200235068798065,3.6100263595581055,0.40974268317222595,3.6957573890686035,0.3718709945678711,3.7306394577026367,0.22183911502361298,3.6917617321014404
396,1,1,1,0.28820550441741943,3.61112642288208,0.339808851480484,3.727570056915283,0.3279256820678711,3.801689624786377,0.20206871628761292,3.781931161880493
397,1,1,1,0.2691924273967743,3.592618703842163,0.24951171875,3.7151644229888916,0.3016083240509033,3.7779760360717773,0.1784319132566452,3.7426559925079346
398,1,1,1,0.25157445669174194,3.641646146774292,0.28351202607154846,3.80011248588562,0.27583903074264526,3.8935370445251465,0.18644371628761292,3.829930543899536
399,1,1,1,0.30340200662612915,3.617039442062378,0.37994757294654846,3.717193126678467,0.33192163705825806,3.7526495456695557,0.20448023080825806,3.7489278316497803
400,1,1,1,0.3139548599720001,3.6040120124816895,0.38594645261764526,3.6844089031219482,0.3521305024623871,3.738715887069702,0.20762914419174194,3.713956594467163
401,1,2,0,0.22919324040412903,3.581869602203369,0.1244070827960968,3.7380752563476562,0.24410076439380646,3.8505470752716064,0.14395327866077423,3.84466290473938
402,1,1,1,0.2894909977912903,3.6116485595703125,0.32108476758003235,3.722172975540161,0.31043726205825806,3.8158764839172363,0.17986686527729034,3.799224376678467
403,1,1,1,0.3196149468421936,3.615358352661133,0.4398965537548065,3.696089029312134,0.38144728541374207,3.7034144401550293,0.23712530732154846,3.697848320007324
404,1,1,1,0.29188257455825806,3.6128504276275635,0.3435307741165161,3.7253291606903076,0.3041394352912903,3.776383399963379,0.19050940871238708,3.7493462562561035
405,1,2,0,0.2314453125,3.631232261657715,0.1860700249671936,3.9226670265197754,0.24819634854793549,4.098165035247803,0.12687340378761292,4.207979679107666
406,1,1,1,0.3666394352912903,3.599353075027466,0.5396404266357422,3.6551315784454346,0.4605189561843872,3.656705856323242,0.28896284103393555,3.6456997394561768
407,1,1,1,0.3060028553009033,3.614302396774292,0.4050641655921936,3.7072253227233887,0.3656429350376129,3.7496798038482666,0.22456951439380646,3.738551616668701
408,1,1,1,0.24926258623600006,3.626049518585205,0.23250159621238708,3.7843306064605713,0.25652700662612915,3.8399176597595215,0.16523835062980652,3.781449794769287
409,1,1,1,0.37768056988716125,3.5985066890716553,0.5459930896759033,3.652902364730835,0.4576490521430969,3.6406610012054443,0.28541532158851624,3.640388250350952
410,1,1,1,0.3611088991165161,3.59680438041687,0.5262974500656128,3.6427719593048096,0.45365312695503235,3.642548084259033,0.2811104953289032,3.6208436489105225
411,1,1,1,0.2736367881298065,3.6260743141174316,0.318324476480484,3.7624943256378174,0.2909359037876129,3.8315865993499756,0.18371333181858063,3.775005340576172
412,1,1,1,0.23342832922935486,3.619338274002075,0.16902004182338715,3.8487751483917236,0.2224469780921936,4.001836776733398,0.1319754421710968,4.040319919586182
413,1,1,1,0.27829042077064514,3.622551679611206,0.2973184287548065,3.7425637245178223,0.2779217064380646,3.8314449787139893,0.16751036047935486,3.8309340476989746
414,1,1,1,0.2876574397087097,3.6079952716827393,0.3269541263580322,3.719388723373413,0.3123804032802582,3.788407564163208,0.18853634595870972,3.749788522720337
415,1,1,1,0.23802216351032257,3.6255128383636475,0.1846849024295807,3.836026668548584,0.2265625,3.9919509887695312,0.13366948068141937,3.9685404300689697
416,1,1,1,0.2526705861091614,3.6360623836517334,0.25857481360435486,3.8073878288269043,0.2628447711467743,3.9057512283325195,0.17486447095870972,3.852404832839966
417,1,1,1,0.2866709232330322,3.622671127319336,0.35161730647087097,3.7362940311431885,0.323451429605484,3.7910594940185547,0.20045439898967743,3.7718234062194824
418,1,1,1,0.2307577282190323,3.660405158996582,0.2659986913204193,3.8657350540161133,0.2525908648967743,3.9721477031707764,0.17883051931858063,3.897024393081665
419,1,1,1,0.31252989172935486,3.617479085922241,0.46012037992477417,3.7169835567474365,0.415547251701355,3.736361265182495,0.27144449949264526,3.7146108150482178
420,1,1,1,0.27884843945503235,3.5767786502838135,0.2709064185619354,3.687596559524536,0.34949976205825806,3.68209171295166,0.1842912882566452,3.6873581409454346
421,1,1,1,0.2826351225376129,3.629305839538574,0.3691854476928711,3.7536473274230957,0.33005818724632263,3.8186099529266357,0.2083665430545807,3.7965567111968994
422,1,1,1,0.3973313868045807,3.5808191299438477,0.5353854298591614,3.600163698196411,0.4472556412220001,3.6139073371887207,0.2606026828289032,3.599418878555298
423,1,1,1,0.32619181275367737,3.6096413135528564,0.4435935318470001,3.686513662338257,0.3846360743045807,3.7020130157470703,0.23491309583187103,3.706965208053589
424,1,1,1,0.3394252061843872,3.6016087532043457,0.4684360921382904,3.6672303676605225,0.40531328320503235,3.684319257736206,0.24160952866077423,3.669388771057129
425,1,1,1,0.35265862941741943,3.587341070175171,0.43827226758003235,3.6278436183929443,0.3822046220302582,3.682466506958008,0.20408162474632263,3.6610350608825684
426,1,1,1,0.24810665845870972,3.6031408309936523,0.22342853248119354,3.758892059326172,0.3036411702632904,3.798332929611206,0.176618292927742,3.7659671306610107
427,1,1,1,0.2864217758178711,3.6161153316497803,0.3194405734539032,3.7249231338500977,0.30492666363716125,3.803300619125366,0.18672272562980652,3.773508310317993
428,1,1,1,0.24921277165412903,3.6443281173706055,0.25756338238716125,3.818779706954956,0.24780771136283875,3.8876466751098633,0.17783401906490326,3.8510589599609375
429,1,1,1,0.2561383843421936,3.5900638103485107,0.21232262253761292,3.7228140830993652,0.2814592719078064,3.779111385345459,0.16185028851032257,3.7395641803741455
430,1,1,1,0.2678571343421936,3.6010043621063232,0.27109572291374207,3.7341296672821045,0.3060028553009033,3.796111822128296,0.17845185101032257,3.779651641845703
431,1,1,1,0.3223553001880646,3.612414598464966,0.4674346148967743,3.7084720134735107,0.4150988459587097,3.7130064964294434,0.2560586631298065,3.71155047416687
432,1,1,1,0.34238478541374207,3.6049652099609375,0.4623574912548065,3.669644594192505,0.399433970451355,3.683739185333252,0.24519690871238708,3.6547183990478516
433,1,1,1,0.34198620915412903,3.5975406169891357,0.43889009952545166,3.6521847248077393,0.3904157280921936,3.686490297317505,0.22319434583187103,3.675328254699707
434,1,1,1,0.36450693011283875,3.595040798187256,0.5621262788772583,3.652972459793091,0.4924166798591614,3.644116163253784,0.30193716287612915,3.6498348712921143
435,1,1,1,0.3135562837123871,3.608402729034424,0.397670179605484,3.6767234802246094,0.3585478961467743,3.708540678024292,0.2157605141401291,3.693885087966919
436,1,1,1,0.26685068011283875,3.62982177734375,0.2994559109210968,3.7795746326446533,0.2772939205169678,3.866065263748169,0.17269212007522583,3.8718984127044678
437,1,1,1,0.36652982234954834,3.59409499168396,0.5194315910339355,3.6328320503234863,0.4349888265132904,3.6378860473632812,0.26480787992477417,3.6284337043762207
438,1,1,1,0.2174944132566452,3.689269781112671,0.2573491334915161,4.032100200653076,0.27765265107154846,4.086817741394043,0.15724648535251617,4.144740104675293
439,1,1,1,0.23147520422935486,3.6448404788970947,0.1883719265460968,3.9369428157806396,0.23280054330825806,4.160987854003906,0.12330596148967743,4.2485857009887695
440,1,1,1,0.3014189898967743,3.5809309482574463,0.3060825765132904,3.651289224624634,0.32500597834587097,3.698421001434326,0.1806042641401291,3.6926727294921875
441,1,1,1,0.30249521136283875,3.6213269233703613,0.397216796875,3.7161171436309814,0.35181161761283875,3.748250961303711,0.21829161047935486,3.726924180984497
442,1,1,1,0.2745436131954193,3.6226634979248047,0.31617704033851624,3.7632133960723877,0.29885801672935486,3.8362176418304443,0.18301577866077423,3.8044211864471436
443,1,1,1,0.27675580978393555,3.622223138809204,0.30615234375,3.752042531967163,0.30494657158851624,3.8312201499938965,0.18076370656490326,3.7992281913757324
444,1,1,1,0.3549206852912903,3.603532075881958,0.527119517326355,3.6648612022399902,0.4568917453289032,3.6726934909820557,0.2880261540412903,3.672640562057495
445,1,1,1,0.2575434446334839,3.6099438667297363,0.2323521226644516,3.766779661178589,0.24688097834587097,3.8581230640411377,0.14789938926696777,3.848403215408325
446,1,1,1,0.2500597834587097,3.6486012935638428,0.29407984018325806,3.808481454849243,0.2759287357330322,3.845576047897339,0.19523277878761292,3.813903570175171
447,1,1,1,0.32676976919174194,3.6067028045654297,0.45716577768325806,3.6859025955200195,0.3968929350376129,3.6992392539978027,0.2450573891401291,3.6938841342926025
448,1,1,1,0.31414419412612915,3.612339496612549,0.42749521136283875,3.716480255126953,0.37232938408851624,3.7489562034606934,0.22427056729793549,3.7628188133239746
449,1,1,1,0.2760881781578064,3.616617441177368,0.3092464506626129,3.7464029788970947,0.29914700984954834,3.824650287628174,0.18871571123600006,3.7884676456451416
450,1,1,1,0.2762276828289032,3.623340606689453,0.3416573703289032,3.742781400680542,0.3184291124343872,3.8197152614593506,0.19535236060619354,3.776372194290161
451,1,1,1,0.30632174015045166,3.5753090381622314,0.3058932423591614,3.6368701457977295,0.3453643023967743,3.6756014823913574,0.19122688472270966,3.6484627723693848
452,1,1,1,0.3134067952632904,3.6148293018341064,0.4391292631626129,3.6982810497283936,0.39241868257522583,3.7268409729003906,0.25910794734954834,3.7109453678131104
453,1,1,1,0.31664541363716125,3.614237070083618,0.45430582761764526,3.688378095626831,0.40576171875,3.708637237548828,0.26817601919174194,3.675163507461548
454,1,3,0,0.22884446382522583,3.613193988800049,0.1387765109539032,3.8810181617736816,0.20761917531490326,4.090328693389893,0.11256377398967743,4.1944050788879395
455,1,1,1,0.2776925265789032,3.622743844985962,0.3343530595302582,3.7414538860321045,0.31136399507522583,3.803398847579956,0.20218829810619354,3.7784130573272705
456,1,1,1,0.36652982234954834,3.59409499168396,0.5194315910339355,3.6328320503234863,0.4349888265132904,3.6378860473632812,0.26480787992477417,3.6284337043762207
457,1,1,1,0.3187778890132904,3.6069395542144775,0.4236637055873871,3.6897366046905518,0.3661511540412903,3.723029613494873,0.2216198891401291,3.741546869277954
458,1,1,1,0.3101084232330322,3.6159703731536865,0.3999621272087097,3.7238707542419434,0.3519909977912903,3.747133493423462,0.21926817297935486,3.7011451721191406
459,1,1,1,0.3089425265789032,3.6115214824676514,0.375209242105484,3.6870102882385254,0.3399932086467743,3.737682819366455,0.2146444469690323,3.699907064437866
460,1,1,1,0.23616868257522583,3.659029483795166,0.26682576537132263,3.877467155456543,0.2504085600376129,3.9799435138702393,0.16366389393806458,3.932537794113159
461,1,1,1,0.2935267686843872,3.622114419937134,0.3515625,3.7426304817199707,0.3245077133178711,3.794226884841919,0.20101243257522583,3.748661518096924
462,1,1,1,0.2611607015132904,3.6202685832977295,0.2874780595302582,3.7835280895233154,0.3003627061843872,3.876882791519165,0.18335458636283875,3.841195583343506
463,1,1,1,0.2428950071334839,3.6383590698242188,0.21817202866077423,3.873663902282715,0.23226243257522583,4.0471510887146,0.13566246628761292,4.035257816314697
464,1,1,1,0.36065050959587097,3.597093343734741,0.5225505828857422,3.6504509449005127,0.44708624482154846,3.6634645462036133,0.28156888484954834,3.6476500034332275
465,1,1,1,0.28653138875961304,3.60892391204834,0.34677931666374207,3.71816086769104,0.34356066584587097,3.7576065063476562,0.213727667927742,3.6984333992004395
466,1,1,1,0.2578822374343872,3.6328296661376953,0.27170857787132263,3.783874034881592,0.26832547783851624,3.8736212253570557,0.18114237487316132,3.8279237747192383
467,1,1,1,0.2834223508834839,3.580374002456665,0.26922231912612915,3.668134927749634,0.3219965696334839,3.7023489475250244,0.17464524507522583,3.6977062225341797
468,1,1,1,0.2654854953289032,3.579986572265625,0.23160973191261292,3.701107978820801,0.3084542453289032,3.7245590686798096,0.17727598547935486,3.7025294303894043
469,1,1,1,0.35424306988716125,3.6031956672668457,0.49509724974632263,3.66516375541687,0.41683274507522583,3.6743006706237793,0.25729432702064514,3.672889232635498
470,1,1,1,0.30375078320503235,3.5818188190460205,0.34185168147087097,3.6531169414520264,0.35091477632522583,3.6567087173461914,0.1843710094690323,3.6516051292419434
471,1,1,1,0.2645986080169678,3.627462148666382,0.2965112626552582,3.774092197418213,0.27618780732154846,3.841679811477661,0.1715959757566452,3.8311266899108887
472,1,1,1,0.34273356199264526,3.5996975898742676,0.4404197037220001,3.6422834396362305,0.37832826375961304,3.6829795837402344,0.22584502398967743,3.6743733882904053
473,1,1,1,0.24662189185619354,3.5133137702941895,0.14874641597270966,3.5540966987609863,0.3228037357330322,3.6111934185028076,0.1779536008834839,3.651808738708496
474,1,1,1,0.2713348865509033,3.6202211380004883,0.3048519194126129,3.7482717037200928,0.29495176672935486,3.8253657817840576,0.17908960580825806,3.802581787109375
475,1,1,1,0.2980707883834839,3.6138339042663574,0.38403818011283875,3.715301275253296,0.3506756126880646,3.7498791217803955,0.22263631224632263,3.716677188873291
476,1,1,1,0.24768812954425812,3.659679651260376,0.28721898794174194,3.8862366676330566,0.26796674728393555,3.9666430950164795,0.17077885568141937,3.9507527351379395
477,1,1,1,0.3156987428665161,3.598402738571167,0.4029266834259033,3.683488130569458,0.3782186508178711,3.7209062576293945,0.22010523080825806,3.70137619972229
478,1,1,1,0.24662189185619354,3.5133137702941895,0.14874641597270966,3.5540966987609863,0.3228037357330322,3.6111934185028076,0.1779536008834839,3.651808738708496
479,1,1,1,0.25351759791374207,3.632129192352295,0.2636270225048065,3.8017804622650146,0.2684749662876129,3.9091382026672363,0.17444594204425812,3.885296583175659
480,1,1,1,0.25679606199264526,3.6351959705352783,0.2784498631954193,3.79672908782959,0.28540536761283875,3.893718719482422,0.17835219204425812,3.868253469467163
481,1,1,1,0.2922711968421936,3.609478235244751,0.33138352632522583,3.710810422897339,0.30150869488716125,3.7706315517425537,0.18152104318141937,3.78348708152771
482,1,1,1,0.30478712916374207,3.599555253982544,0.34210577607154846,3.680696725845337,0.33791056275367737,3.7610440254211426,0.18714125454425812,3.7543129920959473
483,1,1,1,0.25135523080825806,3.5252537727355957,0.1593889445066452,3.583057165145874,0.3126494586467743,3.615999937057495,0.17783401906490326,3.6570661067962646
484,1,1,1,0.31122449040412903,3.6084144115448,0.4004404544830322,3.689486026763916,0.3556182086467743,3.7381398677825928,0.21486367285251617,3.7177441120147705
485,1,1,1,0.28225645422935486,3.6152868270874023,0.32087552547454834,3.7228925228118896,0.31220105290412903,3.797733783721924,0.19700653851032257,3.7528579235076904
486,1,1,1,0.29246053099632263,3.6110939979553223,0.3405064046382904,3.7277767658233643,0.3176717758178711,3.769754409790039,0.18211893737316132,3.7527904510498047
487,1,1,1,0.3001733720302582,3.608870267868042,0.3580945134162903,3.701298236846924,0.3359972834587097,3.7737410068511963,0.20077326893806458,3.7448878288269043
488,1,1,1,0.3145826756954193,3.61319637298584,0.3778100907802582,3.68154239654541,0.3352997303009033,3.7354671955108643,0.2172951102256775,3.7083370685577393
489,1,1,1,0.30353155732154846,3.6089625358581543,0.38617566227912903,3.717109441757202,0.3588368892669678,3.754235029220581,0.21446508169174194,3.747978925704956
490,1,1,1,0.26488760113716125,3.612745523452759,0.26283979415893555,3.74871563911438,0.27403539419174194,3.836254596710205,0.16876594722270966,3.8326642513275146
491,1,1,1,0.24593430757522583,3.525405168533325,0.14764030277729034,3.5921976566314697,0.30708903074264526,3.6221566200256348,0.1781529039144516,3.659917116165161
492,1,1,1,0.2789580523967743,3.6336357593536377,0.37133291363716125,3.7676310539245605,0.33499082922935486,3.8077163696289062,0.21717554330825806,3.7835183143615723
493,1,1,1,0.27111566066741943,3.6139228343963623,0.27770745754241943,3.757288694381714,0.3101980984210968,3.8673906326293945,0.1720145046710968,3.850886344909668
494,1,1,1,0.2574637234210968,3.5875682830810547,0.21542170643806458,3.714080810546875,0.28233617544174194,3.762362003326416,0.16745057702064514,3.729945182800293
495,1,1,1,0.27418485283851624,3.604506731033325,0.2731036841869354,3.7514822483062744,0.30876314640045166,3.8204615116119385,0.1630261391401291,3.863569736480713
496,1,1,1,0.2590680718421936,3.6188552379608154,0.2832728624343872,3.7878074645996094,0.2972337305545807,3.8508784770965576,0.19728554785251617,3.8331143856048584
497,1,1,1,0.27439412474632263,3.6264164447784424,0.2941645383834839,3.7486112117767334,0.28525587916374207,3.8339970111846924,0.16856664419174194,3.790257692337036
498,1,1,1,0.3344228267669678,3.6023242473602295,0.4539869427680969,3.668865203857422,0.4010283648967743,3.6857171058654785,0.23854033648967743,3.6703150272369385
499,1,1,1,0.2965162694454193,3.610633134841919,0.3514678180217743,3.709615707397461,0.33236008882522583,3.7823283672332764,0.2013911008834839,3.7219197750091553
500,1,3,0,0.23014986515045166,3.6198909282684326,0.12511958181858063,3.9059414863586426,0.2141362428665161,4.072176456451416,0.11700812727212906,4.104241371154785
501,1,1,1,0.21243223547935486,3.6180691719055176,0.1380092054605484,3.9200692176818848,0.21961694955825806,4.001814842224121,0.13492506742477417,4.036632061004639
502,1,1,1,0.3138950765132904,3.6096508502960205,0.42047491669654846,3.697740316390991,0.36653977632522583,3.7359650135040283,0.22819674015045166,3.728733539581299
503,1,1,1,0.2965162694454193,3.615304470062256,0.36213529109954834,3.7208938598632812,0.33464205265045166,3.779613971710205,0.20017537474632263,3.754579782485962
504,1,1,1,0.31910672783851624,3.599787712097168,0.38193556666374207,3.6737632751464844,0.35196107625961304,3.7250566482543945,0.2009725719690323,3.7314558029174805
505,1,1,1,0.3013392686843872,3.617724895477295,0.41135701537132263,3.717590570449829,0.36061063408851624,3.760390281677246,0.22118143737316132,3.7596864700317383
506,1,1,1,0.24273556470870972,3.628391981124878,0.24247150123119354,3.8167059421539307,0.24015465378761292,3.907219886779785,0.160016730427742,3.848050832748413
507,1,1,1,0.3137555718421936,3.606872797012329,0.3867037892341614,3.6910312175750732,0.3504464328289032,3.7538671493530273,0.20740991830825806,3.7232632637023926
508,1,1,1,0.3613380789756775,3.5934200286865234,0.48850545287132263,3.6414096355438232,0.4029117524623871,3.6626765727996826,0.24322384595870972,3.657571315765381
509,1,1,1,0.23984573781490326,3.5787527561187744,0.15074437856674194,3.7238142490386963,0.27310866117477417,3.774838447570801,0.16101323068141937,3.75529146194458
510,1,1,1,0.36652982234954834,3.59409499168396,0.5194315910339355,3.6328320503234863,0.4349888265132904,3.6378860473632812,0.26480787992477417,3.6284337043762207
511,1,1,1,0.2702885866165161,3.5867128372192383,0.2526357173919678,3.7010550498962402,0.3180703818798065,3.7335128784179688,0.18618462979793549,3.705202341079712
512,1,1,1,0.3640385866165161,3.590413808822632,0.49626314640045166,3.6386618614196777,0.41166093945503235,3.6598000526428223,0.25109612941741943,3.651559591293335
513,1,1,1,0.31999361515045166,3.6066579818725586,0.39541810750961304,3.6814849376678467,0.3381795883178711,3.7212777137756348,0.21043924987316132,3.7422103881835938
514,1,1,1,0.26139986515045166,3.6346447467803955,0.2863619923591614,3.7887392044067383,0.2755998969078064,3.8619518280029297,0.16340480744838715,3.8502256870269775
515,1,1,1,0.2991968095302582,3.617352247238159,0.3857870101928711,3.7245476245880127,0.3374122977256775,3.7636444568634033,0.21591995656490326,3.7300167083740234
516,1,1,1,0.36652982234954834,3.59409499168396,0.5194315910339355,3.6328320503234863,0.4349888265132904,3.6378860473632812,0.26480787992477417,3.6284337043762207
517,1,1,1,0.29636678099632263,3.6177666187286377,0.3993991017341614,3.7251031398773193,0.36303213238716125,3.7567455768585205,0.2228754758834839,3.734149932861328
518,1,1,1,0.30773675441741943,3.6201670169830322,0.41540277004241943,3.722883939743042,0.37559789419174194,3.742783546447754,0.23094706237316132,3.715740442276001
519,1,1,1,0.3175223171710968,3.6060757637023926,0.38643473386764526,3.6824352741241455,0.35306718945503235,3.731675624847412,0.20613440871238708,3.7229044437408447
520,1,1,1,0.34853315353393555,3.574450969696045,0.38697782158851624,3.6021528244018555,0.37629541754722595,3.66619873046875,0.20559629797935486,3.6566498279571533
521,1,1,1,0.3325892686843872,3.6205058097839355,0.46761399507522583,3.711737632751465,0.4061005115509033,3.6993842124938965,0.2484056055545807,3.677471160888672
522,1,1,1,0.3189173936843872,3.604518175125122,0.40402284264564514,3.684396266937256,0.36535394191741943,3.726189136505127,0.2126116007566452,3.7142856121063232
523,1,1,1,0.24041374027729034,3.6185028553009033,0.19933833181858063,3.860527992248535,0.25896841287612915,4.030398845672607,0.14305643737316132,4.0908331871032715
524,1,1,1,0.28287428617477417,3.592031478881836,0.3170190751552582,3.708582878112793,0.352260023355484,3.7262799739837646,0.2017299085855484,3.6990714073181152
525,1,1,1,0.2773935794830322,3.625211000442505,0.3322056233882904,3.7612898349761963,0.30054208636283875,3.833852767944336,0.18602518737316132,3.784872531890869
526,1,1,1,0.30249521136283875,3.6085782051086426,0.36514467000961304,3.704036235809326,0.3231724202632904,3.7446579933166504,0.20178969204425812,3.723357915878296
527,1,1,1,0.26300421357154846,3.590080738067627,0.22861526906490326,3.7202510833740234,0.2899095118045807,3.78579044342041,0.16890545189380646,3.755162239074707
528,1,1,1,0.25882890820503235,3.625664234161377,0.2715342044830322,3.788983106613159,0.26538583636283875,3.8727095127105713,0.17287148535251617,3.8368687629699707
529,1,1,1,0.28170838952064514,3.6250088214874268,0.3469686508178711,3.739567518234253,0.31803053617477417,3.8078646659851074,0.2043207883834839,3.77848219871521
530,1,1,1,0.25813138484954834,3.634650945663452,0.2988131642341614,3.80381178855896,0.2894710600376129,3.8894970417022705,0.1878587305545807,3.8557181358337402
531,1,1,1,0.28924185037612915,3.6240267753601074,0.3771474361419678,3.76931095123291,0.3413783311843872,3.83913254737854,0.21382732689380646,3.8010997772216797
532,1,1,1,0.3131178319454193,3.6167972087860107,0.43318018317222595,3.708307981491089,0.3870774805545807,3.7398312091827393,0.23983576893806458,3.722369909286499
533,1,1,1,0.24144013226032257,3.6408023834228516,0.22461435198783875,3.836028575897217,0.23233218491077423,4.009393215179443,0.14457111060619354,3.9323132038116455
534,1,1,1,0.2749122977256775,3.629730224609375,0.3201480805873871,3.75752854347229,0.3046277165412903,3.8359174728393555,0.18865592777729034,3.785653829574585
535,1,1,1,0.2694515287876129,3.589053153991699,0.2384905070066452,3.7096896171569824,0.2979910671710968,3.800227403640747,0.16613520681858063,3.785268783569336
536,1,1,1,0.2899095118045807,3.572474479675293,0.278564453125,3.6445295810699463,0.33751195669174194,3.67387056350708,0.18183991312980652,3.6787593364715576
537,1,1,1,0.29572904109954834,3.6057889461517334,0.3280751705169678,3.722564697265625,0.3229731321334839,3.814723491668701,0.1828961968421936,3.771493911743164
538,1,1,1,0.28311342000961304,3.6150083541870117,0.3016432225704193,3.7213127613067627,0.2785494923591614,3.7945480346679688,0.16924425959587097,3.7490580081939697
539,1,1,1,0.31078603863716125,3.6086316108703613,0.38487523794174194,3.695932388305664,0.349609375,3.750170946121216,0.21346858143806458,3.710858106613159
540,1,1,1,0.23913823068141937,3.6303858757019043,0.20285096764564514,3.837005376815796,0.2414301633834839,3.9862968921661377,0.15421715378761292,3.9804859161376953
541,1,1,1,0.2758191227912903,3.6163878440856934,0.3187778890132904,3.7481400966644287,0.3161969780921936,3.8130850791931152,0.1946149468421936,3.7882232666015625
542,1,1,1,0.26839524507522583,3.5995025634765625,0.24621830880641937,3.7374587059020996,0.2656847834587097,3.8084914684295654,0.14945392310619354,3.8161087036132812
543,1,1,1,0.32710856199264526,3.603424072265625,0.401387095451355,3.67313814163208,0.358607679605484,3.73582124710083,0.21942761540412903,3.67375111579895
544,1,1,1,0.3404715359210968,3.6001696586608887,0.49094685912132263,3.6665549278259277,0.44006097316741943,3.6726748943328857,0.29434388875961304,3.6528539657592773
545,1,1,1,0.27229154109954834,3.637145519256592,0.3644869923591614,3.7896766662597656,0.34148794412612915,3.8533077239990234,0.21570073068141937,3.8195509910583496
546,1,1,1,0.26113080978393555,3.5894296169281006,0.22243203222751617,3.7319176197052,0.28149911761283875,3.8076746463775635,0.1644810289144516,3.777414321899414
547,1,1,1,0.2967554032802582,3.6259233951568604,0.41064453125,3.7344753742218018,0.3706951439380646,3.7518818378448486,0.22686144709587097,3.7347798347473145
548,1,1,1,0.36421793699264526,3.5951573848724365,0.5060735940933228,3.6392080783843994,0.42378824949264526,3.657731294631958,0.2585299611091614,3.640610456466675
549,1,1,1,0.29006895422935486,3.6146552562713623,0.333461195230484,3.721965789794922,0.31471219658851624,3.7919068336486816,0.18566645681858063,3.747638463973999
550,1,1,1,0.3302275836467743,3.6074111461639404,0.48349806666374207,3.676896095275879,0.4262197017669678,3.6897737979888916,0.2730189561843872,3.6772756576538086
551,1,1,1,0.23768335580825806,3.5986080169677734,0.14569714665412903,3.794542074203491,0.23364755511283875,3.9702308177948,0.13038106262683868,4.037603378295898
552,1,1,1,0.2591876685619354,3.611149549484253,0.2502690553665161,3.765399217605591,0.2695810794830322,3.850959300994873,0.16812819242477417,3.8291845321655273
553,1,1,1,0.3038006126880646,3.6088168621063232,0.3747408986091614,3.7018826007843018,0.33800023794174194,3.761608600616455,0.21012036502361298,3.721616268157959
554,1,1,1,0.36652982234954834,3.59409499168396,0.5194315910339355,3.6328320503234863,0.4349888265132904,3.6378860473632812,0.26480787992477417,3.6284337043762207
555,1,1,1,0.26851481199264526,3.621502161026001,0.3021065890789032,3.7699310779571533,0.3040796220302582,3.8674094676971436,0.18662308156490326,3.827744483947754
556,1,1,1,0.26413026452064514,3.588357448577881,0.22643794119358063,3.7113561630249023,0.28457826375961304,3.7550249099731445,0.16990193724632263,3.7241055965423584
557,1,1,1,0.2659637928009033,3.5987260341644287,0.2478376030921936,3.7202765941619873,0.2988380789756775,3.7796192169189453,0.18333466351032257,3.7358407974243164
558,1,1,1,0.22937260568141937,3.6614389419555664,0.24160952866077423,3.8643898963928223,0.2318737953901291,3.954617738723755,0.17073899507522583,3.8650636672973633
559,1,1,1,0.29754263162612915,3.6187078952789307,0.41027581691741943,3.731759548187256,0.37957388162612915,3.7622272968292236,0.23192362487316132,3.731717824935913
560,1,1,1,0.24424026906490326,3.6422276496887207,0.25887376070022583,3.8137691020965576,0.24641261994838715,3.885838031768799,0.1706194132566452,3.850017547607422
561,1,1,1,0.32941046357154846,3.613243818283081,0.4579479992389679,3.700322151184082,0.3941027522087097,3.726212978363037,0.24286511540412903,3.6912031173706055
562,1,1,1,0.22096221148967743,3.660728693008423,0.2097417116165161,3.8961422443389893,0.21127630770206451,4.015234470367432,0.142578125,3.901453733444214
563,1,1,1,0.3475067615509033,3.6028733253479004,0.49786749482154846,3.6577999591827393,0.4264887571334839,3.6688005924224854,0.2622967064380646,3.6689460277557373
564,1,1,1,0.3194156587123871,3.6080987453460693,0.42188993096351624,3.6820785999298096,0.36541372537612915,3.719552755355835,0.22257652878761292,3.705050230026245
565,1,1,1,0.2850266993045807,3.615739583969116,0.32922112941741943,3.7354865074157715,0.3095204830169678,3.8110170364379883,0.19325971603393555,3.7904505729675293
566,1,1,1,0.26601362228393555,3.5901479721069336,0.2328503578901291,3.716822862625122,0.29551976919174194,3.7632181644439697,0.17040018737316132,3.743391752243042
567,1,1,1,0.26253587007522583,3.626356840133667,0.28009405732154846,3.774975061416626,0.2813396751880646,3.8632805347442627,0.1770368218421936,3.827423095703125
568,1,1,1,0.29298868775367737,3.6185293197631836,0.36591199040412903,3.7384531497955322,0.33633607625961304,3.7947380542755127,0.20613440871238708,3.7478487491607666
569,1,1,1,0.3243483006954193,3.604872703552246,0.4405094087123871,3.6774871349334717,0.38835299015045166,3.700118064880371,0.24125079810619354,3.6653449535369873
570,1,1,1,0.40274232625961304,3.582665205001831,0.5902522802352905,3.6041226387023926,0.4925262928009033,3.6185812950134277,0.30263471603393555,3.6275272369384766
571,1,1,1,0.24803690612316132,3.638423442840576,0.24983058869838715,3.826093912124634,0.25318875908851624,3.950802803039551,0.16025589406490326,3.9129462242126465
572,1,1,1,0.2784000337123871,3.5889828205108643,0.26523634791374207,3.6925272941589355,0.31679487228393555,3.754804849624634,0.18363361060619354,3.7240068912506104
573,1,1,1,0.2928391993045807,3.616360902786255,0.3342135548591614,3.7058050632476807,0.30361127853393555,3.7788498401641846,0.1863042116165161,3.731600284576416
574,1,1,1,0.30111008882522583,3.6097891330718994,0.35875219106674194,3.707789897918701,0.3228336274623871,3.765718936920166,0.19457508623600006,3.7537641525268555
575,1,1,1,0.3397241532802582,3.576352119445801,0.3898776173591614,3.613060712814331,0.36943957209587097,3.6335437297821045,0.19788344204425812,3.625037670135498
576,1,1,1,0.39074456691741943,3.5855350494384766,0.5416184663772583,3.6184351444244385,0.4508828818798065,3.632262945175171,0.2727399468421936,3.606722593307495
577,1,1,1,0.28498685359954834,3.6210358142852783,0.3631865680217743,3.741950511932373,0.3393056392669678,3.800558090209961,0.20629383623600006,3.7833058834075928
578,1,1,1,0.22448979318141937,3.6302378177642822,0.17071907222270966,3.946124315261841,0.234235480427742,4.116183280944824,0.12103395909070969,4.209451675415039
579,1,1,1,0.2904675602912903,3.6085286140441895,0.3262665271759033,3.7086572647094727,0.3128686845302582,3.7875912189483643,0.19569116830825806,3.7471230030059814
580,1,1,1,0.34008291363716125,3.6015589237213135,0.46681180596351624,3.6714091300964355,0.41117265820503235,3.695530891418457,0.2515943944454193,3.6501901149749756
581,1,1,1,0.29279935359954834,3.5960588455200195,0.31866827607154846,3.681759834289551,0.33415377140045166,3.7060208320617676,0.20511798560619354,3.6518654823303223
582,1,1,1,0.25624799728393555,3.634610176086426,0.2725207209587097,3.783055543899536,0.2632533311843872,3.8748581409454346,0.17259247601032257,3.813163995742798
583,1,1,1,0.30284398794174194,3.60955548286438,0.3808493912220001,3.696852445602417,0.35021722316741943,3.739137887954712,0.2103794664144516,3.744694948196411
584,1,1,1,0.2849469780921936,3.6064696311950684,0.29971498250961304,3.7212820053100586,0.3060726225376129,3.8155298233032227,0.17065927386283875,3.803690195083618
585,1,1,1,0.23251155018806458,3.585479736328125,0.13411292433738708,3.7617862224578857,0.24862483143806458,3.838156223297119,0.14291693270206451,3.8401896953582764
586,1,1,1,0.2631935477256775,3.5853021144866943,0.2246342897415161,3.709925651550293,0.3031528890132904,3.7324633598327637,0.1760004758834839,3.70184588432312
587,1,1,1,0.36652982234954834,3.59409499168396,0.5194315910339355,3.6328320503234863,0.4349888265132904,3.6378860473632812,0.26480787992477417,3.6284337043762207
588,1,1,1,0.26936185359954834,3.6222856044769287,0.29575392603874207,3.7472329139709473,0.2850864827632904,3.8354713916778564,0.1852678507566452,3.787435531616211
589,1,1,1,0.24385163187980652,3.641780138015747,0.25376173853874207,3.820737838745117,0.25458386540412903,3.9095427989959717,0.173688605427742,3.8528974056243896
590,1,1,1,0.23687618970870972,3.6243321895599365,0.19221340119838715,3.8956398963928223,0.25171396136283875,4.064687252044678,0.12476083636283875,4.163418292999268
591,1,1,1,0.2652762234210968,3.629240036010742,0.2956194281578064,3.7709836959838867,0.2830835282802582,3.8256125450134277,0.18461017310619354,3.7945590019226074
592,1,1,1,0.2567063868045807,3.6304879188537598,0.2711206376552582,3.7988054752349854,0.2694415748119354,3.881023645401001,0.1721540093421936,3.8648993968963623
593,1,1,1,0.3014189898967743,3.5809309482574463,0.3060825765132904,3.651289224624634,0.32500597834587097,3.698421001434326,0.1806042641401291,3.6926727294921875
594,1,1,1,0.30388033390045166,3.572815179824829,0.30900728702545166,3.630016565322876,0.35754144191741943,3.6406354904174805,0.19535236060619354,3.631197690963745
595,1,1,1,0.22763870656490326,3.6626248359680176,0.22519730031490326,3.8842427730560303,0.20462970435619354,3.971268653869629,0.14008688926696777,3.9325649738311768
596,1,1,1,0.3410993218421936,3.6026875972747803,0.44982659816741943,3.654726266860962,0.39193040132522583,3.6923038959503174,0.24537627398967743,3.6621181964874268
597,1,1,1,0.27167370915412903,3.6037120819091797,0.26032865047454834,3.749507188796997,0.2971440553665161,3.8701164722442627,0.15991708636283875,3.9011714458465576
598,1,1,1,0.32373046875,3.6097517013549805,0.44331949949264526,3.680520534515381,0.38118821382522583,3.7205970287323,0.23443478345870972,3.703476905822754
599,1,1,1,0.25518175959587097,3.630545139312744,0.2647879421710968,3.7971549034118652,0.271484375,3.880634307861328,0.17803332209587097,3.8366730213165283
600,1,1,1,0.3517817258834839,3.5926010608673096,0.4560098350048065,3.6417076587677,0.39013671875,3.6714260578155518,0.23290018737316132,3.663785696029663
601,1,1,1,0.26236647367477417,3.6038968563079834,0.24946188926696777,3.746624708175659,0.2742944657802582,3.8324129581451416,0.16633449494838715,3.8117661476135254
602,1,1,1,0.2924704849720001,3.620579242706299,0.3524692952632904,3.7260184288024902,0.30820509791374207,3.7931714057922363,0.1905691921710968,3.79868221282959
603,1,1,1,0.35738199949264526,3.5963361263275146,0.4832788407802582,3.6546454429626465,0.41396284103393555,3.6877858638763428,0.25520169734954834,3.6491215229034424
604,1,1,1,0.2535076439380646,3.6123034954071045,0.2387097328901291,3.7717387676239014,0.2691725194454193,3.8445136547088623,0.16541773080825806,3.8168673515319824
605,1,1,1,0.36652982234954834,3.59409499168396,0.5194315910339355,3.6328320503234863,0.4349888265132904,3.6378860473632812,0.26480787992477417,3.6284337043762207
606,1,1,1,0.3740931749343872,3.5939905643463135,0.5444834232330322,3.6431002616882324,0.4592733383178711,3.6500682830810547,0.28204718232154846,3.659977436065674
607,1,1,1,0.23157484829425812,3.6243815422058105,0.1720593422651291,3.872527837753296,0.21084780991077423,4.027931213378906,0.1390306055545807,4.045584678649902
608,1,1,1,0.32551419734954834,3.6097471714019775,0.45731523633003235,3.6832380294799805,0.40328043699264526,3.712923049926758,0.2576729953289032,3.6859772205352783
609,1,1,1,0.30375078320503235,3.5818188190460205,0.34185168147087097,3.6531169414520264,0.35091477632522583,3.6567087173461914,0.1843710094690323,3.6516051292419434
610,1,1,1,0.36861246824264526,3.598010301589966,0.5341647267341614,3.6483876705169678,0.4481026828289032,3.6481053829193115,0.27758291363716125,3.646252155303955
611,1,1,1,0.2733179032802582,3.6183462142944336,0.28846460580825806,3.7712795734405518,0.3031030595302582,3.871157646179199,0.17512355744838715,3.8411288261413574
612,1,1,1,0.2570551633834839,3.626221179962158,0.27587890625,3.7718257904052734,0.2914241850376129,3.862574815750122,0.18327486515045166,3.7959983348846436
613,1,1,1,0.32250478863716125,3.615962266921997,0.462178111076355,3.699852228164673,0.4038584232330322,3.6972217559814453,0.2541254758834839,3.7048075199127197
614,1,1,1,0.36652982234954834,3.59409499168396,0.5194315910339355,3.6328320503234863,0.4349888265132904,3.6378860473632812,0.26480787992477417,3.6284337043762207
615,1,1,1,0.2649174928665161,3.635997772216797,0.32674485445022583,3.7826743125915527,0.3014987111091614,3.850938558578491,0.20091278851032257,3.8065667152404785
616,1,1,1,0.2959881126880646,3.608760118484497,0.3443180024623871,3.712036609649658,0.31784120202064514,3.777087926864624,0.19100764393806458,3.7391486167907715
617,1,1,1,0.3037906587123871,3.6105754375457764,0.35925042629241943,3.7027862071990967,0.33150309324264526,3.7590103149414062,0.20059390366077423,3.7438647747039795
618,1,1,1,0.3194256126880646,3.6025893688201904,0.38893094658851624,3.673686981201172,0.343470960855484,3.728588819503784,0.20860570669174194,3.705646276473999
619,1,1,1,0.35416334867477417,3.5975069999694824,0.4885353446006775,3.644756317138672,0.4164341390132904,3.6600143909454346,0.24689093232154846,3.63521146774292
620,1,1,1,0.26090162992477417,3.5831868648529053,0.21331413090229034,3.7084529399871826,0.2977120578289032,3.7521088123321533,0.17247289419174194,3.7324936389923096
621,1,1,1,0.2713548243045807,3.622195243835449,0.29386061429977417,3.756760835647583,0.28818556666374207,3.838036060333252,0.18249760568141937,3.8025553226470947
622,1,1,1,0.238141730427742,3.635199546813965,0.2458595633506775,3.85943865776062,0.26152941584587097,3.9956181049346924,0.1632254421710968,3.997802257537842
623,1,1,1,0.35977357625961304,3.5957510471343994,0.5229591727256775,3.645350694656372,0.4437280595302582,3.6558871269226074,0.2777622640132904,3.6398794651031494
624,1,1,1,0.3193259537220001,3.6038384437561035,0.3852389454841614,3.680725336074829,0.3565848171710968,3.737117052078247,0.20505818724632263,3.691709518432617
625,1,1,1,0.3316924273967743,3.602776050567627,0.432826429605484,3.6642799377441406,0.37971338629722595,3.7091457843780518,0.2368263602256775,3.6694438457489014
626,1,1,1,0.2450474351644516,3.6342971324920654,0.24214264750480652,3.8064568042755127,0.24612364172935486,3.8725454807281494,0.15975764393806458,3.786926031112671
627,1,1,1,0.2721918821334839,3.586088180541992,0.24976083636283875,3.6896743774414062,0.30960020422935486,3.7424442768096924,0.17195472121238708,3.7398006916046143
628,1,1,1,0.25037866830825806,3.6237363815307617,0.2382114976644516,3.7816355228424072,0.2571946680545807,3.883378505706787,0.1653180718421936,3.8344786167144775
629,1,1,1,0.26865431666374207,3.6254079341888428,0.28719407320022583,3.757290840148926,0.2724111080169678,3.864323139190674,0.1729910671710968,3.773847818374634
630,1,1,1,0.30318278074264526,3.618504524230957,0.40868642926216125,3.7206218242645264,0.36086973547935486,3.773678779602051,0.22763870656490326,3.741814136505127
631,1,1,1,0.2777523100376129,3.6144297122955322,0.3127690553665161,3.7489407062530518,0.30654096603393555,3.8241662979125977,0.18664301931858063,3.791884660720825
632,1,1,1,0.2575334906578064,3.6212661266326904,0.25908800959587097,3.7841153144836426,0.27870893478393555,3.9017841815948486,0.1689453125,3.864928722381592
633,1,1,1,0.2896803319454193,3.6226351261138916,0.38726183772087097,3.727166175842285,0.3521205186843872,3.779176950454712,0.22939252853393555,3.745959997177124
634,1,1,1,0.3339743912220001,3.6033716201782227,0.43932855129241943,3.668001174926758,0.3758569657802582,3.704676866531372,0.23760363459587097,3.671196222305298
635,1,1,1,0.23356783390045166,3.6456758975982666,0.21727518737316132,3.8680975437164307,0.22375239431858063,3.9914491176605225,0.14080436527729034,3.9079971313476562
636,1,1,1,0.3308553695678711,3.607583999633789,0.45089784264564514,3.6748180389404297,0.3901965022087097,3.692775249481201,0.23483337461948395,3.6550962924957275
637,1,1,1,0.2679368555545807,3.630429983139038,0.2916284501552582,3.775571823120117,0.2650071680545807,3.8486125469207764,0.18383289873600006,3.8056159019470215
638,1,1,1,0.2508968412876129,3.6349589824676514,0.26047810912132263,3.8198511600494385,0.2627451419830322,3.9206204414367676,0.17079877853393555,3.8912484645843506
639,1,1,1,0.2762176990509033,3.585735321044922,0.2696608006954193,3.695909261703491,0.3145926296710968,3.7315173149108887,0.18566645681858063,3.7188708782196045
640,1,1,1,0.2968650162220001,3.623342514038086,0.3575364649295807,3.713290214538574,0.31115472316741943,3.7709527015686035,0.20222815871238708,3.7451462745666504
641,1,1,1,0.22597455978393555,3.621687173843384,0.16212432086467743,3.897907018661499,0.23425541818141937,3.9567806720733643,0.1363002210855484,3.9768972396850586
642,1,1,1,0.36652982234954834,3.59409499168396,0.5194315910339355,3.6328320503234863,0.4349888265132904,3.6378860473632812,0.26480787992477417,3.6284337043762207
643,1,1,1,0.2996850907802582,3.613752841949463,0.36053091287612915,3.7102818489074707,0.31910672783851624,3.7689785957336426,0.20073340833187103,3.768864154815674
644,1,1,1,0.2845982015132904,3.6133053302764893,0.3152652680873871,3.7230818271636963,0.3139050602912903,3.8072760105133057,0.18092314898967743,3.777153491973877
645,1,1,1,0.2845483720302582,3.6114165782928467,0.29590341448783875,3.7477309703826904,0.3057138919830322,3.8547539710998535,0.17729590833187103,3.820256233215332
646,1,1,1,0.2656947374343872,3.6354873180389404,0.3171984553337097,3.7695679664611816,0.29622727632522583,3.830524444580078,0.20087292790412903,3.7711081504821777
647,1,1,1,0.24662189185619354,3.5133137702941895,0.14874641597270966,3.5540966987609863,0.3228037357330322,3.6111934185028076,0.1779536008834839,3.651808738708496
648,1,1,1,0.2789580523967743,3.6225976943969727,0.3266451954841614,3.7417287826538086,0.30115991830825806,3.805208206176758,0.19013074040412903,3.816352128982544
649,1,1,1,0.2904575765132904,3.5778098106384277,0.2743243873119354,3.6514220237731934,0.33806997537612915,3.710045337677002,0.1750836968421936,3.71724534034729
650,1,1,1,0.29201212525367737,3.620051860809326,0.3667241334915161,3.716071367263794,0.3187081515789032,3.7552449703216553,0.20639349520206451,3.757821559906006
651,1,1,1,0.2921914756298065,3.6168065071105957,0.3369588851928711,3.7147672176361084,0.3163364827632904,3.778547763824463,0.1892338991165161,3.7332279682159424
652,1,1,1,0.36652982234954834,3.59409499168396,0.5194315910339355,3.6328320503234863,0.4349888265132904,3.6378860473632812,0.26480787992477417,3.6284337043762207
653,1,1,1,0.3117426633834839,3.611494779586792,0.388691782951355,3.695021390914917,0.3402722477912903,3.719799757003784,0.21584023535251617,3.70424747467041
654,1,1,1,0.244489386677742,3.5201549530029297,0.14808374643325806,3.563406229019165,0.31622686982154846,3.604084014892578,0.17859135568141937,3.6513781547546387
655,1,1,1,0.22507771849632263,3.659184455871582,0.22424067556858063,3.904723882675171,0.2245495766401291,4.012115001678467,0.16745057702064514,3.989764451980591
656,1,1,1,0.32362085580825806,3.6049082279205322,0.41141679883003235,3.6821963787078857,0.37042608857154846,3.733274221420288,0.21996571123600006,3.6931231021881104
657,1,1,1,0.36652982234954834,3.59409499168396,0.5194315910339355,3.6328320503234863,0.4349888265132904,3.6378860473632812,0.26480787992477417,3.6284337043762207
658,1,1,1,0.34001314640045166,3.6088626384735107,0.4686005115509033,3.6797661781311035,0.40314093232154846,3.6969547271728516,0.24186861515045166,3.672297239303589
659,1,1,1,0.22906368970870972,3.599425792694092,0.14922472834587097,3.811485767364502,0.24357262253761292,3.8301353454589844,0.14351482689380646,3.7726705074310303
660,1,1,1,0.2658940553665161,3.6275155544281006,0.29720383882522583,3.7678792476654053,0.27750319242477417,3.853203058242798,0.17950813472270966,3.8289108276367188
661,1,1,1,0.3227439224720001,3.599388599395752,0.42285653948783875,3.689497947692871,0.3846161365509033,3.7115061283111572,0.22403140366077423,3.7091007232666016
662,1,1,1,0.36652982234954834,3.59409499168396,0.5194315910339355,3.6328320503234863,0.4349888265132904,3.6378860473632812,0.26480787992477417,3.6284337043762207
663,1,1,1,0.2557397782802582,3.6151418685913086,0.22459442913532257,3.7942187786102295,0.2554308772087097,3.9510397911071777,0.1501116007566452,3.93534255027771
664,1,1,1,0.36652982234954834,3.59409499168396,0.5194315910339355,3.6328320503234863,0.4349888265132904,3.6378860473632812,0.26480787992477417,3.6284337043762207
665,1,1,1,0.33122408390045166,3.5959866046905518,0.41567182540893555,3.665839672088623,0.3743921220302582,3.714167833328247,0.22550621628761292,3.696685791015625
666,1,1,1,0.2820870578289032,3.618129253387451,0.31648099422454834,3.736173391342163,0.2954001724720001,3.810720443725586,0.1833944469690323,3.776787757873535
667,1,1,1,0.3011997640132904,3.6225104331970215,0.43133169412612915,3.733464241027832,0.39031606912612915,3.756108045578003,0.2582509517669678,3.7316715717315674
668,1,1,1,0.3668985068798065,3.5975446701049805,0.5466557741165161,3.6454665660858154,0.466328501701355,3.6440584659576416,0.29294881224632263,3.6399073600769043
669,1,1,1,0.36652982234954834,3.59409499168396,0.5194315910339355,3.6328320503234863,0.4349888265132904,3.6378860473632812,0.26480787992477417,3.6284337043762207
670,1,1,1,0.36652982234954834,3.59409499168396,0.5194315910339355,3.6328320503234863,0.4349888265132904,3.6378860473632812,0.26480787992477417,3.6284337043762207
671,1,1,1,0.3274872303009033,3.6159932613372803,0.4546695649623871,3.6849234104156494,0.3936144709587097,3.687898635864258,0.2444993555545807,3.669872760772705
672,1,1,1,0.27144449949264526,3.60888409614563,0.2687290608882904,3.7597107887268066,0.29525071382522583,3.8773837089538574,0.16167090833187103,3.856015682220459
673,1,1,1,0.2764967381954193,3.6225898265838623,0.3011200428009033,3.754748821258545,0.29036790132522583,3.845945358276367,0.16878587007522583,3.8076515197753906
674,1,1,1,0.2537667453289032,3.6182360649108887,0.24800202250480652,3.7781214714050293,0.2593570649623871,3.876051902770996,0.16458067297935486,3.8623154163360596
675,1,1,1,0.3349609375,3.6004343032836914,0.43331971764564514,3.6665937900543213,0.37796953320503235,3.694331645965576,0.22484852373600006,3.6711575984954834
676,1,1,1,0.2882154881954193,3.620544195175171,0.3315280079841614,3.740332841873169,0.3156588673591614,3.790321111679077,0.1865234375,3.7378993034362793
677,1,1,1,0.32509565353393555,3.6101949214935303,0.4217005968093872,3.6792891025543213,0.37121331691741943,3.7180016040802,0.2268415093421936,3.7136707305908203
678,1,1,1,0.38720703125,3.583549976348877,0.5188387036323547,3.601029396057129,0.4355568289756775,3.622205972671509,0.24848532676696777,3.596567153930664
679,1,1,1,0.36652982234954834,3.59409499168396,0.5194315910339355,3.6328320503234863,0.4349888265132904,3.6378860473632812,0.26480787992477417,3.6284337043762207
680,1,1,1,0.2686344087123871,3.6348764896392822,0.3159428834915161,3.772657632827759,0.2944834232330322,3.8461356163024902,0.18985171616077423,3.827629566192627
681,1,1,1,0.3510044515132904,3.603196620941162,0.5108418464660645,3.6597416400909424,0.43627431988716125,3.6550557613372803,0.27493223547935486,3.6558172702789307
682,1,1,1,0.33756178617477417,3.56215500831604,0.3660614490509033,3.5850822925567627,0.37965360283851624,3.610304832458496,0.22072304785251617,3.6263656616210938
683,1,1,1,0.2864815890789032,3.624821662902832,0.3353296220302582,3.7437520027160645,0.2968152165412903,3.789531946182251,0.1845105141401291,3.734067916870117
684,1,1,1,0.34469667077064514,3.6025846004486084,0.4670509696006775,3.669379949569702,0.4008689224720001,3.686884641647339,0.24284517765045166,3.66778826713562
685,1,1,1,0.27034837007522583,3.6343531608581543,0.35628587007522583,3.783968210220337,0.32990872859954834,3.841604471206665,0.2117147594690323,3.8024098873138428
686,1,1,1,0.2945730984210968,3.617705821990967,0.3844018876552582,3.7154929637908936,0.3563157618045807,3.7382609844207764,0.2329799085855484,3.716766357421875
687,1,1,1,0.25953641533851624,3.638510227203369,0.31049206852912903,3.765489339828491,0.2939453125,3.8272764682769775,0.20328442752361298,3.7821569442749023
688,1,1,1,0.2591278553009033,3.6331334114074707,0.2622418999671936,3.7944254875183105,0.2677176296710968,3.897230625152588,0.1640027016401291,3.862316131591797
689,1,1,1,0.3139150142669678,3.610659599304199,0.4117605984210968,3.696038246154785,0.36563295125961304,3.729804754257202,0.22313456237316132,3.701857805252075
690,1,1,1,0.25636759400367737,3.6212151050567627,0.25695550441741943,3.790351390838623,0.26420000195503235,3.883943796157837,0.1652582883834839,3.8808491230010986
691,1,1,1,0.2711455523967743,3.6327085494995117,0.328822523355484,3.7549245357513428,0.29541015625,3.7968292236328125,0.20051418244838715,3.75191330909729
692,1,1,1,0.3069794178009033,3.6093943119049072,0.34275349974632263,3.7063612937927246,0.31589803099632263,3.7928457260131836,0.18690210580825806,3.7502665519714355
693,1,1,1,0.3770826756954193,3.591818332672119,0.5294861793518066,3.6310341358184814,0.44431599974632263,3.6419215202331543,0.27403539419174194,3.6146180629730225
694,1,1,1,0.34015265107154846,3.607792615890503,0.48672670125961304,3.6690280437469482,0.42150628566741943,3.6805834770202637,0.26251593232154846,3.678105115890503
695,1,1,1,0.2987683415412903,3.613401412963867,0.3789560794830322,3.7224485874176025,0.3519112765789032,3.7800369262695312,0.20252710580825806,3.759692907333374
696,1,1,1,0.26859453320503235,3.625547170639038,0.3056640625,3.755753993988037,0.2862723171710968,3.8362224102020264,0.18963249027729034,3.7815029621124268
697,1,1,1,0.27884843945503235,3.5767786502838135,0.2709064185619354,3.687596559524536,0.34949976205825806,3.68209171295166,0.1842912882566452,3.6873581409454346
698,2,2,1,0.2219586968421936,3.6272335052490234,0.12656448781490326,3.9551217555999756,0.18081353604793549,4.188316345214844,0.09765625,4.261428356170654
699,2,2,1,0.22703084349632263,3.6393802165985107,0.17172053456306458,3.9066879749298096,0.2186802476644516,4.127227306365967,0.1183035671710968,4.213948726654053
700,2,2,1,0.23880939185619354,3.585979461669922,0.1417061984539032,3.765760660171509,0.23388671875,3.7938733100891113,0.13661909103393555,3.796499013900757
701,2,1,0,0.23227240145206451,3.5906732082366943,0.14609076082706451,3.772381544113159,0.2551020383834839,3.781601667404175,0.14580675959587097,3.75915789604187
702,2,2,1,0.23154495656490326,3.6137027740478516,0.12301697582006454,3.9054677486419678,0.19312021136283875,4.109391212463379,0.10945471376180649,4.193007946014404
703,2,2,1,0.2243403196334839,3.634211301803589,0.13719208538532257,3.957799196243286,0.20805762708187103,4.116384983062744,0.11431760340929031,4.123256683349609
704,2,2,1,0.22700095176696777,3.6248464584350586,0.15069454908370972,3.9418747425079346,0.19772401452064514,4.159409523010254,0.10947464406490326,4.242308616638184
705,2,2,1,0.2292729616165161,3.6183066368103027,0.13385383784770966,3.9088032245635986,0.19272162020206451,4.123319625854492,0.10863759368658066,4.214822769165039
706,2,2,1,0.22597455978393555,3.6223485469818115,0.1214076429605484,3.920466184616089,0.19369818270206451,4.096048831939697,0.10925541818141937,4.163991451263428
707,2,2,1,0.2350027859210968,3.6258745193481445,0.14288704097270966,3.9322826862335205,0.1946946680545807,4.127443790435791,0.11079001426696777,4.189422607421875
708,2,2,1,0.21522241830825806,3.6518659591674805,0.12889130413532257,4.066565990447998,0.18103276193141937,4.267132759094238,0.09658003598451614,4.351217269897461
709,2,2,1,0.2280970960855484,3.621668815612793,0.12796954810619354,3.901183605194092,0.19878028333187103,4.03529167175293,0.11471619457006454,4.031619071960449
710,2,2,1,0.22981105744838715,3.6202845573425293,0.1321946680545807,3.9268808364868164,0.19197425246238708,4.169841766357422,0.10307716578245163,4.248066425323486
711,2,2,1,0.2245495766401291,3.629004955291748,0.1204659566283226,3.944577693939209,0.18828722834587097,4.147287845611572,0.1089564710855484,4.179257392883301
712,2,2,1,0.23944714665412903,3.575263261795044,0.14764030277729034,3.721787214279175,0.24126075208187103,3.7879064083099365,0.13195551931858063,3.808035135269165
713,2,2,1,0.22344347834587097,3.6341257095336914,0.11922532320022583,3.9587948322296143,0.18502870202064514,4.181171894073486,0.10190130770206451,4.278310298919678
714,2,2,1,0.22686144709587097,3.6037073135375977,0.13040098547935486,3.861989974975586,0.2069714516401291,3.9426095485687256,0.1254185289144516,3.96392822265625
715,2,2,1,0.22996053099632263,3.62408447265625,0.14281727373600006,3.9160618782043457,0.2061941921710968,4.117823123931885,0.11148755997419357,4.187343597412109
716,2,2,1,0.2180424928665161,3.652026891708374,0.14267279207706451,4.006076335906982,0.18618462979793549,4.2322306632995605,0.10479113459587097,4.3221755027771
717,2,2,1,0.23980587720870972,3.5708706378936768,0.13125298917293549,3.6994268894195557,0.2710658311843872,3.768693447113037,0.1559709757566452,3.7924866676330566
718,2,2,1,0.21586017310619354,3.6392300128936768,0.11971360445022583,4.004245281219482,0.17553211748600006,4.254328727722168,0.09582269936800003,4.3096923828125
719,2,2,1,0.22518733143806458,3.614833116531372,0.13191565871238708,3.8891072273254395,0.20008569955825806,4.031126976013184,0.11278299987316132,4.086410999298096
720,2,2,1,0.22640305757522583,3.625044107437134,0.11634546518325806,3.938760757446289,0.18177016079425812,4.166054725646973,0.10154256969690323,4.249656677246094
721,2,2,1,0.21913862228393555,3.6305761337280273,0.15059490501880646,3.961819648742676,0.20812739431858063,4.130613803863525,0.11575254797935486,4.2036848068237305
722,2,2,1,0.22435028851032257,3.6243669986724854,0.14226920902729034,3.946627378463745,0.20038464665412903,4.149385929107666,0.10698341578245163,4.239940166473389
723,2,2,1,0.21350844204425812,3.6555585861206055,0.13454140722751617,4.058437824249268,0.18167051672935486,4.263233184814453,0.09630101919174194,4.360513210296631
724,2,2,1,0.22891421616077423,3.627067804336548,0.16490453481674194,3.908571720123291,0.21786311268806458,4.093033790588379,0.11995774507522583,4.1711249351501465
725,2,2,1,0.23157484829425812,3.615086793899536,0.14070472121238708,3.910552501678467,0.20259685814380646,4.122718811035156,0.11061064898967743,4.212432384490967
726,2,2,1,0.22582508623600006,3.624966859817505,0.1272670179605484,3.9574835300445557,0.18685227632522583,4.17993688583374,0.1046316921710968,4.231618881225586
727,2,2,1,0.22424067556858063,3.6180953979492188,0.12190588563680649,3.946049690246582,0.1906987428665161,4.145686149597168,0.10335618257522583,4.205746173858643
728,2,2,1,0.23839086294174194,3.5702879428863525,0.1363351047039032,3.7278807163238525,0.23783282935619354,3.758411169052124,0.14317601919174194,3.757516622543335
729,2,2,1,0.23219268023967743,3.628385066986084,0.14763033390045166,3.9283158779144287,0.20165018737316132,4.1406402587890625,0.10931520909070969,4.212761878967285
730,2,2,1,0.22260642051696777,3.6206634044647217,0.12662428617477417,3.891319751739502,0.19624920189380646,4.0782470703125,0.11246412247419357,4.0875420570373535
731,2,2,1,0.22934271395206451,3.6131653785705566,0.12209024280309677,3.8897323608398438,0.1989496946334839,4.058903217315674,0.11475605517625809,4.140847682952881
732,2,2,1,0.2308274805545807,3.6164307594299316,0.14409278333187103,3.9360995292663574,0.2177734375,4.113617420196533,0.11284279078245163,4.176792621612549
733,2,2,1,0.22539660334587097,3.6284539699554443,0.12643495202064514,3.9628782272338867,0.18473970890045166,4.174011707305908,0.10459183156490326,4.243521213531494
734,2,2,1,0.2244798243045807,3.6240954399108887,0.11436742544174194,3.9473729133605957,0.1924525648355484,4.173562049865723,0.11096938699483871,4.223060131072998
735,2,2,1,0.23163464665412903,3.6197030544281006,0.16033561527729034,3.891547441482544,0.2214604616165161,4.092512607574463,0.11742665618658066,4.198404788970947
736,2,2,1,0.22770845890045166,3.60636305809021,0.12348532676696777,3.879518985748291,0.1957310289144516,4.102128028869629,0.10782046616077423,4.195009231567383
737,2,2,1,0.22961176931858063,3.6355783939361572,0.1649792641401291,3.938994884490967,0.20637355744838715,4.147271633148193,0.11441724747419357,4.229925155639648
738,2,2,1,0.2260841727256775,3.6313910484313965,0.12277781963348389,3.9709439277648926,0.18893495202064514,4.159704685211182,0.10674425959587097,4.214339256286621
739,2,2,1,0.22626355290412903,3.6117324829101562,0.12493522465229034,3.9122631549835205,0.18502870202064514,4.125807762145996,0.10339604318141937,4.19718599319458
740,2,2,1,0.234723761677742,3.6141796112060547,0.16669324040412903,3.8805594444274902,0.21466436982154846,3.9927120208740234,0.11768574267625809,4.0516510009765625
741,2,2,1,0.23392657935619354,3.5810437202453613,0.1318608522415161,3.7655770778656006,0.23826131224632263,3.8369719982147217,0.13835299015045166,3.8503313064575195
742,2,2,1,0.23020966351032257,3.614492177963257,0.12357999384403229,3.895657777786255,0.19348891079425812,4.145182132720947,0.10670439898967743,4.229361057281494
743,2,2,1,0.2204340696334839,3.6229374408721924,0.1283930540084839,3.9530444145202637,0.19039979577064514,4.174647808074951,0.10385443270206451,4.233736515045166
744,2,2,1,0.22508768737316132,3.6271915435791016,0.12183613330125809,3.946591377258301,0.18605507910251617,4.146215915679932,0.1026785671710968,4.223408222198486
745,2,2,1,0.22574536502361298,3.622936248779297,0.11831851303577423,3.9189791679382324,0.18748006224632263,4.130594253540039,0.10369499027729034,4.221026420593262
746,2,2,1,0.2370256632566452,3.583662748336792,0.14209482073783875,3.7799360752105713,0.232421875,3.791802406311035,0.13761559128761292,3.7763938903808594
747,2,2,1,0.2287846803665161,3.6227188110351562,0.12489037960767746,3.9234819412231445,0.18577606976032257,4.147723197937012,0.10144291818141937,4.237720966339111
748,2,2,1,0.23399633169174194,3.6268205642700195,0.14277243614196777,3.927412271499634,0.2123325914144516,4.106673717498779,0.11158721148967743,4.149312496185303
749,2,2,1,0.22690130770206451,3.612428665161133,0.13419762253761292,3.8894333839416504,0.20113201439380646,4.034829616546631,0.1121651753783226,4.101457118988037
750,2,2,1,0.2292231321334839,3.621962308883667,0.13583186268806458,3.9192283153533936,0.19311024248600006,4.14040994644165,0.10353555530309677,4.220211505889893
751,2,2,1,0.23976601660251617,3.5722954273223877,0.13722197711467743,3.7241203784942627,0.24883410334587097,3.7614834308624268,0.14618542790412903,3.75064754486084
752,2,2,1,0.21718549728393555,3.6284468173980713,0.12184111773967743,3.933262348175049,0.18383289873600006,4.141912460327148,0.10403379797935486,4.228927135467529
753,2,2,1,0.2177833914756775,3.6454358100891113,0.12987284362316132,4.005908012390137,0.1890345960855484,4.165735244750977,0.10594706237316132,4.241158962249756
754,2,2,1,0.22776825726032257,3.61429762840271,0.12926000356674194,3.898778200149536,0.20595502853393555,4.04451322555542,0.11808434128761292,4.030210971832275
755,2,2,1,0.2266322523355484,3.643714666366577,0.14825813472270966,3.985213041305542,0.20004583895206451,4.1947197914123535,0.10931520909070969,4.26326322555542
756,2,2,1,0.23414580523967743,3.580967664718628,0.1317313015460968,3.7575550079345703,0.2423967570066452,3.809373140335083,0.14353474974632263,3.794640302658081
757,2,2,1,0.2243403196334839,3.6478922367095947,0.16191504895687103,3.9665815830230713,0.20271643996238708,4.206262588500977,0.11041135340929031,4.269675254821777
758,2,2,1,0.22982102632522583,3.6125829219818115,0.12764568626880646,3.905773162841797,0.19730548560619354,4.094595909118652,0.11041135340929031,4.167870044708252
759,2,2,1,0.22420081496238708,3.631227970123291,0.1388811320066452,3.9525723457336426,0.20366309583187103,4.0866522789001465,0.11722736060619354,4.1324381828308105
760,2,2,1,0.22815687954425812,3.620894432067871,0.11821886897087097,3.9278459548950195,0.1816505789756775,4.193208694458008,0.10034677386283875,4.303078651428223
761,2,2,1,0.22182916104793549,3.6179416179656982,0.13355986773967743,3.921062469482422,0.21144570410251617,4.086526393890381,0.11553332209587097,4.123167037963867
762,2,2,1,0.22282564640045166,3.6175930500030518,0.12554308772087097,3.9253878593444824,0.19861088693141937,4.129446506500244,0.10750158876180649,4.218390941619873
763,2,2,1,0.23054847121238708,3.612940788269043,0.1434251368045807,3.895643711090088,0.20709103345870972,4.051294326782227,0.11957907676696777,4.13533353805542
764,2,2,1,0.22507771849632263,3.621685028076172,0.1257075071334839,3.9513278007507324,0.1858258843421936,4.15234899520874,0.10550861060619354,4.231583118438721
765,2,2,1,0.2230847328901291,3.618260622024536,0.12930983304977417,3.9341115951538086,0.19638870656490326,4.113811492919922,0.11252391338348389,4.121501922607422
766,2,2,1,0.243512824177742,3.573188304901123,0.13504962623119354,3.7159934043884277,0.2486746609210968,3.790783405303955,0.1466238796710968,3.778306484222412
767,2,2,1,0.22037427127361298,3.639113664627075,0.11837830394506454,3.973904609680176,0.17930883169174194,4.187562465667725,0.10076530277729034,4.260680198669434
768,2,2,1,0.23121611773967743,3.6033272743225098,0.1276157945394516,3.8650684356689453,0.20229791104793549,4.028225421905518,0.11475605517625809,4.067731857299805
769,2,2,1,0.23133569955825806,3.602412223815918,0.12335079908370972,3.874055862426758,0.20428092777729034,4.065512180328369,0.12063536047935486,4.131174564361572
770,2,2,1,0.2245495766401291,3.632821559906006,0.14338527619838715,3.9692821502685547,0.1950932741165161,4.185105800628662,0.10815927386283875,4.265155792236328
771,2,2,1,0.24286511540412903,3.5722551345825195,0.13489516079425812,3.7107925415039062,0.25226202607154846,3.762077808380127,0.14546795189380646,3.7692835330963135
772,2,2,1,0.23418566584587097,3.600782871246338,0.13733159005641937,3.8328194618225098,0.21565090119838715,3.972090005874634,0.12258848547935486,4.004389762878418
773,2,2,1,0.22764867544174194,3.6159772872924805,0.1269282102584839,3.921884298324585,0.18796834349632263,4.140804767608643,0.10433274507522583,4.23973274230957
774,2,2,1,0.23532165586948395,3.58627986907959,0.14028619229793549,3.7772409915924072,0.23199337720870972,3.800609827041626,0.13737642765045166,3.79152774810791
775,2,2,1,0.23250159621238708,3.6139636039733887,0.12965361773967743,3.894935131072998,0.20122168958187103,4.120982646942139,0.1110491082072258,4.2187724113464355
776,2,2,1,0.23517218232154846,3.6179661750793457,0.17744040489196777,3.8845365047454834,0.23916812241077423,4.062247276306152,0.13376912474632263,4.121871471405029
777,2,2,1,0.22325414419174194,3.626450538635254,0.116629458963871,3.9486501216888428,0.18567641079425812,4.129232883453369,0.10618622601032257,4.229354381561279
778,2,2,1,0.22742944955825806,3.6204705238342285,0.11731205880641937,3.925929069519043,0.19073860347270966,4.1207356452941895,0.11124840378761292,4.1589035987854
779,2,2,1,0.22107182443141937,3.6208698749542236,0.11847297102212906,3.9630751609802246,0.19128666818141937,4.152062892913818,0.10776068270206451,4.211947441101074
780,2,2,1,0.23125597834587097,3.6219675540924072,0.1625378578901291,3.926307439804077,0.22062340378761292,4.107407569885254,0.11126833409070969,4.186459064483643
781,2,2,1,0.22532685101032257,3.6227667331695557,0.13262814283370972,3.9214096069335938,0.19530253112316132,4.089137077331543,0.11047113686800003,4.114558696746826
782,2,2,1,0.23813177645206451,3.616813898086548,0.15604571998119354,3.9041476249694824,0.21025988459587097,4.088910102844238,0.11471619457006454,4.194231986999512
783,2,2,1,0.2214106321334839,3.6300013065338135,0.12692323327064514,3.9268274307250977,0.1871512234210968,4.112347602844238,0.10222018510103226,4.221680641174316
784,2,2,1,0.22317442297935486,3.628147840499878,0.13897082209587097,3.9172523021698,0.19707629084587097,4.134701728820801,0.1079799085855484,4.215208530426025
785,2,2,1,0.2302694469690323,3.608750104904175,0.1233258917927742,3.894473075866699,0.19277143478393555,4.139209270477295,0.10776068270206451,4.225818157196045
786,2,2,1,0.22641302645206451,3.6138813495635986,0.12442701309919357,3.8914828300476074,0.2021583914756775,4.055158615112305,0.11441724747419357,4.0796027183532715
787,2,2,1,0.22455954551696777,3.6275570392608643,0.12027662247419357,3.9823529720306396,0.16467036306858063,4.16647481918335,0.09339126199483871,4.218950271606445
788,2,2,1,0.2235730141401291,3.62315034866333,0.12092434614896774,3.9243509769439697,0.1940569132566452,4.094228267669678,0.11298230290412903,4.0735578536987305
789,2,2,1,0.22728992998600006,3.619886875152588,0.13289719820022583,3.90177321434021,0.19223333895206451,4.092841148376465,0.10578762739896774,4.142426490783691
790,2,2,1,0.24038384854793549,3.5811052322387695,0.14141720533370972,3.7677483558654785,0.24090202152729034,3.7851500511169434,0.14449138939380646,3.747586250305176
791,2,2,1,0.22025470435619354,3.6360223293304443,0.13478057086467743,3.951425075531006,0.19903938472270966,4.1264142990112305,0.108816958963871,4.219780445098877
792,2,2,1,0.2197963148355484,3.6334950923919678,0.13901068270206451,3.985304594039917,0.19549186527729034,4.1996636390686035,0.103515625,4.281093597412109
793,2,2,1,0.22821667790412903,3.6179373264312744,0.14017657935619354,3.92173171043396,0.19393733143806458,4.12927770614624,0.10821906477212906,4.212154865264893
794,2,2,1,0.2185407280921936,3.6328485012054443,0.12028160691261292,3.9787912368774414,0.17943836748600006,4.217970848083496,0.09650031477212906,4.281701564788818
795,2,2,1,0.23839086294174194,3.5860886573791504,0.14185567200183868,3.7610902786254883,0.2292231321334839,3.7932443618774414,0.13165657222270966,3.790947675704956
796,2,2,1,0.2299904227256775,3.618154287338257,0.1544114649295807,3.9252686500549316,0.21255181729793549,4.136005401611328,0.11027184128761292,4.265136241912842
797,2,2,1,0.22849568724632263,3.614478826522827,0.1464594602584839,3.9161763191223145,0.21206353604793549,4.101122856140137,0.11519451439380646,4.203460216522217
798,2,2,1,0.234723761677742,3.5944385528564453,0.13985271751880646,3.805835723876953,0.23901864886283875,3.9014008045196533,0.14120295643806458,3.8718419075012207
799,2,2,1,0.22320431470870972,3.632930040359497,0.13289222121238708,3.952909469604492,0.18935346603393555,4.153510093688965,0.10373485088348389,4.238616943359375
800,2,2,1,0.22847576439380646,3.60746693611145,0.12905073165893555,3.863943576812744,0.2023676633834839,4.030086517333984,0.11511479318141937,4.021814346313477
801,2,2,1,0.22814692556858063,3.6036252975463867,0.12189093977212906,3.873119592666626,0.2015904039144516,4.0922393798828125,0.11449696868658066,4.181200981140137
802,2,2,1,0.23013989627361298,3.6140289306640625,0.12935467064380646,3.908327579498291,0.19801299273967743,4.113834381103516,0.10766103118658066,4.194742679595947
803,2,2,1,0.23232221603393555,3.6185553073883057,0.17024573683738708,3.8664872646331787,0.2373744398355484,4.055497169494629,0.12846778333187103,4.172665119171143
804,2,2,1,0.22896404564380646,3.6148757934570312,0.12257353961467743,3.902768135070801,0.1923230141401291,4.114974021911621,0.10702327638864517,4.1906890869140625
805,2,2,1,0.22420081496238708,3.6323835849761963,0.13607600331306458,3.9836695194244385,0.20057398080825806,4.157342910766602,0.10676418989896774,4.224379539489746
806,2,2,1,0.2230847328901291,3.633984088897705,0.11813416332006454,3.9630534648895264,0.1778738796710968,4.144481658935547,0.10303730517625809,4.192263126373291
807,2,2,1,0.22749920189380646,3.609943151473999,0.12556800246238708,3.8939766883850098,0.20068359375,4.0967278480529785,0.11011239886283875,4.169230937957764
808,2,2,1,0.21521244943141937,3.6425893306732178,0.121268130838871,4.003697872161865,0.18902462720870972,4.211766719818115,0.10176179558038712,4.277516841888428
809,2,2,1,0.22630341351032257,3.632981061935425,0.13701769709587097,3.9711272716522217,0.19327965378761292,4.192049980163574,0.1051897332072258,4.2688517570495605
810,2,2,1,0.2251674085855484,3.6295361518859863,0.11960399150848389,3.9532597064971924,0.179059699177742,4.1840949058532715,0.10176179558038712,4.230905055999756
811,2,2,1,0.225446417927742,3.6233646869659424,0.11787507683038712,3.936681032180786,0.18235810101032257,4.1554646492004395,0.10662467777729034,4.177943706512451
812,2,2,1,0.2240513414144516,3.644413709640503,0.14459602534770966,3.9808413982391357,0.18593549728393555,4.246583461761475,0.09901148080825806,4.321457386016846
813,2,2,1,0.23736447095870972,3.6218724250793457,0.1689203977584839,3.889390230178833,0.23792250454425812,4.064457893371582,0.1290457546710968,4.104092597961426
814,2,2,1,0.242047980427742,3.5764923095703125,0.13582688570022583,3.7389676570892334,0.2390585094690323,3.75356388092041,0.14532844722270966,3.7301151752471924
815,2,2,1,0.22344347834587097,3.6342148780822754,0.1248256117105484,3.9798827171325684,0.1873006969690323,4.167003631591797,0.10503029078245163,4.24041748046875
816,2,2,1,0.22268614172935486,3.6301069259643555,0.12341058999300003,3.9805402755737305,0.17929886281490326,4.205468654632568,0.09823421388864517,4.28139591217041
817,2,2,1,0.2216198891401291,3.637589931488037,0.1272670179605484,3.981443166732788,0.18348413705825806,4.173681735992432,0.10391421616077423,4.236094951629639
818,2,2,1,0.23770327866077423,3.567913055419922,0.1382533460855484,3.7100331783294678,0.24612364172935486,3.7240779399871826,0.14580675959587097,3.740432024002075
819,2,2,1,0.2283063530921936,3.6174325942993164,0.12264329195022583,3.905829668045044,0.19550183415412903,4.099393367767334,0.10921555757522583,4.163321018218994
820,2,3,0,0.22861526906490326,3.6131112575531006,0.11328125,3.903149127960205,0.2073102593421936,4.150788307189941,0.11180643737316132,4.242602348327637
821,2,2,1,0.23594945669174194,3.6035983562469482,0.14629004895687103,3.847007989883423,0.20629383623600006,3.9700028896331787,0.12380420416593552,3.995009660720825
822,2,2,1,0.22320431470870972,3.6192240715026855,0.11657465249300003,3.9211864471435547,0.19688695669174194,4.108260154724121,0.11794482916593552,4.162724018096924
823,2,2,1,0.2239118218421936,3.63106369972229,0.13806898891925812,3.9552524089813232,0.20258688926696777,4.115642070770264,0.1111886128783226,4.208460330963135
824,2,2,1,0.22597455978393555,3.619835138320923,0.11933493614196777,3.9296061992645264,0.17880061268806458,4.144568920135498,0.10118383169174194,4.205042362213135
825,2,2,1,0.2285853773355484,3.6114914417266846,0.12368462979793549,3.9111344814300537,0.1949637234210968,4.124866008758545,0.10740194469690323,4.211542129516602
826,2,2,1,0.23558075726032257,3.6040775775909424,0.13314133882522583,3.868048906326294,0.19909916818141937,3.9259259700775146,0.12230946868658066,3.9149422645568848
827,2,2,1,0.22058354318141937,3.635028839111328,0.12381915748119354,4.0041046142578125,0.17519330978393555,4.260281085968018,0.09371013939380646,4.3200764656066895
828,2,2,1,0.22445990145206451,3.6326746940612793,0.15609055757522583,3.9775919914245605,0.20509804785251617,4.183169841766357,0.11027184128761292,4.291342735290527
829,2,2,1,0.2204938530921936,3.628237009048462,0.12445192784070969,3.9811835289001465,0.19554169476032257,4.159404754638672,0.11033163219690323,4.249458312988281
830,2,2,1,0.238141730427742,3.5697548389434814,0.13391362130641937,3.732187271118164,0.24335339665412903,3.817493200302124,0.14096380770206451,3.8480136394500732
831,2,2,1,0.2214604616165161,3.624505043029785,0.1374162882566452,3.9665699005126953,0.18837690353393555,4.188055515289307,0.10194116830825806,4.271945476531982
832,2,2,1,0.22605428099632263,3.6264491081237793,0.11294244229793549,3.9204163551330566,0.19271165132522583,4.130720138549805,0.10698341578245163,4.229508399963379
833,2,2,1,0.22208824753761292,3.6410911083221436,0.12416792660951614,3.9992778301239014,0.17883051931858063,4.239607810974121,0.09713806957006454,4.320065498352051
834,2,2,1,0.22660236060619354,3.643491744995117,0.13974310457706451,3.9798195362091064,0.18991151452064514,4.207209587097168,0.10204081237316132,4.2607421875
835,2,2,1,0.23349808156490326,3.6329805850982666,0.17205436527729034,3.921985387802124,0.19920878112316132,4.133910179138184,0.10283800959587097,4.291666507720947
836,2,2,1,0.22281567752361298,3.625134229660034,0.1319056898355484,3.9259650707244873,0.19361846148967743,4.06644344329834,0.11328125,4.07230806350708
837,2,2,1,0.23001036047935486,3.620180130004883,0.14354471862316132,3.916973352432251,0.207380011677742,4.09398889541626,0.11176657676696777,4.118937015533447
838,2,2,1,0.22854800522327423,3.6172704696655273,0.11907584965229034,3.8932173252105713,0.1857561320066452,4.120594501495361,0.10301737487316132,4.215322017669678
839,2,2,1,0.23558075726032257,3.587369441986084,0.14368422329425812,3.7680838108062744,0.23546117544174194,3.792881727218628,0.13883131742477417,3.7563881874084473
840,2,2,1,0.23433513939380646,3.618259906768799,0.1667131632566452,3.881291151046753,0.22040417790412903,4.056424617767334,0.12348532676696777,4.131859302520752
841,2,2,1,0.22513751685619354,3.6410834789276123,0.1486467570066452,3.9639337062835693,0.19554169476032257,4.1587934494018555,0.11110889166593552,4.198206424713135
842,2,3,0,0.23309949040412903,3.606916904449463,0.1529366672039032,3.8285062313079834,0.22192880511283875,3.9916484355926514,0.1252192258834839,4.0741682052612305
843,2,2,1,0.22318439185619354,3.621467113494873,0.11763592064380646,3.9170689582824707,0.1995077282190323,4.090804576873779,0.11545360088348389,4.149490833282471
844,2,2,1,0.23712530732154846,3.5863590240478516,0.1220354363322258,3.7569918632507324,0.25184351205825806,3.903414726257324,0.14303651452064514,3.909154176712036
845,2,2,1,0.22171954810619354,3.6260225772857666,0.12699298560619354,3.970888376235962,0.18800820410251617,4.17930793762207,0.1015625,4.2511773109436035
846,2,2,1,0.23719507455825806,3.5872788429260254,0.13969825208187103,3.791425943374634,0.23804208636283875,3.808271884918213,0.1400669664144516,3.789698362350464
847,2,2,1,0.22036431729793549,3.634937047958374,0.16089864075183868,3.9505155086517334,0.2102499157190323,4.159818172454834,0.11694833636283875,4.246591567993164
848,2,2,1,0.22200852632522583,3.631716012954712,0.1065848171710968,3.931002140045166,0.18881537020206451,4.16540002822876,0.10805962979793549,4.219476222991943
849,2,2,1,0.23426538705825806,3.6172103881835938,0.15986227989196777,3.899890899658203,0.216796875,4.0659589767456055,0.11643016338348389,4.1670660972595215
850,2,2,1,0.22744937241077423,3.619934320449829,0.13021662831306458,3.9126076698303223,0.1863141655921936,4.098304748535156,0.10507015138864517,4.144347667694092
851,2,2,1,0.2307577282190323,3.629053831100464,0.15441645681858063,3.923851251602173,0.2131596803665161,4.108924388885498,0.11433752626180649,4.200104713439941
852,2,2,1,0.23010003566741943,3.6066431999206543,0.12043606489896774,3.8915274143218994,0.19716596603393555,4.0847063064575195,0.11228475719690323,4.141994953155518
853,2,2,1,0.22847576439380646,3.6217288970947266,0.14092892408370972,3.948382616043091,0.19718590378761292,4.1899638175964355,0.10285793989896774,4.2611894607543945
854,2,2,1,0.23009008169174194,3.617799997329712,0.1377301812171936,3.907028913497925,0.20278619229793549,4.090810775756836,0.11180643737316132,4.150623798370361
855,2,2,1,0.22386200726032257,3.6232361793518066,0.11707788705825806,3.916588544845581,0.1974748820066452,4.095726013183594,0.11748644709587097,4.1194233894348145
856,2,2,1,0.23101681470870972,3.617392063140869,0.15283203125,3.8871357440948486,0.21780332922935486,4.055588722229004,0.11985809355974197,4.121549606323242
857,2,2,1,0.2218989133834839,3.6447367668151855,0.15316584706306458,4.005855560302734,0.17482461035251617,4.248859882354736,0.09050143510103226,4.369301795959473
858,2,2,1,0.22889429330825806,3.641488790512085,0.18035514652729034,3.961655378341675,0.21251195669174194,4.192910194396973,0.11750637739896774,4.277137279510498
859,2,2,1,0.2264329493045807,3.626325845718384,0.1183035671710968,3.9463443756103516,0.19090799987316132,4.132477283477783,0.10889668017625809,4.195644378662109
860,2,2,1,0.24410076439380646,3.5680110454559326,0.13435207307338715,3.707472562789917,0.2552814185619354,3.7849559783935547,0.1433553844690323,3.800222396850586
861,2,2,1,0.231794074177742,3.6042301654815674,0.12540358304977417,3.867535352706909,0.2071010023355484,4.0747246742248535,0.11756616830825806,4.158501625061035
862,2,2,1,0.22094227373600006,3.6316075325012207,0.13105368614196777,3.9572672843933105,0.1921735405921936,4.188073635101318,0.10369499027729034,4.290409564971924
863,2,2,1,0.22334381937980652,3.6247713565826416,0.1350795179605484,3.9549999237060547,0.20127151906490326,4.186701774597168,0.10628587007522583,4.271892070770264
864,2,2,1,0.23091717064380646,3.611962080001831,0.120849609375,3.900886297225952,0.19913902878761292,4.062299728393555,0.11666931957006454,4.131875514984131
865,2,2,1,0.2225864976644516,3.629448890686035,0.12110869586467743,3.9647839069366455,0.18648357689380646,4.1756439208984375,0.10224011540412903,4.233528137207031
866,2,2,1,0.22006537020206451,3.6359355449676514,0.13391859829425812,3.950740337371826,0.18996132910251617,4.139852046966553,0.109375,4.218294620513916
867,2,2,1,0.23338846862316132,3.580760955810547,0.12826350331306458,3.7592356204986572,0.23043884336948395,3.887394666671753,0.1336495578289032,3.9205188751220703
868,2,2,1,0.23227240145206451,3.59543514251709,0.1357073038816452,3.8010060787200928,0.21821188926696777,3.8422229290008545,0.13213488459587097,3.8447964191436768
869,2,2,1,0.2291434109210968,3.612307071685791,0.13096898794174194,3.900859832763672,0.1935786008834839,4.1458868980407715,0.10760124027729034,4.228931427001953
870,2,2,1,0.22173947095870972,3.6325724124908447,0.11797472834587097,3.9436607360839844,0.18963249027729034,4.150446891784668,0.10608657449483871,4.238399505615234
871,2,2,1,0.24132055044174194,3.575174570083618,0.13646464049816132,3.732520341873169,0.23588965833187103,3.811169385910034,0.1384526491165161,3.799769639968872
872,2,2,1,0.22613400220870972,3.6321773529052734,0.120047427713871,3.944716453552246,0.18764947354793549,4.148107051849365,0.10578762739896774,4.1767144203186035
873,2,2,1,0.2268415093421936,3.6225619316101074,0.11835837364196777,3.9398863315582275,0.18556679785251617,4.146063804626465,0.10321667790412903,4.215678691864014
874,2,2,1,0.24133050441741943,3.569823980331421,0.13747109472751617,3.707658290863037,0.2456752210855484,3.747870445251465,0.14638471603393555,3.762695789337158
875,2,2,1,0.23192362487316132,3.620391845703125,0.16702207922935486,3.9122366905212402,0.22702087461948395,4.0623297691345215,0.1257772594690323,4.083188056945801
876,2,2,1,0.22641302645206451,3.6175785064697266,0.12199059128761292,3.921581506729126,0.19729551672935486,4.09045934677124,0.11073023080825806,4.164686679840088
877,2,2,1,0.22358298301696777,3.636582374572754,0.14690788090229034,3.974224090576172,0.19422632455825806,4.174798488616943,0.10734215378761292,4.259562015533447
878,2,2,1,0.22222775220870972,3.621721029281616,0.12529397010803223,3.929534435272217,0.19333943724632263,4.120038986206055,0.11047113686800003,4.14162015914917
879,2,2,1,0.21647799015045166,3.6328024864196777,0.12271802872419357,3.9889564514160156,0.18862603604793549,4.19108247756958,0.10269849747419357,4.260236740112305
880,2,2,1,0.2365971803665161,3.5981552600860596,0.12993262708187103,3.839174747467041,0.20865552127361298,4.005921840667725,0.11993781477212906,4.034064292907715
881,2,2,1,0.23139548301696777,3.6068644523620605,0.13809390366077423,3.8810794353485107,0.20269650220870972,4.115333557128906,0.10762117058038712,4.1890740394592285
882,2,2,1,0.22584502398967743,3.6272943019866943,0.15446129441261292,3.949420928955078,0.20923349261283875,4.12301778793335,0.11443717777729034,4.22100305557251
883,2,2,1,0.2224569469690323,3.6386847496032715,0.1394391655921936,3.980776071548462,0.18950293958187103,4.18841028213501,0.10317681729793549,4.301332950592041
884,2,2,1,0.23168446123600006,3.633204221725464,0.1626674085855484,3.944866418838501,0.2163185477256775,4.112032413482666,0.11726721376180649,4.2005438804626465
885,2,3,0,0.22885443270206451,3.6096839904785156,0.12039121985435486,3.8688905239105225,0.22060346603393555,4.0483784675598145,0.12655451893806458,4.11275577545166
886,2,2,1,0.22973133623600006,3.60579514503479,0.12464126199483871,3.8758394718170166,0.19651825726032257,4.0781402587890625,0.11284279078245163,4.136700630187988
887,2,2,1,0.24034398794174194,3.57858943939209,0.12997248768806458,3.7113394737243652,0.2569056749343872,3.8063302040100098,0.14895567297935486,3.798902750015259
888,2,2,1,0.2294323891401291,3.609928846359253,0.12006238102912903,3.890774726867676,0.1976941078901291,4.090629577636719,0.11124840378761292,4.126298904418945
889,2,2,1,0.2271205335855484,3.6240785121917725,0.15326550602912903,3.946295738220215,0.20618422329425812,4.17592191696167,0.1067243292927742,4.2522873878479
890,2,2,1,0.23350805044174194,3.6010327339172363,0.12733179330825806,3.8549067974090576,0.19937817752361298,4.034336090087891,0.11296237260103226,4.098270893096924
891,2,2,1,0.21836136281490326,3.6341440677642822,0.13538344204425812,3.9768879413604736,0.17831233143806458,4.193249225616455,0.09871252626180649,4.3250555992126465
892,2,2,1,0.22623364627361298,3.6093907356262207,0.12401346862316132,3.899718761444092,0.19501355290412903,4.07818078994751,0.11136798560619354,4.122763156890869
893,2,2,1,0.22368262708187103,3.6330466270446777,0.12227459251880646,3.9861457347869873,0.1831752210855484,4.185833930969238,0.10385443270206451,4.205334663391113
894,2,2,1,0.23511239886283875,3.595363140106201,0.12617087364196777,3.799391746520996,0.22527702152729034,3.850311756134033,0.1326729953289032,3.858344554901123
895,2,2,1,0.22637316584587097,3.635383129119873,0.13230927288532257,3.9860665798187256,0.19451530277729034,4.192059516906738,0.10291773080825806,4.25793981552124
896,2,2,1,0.22170957922935486,3.630140781402588,0.12127311527729034,3.9773213863372803,0.18260721862316132,4.230668544769287,0.0962611585855484,4.296894550323486
897,2,2,1,0.22750915586948395,3.6170995235443115,0.12053073197603226,3.9123640060424805,0.19306042790412903,4.123516082763672,0.10752151906490326,4.185542106628418
898,2,2,1,0.2292928844690323,3.6330292224884033,0.1555873304605484,3.938450813293457,0.2116350382566452,4.139702320098877,0.12083465605974197,4.217878818511963
899,2,2,1,0.22749920189380646,3.595794916152954,0.13863201439380646,3.80879807472229,0.22525708377361298,3.818889617919922,0.1355428844690323,3.778562068939209
900,2,2,1,0.22462929785251617,3.610283136367798,0.12338069826364517,3.8744094371795654,0.20554646849632263,4.003733158111572,0.12294722348451614,4.025125503540039
901,2,2,1,0.22561582922935486,3.6368534564971924,0.13927973806858063,3.9683051109313965,0.2009028196334839,4.1584248542785645,0.1044921875,4.25767707824707
902,2,2,1,0.2283860743045807,3.6126794815063477,0.1205008327960968,3.879512071609497,0.1949637234210968,4.114643573760986,0.10821906477212906,4.213075637817383
903,2,2,1,0.22187897562980652,3.6372945308685303,0.15709203481674194,3.9803354740142822,0.20931321382522583,4.18524169921875,0.1082589253783226,4.301914691925049
904,2,2,1,0.24112124741077423,3.586601734161377,0.13040098547935486,3.7508788108825684,0.24095185101032257,3.8206369876861572,0.1424386203289032,3.8206241130828857
905,2,2,1,0.22654256224632263,3.6181929111480713,0.1232561394572258,3.9085617065429688,0.1877690553665161,4.0627288818359375,0.10782046616077423,4.14935302734375
906,2,2,1,0.2336774468421936,3.606822967529297,0.15770487487316132,3.89605712890625,0.21767377853393555,4.090093612670898,0.11617107689380646,4.22165060043335
907,2,2,1,0.22939252853393555,3.635404109954834,0.16510383784770966,3.9605274200439453,0.2126116007566452,4.169760227203369,0.11794482916593552,4.237918376922607
908,2,2,1,0.2251674085855484,3.622809410095215,0.11891143023967743,3.9305288791656494,0.1874302476644516,4.158275127410889,0.10522958636283875,4.2219696044921875
909,2,2,1,0.22249680757522583,3.6286725997924805,0.11693339049816132,3.955941915512085,0.18543726205825806,4.151862144470215,0.10361526906490326,4.229659557342529
910,2,2,1,0.21619898080825806,3.6420538425445557,0.12518933415412903,3.98193097114563,0.17684748768806458,4.180312156677246,0.09847337007522583,4.287593841552734
911,2,2,1,0.23391661047935486,3.5792365074157715,0.1339285671710968,3.75974702835083,0.23490314185619354,3.829847812652588,0.13879145681858063,3.8019816875457764
912,2,2,1,0.22123126685619354,3.635556936264038,0.12100904434919357,3.9331328868865967,0.1857661008834839,4.128902435302734,0.1051897332072258,4.213906764984131
913,2,2,1,0.2226662039756775,3.6429178714752197,0.15627989172935486,3.985780715942383,0.20232780277729034,4.184101581573486,0.11322145909070969,4.233409404754639
914,2,2,1,0.23413583636283875,3.599208354949951,0.1285226047039032,3.8485753536224365,0.20785833895206451,4.01821756362915,0.11682876199483871,4.103036403656006
915,2,2,1,0.2273198366165161,3.613755941390991,0.11949437856674194,3.8962597846984863,0.19254224002361298,4.136425018310547,0.10766103118658066,4.23084020614624
916,2,2,1,0.22752909362316132,3.618490695953369,0.12258350104093552,3.902369737625122,0.1904296875,4.118262767791748,0.10815927386283875,4.198451995849609
917,2,2,1,0.22285553812980652,3.6353962421417236,0.1396135538816452,3.9960029125213623,0.19444555044174194,4.213857650756836,0.10710299760103226,4.303684234619141
918,2,2,1,0.23099689185619354,3.6089038848876953,0.12302694469690323,3.876721143722534,0.2038225382566452,4.009778022766113,0.1183035671710968,4.021900177001953
919,2,2,1,0.22618383169174194,3.626530885696411,0.1250249147415161,3.9641335010528564,0.18204918503761292,4.192073822021484,0.1003069207072258,4.23167085647583
920,2,2,1,0.22615393996238708,3.6178011894226074,0.12094427645206451,3.8985745906829834,0.19075852632522583,4.108133316040039,0.10684390366077423,4.197910785675049
921,2,2,1,0.21935786306858063,3.6491618156433105,0.13176119327545166,4.005898952484131,0.17308075726032257,4.237089157104492,0.09446747601032257,4.327637195587158
922,2,2,1,0.22584502398967743,3.6214261054992676,0.11853774636983871,3.9191291332244873,0.1911969780921936,4.122791290283203,0.10794004797935486,4.21768856048584
923,2,2,1,0.22723014652729034,3.6365389823913574,0.1582280397415161,3.938659191131592,0.2072405070066452,4.139491081237793,0.11252391338348389,4.199433326721191
924,2,2,1,0.22588488459587097,3.6229045391082764,0.14067481458187103,3.9363179206848145,0.20373286306858063,4.119002342224121,0.10829878598451614,4.220095634460449
925,2,2,1,0.22401148080825806,3.6271352767944336,0.12143255770206451,3.942639112472534,0.17863121628761292,4.183141708374023,0.09827407449483871,4.281281471252441
926,2,2,1,0.23364755511283875,3.6154305934906006,0.13926976919174194,3.894390344619751,0.20042450726032257,4.085865020751953,0.10768096148967743,4.149361610412598
927,2,2,1,0.21900908648967743,3.6294476985931396,0.13194555044174194,3.9698662757873535,0.19855110347270966,4.1277289390563965,0.11156728118658066,4.154340744018555
928,2,2,1,0.2226662039756775,3.6217498779296875,0.11572265625,3.95513653755188,0.18111248314380646,4.169408321380615,0.10381457209587097,4.181992530822754
929,2,2,1,0.2408621609210968,3.567622423171997,0.13172133266925812,3.696485996246338,0.26308393478393555,3.778265953063965,0.14991231262683868,3.8146770000457764
930,2,2,1,0.2288743555545807,3.6085422039031982,0.1425432413816452,3.883533239364624,0.21034955978393555,4.027902603149414,0.11832349747419357,4.082196235656738
931,2,2,1,0.23742425441741943,3.6232686042785645,0.17541752755641937,3.9075751304626465,0.23427534103393555,4.094597816467285,0.12663424015045166,4.149827003479004
932,2,2,1,0.22860530018806458,3.622248411178589,0.14429208636283875,3.9287984371185303,0.20951251685619354,4.13598108291626,0.1109095960855484,4.238813877105713
933,2,2,1,0.23261120915412903,3.618043899536133,0.1501813530921936,3.897618055343628,0.2170061320066452,4.0495476722717285,0.11908083409070969,4.124016761779785
934,2,2,1,0.22033442556858063,3.628239393234253,0.13559271395206451,3.9783935546875,0.19512316584587097,4.161125659942627,0.1065848171710968,4.223822116851807
935,2,2,1,0.23638790845870972,3.579082727432251,0.13384386897087097,3.7435877323150635,0.23388671875,3.7979633808135986,0.13996730744838715,3.78299880027771
936,2,2,1,0.23369738459587097,3.62497878074646,0.1582280397415161,3.9255597591400146,0.22201849520206451,4.1008076667785645,0.11892139166593552,4.196078300476074
937,2,2,1,0.2227957546710968,3.6282763481140137,0.12876175343990326,3.957744836807251,0.19341915845870972,4.168160915374756,0.10383450239896774,4.266218662261963
938,2,2,1,0.2419682741165161,3.5801827907562256,0.13565748929977417,3.755903959274292,0.24061304330825806,3.794872760772705,0.1382533460855484,3.810436725616455
939,2,2,1,0.22281567752361298,3.633944511413574,0.12197066098451614,3.981045722961426,0.17965760827064514,4.209717750549316,0.09893175959587097,4.277397155761719
940,2,2,1,0.22198858857154846,3.634780168533325,0.123291015625,3.968963384628296,0.1823381632566452,4.156027793884277,0.10359533876180649,4.193920612335205
941,2,2,1,0.22850565612316132,3.612489700317383,0.11766581237316132,3.9014227390289307,0.19003108143806458,4.104614734649658,0.10592713207006454,4.172906875610352
942,2,2,1,0.23595941066741943,3.583597183227539,0.14365433156490326,3.7770533561706543,0.23499281704425812,3.785090208053589,0.13592155277729034,3.737243413925171
943,2,2,1,0.22626355290412903,3.637760877609253,0.13793446123600006,3.9510908126831055,0.18410195410251617,4.115020275115967,0.0982142835855484,4.1836442947387695
944,2,2,1,0.2251674085855484,3.6094884872436523,0.11800462007522583,3.8759500980377197,0.20560626685619354,4.050889492034912,0.12135283648967743,4.084414482116699
945,2,2,1,0.22590480744838715,3.6375386714935303,0.13525888323783875,3.96868896484375,0.1777443289756775,4.155014991760254,0.10257892310619354,4.238585472106934
946,2,2,1,0.22610411047935486,3.628162145614624,0.12137775123119354,3.963794708251953,0.1796875,4.172970294952393,0.10377471148967743,4.232187271118164
947,2,2,1,0.2343152016401291,3.617802143096924,0.1674206703901291,3.8799476623535156,0.22882452607154846,4.064321041107178,0.12418287247419357,4.176536560058594
948,2,3,0,0.23027941584587097,3.6057379245758057,0.118408203125,3.8654322624206543,0.20833665132522583,4.0759077072143555,0.11148755997419357,4.195924282073975
949,2,2,1,0.22044403851032257,3.641533374786377,0.12106385082006454,4.002222537994385,0.18249760568141937,4.197335243225098,0.10090481489896774,4.21983003616333
950,2,2,1,0.21682676672935486,3.6219494342803955,0.12225964665412903,3.958350419998169,0.18475964665412903,4.184510231018066,0.10180165618658066,4.257243633270264
951,2,2,1,0.2273198366165161,3.6435210704803467,0.1629115492105484,3.9595682621002197,0.19432596862316132,4.236398220062256,0.1026785671710968,4.3274455070495605
952,2,2,1,0.2413504421710968,3.572667121887207,0.13762056827545166,3.7350566387176514,0.238141730427742,3.755293369293213,0.1429966539144516,3.739651679992676
953,2,2,1,0.22280572354793549,3.6256093978881836,0.11970364302396774,3.946472406387329,0.19191445410251617,4.131471157073975,0.10736208409070969,4.175422191619873
954,2,2,1,0.22498804330825806,3.6175479888916016,0.13392359018325806,3.914952278137207,0.19258210062980652,4.1115593910217285,0.10457190126180649,4.2071661949157715
955,2,2,1,0.22842593491077423,3.601797342300415,0.1479243040084839,3.862844705581665,0.22170957922935486,3.883185863494873,0.1296635866165161,3.8727328777313232
956,2,2,1,0.2221779227256775,3.6219053268432617,0.1238141730427742,3.9370622634887695,0.1921635866165161,4.150228023529053,0.10251913219690323,4.2431960105896
957,2,2,1,0.22351323068141937,3.6271066665649414,0.12203045189380646,3.9525558948516846,0.18692202866077423,4.1953301429748535,0.10190130770206451,4.2657928466796875
958,2,2,1,0.22693119943141937,3.617002487182617,0.11986806243658066,3.8930084705352783,0.1956014782190323,4.097559928894043,0.1109095960855484,4.1584906578063965
959,2,2,1,0.2261439710855484,3.6255838871002197,0.1640375852584839,3.9418036937713623,0.2170161008834839,4.128432273864746,0.11920040845870972,4.170038223266602
960,2,2,1,0.2264329493045807,3.6145315170288086,0.12466616928577423,3.907277822494507,0.19421635568141937,4.079476833343506,0.10935506969690323,4.123018264770508
961,2,2,1,0.22903379797935486,3.610990285873413,0.13203024864196777,3.887920379638672,0.20669244229793549,4.088660717010498,0.10975366830825806,4.154348850250244
962,2,2,1,0.22149035334587097,3.616997241973877,0.1194196417927742,3.933828353881836,0.18647360801696777,4.118954658508301,0.101981021463871,4.16591739654541
963,2,2,1,0.22641302645206451,3.624532461166382,0.12212013453245163,3.9373316764831543,0.18759964406490326,4.147083759307861,0.10349569469690323,4.228961944580078
964,2,2,1,0.21913862228393555,3.6305761337280273,0.15059490501880646,3.961819648742676,0.20812739431858063,4.130613803863525,0.11575254797935486,4.2036848068237305
965,2,2,1,0.22129105031490326,3.6331787109375,0.1172223761677742,3.961236000061035,0.17847177386283875,4.207146644592285,0.0991908460855484,4.283705234527588
966,2,2,1,0.22263631224632263,3.6289947032928467,0.13494499027729034,3.967287063598633,0.18622449040412903,4.175192832946777,0.10176179558038712,4.2412848472595215
967,2,2,1,0.24034398794174194,3.5687217712402344,0.1371821165084839,3.709149122238159,0.25032883882522583,3.7732973098754883,0.14395327866077423,3.804928779602051
968,2,2,1,0.21557117998600006,3.648869752883911,0.12663424015045166,4.01542329788208,0.17149633169174194,4.229343414306641,0.09745694696903229,4.331492900848389
969,2,2,1,0.22403140366077423,3.624321699142456,0.11817402392625809,3.916013240814209,0.19766421616077423,4.105464935302734,0.11170679330825806,4.184656620025635
970,2,2,1,0.22769849002361298,3.633741855621338,0.1525280922651291,3.951915740966797,0.19731543958187103,4.156254768371582,0.1100725457072258,4.216730117797852
971,2,2,1,0.2248883843421936,3.627481460571289,0.121337890625,3.9467005729675293,0.18772919476032257,4.167418479919434,0.10652502626180649,4.1680073738098145
972,2,2,1,0.23893892765045166,3.5975894927978516,0.14559251070022583,3.834981679916382,0.2220384180545807,3.9567811489105225,0.12468112260103226,3.9883313179016113
973,2,2,1,0.22073301672935486,3.629362106323242,0.11400868743658066,3.958744764328003,0.17448580265045166,4.157509803771973,0.1001674085855484,4.188420295715332
974,2,2,1,0.22358298301696777,3.6256630420684814,0.12199557572603226,3.943312168121338,0.18927375972270966,4.098452091217041,0.10762117058038712,4.12240743637085
975,2,2,1,0.23412586748600006,3.5919132232666016,0.13717713952064514,3.8141071796417236,0.22834621369838715,3.8607897758483887,0.13436701893806458,3.846632957458496
976,2,2,1,0.22165974974632263,3.626326084136963,0.13404814898967743,3.969000816345215,0.19947783648967743,4.132330894470215,0.10997289419174194,4.16418981552124
977,2,2,1,0.2273297905921936,3.618901491165161,0.14486506581306458,3.894892454147339,0.21590003371238708,3.9038586616516113,0.1288464516401291,3.8516628742218018
978,2,2,1,0.22730986773967743,3.6019463539123535,0.11563296616077423,3.8565149307250977,0.2069016993045807,4.064489841461182,0.12167171388864517,4.127109050750732
979,2,2,1,0.22741948068141937,3.61541485786438,0.11898118257522583,3.8871021270751953,0.20002590119838715,4.099437236785889,0.11541374027729034,4.166637897491455
980,2,2,1,0.22278578579425812,3.620163679122925,0.13334064185619354,3.936551809310913,0.19686701893806458,4.140919208526611,0.10807956010103226,4.223861217498779
981,2,2,1,0.2276088148355484,3.6093428134918213,0.12036630511283875,3.868614912033081,0.1955317258834839,4.0506062507629395,0.11102917790412903,4.122419834136963
982,2,2,1,0.21925820410251617,3.6517293453216553,0.12222476303577423,4.0279645919799805,0.17777423560619354,4.262556076049805,0.09177694469690323,4.309446334838867
983,2,2,1,0.22786790132522583,3.607163190841675,0.12165676802396774,3.8625547885894775,0.20450015366077423,4.023974418640137,0.122488833963871,4.075821876525879
984,2,2,1,0.23413583636283875,3.590696334838867,0.13478554785251617,3.81014347076416,0.22745934128761292,3.8980987071990967,0.12886638939380646,3.8993194103240967
985,2,2,1,0.22528699040412903,3.6234519481658936,0.13203024864196777,3.9183366298675537,0.1971360743045807,4.11408805847168,0.10676418989896774,4.204031944274902
986,2,2,1,0.24528658390045166,3.560349464416504,0.14122289419174194,3.667301654815674,0.2610809803009033,3.7086260318756104,0.15186543762683868,3.736482858657837
987,2,2,1,0.22806720435619354,3.6280858516693115,0.1614118218421936,3.955364942550659,0.21641820669174194,4.1461920738220215,0.12021683156490326,4.218003749847412
988,2,1,0,0.22469905018806458,3.635948419570923,0.17798349261283875,3.9673590660095215,0.21251195669174194,4.179311752319336,0.11848293989896774,4.276702880859375
989,2,2,1,0.2253069132566452,3.6206986904144287,0.12679368257522583,3.9138636589050293,0.19330954551696777,4.083973407745361,0.11067043989896774,4.16333532333374
990,2,2,1,0.23593948781490326,3.584829092025757,0.13277263939380646,3.762834072113037,0.2345145046710968,3.826251268386841,0.13932955265045166,3.805321216583252
991,2,2,1,0.21751435101032257,3.6251144409179688,0.13056042790412903,3.957869052886963,0.1985311657190323,4.153591156005859,0.10670439898967743,4.228427410125732
992,2,2,1,0.22441256046295166,3.622217893600464,0.11845802515745163,3.921135663986206,0.1952427476644516,4.086561679840088,0.11096938699483871,4.149963855743408
993,2,2,1,0.2338169664144516,3.591161012649536,0.12710757553577423,3.790364980697632,0.2251076102256775,3.8857460021972656,0.12984295189380646,3.8954720497131348
994,2,2,1,0.22152024507522583,3.631398916244507,0.12084462493658066,3.9628102779388428,0.17748524248600006,4.164055824279785,0.09839364886283875,4.221997261047363
995,2,2,1,0.2268415093421936,3.6149182319641113,0.1293347328901291,3.9115493297576904,0.2006237953901291,4.094670295715332,0.11292251199483871,4.162195682525635
996,2,2,1,0.22226761281490326,3.624927043914795,0.12084462493658066,3.9605839252471924,0.190290167927742,4.161971092224121,0.10712292790412903,4.205953598022461
997,2,2,1,0.235700324177742,3.6027987003326416,0.14509426057338715,3.8784382343292236,0.2129005789756775,4.068055152893066,0.11334104090929031,4.170740127563477
998,2,2,1,0.22759884595870972,3.638660192489624,0.15099848806858063,3.980069875717163,0.20176976919174194,4.189697742462158,0.10650510340929031,4.286489486694336
999,2,2,1,0.22728992998600006,3.6439125537872314,0.16150151193141937,3.9685938358306885,0.2089245766401291,4.13498067855835,0.11158721148967743,4.252009391784668
1000,2,2,1,0.21927814185619354,3.6186776161193848,0.1233607679605484,3.9520981311798096,0.19366829097270966,4.131206512451172,0.10734215378761292,4.166728496551514
1001,2,2,1,0.22748923301696777,3.6208770275115967,0.1332310289144516,3.919222116470337,0.19742505252361298,4.125025272369385,0.10461176186800003,4.207468032836914
1002,2,2,1,0.22351323068141937,3.635220766067505,0.11596181243658066,3.961158275604248,0.1815708726644516,4.170133590698242,0.10381457209587097,4.2188520431518555
1003,2,2,1,0.224609375,3.629192590713501,0.1246163472533226,3.9768900871276855,0.1735491007566452,4.211357593536377,0.0933314710855484,4.288276672363281
1004,2,2,1,0.21469427645206451,3.644604206085205,0.11223991215229034,4.005681991577148,0.17106783390045166,4.202364921569824,0.09490592777729034,4.256195068359375
1005,2,2,1,0.22875477373600006,3.607466459274292,0.12336575239896774,3.8825523853302,0.19758449494838715,4.1052045822143555,0.11443717777729034,4.158829689025879
1006,2,2,1,0.22953204810619354,3.6273770332336426,0.15095862746238708,3.9612514972686768,0.2022879421710968,4.147093772888184,0.11124840378761292,4.219097137451172
1007,2,2,1,0.22281567752361298,3.6151163578033447,0.11512476205825806,3.9001991748809814,0.20308513939380646,4.081844806671143,0.12057556957006454,4.111570358276367
1008,2,2,1,0.22557596862316132,3.6435039043426514,0.15036073327064514,3.984558343887329,0.20589524507522583,4.157825946807861,0.10847815126180649,4.2066874504089355
1009,2,2,1,0.23520208895206451,3.615769147872925,0.15561224520206451,3.8675718307495117,0.20947265625,4.039341449737549,0.11758609116077423,4.098135471343994
1010,2,2,1,0.2302694469690323,3.6035139560699463,0.12481564283370972,3.8572511672973633,0.2059251368045807,4.044761657714844,0.11860251426696777,4.135439395904541
1011,2,2,1,0.2253667116165161,3.625530481338501,0.12230448424816132,3.934574604034424,0.17993661761283875,4.154233932495117,0.10373485088348389,4.200960636138916
1012,2,2,1,0.24472855031490326,3.5619935989379883,0.1364148110151291,3.6866941452026367,0.2599748969078064,3.7584421634674072,0.1521245241165161,3.7682430744171143
1013,2,2,1,0.23006018996238708,3.6020703315734863,0.12349031120538712,3.8312690258026123,0.2071010023355484,3.896742582321167,0.1263950914144516,3.85871958732605
1014,2,2,1,0.2283063530921936,3.6177382469177246,0.12364975363016129,3.906515598297119,0.19722576439380646,4.11610746383667,0.1099330335855484,4.160442352294922
1015,2,2,1,0.2354910671710968,3.6123476028442383,0.16101323068141937,3.8404505252838135,0.21075811982154846,4.056832313537598,0.11326131969690323,4.117015838623047
1016,2,2,1,0.2283163219690323,3.624694585800171,0.14138731360435486,3.926912546157837,0.20121173560619354,4.126585006713867,0.11003268510103226,4.2207932472229
1017,2,2,1,0.23059828579425812,3.625858783721924,0.14827308058738708,3.914311647415161,0.20002590119838715,4.155731678009033,0.10311702638864517,4.242945671081543
1018,2,2,1,0.23742425441741943,3.6141610145568848,0.16645407676696777,3.891942024230957,0.2273297905921936,4.055582523345947,0.1284877210855484,4.089344024658203
1019,2,2,1,0.2230149805545807,3.619124174118042,0.1389857679605484,3.925147771835327,0.20618422329425812,4.069112300872803,0.11485570669174194,4.128232002258301
1020,2,2,1,0.22744937241077423,3.6070973873138428,0.12233936041593552,3.8742363452911377,0.202985480427742,4.045851707458496,0.11144769936800003,4.1396636962890625
1021,2,2,1,0.22127112746238708,3.631884813308716,0.12432736158370972,3.984931707382202,0.18696188926696777,4.182443141937256,0.1056082546710968,4.234384059906006
1022,2,2,1,0.21875,3.6294643878936768,0.12616589665412903,3.9677751064300537,0.182965949177742,4.169435024261475,0.1012834832072258,4.275088310241699
1023,2,2,1,0.22221778333187103,3.6337220668792725,0.12163683772087097,3.9891860485076904,0.18210896849632263,4.171655178070068,0.1007254421710968,4.176889419555664
1024,2,2,1,0.2240513414144516,3.621108293533325,0.11501514166593552,3.9118869304656982,0.18650349974632263,4.110226631164551,0.10235968977212906,4.1923675537109375
1025,2,2,1,0.2350825071334839,3.6104869842529297,0.15707209706306458,3.881808042526245,0.22686144709587097,4.063823223114014,0.11722736060619354,4.149438858032227
1026,2,2,1,0.23290018737316132,3.594386339187622,0.1245465949177742,3.794215202331543,0.242536261677742,3.8811373710632324,0.1433553844690323,3.871541738510132
1027,2,2,1,0.22430045902729034,3.6257052421569824,0.12891621887683868,3.945659637451172,0.1877889782190323,4.148421287536621,0.10233975946903229,4.215774059295654
1028,2,2,1,0.22117146849632263,3.6229782104492188,0.11766082793474197,3.9423248767852783,0.1845703125,4.173685550689697,0.10419324040412903,4.234889030456543
1029,2,2,1,0.22135083377361298,3.6262998580932617,0.12307178229093552,3.9545767307281494,0.18320511281490326,4.178678035736084,0.10036670416593552,4.259729862213135
1030,2,2,1,0.23383688926696777,3.624563217163086,0.17700693011283875,3.8919663429260254,0.22484852373600006,4.10569953918457,0.12129304558038712,4.190765857696533
1031,2,2,1,0.23006018996238708,3.5910685062408447,0.13901565968990326,3.792623996734619,0.23313935101032257,3.792015790939331,0.13919004797935486,3.748854637145996
1032,2,2,1,0.22713050246238708,3.6189181804656982,0.12026167660951614,3.9136595726013184,0.19289101660251617,4.089580059051514,0.11220503598451614,4.157548904418945
1033,2,2,1,0.22078284621238708,3.632063627243042,0.13336555659770966,3.9633877277374268,0.19117705523967743,4.124263763427734,0.11144769936800003,4.17113733291626
1034,2,2,1,0.22437021136283875,3.6212916374206543,0.11862244457006454,3.935567855834961,0.1895228773355484,4.156580448150635,0.10632573068141937,4.267478942871094
1035,2,2,1,0.22853554785251617,3.611973524093628,0.1196637824177742,3.883249282836914,0.19551178812980652,4.13547420501709,0.1085379421710968,4.226588249206543
1036,2,2,1,0.2250279039144516,3.6169073581695557,0.14476542174816132,3.8957149982452393,0.20405173301696777,4.071885585784912,0.1102120503783226,4.159674644470215
1037,2,2,1,0.22468909621238708,3.6233811378479004,0.12117346376180649,3.9435856342315674,0.1950932741165161,4.121513843536377,0.11292251199483871,4.167666912078857
1038,2,2,1,0.22554607689380646,3.62459135055542,0.115234375,3.9523520469665527,0.1819096803665161,4.1795125007629395,0.10255899280309677,4.240963935852051
1039,2,2,1,0.22458943724632263,3.6311118602752686,0.12320132553577423,3.9627127647399902,0.1845802664756775,4.1650919914245605,0.09952965378761292,4.230676651000977
1040,2,2,1,0.23101681470870972,3.6159255504608154,0.12452168017625809,3.9048495292663574,0.19101761281490326,4.105221748352051,0.10509008169174194,4.175042629241943
1041,2,2,1,0.2237025648355484,3.6153059005737305,0.1310586780309677,3.9215328693389893,0.19050940871238708,4.14216947555542,0.10339604318141937,4.2154974937438965
1042,2,2,1,0.2291434109210968,3.6316590309143066,0.16290158033370972,3.9246368408203125,0.21779336035251617,4.095900535583496,0.12613600492477417,4.186917304992676
1043,2,2,1,0.22024473547935486,3.6352367401123047,0.12924006581306458,3.9842708110809326,0.17765465378761292,4.213764667510986,0.09869260340929031,4.274636745452881
1044,2,2,1,0.23644769191741943,3.596510410308838,0.13478057086467743,3.8346827030181885,0.20513790845870972,4.042358875274658,0.1139787957072258,4.117153167724609
1045,2,2,1,0.2357800453901291,3.591775417327881,0.12985292077064514,3.8121402263641357,0.21883967518806458,3.967897653579712,0.12595662474632263,4.017246723175049
1046,2,1,0,0.2377331703901291,3.6163809299468994,0.19525769352912903,3.871851682662964,0.25498244166374207,4.066359043121338,0.1409837305545807,4.139949321746826
1047,2,2,1,0.22220782935619354,3.623032331466675,0.1230119988322258,3.9350318908691406,0.19090799987316132,4.113425254821777,0.1099330335855484,4.121827602386475
1048,2,2,1,0.22641302645206451,3.6171822547912598,0.12589186429977417,3.9219534397125244,0.18865592777729034,4.119215965270996,0.1028180792927742,4.154293537139893
1049,2,2,1,0.22484852373600006,3.645319938659668,0.14272759854793549,3.972421884536743,0.1995774805545807,4.183393478393555,0.10317681729793549,4.248985767364502
1050,2,2,1,0.22661231458187103,3.6261377334594727,0.12276287376880646,3.951296806335449,0.18628427386283875,4.1790947914123535,0.10409358888864517,4.24238920211792
1051,2,2,1,0.23238201439380646,3.6015007495880127,0.12270308285951614,3.8495147228240967,0.20839643478393555,4.021421909332275,0.11884167790412903,4.102297306060791
1052,2,2,1,0.22576530277729034,3.625706195831299,0.12214504927396774,3.9453396797180176,0.18371333181858063,4.139834880828857,0.10279814898967743,4.160527229309082
1053,2,2,1,0.22045399248600006,3.62884783744812,0.10928033292293549,3.9647107124328613,0.18537746369838715,4.176907062530518,0.10536909848451614,4.212029457092285
1054,2,2,1,0.2334083914756775,3.5767407417297363,0.13780492544174194,3.738448143005371,0.24346300959587097,3.785445213317871,0.14026625454425812,3.7607274055480957
1055,2,2,1,0.22737962007522583,3.6188535690307617,0.11843311041593552,3.930248260498047,0.18315528333187103,4.174700736999512,0.1015625,4.270015716552734
1056,2,2,1,0.22574536502361298,3.6282334327697754,0.11949437856674194,3.9517157077789307,0.18786869943141937,4.129422187805176,0.10809949040412903,4.162057399749756
1057,2,2,1,0.22801737487316132,3.6406781673431396,0.16358916461467743,3.9484665393829346,0.214704230427742,4.1538567543029785,0.11798468977212906,4.254054069519043
1058,2,2,1,0.2322923243045807,3.6221096515655518,0.16763491928577423,3.9444196224212646,0.21975645422935486,4.176710605621338,0.11479591578245163,4.279860973358154
1059,2,2,1,0.2223871946334839,3.6229331493377686,0.1452387571334839,3.970017194747925,0.19770407676696777,4.1727824211120605,0.10754144936800003,4.2787251472473145
1060,2,2,1,0.2209123820066452,3.6280391216278076,0.12004245072603226,3.9403977394104004,0.19093789160251617,4.097646236419678,0.1100725457072258,4.118595123291016
1061,2,2,1,0.22751912474632263,3.614926338195801,0.1516461968421936,3.8778419494628906,0.20820710062980652,4.01627254486084,0.11892139166593552,4.07792854309082
1062,2,2,1,0.2352917641401291,3.578731060028076,0.1305554360151291,3.7350685596466064,0.2419682741165161,3.799151659011841,0.14477039873600006,3.795567274093628
1063,2,2,1,0.21851083636283875,3.6530919075012207,0.12971340119838715,4.014980316162109,0.17434629797935486,4.22462272644043,0.09574298560619354,4.324313163757324
1064,2,2,1,0.23502270877361298,3.6152215003967285,0.1616659313440323,3.8752427101135254,0.23900867998600006,3.985365867614746,0.13117824494838715,4.028714656829834
1065,2,2,1,0.22410115599632263,3.62270450592041,0.12413803488016129,3.945735454559326,0.1888950914144516,4.151139259338379,0.10550861060619354,4.207971096038818
1066,2,3,0,0.22090241312980652,3.633796453475952,0.11306201666593552,3.947294235229492,0.19481424987316132,4.137749195098877,0.11112882196903229,4.174498081207275
1067,2,2,1,0.22595463693141937,3.611863374710083,0.13217474520206451,3.9079463481903076,0.20106226205825806,4.061307430267334,0.11336096376180649,4.062412261962891
1068,2,2,1,0.22962172329425812,3.604825735092163,0.12267319113016129,3.8597943782806396,0.20669244229793549,4.034712314605713,0.11937978118658066,4.10417366027832
1069,2,2,1,0.23225246369838715,3.6189985275268555,0.17015604674816132,3.8887879848480225,0.2209721803665161,4.115400314331055,0.11989795416593552,4.211269855499268
1070,3,3,1,0.22864516079425812,3.6027891635894775,0.11836834251880646,3.8431620597839355,0.22393175959587097,4.032395839691162,0.11736686527729034,4.152318000793457
1071,3,3,1,0.2253766655921936,3.6088783740997314,0.11571767181158066,3.8732399940490723,0.2162388414144516,4.098755836486816,0.11513472348451614,4.195430278778076
1072,3,3,1,0.22535674273967743,3.620915412902832,0.14459602534770966,3.878915309906006,0.21287068724632263,4.029959678649902,0.11778539419174194,4.1001691818237305
1073,3,3,1,0.2308872789144516,3.606991767883301,0.12561781704425812,3.8711724281311035,0.19194434583187103,4.067230701446533,0.11365991830825806,4.142731666564941
1074,3,3,1,0.2326311320066452,3.5883915424346924,0.1217215359210968,3.7810888290405273,0.24796715378761292,3.9589295387268066,0.13424745202064514,4.021229267120361
1075,3,3,1,0.23183393478393555,3.582334041595459,0.12602639198303223,3.7351150512695312,0.24116110801696777,3.7989752292633057,0.1427973508834839,3.778087854385376
1076,3,3,1,0.2246791273355484,3.6067769527435303,0.11501016467809677,3.842048168182373,0.2157605141401291,4.003833293914795,0.1217912957072258,4.05367374420166
1077,3,3,1,0.22876474261283875,3.598684549331665,0.12007234245538712,3.8288726806640625,0.22316445410251617,4.0199151039123535,0.11684869229793549,4.128432750701904
1078,3,3,1,0.21677693724632263,3.635745048522949,0.10910594463348389,3.973878860473633,0.18111248314380646,4.157083988189697,0.1007254421710968,4.163434982299805
1079,3,3,1,0.24347296357154846,3.553513765335083,0.13660913705825806,3.6522722244262695,0.28531569242477417,3.76777720451355,0.15664859116077423,3.7779898643493652
1080,3,3,1,0.2432338148355484,3.5631937980651855,0.1330815553665161,3.6768250465393066,0.2781110405921936,3.8116378784179688,0.15766501426696777,3.817216634750366
1081,3,3,1,0.22996053099632263,3.610607862472534,0.11459662020206451,3.8789565563201904,0.2108777016401291,4.124373912811279,0.1139787957072258,4.211050987243652
1082,3,3,1,0.24683114886283875,3.5516350269317627,0.1385323703289032,3.6317076683044434,0.2938655912876129,3.704679489135742,0.16360411047935486,3.7098307609558105
1083,3,3,1,0.21934789419174194,3.6300199031829834,0.10992307215929031,3.93083119392395,0.18789859116077423,4.15994930267334,0.09755659848451614,4.267620086669922
1084,3,3,1,0.2171556055545807,3.632112741470337,0.110595703125,3.9708969593048096,0.1875697523355484,4.137916564941406,0.11059071868658066,4.173544883728027
1085,3,3,1,0.22478874027729034,3.6106038093566895,0.114432193338871,3.866765260696411,0.22012515366077423,4.06826639175415,0.11931999027729034,4.127776622772217
1086,3,3,1,0.21677693724632263,3.635745048522949,0.10910594463348389,3.973878860473633,0.18111248314380646,4.157083988189697,0.1007254421710968,4.163434982299805
1087,3,3,1,0.22885443270206451,3.5941390991210938,0.11999262124300003,3.823693037033081,0.2259446680545807,3.9953250885009766,0.12376434355974197,4.060547351837158
1088,3,3,1,0.21991589665412903,3.6270787715911865,0.11779037863016129,3.9540629386901855,0.19783362746238708,4.181735992431641,0.10433274507522583,4.231327533721924
1089,3,3,1,0.2386997789144516,3.563371419906616,0.13628028333187103,3.7032759189605713,0.2597755789756775,3.7896735668182373,0.14347496628761292,3.7830255031585693
1090,3,3,1,0.24238678812980652,3.5624074935913086,0.13401326537132263,3.668736219406128,0.28057238459587097,3.7833499908447266,0.15431679785251617,3.815187931060791
1091,3,3,1,0.23072783648967743,3.5950160026550293,0.12058055400848389,3.8109169006347656,0.2246193289756775,3.9862029552459717,0.11553332209587097,4.121787071228027
1092,3,3,1,0.2270607352256775,3.5989203453063965,0.11724230647087097,3.8212571144104004,0.23565050959587097,3.9986467361450195,0.13243383169174194,4.045598030090332
1093,3,3,1,0.22869499027729034,3.6197385787963867,0.11384924501180649,3.9280524253845215,0.19451530277729034,4.141444683074951,0.1061662957072258,4.227144718170166
1094,3,3,1,0.22353315353393555,3.6151926517486572,0.11850287020206451,3.9198620319366455,0.18614476919174194,4.128854274749756,0.10321667790412903,4.229580879211426
1095,3,3,1,0.2414799928665161,3.5735154151916504,0.1299874484539032,3.694967269897461,0.2684151828289032,3.763439178466797,0.15746571123600006,3.776357412338257
1096,3,3,1,0.22794762253761292,3.618797779083252,0.11204061657190323,3.9083914756774902,0.19631895422935486,4.165017127990723,0.10204081237316132,4.262304782867432
1097,3,3,1,0.23196348547935486,3.5960564613342285,0.1213030144572258,3.803499460220337,0.2414999157190323,3.989271640777588,0.13075971603393555,4.043743133544922
1098,3,3,1,0.246442511677742,3.5595810413360596,0.13525390625,3.6595447063446045,0.2850167453289032,3.7515907287597656,0.16125239431858063,3.762204885482788
1099,3,3,1,0.23206312954425812,3.588801145553589,0.12607620656490326,3.7704710960388184,0.23887914419174194,3.9050142765045166,0.13209502398967743,3.9287869930267334
1100,3,3,1,0.2214106321334839,3.627300977706909,0.1404506117105484,3.9411826133728027,0.1619798243045807,4.134912490844727,0.08629623800516129,4.257736682891846
1101,3,3,1,0.22360290586948395,3.630509376525879,0.10981843620538712,3.9485504627227783,0.1973353773355484,4.136140823364258,0.11130819469690323,4.208057403564453
1102,3,3,1,0.221540167927742,3.6166787147521973,0.11474609375,3.8945722579956055,0.20538702607154846,4.098345756530762,0.10710299760103226,4.209713459014893
1103,3,3,1,0.2322026491165161,3.5893914699554443,0.12106883525848389,3.7994978427886963,0.2375936657190323,4.006374835968018,0.12408322095870972,4.107934474945068
1104,3,3,1,0.23196348547935486,3.5960564613342285,0.1213030144572258,3.803499460220337,0.2414999157190323,3.989271640777588,0.13075971603393555,4.043743133544922
1105,3,3,1,0.22338367998600006,3.6312174797058105,0.11286770552396774,3.966803550720215,0.18856623768806458,4.1707444190979,0.11031170189380646,4.189882755279541
1106,3,3,1,0.2343052476644516,3.599625825881958,0.1189313605427742,3.8268957138061523,0.2320730984210968,4.069689750671387,0.12298708409070969,4.167557716369629
1107,3,3,1,0.2269212305545807,3.6117160320281982,0.11458166688680649,3.892507791519165,0.20203882455825806,4.141208171844482,0.10654495656490326,4.258136749267578
1108,3,3,1,0.24256616830825806,3.571974277496338,0.13191066682338715,3.6890652179718018,0.2723214328289032,3.7906177043914795,0.15818318724632263,3.7633867263793945
1109,3,3,1,0.24154974520206451,3.5732672214508057,0.13217474520206451,3.7003166675567627,0.2684251368045807,3.8094441890716553,0.14793924987316132,3.833220958709717
1110,3,3,1,0.22410115599632263,3.5878875255584717,0.12699298560619354,3.794334650039673,0.22214803099632263,3.8410263061523438,0.12924505770206451,3.830223560333252
1111,3,3,1,0.2253766655921936,3.620506763458252,0.113699771463871,3.9269938468933105,0.2020886391401291,4.141716003417969,0.10786032676696777,4.216186046600342
1112,3,3,1,0.2362683266401291,3.5911428928375244,0.12074995785951614,3.805570363998413,0.2374441921710968,3.9968104362487793,0.12894611060619354,4.114992141723633
1113,3,3,1,0.238141730427742,3.572223663330078,0.12856744229793549,3.728414297103882,0.25439453125,3.8799796104431152,0.14323580265045166,3.9116461277008057
1114,3,3,1,0.2354910671710968,3.6129825115203857,0.16894032061100006,3.8419206142425537,0.22763870656490326,4.00555944442749,0.12424266338348389,4.061758041381836
1115,3,3,1,0.23763352632522583,3.573531150817871,0.13198541104793549,3.7006418704986572,0.2631038725376129,3.746619701385498,0.15963807702064514,3.7233457565307617
1116,3,3,1,0.23211295902729034,3.597346782684326,0.12040118873119354,3.8237948417663574,0.22438018023967743,3.9740641117095947,0.1281489133834839,3.9804043769836426
1117,3,3,1,0.22314453125,3.6138970851898193,0.11541872471570969,3.8947551250457764,0.20760920643806458,4.107228755950928,0.11399871855974197,4.158216953277588
1118,3,3,1,0.23650749027729034,3.5947585105895996,0.12082469463348389,3.8022267818450928,0.23686622083187103,4.008876800537109,0.12109375,4.1240949630737305
1119,3,3,1,0.24487802386283875,3.5648653507232666,0.13339045643806458,3.6683101654052734,0.28176817297935486,3.7865681648254395,0.1583426296710968,3.7919445037841797
1120,3,3,1,0.24781768023967743,3.5548675060272217,0.13819356262683868,3.638087749481201,0.2917729616165161,3.72715163230896,0.16230866312980652,3.748035430908203
1121,3,2,0,0.22010523080825806,3.6259055137634277,0.11762595176696777,3.9357845783233643,0.18616469204425812,4.051547050476074,0.1060267835855484,4.046428680419922
1122,3,3,1,0.22941246628761292,3.5949959754943848,0.119315005838871,3.8132543563842773,0.22742944955825806,4.002059459686279,0.12161192297935486,4.122091293334961
1123,3,3,1,0.21794283390045166,3.6174843311309814,0.11885163933038712,3.905508518218994,0.19046954810619354,3.9984304904937744,0.11218510568141937,4.000355243682861
1124,3,3,1,0.23719507455825806,3.576019763946533,0.12912049889564514,3.722322940826416,0.2495216727256775,3.8070287704467773,0.1409040093421936,3.803677558898926
1125,3,3,1,0.23803211748600006,3.581362247467041,0.12850764393806458,3.7226271629333496,0.26182836294174194,3.8129019737243652,0.15369898080825806,3.8066649436950684
1126,3,3,1,0.22932277619838715,3.6180419921875,0.11353535205125809,3.8950278759002686,0.20861567556858063,4.129639148712158,0.11168686300516129,4.209671497344971
1127,3,3,1,0.22709064185619354,3.607968807220459,0.11626574397087097,3.8521533012390137,0.22137077152729034,4.056718349456787,0.11742665618658066,4.1542768478393555
1128,3,3,1,0.24113121628761292,3.5713696479797363,0.1409040093421936,3.697312593460083,0.2715640962123871,3.7654850482940674,0.15535315871238708,3.771648406982422
1129,3,3,1,0.22267617285251617,3.615501642227173,0.113455630838871,3.8978524208068848,0.1992885023355484,4.1201558113098145,0.10754144936800003,4.1949591636657715
1130,3,3,1,0.24477837979793549,3.566805124282837,0.13240393996238708,3.6822457313537598,0.28274473547935486,3.7826178073883057,0.16179049015045166,3.7511701583862305
1131,3,3,1,0.2299904227256775,3.5997400283813477,0.1199776753783226,3.819185972213745,0.23027941584587097,3.9897875785827637,0.1263950914144516,4.05045747756958
1132,3,3,1,0.24252630770206451,3.555879592895508,0.1376504749059677,3.661707639694214,0.2802734375,3.7533953189849854,0.15788424015045166,3.750441789627075
1133,3,3,1,0.22931280732154846,3.6051626205444336,0.11850784718990326,3.8390581607818604,0.22135083377361298,4.023319721221924,0.12147241830825806,4.089909553527832
1134,3,3,1,0.22993063926696777,3.6046199798583984,0.11690349876880646,3.856199026107788,0.22051379084587097,4.057255268096924,0.11993781477212906,4.110668182373047
1135,3,3,1,0.22791773080825806,3.605674982070923,0.11692342907190323,3.84045672416687,0.22442004084587097,4.067270755767822,0.11698819696903229,4.187393665313721
1136,3,0,0,0.2356405407190323,3.5779590606689453,0.1283581703901291,3.743265390396118,0.24357262253761292,3.8825020790100098,0.13500477373600006,3.8988780975341797
1137,3,3,1,0.2336076945066452,3.6280338764190674,0.16976243257522583,3.86616587638855,0.19848133623600006,4.034240245819092,0.12382413446903229,4.012876033782959
1138,3,3,1,0.22679169476032257,3.605255126953125,0.11649493873119354,3.85817551612854,0.21621890366077423,4.052262783050537,0.11515465378761292,4.1536865234375
1139,3,3,1,0.24688097834587097,3.622159481048584,0.2169114649295807,3.841001510620117,0.25575971603393555,3.9566352367401123,0.142578125,3.9316465854644775
1140,3,3,1,0.24592433869838715,3.560922145843506,0.13575215637683868,3.656830310821533,0.2848074734210968,3.751303195953369,0.1576450914144516,3.7757270336151123
1141,3,3,1,0.22827646136283875,3.6046359539031982,0.11747150123119354,3.8564703464508057,0.2161092907190323,4.052243232727051,0.11427774280309677,4.146320343017578
1142,3,3,1,0.22201849520206451,3.6399011611938477,0.10931022465229034,3.9872374534606934,0.18022559583187103,4.2228240966796875,0.10247927159070969,4.3061065673828125
1143,3,3,1,0.24632294476032257,3.522674798965454,0.1455327272415161,3.5754733085632324,0.31225088238716125,3.6389341354370117,0.17287148535251617,3.6641688346862793
1144,3,3,1,0.2154715359210968,3.637885570526123,0.12994758784770966,3.9826693534851074,0.18455037474632263,4.189632892608643,0.0977957546710968,4.2848992347717285
1145,3,3,1,0.2392677664756775,3.5773603916168213,0.1303362101316452,3.7129859924316406,0.2606225907802582,3.8097805976867676,0.14923469722270966,3.807692289352417
1146,3,3,1,0.2269212305545807,3.6013524532318115,0.1181989386677742,3.8355183601379395,0.22184908390045166,4.039976596832275,0.11595184355974197,4.172396183013916
1147,3,3,1,0.23692601919174194,3.591815233230591,0.12135283648967743,3.8065364360809326,0.23715521395206451,3.9947896003723145,0.12956392765045166,4.037071228027344
1148,3,3,1,0.22463926672935486,3.622720956802368,0.11391900479793549,3.87972354888916,0.19895966351032257,3.9893319606781006,0.12238918989896774,3.982738971710205
1149,3,3,1,0.2448481321334839,3.5659518241882324,0.13201530277729034,3.681763172149658,0.2791673243045807,3.800499677658081,0.15794403851032257,3.7901577949523926
1150,3,3,1,0.23455436527729034,3.6146657466888428,0.15923449397087097,3.843862533569336,0.21783322095870972,4.013129234313965,0.1281489133834839,4.012441635131836
1151,3,3,1,0.2336176633834839,3.5902576446533203,0.12340062856674194,3.7881052494049072,0.2356405407190323,3.955300807952881,0.12358497828245163,4.03563928604126
1152,3,3,1,0.2050183266401291,3.6504812240600586,0.10565309971570969,4.016788482666016,0.16170081496238708,4.145621299743652,0.092215396463871,4.143073081970215
1153,3,3,1,0.23031927645206451,3.6033401489257812,0.11770567297935486,3.8394851684570312,0.230329230427742,4.070390224456787,0.12228953838348389,4.1720991134643555
1154,3,3,1,0.21039938926696777,3.640143871307373,0.12236427515745163,4.011808395385742,0.15537308156490326,4.251218795776367,0.08195152878761292,4.3470330238342285
1155,3,3,1,0.22975127398967743,3.5975451469421387,0.1197335347533226,3.8172361850738525,0.2284558266401291,4.008200168609619,0.12063536047935486,4.080786228179932
1156,3,3,1,0.23280054330825806,3.601532459259033,0.11714265495538712,3.8482413291931152,0.22639308869838715,4.091949462890625,0.1202566921710968,4.198707103729248
1157,3,3,1,0.23753388226032257,3.589839220046997,0.12306680530309677,3.7921457290649414,0.23889906704425812,3.9838573932647705,0.12601642310619354,4.0890398025512695
1158,3,3,1,0.23785275220870972,3.628514051437378,0.1952875852584839,3.8378875255584717,0.21614915132522583,3.9733529090881348,0.1286870241165161,3.9586496353149414
1159,3,3,1,0.24048349261283875,3.631997585296631,0.18608996272087097,3.854132652282715,0.21390704810619354,3.973259925842285,0.12767060101032257,3.955822706222534
1160,3,3,1,0.24301458895206451,3.5496370792388916,0.13834303617477417,3.631635904312134,0.29537028074264526,3.7179245948791504,0.16647401452064514,3.7020232677459717
1161,3,3,1,0.2213309109210968,3.6128945350646973,0.11197085678577423,3.9037067890167236,0.19780372083187103,4.1308817863464355,0.10277821868658066,4.25324821472168
1162,3,3,1,0.22546635568141937,3.6101388931274414,0.11788006126880646,3.9063358306884766,0.18954280018806458,4.072288513183594,0.1135602667927742,4.0735344886779785
1163,3,3,1,0.2409319132566452,3.5670857429504395,0.13201530277729034,3.6995017528533936,0.2664620578289032,3.805534839630127,0.1491350382566452,3.831752061843872
1164,3,3,1,0.2248186320066452,3.6328177452087402,0.16094845533370972,3.9062626361846924,0.20154057443141937,4.103288173675537,0.11403857916593552,4.122159957885742
1165,3,3,1,0.22983099520206451,3.5998525619506836,0.11865234375,3.8228774070739746,0.23095703125,4.018768787384033,0.12270806729793549,4.141465187072754
1166,3,3,1,0.223005011677742,3.6022164821624756,0.11946447938680649,3.8245818614959717,0.21682676672935486,3.98455810546875,0.12117346376180649,4.024177551269531
1167,3,3,1,0.23569037020206451,3.5859968662261963,0.12496013939380646,3.7595694065093994,0.2508569657802582,3.927583932876587,0.13618063926696777,3.9951705932617188
1168,3,3,1,0.25128546357154846,3.614069938659668,0.21325932443141937,3.818840265274048,0.25953641533851624,3.974966287612915,0.13229432702064514,4.020789623260498
1169,3,3,1,0.22173947095870972,3.6236743927001953,0.13140246272087097,3.9349334239959717,0.18197943270206451,4.125670909881592,0.10168207436800003,4.1987457275390625
1170,3,3,1,0.23041892051696777,3.600830316543579,0.12028659135103226,3.8041586875915527,0.22701092064380646,3.9376673698425293,0.12898597121238708,3.9508652687072754
1171,3,3,1,0.22339364886283875,3.6109375953674316,0.11539380997419357,3.866753101348877,0.21102717518806458,4.069887161254883,0.11381935328245163,4.19050931930542
1172,3,3,1,0.23539142310619354,3.585174798965454,0.12410813570022583,3.7698020935058594,0.2510263919830322,3.946925401687622,0.13388870656490326,4.0114617347717285
1173,3,3,1,0.23331871628761292,3.5858888626098633,0.12281269580125809,3.7698893547058105,0.2497209757566452,3.941939353942871,0.13484534621238708,3.988471746444702
1174,3,3,1,0.24709023535251617,3.5562591552734375,0.13684330880641937,3.644711494445801,0.2859933078289032,3.733414649963379,0.15674825012683868,3.7626192569732666
1175,3,3,1,0.24130061268806458,3.5760066509246826,0.13321109116077423,3.7356374263763428,0.25017935037612915,3.848641872406006,0.13781489431858063,3.8490238189697266
1176,3,3,1,0.2232840359210968,3.609273910522461,0.12185606360435486,3.8692398071289062,0.20726044476032257,4.022597312927246,0.11435745656490326,4.060822486877441
1177,3,3,1,0.2233637571334839,3.617889881134033,0.12603136897087097,3.9205377101898193,0.2171556055545807,4.093291282653809,0.12282764166593552,4.143923282623291
1178,3,3,1,0.22940249741077423,3.603666305541992,0.11647998541593552,3.848233461380005,0.2195172905921936,4.072359085083008,0.1125837042927742,4.209063529968262
1179,3,3,1,0.2300502210855484,3.5962488651275635,0.1199776753783226,3.8184385299682617,0.22905372083187103,3.9977376461029053,0.12226960808038712,4.089812755584717
1180,3,3,1,0.2241310477256775,3.613018035888672,0.1138044074177742,3.894050121307373,0.2058354616165161,4.092321872711182,0.10899633169174194,4.170414924621582
1181,3,3,1,0.22840601205825806,3.598839521408081,0.11872708052396774,3.836921453475952,0.21934789419174194,4.013901710510254,0.1196986585855484,4.0782551765441895
1182,3,3,1,0.22053371369838715,3.6044461727142334,0.11659956723451614,3.849243640899658,0.2100306898355484,3.9696826934814453,0.12240912020206451,3.9838814735412598
1183,3,3,1,0.23118622601032257,3.6095259189605713,0.12218490988016129,3.873425006866455,0.2038922905921936,4.057719707489014,0.11742665618658066,4.094874382019043
1184,3,3,1,0.23216278851032257,3.599236011505127,0.11821388453245163,3.835960626602173,0.2304787039756775,4.051926136016846,0.12199059128761292,4.157980918884277
1185,3,3,1,0.23692601919174194,3.591815233230591,0.12135283648967743,3.8065364360809326,0.23715521395206451,3.9947896003723145,0.12956392765045166,4.037071228027344
1186,3,3,1,0.23307955265045166,3.6016674041748047,0.1259416788816452,3.8355026245117188,0.2264329493045807,4.055362224578857,0.11804448068141937,4.170690536499023
1187,3,3,1,0.22911351919174194,3.6132566928863525,0.11212531477212906,3.876377582550049,0.2242605984210968,4.111575126647949,0.12370456010103226,4.207507610321045
1188,3,3,1,0.22494818270206451,3.615309715270996,0.12178132683038712,3.848048448562622,0.21363799273967743,3.881617546081543,0.13277263939380646,3.830231189727783
1189,3,3,1,0.22408123314380646,3.627206802368164,0.11185626685619354,3.9231181144714355,0.20481903851032257,4.141821384429932,0.1167689710855484,4.197132587432861
1190,3,3,1,0.22881457209587097,3.59968638420105,0.11854273080825806,3.8280093669891357,0.22784796357154846,4.014126300811768,0.12334582209587097,4.08030366897583
1191,3,3,1,0.24691087007522583,3.548995018005371,0.13914521038532257,3.633831024169922,0.2835718095302582,3.6938891410827637,0.15098851919174194,3.751715898513794
1192,3,3,1,0.2313157618045807,3.6053073406219482,0.11727718263864517,3.854702949523926,0.21877989172935486,4.041995048522949,0.11363998800516129,4.134338855743408
1193,3,3,1,0.2258549928665161,3.610456705093384,0.11740174144506454,3.8820183277130127,0.20797792077064514,4.091706275939941,0.1121651753783226,4.141968727111816
1194,3,3,1,0.22888432443141937,3.6083853244781494,0.11520447582006454,3.8670530319213867,0.22205835580825806,4.075614929199219,0.1263352930545807,4.089288711547852
1195,3,3,1,0.22987085580825806,3.611453056335449,0.11427275836467743,3.8581206798553467,0.22409118711948395,4.084044933319092,0.12111368030309677,4.175415515899658
1196,3,3,1,0.2317342907190323,3.5929477214813232,0.12183114886283875,3.7961721420288086,0.2390385866165161,3.9678173065185547,0.12719227373600006,4.039799213409424
1197,3,3,1,0.23140545189380646,3.6022305488586426,0.12208027392625809,3.8613173961639404,0.2112962305545807,4.032399654388428,0.11619100719690323,4.120754718780518
1198,3,3,1,0.22388193011283875,3.6135666370391846,0.11558812856674194,3.901806116104126,0.19772401452064514,4.110069751739502,0.10929527878761292,4.177060604095459
1199,3,3,1,0.24157963693141937,3.5802087783813477,0.1288464516401291,3.732327938079834,0.2638213336467743,3.873389959335327,0.15043048560619354,3.882220506668091
1200,3,3,1,0.22094227373600006,3.621053695678711,0.11036650836467743,3.9005913734436035,0.20143096148967743,4.112001419067383,0.10542888939380646,4.205671310424805
1201,3,3,1,0.2371053844690323,3.575817346572876,0.12625059485435486,3.746004104614258,0.25130540132522583,3.908323049545288,0.13133768737316132,4.001517295837402
1202,3,3,1,0.22323420643806458,3.6134719848632812,0.1200823113322258,3.8891332149505615,0.19791333377361298,3.9830825328826904,0.11842314898967743,3.9675192832946777
1203,3,3,1,0.21857061982154846,3.6273365020751953,0.12695810198783875,3.9565951824188232,0.1790696680545807,4.176850318908691,0.09907126426696777,4.237175464630127
1204,3,3,1,0.241071417927742,3.554274082183838,0.13600625097751617,3.661867618560791,0.27353712916374207,3.734644889831543,0.15340003371238708,3.7534103393554688
1205,3,3,1,0.2280970960855484,3.615596294403076,0.13525888323783875,3.908203601837158,0.18642377853393555,4.029399394989014,0.10829878598451614,4.094405651092529
1206,3,3,1,0.24214763939380646,3.5747735500335693,0.12938456237316132,3.7103357315063477,0.2658940553665161,3.8523404598236084,0.14706233143806458,3.8967339992523193
1207,3,3,1,0.22267617285251617,3.615501642227173,0.113455630838871,3.8978524208068848,0.1992885023355484,4.1201558113098145,0.10754144936800003,4.1949591636657715
1208,3,3,1,0.23087731003761292,3.5958824157714844,0.12108876556158066,3.8112990856170654,0.23140545189380646,3.985746383666992,0.1213727667927742,4.092939376831055
1209,3,3,1,0.24335339665412903,3.559354543685913,0.13499481976032257,3.6521739959716797,0.2827646732330322,3.7344233989715576,0.15906010568141937,3.732489585876465
1210,3,3,1,0.24011479318141937,3.569887161254883,0.13198041915893555,3.70146107673645,0.2700793147087097,3.808582067489624,0.14975287020206451,3.824993371963501
1211,3,3,1,0.23259127140045166,3.5868215560913086,0.12955895066261292,3.7770256996154785,0.23707549273967743,3.897440195083618,0.12976323068141937,3.9503915309906006
1212,3,3,1,0.2318638414144516,3.5980746746063232,0.12023676186800003,3.8112878799438477,0.23512236773967743,4.017079830169678,0.1209542378783226,4.156203746795654
1213,3,3,1,0.24585458636283875,3.5650129318237305,0.1349848508834839,3.673482894897461,0.28030332922935486,3.7637314796447754,0.15539301931858063,3.7920994758605957
1214,3,3,1,0.21309241652488708,3.6445047855377197,0.11055085808038712,4.011447429656982,0.16089364886283875,4.20203161239624,0.089285708963871,4.263392925262451
1215,3,3,1,0.22661231458187103,3.628072738647461,0.11302714049816132,3.927088499069214,0.19338926672935486,4.155613899230957,0.1071428582072258,4.204427242279053
1216,3,3,1,0.2320730984210968,3.5974063873291016,0.12054567784070969,3.8237578868865967,0.2389787882566452,3.988408088684082,0.13673867285251617,4.010639667510986
1217,3,3,1,0.2268315553665161,3.6082677841186523,0.115164615213871,3.864497661590576,0.2192482352256775,4.096673011779785,0.11545360088348389,4.193509578704834
1218,3,3,1,0.23095703125,3.6150062084198,0.1144670769572258,3.8782100677490234,0.2140764445066452,4.095517158508301,0.12009725719690323,4.163624286651611
1219,3,3,1,0.22486846148967743,3.6233713626861572,0.11073023080825806,3.921436309814453,0.20594507455825806,4.141191482543945,0.11720743030309677,4.20302677154541
1220,3,3,1,0.2284458726644516,3.602442741394043,0.11940469592809677,3.83217191696167,0.21873006224632263,3.9957175254821777,0.11503507196903229,4.065315246582031
1221,3,3,1,0.22010523080825806,3.619159698486328,0.12696309387683868,3.919158697128296,0.18961255252361298,4.092600345611572,0.10849808156490326,4.152645111083984
1222,3,3,1,0.22996053099632263,3.600294589996338,0.117919921875,3.8390164375305176,0.2269810289144516,4.060058116912842,0.12021683156490326,4.163793087005615
1223,3,3,1,0.23226243257522583,3.5963189601898193,0.117850162088871,3.8105103969573975,0.23719507455825806,4.035121440887451,0.12802933156490326,4.1597137451171875
1224,3,3,1,0.2412208914756775,3.563142776489258,0.13730667531490326,3.6931562423706055,0.2640206515789032,3.7540290355682373,0.1463448703289032,3.7705297470092773
1225,3,3,1,0.2171556055545807,3.632112741470337,0.110595703125,3.9708969593048096,0.1875697523355484,4.137916564941406,0.11059071868658066,4.173544883728027
1226,3,3,1,0.22073301672935486,3.621551990509033,0.1218610480427742,3.9550249576568604,0.19806282222270966,4.128647804260254,0.10710299760103226,4.124488353729248
1227,3,3,1,0.22654256224632263,3.6059646606445312,0.11612124741077423,3.850510597229004,0.21921834349632263,4.048501968383789,0.11605149507522583,4.126395225524902
1228,3,3,1,0.23143534362316132,3.598449945449829,0.13180604577064514,3.831178665161133,0.21299026906490326,3.891176223754883,0.12350525707006454,3.8876876831054688
1229,3,0,0,0.2337571680545807,3.6063177585601807,0.13622547686100006,3.8419222831726074,0.21773357689380646,4.036384582519531,0.11995774507522583,4.0948662757873535
1230,3,3,1,0.22651267051696777,3.612379550933838,0.12792469561100006,3.874274492263794,0.20151068270206451,4.030412197113037,0.1162109375,4.089864730834961
1231,3,3,1,0.23199337720870972,3.599888324737549,0.11945950239896774,3.821071147918701,0.2306082546710968,4.009549617767334,0.124441958963871,4.05429220199585
1232,3,3,1,0.24517697095870972,3.5647456645965576,0.1331263929605484,3.6786556243896484,0.27709463238716125,3.8018124103546143,0.15678809583187103,3.8299224376678467
1233,3,3,1,0.22938257455825806,3.6057169437408447,0.1190011128783226,3.8489365577697754,0.221540167927742,4.067874908447266,0.11483577638864517,4.195591926574707
1234,3,3,1,0.23114636540412903,3.5960941314697266,0.12078483402729034,3.809091567993164,0.23154495656490326,4.005551815032959,0.12358497828245163,4.090630531311035
1235,3,3,1,0.21677693724632263,3.635745048522949,0.10910594463348389,3.973878860473633,0.18111248314380646,4.157083988189697,0.1007254421710968,4.163434982299805
1236,3,3,1,0.22411112487316132,3.6120052337646484,0.11510483175516129,3.885291337966919,0.2022181898355484,4.088700771331787,0.10847815126180649,4.199522495269775
1237,3,3,1,0.22566565871238708,3.601916551589966,0.11848791688680649,3.8306210041046143,0.22231744229793549,3.9783952236175537,0.12282764166593552,4.0264482498168945
1238,3,3,1,0.21927814185619354,3.6381278038024902,0.15173090994358063,3.9370834827423096,0.18310546875,4.130993366241455,0.10947464406490326,4.170034408569336
1239,3,3,1,0.23357780277729034,3.5977816581726074,0.11877690255641937,3.8154284954071045,0.24138033390045166,4.006316184997559,0.13516421616077423,4.014744758605957
1240,3,3,1,0.22804726660251617,3.617391347885132,0.11361507326364517,3.902644395828247,0.20770886540412903,4.126079559326172,0.1138392835855484,4.2158613204956055
1241,3,3,1,0.22527702152729034,3.6137478351593018,0.11438237130641937,3.871063232421875,0.21766382455825806,4.09362268447876,0.11654974520206451,4.17852258682251
1242,3,3,1,0.2338169664144516,3.597766876220703,0.12000757455825806,3.8319356441497803,0.22411112487316132,4.057536602020264,0.1199776753783226,4.160797119140625
1243,3,3,1,0.21815210580825806,3.6375844478607178,0.11438237130641937,3.963932514190674,0.17649872601032257,4.200146675109863,0.10088488459587097,4.242196559906006
1244,3,3,1,0.2265724539756775,3.6105027198791504,0.11214026063680649,3.8941662311553955,0.21441525220870972,4.123808860778809,0.11561304330825806,4.207550525665283
1245,3,3,1,0.2343052476644516,3.599625825881958,0.1189313605427742,3.8268957138061523,0.2320730984210968,4.069689750671387,0.12298708409070969,4.167557716369629
1246,3,3,1,0.24696069955825806,3.5530405044555664,0.13741131126880646,3.630370855331421,0.2974330186843872,3.7233314514160156,0.16577646136283875,3.7506611347198486
1247,3,3,1,0.22958186268806458,3.590390205383301,0.1251145899295807,3.777467966079712,0.2289341539144516,3.847349166870117,0.13735650479793549,3.84155535697937
1248,3,3,1,0.22595463693141937,3.626328468322754,0.11084980517625809,3.9372527599334717,0.1937878578901291,4.176633834838867,0.10495056957006454,4.260159492492676
1249,3,3,1,0.228376105427742,3.5870931148529053,0.12612104415893555,3.7912535667419434,0.22791773080825806,3.909365177154541,0.12342553585767746,3.930243730545044
1250,3,3,1,0.22702087461948395,3.6051268577575684,0.11776047945022583,3.8384599685668945,0.22157007455825806,4.024510860443115,0.12177136540412903,4.075613975524902
1251,3,3,1,0.22420081496238708,3.6087381839752197,0.11554328352212906,3.8622682094573975,0.21199378371238708,4.057017803192139,0.11228475719690323,4.14554500579834
1252,3,3,1,0.22408123314380646,3.612398386001587,0.11517956852912903,3.862006425857544,0.21720543503761292,4.046703815460205,0.1177455335855484,4.125422954559326
1253,3,3,1,0.24737921357154846,3.558509588241577,0.13652941584587097,3.638347625732422,0.2956094443798065,3.707129716873169,0.16513870656490326,3.71832013130188
1254,3,3,1,0.21309241652488708,3.6445047855377197,0.11055085808038712,4.011447429656982,0.16089364886283875,4.20203161239624,0.089285708963871,4.263392925262451
1255,3,3,1,0.22995056211948395,3.5899202823638916,0.1212332546710968,3.781604528427124,0.243024542927742,3.956700086593628,0.13263313472270966,4.011570453643799
1256,3,3,1,0.22687140107154846,3.6082048416137695,0.12299704551696777,3.8387749195098877,0.213727667927742,3.8882412910461426,0.1259765625,3.855402708053589
1257,3,3,1,0.24290497601032257,3.577207088470459,0.12816883623600006,3.727725028991699,0.2680763602256775,3.8622779846191406,0.15609055757522583,3.848442316055298
1258,3,3,1,0.22714045643806458,3.607001781463623,0.11861248314380646,3.8691086769104004,0.2068120241165161,4.067601203918457,0.10835857689380646,4.165164470672607
1259,3,3,1,0.23398636281490326,3.591116189956665,0.12061543017625809,3.802462100982666,0.23736447095870972,4.022040367126465,0.12372449040412903,4.134181499481201
1260,3,1,0,0.23140545189380646,3.634312391281128,0.1748395562171936,3.8770055770874023,0.21341876685619354,4.049166679382324,0.1300223171710968,4.001379489898682
1261,3,3,1,0.24563536047935486,3.543732166290283,0.1396833062171936,3.6170501708984375,0.29816046357154846,3.7008121013641357,0.16438136994838715,3.7315711975097656
1262,3,3,1,0.23289021849632263,3.6046810150146484,0.11749142408370972,3.8443663120269775,0.22348333895206451,4.081018447875977,0.11547353118658066,4.198135852813721
1263,3,3,1,0.22648277878761292,3.6231961250305176,0.110107421875,3.9283225536346436,0.21249201893806458,4.182751655578613,0.1149553582072258,4.2529473304748535
1264,3,3,1,0.23161470890045166,3.5973410606384277,0.118338443338871,3.831838607788086,0.232421875,4.022337436676025,0.12940450012683868,4.098721504211426
1265,3,3,1,0.24228714406490326,3.560006618499756,0.13451151549816132,3.6639626026153564,0.2858538031578064,3.7616608142852783,0.160993292927742,3.7593464851379395
1266,3,3,1,0.22451968491077423,3.629399538040161,0.11109893023967743,3.9308457374572754,0.20209860801696777,4.165425777435303,0.10925541818141937,4.214885234832764
1267,3,3,1,0.23296993970870972,3.58599591255188,0.12297213822603226,3.7820186614990234,0.24248644709587097,3.9531519412994385,0.12810905277729034,4.0290913581848145
1268,3,3,1,0.22954200208187103,3.617147922515869,0.1516362428665161,3.8761253356933594,0.20258688926696777,4.047319412231445,0.11834342777729034,4.091444969177246
1269,3,3,1,0.2336176633834839,3.6015186309814453,0.14223931729793549,3.8616366386413574,0.20819714665412903,3.941032886505127,0.10971380770206451,4.012715816497803
1270,3,3,1,0.23420558869838715,3.594222068786621,0.12070511281490326,3.7927846908569336,0.2438715696334839,3.988517999649048,0.12856744229793549,4.091923713684082
1271,3,3,1,0.22759884595870972,3.6073555946350098,0.11649493873119354,3.8297762870788574,0.2329201102256775,3.987635850906372,0.1357421875,3.9872264862060547
1272,3,3,1,0.22973133623600006,3.6025853157043457,0.11849788576364517,3.842744827270508,0.219098761677742,4.030518054962158,0.11639030277729034,4.137499809265137
1273,3,3,1,0.2253168821334839,3.610764741897583,0.1153390035033226,3.8672945499420166,0.21650788187980652,4.073364734649658,0.11617107689380646,4.135700702667236
1274,3,3,1,0.24262595176696777,3.5507638454437256,0.14123784005641937,3.656189441680908,0.2760283648967743,3.7078700065612793,0.15529336035251617,3.7113707065582275
1275,3,3,1,0.23240193724632263,3.590515375137329,0.12251374870538712,3.7912888526916504,0.2365373820066452,3.9629693031311035,0.12579719722270966,4.049746513366699
1276,3,3,1,0.2239217907190323,3.610164165496826,0.11647998541593552,3.862006902694702,0.21137595176696777,4.039270401000977,0.11557318270206451,4.126400947570801
1277,3,3,1,0.22655253112316132,3.6224324703216553,0.11354033648967743,3.9192557334899902,0.20463965833187103,4.125584125518799,0.11569275707006454,4.204651355743408
1278,3,3,1,0.23036909103393555,3.6066701412200928,0.11469626426696777,3.8893136978149414,0.20721061527729034,4.138453483581543,0.11152742058038712,4.238741874694824
1279,3,3,1,0.24990034103393555,3.5388388633728027,0.14368921518325806,3.5887513160705566,0.3110949397087097,3.649988889694214,0.17030054330825806,3.686249256134033
1280,3,3,1,0.22690130770206451,3.6162054538726807,0.112479068338871,3.8757030963897705,0.21325932443141937,4.090229511260986,0.12133290618658066,4.11366605758667
1281,3,3,1,0.22787787020206451,3.5930120944976807,0.12102897465229034,3.823061943054199,0.2170858532190323,3.9998621940612793,0.11473612487316132,4.106479167938232
1282,3,3,1,0.23392657935619354,3.5919063091278076,0.12241409718990326,3.8043875694274902,0.23257134854793549,4.015510559082031,0.11740672588348389,4.164488315582275
1283,3,3,1,0.23316924273967743,3.600324869155884,0.11954918503761292,3.8379595279693604,0.22525708377361298,4.0220746994018555,0.1194196417927742,4.089285850524902
1284,3,3,1,0.22737962007522583,3.6044352054595947,0.11583226919174194,3.8558156490325928,0.21954718232154846,4.070125102996826,0.11475605517625809,4.140673637390137
1285,3,3,1,0.2305385023355484,3.597363233566284,0.12061044573783875,3.8214566707611084,0.22459940612316132,3.9923243522644043,0.1174665167927742,4.0522565841674805
1286,3,3,1,0.22535674273967743,3.620915412902832,0.14459602534770966,3.878915309906006,0.21287068724632263,4.029959678649902,0.11778539419174194,4.1001691818237305
1287,3,3,1,0.24307437241077423,3.5581929683685303,0.13416773080825806,3.664067029953003,0.28833505511283875,3.7880420684814453,0.16027583181858063,3.789728879928589
1288,3,3,1,0.22401148080825806,3.616058826446533,0.11383429914712906,3.8761324882507324,0.21392697095870972,4.0958170890808105,0.11581233888864517,4.19359827041626
1289,3,3,1,0.2238420695066452,3.5987625122070312,0.12429746985435486,3.8431074619293213,0.208356574177742,3.950786828994751,0.11186622828245163,3.9944770336151123
1290,3,3,1,0.24195830523967743,3.5743584632873535,0.1291952282190323,3.696876287460327,0.27258050441741943,3.8167362213134766,0.1555524468421936,3.8098654747009277
1291,3,3,1,0.22222775220870972,3.615802049636841,0.11317163705825806,3.9123008251190186,0.18958266079425812,4.089828968048096,0.11373963207006454,4.134396553039551
1292,3,3,1,0.2214006632566452,3.624898672103882,0.11256377398967743,3.928558826446533,0.19773396849632263,4.13480806350708,0.10748166590929031,4.1984052658081055
1293,3,3,1,0.22790776193141937,3.6087183952331543,0.12401845306158066,3.875617742538452,0.2177734375,4.052530288696289,0.12368462979793549,4.110054969787598
1294,3,3,1,0.2444196343421936,3.5653538703918457,0.13405312597751617,3.664820671081543,0.28400030732154846,3.7695088386535645,0.1584821343421936,3.7913732528686523
1295,3,3,1,0.2243303507566452,3.611851453781128,0.11471619457006454,3.876216173171997,0.21203364431858063,4.071435451507568,0.11284279078245163,4.146768093109131
1296,3,3,1,0.23240193724632263,3.607666492462158,0.14385363459587097,3.880091428756714,0.19204400479793549,3.9607203006744385,0.10678412020206451,3.9839491844177246
1297,3,3,1,0.22525708377361298,3.5974783897399902,0.12571248412132263,3.8342514038085938,0.21306002140045166,3.96585750579834,0.11806441098451614,4.0246453285217285
1298,3,3,1,0.23202326893806458,3.5944855213165283,0.12127311527729034,3.8059983253479004,0.23383688926696777,3.9929685592651367,0.1236049085855484,4.068687438964844
1299,3,3,1,0.23219268023967743,3.5941805839538574,0.12049585580825806,3.8033411502838135,0.2333286851644516,3.9901344776153564,0.126953125,4.057142734527588
1300,3,3,1,0.21872009336948395,3.6386168003082275,0.10630081593990326,3.9572534561157227,0.1932896226644516,4.172449111938477,0.10913583636283875,4.225164413452148
1301,3,3,1,0.22701092064380646,3.611211061477661,0.11583226919174194,3.8660531044006348,0.21333904564380646,4.080667018890381,0.11234454810619354,4.194607257843018
1302,3,3,1,0.22836615145206451,3.601649522781372,0.11831353604793549,3.8312978744506836,0.22718031704425812,4.018378734588623,0.12226960808038712,4.104808330535889
1303,3,3,1,0.22627350687980652,3.6178271770477295,0.11226482689380646,3.909106969833374,0.20791812241077423,4.138125896453857,0.11854273080825806,4.182246208190918
1304,3,3,1,0.24020446836948395,3.559800863265991,0.13485530018806458,3.67546010017395,0.2727499008178711,3.7558000087738037,0.15864157676696777,3.7347989082336426
1305,3,3,1,0.24684111773967743,3.5578296184539795,0.13563257455825806,3.650282859802246,0.2898397445678711,3.752767562866211,0.16374361515045166,3.756450891494751
1306,3,3,1,0.23106664419174194,3.604881763458252,0.11703304201364517,3.846055507659912,0.22764867544174194,4.0523529052734375,0.1325932741165161,4.087629795074463
1307,3,3,1,0.2454061657190323,3.5855767726898193,0.17047493159770966,3.740581512451172,0.26057279109954834,3.8276798725128174,0.14582668244838715,3.8045647144317627
1308,3,3,1,0.2495216727256775,3.5537140369415283,0.13829320669174194,3.6302061080932617,0.2938257157802582,3.7187139987945557,0.16045519709587097,3.7698421478271484
1309,3,3,1,0.23238201439380646,3.59562611579895,0.11965381354093552,3.814032793045044,0.2341657280921936,4.024299144744873,0.1263950914144516,4.1133713722229
1310,3,3,1,0.2284458726644516,3.6027045249938965,0.11783521622419357,3.8328118324279785,0.23072783648967743,4.038654327392578,0.12408322095870972,4.121586799621582
1311,3,3,1,0.23390664160251617,3.6250159740448,0.1827566921710968,3.8922574520111084,0.24917291104793549,4.063667297363281,0.12864716351032257,4.1406660079956055
1312,3,3,1,0.23642776906490326,3.592345952987671,0.12099409848451614,3.8022565841674805,0.24444952607154846,4.013289451599121,0.13175621628761292,4.108304500579834
1313,3,3,1,0.21309241652488708,3.6445047855377197,0.11055085808038712,4.011447429656982,0.16089364886283875,4.20203161239624,0.089285708963871,4.263392925262451
1314,3,3,1,0.24385163187980652,3.565077066421509,0.13258330523967743,3.6819992065429688,0.27425462007522583,3.7920572757720947,0.15232381224632263,3.823629379272461
1315,3,3,1,0.22214803099632263,3.617772340774536,0.11688855290412903,3.9183290004730225,0.18798828125,4.12615966796875,0.10614636540412903,4.222305774688721
1316,3,3,1,0.2351323366165161,3.587641954421997,0.12765565514564514,3.7690956592559814,0.23300980031490326,3.825514316558838,0.13767537474632263,3.816155195236206
1317,3,3,1,0.23275071382522583,3.5990922451019287,0.11813914775848389,3.830458402633667,0.23162467777729034,4.017208576202393,0.12651465833187103,4.085381031036377
1318,3,3,1,0.24809668958187103,3.5457684993743896,0.1405901163816452,3.6065492630004883,0.3043387234210968,3.671654462814331,0.16996173560619354,3.704502820968628
1319,3,3,1,0.23642776906490326,3.592345952987671,0.12099409848451614,3.8022565841674805,0.24444952607154846,4.013289451599121,0.13175621628761292,4.108304500579834
1320,3,3,1,0.22972138226032257,3.5979700088500977,0.11998764425516129,3.80483341217041,0.23412586748600006,3.9773142337799072,0.12490034848451614,4.056805610656738
1321,3,3,1,0.24184869229793549,3.5681912899017334,0.13139747083187103,3.6927802562713623,0.26755818724632263,3.8334078788757324,0.14903539419174194,3.8424713611602783
1322,3,3,1,0.24723970890045166,3.5554795265197754,0.13633011281490326,3.6399385929107666,0.29315808415412903,3.7416634559631348,0.16171076893806458,3.778900623321533
1323,3,3,1,0.24234692752361298,3.56241774559021,0.14001713693141937,3.6892035007476807,0.2699497640132904,3.7773349285125732,0.14630500972270966,3.8188257217407227
1324,3,3,1,0.21399672329425812,3.6232829093933105,0.11449696868658066,3.9493472576141357,0.1735590696334839,4.089050769805908,0.09735730290412903,4.094779968261719
1325,3,3,1,0.22546635568141937,3.6016087532043457,0.12750618159770966,3.842991590499878,0.2182019203901291,3.9394893646240234,0.11947943270206451,3.9334444999694824
1326,3,3,1,0.2465222328901291,3.5585107803344727,0.1359265297651291,3.645540952682495,0.28999918699264526,3.7185072898864746,0.16563695669174194,3.756467342376709
1327,3,3,1,0.228515625,3.6301238536834717,0.14512914419174194,3.899066209793091,0.21549145877361298,4.060023307800293,0.12896603345870972,4.05609655380249
1328,3,3,1,0.24802693724632263,3.5605063438415527,0.13606105744838715,3.652409553527832,0.2892119586467743,3.7351410388946533,0.16194993257522583,3.748584747314453
1329,3,3,1,0.22224768996238708,3.617764472961426,0.1128627210855484,3.9001412391662598,0.19827207922935486,4.136100769042969,0.10453204810619354,4.248045921325684
1330,3,3,1,0.24688097834587097,3.622159481048584,0.2169114649295807,3.841001510620117,0.25575971603393555,3.9566352367401123,0.142578125,3.9316465854644775
1331,3,3,1,0.24357262253761292,3.569201707839966,0.13003726303577423,3.7052760124206543,0.2689233720302582,3.858969211578369,0.14991231262683868,3.9045467376708984
1332,3,3,1,0.236328125,3.576108932495117,0.1299176812171936,3.7321572303771973,0.2511758506298065,3.8159961700439453,0.14367426931858063,3.793313980102539
1333,3,3,1,0.23019221425056458,3.600231647491455,0.12294722348451614,3.8505430221557617,0.21940767765045166,3.9957761764526367,0.12334582209587097,4.043949127197266
1334,3,3,1,0.2265724539756775,3.6070282459259033,0.11665437370538712,3.842822313308716,0.22271603345870972,4.01798677444458,0.12159199267625809,4.056875705718994
1335,3,3,1,0.23980587720870972,3.5860378742218018,0.1557368040084839,3.761397361755371,0.24258609116077423,3.828212261199951,0.13580197095870972,3.8491342067718506
1336,3,3,1,0.2254563868045807,3.6128177642822266,0.12346041947603226,3.834214448928833,0.2126913219690323,3.8680660724639893,0.12794961035251617,3.8311526775360107
1337,3,3,1,0.23260124027729034,3.595707416534424,0.1214076429605484,3.7983338832855225,0.23993542790412903,3.9731290340423584,0.12721221148967743,4.043396472930908
1338,3,3,1,0.24814651906490326,3.546381711959839,0.14057019352912903,3.6201043128967285,0.29508131742477417,3.6933674812316895,0.1635044664144516,3.718308210372925
1339,3,3,1,0.23411591351032257,3.581510066986084,0.12385901063680649,3.7448811531066895,0.25219228863716125,3.874427080154419,0.14259804785251617,3.8737945556640625
1340,3,3,1,0.22003546357154846,3.634618043899536,0.10966896265745163,3.9685611724853516,0.19180484116077423,4.165835380554199,0.11114875227212906,4.192217826843262
1341,3,3,1,0.24271564185619354,3.570472478866577,0.13042090833187103,3.6949877738952637,0.2702885866165161,3.846740961074829,0.14487005770206451,3.922685384750366
1342,3,3,1,0.24612364172935486,3.562168598175049,0.13363958895206451,3.661993980407715,0.2843889594078064,3.751497983932495,0.15915974974632263,3.761207103729248
1343,3,3,1,0.22856543958187103,3.6098878383636475,0.12152224034070969,3.8139400482177734,0.22026465833187103,3.920240640640259,0.13313136994838715,3.905688524246216
1344,3,0,0,0.23218271136283875,3.5941202640533447,0.1281489133834839,3.8162519931793213,0.2287846803665161,4.013545989990234,0.12230946868658066,4.11308479309082
1345,3,3,1,0.22380220890045166,3.6299479007720947,0.13142238557338715,3.9297873973846436,0.21403658390045166,4.093067646026611,0.12336575239896774,4.101777076721191
1346,3,3,1,0.2313855141401291,3.6102066040039062,0.11557318270206451,3.8703224658966064,0.21947742998600006,4.107378005981445,0.11457668989896774,4.215689659118652
1347,3,1,0,0.2292131632566452,3.6174681186676025,0.11727219820022583,3.902876377105713,0.2131596803665161,4.120518207550049,0.12242905050516129,4.16832160949707
1348,3,3,1,0.22833624482154846,3.627912998199463,0.1507394015789032,3.9177629947662354,0.2134486585855484,4.096358776092529,0.10562818497419357,4.194716930389404
1349,3,3,1,0.24356265366077423,3.571639060974121,0.13112343847751617,3.702397584915161,0.27264028787612915,3.816593647003174,0.15226402878761292,3.8341622352600098
1350,3,3,1,0.24575494229793549,3.5668234825134277,0.13387873768806458,3.684927463531494,0.2765963673591614,3.7594480514526367,0.15545280277729034,3.7597436904907227
1351,3,3,1,0.23008011281490326,3.6152713298797607,0.11425282806158066,3.884697675704956,0.20923349261283875,4.112730503082275,0.11710777878761292,4.189584732055664
1352,3,3,1,0.22813695669174194,3.6145715713500977,0.11210040748119354,3.892972946166992,0.21404655277729034,4.1126627922058105,0.11814413219690323,4.1820173263549805
1353,3,3,1,0.24264587461948395,3.5735933780670166,0.1312181055545807,3.685981273651123,0.2751813530921936,3.781785249710083,0.1577845960855484,3.793987512588501
1354,3,3,1,0.2483258843421936,3.619502305984497,0.21445013582706451,3.8217978477478027,0.2635921537876129,3.9581127166748047,0.13915018737316132,3.9693498611450195
1355,3,3,1,0.21870017051696777,3.6189911365509033,0.11426278948783875,3.9241268634796143,0.18082350492477417,4.115176677703857,0.09705835580825806,4.190143585205078
1356,3,3,1,0.22352319955825806,3.6073737144470215,0.1206752210855484,3.8609414100646973,0.20571587979793549,4.012352466583252,0.11682876199483871,4.020641326904297
1357,3,3,1,0.23202326893806458,3.6227023601531982,0.14343012869358063,3.8825860023498535,0.2010423243045807,4.074101448059082,0.11493542790412903,4.071960926055908
1358,3,3,1,0.2331991344690323,3.6252028942108154,0.1754324734210968,3.858903646469116,0.22588488459587097,4.009352207183838,0.12222974747419357,4.049567699432373
1359,3,3,1,0.24750876426696777,3.5550365447998047,0.13732661306858063,3.6417531967163086,0.2950514256954193,3.722111463546753,0.16541773080825806,3.730963945388794
1360,3,3,1,0.23380699753761292,3.595021963119507,0.12079977989196777,3.811919927597046,0.2304787039756775,4.002161979675293,0.12230946868658066,4.120091438293457
1361,3,3,1,0.22804726660251617,3.6077780723571777,0.11716756969690323,3.8530361652374268,0.22076290845870972,4.055114269256592,0.11627072095870972,4.159753322601318
1362,3,3,1,0.2456154227256775,3.545196294784546,0.13913026452064514,3.6256983280181885,0.29502150416374207,3.7008039951324463,0.16278699040412903,3.7366552352905273
1363,3,3,1,0.22854551672935486,3.611292839050293,0.11538384854793549,3.881423234939575,0.20866549015045166,4.098233222961426,0.11716756969690323,4.171457767486572
1364,3,3,1,0.22947224974632263,3.607130527496338,0.11752132326364517,3.840505361557007,0.224958136677742,4.032779693603516,0.12230946868658066,4.074629306793213
1365,3,3,1,0.2258749157190323,3.6034765243530273,0.11716258525848389,3.8587284088134766,0.21005061268806458,4.074434280395508,0.11043127626180649,4.1700053215026855
1366,3,3,1,0.24824616312980652,3.555555582046509,0.13804906606674194,3.632800340652466,0.29347696900367737,3.711792469024658,0.16454081237316132,3.7149951457977295
1367,3,3,1,0.22743940353393555,3.6081318855285645,0.11606146395206451,3.858675956726074,0.21743462979793549,4.06755256652832,0.11629065126180649,4.171722412109375
1368,3,3,1,0.22707070410251617,3.6143414974212646,0.14336535334587097,3.8733580112457275,0.20158043503761292,4.043205261230469,0.11722736060619354,4.069704055786133
1369,3,3,1,0.22911351919174194,3.6013829708099365,0.11909577995538712,3.832573413848877,0.22863520681858063,4.022576808929443,0.12258848547935486,4.108437538146973
1370,3,3,1,0.22224768996238708,3.6212615966796875,0.11949437856674194,3.9128549098968506,0.19488400220870972,4.033185005187988,0.11884167790412903,4.043266773223877
1371,3,3,1,0.23230229318141937,3.6041953563690186,0.11604153364896774,3.8407042026519775,0.23085737228393555,4.085897922515869,0.12312658876180649,4.218355655670166
1372,3,3,1,0.2232840359210968,3.6157896518707275,0.11313177645206451,3.899850368499756,0.19820232689380646,4.089592933654785,0.10479113459587097,4.159756660461426
1373,3,3,1,0.22295519709587097,3.6112899780273438,0.1144670769572258,3.880647659301758,0.202008917927742,4.077594757080078,0.11108896136283875,4.1320414543151855
1374,3,3,1,0.22979113459587097,3.5994362831115723,0.11790496855974197,3.840348243713379,0.22519730031490326,4.065932273864746,0.1170479878783226,4.161416530609131
1375,3,3,1,0.22073301672935486,3.621551990509033,0.1218610480427742,3.9550249576568604,0.19806282222270966,4.128647804260254,0.10710299760103226,4.124488353729248
1376,3,3,1,0.23554089665412903,3.590303421020508,0.12173150479793549,3.7776687145233154,0.2477678507566452,3.9349260330200195,0.1378348171710968,3.971226215362549
1377,3,3,1,0.2357700914144516,3.5989856719970703,0.12007732689380646,3.837759256362915,0.23224249482154846,4.000085830688477,0.13279256224632263,4.033468246459961
1378,3,3,1,0.21621890366077423,3.6419947147369385,0.1248604878783226,4.00758171081543,0.18588568270206451,4.21185827255249,0.10754144936800003,4.267605781555176
1379,3,3,1,0.24118103086948395,3.562037706375122,0.1329270899295807,3.6802728176116943,0.27244099974632263,3.792757749557495,0.14895567297935486,3.8323521614074707
1380,3,3,1,0.2223772257566452,3.620630979537964,0.11160215735435486,3.9235680103302,0.19082827866077423,4.133472442626953,0.10297751426696777,4.207083225250244
1381,3,3,1,0.22792768478393555,3.612337589263916,0.12425760924816132,3.8979108333587646,0.18953284621238708,4.099737167358398,0.10618622601032257,4.195945739746094
1382,3,3,1,0.24224728345870972,3.574496030807495,0.1294642835855484,3.7127463817596436,0.26321348547935486,3.8474671840667725,0.14373405277729034,3.9008595943450928
1383,3,3,1,0.22438018023967743,3.616600751876831,0.11517458409070969,3.912614583969116,0.18310546875,4.112925052642822,0.10634566098451614,4.216641902923584
1384,3,3,1,0.23763352632522583,3.567073345184326,0.13241888582706451,3.6989879608154297,0.2572345435619354,3.7725653648376465,0.14445152878761292,3.7898731231689453
1385,3,3,1,0.2198660671710968,3.627945899963379,0.11327128112316132,3.9430809020996094,0.20537707209587097,4.171372890472412,0.11491549760103226,4.209850788116455
1386,3,3,1,0.23398636281490326,3.5979301929473877,0.12250378727912903,3.781510591506958,0.24067282676696777,3.9064674377441406,0.13795439898967743,3.877925395965576
1387,3,3,1,0.22459940612316132,3.6240293979644775,0.11085478961467743,3.899501085281372,0.20506815612316132,4.124981880187988,0.11120854318141937,4.209677219390869
1388,3,3,1,0.24612364172935486,3.5526540279388428,0.13740134239196777,3.640932559967041,0.28727877140045166,3.749800443649292,0.15872129797935486,3.7565293312072754
1389,3,1,0,0.2587192952632904,3.5961945056915283,0.21809729933738708,3.7470130920410156,0.27634724974632263,3.8126351833343506,0.16605548560619354,3.8036484718322754
1390,3,3,1,0.23456433415412903,3.5952675342559814,0.11957907676696777,3.8200833797454834,0.23943717777729034,4.01931095123291,0.1331712305545807,4.069739818572998
1391,3,3,1,0.24480827152729034,3.56286883354187,0.13411790132522583,3.6831860542297363,0.27667608857154846,3.8044660091400146,0.1549944132566452,3.813809871673584
1392,3,3,1,0.2309669852256775,3.605013370513916,0.117431640625,3.8351223468780518,0.22664222121238708,4.0421648025512695,0.12268813699483871,4.119558334350586
1393,3,3,1,0.23170439898967743,3.600163459777832,0.11903101205825806,3.8348262310028076,0.22500796616077423,4.042781352996826,0.12159199267625809,4.132928848266602
1394,3,3,1,0.23128587007522583,3.6097803115844727,0.11716258525848389,3.8583033084869385,0.21890942752361298,4.073606967926025,0.1150948628783226,4.156190395355225
1395,3,3,1,0.21705596148967743,3.618767738342285,0.1160016730427742,3.904475450515747,0.19340918958187103,4.021536350250244,0.11220503598451614,4.026642799377441
1396,3,3,1,0.22361287474632263,3.6187164783477783,0.11232461780309677,3.9032115936279297,0.20651307702064514,4.13578462600708,0.10933513939380646,4.247903823852539
1397,3,3,1,0.23011000454425812,3.6098215579986572,0.11414819955825806,3.89436936378479,0.21758410334587097,4.137623310089111,0.11838328838348389,4.212794780731201
1398,3,3,1,0.22969147562980652,3.6003470420837402,0.11747647821903229,3.8370513916015625,0.22828643023967743,4.068575859069824,0.11896125227212906,4.174903869628906
1399,3,3,1,0.23727478086948395,3.6024105548858643,0.16420698165893555,3.7791666984558105,0.23696587979793549,3.845921039581299,0.15029096603393555,3.7839808464050293
1400,3,3,1,0.24210777878761292,3.565401792526245,0.13232919573783875,3.6706955432891846,0.28609293699264526,3.7669453620910645,0.1654575914144516,3.746687650680542
1401,3,3,1,0.22605428099632263,3.616971492767334,0.11057078838348389,3.8901405334472656,0.21884964406490326,4.109780311584473,0.11888153105974197,4.169321060180664
1402,3,3,1,0.2204838991165161,3.61307954788208,0.12599648535251617,3.8891963958740234,0.20223811268806458,3.928061008453369,0.12490034848451614,3.928833484649658
1403,3,3,1,0.23017975687980652,3.5996363162994385,0.11937978118658066,3.8322203159332275,0.22479870915412903,4.044860363006592,0.11350047588348389,4.1450395584106445
1404,3,3,1,0.22522719204425812,3.6231307983398438,0.11158222705125809,3.897923707962036,0.20810745656490326,4.077810764312744,0.11320152878761292,4.131162166595459
1405,3,3,1,0.2437220960855484,3.5533976554870605,0.13781987130641937,3.6580746173858643,0.27945631742477417,3.7375195026397705,0.15788424015045166,3.743246555328369
1406,3,3,1,0.24586455523967743,3.5585458278656006,0.13770528137683868,3.6522178649902344,0.28360170125961304,3.7450807094573975,0.15674825012683868,3.7688493728637695
1407,3,3,1,0.2218191921710968,3.6450135707855225,0.169782355427742,3.942246675491333,0.21232262253761292,4.117285251617432,0.11033163219690323,4.194003105163574
1408,3,3,1,0.22623364627361298,3.620490789413452,0.11329619586467743,3.899116039276123,0.20893454551696777,4.09567403793335,0.1118861585855484,4.20306396484375
1409,3,3,1,0.22700095176696777,3.6030290126800537,0.11851781606674194,3.832345485687256,0.22198858857154846,3.990842580795288,0.12101402878761292,4.0937089920043945
1410,3,3,1,0.22359295189380646,3.614805221557617,0.11291254311800003,3.8923308849334717,0.1990194469690323,4.110054016113281,0.10150270909070969,4.224032878875732
1411,3,3,1,0.24199816584587097,3.5593576431274414,0.13223952054977417,3.6736369132995605,0.28189772367477417,3.8148396015167236,0.15728634595870972,3.836923360824585
1412,3,3,1,0.22380220890045166,3.6290128231048584,0.15355946123600006,3.9454898834228516,0.21027980744838715,4.079992294311523,0.11427774280309677,4.146320343017578
1413,3,0,0,0.23349808156490326,3.5889382362365723,0.1331014782190323,3.7754735946655273,0.23627829551696777,3.8718738555908203,0.13827326893806458,3.8707120418548584
1414,3,3,1,0.22208824753761292,3.610804557800293,0.11820890009403229,3.8919284343719482,0.1962890625,4.038023948669434,0.11312180757522583,4.091966152191162
1415,3,3,1,0.24369220435619354,3.5486812591552734,0.13881635665893555,3.6401422023773193,0.2878766655921936,3.722870349884033,0.15941883623600006,3.739217519760132
1416,3,3,1,0.2322026491165161,3.59424090385437,0.12043606489896774,3.8055601119995117,0.23834103345870972,4.028555870056152,0.12454161047935486,4.151224136352539
1417,3,3,1,0.24433991312980652,3.5651304721832275,0.13245375454425812,3.6709299087524414,0.28206712007522583,3.7853457927703857,0.16264747083187103,3.781766891479492
1418,3,3,1,0.23083744943141937,3.6115260124206543,0.11520447582006454,3.8976731300354004,0.20806759595870972,4.135680198669434,0.11298230290412903,4.209560871124268
1419,3,3,1,0.2186802476644516,3.6165413856506348,0.12893614172935486,3.890254259109497,0.1869419664144516,4.015511512756348,0.10249920189380646,4.061831474304199
1420,3,3,1,0.21552136540412903,3.625485420227051,0.11428770422935486,3.9720985889434814,0.187360480427742,4.144346237182617,0.11043127626180649,4.163688659667969
1421,3,3,1,0.23324896395206451,3.588456392288208,0.12346041947603226,3.789660692214966,0.2385004758834839,3.9286370277404785,0.13077965378761292,3.98140811920166
1422,3,3,1,0.2294921875,3.6075119972229004,0.11942462623119354,3.845550537109375,0.21216318011283875,3.9794278144836426,0.10774075239896774,3.980762004852295
1423,3,3,1,0.23183393478393555,3.603696584701538,0.11838328838348389,3.839141368865967,0.2256556898355484,4.067785263061523,0.12181121855974197,4.157068252563477
1424,3,3,1,0.22835618257522583,3.6207454204559326,0.11472117900848389,3.918349504470825,0.19986645877361298,4.118013858795166,0.11672911047935486,4.149906158447266
1425,3,3,1,0.24614356458187103,3.5634589195251465,0.13406309485435486,3.666257858276367,0.2801937162876129,3.7796785831451416,0.15812340378761292,3.7922863960266113
1426,3,3,1,0.2282465696334839,3.6069416999816895,0.11689352989196777,3.870082378387451,0.2113560289144516,4.095238208770752,0.10678412020206451,4.232362747192383
1427,3,3,1,0.22513751685619354,3.6285574436187744,0.10939493030309677,3.9376935958862305,0.19287109375,4.201085090637207,0.10331632196903229,4.282407283782959
1428,3,3,1,0.22574536502361298,3.6080162525177,0.11677893251180649,3.859288454055786,0.20607461035251617,4.03810453414917,0.1114676296710968,4.103701114654541
1429,3,3,1,0.21908880770206451,3.6315836906433105,0.11504005640745163,3.9635324478149414,0.17297114431858063,4.181933403015137,0.09173708409070969,4.283728122711182
1430,3,3,1,0.22825653851032257,3.6049070358276367,0.11857262253761292,3.8443567752838135,0.2196667641401291,4.055933475494385,0.11290258169174194,4.178640842437744
1431,3,3,1,0.24267578125,3.5616557598114014,0.13478057086467743,3.652064561843872,0.28477758169174194,3.7626495361328125,0.15664859116077423,3.784987211227417
1432,3,3,1,0.22553610801696777,3.625016450881958,0.112548828125,3.958475351333618,0.18473970890045166,4.17994499206543,0.09871252626180649,4.250151634216309
1433,3,3,1,0.2206333726644516,3.628246307373047,0.11693339049816132,3.9546635150909424,0.18214882910251617,4.132611274719238,0.09871252626180649,4.195436954498291
1434,3,3,1,0.23750397562980652,3.6024587154388428,0.14780472218990326,3.82423734664917,0.2384905070066452,3.9524924755096436,0.14096380770206451,3.9424571990966797
