index,label,prediction,correct,rate_layer1,com_layer1,rate_layer2,com_layer2,rate_layer3,com_layer3,rate_layer4,com_layer4
0,0,0,1,0.4838368892669678,3.571240186691284,0.3913325071334839,3.6008505821228027,0.18222855031490326,3.6751790046691895,0.04243064299225807,4.093940734863281
1,0,0,1,0.46517258882522583,3.5840706825256348,0.3834253251552582,3.632018804550171,0.19988639652729034,3.7101051807403564,0.06341677159070969,3.9883720874786377
2,0,0,1,0.47197863459587097,3.57450795173645,0.38985270261764526,3.6114766597747803,0.20181958377361298,3.678220510482788,0.06232063099741936,3.92836594581604
3,0,0,1,0.4876733720302582,3.565826892852783,0.3935297727584839,3.594874858856201,0.18071387708187103,3.664736747741699,0.036631058901548386,4.105549335479736
4,0,0,1,0.49230706691741943,3.5605618953704834,0.39443159103393555,3.59089994430542,0.1823381632566452,3.6615476608276367,0.04125478118658066,4.091304302215576
5,0,0,1,0.48399633169174194,3.5679638385772705,0.3921795189380646,3.601102828979492,0.18626435101032257,3.6687886714935303,0.047353316098451614,3.9819023609161377
6,0,0,1,0.466517835855484,3.5813825130462646,0.38422253727912903,3.626246452331543,0.20091278851032257,3.698343515396118,0.06702407449483871,3.897115707397461
7,0,0,1,0.4743901491165161,3.5755786895751953,0.3892647922039032,3.616060972213745,0.19718590378761292,3.6899635791778564,0.05620216578245163,3.920212745666504
8,0,0,1,0.4644052982330322,3.588897943496704,0.38443678617477417,3.6399078369140625,0.19895966351032257,3.7318942546844482,0.05536511540412903,4.086392879486084
9,0,0,1,0.477748304605484,3.5714285373687744,0.3900071680545807,3.60475754737854,0.1944056898355484,3.674868106842041,0.055584341287612915,3.9351022243499756
10,0,0,1,0.48369738459587097,3.5671610832214355,0.39003705978393555,3.5998568534851074,0.1868124157190323,3.6679468154907227,0.05038265138864517,3.970332384109497
11,0,0,1,0.4882214367389679,3.5630078315734863,0.39287707209587097,3.5932886600494385,0.18287627398967743,3.6627614498138428,0.04173309728503227,4.075453758239746
12,0,0,1,0.4601901173591614,3.5928194522857666,0.3825583755970001,3.6542372703552246,0.20571587979793549,3.749224901199341,0.06299824267625809,4.069598197937012
13,0,0,1,0.4830496609210968,3.5687055587768555,0.38988760113716125,3.5955629348754883,0.1799764782190323,3.6615912914276123,0.04398517310619354,4.005890369415283
14,0,0,1,0.474629282951355,3.5712156295776367,0.3887316584587097,3.6092796325683594,0.1993582546710968,3.677696704864502,0.06672512739896774,3.889486312866211
15,0,0,1,0.48246172070503235,3.5689027309417725,0.3887964189052582,3.6000921726226807,0.18425142765045166,3.6646835803985596,0.04536033049225807,4.0039544105529785
16,0,0,1,0.46740472316741943,3.5857796669006348,0.38629522919654846,3.626420497894287,0.18970224261283875,3.710038423538208,0.04807078838348389,4.1015753746032715
17,0,0,1,0.4870854616165161,3.5663461685180664,0.39329060912132263,3.5959208011627197,0.18022559583187103,3.664381265640259,0.04083625599741936,4.034162998199463
18,0,0,1,0.4877331554889679,3.5628154277801514,0.39316603541374207,3.591306447982788,0.18475964665412903,3.6573538780212402,0.049585457891225815,3.952974319458008
19,0,0,1,0.45673230290412903,3.590085983276367,0.3834851384162903,3.6437175273895264,0.20820710062980652,3.7360963821411133,0.07322225719690323,3.965704917907715
20,0,0,1,0.44658800959587097,3.5939619541168213,0.3831712305545807,3.663970708847046,0.24374201893806458,3.7288224697113037,0.10514987260103226,3.8792645931243896
21,0,0,1,0.47688135504722595,3.5700016021728516,0.38878148794174194,3.609201669692993,0.19972695410251617,3.673651695251465,0.06648597121238708,3.881594657897949
22,0,0,1,0.4843052327632904,3.5661611557006836,0.39004701375961304,3.601170063018799,0.18566645681858063,3.6662731170654297,0.04607780650258064,4.014273166656494
23,0,0,1,0.48433512449264526,3.569520950317383,0.39060506224632263,3.5986785888671875,0.18281647562980652,3.6677749156951904,0.04488201439380646,4.048401355743408
24,0,0,1,0.47135084867477417,3.574786901473999,0.38614076375961304,3.6216259002685547,0.19987642765045166,3.7014658451080322,0.06341677159070969,3.98302960395813
25,0,0,1,0.4543905258178711,3.5867013931274414,0.3854033648967743,3.638535499572754,0.22213806211948395,3.7025837898254395,0.08193159848451614,3.8888347148895264
26,0,0,1,0.45673230290412903,3.5903477668762207,0.3831811845302582,3.6430187225341797,0.2160395383834839,3.7244465351104736,0.07736766338348389,3.8990211486816406
27,0,0,1,0.486049085855484,3.5652575492858887,0.3944614827632904,3.59391188621521,0.1843510866165161,3.6669728755950928,0.044862084090709686,3.9702353477478027
28,0,0,1,0.4763033986091614,3.5687057971954346,0.39112821221351624,3.602552890777588,0.2000657618045807,3.6564228534698486,0.06299824267625809,3.856058120727539
29,0,0,1,0.4450932741165161,3.5927326679229736,0.38047072291374207,3.657918930053711,0.2373744398355484,3.714747428894043,0.103515625,3.8505969047546387
30,0,0,1,0.48037904500961304,3.570394277572632,0.39230409264564514,3.6025502681732178,0.19270168244838715,3.667855978012085,0.05137914419174194,3.9336695671081543
31,0,0,1,0.4876733720302582,3.5655407905578613,0.3923439383506775,3.595301389694214,0.1823381632566452,3.6624221801757812,0.0452008917927742,4.061728477478027
32,0,0,1,0.45617425441741943,3.5887107849121094,0.3807995915412903,3.6535301208496094,0.2205735743045807,3.7463293075561523,0.07900191098451614,3.983097791671753
33,0,0,1,0.4741908311843872,3.5695793628692627,0.39234891533851624,3.6082849502563477,0.2064732164144516,3.674276113510132,0.06885761767625809,3.9073805809020996
34,0,0,1,0.48844069242477417,3.562734603881836,0.39512914419174194,3.589907169342041,0.18486925959587097,3.648932695388794,0.04852917790412903,3.9671456813812256
35,0,0,1,0.4487204849720001,3.5936264991760254,0.38059529662132263,3.6559886932373047,0.22811701893806458,3.7268478870391846,0.08729273080825806,3.86826491355896
36,0,0,1,0.4638173580169678,3.5843162536621094,0.3859713673591614,3.631890058517456,0.2054966539144516,3.6985743045806885,0.06981424987316132,3.916642904281616
37,0,0,1,0.4827008843421936,3.564760446548462,0.39151185750961304,3.599811553955078,0.19563136994838715,3.660655975341797,0.059630099684000015,3.9030749797821045
38,0,0,1,0.4771305024623871,3.5735886096954346,0.38943418860435486,3.6088075637817383,0.19222337007522583,3.681493043899536,0.053511638194322586,3.938920021057129
39,0,0,1,0.45596498250961304,3.5840418338775635,0.3866938352584839,3.639587163925171,0.22695112228393555,3.7056422233581543,0.09209582209587097,3.9199306964874268
40,0,0,1,0.4757852256298065,3.571566104888916,0.3886021077632904,3.6145856380462646,0.19734534621238708,3.690516948699951,0.058494098484516144,3.9764907360076904
41,0,0,1,0.4791533648967743,3.569960832595825,0.3909986913204193,3.600739002227783,0.1927415430545807,3.678678512573242,0.056301817297935486,3.9532742500305176
42,0,0,1,0.4495575428009033,3.5957796573638916,0.3785574734210968,3.6719839572906494,0.2274095118045807,3.7655229568481445,0.0809151753783226,4.0743842124938965
43,0,0,1,0.47541651129722595,3.5685720443725586,0.39105847477912903,3.6074509620666504,0.20505818724632263,3.662795305252075,0.0703125,3.868480682373047
44,0,0,1,0.47604432702064514,3.573955535888672,0.3883579671382904,3.6110334396362305,0.19478435814380646,3.6776998043060303,0.05562420189380646,3.967395305633545
45,0,0,1,0.47994059324264526,3.5697526931762695,0.38983777165412903,3.6022086143493652,0.19306042790412903,3.6749250888824463,0.05703921988606453,3.9238295555114746
46,0,0,1,0.4617047905921936,3.5825438499450684,0.3850795030593872,3.6374552249908447,0.21423588693141937,3.720266103744507,0.07487643510103226,3.892467498779297
47,0,0,1,0.45301538705825806,3.587514638900757,0.38482043147087097,3.6523854732513428,0.23791253566741943,3.714596748352051,0.10172193497419357,3.8846004009246826
48,0,0,1,0.4891880452632904,3.563810110092163,0.39373403787612915,3.594351053237915,0.17876075208187103,3.6697139739990234,0.039939410984516144,4.10029935836792
49,0,0,1,0.463588148355484,3.5873780250549316,0.3833256959915161,3.6412036418914795,0.2020786851644516,3.735687255859375,0.056301817297935486,4.058053016662598
50,0,0,1,0.476771742105484,3.56933856010437,0.3892199397087097,3.6045982837677,0.19836176931858063,3.6650757789611816,0.0637555792927742,3.8827757835388184
51,0,0,1,0.47647279500961304,3.571159601211548,0.38720703125,3.616028070449829,0.19821229577064514,3.687396287918091,0.05247528478503227,3.9832890033721924
52,0,0,1,0.46914857625961304,3.5831563472747803,0.384974867105484,3.6301348209381104,0.19651825726032257,3.709548234939575,0.05233577638864517,4.03808069229126
53,0,0,1,0.4802694320678711,3.5703377723693848,0.39361944794654846,3.6050429344177246,0.19801299273967743,3.6754567623138428,0.0619419626891613,3.972972869873047
54,0,0,1,0.4677236080169678,3.584038257598877,0.3872568607330322,3.6278111934661865,0.1912069469690323,3.7197206020355225,0.05227598920464516,4.049561500549316
55,0,0,1,0.46140584349632263,3.5837202072143555,0.3857870101928711,3.637112617492676,0.21473413705825806,3.7224464416503906,0.07698899507522583,3.968677282333374
56,0,0,1,0.4927455186843872,3.5606698989868164,0.3960210084915161,3.5836594104766846,0.17576131224632263,3.6464452743530273,0.03537547588348389,4.065351963043213
57,0,0,1,0.48300978541374207,3.565368890762329,0.3935646414756775,3.6009621620178223,0.1958107352256775,3.6754708290100098,0.049724966287612915,3.9494988918304443
58,0,0,1,0.4818638265132904,3.5682644844055176,0.3929518163204193,3.6052849292755127,0.19204400479793549,3.668534755706787,0.049186863005161285,3.964343547821045
59,0,0,1,0.470424085855484,3.5749025344848633,0.3885572850704193,3.6180291175842285,0.20525749027729034,3.6952130794525146,0.06706393510103226,3.959286689758301
60,0,0,1,0.45762914419174194,3.5857503414154053,0.38300183415412903,3.641472578048706,0.21311981976032257,3.7132837772369385,0.07629144936800003,3.9101357460021973
61,0,0,1,0.4943598508834839,3.5606532096862793,0.3963348865509033,3.5859251022338867,0.17768454551696777,3.6492063999176025,0.038165654987096786,4.054830074310303
62,0,0,1,0.45537707209587097,3.592039108276367,0.3804159164428711,3.6522114276885986,0.21002072095870972,3.7337729930877686,0.06588806957006454,4.007562160491943
63,0,0,1,0.4718191921710968,3.575546979904175,0.38688814640045166,3.614346504211426,0.1986706703901291,3.6788885593414307,0.06359613686800003,3.8809151649475098
64,0,0,1,0.4829898774623871,3.563948154449463,0.39409777522087097,3.595888614654541,0.19588050246238708,3.649488687515259,0.05829480290412903,3.8745298385620117
65,0,0,1,0.48551100492477417,3.56319522857666,0.3916962146759033,3.596921682357788,0.18718111515045166,3.6670570373535156,0.0524553544819355,3.947188377380371
66,0,0,1,0.47619378566741943,3.5685229301452637,0.3924635350704193,3.6043620109558105,0.20203882455825806,3.6628854274749756,0.06421396881341934,3.864990711212158
67,0,0,1,0.45775869488716125,3.5894594192504883,0.38431718945503235,3.6472113132476807,0.21501314640045166,3.7283217906951904,0.07613201439380646,3.9382197856903076
68,0,0,1,0.47765862941741943,3.5735385417938232,0.38945910334587097,3.6083719730377197,0.19246253371238708,3.677539587020874,0.05046237260103226,3.9980251789093018
69,0,0,1,0.4788743555545807,3.5756616592407227,0.3904306888580322,3.6143999099731445,0.1886957883834839,3.6972434520721436,0.04398517310619354,4.11871337890625
70,0,0,1,0.4638671875,3.587690591812134,0.3840581178665161,3.6317687034606934,0.19863080978393555,3.7132394313812256,0.05875318869948387,3.966078758239746
71,0,0,1,0.4595224857330322,3.5856356620788574,0.38376912474632263,3.642397165298462,0.21383729577064514,3.719045639038086,0.07820472121238708,3.920234441757202
72,0,0,1,0.4720882475376129,3.5767598152160645,0.38646963238716125,3.6259958744049072,0.20304527878761292,3.713339328765869,0.06275908648967743,4.005716323852539
73,0,0,1,0.47597455978393555,3.569308042526245,0.39057019352912903,3.6053528785705566,0.202008917927742,3.6706295013427734,0.06592793017625809,3.87847638130188
74,0,0,1,0.4570212662220001,3.5939645767211914,0.3828025162220001,3.6546921730041504,0.21137595176696777,3.749340057373047,0.07384008169174194,4.0059380531311035
75,0,0,1,0.47429049015045166,3.5715606212615967,0.39035096764564514,3.6113600730895996,0.20337411761283875,3.6753883361816406,0.06279894709587097,3.8851158618927
76,0,0,1,0.4878527522087097,3.5654759407043457,0.39282724261283875,3.589355945587158,0.17891022562980652,3.6495487689971924,0.04153380170464516,3.957773447036743
77,0,0,1,0.4413364827632904,3.597371816635132,0.3809191584587097,3.6768691539764404,0.2472795695066452,3.7460405826568604,0.11082987487316132,3.8532638549804688
78,0,0,1,0.473652720451355,3.5674071311950684,0.3903110921382904,3.6120352745056152,0.21134606003761292,3.6721203327178955,0.07308274507522583,3.8699209690093994
79,0,0,1,0.4584362804889679,3.5927398204803467,0.38350504636764526,3.657351493835449,0.21348851919174194,3.765636682510376,0.07009326666593552,4.079613208770752
80,0,0,1,0.45832666754722595,3.5870983600616455,0.38344526290893555,3.6463310718536377,0.21447505056858063,3.7342379093170166,0.07238519936800003,4.003579139709473
81,0,0,1,0.48468390107154846,3.5687410831451416,0.39138731360435486,3.6013901233673096,0.18364356458187103,3.673178195953369,0.04063695669174194,4.091221332550049
82,0,0,1,0.47590479254722595,3.5735793113708496,0.3899174928665161,3.6109535694122314,0.19798310101032257,3.6865813732147217,0.062141261994838715,3.9435534477233887
83,0,0,1,0.5167908668518066,3.537783622741699,0.40901026129722595,3.557095766067505,0.17045001685619354,3.5961999893188477,0.026387115940451622,4.014350414276123
84,0,0,1,0.48828125,3.5653469562530518,0.39310625195503235,3.5976576805114746,0.17841199040412903,3.6649911403656006,0.03629225119948387,4.067545413970947
85,0,0,1,0.46906885504722595,3.5828092098236084,0.38566744327545166,3.6269750595092773,0.19549186527729034,3.7052197456359863,0.058254942297935486,3.966472864151001
86,0,0,1,0.47310465574264526,3.572234869003296,0.3900669515132904,3.612226724624634,0.2021484375,3.689391613006592,0.0590122751891613,3.939885139465332
87,0,0,1,0.4537627398967743,3.5922787189483643,0.38225942850112915,3.6582162380218506,0.220075324177742,3.7563958168029785,0.07609215378761292,4.011786460876465
88,0,0,1,0.45279616117477417,3.5957436561584473,0.37987783551216125,3.658381700515747,0.21363799273967743,3.7466766834259033,0.07023277878761292,4.007094383239746
89,0,0,1,0.4712711274623871,3.5717124938964844,0.3896733522415161,3.614008665084839,0.2124720960855484,3.680189371109009,0.07651068270206451,3.8879916667938232
90,0,0,1,0.4787846803665161,3.571336507797241,0.3883480131626129,3.6075079441070557,0.18920399248600006,3.6794121265411377,0.05213647708296776,3.954892873764038
91,0,0,1,0.4497668147087097,3.5963664054870605,0.38018175959587097,3.6708428859710693,0.23246173560619354,3.7673182487487793,0.09070073068141937,4.004834175109863
92,0,0,1,0.463887095451355,3.587106943130493,0.3854382634162903,3.6479790210723877,0.20784837007522583,3.747291088104248,0.0623604916036129,4.079897880554199
93,0,0,1,0.4654715359210968,3.5770375728607178,0.3870077133178711,3.6276745796203613,0.21355827152729034,3.697727680206299,0.0749162957072258,3.9002394676208496
94,0,0,1,0.4561941921710968,3.5909130573272705,0.3828623294830322,3.6485254764556885,0.21810227632522583,3.7310731410980225,0.07834422588348389,3.9600610733032227
95,0,0,1,0.48551100492477417,3.565760850906372,0.39383867383003235,3.599367380142212,0.18751992285251617,3.6737165451049805,0.04823022708296776,3.999586820602417
96,0,0,1,0.4593929350376129,3.5864949226379395,0.38547810912132263,3.6446030139923096,0.21253187954425812,3.7400131225585938,0.061443716287612915,4.04541015625
97,0,0,1,0.47500795125961304,3.574997901916504,0.388636976480484,3.6135435104370117,0.1937181055545807,3.6766459941864014,0.055584341287612915,3.926138401031494
98,0,0,1,0.46168485283851624,3.588698625564575,0.38476064801216125,3.6440696716308594,0.20400190353393555,3.734466552734375,0.06275908648967743,4.025404930114746
99,0,0,1,0.4782963991165161,3.5698153972625732,0.38822343945503235,3.6084089279174805,0.19317004084587097,3.666855812072754,0.05757732689380646,3.9103496074676514
100,0,0,1,0.4867565929889679,3.5678341388702393,0.39376893639564514,3.598107099533081,0.17977717518806458,3.6666481494903564,0.0347377210855484,4.111876010894775
101,0,0,1,0.48693597316741943,3.566417694091797,0.3922044336795807,3.595081090927124,0.17786391079425812,3.658356189727783,0.037448182702064514,4.061735153198242
102,0,0,1,0.4859195649623871,3.564382791519165,0.39272260665893555,3.5966811180114746,0.18427136540412903,3.6624486446380615,0.04474250599741936,3.994654893875122
103,0,0,1,0.484394907951355,3.5666322708129883,0.392578125,3.594958782196045,0.18851642310619354,3.658843517303467,0.05464763939380646,3.9489424228668213
104,0,0,1,0.4615553021430969,3.587503671646118,0.38337549567222595,3.6337902545928955,0.2013811320066452,3.690979242324829,0.06702407449483871,3.9125781059265137
105,0,0,1,0.49105149507522583,3.5622589588165283,0.3952188193798065,3.5873780250549316,0.18113240599632263,3.648566961288452,0.044822223484516144,3.9710981845855713
106,0,0,1,0.4588647782802582,3.589927911758423,0.3829520046710968,3.649336338043213,0.20805762708187103,3.7599501609802246,0.0668247789144516,4.0292277336120605
107,0,0,1,0.47889429330825806,3.569894790649414,0.3924386203289032,3.611497640609741,0.2023576945066452,3.68070125579834,0.059371013194322586,3.934206008911133
108,0,0,1,0.45148077607154846,3.5904605388641357,0.3818608522415161,3.6535534858703613,0.23083744943141937,3.726181745529175,0.0952845960855484,3.867810010910034
109,0,0,1,0.4524174928665161,3.593599319458008,0.38358476758003235,3.654019594192505,0.22275589406490326,3.735304594039917,0.08647560328245163,3.9221019744873047
110,0,0,1,0.45853593945503235,3.588503837585449,0.3848104476928711,3.6418888568878174,0.21802255511283875,3.70505952835083,0.0743582546710968,3.860091209411621
111,0,0,1,0.48812180757522583,3.563490152359009,0.3931261897087097,3.5961318016052246,0.1827566921710968,3.6653215885162354,0.04187260940670967,4.0452165603637695
112,0,0,1,0.4661889970302582,3.5771541595458984,0.3888711631298065,3.6275112628936768,0.2220384180545807,3.697962522506714,0.08332668989896774,3.8942837715148926
113,0,0,1,0.46549147367477417,3.57352352142334,0.38989755511283875,3.6175529956817627,0.21745455265045166,3.6682705879211426,0.07928092777729034,3.857968807220459
114,0,0,1,0.47366270422935486,3.571539878845215,0.3878248631954193,3.6161000728607178,0.20266661047935486,3.6890549659729004,0.06509087979793549,3.8962032794952393
115,0,0,1,0.4852917492389679,3.5637781620025635,0.3915218412876129,3.597327470779419,0.1870814710855484,3.6609139442443848,0.0511997751891613,3.8987932205200195
116,0,0,1,0.4793426990509033,3.571481943130493,0.3892099857330322,3.6052794456481934,0.18616469204425812,3.6708061695098877,0.05143893510103226,3.973653554916382
117,0,0,1,0.481953501701355,3.5701024532318115,0.390101820230484,3.605262041091919,0.18365353345870972,3.6784048080444336,0.04599808529019356,4.053292751312256
118,0,0,1,0.4697165787220001,3.5708043575286865,0.39119797945022583,3.6139590740203857,0.21140584349632263,3.6872966289520264,0.078125,3.8808672428131104
119,0,0,1,0.4650430381298065,3.58659029006958,0.38381895422935486,3.6359269618988037,0.19913902878761292,3.703012466430664,0.06014827638864517,3.979787826538086
120,0,0,1,0.46809229254722595,3.5844297409057617,0.38777002692222595,3.6334176063537598,0.20151068270206451,3.7340519428253174,0.0595703125,4.033121585845947
121,0,0,1,0.44756457209587097,3.599412202835083,0.38111844658851624,3.67447566986084,0.23555085062980652,3.747736692428589,0.0948660671710968,3.934663772583008
122,0,0,1,0.474629282951355,3.567814350128174,0.3911730647087097,3.6083810329437256,0.20862562954425812,3.6659820079803467,0.07013312727212906,3.8789429664611816
123,0,0,1,0.4769212305545807,3.573401689529419,0.3884376883506775,3.610215425491333,0.19107739627361298,3.678800582885742,0.05295360088348389,3.9657509326934814
124,0,0,1,0.4844547212123871,3.5658631324768066,0.3931361436843872,3.5991837978363037,0.19058911502361298,3.67264461517334,0.05143893510103226,3.9945757389068604
125,0,0,1,0.4412069320678711,3.6005284786224365,0.3781140446662903,3.677950620651245,0.23310944437980652,3.7697174549102783,0.09225525707006454,3.958306312561035
126,0,0,1,0.4446249008178711,3.593693256378174,0.3832060992717743,3.665743589401245,0.24431002140045166,3.733327865600586,0.1070033460855484,3.8742783069610596
127,0,0,1,0.46104711294174194,3.5916528701782227,0.38465601205825806,3.645941734313965,0.20058393478393555,3.728848934173584,0.05723851919174194,4.016016483306885
128,0,0,1,0.4649832546710968,3.575479030609131,0.38599130511283875,3.6285529136657715,0.21941764652729034,3.707207441329956,0.08211097121238708,3.9313106536865234
129,0,0,1,0.46056878566741943,3.5914018154144287,0.3818110227584839,3.653273582458496,0.20944276452064514,3.7543535232543945,0.06600765138864517,4.041968822479248
130,0,0,1,0.4835977256298065,3.5676283836364746,0.39126771688461304,3.6026437282562256,0.1868124157190323,3.6629326343536377,0.05143893510103226,3.9527316093444824
131,0,0,1,0.46537187695503235,3.586754083633423,0.3856973350048065,3.636924982070923,0.20065370202064514,3.715782642364502,0.05695950239896774,3.973057985305786
132,0,0,1,0.49019449949264526,3.5627946853637695,0.393086314201355,3.5920348167419434,0.17680762708187103,3.6630783081054688,0.038584183901548386,4.124483585357666
133,0,0,1,0.4769909679889679,3.5745503902435303,0.3902313709259033,3.608483076095581,0.18844667077064514,3.669874668121338,0.0464564710855484,3.9836978912353516
134,0,0,1,0.48258131742477417,3.568720579147339,0.39108338952064514,3.6052591800689697,0.18745017051696777,3.6793365478515625,0.04797114059329033,4.039883613586426
135,0,0,1,0.45044443011283875,3.590115785598755,0.3822793662548065,3.6533334255218506,0.2317143678665161,3.730572462081909,0.09396922588348389,3.901378631591797
136,0,0,1,0.49200811982154846,3.56250262260437,0.39592134952545166,3.5882108211517334,0.17868104577064514,3.647928237915039,0.037727199494838715,4.053354263305664
137,0,0,1,0.44220343232154846,3.59879207611084,0.38194555044174194,3.670119285583496,0.24184869229793549,3.7441697120666504,0.10196109116077423,3.9067630767822266
138,0,1,0,0.439174085855484,3.5999953746795654,0.3797333240509033,3.6876163482666016,0.2574637234210968,3.762704610824585,0.11908083409070969,3.9168200492858887
139,0,0,1,0.45867544412612915,3.586782217025757,0.3835200071334839,3.639540672302246,0.20944276452064514,3.7179083824157715,0.07164780050516129,3.92378306388855
140,0,0,1,0.4819933772087097,3.5713162422180176,0.3906947374343872,3.6048409938812256,0.18508848547935486,3.6670615673065186,0.04544005170464516,3.9828946590423584
141,0,0,1,0.48483338952064514,3.5700249671936035,0.3929518163204193,3.5995535850524902,0.18033522367477417,3.66646409034729,0.036611128598451614,4.026129722595215
142,0,0,1,0.4834582209587097,3.5660812854766846,0.3938486576080322,3.5933306217193604,0.19080835580825806,3.649362802505493,0.051817599684000015,3.9026923179626465
143,0,0,1,0.4661790430545807,3.5742807388305664,0.389912486076355,3.6248514652252197,0.2186204493045807,3.6980719566345215,0.08141342550516129,3.9050183296203613
144,0,0,1,0.47848573327064514,3.570589542388916,0.3881337642669678,3.6100127696990967,0.1925920695066452,3.6729445457458496,0.05945073068141937,3.9342942237854004
145,0,0,1,0.48454439640045166,3.5656967163085938,0.3909139633178711,3.5989701747894287,0.1833745241165161,3.6759047508239746,0.045978154987096786,4.024273872375488
146,0,0,1,0.4814552664756775,3.571437358856201,0.39086416363716125,3.606032133102417,0.1877690553665161,3.687788486480713,0.04627710208296776,4.0525407791137695
147,0,0,1,0.4561842083930969,3.591581344604492,0.3832060992717743,3.6510252952575684,0.2174246609210968,3.738072395324707,0.07340162247419357,4.012761116027832
148,0,0,1,0.47798746824264526,3.5713093280792236,0.3903310298919678,3.603783369064331,0.19293087720870972,3.663705348968506,0.05891262739896774,3.915087938308716
149,0,0,1,0.48315927386283875,3.5686590671539307,0.39170119166374207,3.6025490760803223,0.18574616312980652,3.668508529663086,0.04836973920464516,3.926246404647827
150,0,0,1,0.4625841975212097,3.5834505558013916,0.3861507475376129,3.6288998126983643,0.20840640366077423,3.702208995819092,0.06987404078245163,3.9264118671417236
151,0,0,1,0.48790258169174194,3.564948320388794,0.39358457922935486,3.588095188140869,0.18065409362316132,3.656075954437256,0.0435267835855484,4.029304027557373
152,0,0,1,0.45715081691741943,3.5863196849823,0.38330575823783875,3.639261245727539,0.21724529564380646,3.7126736640930176,0.0778459832072258,3.8937532901763916
153,0,0,1,0.48281049728393555,3.569338083267212,0.39192041754722595,3.6012203693389893,0.18328483402729034,3.6718316078186035,0.04161351919174194,4.073276042938232
154,0,0,1,0.48314929008483887,3.566030740737915,0.3903310298919678,3.6014347076416016,0.185546875,3.6723952293395996,0.04795121029019356,4.04280948638916
155,0,0,1,0.45315489172935486,3.5876195430755615,0.3834502398967743,3.6537423133850098,0.22275589406490326,3.73445463180542,0.08799026906490326,3.94926381111145
156,0,0,1,0.4685307741165161,3.57552433013916,0.388447642326355,3.6241037845611572,0.21049903333187103,3.6884586811065674,0.07605229318141937,3.8810272216796875
157,0,0,1,0.45224806666374207,3.58939266204834,0.3816864490509033,3.6551706790924072,0.22883449494838715,3.732276678085327,0.08763153851032257,3.9456448554992676
158,0,0,1,0.4575095474720001,3.5880162715911865,0.38357481360435486,3.6443722248077393,0.20502829551696777,3.7379343509674072,0.06329718977212906,4.0409321784973145
159,0,0,1,0.4763532280921936,3.569608688354492,0.38938435912132263,3.61208438873291,0.20229791104793549,3.679375410079956,0.06624680757522583,3.9127557277679443
160,0,0,1,0.46884962916374207,3.57651424407959,0.38765543699264526,3.620842218399048,0.2079480141401291,3.6940770149230957,0.06993383169174194,3.916785478591919
161,0,0,1,0.4561344087123871,3.58590030670166,0.38316625356674194,3.6489343643188477,0.22412109375,3.7223777770996094,0.08553890138864517,3.9226467609405518
162,0,0,1,0.4639469087123871,3.587482213973999,0.3852439224720001,3.635023355484009,0.20016542077064514,3.7186238765716553,0.05319276079535484,4.065193176269531
163,0,0,1,0.4813655912876129,3.571481704711914,0.39172112941741943,3.6037395000457764,0.1860451102256775,3.67627215385437,0.04522082209587097,4.0246806144714355
164,0,0,1,0.48551100492477417,3.566068649291992,0.39530351758003235,3.596264123916626,0.1886160671710968,3.656751871109009,0.04739317670464516,3.9167368412017822
165,0,0,1,0.4834482669830322,3.569349765777588,0.39151686429977417,3.6020565032958984,0.18440090119838715,3.6819777488708496,0.041493941098451614,4.061479568481445
166,0,0,1,0.47973132133483887,3.5695858001708984,0.39037588238716125,3.6043906211853027,0.19430604577064514,3.6749064922332764,0.0573381669819355,3.9064998626708984
167,0,0,1,0.45980149507522583,3.58965802192688,0.38421255350112915,3.6355738639831543,0.20332428812980652,3.7089786529541016,0.06967474520206451,3.9287757873535156
168,0,0,1,0.47861525416374207,3.569019317626953,0.39105847477912903,3.6017684936523438,0.19632892310619354,3.6606943607330322,0.061025191098451614,3.9186806678771973
169,0,0,1,0.4609375,3.5778276920318604,0.3861706852912903,3.6310994625091553,0.22707070410251617,3.6802124977111816,0.09412866830825806,3.8033030033111572
170,0,0,1,0.4656209945678711,3.5785858631134033,0.38726183772087097,3.6258604526519775,0.2112065553665161,3.6978533267974854,0.07525510340929031,3.9067797660827637
171,0,0,1,0.4868064224720001,3.5630884170532227,0.3947156071662903,3.59798526763916,0.19045957922935486,3.6561503410339355,0.0518973208963871,3.9473886489868164
172,0,0,1,0.4685407280921936,3.574491262435913,0.38617566227912903,3.6267433166503906,0.21167489886283875,3.703558921813965,0.07537467777729034,3.8794288635253906
173,0,0,1,0.48762354254722595,3.566068649291992,0.3919702470302582,3.5928053855895996,0.17782405018806458,3.656822681427002,0.039700254797935486,4.023092269897461
174,0,0,1,0.49236685037612915,3.562274932861328,0.3959014117717743,3.5824766159057617,0.1766282618045807,3.6449084281921387,0.03457828238606453,4.006340026855469
175,0,0,1,0.4593530595302582,3.586198568344116,0.3835698366165161,3.636443853378296,0.20938296616077423,3.712735652923584,0.07089046388864517,3.9210009574890137
176,0,0,1,0.4878826439380646,3.564807891845703,0.39369916915893555,3.599174976348877,0.18667291104793549,3.6649763584136963,0.04147401079535484,4.070639133453369
177,0,0,1,0.48699575662612915,3.56303334236145,0.39338526129722595,3.5929274559020996,0.18821747601032257,3.661478281021118,0.046655770391225815,3.974797010421753
178,0,0,1,0.4882712662220001,3.560215473175049,0.395751953125,3.5894949436187744,0.19177494943141937,3.6601195335388184,0.05512595549225807,3.9291396141052246
179,0,0,1,0.46047911047935486,3.588768720626831,0.38563257455825806,3.6488540172576904,0.20840640366077423,3.7474420070648193,0.06698421388864517,4.026480197906494
180,0,0,1,0.4512217044830322,3.5922350883483887,0.3840780258178711,3.6567471027374268,0.2320033460855484,3.7230048179626465,0.09454718977212906,3.8794267177581787
181,0,0,1,0.4646245241165161,3.5868828296661377,0.38616567850112915,3.6335978507995605,0.19903938472270966,3.7179834842681885,0.05422911420464516,4.0646820068359375
182,0,0,1,0.4602997303009033,3.5868980884552,0.3833456039428711,3.6449134349823,0.20988121628761292,3.7344982624053955,0.06883768737316132,4.011580944061279
183,0,0,1,0.4645547568798065,3.5840322971343994,0.38946905732154846,3.62314510345459,0.2073899805545807,3.684605121612549,0.06600765138864517,3.8897945880889893
184,0,0,1,0.47430044412612915,3.5691325664520264,0.39204996824264526,3.6058764457702637,0.20216836035251617,3.671973466873169,0.06419403851032257,3.88078236579895
185,0,0,1,0.4799107015132904,3.5661544799804688,0.39059510827064514,3.6039493083953857,0.19679726660251617,3.6672236919403076,0.061603154987096786,3.928825616836548
186,0,0,1,0.4857800304889679,3.5632731914520264,0.39211973547935486,3.593621253967285,0.18640385568141937,3.6541216373443604,0.05275430530309677,3.911975860595703
187,0,0,1,0.45930323004722595,3.593400239944458,0.3828473687171936,3.654237985610962,0.2065529227256775,3.7493245601654053,0.061603154987096786,4.111614227294922
188,0,0,1,0.47814691066741943,3.5746827125549316,0.3886967897415161,3.6082704067230225,0.19123683869838715,3.67401385307312,0.053750794380903244,3.9488320350646973
189,0,0,1,0.4711216390132904,3.57257080078125,0.39068976044654846,3.6110594272613525,0.20815728604793549,3.6749963760375977,0.07513552159070969,3.847745418548584
190,0,0,1,0.45553651452064514,3.5877411365509033,0.38614577054977417,3.6486496925354004,0.22486846148967743,3.7286624908447266,0.08701370656490326,3.942739248275757
191,0,0,1,0.45928332209587097,3.5905184745788574,0.38423746824264526,3.649186849594116,0.21403658390045166,3.7421202659606934,0.07216597348451614,3.9966859817504883
192,0,0,1,0.4587651491165161,3.5887961387634277,0.3830117881298065,3.644317865371704,0.21257174015045166,3.7335927486419678,0.07258450239896774,3.913783550262451
193,0,0,1,0.48663702607154846,3.56412410736084,0.39267775416374207,3.5976500511169434,0.1882075071334839,3.663313388824463,0.046795278787612915,4.011498928070068
194,0,0,1,0.4766322374343872,3.5747945308685303,0.3884177505970001,3.617224931716919,0.1883470118045807,3.6911275386810303,0.04159358888864517,4.063727855682373
195,0,0,1,0.4908023774623871,3.561549663543701,0.395039439201355,3.5908987522125244,0.18274672329425812,3.6617045402526855,0.042869098484516144,4.029753684997559
196,0,0,1,0.4814552664756775,3.571437358856201,0.38883131742477417,3.6053307056427,0.18343430757522583,3.6817688941955566,0.042470503598451614,4.050210952758789
197,0,0,1,0.4886399805545807,3.564544439315796,0.3935995101928711,3.5889716148376465,0.18050462007522583,3.659048318862915,0.04348692670464516,4.0091657638549805
198,0,0,1,0.45602479577064514,3.589799642562866,0.38248366117477417,3.6527628898620605,0.22542649507522583,3.7237203121185303,0.08462212979793549,3.9107394218444824
199,0,0,1,0.47772839665412903,3.5683653354644775,0.3900569975376129,3.6041948795318604,0.19794324040412903,3.671617031097412,0.06493143737316132,3.9020872116088867
200,0,0,1,0.46117663383483887,3.5904927253723145,0.3833904564380646,3.6444091796875,0.20127151906490326,3.733785629272461,0.061862245202064514,3.989046335220337
201,0,0,1,0.4877431392669678,3.564356565475464,0.3940678834915161,3.596743106842041,0.18757972121238708,3.6635677814483643,0.04936622828245163,3.9761807918548584
202,0,0,1,0.4549984037876129,3.5977442264556885,0.38169142603874207,3.6723275184631348,0.22187897562980652,3.7888708114624023,0.06897719949483871,4.1724934577941895
203,0,0,1,0.4461595118045807,3.592522382736206,0.3804408311843872,3.6655404567718506,0.24055324494838715,3.743910551071167,0.1012834832072258,3.9397873878479004
204,0,0,1,0.47715041041374207,3.571831226348877,0.39278239011764526,3.60486102104187,0.19666773080825806,3.6542866230010986,0.05422911420464516,3.8849687576293945
205,0,0,1,0.45043447613716125,3.5939338207244873,0.3821398615837097,3.6602213382720947,0.22625358402729034,3.7445056438446045,0.08336655050516129,3.9299545288085938
206,0,0,1,0.4526965022087097,3.5872459411621094,0.38552793860435486,3.6499733924865723,0.2278280407190323,3.7176222801208496,0.07816486060619354,3.900815963745117
207,0,0,1,0.48936742544174194,3.5653343200683594,0.3941226899623871,3.593461513519287,0.1765485405921936,3.659761905670166,0.03419961780309677,4.148018836975098
208,0,0,1,0.47783800959587097,3.5697154998779297,0.38923487067222595,3.605278968811035,0.1945451945066452,3.6688008308410645,0.06134406849741936,3.8947367668151855
209,0,0,1,0.4672751724720001,3.586240768432617,0.387226939201355,3.6325175762176514,0.19723573327064514,3.7360177040100098,0.05648118630051613,4.058927536010742
210,0,0,1,0.4796416461467743,3.5689027309417725,0.39351481199264526,3.603266716003418,0.1957310289144516,3.663069009780884,0.0542689710855484,3.8773412704467773
211,0,0,1,0.4898855984210968,3.563556432723999,0.39557257294654846,3.5890066623687744,0.1797572523355484,3.6600699424743652,0.03832509368658066,4.114924430847168
212,0,0,1,0.4815848171710968,3.569255828857422,0.3904406428337097,3.606395959854126,0.18837690353393555,3.680543899536133,0.05255500599741936,3.986727237701416
213,0,0,1,0.4642857015132904,3.585637092590332,0.3848453462123871,3.635732889175415,0.20371292531490326,3.7249913215637207,0.06861846148967743,3.9982573986053467
214,0,0,1,0.46467432379722595,3.586841344833374,0.3846261203289032,3.6363024711608887,0.1999860405921936,3.7225072383880615,0.06168287619948387,3.9638125896453857
215,0,0,1,0.45087292790412903,3.5933783054351807,0.3823840022087097,3.662731647491455,0.22833624482154846,3.753687620162964,0.08205118030309677,3.9783823490142822
216,0,0,1,0.45804765820503235,3.586411714553833,0.3865891993045807,3.63887095451355,0.2142259180545807,3.7069029808044434,0.07955994457006454,3.9105710983276367
217,0,0,1,0.4845244586467743,3.5668716430664062,0.39167627692222595,3.5983259677886963,0.18595543503761292,3.669095993041992,0.0505022294819355,3.9759273529052734
218,0,0,1,0.48937737941741943,3.5629403591156006,0.3920300602912903,3.593477487564087,0.18120215833187103,3.657226085662842,0.0432477667927742,4.014285564422607
219,0,0,1,0.47145047783851624,3.5708820819854736,0.39149194955825806,3.610100030899048,0.2121831178665161,3.677452802658081,0.07653061300516129,3.882291555404663
220,0,0,1,0.48900866508483887,3.5617549419403076,0.39224427938461304,3.5906002521514893,0.18069395422935486,3.653890609741211,0.044822223484516144,4.002223014831543
221,0,0,1,0.4556162357330322,3.583526611328125,0.3851492702960968,3.6336140632629395,0.22424067556858063,3.695462942123413,0.0887276753783226,3.845238208770752
222,0,0,1,0.4780871272087097,3.571565628051758,0.38898077607154846,3.6052260398864746,0.18775908648967743,3.672327756881714,0.04954559728503227,3.9641995429992676
223,0,0,1,0.47818678617477417,3.5696542263031006,0.3897779881954193,3.605010747909546,0.19568119943141937,3.68274188041687,0.06112483888864517,3.960221767425537
224,0,0,1,0.4629603624343872,3.5850749015808105,0.38394349813461304,3.6376802921295166,0.2078782618045807,3.731412649154663,0.06421396881341934,4.053382873535156
225,0,0,1,0.4737822711467743,3.5738353729248047,0.39023634791374207,3.6134164333343506,0.19807277619838715,3.6759068965911865,0.05978953838348389,3.8889999389648438
226,0,0,1,0.45498842000961304,3.5896317958831787,0.38394349813461304,3.6505794525146484,0.22221778333187103,3.734663724899292,0.08237005770206451,3.9315266609191895
227,0,0,1,0.46549147367477417,3.576948642730713,0.3879643678665161,3.6303136348724365,0.21981623768806458,3.7117276191711426,0.08687420189380646,3.9252121448516846
228,0,0,1,0.5169901847839355,3.536381244659424,0.4097974896430969,3.5576791763305664,0.17115752398967743,3.6078829765319824,0.027782205492258072,4.164992809295654
229,0,0,1,0.47053369879722595,3.5827739238739014,0.3874760866165161,3.6347854137420654,0.19392737746238708,3.74466872215271,0.052734375,4.139833927154541
230,0,0,1,0.48616868257522583,3.5651185512542725,0.3935995101928711,3.588313579559326,0.18281647562980652,3.6528398990631104,0.04340720549225807,3.9609732627868652
231,0,0,1,0.4490094780921936,3.597083806991577,0.3806002736091614,3.6605749130249023,0.22427056729793549,3.733093500137329,0.08659518510103226,3.9104719161987305
232,0,0,1,0.45804765820503235,3.5871949195861816,0.38237902522087097,3.6404457092285156,0.2111467570066452,3.7265090942382812,0.07340162247419357,3.934292793273926
233,0,0,1,0.4833286702632904,3.567841053009033,0.39306142926216125,3.599107503890991,0.18823739886283875,3.6646902561187744,0.04725366458296776,3.977646589279175
234,0,0,1,0.4867466390132904,3.567866325378418,0.39237383008003235,3.597135305404663,0.17922911047935486,3.6586790084838867,0.038444675505161285,4.043545722961426
235,0,0,1,0.4842952787876129,3.5658230781555176,0.3924037218093872,3.6068665981292725,0.19409677386283875,3.6768147945404053,0.05295360088348389,4.03236722946167
236,0,0,1,0.4547293484210968,3.5904717445373535,0.38041093945503235,3.649587392807007,0.22191883623600006,3.7278401851654053,0.08296795189380646,3.907278299331665
237,0,0,1,0.48330873250961304,3.5660295486450195,0.38967832922935486,3.600332498550415,0.18475964665412903,3.6825952529907227,0.04920678958296776,4.034021854400635
238,0,0,1,0.47903379797935486,3.5672948360443115,0.38907545804977417,3.604912281036377,0.19197425246238708,3.6650922298431396,0.05927136540412903,3.9152655601501465
239,0,0,1,0.45665258169174194,3.5875704288482666,0.384785532951355,3.6411664485931396,0.21923828125,3.700286388397217,0.08330675959587097,3.874401807785034
240,0,0,1,0.4771902859210968,3.5702590942382812,0.38819852471351624,3.615699529647827,0.19819235801696777,3.7052643299102783,0.06000876799225807,4.025905132293701
241,0,0,1,0.4511220455169678,3.591968297958374,0.3844268023967743,3.6428534984588623,0.22396165132522583,3.6911234855651855,0.08848851919174194,3.8545045852661133
242,0,0,1,0.47185903787612915,3.5747804641723633,0.38886120915412903,3.6150732040405273,0.20227797329425812,3.678358554840088,0.06596779078245163,3.8839879035949707
243,0,0,1,0.44263193011283875,3.5943853855133057,0.38334062695503235,3.657386541366577,0.24090202152729034,3.715780735015869,0.09376993030309677,3.870138168334961
244,0,0,1,0.4777682423591614,3.570549488067627,0.38925978541374207,3.6052019596099854,0.19710618257522583,3.6648130416870117,0.06493143737316132,3.8643338680267334
245,0,0,1,0.4761539399623871,3.5711655616760254,0.38851243257522583,3.608879566192627,0.1965581178665161,3.683295249938965,0.05861368030309677,3.9126148223876953
246,0,0,1,0.4818538725376129,3.571709156036377,0.39178091287612915,3.606292486190796,0.18887515366077423,3.6879286766052246,0.0454799085855484,4.079754829406738
247,0,0,1,0.4534637928009033,3.590625524520874,0.38253846764564514,3.6592729091644287,0.22204838693141937,3.756855010986328,0.07870296388864517,4.026082515716553
248,0,0,1,0.48955675959587097,3.561838388442993,0.3941226899623871,3.591160774230957,0.18183991312980652,3.6612231731414795,0.04348692670464516,4.0274977684021
249,0,0,1,0.48398634791374207,3.56595778465271,0.3903658986091614,3.6031296253204346,0.18823739886283875,3.682424545288086,0.051518652588129044,4.027853012084961
250,0,0,1,0.46689650416374207,3.5762155055999756,0.3884775638580322,3.6209006309509277,0.21650788187980652,3.672389268875122,0.08390465378761292,3.8315913677215576
251,0,0,1,0.4608776867389679,3.5858378410339355,0.38284239172935486,3.646528959274292,0.21074816584587097,3.7501537799835205,0.07065130770206451,3.976022481918335
252,0,0,1,0.4604591727256775,3.592061996459961,0.38622549176216125,3.638375997543335,0.20281608402729034,3.729867935180664,0.0598493292927742,3.9780218601226807
253,0,0,1,0.4617645740509033,3.5870001316070557,0.3848254084587097,3.6402714252471924,0.20831671357154846,3.727290153503418,0.068359375,3.967055320739746
254,0,0,1,0.48706552386283875,3.5660624504089355,0.3934500515460968,3.596033811569214,0.18106265366077423,3.669675350189209,0.04027821868658066,4.052944183349609
255,0,0,1,0.47528699040412903,3.569460868835449,0.38926976919174194,3.605416774749756,0.20063376426696777,3.6757724285125732,0.06800063699483871,3.8983001708984375
256,0,0,1,0.4821528196334839,3.5676345825195312,0.39216455817222595,3.605381965637207,0.19200414419174194,3.6852293014526367,0.051279496401548386,3.997279405593872
257,0,0,1,0.44136637449264526,3.5913708209991455,0.3826281428337097,3.654170274734497,0.24565528333187103,3.7132890224456787,0.1075613796710968,3.8588104248046875
258,0,0,1,0.4769710600376129,3.5720672607421875,0.38811880350112915,3.612205743789673,0.18935346603393555,3.684243679046631,0.05207668989896774,4.052430152893066
259,0,0,1,0.46132612228393555,3.5883572101593018,0.3847207725048065,3.6369099617004395,0.20497846603393555,3.708167314529419,0.06768175959587097,3.904888153076172
260,0,0,1,0.46801257133483887,3.583634853363037,0.3848453462123871,3.634101390838623,0.19987642765045166,3.7242496013641357,0.060447223484516144,4.05143404006958
261,0,0,1,0.48191365599632263,3.5639047622680664,0.394307017326355,3.5972907543182373,0.1942761391401291,3.6644952297210693,0.056281886994838715,3.9075779914855957
262,0,0,1,0.4455117881298065,3.5951955318450928,0.3818359375,3.6609947681427,0.23240193724632263,3.7371151447296143,0.09488599747419357,3.8781769275665283
263,0,0,1,0.48280054330825806,3.567533493041992,0.3900171220302582,3.6007819175720215,0.18557676672935486,3.670300245285034,0.0450613833963871,4.0278639793396
264,0,0,1,0.4588448703289032,3.593775749206543,0.3849300444126129,3.6597073078155518,0.21479392051696777,3.7692878246307373,0.06995376199483871,4.09031343460083
265,0,0,1,0.48482340574264526,3.566974401473999,0.3919403553009033,3.595850706100464,0.18092314898967743,3.6528971195220947,0.04141421988606453,4.006737232208252
266,0,0,1,0.4872448742389679,3.5632567405700684,0.39428213238716125,3.5930700302124023,0.18644371628761292,3.6598076820373535,0.04976482689380646,3.996796131134033
267,0,0,1,0.4649732708930969,3.583635091781616,0.386439710855484,3.632362127304077,0.21202367544174194,3.711660385131836,0.07571348547935486,3.9547250270843506
268,0,0,1,0.47381216287612915,3.572432041168213,0.3903310298919678,3.6124634742736816,0.20523755252361298,3.6793551445007324,0.06293845176696777,3.9202027320861816
269,0,0,1,0.48363757133483887,3.5660979747772217,0.39130261540412903,3.5988590717315674,0.18629424273967743,3.6699652671813965,0.050283003598451614,3.9671027660369873
270,0,0,1,0.46907883882522583,3.571027994155884,0.3894491195678711,3.6150400638580322,0.21443518996238708,3.6764254570007324,0.07479671388864517,3.8646416664123535
271,0,0,1,0.480189710855484,3.5685231685638428,0.3911481499671936,3.606139659881592,0.1895228773355484,3.6871023178100586,0.051678091287612915,4.0
272,0,0,1,0.4732840359210968,3.5746500492095947,0.38809388875961304,3.6170594692230225,0.19832190871238708,3.6914379596710205,0.05883290618658066,4.012872695922852
273,0,0,1,0.47591477632522583,3.573420763015747,0.38845762610435486,3.6049766540527344,0.19024035334587097,3.6711015701293945,0.052116550505161285,3.9411089420318604
274,0,0,1,0.46803250908851624,3.5728368759155273,0.38966336846351624,3.61972713470459,0.21591995656490326,3.688203811645508,0.07732780277729034,3.898453712463379
275,0,0,1,0.4678431749343872,3.585188150405884,0.3850346803665161,3.6369471549987793,0.19556161761283875,3.7227516174316406,0.054607778787612915,4.082116603851318
276,0,0,1,0.4788843095302582,3.570530891418457,0.3899174928665161,3.6072733402252197,0.19526267051696777,3.677009344100952,0.05745774880051613,3.9139785766601562
277,0,0,1,0.4921875,3.561426877975464,0.39523378014564514,3.587721347808838,0.17852160334587097,3.658163547515869,0.03874362260103226,4.079217910766602
278,0,0,1,0.4794224202632904,3.570784330368042,0.39130261540412903,3.605480194091797,0.19302056729793549,3.6753742694854736,0.055564410984516144,3.951936960220337
279,0,0,1,0.48413583636283875,3.5670385360717773,0.3902861773967743,3.6025888919830322,0.1868821680545807,3.6725499629974365,0.05131935328245163,3.946019411087036
280,0,0,1,0.48008009791374207,3.57222318649292,0.39081433415412903,3.6030240058898926,0.18523795902729034,3.662327289581299,0.0461774542927742,3.92965030670166
281,0,0,1,0.47472894191741943,3.5743072032928467,0.38745614886283875,3.611208200454712,0.1942661851644516,3.6756603717803955,0.05919164419174194,3.908080816268921
282,0,0,1,0.46300023794174194,3.585261344909668,0.3841826617717743,3.6315770149230957,0.20458984375,3.699625015258789,0.06562898308038712,3.933495283126831
283,0,0,1,0.4871053695678711,3.568573236465454,0.393763929605484,3.5951156616210938,0.17609016597270966,3.6556506156921387,0.032983895391225815,4.098489284515381
284,0,0,1,0.4808872640132904,3.5685067176818848,0.3912179172039032,3.5991034507751465,0.19271165132522583,3.656135320663452,0.0549665167927742,3.901015281677246
285,0,0,1,0.4674346148967743,3.5850601196289062,0.3877750337123871,3.628077268600464,0.19913902878761292,3.704713821411133,0.05807557329535484,3.949897050857544
286,0,0,1,0.4663783311843872,3.5748472213745117,0.3900918662548065,3.616849422454834,0.21699616312980652,3.6778564453125,0.08131377398967743,3.872549057006836
287,0,0,1,0.4631098508834839,3.588113784790039,0.38437697291374207,3.64677357673645,0.20513790845870972,3.744389295578003,0.05968989059329033,4.067111968994141
288,0,0,1,0.4609375,3.588745355606079,0.3826829493045807,3.6458871364593506,0.20781847834587097,3.71915602684021,0.06712372601032257,4.003859996795654
289,0,0,1,0.47889429330825806,3.5680012702941895,0.3928720951080322,3.607360601425171,0.1999162882566452,3.6680290699005127,0.06387516111135483,3.8564741611480713
290,0,0,1,0.4727857708930969,3.5843186378479004,0.38846758008003235,3.6224043369293213,0.18802814185619354,3.707138776779175,0.043168049305677414,4.133425712585449
291,0,0,1,0.4591238796710968,3.586491346359253,0.3844417631626129,3.652768850326538,0.2222377210855484,3.7532060146331787,0.07985889166593552,4.0808587074279785
292,0,0,1,0.4843151867389679,3.569277048110962,0.3943817615509033,3.5958259105682373,0.18607501685619354,3.659454822540283,0.0458984375,4.0052103996276855
293,0,0,1,0.46055883169174194,3.5853779315948486,0.3860211968421936,3.6377975940704346,0.20958226919174194,3.7170026302337646,0.06925621628761292,3.942445993423462
294,0,0,1,0.46774354577064514,3.574618101119995,0.3909388780593872,3.6157679557800293,0.21376752853393555,3.672478199005127,0.07804527878761292,3.8319714069366455
295,0,0,1,0.48818159103393555,3.5658910274505615,0.3934051990509033,3.5967981815338135,0.18146125972270966,3.673860549926758,0.039560746401548386,4.02518892288208
296,0,0,1,0.48168444633483887,3.5686416625976562,0.392543226480484,3.5991876125335693,0.1906987428665161,3.65114688873291,0.04850924760103226,3.937140464782715
297,0,0,1,0.4603993892669678,3.5911216735839844,0.38308653235435486,3.648991346359253,0.20819714665412903,3.7534103393554688,0.06297831237316132,4.031961917877197
298,0,0,1,0.48170438408851624,3.5701904296875,0.3897281587123871,3.6025314331054688,0.18574616312980652,3.6698498725891113,0.0485491044819355,4.027914524078369
299,0,0,1,0.47073301672935486,3.5754356384277344,0.3871821165084839,3.62076473236084,0.2050183266401291,3.685331106185913,0.06818000227212906,3.8874597549438477
300,0,0,1,0.469447523355484,3.5720016956329346,0.3894939720630646,3.614342451095581,0.21099728345870972,3.6715784072875977,0.07196667790412903,3.868734359741211
301,0,0,1,0.4526466727256775,3.5942673683166504,0.3825185298919678,3.6547224521636963,0.2200055718421936,3.7344415187835693,0.07583306729793549,3.948225975036621
302,0,0,1,0.4597616195678711,3.585937738418579,0.38410791754722595,3.640170097351074,0.214215949177742,3.7141926288604736,0.0744977667927742,3.8881754875183105
303,0,0,1,0.4641461968421936,3.5869510173797607,0.3840581178665161,3.6466619968414307,0.20593510568141937,3.752540349960327,0.05931122228503227,4.127352237701416
304,0,0,1,0.46307995915412903,3.592261791229248,0.38457629084587097,3.6416966915130615,0.1966477930545807,3.7270700931549072,0.05424904078245163,4.038574695587158
305,0,0,1,0.48720502853393555,3.5662684440612793,0.3938785493373871,3.587846040725708,0.1811622977256775,3.650054931640625,0.04159358888864517,3.974125623703003
306,0,0,1,0.45107221603393555,3.5932488441467285,0.3810237944126129,3.6564278602600098,0.2224469780921936,3.735698699951172,0.08344626426696777,3.9562933444976807
307,0,0,1,0.46446508169174194,3.5861618518829346,0.38532862067222595,3.644853115081787,0.2027762234210968,3.7563517093658447,0.05634167790412903,4.148567199707031
308,0,0,1,0.4548190236091614,3.588449239730835,0.3817861080169678,3.6442720890045166,0.21687659621238708,3.7118635177612305,0.07740752398967743,3.8800206184387207
309,0,0,1,0.4809470474720001,3.5698657035827637,0.38965341448783875,3.6059842109680176,0.19111725687980652,3.692528247833252,0.05397002398967743,4.039512634277344
310,0,0,1,0.47269609570503235,3.5748167037963867,0.3878248631954193,3.6130168437957764,0.20079320669174194,3.679205894470215,0.06823979318141937,3.9071261882781982
311,0,0,1,0.48065808415412903,3.5671815872192383,0.3918905258178711,3.597782611846924,0.19305045902729034,3.661952257156372,0.057118941098451614,3.9005582332611084
312,0,0,1,0.4551279544830322,3.5912246704101562,0.3854183256626129,3.646254301071167,0.21660754084587097,3.7320237159729004,0.07848373800516129,3.993905544281006
313,0,0,1,0.4617147445678711,3.584516763687134,0.38780492544174194,3.6316263675689697,0.21006058156490326,3.6876659393310547,0.06527024507522583,3.858320713043213
314,0,0,1,0.4511818289756775,3.5933918952941895,0.38215479254722595,3.66810941696167,0.230329230427742,3.7446136474609375,0.08862802386283875,3.8904879093170166
315,0,0,1,0.4795021414756775,3.568943738937378,0.39095383882522583,3.605485200881958,0.19602997601032257,3.669123649597168,0.058633606880903244,3.9133243560791016
316,0,0,1,0.47849568724632263,3.5721187591552734,0.38873663544654846,3.613975763320923,0.19350884854793549,3.6926205158233643,0.047931279987096786,4.0482330322265625
317,0,0,1,0.48322901129722595,3.566349744796753,0.3926727771759033,3.599015474319458,0.18856623768806458,3.6637425422668457,0.049027424305677414,3.9739837646484375
318,0,0,1,0.4872349202632904,3.565354347229004,0.39186063408851624,3.5951836109161377,0.18370336294174194,3.6628153324127197,0.045798785984516144,3.99869441986084
319,0,0,1,0.4702646732330322,3.5760722160339355,0.38701769709587097,3.6202173233032227,0.2060646414756775,3.704144239425659,0.0717075914144516,3.943023920059204
320,0,0,1,0.47703084349632263,3.5695724487304688,0.3916613459587097,3.609098196029663,0.20269650220870972,3.6757779121398926,0.06624680757522583,3.8959085941314697
321,0,0,1,0.4789939224720001,3.5720229148864746,0.38994738459587097,3.605846881866455,0.1905691921710968,3.6690022945404053,0.05040258169174194,3.957690715789795
322,0,0,1,0.47605428099632263,3.569066286087036,0.3909040093421936,3.6078057289123535,0.19822224974632263,3.675849676132202,0.05905213579535484,3.925750970840454
323,0,0,1,0.46424585580825806,3.585901975631714,0.38457629084587097,3.6360998153686523,0.1975446343421936,3.72170090675354,0.057657044380903244,3.9782233238220215
324,0,0,1,0.4724569320678711,3.5722601413726807,0.38966336846351624,3.6095235347747803,0.2043207883834839,3.670844793319702,0.07158800959587097,3.8727729320526123
325,0,0,1,0.48635801672935486,3.56584095954895,0.3913125693798065,3.596501111984253,0.18006616830825806,3.6594908237457275,0.044284120202064514,4.011250972747803
326,0,0,1,0.4786451458930969,3.5703787803649902,0.38957369327545166,3.607208251953125,0.19331951439380646,3.677731990814209,0.0548270083963871,3.9847328662872314
327,0,0,1,0.4847935140132904,3.5661253929138184,0.39324575662612915,3.595266342163086,0.18800820410251617,3.661949396133423,0.049864474684000015,3.9576339721679688
328,0,0,1,0.47032445669174194,3.580850839614868,0.3860311508178711,3.6236350536346436,0.19044961035251617,3.6999268531799316,0.0571986585855484,4.017073154449463
329,0,0,1,0.44653818011283875,3.5938942432403564,0.3848901689052582,3.663607358932495,0.24133050441741943,3.746180534362793,0.10355548560619354,3.9630484580993652
330,0,0,1,0.46537187695503235,3.584334373474121,0.38516420125961304,3.6374573707580566,0.19902941584587097,3.739698648452759,0.0544084794819355,4.057142734527588
331,0,0,1,0.5132632851600647,3.5382957458496094,0.4055075943470001,3.5641071796417236,0.17685745656490326,3.619337320327759,0.04145408049225807,4.009134769439697
332,0,0,1,0.48721498250961304,3.564988851547241,0.3932955861091614,3.5916945934295654,0.1808733195066452,3.6642608642578125,0.043466996401548386,4.0499773025512695
333,0,0,1,0.4749581515789032,3.5707781314849854,0.38854730129241943,3.6111972332000732,0.20323461294174194,3.6850697994232178,0.06917649507522583,3.9017574787139893
334,0,0,1,0.4514508843421936,3.5925745964050293,0.3823690414428711,3.665454864501953,0.2294224351644516,3.756330728530884,0.08892697840929031,3.9748990535736084
335,0,0,1,0.47525709867477417,3.5709853172302246,0.3898128569126129,3.6062989234924316,0.19936822354793549,3.6658170223236084,0.06568877398967743,3.864987850189209
336,0,0,1,0.49047350883483887,3.562941789627075,0.3936941921710968,3.590412139892578,0.1773158460855484,3.65010666847229,0.0392020083963871,4.069140911102295
337,0,0,1,0.48691603541374207,3.564824104309082,0.3922841548919678,3.594909429550171,0.18015584349632263,3.6568946838378906,0.044583067297935486,4.00402307510376
338,0,0,1,0.48779296875,3.5629303455352783,0.3953135013580322,3.592190742492676,0.18661311268806458,3.6445772647857666,0.04605787619948387,3.915621042251587
339,0,0,1,0.4777383506298065,3.5703766345977783,0.3888462483882904,3.6130082607269287,0.1968470960855484,3.6810266971588135,0.06038743630051613,3.9250824451446533
340,0,0,1,0.46133607625961304,3.5768964290618896,0.38561761379241943,3.6291232109069824,0.22389189898967743,3.702866315841675,0.0870535671710968,3.8910255432128906
341,0,0,1,0.45345383882522583,3.587693691253662,0.3856275975704193,3.6484875679016113,0.22842593491077423,3.728264093399048,0.09052136540412903,3.9431967735290527
342,0,0,1,0.4683912396430969,3.5802698135375977,0.3855329155921936,3.6227352619171143,0.19737523794174194,3.700913906097412,0.061045121401548386,3.95135498046875
343,0,0,1,0.4838966727256775,3.567915916442871,0.39377889037132263,3.5994837284088135,0.18905451893806458,3.6658759117126465,0.0461774542927742,3.947345733642578
344,0,0,1,0.483119398355484,3.5652406215667725,0.3937539756298065,3.5954091548919678,0.19246253371238708,3.6604535579681396,0.05528539419174194,3.9005045890808105
345,0,0,1,0.4683414399623871,3.576735734939575,0.3851144015789032,3.6210312843322754,0.203962042927742,3.688098430633545,0.06690449267625809,3.9198689460754395
346,0,0,1,0.4759546220302582,3.577894926071167,0.38986268639564514,3.617569923400879,0.18758967518806458,3.6866931915283203,0.042610011994838715,4.054724216461182
347,0,0,1,0.4842554032802582,3.5655198097229004,0.392353892326355,3.5980799198150635,0.18851642310619354,3.6790359020233154,0.0509207583963871,4.029745578765869
348,0,0,1,0.4755361080169678,3.5719285011291504,0.39030611515045166,3.6084303855895996,0.19884008169174194,3.687631607055664,0.06323740631341934,3.902930974960327
349,0,0,1,0.47117146849632263,3.574075222015381,0.388427734375,3.621493339538574,0.21181440353393555,3.688652515411377,0.06949537247419357,3.9363348484039307
350,0,0,1,0.4771404564380646,3.57309627532959,0.39170119166374207,3.6060853004455566,0.19145606458187103,3.6726174354553223,0.05062181130051613,3.942913293838501
351,0,0,1,0.46236246824264526,3.5853359699249268,0.3852289915084839,3.6337673664093018,0.20950254797935486,3.707286834716797,0.07517538219690323,3.9262990951538086
352,1,1,1,0.356953501701355,3.566455364227295,0.4217105805873871,3.6294143199920654,0.4122388958930969,3.6070971488952637,0.2455357164144516,3.6404221057891846
353,1,1,1,0.3313336968421936,3.585834503173828,0.4229910671710968,3.665661573410034,0.45741987228393555,3.616691827774048,0.29362642765045166,3.6234982013702393
354,1,1,1,0.31874799728393555,3.556694984436035,0.43972715735435486,3.6116254329681396,0.48992544412612915,3.581552028656006,0.32077088952064514,3.6208138465881348
355,1,1,1,0.31931599974632263,3.5719947814941406,0.42020586133003235,3.64573073387146,0.46475404500961304,3.6049444675445557,0.2938058078289032,3.621286153793335
356,1,1,1,0.3372528553009033,3.5651519298553467,0.4273606836795807,3.6291606426239014,0.4626016318798065,3.60205078125,0.29557955265045166,3.6390669345855713
357,1,1,1,0.31874799728393555,3.556694984436035,0.43972715735435486,3.6116254329681396,0.48992544412612915,3.581552028656006,0.32077088952064514,3.6208138465881348
358,1,1,1,0.4074457883834839,3.5723440647125244,0.40494459867477417,3.634594202041626,0.3314233720302582,3.6306865215301514,0.18048469722270966,3.6654152870178223
359,1,1,1,0.30583345890045166,3.563422441482544,0.4332897961139679,3.6322803497314453,0.49397119879722595,3.5884690284729004,0.3246572017669678,3.611725091934204
360,1,1,1,0.33330675959587097,3.5610499382019043,0.43163564801216125,3.6199052333831787,0.465541273355484,3.5846781730651855,0.2915736436843872,3.617293119430542
361,1,1,1,0.3549007475376129,3.5797276496887207,0.4146006107330322,3.6605536937713623,0.4300362765789032,3.631375312805176,0.2712651491165161,3.6651973724365234
362,1,1,1,0.3234414756298065,3.5671637058258057,0.4317552149295807,3.6285269260406494,0.4712412357330322,3.586107015609741,0.3039899468421936,3.6188290119171143
363,1,0,0,0.4180982708930969,3.57356333732605,0.403773695230484,3.6279568672180176,0.31177255511283875,3.6319239139556885,0.1576450914144516,3.6777496337890625
364,1,1,1,0.3568738102912903,3.5979113578796387,0.4009237289428711,3.6825530529022217,0.39478036761283875,3.6522200107574463,0.23788264393806458,3.677278757095337
365,1,1,1,0.3731963336467743,3.5827882289886475,0.4087013602256775,3.647510528564453,0.3814373314380646,3.628141403198242,0.21823181211948395,3.662465810775757
366,1,1,1,0.34246450662612915,3.564873218536377,0.42024073004722595,3.626434564590454,0.44400709867477417,3.597212553024292,0.2855747640132904,3.6310977935791016
367,1,1,1,0.3768036365509033,3.5880253314971924,0.40391820669174194,3.66672420501709,0.3756875693798065,3.639744281768799,0.2152024805545807,3.673365354537964
368,1,1,1,0.34814453125,3.5891175270080566,0.4145258665084839,3.675781488418579,0.4339425265789032,3.6320526599884033,0.26831552386283875,3.6495580673217773
369,1,0,0,0.4164241850376129,3.589963912963867,0.38435205817222595,3.670551300048828,0.2877272069454193,3.689859390258789,0.1265345960855484,3.7749252319335938
370,1,1,1,0.34502550959587097,3.5736773014068604,0.4174356162548065,3.6402764320373535,0.4324776828289032,3.6070046424865723,0.26664140820503235,3.6332311630249023
371,1,0,0,0.447265625,3.5909900665283203,0.3876853287220001,3.6475517749786377,0.22519730031490326,3.696845054626465,0.07525510340929031,3.8712923526763916
372,1,1,1,0.4419742524623871,3.545351982116699,0.41112783551216125,3.5823304653167725,0.2806122303009033,3.597336530685425,0.13245375454425812,3.647156238555908
373,1,1,1,0.32445791363716125,3.56292986869812,0.4255620241165161,3.635718584060669,0.4528658986091614,3.600338935852051,0.2800542116165161,3.6205523014068604
374,1,1,1,0.3100685477256775,3.5720207691192627,0.4239925444126129,3.6483776569366455,0.47917330265045166,3.60400128364563,0.31527024507522583,3.6190025806427
375,1,1,1,0.32885244488716125,3.5524983406066895,0.4403698742389679,3.597144365310669,0.47744935750961304,3.574812650680542,0.30855387449264526,3.612517833709717
376,1,1,1,0.35759127140045166,3.5889368057250977,0.4144212305545807,3.6620419025421143,0.40831273794174194,3.6287248134613037,0.24152980744838715,3.6516213417053223
377,1,0,0,0.4514409303665161,3.5783944129943848,0.39125776290893555,3.6403019428253174,0.25171396136283875,3.6867380142211914,0.09943000227212906,3.861896276473999
378,1,1,1,0.30598294734954834,3.538689613342285,0.456318736076355,3.594977378845215,0.5302833914756775,3.567960262298584,0.35546875,3.6026575565338135
379,1,1,1,0.36358019709587097,3.591596841812134,0.3999471664428711,3.67039155960083,0.38883131742477417,3.649000406265259,0.2375836968421936,3.674020528793335
380,1,1,1,0.39273756742477417,3.5838069915771484,0.4001215696334839,3.6462531089782715,0.3436204493045807,3.650639533996582,0.18714125454425812,3.690202236175537
381,1,0,0,0.40816324949264526,3.581298828125,0.39264288544654846,3.640479564666748,0.29348692297935486,3.6374778747558594,0.13775509595870972,3.713686227798462
382,1,1,1,0.3295400142669678,3.5814030170440674,0.4178491532802582,3.6511971950531006,0.4417649805545807,3.608612298965454,0.27068716287612915,3.635620594024658
383,1,1,1,0.37468111515045166,3.5899202823638916,0.40311601758003235,3.662179946899414,0.3739636540412903,3.6355254650115967,0.2134486585855484,3.662651777267456
384,1,1,1,0.3444674611091614,3.5770654678344727,0.4158312678337097,3.651421546936035,0.43859612941741943,3.6158039569854736,0.2808513939380646,3.639227867126465
385,1,1,1,0.3545719087123871,3.580996036529541,0.4173260033130646,3.653625249862671,0.4257314205169678,3.62214732170105,0.26239636540412903,3.6520583629608154
386,1,1,1,0.36151745915412903,3.5891010761260986,0.4075504243373871,3.679572582244873,0.4160255789756775,3.641021251678467,0.26209741830825806,3.680708646774292
387,1,1,1,0.33570829033851624,3.58547306060791,0.4086814224720001,3.669243097305298,0.4451630115509033,3.6328654289245605,0.2911551296710968,3.6514477729797363
388,1,1,1,0.33396443724632263,3.5831592082977295,0.41389307379722595,3.660792112350464,0.44108736515045166,3.6205267906188965,0.2820870578289032,3.635509490966797
389,1,1,1,0.3273676633834839,3.5690369606018066,0.4186563193798065,3.634946346282959,0.4463687837123871,3.6127383708953857,0.2787189185619354,3.646263837814331
390,1,1,1,0.38181599974632263,3.582915782928467,0.4131307601928711,3.6357080936431885,0.36318159103393555,3.608736276626587,0.19816246628761292,3.646786689758301
391,1,1,1,0.3707449734210968,3.5995161533355713,0.39083924889564514,3.6989660263061523,0.38565248250961304,3.6721272468566895,0.23391661047935486,3.6950669288635254
392,1,1,1,0.31494140625,3.5533933639526367,0.44105249643325806,3.6082963943481445,0.48721498250961304,3.578610420227051,0.31754225492477417,3.6114981174468994
393,1,0,0,0.41082388162612915,3.595459222793579,0.38408800959587097,3.6787047386169434,0.28632214665412903,3.712838888168335,0.1251993030309677,3.8008596897125244
394,1,1,1,0.36778539419174194,3.5759456157684326,0.4133549928665161,3.6366770267486572,0.3988759517669678,3.619016647338867,0.23455436527729034,3.6572351455688477
395,1,1,1,0.35347574949264526,3.5740582942962646,0.421107679605484,3.635201930999756,0.4316904544830322,3.600055456161499,0.2622568607330322,3.6247434616088867
396,1,1,1,0.36162707209587097,3.5851199626922607,0.41117265820503235,3.6481266021728516,0.3893594443798065,3.6196093559265137,0.22550621628761292,3.647547483444214
397,1,0,0,0.4148397445678711,3.574129343032837,0.4072365164756775,3.6217241287231445,0.31477200984954834,3.6197922229766846,0.15477518737316132,3.6802730560302734
398,1,1,1,0.3490613102912903,3.5967912673950195,0.40714186429977417,3.6909501552581787,0.41527822613716125,3.645918369293213,0.2582907974720001,3.652006149291992
399,1,1,1,0.35446229577064514,3.5800511837005615,0.40703722834587097,3.6605136394500732,0.43286630511283875,3.626119375228882,0.2789381444454193,3.648470878601074
400,1,1,1,0.354701429605484,3.574490785598755,0.4212222993373871,3.634260416030884,0.41243821382522583,3.6041460037231445,0.24555563926696777,3.6346075534820557
401,1,0,0,0.47032445669174194,3.571401357650757,0.3890306055545807,3.6292519569396973,0.21497328579425812,3.7128818035125732,0.06232063099741936,4.048928737640381
402,1,1,1,0.38166651129722595,3.578209400177002,0.4144810140132904,3.639875888824463,0.37106385827064514,3.6204850673675537,0.20774872601032257,3.6574251651763916
403,1,1,1,0.3310546875,3.5732948780059814,0.4274204671382904,3.6444833278656006,0.47220781445503235,3.6044485569000244,0.3093709945678711,3.6380209922790527
404,1,1,1,0.3691904544830322,3.5762908458709717,0.41040536761283875,3.65671968460083,0.4091298580169678,3.64162015914917,0.2557198703289032,3.6861507892608643
405,1,0,0,0.4087711274623871,3.5895273685455322,0.3797084093093872,3.6641342639923096,0.2850167453289032,3.673309564590454,0.13578204810619354,3.7318360805511475
406,1,1,1,0.30451810359954834,3.5535194873809814,0.4463837146759033,3.619001865386963,0.5188237428665161,3.580082654953003,0.34644052386283875,3.6028878688812256
407,1,1,1,0.32912150025367737,3.5795083045959473,0.4142468571662903,3.6574254035949707,0.45818716287612915,3.6047630310058594,0.28820550441741943,3.616624116897583
408,1,1,1,0.39415258169174194,3.58231782913208,0.4035196006298065,3.6743221282958984,0.35321667790412903,3.672769784927368,0.20475924015045166,3.7462527751922607
409,1,1,1,0.31559908390045166,3.552398204803467,0.44594526290893555,3.6119906902313232,0.5085498690605164,3.5837481021881104,0.3383888602256775,3.6260673999786377
410,1,1,1,0.3029436469078064,3.5575473308563232,0.4464534819126129,3.619842529296875,0.5110710263252258,3.580517530441284,0.3387874662876129,3.6029179096221924
411,1,1,1,0.3616868555545807,3.586758852005005,0.41187021136283875,3.6699893474578857,0.41012635827064514,3.645260810852051,0.25029894709587097,3.681025505065918
412,1,0,0,0.4284418821334839,3.5896964073181152,0.3897181749343872,3.657930374145508,0.28115034103393555,3.681257486343384,0.13036112487316132,3.777862787246704
413,1,1,1,0.37831830978393555,3.587040662765503,0.3995386064052582,3.6715757846832275,0.37930482625961304,3.6607556343078613,0.22281567752361298,3.710554599761963
414,1,1,1,0.36798468232154846,3.5825390815734863,0.4005849361419678,3.6486024856567383,0.38660913705825806,3.6327807903289795,0.2297711968421936,3.653395891189575
415,1,0,0,0.42032045125961304,3.594428539276123,0.39111328125,3.668322801589966,0.29580873250961304,3.6848576068878174,0.1452287882566452,3.774118185043335
416,1,1,1,0.37733179330825806,3.5905826091766357,0.401088148355484,3.682882070541382,0.38590162992477417,3.6518876552581787,0.23198340833187103,3.670532703399658
417,1,1,1,0.34754663705825806,3.5929696559906006,0.4111925959587097,3.677539825439453,0.41760003566741943,3.6368625164031982,0.2506975531578064,3.6461563110351562
418,1,1,1,0.3336953818798065,3.6025919914245605,0.400844007730484,3.719083547592163,0.44471460580825806,3.659137725830078,0.2974529564380646,3.662780523300171
419,1,1,1,0.294921875,3.5778145790100098,0.4336983859539032,3.65932559967041,0.5137416124343872,3.599903106689453,0.3438097834587097,3.613645553588867
420,1,0,0,0.42478474974632263,3.5585765838623047,0.40929925441741943,3.601353645324707,0.3025350570678711,3.592160701751709,0.14164142310619354,3.6732797622680664
421,1,1,1,0.31785115599632263,3.5905258655548096,0.4144012928009033,3.681238889694214,0.4627511203289032,3.6284077167510986,0.29942601919174194,3.642704963684082
422,1,1,1,0.3226044178009033,3.544511079788208,0.44482421875,3.5884764194488525,0.48196348547935486,3.567009925842285,0.3060825765132904,3.6013803482055664
423,1,1,1,0.32601243257522583,3.5750091075897217,0.42072901129722595,3.651074171066284,0.46796277165412903,3.6155319213867188,0.30255499482154846,3.638363838195801
424,1,1,1,0.3243682086467743,3.566188335418701,0.4307587146759033,3.626441478729248,0.4628208577632904,3.5907201766967773,0.2943638265132904,3.6220717430114746
425,1,1,1,0.34936025738716125,3.5597705841064453,0.4294283986091614,3.614609956741333,0.4362643361091614,3.6238694190979004,0.2681560814380646,3.699517011642456
426,1,0,0,0.41409239172935486,3.57562255859375,0.39742106199264526,3.6381325721740723,0.3030034303665161,3.630249500274658,0.14566725492477417,3.678478479385376
427,1,1,1,0.3745615482330322,3.589629650115967,0.402797132730484,3.659512996673584,0.3779994249343872,3.645005702972412,0.2201450914144516,3.6928300857543945
428,1,1,1,0.3720204830169678,3.6009161472320557,0.3916812837123871,3.7050323486328125,0.3943319320678711,3.6761598587036133,0.24806679785251617,3.691973924636841
429,1,0,0,0.43064412474632263,3.573491334915161,0.4014817774295807,3.623624086380005,0.2829241156578064,3.6409552097320557,0.1339285671710968,3.7422618865966797
430,1,0,0,0.3962751030921936,3.5783438682556152,0.4080735743045807,3.6369564533233643,0.3469686508178711,3.6268129348754883,0.18357381224632263,3.6928672790527344
431,1,1,1,0.30709901452064514,3.5748589038848877,0.42568159103393555,3.6499836444854736,0.49773794412612915,3.5939857959747314,0.32579320669174194,3.6125893592834473
432,1,1,1,0.33935546875,3.565408945083618,0.4279884696006775,3.6258163452148438,0.45700135827064514,3.595386028289795,0.29266980290412903,3.628600597381592
433,1,1,1,0.3525888919830322,3.5652432441711426,0.4313715696334839,3.6161611080169678,0.43424147367477417,3.586777448654175,0.26042330265045166,3.6236319541931152
434,1,1,1,0.28660115599632263,3.551788806915283,0.4422333240509033,3.615583896636963,0.5348772406578064,3.570627450942993,0.3579998314380646,3.5944440364837646
435,1,1,1,0.3456532955169678,3.577334403991699,0.4165736436843872,3.646660566329956,0.4313715696334839,3.610062599182129,0.2657047212123871,3.6316380500793457
436,1,1,1,0.35754144191741943,3.5958473682403564,0.39103853702545166,3.6910159587860107,0.40594106912612915,3.6601369380950928,0.25322863459587097,3.6686604022979736
437,1,1,1,0.31874799728393555,3.556694984436035,0.43972715735435486,3.6116254329681396,0.48992544412612915,3.581552028656006,0.32077088952064514,3.6208138465881348
438,1,1,1,0.31394490599632263,3.600698232650757,0.40404775738716125,3.7020246982574463,0.39820829033851624,3.6547634601593018,0.23369738459587097,3.6909432411193848
439,1,0,0,0.40377870202064514,3.596322774887085,0.3763004243373871,3.6762397289276123,0.29397520422935486,3.693061351776123,0.14058513939380646,3.7541821002960205
440,1,1,1,0.415547251701355,3.5591952800750732,0.4109385013580322,3.6119160652160645,0.33010801672935486,3.6174721717834473,0.17123724520206451,3.6964619159698486
441,1,1,1,0.32600247859954834,3.581965446472168,0.41716158390045166,3.6651697158813477,0.4575892686843872,3.6229312419891357,0.29398515820503235,3.6410412788391113
442,1,1,1,0.3609693944454193,3.586958885192871,0.408467173576355,3.6688013076782227,0.4029017686843872,3.6324446201324463,0.2424665093421936,3.660858154296875
443,1,1,1,0.3760462999343872,3.58738112449646,0.4058663547039032,3.6558022499084473,0.37552812695503235,3.6286585330963135,0.2132493555545807,3.6556074619293213
444,1,1,1,0.2991769015789032,3.563368082046509,0.4357661008834839,3.6280128955841064,0.5166115164756775,3.59055233001709,0.34929049015045166,3.6142873764038086
445,1,1,1,0.4079340696334839,3.581869602203369,0.39949876070022583,3.6611666679382324,0.33740234375,3.666144847869873,0.1882772594690323,3.728485345840454
446,1,1,1,0.3378109037876129,3.6012978553771973,0.3978545367717743,3.7107112407684326,0.4399912357330322,3.6598496437072754,0.29161351919174194,3.6737287044525146
447,1,1,1,0.31966477632522583,3.570840835571289,0.41927415132522583,3.6447296142578125,0.46976640820503235,3.60194730758667,0.30582350492477417,3.636884927749634
448,1,1,1,0.32927095890045166,3.5774595737457275,0.4183175265789032,3.646728038787842,0.45316484570503235,3.6076393127441406,0.2870495915412903,3.6300771236419678
449,1,1,1,0.36771562695503235,3.5857293605804443,0.4024384021759033,3.6590359210968018,0.3800123631954193,3.6361610889434814,0.2253866344690323,3.6746838092803955
450,1,1,1,0.3370535671710968,3.5862700939178467,0.41106802225112915,3.670799732208252,0.4352778196334839,3.631624698638916,0.2751315236091614,3.648388147354126
451,1,0,0,0.4146803021430969,3.5619983673095703,0.4107142686843872,3.5970981121063232,0.3176618218421936,3.593512773513794,0.1552136391401291,3.6620442867279053
452,1,1,1,0.3083047568798065,3.5781052112579346,0.4274204671382904,3.65718936920166,0.49809667468070984,3.608102321624756,0.33368542790412903,3.618288278579712
453,1,1,1,0.2999441921710968,3.5725250244140625,0.4315260052680969,3.6502673625946045,0.5007972121238708,3.5995304584503174,0.3366948366165161,3.6198058128356934
454,1,0,0,0.44701650738716125,3.5895583629608154,0.38802415132522583,3.6484501361846924,0.24184869229793549,3.701730489730835,0.0952845960855484,3.8837063312530518
455,1,1,1,0.3505958914756775,3.5925588607788086,0.40455594658851624,3.6725454330444336,0.41375356912612915,3.631343126296997,0.2594068944454193,3.646665573120117
456,1,1,1,0.31874799728393555,3.556694984436035,0.43972715735435486,3.6116254329681396,0.48992544412612915,3.581552028656006,0.32077088952064514,3.6208138465881348
457,1,1,1,0.3305763602256775,3.572376012802124,0.41867128014564514,3.644265651702881,0.44939810037612915,3.610692262649536,0.28511637449264526,3.6431567668914795
458,1,1,1,0.3441087305545807,3.57517671585083,0.4134097993373871,3.6471381187438965,0.4413364827632904,3.615638256072998,0.27830037474632263,3.6436550617218018
459,1,1,1,0.3482840359210968,3.58015513420105,0.4120645225048065,3.647606611251831,0.42650869488716125,3.6143548488616943,0.26823580265045166,3.6426925659179688
460,1,1,1,0.34784558415412903,3.6003379821777344,0.4096181392669678,3.710796594619751,0.43242785334587097,3.659799575805664,0.2834024131298065,3.6823487281799316
461,1,1,1,0.3685925602912903,3.5793614387512207,0.40855687856674194,3.6446053981781006,0.3981684446334839,3.6232950687408447,0.24095185101032257,3.6569066047668457
462,1,1,1,0.3701969087123871,3.5878331661224365,0.415547251701355,3.654900312423706,0.38801416754722595,3.6197545528411865,0.2253866344690323,3.6465647220611572
463,1,0,0,0.392578125,3.5928521156311035,0.38262316584587097,3.681173086166382,0.3231126368045807,3.6865997314453125,0.168805792927742,3.7434475421905518
464,1,1,1,0.30381056666374207,3.5572357177734375,0.4414311647415161,3.621612548828125,0.5097157955169678,3.58135724067688,0.3379703462123871,3.613162040710449
465,1,1,1,0.3480847477912903,3.5782828330993652,0.4128866195678711,3.6505768299102783,0.4102259874343872,3.6129424571990967,0.24354273080825806,3.6396071910858154
466,1,1,1,0.37211015820503235,3.600449800491333,0.3972865343093872,3.6854660511016846,0.38174623250961304,3.6609673500061035,0.22913344204425812,3.6797425746917725
467,1,0,0,0.41812819242477417,3.5682315826416016,0.4093191921710968,3.6090660095214844,0.3078463673591614,3.6165473461151123,0.1459263414144516,3.699398994445801
468,1,0,0,0.43175023794174194,3.5667598247528076,0.4080187678337097,3.6138036251068115,0.29021841287612915,3.6250171661376953,0.13795439898967743,3.69777512550354
469,1,1,1,0.32535475492477417,3.563307762145996,0.4302006959915161,3.6235711574554443,0.47938257455825806,3.5946743488311768,0.31427374482154846,3.628511667251587
470,1,0,0,0.3846261203289032,3.554614305496216,0.41514867544174194,3.615635633468628,0.3715919852256775,3.6459105014801025,0.21109692752361298,3.7657666206359863
471,1,1,1,0.3609295189380646,3.595665454864502,0.3892647922039032,3.6884303092956543,0.39534837007522583,3.6651711463928223,0.2444196343421936,3.693166971206665
472,1,1,1,0.3369738459587097,3.568695306777954,0.4218152165412903,3.6332859992980957,0.44313016533851624,3.607816696166992,0.2791772782802582,3.639777183532715
473,1,0,0,0.5196009874343872,3.534837007522583,0.4115264117717743,3.5524184703826904,0.17029057443141937,3.5948855876922607,0.026825573295354843,4.129271984100342
474,1,1,1,0.3658721148967743,3.5891709327697754,0.40302136540412903,3.668455123901367,0.38641980290412903,3.6423745155334473,0.22849568724632263,3.6720454692840576
475,1,1,1,0.3360271751880646,3.5815961360931396,0.4165985584259033,3.658450126647949,0.4453722834587097,3.6135947704315186,0.2765664756298065,3.621676206588745
476,1,1,1,0.34888193011283875,3.5997543334960938,0.4017757475376129,3.7142043113708496,0.4335239827632904,3.666452169418335,0.2710459232330322,3.6919116973876953
477,1,1,1,0.34064093232154846,3.5686872005462646,0.42333984375,3.630911111831665,0.4268973171710968,3.5936508178710938,0.2536870241165161,3.6140308380126953
478,1,0,0,0.5196009874343872,3.534837007522583,0.4115264117717743,3.5524184703826904,0.17029057443141937,3.5948855876922607,0.026825573295354843,4.129271984100342
479,1,1,1,0.3794044852256775,3.5975730419158936,0.40005677938461304,3.676011562347412,0.36569276452064514,3.6523516178131104,0.2104591727256775,3.6803977489471436
480,1,1,1,0.3668985068798065,3.596132516860962,0.4044015109539032,3.6748597621917725,0.38500478863716125,3.6331660747528076,0.22542649507522583,3.6386702060699463
481,1,1,1,0.37649473547935486,3.581758499145508,0.40215441584587097,3.6521544456481934,0.37810903787612915,3.641392469406128,0.22652263939380646,3.6881048679351807
482,1,1,1,0.38842275738716125,3.572744369506836,0.4152333736419678,3.614802122116089,0.35914579033851624,3.5992064476013184,0.19389747083187103,3.647651433944702
483,1,0,0,0.5088189244270325,3.5363781452178955,0.40883588790893555,3.560197353363037,0.18508848547935486,3.6006245613098145,0.035893652588129044,3.9855635166168213
484,1,1,1,0.3298090696334839,3.578451156616211,0.41041532158851624,3.649322509765625,0.4374501705169678,3.6156632900238037,0.26953125,3.6398255825042725
485,1,1,1,0.3655731678009033,3.5855095386505127,0.4060755968093872,3.6593661308288574,0.3939134180545807,3.637363910675049,0.23280054330825806,3.6681790351867676
486,1,1,1,0.3665497303009033,3.577805519104004,0.40927931666374207,3.643333673477173,0.3975207209587097,3.616238832473755,0.2473493218421936,3.6527273654937744
487,1,1,1,0.35807955265045166,3.5812323093414307,0.41197484731674194,3.6457157135009766,0.4022640287876129,3.618757486343384,0.2392578125,3.6528947353363037
488,1,1,1,0.35570791363716125,3.5750224590301514,0.41103315353393555,3.6439342498779297,0.4234893023967743,3.6108052730560303,0.2686144709587097,3.6371865272521973
489,1,1,1,0.32936063408851624,3.5738229751586914,0.42000657320022583,3.6542699337005615,0.4419642686843872,3.616680145263672,0.26943159103393555,3.632517099380493
490,1,1,1,0.3918307423591614,3.5860228538513184,0.40235868096351624,3.656888008117676,0.35326650738716125,3.6476545333862305,0.21131616830825806,3.6809394359588623
491,1,0,0,0.49844545125961304,3.546541452407837,0.4003657102584839,3.5701324939727783,0.1820691078901291,3.6204915046691895,0.032704878598451614,4.015843868255615
492,1,1,1,0.31504103541374207,3.58949875831604,0.4139827787876129,3.681157350540161,0.4714106321334839,3.6305620670318604,0.3132573366165161,3.653263807296753
493,1,0,0,0.395527720451355,3.5792853832244873,0.4013572037220001,3.6354494094848633,0.32922112941741943,3.6160178184509277,0.16470025479793549,3.6569457054138184
494,1,0,0,0.43134167790412903,3.5707156658172607,0.40088388323783875,3.6288294792175293,0.29307836294174194,3.6408486366271973,0.14245854318141937,3.731393337249756
495,1,0,0,0.4102160334587097,3.572948455810547,0.40183553099632263,3.62680721282959,0.31884765625,3.620558261871338,0.15557238459587097,3.6926722526550293
496,1,1,1,0.37203043699264526,3.582552194595337,0.40481504797935486,3.6591670513153076,0.37770047783851624,3.6439859867095947,0.24675142765045166,3.676520586013794
497,1,1,1,0.3711037039756775,3.5899412631988525,0.39813855290412903,3.6732242107391357,0.3752690553665161,3.652168035507202,0.22078284621238708,3.6917314529418945
498,1,1,1,0.32914140820503235,3.567786931991577,0.4285913407802582,3.6317601203918457,0.46866029500961304,3.595607042312622,0.3020368218421936,3.6110193729400635
499,1,1,1,0.35996291041374207,3.5838940143585205,0.41113778948783875,3.646182060241699,0.39469069242477417,3.626464366912842,0.23397639393806458,3.6609880924224854
500,1,0,0,0.45205873250961304,3.5886476039886475,0.3826380968093872,3.6570699214935303,0.20879504084587097,3.7860450744628906,0.06527024507522583,4.172213554382324
501,1,0,0,0.4317303001880646,3.5796191692352295,0.3974858522415161,3.6545369625091553,0.29495176672935486,3.6676576137542725,0.14632493257522583,3.737673759460449
502,1,1,1,0.3202427327632904,3.5736379623413086,0.4253178834915161,3.649824857711792,0.4698760211467743,3.6082539558410645,0.3069993555545807,3.634575366973877
503,1,1,1,0.35570791363716125,3.5816898345947266,0.41598573327064514,3.6454665660858154,0.40941885113716125,3.614856719970703,0.2463129758834839,3.6449551582336426
504,1,1,1,0.37279775738716125,3.572638988494873,0.41709181666374207,3.621368408203125,0.3902064561843872,3.5983195304870605,0.22737962007522583,3.6444034576416016
505,1,1,1,0.31220105290412903,3.581264019012451,0.41436144709587097,3.671083688735962,0.46580037474632263,3.626518964767456,0.30207669734954834,3.651118278503418
506,1,1,1,0.3776606321334839,3.593709707260132,0.3903110921382904,3.6918442249298096,0.37224966287612915,3.6646857261657715,0.22417090833187103,3.681810140609741
507,1,1,1,0.358418345451355,3.574899911880493,0.4216557741165161,3.6324148178100586,0.4105947017669678,3.608508825302124,0.23909837007522583,3.636242389678955
508,1,1,1,0.3293805718421936,3.5585708618164062,0.42650869488716125,3.620896816253662,0.4638173580169678,3.5952517986297607,0.30088087916374207,3.6348280906677246
509,1,0,0,0.4612165093421936,3.571255683898926,0.3943668305873871,3.614812135696411,0.2224569469690323,3.660902976989746,0.07061144709587097,3.8489980697631836
510,1,1,1,0.31874799728393555,3.556694984436035,0.43972715735435486,3.6116254329681396,0.48992544412612915,3.581552028656006,0.32077088952064514,3.6208138465881348
511,1,0,0,0.4188855290412903,3.569868803024292,0.40988221764564514,3.6175529956817627,0.316615492105484,3.613445281982422,0.15433673560619354,3.673166275024414
512,1,1,1,0.32404935359954834,3.555429220199585,0.4332449734210968,3.6137728691101074,0.4745396077632904,3.5860650539398193,0.3081951439380646,3.634441375732422
513,1,1,1,0.3540836274623871,3.5761122703552246,0.4107591211795807,3.6467535495758057,0.4197126030921936,3.63019061088562,0.26588407158851624,3.6630687713623047
514,1,1,1,0.36842313408851624,3.5944228172302246,0.39516401290893555,3.690685987472534,0.394062876701355,3.6570236682891846,0.23935745656490326,3.683014154434204
515,1,1,1,0.33575811982154846,3.582091808319092,0.4201909303665161,3.6616785526275635,0.44794324040412903,3.626401424407959,0.29007890820503235,3.6513912677764893
516,1,1,1,0.31874799728393555,3.556694984436035,0.43972715735435486,3.6116254329681396,0.48992544412612915,3.581552028656006,0.32077088952064514,3.6208138465881348
517,1,1,1,0.3187778890132904,3.5849640369415283,0.4107690751552582,3.668740749359131,0.4563436508178711,3.610088348388672,0.28736844658851624,3.621610403060913
518,1,1,1,0.3333565890789032,3.5789315700531006,0.42149633169174194,3.6449005603790283,0.4585758149623871,3.602555513381958,0.29390543699264526,3.6250085830688477
519,1,1,1,0.3670679032802582,3.574410915374756,0.42009127140045166,3.6301681995391846,0.4083525836467743,3.601820468902588,0.2416294664144516,3.6431045532226562
520,1,1,1,0.395228773355484,3.549543619155884,0.42794862389564514,3.581679105758667,0.3673170506954193,3.577575206756592,0.19758449494838715,3.6235625743865967
521,1,1,1,0.3320810794830322,3.5678019523620605,0.4288055896759033,3.6301779747009277,0.47666212916374207,3.595475912094116,0.3076171875,3.630579948425293
522,1,1,1,0.3542928695678711,3.5726780891418457,0.42340460419654846,3.6294612884521484,0.4229113459587097,3.5987040996551514,0.2555006444454193,3.633073329925537
523,1,0,0,0.41639429330825806,3.5871822834014893,0.381312757730484,3.663116931915283,0.28241589665412903,3.687061071395874,0.1282884180545807,3.7752058506011963
524,1,1,1,0.3849948048591614,3.570674180984497,0.42068418860435486,3.620053768157959,0.370137095451355,3.5958163738250732,0.20252710580825806,3.6384570598602295
525,1,1,1,0.3531668484210968,3.585226058959961,0.4131457209587097,3.6639652252197266,0.41973254084587097,3.6360247135162354,0.25952646136283875,3.672861337661743
526,1,1,1,0.3609693944454193,3.577296733856201,0.4055275321006775,3.650108814239502,0.4006098508834839,3.627531051635742,0.24848532676696777,3.66690731048584
527,1,0,0,0.4268175959587097,3.5722124576568604,0.4038883149623871,3.6194024085998535,0.29524075984954834,3.6191439628601074,0.14194037020206451,3.682813882827759
528,1,1,1,0.3794642686843872,3.5934085845947266,0.3980986773967743,3.6782479286193848,0.3689313530921936,3.654539108276367,0.21725524961948395,3.681864023208618
529,1,1,1,0.3367645740509033,3.589524984359741,0.4156170189380646,3.6730122566223145,0.4390943646430969,3.627746105194092,0.2762276828289032,3.643362283706665
530,1,1,1,0.35007771849632263,3.593635320663452,0.40908998250961304,3.6795361042022705,0.41550740599632263,3.6318678855895996,0.2542450428009033,3.6413733959198
531,1,1,1,0.33595743775367737,3.580085515975952,0.4199916124343872,3.658196210861206,0.4553471803665161,3.618426561355591,0.28708943724632263,3.6398472785949707
532,1,1,1,0.31226083636283875,3.5787272453308105,0.4304896593093872,3.6516244411468506,0.4833984375,3.6028859615325928,0.3139548599720001,3.6239447593688965
533,1,1,1,0.38807398080825806,3.6001181602478027,0.38655930757522583,3.6940090656280518,0.3466697037220001,3.6824283599853516,0.19626912474632263,3.7132413387298584
534,1,1,1,0.35884684324264526,3.589319944381714,0.4088906943798065,3.6711182594299316,0.40739595890045166,3.6326589584350586,0.24601402878761292,3.6527867317199707
535,1,1,1,0.4261300265789032,3.5744686126708984,0.40319573879241943,3.621467351913452,0.2941446006298065,3.6260247230529785,0.13637994229793549,3.6998393535614014
536,1,0,0,0.42462530732154846,3.560194253921509,0.4080885052680969,3.5962884426116943,0.3031030595302582,3.5997304916381836,0.14630500972270966,3.6725242137908936
537,1,1,1,0.38221460580825806,3.575477123260498,0.41036051511764526,3.6345114707946777,0.3663504421710968,3.6142420768737793,0.2032645046710968,3.6483969688415527
538,1,1,1,0.3841976225376129,3.5815846920013428,0.4005649983882904,3.661620855331421,0.3692701756954193,3.647920846939087,0.21725524961948395,3.6990184783935547
539,1,1,1,0.3500876724720001,3.5771946907043457,0.411097913980484,3.646196126937866,0.4208884537220001,3.618462562561035,0.2587093412876129,3.6469454765319824
540,1,1,1,0.4063197374343872,3.5960023403167725,0.3943817615509033,3.675089120864868,0.3282146751880646,3.6797826290130615,0.1753627210855484,3.7488350868225098
541,1,1,1,0.3625338673591614,3.5864598751068115,0.40733617544174194,3.6536192893981934,0.3869878053665161,3.6289944648742676,0.2265625,3.661329984664917
542,1,1,1,0.41438135504722595,3.5772171020507812,0.39276745915412903,3.643714427947998,0.3114536702632904,3.660790205001831,0.16778938472270966,3.7281150817871094
543,1,1,1,0.35208067297935486,3.5688045024871826,0.42180025577545166,3.6260201930999756,0.4282326102256775,3.601922035217285,0.2608019709587097,3.629680633544922
544,1,1,1,0.30779653787612915,3.5566887855529785,0.44705137610435486,3.6226916313171387,0.5226104259490967,3.581904888153076,0.35291773080825806,3.5972442626953125
545,1,1,1,0.31574857234954834,3.5925960540771484,0.41732102632522583,3.682537794113159,0.4726662039756775,3.6249446868896484,0.30877310037612915,3.6375136375427246
546,1,0,0,0.4271065890789032,3.573551654815674,0.4005749821662903,3.626826763153076,0.29147401452064514,3.6354870796203613,0.14186064898967743,3.710733413696289
547,1,1,1,0.32535475492477417,3.5812251567840576,0.417500376701355,3.6640093326568604,0.4677036702632904,3.6115691661834717,0.3022361099720001,3.621628761291504
548,1,1,1,0.31588807702064514,3.5591797828674316,0.4331552982330322,3.6189610958099365,0.4827706515789032,3.5913472175598145,0.31636637449264526,3.619818687438965
549,1,1,1,0.37147241830825806,3.579752206802368,0.4126873314380646,3.644057512283325,0.3822644352912903,3.626417398452759,0.21773357689380646,3.6656293869018555
550,1,1,1,0.296875,3.567098617553711,0.43702664971351624,3.64176344871521,0.5158043503761292,3.5957653522491455,0.34582269191741943,3.6137044429779053
551,1,0,0,0.459193617105484,3.5853822231292725,0.38891103863716125,3.631418466567993,0.2204340696334839,3.684281826019287,0.07134885340929031,3.912569761276245
552,1,1,1,0.39623525738716125,3.583859443664551,0.39876633882522583,3.663318157196045,0.3445272445678711,3.6617112159729004,0.20190927386283875,3.7048661708831787
553,1,1,1,0.3511439561843872,3.577075958251953,0.4184918999671936,3.6441845893859863,0.4179787039756775,3.6183574199676514,0.25651705265045166,3.6457929611206055
554,1,1,1,0.31874799728393555,3.556694984436035,0.43972715735435486,3.6116254329681396,0.48992544412612915,3.581552028656006,0.32077088952064514,3.6208138465881348
555,1,1,1,0.36477598547935486,3.587908983230591,0.4123086631298065,3.6603102684020996,0.3897879421710968,3.6327333450317383,0.22741948068141937,3.651301383972168
556,1,0,0,0.4289799928665161,3.5724406242370605,0.39809370040893555,3.628606081008911,0.2883549928665161,3.6486504077911377,0.14070472121238708,3.731586456298828
557,1,0,0,0.40914979577064514,3.5756595134735107,0.4030512571334839,3.6305782794952393,0.319056898355484,3.6349241733551025,0.16641421616077423,3.6847903728485107
558,1,1,1,0.35468152165412903,3.603573799133301,0.3958466053009033,3.7213776111602783,0.42311063408851624,3.666274070739746,0.27537068724632263,3.678222417831421
559,1,1,1,0.3179508149623871,3.5829129219055176,0.42364874482154846,3.6531260013580322,0.4701450765132904,3.5980288982391357,0.2993662357330322,3.6124093532562256
560,1,1,1,0.36268335580825806,3.5960819721221924,0.3991948366165161,3.699226140975952,0.41025587916374207,3.6628856658935547,0.2667410671710968,3.6885087490081787
561,1,1,1,0.32410913705825806,3.574573516845703,0.4268474876880646,3.6461539268493652,0.48469385504722595,3.6036388874053955,0.3182995915412903,3.627950668334961
562,1,1,1,0.36905092000961304,3.6020522117614746,0.38924485445022583,3.7268922328948975,0.38815370202064514,3.6947782039642334,0.2535674273967743,3.725379228591919
563,1,1,1,0.3009805381298065,3.5637333393096924,0.4283123314380646,3.6349170207977295,0.4928750693798065,3.5978851318359375,0.32669004797935486,3.62481689453125
564,1,1,1,0.3360072374343872,3.5737714767456055,0.42464524507522583,3.6362228393554688,0.4455117881298065,3.608593463897705,0.28457826375961304,3.6314167976379395
565,1,1,1,0.36589205265045166,3.584045886993408,0.40391820669174194,3.661074638366699,0.39695271849632263,3.638960599899292,0.2380819469690323,3.658630609512329
566,1,0,0,0.42553213238716125,3.5731682777404785,0.40406766533851624,3.624528408050537,0.3015485405921936,3.634678363800049,0.14534837007522583,3.725078821182251
567,1,1,1,0.3726881444454193,3.5925936698913574,0.40171095728874207,3.672781467437744,0.3761957883834839,3.654614210128784,0.21821188926696777,3.6830761432647705
568,1,1,1,0.3534558415412903,3.5823512077331543,0.4175302982330322,3.6522672176361084,0.4195730984210968,3.6251513957977295,0.2540457546710968,3.643759250640869
569,1,1,1,0.3239496946334839,3.5698728561401367,0.42427653074264526,3.6380674839019775,0.46766382455825806,3.5954487323760986,0.3005221486091614,3.6146960258483887
570,1,1,1,0.2910853624343872,3.5360310077667236,0.44895467162132263,3.593794107437134,0.5277522802352905,3.5799362659454346,0.35363519191741943,3.6153628826141357
571,1,1,1,0.3760363459587097,3.6029255390167236,0.39589643478393555,3.6832540035247803,0.36562299728393555,3.655364990234375,0.21193398535251617,3.680929183959961
572,1,0,0,0.4149095118045807,3.571030616760254,0.4080187678337097,3.617393970489502,0.32062140107154846,3.611468553543091,0.15965799987316132,3.664461374282837
573,1,1,1,0.36024194955825806,3.583911895751953,0.40543287992477417,3.6661996841430664,0.3976602256298065,3.6474716663360596,0.2400151491165161,3.67533016204834
574,1,1,1,0.3639987111091614,3.578925848007202,0.40839245915412903,3.652782917022705,0.4052036702632904,3.6341636180877686,0.2468710094690323,3.6646485328674316
575,1,1,1,0.38851243257522583,3.5483739376068115,0.4275500178337097,3.6022188663482666,0.38934949040412903,3.604499340057373,0.22508768737316132,3.6908092498779297
576,1,1,1,0.3208605647087097,3.548495292663574,0.4447095990180969,3.5968406200408936,0.4924166798591614,3.5757968425750732,0.3236607015132904,3.614347219467163
577,1,1,1,0.33867785334587097,3.589313507080078,0.41667330265045166,3.6645381450653076,0.42106783390045166,3.6201159954071045,0.2571149468421936,3.6405704021453857
578,1,0,0,0.4125478267669678,3.592946767807007,0.38389867544174194,3.6601169109344482,0.28185784816741943,3.671698808670044,0.1223493292927742,3.7281315326690674
579,1,1,1,0.3703961968421936,3.579768657684326,0.4074457883834839,3.6460084915161133,0.3920997977256775,3.6140336990356445,0.23192362487316132,3.6341841220855713
580,1,1,1,0.3246472477912903,3.5646274089813232,0.4336037039756775,3.6273066997528076,0.4704340696334839,3.586752414703369,0.30110013484954834,3.620532274246216
581,1,1,1,0.3848353624343872,3.571868658065796,0.41213926672935486,3.629077196121216,0.36388909816741943,3.612180709838867,0.20286591351032257,3.6424992084503174
582,1,1,1,0.36889150738716125,3.598773717880249,0.39944395422935486,3.68998384475708,0.38411790132522583,3.6633460521698,0.22889429330825806,3.692816734313965
583,1,1,1,0.34761637449264526,3.5780012607574463,0.41390305757522583,3.6474382877349854,0.4225127398967743,3.612287759780884,0.2578722834587097,3.6417806148529053
584,1,0,0,0.39631494879722595,3.5770788192749023,0.4118403196334839,3.629122495651245,0.3437599539756775,3.6295909881591797,0.17839205265045166,3.6750082969665527
585,1,0,0,0.46549147367477417,3.575706958770752,0.3902164399623871,3.6285910606384277,0.21834143996238708,3.6899731159210205,0.0751953125,3.8666844367980957
586,1,0,0,0.429896742105484,3.5718226432800293,0.401088148355484,3.6206955909729004,0.2855149805545807,3.636709451675415,0.13201530277729034,3.7166364192962646
587,1,1,1,0.31874799728393555,3.556694984436035,0.43972715735435486,3.6116254329681396,0.48992544412612915,3.581552028656006,0.32077088952064514,3.6208138465881348
588,1,1,1,0.3650151491165161,3.5902812480926514,0.40338507294654846,3.6732747554779053,0.39471060037612915,3.648371696472168,0.24388153851032257,3.6656861305236816
589,1,1,1,0.3652842044830322,3.6010310649871826,0.39569714665412903,3.697751045227051,0.38879144191741943,3.6686744689941406,0.23680643737316132,3.6919710636138916
590,1,0,0,0.4104452133178711,3.5919785499572754,0.3876454830169678,3.6546876430511475,0.27932676672935486,3.6496734619140625,0.11876195669174194,3.721597671508789
591,1,1,1,0.3623046875,3.593981981277466,0.40646424889564514,3.677490472793579,0.3941924273967743,3.6463420391082764,0.23756377398967743,3.6700503826141357
592,1,1,1,0.3738042116165161,3.5985817909240723,0.3943767845630646,3.6804921627044678,0.3745814561843872,3.6542696952819824,0.22442999482154846,3.671165943145752
593,1,1,1,0.415547251701355,3.5591952800750732,0.4109385013580322,3.6119160652160645,0.33010801672935486,3.6174721717834473,0.17123724520206451,3.6964619159698486
594,1,0,0,0.41263750195503235,3.5594918727874756,0.4139329493045807,3.5986902713775635,0.31900709867477417,3.5930402278900146,0.1581433266401291,3.6449904441833496
595,1,1,1,0.36379942297935486,3.6024158000946045,0.39029616117477417,3.731738567352295,0.40656885504722595,3.69362735748291,0.27598851919174194,3.704650402069092
596,1,1,1,0.3278559446334839,3.5625665187835693,0.4314463138580322,3.629138708114624,0.46531209349632263,3.592247486114502,0.29406487941741943,3.6202642917633057
597,1,0,0,0.40928930044174194,3.5790908336639404,0.407978892326355,3.6294469833374023,0.3154296875,3.6232070922851562,0.14961335062980652,3.6848275661468506
598,1,1,1,0.3136160671710968,3.5736844539642334,0.4177594780921936,3.6552727222442627,0.4689791798591614,3.6225697994232178,0.30452805757522583,3.641753911972046
599,1,1,1,0.37830835580825806,3.594984769821167,0.39698758721351624,3.6795060634613037,0.3763452470302582,3.648132085800171,0.2202247977256775,3.670769214630127
600,1,1,1,0.3415876030921936,3.562910318374634,0.42369359731674194,3.6227054595947266,0.4460299611091614,3.5989723205566406,0.2809908986091614,3.640399932861328
601,1,1,1,0.40440648794174194,3.5815982818603516,0.4011678695678711,3.6485419273376465,0.3293805718421936,3.6435227394104004,0.1849290430545807,3.7016921043395996
602,1,1,1,0.3437001705169678,3.590472936630249,0.4016461968421936,3.682255744934082,0.4165736436843872,3.663118362426758,0.2606824040412903,3.6802752017974854
603,1,1,1,0.32396963238716125,3.5598413944244385,0.4324527680873871,3.6196556091308594,0.47561582922935486,3.59320330619812,0.3080357015132904,3.6266822814941406
604,1,1,1,0.3987962305545807,3.5845577716827393,0.39928948879241943,3.6590423583984375,0.34064093232154846,3.6510355472564697,0.2011120766401291,3.686750650405884
605,1,1,1,0.31874799728393555,3.556694984436035,0.43972715735435486,3.6116254329681396,0.48992544412612915,3.581552028656006,0.32077088952064514,3.6208138465881348
606,1,1,1,0.3069196343421936,3.5557143688201904,0.43980687856674194,3.61967134475708,0.5168406963348389,3.5994293689727783,0.3464205861091614,3.6380739212036133
607,1,1,1,0.42578125,3.5942940711975098,0.3910086452960968,3.671292304992676,0.29878824949264526,3.7057430744171143,0.1540178507566452,3.7982659339904785
608,1,1,1,0.3099290430545807,3.5706064701080322,0.43599528074264526,3.6434073448181152,0.49571508169174194,3.5952439308166504,0.3297393023967743,3.614143133163452
609,1,0,0,0.3846261203289032,3.554614305496216,0.41514867544174194,3.615635633468628,0.3715919852256775,3.6459105014801025,0.21109692752361298,3.7657666206359863
610,1,1,1,0.3135662376880646,3.5527377128601074,0.43443578481674194,3.615381956100464,0.5028798580169678,3.5894381999969482,0.3342036008834839,3.626692056655884
611,1,1,1,0.38690808415412903,3.580498218536377,0.40646424889564514,3.6449086666107178,0.3559072017669678,3.6229140758514404,0.1948341727256775,3.673076868057251
612,1,1,1,0.3674665093421936,3.590085744857788,0.4029466211795807,3.6673054695129395,0.3809390962123871,3.633645534515381,0.2212013602256775,3.656545639038086
613,1,1,1,0.3123505115509033,3.574190378189087,0.42319533228874207,3.6540024280548096,0.4900848865509033,3.612004518508911,0.32545438408851624,3.641089916229248
614,1,1,1,0.31874799728393555,3.556694984436035,0.43972715735435486,3.6116254329681396,0.48992544412612915,3.581552028656006,0.32077088952064514,3.6208138465881348
615,1,1,1,0.3384486436843872,3.595630645751953,0.40758031606674194,3.687077522277832,0.43845662474632263,3.6438181400299072,0.2771245241165161,3.6469614505767822
616,1,1,1,0.372090220451355,3.578655481338501,0.41109293699264526,3.644810199737549,0.3901267349720001,3.630957841873169,0.22841596603393555,3.6721925735473633
617,1,1,1,0.36618104577064514,3.5768089294433594,0.41590601205825806,3.6396243572235107,0.40609055757522583,3.6123135089874268,0.24200811982154846,3.654945135116577
618,1,1,1,0.36005261540412903,3.5737574100494385,0.4157216548919678,3.6412861347198486,0.4153081178665161,3.6200063228607178,0.2528100907802582,3.6497437953948975
619,1,1,1,0.32676976919174194,3.5614173412323,0.43307557702064514,3.6193740367889404,0.4718291461467743,3.5889458656311035,0.30129942297935486,3.6210477352142334
620,1,0,0,0.43985170125961304,3.5674898624420166,0.40189531445503235,3.6145644187927246,0.2787488102912903,3.630894184112549,0.12565767765045166,3.7283108234405518
621,1,1,1,0.37307676672935486,3.5928308963775635,0.39710718393325806,3.6735799312591553,0.37490034103393555,3.659374952316284,0.21556122601032257,3.700721263885498
622,1,1,1,0.3739437162876129,3.5964930057525635,0.4028668999671936,3.6813385486602783,0.375996470451355,3.6520724296569824,0.21793286502361298,3.6702332496643066
623,1,1,1,0.30262476205825806,3.555072546005249,0.44009584188461304,3.6230456829071045,0.5103734731674194,3.5856454372406006,0.3406209945678711,3.6140074729919434
624,1,1,1,0.36784517765045166,3.572113513946533,0.4214215874671936,3.625235080718994,0.40768495202064514,3.607034683227539,0.23762355744838715,3.6395201683044434
625,1,1,1,0.33388471603393555,3.569629430770874,0.4273158311843872,3.631500482559204,0.45972177386283875,3.597043514251709,0.2924904227256775,3.6190378665924072
626,1,1,1,0.3815768361091614,3.5890002250671387,0.39414259791374207,3.692513942718506,0.3802913725376129,3.673715353012085,0.24750876426696777,3.7077865600585938
627,1,0,0,0.4221639633178711,3.5700931549072266,0.40590620040893555,3.6121864318847656,0.29671555757522583,3.6236231327056885,0.13659916818141937,3.687190055847168
628,1,1,1,0.38975805044174194,3.5913379192352295,0.3973812162876129,3.675811290740967,0.34645047783851624,3.6580379009246826,0.20615433156490326,3.696732521057129
629,1,1,1,0.37196069955825806,3.5928149223327637,0.3999471664428711,3.675549030303955,0.3781987428665161,3.654520034790039,0.22582508623600006,3.6749625205993652
630,1,1,1,0.3138352930545807,3.5780465602874756,0.42159098386764526,3.6619749069213867,0.47847574949264526,3.6182730197906494,0.3139747977256775,3.630633592605591
631,1,1,1,0.3752192258834839,3.581080436706543,0.4087163209915161,3.6551060676574707,0.38674864172935486,3.637319326400757,0.2248883843421936,3.6767990589141846
632,1,1,1,0.3874362111091614,3.5880658626556396,0.4057467579841614,3.6543991565704346,0.35416334867477417,3.635547637939453,0.19236287474632263,3.668980598449707
633,1,1,1,0.32047194242477417,3.583644390106201,0.41800859570503235,3.6707112789154053,0.46968668699264526,3.617982864379883,0.3060825765132904,3.6285974979400635
634,1,1,1,0.3298588991165161,3.5699353218078613,0.41970762610435486,3.642199993133545,0.46224290132522583,3.6155388355255127,0.2983298599720001,3.6516802310943604
635,1,1,1,0.3815768361091614,3.599968671798706,0.389369398355484,3.701822280883789,0.3587372303009033,3.684166669845581,0.21703602373600006,3.7100090980529785
636,1,1,1,0.3300083577632904,3.569495916366577,0.427943617105484,3.6334846019744873,0.46154534816741943,3.5990240573883057,0.2931879758834839,3.626945734024048
637,1,1,1,0.36865234375,3.5895121097564697,0.40099847316741943,3.6784870624542236,0.4074557423591614,3.6389737129211426,0.2600446343421936,3.6590282917022705
638,1,1,1,0.37692323327064514,3.599947214126587,0.39908021688461304,3.686729907989502,0.3741031587123871,3.6705822944641113,0.22156010568141937,3.7075650691986084
639,1,0,0,0.4126873314380646,3.567899703979492,0.41125237941741943,3.6228737831115723,0.33040696382522583,3.622281789779663,0.1755620241165161,3.6572823524475098
640,1,1,1,0.3442482352256775,3.5886642932891846,0.40733617544174194,3.6824376583099365,0.4415557086467743,3.6412177085876465,0.2848772406578064,3.657338857650757
641,1,0,0,0.42288145422935486,3.5819685459136963,0.3895288407802582,3.6522128582000732,0.28824537992477417,3.6559150218963623,0.138671875,3.714716911315918
642,1,1,1,0.31874799728393555,3.556694984436035,0.43972715735435486,3.6116254329681396,0.48992544412612915,3.581552028656006,0.32077088952064514,3.6208138465881348
643,1,1,1,0.35277822613716125,3.5830178260803223,0.4103555381298065,3.656240940093994,0.4248146414756775,3.6245219707489014,0.2636120915412903,3.6519241333007812
644,1,1,1,0.3735849857330322,3.5848493576049805,0.41410234570503235,3.640148162841797,0.3715222477912903,3.6161253452301025,0.20774872601032257,3.664332389831543
645,1,1,1,0.3912029564380646,3.5808496475219727,0.40486985445022583,3.6344528198242188,0.3496592044830322,3.625894069671631,0.1901506632566452,3.6531810760498047
646,1,1,1,0.34303250908851624,3.596008539199829,0.40884584188461304,3.6885335445404053,0.43650349974632263,3.6340060234069824,0.28234612941741943,3.647067070007324
647,1,0,0,0.5196009874343872,3.534837007522583,0.4115264117717743,3.5524184703826904,0.17029057443141937,3.5948855876922607,0.026825573295354843,4.129271984100342
648,1,1,1,0.356166273355484,3.5905377864837646,0.39634984731674194,3.678361654281616,0.40963807702064514,3.647465229034424,0.25785234570503235,3.655897378921509
649,1,0,0,0.42597058415412903,3.5616300106048584,0.4106295704841614,3.594006061553955,0.30025309324264526,3.587999105453491,0.14046555757522583,3.6522417068481445
650,1,1,1,0.33535951375961304,3.5760385990142822,0.4181082546710968,3.6676199436187744,0.471699595451355,3.6404006481170654,0.3201131820678711,3.6726434230804443
651,1,1,1,0.3703463673591614,3.5824027061462402,0.41022101044654846,3.6495938301086426,0.389857679605484,3.621629238128662,0.22640305757522583,3.6455986499786377
652,1,1,1,0.31874799728393555,3.556694984436035,0.43972715735435486,3.6116254329681396,0.48992544412612915,3.581552028656006,0.32077088952064514,3.6208138465881348
653,1,1,1,0.35299745202064514,3.5743563175201416,0.40908998250961304,3.6479430198669434,0.427266001701355,3.6271660327911377,0.27341756224632263,3.6554412841796875
654,1,0,0,0.5126255750656128,3.537799119949341,0.40852198004722595,3.5608108043670654,0.17490433156490326,3.6060848236083984,0.029097575694322586,4.046575546264648
655,1,1,1,0.36749640107154846,3.6052496433258057,0.39575693011283875,3.7193503379821777,0.4004603624343872,3.6775574684143066,0.25779256224632263,3.6941630840301514
656,1,1,1,0.3490613102912903,3.567073106765747,0.4242217242717743,3.6265575885772705,0.43042489886283875,3.5978376865386963,0.26371172070503235,3.626209259033203
657,1,1,1,0.31874799728393555,3.556694984436035,0.43972715735435486,3.6116254329681396,0.48992544412612915,3.581552028656006,0.32077088952064514,3.6208138465881348
658,1,1,1,0.3316127061843872,3.567552089691162,0.4327467083930969,3.6267528533935547,0.4658302664756775,3.598583936691284,0.29468271136283875,3.6283645629882812
659,1,0,0,0.444545179605484,3.577862024307251,0.3956373631954193,3.6404805183410645,0.26440927386283875,3.6712143421173096,0.11455675959587097,3.813152313232422
660,1,1,1,0.3633410334587097,3.596346855163574,0.39542311429977417,3.6830763816833496,0.3891701102256775,3.6560914516448975,0.23600924015045166,3.6717615127563477
661,1,1,1,0.32765665650367737,3.5688087940216064,0.4230359196662903,3.6383721828460693,0.4385363459587097,3.604776382446289,0.2654057741165161,3.6265676021575928
662,1,1,1,0.31874799728393555,3.556694984436035,0.43972715735435486,3.6116254329681396,0.48992544412612915,3.581552028656006,0.32077088952064514,3.6208138465881348
663,1,0,0,0.41130220890045166,3.585608720779419,0.39702746272087097,3.65067458152771,0.31659558415412903,3.652733564376831,0.16324537992477417,3.7035770416259766
664,1,1,1,0.31874799728393555,3.556694984436035,0.43972715735435486,3.6116254329681396,0.48992544412612915,3.581552028656006,0.32077088952064514,3.6208138465881348
665,1,1,1,0.3355189561843872,3.563944101333618,0.4210229814052582,3.6322646141052246,0.4365234375,3.6078619956970215,0.26510682702064514,3.6332881450653076
666,1,1,1,0.36748644709587097,3.5894570350646973,0.3995784819126129,3.6634538173675537,0.38931959867477417,3.64396333694458,0.23266102373600006,3.680743455886841
667,1,1,1,0.2995356321334839,3.5766992568969727,0.4312569797039032,3.661879777908325,0.501375138759613,3.602893829345703,0.3361367881298065,3.611466884613037
668,1,1,1,0.29474249482154846,3.5508487224578857,0.43916910886764526,3.617213010787964,0.5222516655921936,3.5858726501464844,0.3518415093421936,3.6126091480255127
669,1,1,1,0.31874799728393555,3.556694984436035,0.43972715735435486,3.6116254329681396,0.48992544412612915,3.581552028656006,0.32077088952064514,3.6208138465881348
670,1,1,1,0.31874799728393555,3.556694984436035,0.43972715735435486,3.6116254329681396,0.48992544412612915,3.581552028656006,0.32077088952064514,3.6208138465881348
671,1,1,1,0.3212392330169678,3.572540760040283,0.4280034303665161,3.6466903686523438,0.48336854577064514,3.60290265083313,0.31399473547935486,3.6248176097869873
672,1,0,0,0.3995436131954193,3.579174518585205,0.40716177225112915,3.630171775817871,0.330078125,3.629875659942627,0.1633649468421936,3.6900086402893066
673,1,1,1,0.3816167116165161,3.585622549057007,0.40597596764564514,3.657147169113159,0.3750099539756775,3.6435043811798096,0.21179448068141937,3.685988426208496
674,1,1,1,0.3855926990509033,3.5855796337127686,0.3987165093421936,3.6722733974456787,0.35668447613716125,3.6640498638153076,0.21717554330825806,3.69450306892395
675,1,1,1,0.3462810814380646,3.568143844604492,0.4224878251552582,3.628610134124756,0.4352877736091614,3.5999038219451904,0.27068716287612915,3.641216278076172
676,1,1,1,0.3757772445678711,3.5806682109832764,0.4117506146430969,3.6471927165985107,0.3877052664756775,3.6299123764038086,0.22911351919174194,3.6560542583465576
677,1,1,1,0.3402024805545807,3.575688362121582,0.416015625,3.6468334197998047,0.4505440890789032,3.6111295223236084,0.2865513265132904,3.629990339279175
678,1,1,1,0.3311244249343872,3.5503926277160645,0.44356364011764526,3.591463088989258,0.4680026173591614,3.563525915145874,0.2931879758834839,3.6074366569519043
679,1,1,1,0.31874799728393555,3.556694984436035,0.43972715735435486,3.6116254329681396,0.48992544412612915,3.581552028656006,0.32077088952064514,3.6208138465881348
680,1,1,1,0.3490513265132904,3.599292039871216,0.3997877538204193,3.6963071823120117,0.4211774468421936,3.6466662883758545,0.2635522782802582,3.6499545574188232
681,1,1,1,0.30186742544174194,3.5639917850494385,0.43323999643325806,3.6340322494506836,0.5014448761940002,3.5962719917297363,0.3316326439380646,3.627824544906616
682,1,1,1,0.40804368257522583,3.547694683074951,0.4239178001880646,3.5736584663391113,0.3410893678665161,3.571211576461792,0.1861049085855484,3.619832992553711
683,1,1,1,0.36992785334587097,3.5823612213134766,0.40970781445503235,3.660780668258667,0.40676817297935486,3.646080255508423,0.25157445669174194,3.6877129077911377
684,1,1,1,0.33248963952064514,3.5659353733062744,0.42783400416374207,3.6288490295410156,0.46217313408851624,3.5994179248809814,0.29703444242477417,3.6295626163482666
685,1,1,1,0.32744738459587097,3.591053009033203,0.4199717044830322,3.678870677947998,0.46362802386283875,3.6337530612945557,0.30402982234954834,3.646279811859131
686,1,1,1,0.3291712999343872,3.5737595558166504,0.42068418860435486,3.6584036350250244,0.46591994166374207,3.6246471405029297,0.31204161047935486,3.650571584701538
687,1,1,1,0.3384386897087097,3.5926449298858643,0.406005859375,3.6909446716308594,0.44347894191741943,3.6397852897644043,0.2886638939380646,3.645746946334839
688,1,1,1,0.3808493912220001,3.5943901538848877,0.4024134874343872,3.6798653602600098,0.37928491830825806,3.6525931358337402,0.22104193270206451,3.6947975158691406
689,1,1,1,0.33623644709587097,3.575277090072632,0.42042508721351624,3.638638973236084,0.43822744488716125,3.607340097427368,0.2694515287876129,3.6338016986846924
690,1,1,1,0.38620057702064514,3.5921146869659424,0.3950992524623871,3.673459529876709,0.3542829155921936,3.662644386291504,0.2034040093421936,3.70507550239563
691,1,1,1,0.33806002140045166,3.589447259902954,0.4101662039756775,3.6899735927581787,0.4445651173591614,3.6395668983459473,0.2950613796710968,3.651604175567627
692,1,1,1,0.376973032951355,3.5787999629974365,0.4120944142341614,3.6447787284851074,0.38354989886283875,3.6429202556610107,0.21711574494838715,3.705801248550415
693,1,1,1,0.32042211294174194,3.5513296127319336,0.4428112804889679,3.604766368865967,0.4960140287876129,3.5761008262634277,0.32545438408851624,3.611206293106079
694,1,1,1,0.2998744249343872,3.564317226409912,0.4302903711795807,3.645951271057129,0.5097456574440002,3.600774049758911,0.343470960855484,3.625739812850952
695,1,1,1,0.3441585600376129,3.5860671997070312,0.4199118912220001,3.6431334018707275,0.4168725907802582,3.6047472953796387,0.24715003371238708,3.628094434738159
696,1,1,1,0.3582489490509033,3.5944480895996094,0.40378865599632263,3.6776978969573975,0.39576688408851624,3.650644540786743,0.24473851919174194,3.6638436317443848
697,1,0,0,0.42478474974632263,3.5585765838623047,0.40929925441741943,3.601353645324707,0.3025350570678711,3.592160701751709,0.14164142310619354,3.6732797622680664
698,2,0,0,0.43844667077064514,3.592331647872925,0.38192063570022583,3.660078525543213,0.2344447523355484,3.760572910308838,0.08667489886283875,4.040239334106445
699,2,0,0,0.4115014970302582,3.6027848720550537,0.3721599876880646,3.6986639499664307,0.2774334251880646,3.742035150527954,0.12362483888864517,3.863130807876587
700,2,0,0,0.4666573703289032,3.5716633796691895,0.37901586294174194,3.6352570056915283,0.2103894203901291,3.7663052082061768,0.0700334832072258,4.172168254852295
701,2,0,0,0.45468947291374207,3.5741963386535645,0.394775390625,3.6293210983276367,0.2466517835855484,3.671703338623047,0.09552375227212906,3.819319725036621
702,2,0,0,0.4528360068798065,3.5920825004577637,0.3757075071334839,3.654961109161377,0.19456513226032257,3.7813572883605957,0.048349808901548386,4.204039573669434
703,2,0,0,0.435546875,3.5888166427612305,0.3780941069126129,3.6648876667022705,0.25164419412612915,3.719082832336426,0.10451211780309677,3.835049629211426
704,2,0,0,0.4245356321334839,3.5933854579925537,0.365199476480484,3.6820061206817627,0.2554209232330322,3.7729010581970215,0.11065050959587097,3.9760446548461914
705,2,0,0,0.44449537992477417,3.5895395278930664,0.3723742365837097,3.6583752632141113,0.2225964516401291,3.7942967414855957,0.08252949267625809,4.129920482635498
706,2,0,0,0.4491390287876129,3.594559907913208,0.3737892508506775,3.6601483821868896,0.19781368970870972,3.775729179382324,0.05108019709587097,4.204838275909424
707,2,0,0,0.44814252853393555,3.592101812362671,0.38130778074264526,3.6625375747680664,0.2317243218421936,3.76133131980896,0.08581791818141937,4.037854194641113
708,2,0,0,0.4246551990509033,3.5917868614196777,0.37774035334587097,3.6869442462921143,0.25638750195503235,3.7751564979553223,0.11617107689380646,3.968262195587158
709,2,0,0,0.4539022445678711,3.5880351066589355,0.3831263780593872,3.65183687210083,0.22791773080825806,3.715503692626953,0.08131377398967743,3.9517157077789307
710,2,0,0,0.4469965696334839,3.593954086303711,0.3788115680217743,3.657604217529297,0.2219487428665161,3.7535581588745117,0.07288344949483871,4.065354347229004
711,2,0,0,0.4468271732330322,3.5942907333374023,0.3779197037220001,3.6615688800811768,0.21348851919174194,3.766383409500122,0.06672512739896774,4.124551773071289
712,2,0,0,0.46515265107154846,3.568671226501465,0.3774762749671936,3.6229987144470215,0.2047991007566452,3.743577241897583,0.06722337007522583,4.154165267944336
713,2,0,0,0.4435088336467743,3.6041970252990723,0.3702417314052582,3.6838338375091553,0.20866549015045166,3.842263698577881,0.06355628371238708,4.259642601013184
714,2,0,0,0.45263671875,3.5822601318359375,0.3788265287876129,3.6588804721832275,0.21782325208187103,3.804016590118408,0.07581313699483871,4.19479513168335
715,2,0,0,0.43921396136283875,3.587371826171875,0.3799874484539032,3.6573002338409424,0.2474888414144516,3.693267822265625,0.09881217777729034,3.8457038402557373
716,2,0,0,0.4178989827632904,3.602832794189453,0.36360013484954834,3.7170028686523438,0.26991987228393555,3.811570167541504,0.12001753598451614,3.967784881591797
717,2,0,0,0.4792330861091614,3.5662271976470947,0.39072462916374207,3.598724842071533,0.18500876426696777,3.6706883907318115,0.03204719349741936,4.125621795654297
718,2,0,0,0.4359753429889679,3.5975406169891357,0.38370436429977417,3.6733453273773193,0.24290497601032257,3.7434771060943604,0.09526466578245163,3.9711296558380127
719,2,0,0,0.43962252140045166,3.5882086753845215,0.3607252538204193,3.6766252517700195,0.21535195410251617,3.8092174530029297,0.07734773308038712,4.161556243896484
720,2,0,0,0.45143094658851624,3.595426321029663,0.3769032955169678,3.6675832271575928,0.19453522562980652,3.8069870471954346,0.04661590978503227,4.286874771118164
721,2,0,0,0.41576650738716125,3.5887880325317383,0.3701171875,3.6774539947509766,0.25783243775367737,3.7810542583465576,0.11182636767625809,3.989128589630127
722,2,0,0,0.4304448366165161,3.5935966968536377,0.3806849718093872,3.6599698066711426,0.24129065871238708,3.720203161239624,0.09604193270206451,3.9371237754821777
723,2,0,0,0.42162588238716125,3.597102403640747,0.3861507475376129,3.6945111751556396,0.2841199040412903,3.732849359512329,0.13347017765045166,3.8663580417633057
724,2,0,0,0.42359891533851624,3.5921335220336914,0.37270307540893555,3.6833548545837402,0.25945669412612915,3.7761647701263428,0.11069037020206451,3.9758732318878174
725,2,0,0,0.4429508149623871,3.5849812030792236,0.375508189201355,3.648435592651367,0.23314930498600006,3.742060899734497,0.09363041818141937,3.9748828411102295
726,2,0,0,0.44555166363716125,3.590848207473755,0.38311144709587097,3.65692138671875,0.23259127140045166,3.759136199951172,0.08436304330825806,4.0132293701171875
727,2,0,0,0.44801297783851624,3.5895371437072754,0.38541334867477417,3.651756763458252,0.22630341351032257,3.7281813621520996,0.08107461780309677,3.9700098037719727
728,2,0,0,0.4736826419830322,3.56583571434021,0.3811732530593872,3.620903730392456,0.19156567752361298,3.7439138889312744,0.04934630170464516,4.202342510223389
729,2,0,0,0.44072863459587097,3.592588424682617,0.3700723350048065,3.6748030185699463,0.22695112228393555,3.7993414402008057,0.08432318270206451,4.081777572631836
730,2,0,0,0.44101759791374207,3.5935559272766113,0.37152722477912903,3.6664206981658936,0.2230747789144516,3.7796390056610107,0.08051657676696777,4.0831685066223145
731,2,0,0,0.45637354254722595,3.59063720703125,0.3777453303337097,3.640968084335327,0.18487922847270966,3.7624104022979736,0.0398995541036129,4.256743431091309
732,2,0,0,0.4430205523967743,3.5873632431030273,0.379658579826355,3.659890651702881,0.23876953125,3.741037607192993,0.09331154078245163,3.9820590019226074
733,2,0,0,0.44459500908851624,3.5918729305267334,0.37580713629722595,3.654866933822632,0.21197384595870972,3.770496368408203,0.06925621628761292,4.139856338500977
734,2,0,0,0.4529057741165161,3.594059467315674,0.37484055757522583,3.6513185501098633,0.18159079551696777,3.7631564140319824,0.035514988005161285,4.196969509124756
735,2,0,0,0.4283123314380646,3.5908751487731934,0.3758370578289032,3.6626365184783936,0.24983058869838715,3.690877914428711,0.10102438926696777,3.8269875049591064
736,2,0,0,0.4511818289756775,3.5861916542053223,0.3779396414756775,3.6548633575439453,0.20038464665412903,3.7733850479125977,0.05438855290412903,4.1674604415893555
737,2,0,0,0.4167330861091614,3.5921807289123535,0.3683284819126129,3.672722339630127,0.2621273100376129,3.7293291091918945,0.11168686300516129,3.886509656906128
738,2,0,0,0.445521742105484,3.5943546295166016,0.37852758169174194,3.6656925678253174,0.21548150479793549,3.8079447746276855,0.06443319469690323,4.240024566650391
739,2,0,0,0.4542310833930969,3.5836386680603027,0.3841627538204193,3.6524388790130615,0.2191087305545807,3.763871192932129,0.0703125,4.130669116973877
740,2,0,0,0.43175023794174194,3.5858240127563477,0.3605159819126129,3.6922757625579834,0.2697604298591614,3.8058807849884033,0.13048070669174194,3.999694585800171
741,2,0,0,0.4714205861091614,3.5721442699432373,0.38739636540412903,3.6189680099487305,0.2030552476644516,3.700986385345459,0.056640625,4.078114032745361
742,2,0,0,0.45623403787612915,3.586427688598633,0.3795190751552582,3.641779661178589,0.1995077282190323,3.7486140727996826,0.055863358080387115,4.166964054107666
743,2,0,0,0.43810784816741943,3.587444543838501,0.3760114312171936,3.656989097595215,0.22284558415412903,3.7335331439971924,0.08988361060619354,3.9445676803588867
744,2,0,0,0.44764429330825806,3.5967676639556885,0.3773616850376129,3.678074359893799,0.22018493711948395,3.799013376235962,0.07320232689380646,4.164987564086914
745,2,0,0,0.45483896136283875,3.5873937606811523,0.38031628727912903,3.6564698219299316,0.20491868257522583,3.765220880508423,0.059231504797935486,4.160834312438965
746,2,0,0,0.46585020422935486,3.5690817832946777,0.37436720728874207,3.6283321380615234,0.19752471148967743,3.7563817501068115,0.05815529078245163,4.223783493041992
747,2,0,0,0.45238760113716125,3.587404727935791,0.3794044852256775,3.65173077583313,0.20711097121238708,3.772902250289917,0.06218112260103226,4.175320625305176
748,2,0,0,0.44333943724632263,3.5925827026367188,0.37908560037612915,3.666684150695801,0.2306082546710968,3.726687431335449,0.08207111060619354,3.960174798965454
749,2,0,0,0.44563135504722595,3.588416814804077,0.37113359570503235,3.6664161682128906,0.2206333726644516,3.815997362136841,0.0782645046710968,4.180035591125488
750,2,0,0,0.4479830861091614,3.595004081726074,0.3755680024623871,3.6700363159179688,0.22675183415412903,3.796704053878784,0.08225047588348389,4.131087779998779
751,2,0,0,0.47828641533851624,3.565660238265991,0.3874362111091614,3.61556077003479,0.19898955523967743,3.7209174633026123,0.05626195669174194,4.100602149963379
752,2,0,0,0.43237802386283875,3.5945839881896973,0.3705954849720001,3.6745898723602295,0.22651267051696777,3.787998676300049,0.08201131969690323,4.114702224731445
753,2,0,0,0.4256516993045807,3.60107684135437,0.3701271414756775,3.689443588256836,0.24961136281490326,3.768932819366455,0.10433274507522583,3.9524354934692383
754,2,0,0,0.44835180044174194,3.5862467288970947,0.38019171357154846,3.649123191833496,0.2218989133834839,3.745239734649658,0.08009805530309677,4.022144794464111
755,2,0,0,0.4278838336467743,3.598127603530884,0.38690808415412903,3.6707704067230225,0.2624362111091614,3.697904109954834,0.11792489886283875,3.819672107696533
756,2,0,0,0.4738619923591614,3.5696170330047607,0.3880639970302582,3.6218061447143555,0.20497846603393555,3.7038891315460205,0.060068558901548386,4.03583288192749
757,2,0,0,0.4105648100376129,3.5993058681488037,0.37314650416374207,3.6905410289764404,0.27906766533851624,3.7419745922088623,0.12288743257522583,3.849010705947876
758,2,0,0,0.45166015625,3.59029221534729,0.37417787313461304,3.654003381729126,0.20028498768806458,3.782625913619995,0.05980946868658066,4.200599670410156
759,2,0,0,0.4353276491165161,3.588747024536133,0.37563276290893555,3.671233892440796,0.2594268023967743,3.7440271377563477,0.11465640366077423,3.9024856090545654
760,2,0,0,0.45721060037612915,3.591299533843994,0.38048070669174194,3.6540777683258057,0.18235810101032257,3.7595627307891846,0.033123403787612915,4.263537883758545
761,2,0,0,0.4353376030921936,3.584315776824951,0.37548330426216125,3.651252031326294,0.2380022257566452,3.711103677749634,0.09404894709587097,3.886840343475342
762,2,0,0,0.44318994879722595,3.5869364738464355,0.3837093412876129,3.658884286880493,0.22598452866077423,3.7572977542877197,0.08372528851032257,4.068793296813965
763,2,0,0,0.44073858857154846,3.5871260166168213,0.3640236258506775,3.66660737991333,0.22479870915412903,3.8109402656555176,0.08866788446903229,4.109013080596924
764,2,0,0,0.4478834271430969,3.590553045272827,0.3777552843093872,3.6658005714416504,0.21692641079425812,3.7908034324645996,0.07465720176696777,4.150026798248291
765,2,0,0,0.44384765625,3.5905795097351074,0.3797881305217743,3.671367645263672,0.22847576439380646,3.8084001541137695,0.08422353118658066,4.144107818603516
766,2,0,0,0.47889429330825806,3.568063497543335,0.3879992365837097,3.59993839263916,0.1761399805545807,3.671135902404785,0.027283959090709686,4.13440465927124
767,2,0,0,0.44020047783851624,3.5969438552856445,0.37793466448783875,3.6655635833740234,0.22947224974632263,3.752605438232422,0.08003826439380646,4.012450218200684
768,2,0,0,0.45803770422935486,3.588839292526245,0.3738241195678711,3.642160177230835,0.19017060101032257,3.7408299446105957,0.04611766338348389,4.187121868133545
769,2,0,0,0.45945271849632263,3.5843799114227295,0.3787667453289032,3.632701873779297,0.18814770877361298,3.744028329849243,0.04251036420464516,4.213314533233643
770,2,0,0,0.4308832883834839,3.589916706085205,0.3784777522087097,3.6651482582092285,0.24200811982154846,3.7431442737579346,0.09618143737316132,3.9502694606781006
771,2,0,0,0.47847574949264526,3.5682480335235596,0.3892099857330322,3.605663299560547,0.18921396136283875,3.7020750045776367,0.04015864059329033,4.163275241851807
772,2,0,0,0.45818716287612915,3.5787951946258545,0.38273775577545166,3.6426312923431396,0.21231265366077423,3.764479398727417,0.07134885340929031,4.119832515716553
773,2,0,0,0.4547393023967743,3.5864486694335938,0.3834153711795807,3.648096799850464,0.21264149248600006,3.7546744346618652,0.06646604090929031,4.13373327255249
774,2,0,0,0.45621660351753235,3.5764951705932617,0.3748804032802582,3.631632089614868,0.20746970176696777,3.746349573135376,0.06564891338348389,4.157862663269043
775,2,0,0,0.4551578462123871,3.5872011184692383,0.3774314224720001,3.651705503463745,0.20154057443141937,3.7785909175872803,0.05620216578245163,4.207446575164795
776,2,0,0,0.4218251705169678,3.5825281143188477,0.37712252140045166,3.647430419921875,0.2712651491165161,3.678421974182129,0.11798468977212906,3.7719595432281494
777,2,0,0,0.4494379758834839,3.595627784729004,0.37801438570022583,3.6684811115264893,0.20978155732154846,3.774035692214966,0.06259965151548386,4.172556400299072
778,2,0,0,0.4529854953289032,3.593888759613037,0.3772470951080322,3.6505050659179688,0.1916852593421936,3.756498336791992,0.044304050505161285,4.171839714050293
779,2,0,0,0.4454520046710968,3.5877811908721924,0.38148218393325806,3.652190923690796,0.22303491830825806,3.768787384033203,0.0809151753783226,4.081773281097412
780,2,0,0,0.4288504421710968,3.591179370880127,0.3819505274295807,3.6567134857177734,0.24678131937980652,3.7070462703704834,0.10724250227212906,3.897045135498047
781,2,0,0,0.44072863459587097,3.5905535221099854,0.3667440414428711,3.674406051635742,0.21581034362316132,3.8068060874938965,0.08248963207006454,4.0768303871154785
782,2,0,0,0.4449039399623871,3.587967872619629,0.383564829826355,3.658184289932251,0.24335339665412903,3.7562344074249268,0.09809470176696777,3.9750101566314697
783,2,0,0,0.43906447291374207,3.595174789428711,0.36554327607154846,3.696099042892456,0.23013989627361298,3.840181827545166,0.09000318497419357,4.12577486038208
784,2,0,0,0.4324079155921936,3.5909478664398193,0.3703364133834839,3.6737165451049805,0.2434430718421936,3.7837085723876953,0.09958944469690323,4.020212173461914
785,2,0,0,0.45722058415412903,3.5863609313964844,0.37855249643325806,3.645024061203003,0.18943318724632263,3.763808488845825,0.04434390738606453,4.199100971221924
786,2,0,0,0.4522181749343872,3.5888147354125977,0.38547810912132263,3.6485581398010254,0.2199956178665161,3.735199451446533,0.07308274507522583,4.0414509773254395
787,2,0,0,0.44885003566741943,3.594986915588379,0.3748704493045807,3.6844944953918457,0.21634845435619354,3.8141956329345703,0.07124920189380646,4.200559616088867
788,2,0,0,0.44792330265045166,3.590233564376831,0.3794642686843872,3.6574318408966064,0.21928809583187103,3.7549760341644287,0.07370056957006454,4.070037841796875
789,2,0,0,0.4453722834587097,3.589475154876709,0.3667789399623871,3.6640584468841553,0.20847615599632263,3.8329429626464844,0.07091039419174194,4.217537879943848
790,2,0,0,0.46982619166374207,3.567828893661499,0.38257333636283875,3.618149518966675,0.19471460580825806,3.7563459873199463,0.049844544380903244,4.215513706207275
791,2,0,0,0.43176019191741943,3.59252667427063,0.3677704334259033,3.682711601257324,0.23543128371238708,3.8093202114105225,0.09438775479793549,4.074746608734131
792,2,0,0,0.4292091727256775,3.595235824584961,0.38101881742477417,3.667198419570923,0.25150468945503235,3.704861640930176,0.1057477667927742,3.8554465770721436
793,2,0,0,0.4391043484210968,3.583524227142334,0.3803960084915161,3.6598949432373047,0.25303930044174194,3.7283504009246826,0.10724250227212906,3.909682273864746
794,2,0,0,0.4354272782802582,3.5986359119415283,0.374232679605484,3.6785781383514404,0.22290536761283875,3.8041932582855225,0.08065608888864517,4.1139116287231445
795,2,0,0,0.4608677327632904,3.5712339878082275,0.36919543147087097,3.636810302734375,0.1893933266401291,3.7588655948638916,0.0528738833963871,4.28307580947876
796,2,0,0,0.43378308415412903,3.5912797451019287,0.380615234375,3.663991928100586,0.24977080523967743,3.735727071762085,0.10084502398967743,3.925889253616333
797,2,0,0,0.43475964665412903,3.5874762535095215,0.3824886381626129,3.6504228115081787,0.24824616312980652,3.7146756649017334,0.1026785671710968,3.882958173751831
798,2,0,0,0.4617645740509033,3.5791666507720947,0.38451650738716125,3.635110378265381,0.22083266079425812,3.7198681831359863,0.0637555792927742,3.97686767578125
799,2,0,0,0.4347994923591614,3.5983774662017822,0.36876195669174194,3.678457498550415,0.23456433415412903,3.7680020332336426,0.0977957546710968,3.976360321044922
800,2,0,0,0.4561344087123871,3.5834972858428955,0.38460618257522583,3.6410250663757324,0.21026983857154846,3.7153215408325195,0.06329718977212906,4.01889181137085
801,2,0,0,0.45749959349632263,3.5850231647491455,0.38610589504241943,3.639064073562622,0.2011120766401291,3.722871780395508,0.0546875,4.110422611236572
802,2,0,0,0.4501354992389679,3.5885283946990967,0.37783998250961304,3.6402933597564697,0.20791812241077423,3.7374072074890137,0.06154336780309677,4.111399173736572
803,2,0,0,0.42301100492477417,3.5893285274505615,0.37768056988716125,3.661433696746826,0.2677176296710968,3.6798927783966064,0.11363998800516129,3.786390781402588
804,2,0,0,0.454310804605484,3.58724308013916,0.3794742524623871,3.643155336380005,0.20222815871238708,3.7621958255767822,0.05430883169174194,4.192293643951416
805,2,0,0,0.4382772445678711,3.588763475418091,0.38240891695022583,3.6544408798217773,0.23950693011283875,3.7027251720428467,0.099609375,3.8409364223480225
806,2,0,0,0.44494378566741943,3.5959105491638184,0.372822642326355,3.676159620285034,0.20911391079425812,3.8027639389038086,0.058235011994838715,4.221423625946045
807,2,0,0,0.45157045125961304,3.5880484580993652,0.384297251701355,3.6459224224090576,0.2152722328901291,3.7589223384857178,0.07292331010103226,4.091555118560791
808,2,0,0,0.4352578818798065,3.597724199295044,0.3847556412220001,3.669032096862793,0.2535574734210968,3.7054038047790527,0.09992825239896774,3.8418428897857666
809,2,0,0,0.43424147367477417,3.5972416400909424,0.36987802386283875,3.6852469444274902,0.23640784621238708,3.801677703857422,0.0910993292927742,4.087508201599121
810,2,0,0,0.4506935477256775,3.591801643371582,0.3761011064052582,3.662476062774658,0.20913384854793549,3.77833890914917,0.059909120202064514,4.181636810302734
811,2,0,0,0.45181959867477417,3.5936129093170166,0.37594667077064514,3.6628143787384033,0.19313018023967743,3.7975852489471436,0.043726082891225815,4.2283501625061035
812,2,0,0,0.43063417077064514,3.599213123321533,0.368617445230484,3.6973628997802734,0.25595900416374207,3.800981044769287,0.10720264166593552,4.011712074279785
813,2,0,0,0.42740553617477417,3.590963125228882,0.3727230131626129,3.666983127593994,0.2611507475376129,3.705918312072754,0.10662467777729034,3.836822509765625
814,2,0,0,0.47953203320503235,3.565209150314331,0.3884974718093872,3.6131482124328613,0.19156567752361298,3.727476119995117,0.04613759368658066,4.240604877471924
815,2,0,0,0.44072863459587097,3.5972235202789307,0.36517956852912903,3.6793692111968994,0.2089146226644516,3.820796489715576,0.07202646881341934,4.193414688110352
816,2,0,0,0.4422632157802582,3.5932135581970215,0.38111844658851624,3.6626837253570557,0.22347337007522583,3.764692783355713,0.078543521463871,4.0913472175598145
817,2,0,0,0.4376992881298065,3.599216938018799,0.37255361676216125,3.6744813919067383,0.23290018737316132,3.7924866676330566,0.08603714406490326,4.110030174255371
818,2,0,0,0.4747488796710968,3.563767194747925,0.38606104254722595,3.6166951656341553,0.20008569955825806,3.71836256980896,0.056540973484516144,4.160027980804443
819,2,0,0,0.45303529500961304,3.5887205600738525,0.37777024507522583,3.6531786918640137,0.19933833181858063,3.780993700027466,0.05508609488606453,4.209117412567139
820,2,0,0,0.45917370915412903,3.5894224643707275,0.3842872977256775,3.6497509479522705,0.19593031704425812,3.7523140907287598,0.040397800505161285,4.14750862121582
821,2,0,0,0.451171875,3.5793797969818115,0.3695342242717743,3.6556689739227295,0.21929806470870972,3.8139681816101074,0.07961973547935486,4.1799750328063965
822,2,0,0,0.4482521414756775,3.591045618057251,0.3779645562171936,3.6524341106414795,0.2023576945066452,3.7532870769500732,0.057657044380903244,4.141375541687012
823,2,0,0,0.43292608857154846,3.5976290702819824,0.3671974539756775,3.685581684112549,0.22877471148967743,3.778421401977539,0.09341119229793549,3.972050428390503
824,2,0,0,0.4496572017669678,3.593276262283325,0.37870195508003235,3.6549792289733887,0.20586535334587097,3.764606237411499,0.05779655650258064,4.201724052429199
825,2,0,0,0.4563934803009033,3.583362340927124,0.3783382475376129,3.644796848297119,0.19728554785251617,3.777149200439453,0.05205675959587097,4.280627727508545
826,2,0,0,0.46229273080825806,3.5810916423797607,0.3786720633506775,3.665109634399414,0.21028977632522583,3.8416812419891357,0.06307796388864517,4.283728122711182
827,2,0,0,0.44140625,3.6004154682159424,0.3797682225704193,3.6676244735717773,0.22145049273967743,3.7698330879211426,0.07475685328245163,4.117035388946533
828,2,0,0,0.419921875,3.594423294067383,0.38355985283851624,3.6764957904815674,0.2728196680545807,3.7056031227111816,0.12338568270206451,3.815215587615967
829,2,0,0,0.4386260211467743,3.587114095687866,0.3802415430545807,3.652130603790283,0.2316645383834839,3.7368805408477783,0.09060107916593552,3.9571051597595215
830,2,0,0,0.4785853624343872,3.567180871963501,0.39077943563461304,3.6111230850219727,0.19310028851032257,3.71364426612854,0.04619738459587097,4.203192234039307
831,2,0,0,0.4245854616165161,3.5892789363861084,0.3746013939380646,3.6629068851470947,0.24599409103393555,3.7621729373931885,0.10042649507522583,3.9932525157928467
832,2,0,0,0.45622408390045166,3.590786933898926,0.38022658228874207,3.6586952209472656,0.20084302127361298,3.758174180984497,0.047612402588129044,4.184177398681641
833,2,0,0,0.43921396136283875,3.601506471633911,0.3767338991165161,3.6922709941864014,0.2410116344690323,3.794343948364258,0.09390943497419357,4.037139415740967
834,2,0,0,0.42986685037612915,3.6012563705444336,0.37030652165412903,3.6929306983947754,0.23371730744838715,3.8254456520080566,0.09197624027729034,4.108342170715332
835,2,0,0,0.42301100492477417,3.590294361114502,0.37228456139564514,3.6865055561065674,0.27158400416374207,3.7685844898223877,0.13173627853393555,3.8992435932159424
836,2,0,0,0.4391143023967743,3.588253974914551,0.37535375356674194,3.66222882270813,0.2372448891401291,3.761340618133545,0.0938895046710968,4.016557216644287
837,2,0,0,0.44180482625961304,3.589904308319092,0.3781837821006775,3.6526355743408203,0.2357800453901291,3.7369089126586914,0.0894252210855484,4.011143207550049
838,2,0,0,0.45533719658851624,3.58670711517334,0.38012197613716125,3.6548261642456055,0.19967713952064514,3.790797472000122,0.05395009368658066,4.258588790893555
839,2,0,0,0.45963209867477417,3.5733766555786133,0.37447184324264526,3.639319896697998,0.2054368555545807,3.763096570968628,0.06903699040412903,4.212182521820068
840,2,0,0,0.4313516318798065,3.5860419273376465,0.3709990680217743,3.666483163833618,0.2672193944454193,3.7387752532958984,0.12322624027729034,3.8840367794036865
841,2,0,0,0.42900988459587097,3.5928876399993896,0.3738590180873871,3.6896915435791016,0.26490750908851624,3.7488338947296143,0.1184430792927742,3.8997139930725098
842,2,0,0,0.4463587999343872,3.5872793197631836,0.39149194955825806,3.6440298557281494,0.24696069955825806,3.6943469047546387,0.10050621628761292,3.8167757987976074
843,2,0,0,0.4485311508178711,3.596543073654175,0.37330594658851624,3.6604559421539307,0.19593031704425812,3.768996000289917,0.049844544380903244,4.1775288581848145
844,2,0,0,0.47640305757522583,3.5747363567352295,0.38954877853393555,3.6066713333129883,0.18236805498600006,3.6823670864105225,0.03304368630051613,4.135705471038818
845,2,0,0,0.43912428617477417,3.5938684940338135,0.37293726205825806,3.6682965755462646,0.22054368257522583,3.7734954357147217,0.08057636767625809,4.075191497802734
846,2,0,0,0.46396681666374207,3.5745275020599365,0.380391001701355,3.627380609512329,0.20546674728393555,3.747223377227783,0.06497129797935486,4.170858860015869
847,2,0,0,0.41081392765045166,3.59486722946167,0.3775709569454193,3.685325860977173,0.2848174273967743,3.72864031791687,0.13564252853393555,3.8273582458496094
848,2,0,0,0.454799085855484,3.5955960750579834,0.3828125,3.664046287536621,0.21176458895206451,3.7680108547210693,0.05369100719690323,4.1221232414245605
849,2,0,0,0.44136637449264526,3.585387945175171,0.38166651129722595,3.6528549194335938,0.2535674273967743,3.718266248703003,0.10403379797935486,3.8863985538482666
850,2,0,0,0.4425821006298065,3.5932137966156006,0.36635541915893555,3.680915117263794,0.21240234375,3.839174270629883,0.07314253598451614,4.201362609863281
851,2,0,0,0.43544721603393555,3.591857671737671,0.3813725709915161,3.659590005874634,0.2470703125,3.7107365131378174,0.09954958409070969,3.8796796798706055
852,2,0,0,0.4577985405921936,3.584728240966797,0.38014188408851624,3.6380937099456787,0.1939174085855484,3.750873565673828,0.0495256669819355,4.181488990783691
853,2,0,0,0.4425223171710968,3.5913798809051514,0.3710688352584839,3.663081645965576,0.23211295902729034,3.779461622238159,0.08940529078245163,4.0510478019714355
854,2,0,0,0.44150587916374207,3.587798595428467,0.3754434287548065,3.659973621368408,0.22804726660251617,3.7840943336486816,0.08641581237316132,4.088561058044434
855,2,0,0,0.4527762234210968,3.590399980545044,0.3776705861091614,3.6504220962524414,0.19945789873600006,3.7561450004577637,0.054886795580387115,4.142338275909424
856,2,0,0,0.4403100907802582,3.5844838619232178,0.38213488459587097,3.65523624420166,0.25611844658851624,3.6866390705108643,0.11240433156490326,3.79964542388916
857,2,0,0,0.4206991195678711,3.5968780517578125,0.3625239133834839,3.697333812713623,0.24744898080825806,3.832313060760498,0.11489556729793549,4.089332103729248
858,2,0,0,0.3998525142669678,3.594477415084839,0.36728712916374207,3.7018556594848633,0.29984453320503235,3.7498836517333984,0.14987245202064514,3.83058500289917
859,2,0,0,0.44843152165412903,3.590564727783203,0.37788981199264526,3.6474342346191406,0.2052973508834839,3.7668187618255615,0.058374520391225815,4.1560258865356445
860,2,0,0,0.4828403890132904,3.566929340362549,0.3888661861419678,3.600855827331543,0.1767578125,3.6786561012268066,0.031309787184000015,4.196053504943848
861,2,0,0,0.45994099974632263,3.5847344398498535,0.3765943944454193,3.6286251544952393,0.18328483402729034,3.7478933334350586,0.0411551333963871,4.2077484130859375
862,2,0,0,0.4317303001880646,3.5976688861846924,0.3656080663204193,3.6847054958343506,0.2356405407190323,3.8209919929504395,0.09757652878761292,4.066380500793457
863,2,0,0,0.43474966287612915,3.590217351913452,0.37911051511764526,3.6644980907440186,0.23090720176696777,3.7526755332946777,0.09201610088348389,3.959930658340454
864,2,0,0,0.4623325765132904,3.5874643325805664,0.3835000693798065,3.6465115547180176,0.20474927127361298,3.7642478942871094,0.05584343150258064,4.2301926612854
865,2,0,0,0.44257214665412903,3.5978429317474365,0.38053053617477417,3.6702542304992676,0.2264927476644516,3.7730212211608887,0.07902184128761292,4.094829559326172
866,2,0,0,0.43033522367477417,3.5897185802459717,0.3726084232330322,3.6799583435058594,0.25263074040412903,3.749171733856201,0.10734215378761292,3.9868175983428955
867,2,0,0,0.4715401828289032,3.5737531185150146,0.38522401452064514,3.626002311706543,0.1964285671710968,3.741528034210205,0.0517578125,4.211397647857666
868,2,0,0,0.4545400142669678,3.577256917953491,0.3724389970302582,3.6527626514434814,0.2100306898355484,3.814347505569458,0.07091039419174194,4.207700729370117
869,2,0,0,0.4507633149623871,3.5863821506500244,0.3801369071006775,3.6527950763702393,0.2134486585855484,3.776517391204834,0.06843909621238708,4.180256366729736
870,2,0,0,0.442592054605484,3.597770929336548,0.37758588790893555,3.6782920360565186,0.22219786047935486,3.7947797775268555,0.07647082209587097,4.1112847328186035
871,2,0,0,0.47626355290412903,3.5686488151550293,0.38155192136764526,3.612713575363159,0.1830357164144516,3.7342116832733154,0.042629942297935486,4.230013847351074
872,2,0,0,0.4492685794830322,3.597116470336914,0.373066782951355,3.670121192932129,0.202497199177742,3.779341459274292,0.05618223920464516,4.161049842834473
873,2,0,0,0.45231783390045166,3.5914828777313232,0.37543347477912903,3.661159038543701,0.2070412039756775,3.790970802307129,0.057557396590709686,4.244459629058838
874,2,0,0,0.4736427664756775,3.5683658123016357,0.3821249008178711,3.6175451278686523,0.18043486773967743,3.7182857990264893,0.03693000599741936,4.202374458312988
875,2,0,0,0.4247349202632904,3.5879220962524414,0.3787218928337097,3.669100522994995,0.2669702470302582,3.72755765914917,0.11067043989896774,3.879884719848633
876,2,0,0,0.44850125908851624,3.5907394886016846,0.37794461846351624,3.648144483566284,0.21182437241077423,3.7378275394439697,0.06419403851032257,4.075442314147949
877,2,0,0,0.429896742105484,3.5945851802825928,0.38358476758003235,3.6726460456848145,0.2581512928009033,3.7370107173919678,0.1100725457072258,3.8937172889709473
878,2,0,0,0.4411471486091614,3.588547468185425,0.37902581691741943,3.6500158309936523,0.2256556898355484,3.7631707191467285,0.08284837007522583,4.038729667663574
879,2,0,0,0.43279653787612915,3.595390558242798,0.37852758169174194,3.668562173843384,0.22508768737316132,3.7908623218536377,0.08109454810619354,4.092405796051025
880,2,0,0,0.46447503566741943,3.5807857513427734,0.3803611099720001,3.6297876834869385,0.18997129797935486,3.7303295135498047,0.0474330335855484,4.160504341125488
881,2,0,0,0.4546396732330322,3.582368850708008,0.38093408942222595,3.646981954574585,0.2228655070066452,3.751889228820801,0.07836415618658066,4.04679536819458
882,2,0,0,0.42037028074264526,3.5925328731536865,0.3793696165084839,3.660708427429199,0.2505779564380646,3.70687198638916,0.10604671388864517,3.848148822784424
883,2,0,0,0.4241071343421936,3.6030545234680176,0.3636150658130646,3.699995994567871,0.23789261281490326,3.858710765838623,0.09711813926696777,4.133183002471924
884,2,0,0,0.4287906587123871,3.5941202640533447,0.3897281587123871,3.657632350921631,0.2628348171710968,3.691082715988159,0.11930005997419357,3.8125627040863037
885,2,0,0,0.46006056666374207,3.582871198654175,0.3849399983882904,3.639420747756958,0.20931321382522583,3.7087836265563965,0.059909120202064514,3.9993345737457275
886,2,0,0,0.45497846603393555,3.5847606658935547,0.37502989172935486,3.648040294647217,0.1870216727256775,3.769874334335327,0.03908243030309677,4.239163875579834
887,2,0,0,0.4809470474720001,3.5679595470428467,0.3903110921382904,3.6124181747436523,0.19206392765045166,3.6965341567993164,0.039819832891225815,4.1281280517578125
888,2,0,0,0.45714086294174194,3.59265398979187,0.37850266695022583,3.6455039978027344,0.1937779039144516,3.763139009475708,0.04655612260103226,4.233304977416992
889,2,0,0,0.4281030595302582,3.5909314155578613,0.39036092162132263,3.653975248336792,0.2575334906578064,3.6946680545806885,0.11427774280309677,3.8425183296203613
890,2,0,0,0.4593431055545807,3.5840420722961426,0.38069993257522583,3.6268715858459473,0.2004643678665161,3.7137744426727295,0.05707908049225807,4.070181369781494
891,2,0,0,0.4235391318798065,3.589323043823242,0.3531219959259033,3.6925768852233887,0.2377232164144516,3.836393356323242,0.10546875,4.109599590301514
892,2,0,0,0.4500657618045807,3.586338996887207,0.37263330817222595,3.6460442543029785,0.20021523535251617,3.7770256996154785,0.06120456010103226,4.161836624145508
893,2,0,0,0.44257214665412903,3.5949158668518066,0.37734174728393555,3.6658568382263184,0.22004543244838715,3.7679104804992676,0.0796595960855484,4.061546325683594
894,2,0,0,0.4684908986091614,3.5739991664886475,0.38421255350112915,3.6329023838043213,0.19221340119838715,3.7493908405303955,0.04296875,4.247217178344727
895,2,0,0,0.4404296875,3.5948233604431152,0.3796137571334839,3.6609790325164795,0.2302495241165161,3.7304162979125977,0.08368542790412903,3.9471302032470703
896,2,0,0,0.44278138875961304,3.5933518409729004,0.3767338991165161,3.656853437423706,0.21574059128761292,3.766235589981079,0.07250478118658066,4.112699508666992
897,2,0,0,0.4517199397087097,3.5926849842071533,0.37597158551216125,3.6516518592834473,0.18521803617477417,3.7637596130371094,0.038863200694322586,4.230769157409668
898,2,0,0,0.428920179605484,3.591315746307373,0.37271803617477417,3.68200421333313,0.26790696382522583,3.754100799560547,0.1159319207072258,3.9355337619781494
899,2,0,0,0.4513213336467743,3.5772006511688232,0.37378427386283875,3.6570515632629395,0.22931280732154846,3.7862420082092285,0.08988361060619354,4.09312629699707
900,2,0,0,0.45546674728393555,3.5819239616394043,0.38468092679977417,3.6508865356445312,0.22821667790412903,3.7253952026367188,0.07734773308038712,3.9768102169036865
901,2,0,0,0.43229830265045166,3.5984740257263184,0.3720204830169678,3.6869258880615234,0.24411071836948395,3.7877700328826904,0.09478635340929031,4.043523788452148
902,2,0,0,0.45533719658851624,3.5865540504455566,0.3816964328289032,3.647660732269287,0.19930842518806458,3.7627618312835693,0.05578364059329033,4.208288669586182
903,2,0,0,0.4170420169830322,3.5892093181610107,0.37768056988716125,3.6683993339538574,0.2632633149623871,3.7052879333496094,0.11447703838348389,3.81911563873291
904,2,0,0,0.4755361080169678,3.574631690979004,0.3843371272087097,3.6169722080230713,0.17991669476032257,3.7076709270477295,0.03204719349741936,4.116915225982666
905,2,0,0,0.4538325071334839,3.590430974960327,0.37694814801216125,3.665825128555298,0.20955237746238708,3.7951877117156982,0.06028778478503227,4.169256210327148
906,2,0,0,0.4369618892669678,3.582075357437134,0.39137235283851624,3.640432834625244,0.2506975531578064,3.6648383140563965,0.10724250227212906,3.829399824142456
907,2,0,0,0.4187459945678711,3.5943315029144287,0.37874680757522583,3.6792516708374023,0.2806819975376129,3.735008955001831,0.13073979318141937,3.8358230590820312
908,2,0,0,0.4485809803009033,3.592989206314087,0.37693318724632263,3.65478777885437,0.20865552127361298,3.7778308391571045,0.06552933901548386,4.179744720458984
909,2,0,0,0.44479432702064514,3.5953938961029053,0.37682855129241943,3.6680991649627686,0.20694155991077423,3.820917844772339,0.06028778478503227,4.264462947845459
910,2,0,0,0.42769449949264526,3.5987651348114014,0.3560516834259033,3.7007877826690674,0.22561582922935486,3.8522591590881348,0.08573819696903229,4.200371742248535
911,2,0,0,0.46273118257522583,3.572314500808716,0.37756097316741943,3.623030424118042,0.1960797905921936,3.7384254932403564,0.05680006369948387,4.169824600219727
912,2,0,0,0.4426717758178711,3.592958688735962,0.37328603863716125,3.6754939556121826,0.215680792927742,3.79671049118042,0.07196667790412903,4.170589923858643
913,2,0,0,0.41835737228393555,3.5954554080963135,0.3645916283130646,3.6947317123413086,0.26391103863716125,3.7769219875335693,0.12559789419174194,3.9041574001312256
914,2,0,0,0.46237245202064514,3.580862045288086,0.37952905893325806,3.6344900131225586,0.19200414419174194,3.7546708583831787,0.04613759368658066,4.245356559753418
915,2,0,0,0.4550083577632904,3.5903944969177246,0.3792002201080322,3.651280403137207,0.1960200071334839,3.7781505584716797,0.05187739059329033,4.2262773513793945
916,2,0,0,0.45087292790412903,3.591256618499756,0.3748604953289032,3.6611993312835693,0.20398198068141937,3.812652587890625,0.0594308041036129,4.248490810394287
917,2,0,0,0.4331951439380646,3.590333938598633,0.3839186131954193,3.6697640419006348,0.25469347834587097,3.7277672290802,0.111328125,3.8691370487213135
918,2,0,0,0.4547891318798065,3.593790292739868,0.37482061982154846,3.6528420448303223,0.1946149468421936,3.766871452331543,0.047632332891225815,4.24100399017334
919,2,0,0,0.44515305757522583,3.5938172340393066,0.38282743096351624,3.654376268386841,0.22037427127361298,3.726701259613037,0.07565369457006454,4.001580715179443
920,2,0,0,0.4540317952632904,3.5865285396575928,0.376973032951355,3.644832134246826,0.20364317297935486,3.7394793033599854,0.05381058529019356,4.137407302856445
921,2,0,0,0.430683970451355,3.5989818572998047,0.37066027522087097,3.7088704109191895,0.2540358006954193,3.8117129802703857,0.10696348547935486,4.032979488372803
922,2,0,0,0.4499063193798065,3.5927927494049072,0.3761758506298065,3.6596555709838867,0.20304527878761292,3.7879858016967773,0.054328761994838715,4.199559688568115
923,2,0,0,0.42185506224632263,3.5897860527038574,0.38504961133003235,3.663513660430908,0.27460339665412903,3.665856122970581,0.12117346376180649,3.744901418685913
924,2,0,0,0.43257731199264526,3.592536211013794,0.37228456139564514,3.666537284851074,0.23283043503761292,3.771324634552002,0.09309231489896774,4.013701438903809
925,2,0,0,0.4474051296710968,3.5922534465789795,0.37385401129722595,3.6779327392578125,0.21181440353393555,3.8086657524108887,0.06800063699483871,4.160023212432861
926,2,0,0,0.4478236436843872,3.5848910808563232,0.3722546696662903,3.6487090587615967,0.22397162020206451,3.753603935241699,0.0869140625,4.005503177642822
927,2,0,0,0.43523794412612915,3.591982126235962,0.3772570490837097,3.6708269119262695,0.23689612746238708,3.76893949508667,0.0930524542927742,4.0167059898376465
928,2,0,0,0.44966715574264526,3.5910913944244385,0.38045579195022583,3.659241199493408,0.20960219204425812,3.783921241760254,0.06154336780309677,4.17648983001709
929,2,0,0,0.4831094443798065,3.5678720474243164,0.388392835855484,3.6036534309387207,0.17981703579425812,3.7010252475738525,0.033103473484516144,4.2311859130859375
930,2,0,0,0.44592034816741943,3.5840799808502197,0.37760084867477417,3.6570606231689453,0.23795239627361298,3.7801833152770996,0.09376993030309677,4.056747913360596
931,2,0,0,0.42930883169174194,3.5879950523376465,0.38389867544174194,3.660557985305786,0.27150431275367737,3.6743741035461426,0.11543367058038712,3.7448203563690186
932,2,0,0,0.43922391533851624,3.5908069610595703,0.373066782951355,3.6612799167633057,0.23125597834587097,3.7663204669952393,0.08854831010103226,4.0303850173950195
933,2,0,0,0.4364536702632904,3.5867714881896973,0.37175142765045166,3.6648528575897217,0.24306440353393555,3.7566826343536377,0.09761638939380646,4.00632905960083
934,2,0,0,0.43188974261283875,3.594102621078491,0.3867536187171936,3.6589412689208984,0.2418387234210968,3.709341049194336,0.09560347348451614,3.8644986152648926
935,2,0,0,0.4684610068798065,3.571164131164551,0.38001734018325806,3.633805751800537,0.19973692297935486,3.743464469909668,0.05743781849741936,4.180083274841309
936,2,0,0,0.4340023100376129,3.5950450897216797,0.3762904405593872,3.6657707691192627,0.2454061657190323,3.7175052165985107,0.10052614659070969,3.898096799850464
937,2,0,0,0.4381178021430969,3.5950734615325928,0.3785325586795807,3.661090135574341,0.2287348508834839,3.7627429962158203,0.08502072840929031,4.029770374298096
938,2,0,0,0.4765724539756775,3.5698482990264893,0.3840780258178711,3.6214098930358887,0.1787109375,3.7226498126983643,0.03150908648967743,4.261227130889893
939,2,0,0,0.4432896077632904,3.5980892181396484,0.37107381224632263,3.681400775909424,0.21252192556858063,3.8098185062408447,0.06786112487316132,4.219676971435547
940,2,0,0,0.4411969780921936,3.5978543758392334,0.37239915132522583,3.685959815979004,0.22199855744838715,3.8215279579162598,0.07786591351032257,4.155106067657471
941,2,0,0,0.4565529227256775,3.5858869552612305,0.3771274983882904,3.649707317352295,0.1944754421710968,3.7635786533355713,0.04318797588348389,4.258421897888184
942,2,0,0,0.4608577787876129,3.5673975944519043,0.37681859731674194,3.6336326599121094,0.21419602632522583,3.7580368518829346,0.07571348547935486,4.166622638702393
943,2,0,0,0.4328364133834839,3.595842123031616,0.36237943172454834,3.7030153274536133,0.2414301633834839,3.850998878479004,0.09954958409070969,4.098498344421387
944,2,0,0,0.45517775416374207,3.5857086181640625,0.37661927938461304,3.6463770866394043,0.19716596603393555,3.742696762084961,0.048828125,4.129796028137207
945,2,0,0,0.4370715022087097,3.5938305854797363,0.36981824040412903,3.6915283203125,0.24691087007522583,3.830575466156006,0.1089564710855484,4.13535737991333
946,2,0,0,0.4481225907802582,3.591505527496338,0.37538862228393555,3.6557564735412598,0.21089763939380646,3.7646474838256836,0.06421396881341934,4.138113021850586
947,2,0,0,0.43369337916374207,3.5854969024658203,0.38822343945503235,3.640468120574951,0.2514548599720001,3.671316385269165,0.10841836780309677,3.8099265098571777
948,2,0,0,0.4600904583930969,3.586428642272949,0.38352498412132263,3.639519214630127,0.19865074753761292,3.725507974624634,0.0514787919819355,4.121176719665527
949,2,0,0,0.4342314898967743,3.5993895530700684,0.3770477771759033,3.6826164722442627,0.23638790845870972,3.770845651626587,0.09062100946903229,3.9747085571289062
950,2,0,0,0.43327486515045166,3.589512348175049,0.3811931908130646,3.655116558074951,0.24064293503761292,3.7418112754821777,0.09520487487316132,3.926313638687134
951,2,0,0,0.4211276173591614,3.6032512187957764,0.36871710419654846,3.7156872749328613,0.2720324397087097,3.818601369857788,0.12308673560619354,4.051975250244141
952,2,0,0,0.4754364490509033,3.5685901641845703,0.38313135504722595,3.621384620666504,0.17944833636283875,3.7308974266052246,0.03358178958296776,4.224332332611084
953,2,0,0,0.4449736773967743,3.5976171493530273,0.37816885113716125,3.6670618057250977,0.20947265625,3.7894961833953857,0.06257972121238708,4.170382022857666
954,2,0,0,0.44359853863716125,3.5892038345336914,0.37468111515045166,3.669255256652832,0.23334860801696777,3.7904086112976074,0.09000318497419357,4.054472923278809
955,2,0,0,0.43678250908851624,3.5797133445739746,0.3655482530593872,3.6728501319885254,0.23287029564380646,3.7871110439300537,0.09859295189380646,4.074186325073242
956,2,0,0,0.4413564205169678,3.593280792236328,0.3841029405593872,3.6549012660980225,0.23121611773967743,3.7298624515533447,0.0857979878783226,3.9405343532562256
957,2,0,0,0.4426119923591614,3.5934438705444336,0.3791952133178711,3.659133195877075,0.222028449177742,3.7729005813598633,0.07346141338348389,4.106077194213867
958,2,0,0,0.45482900738716125,3.5904080867767334,0.3766292631626129,3.6559643745422363,0.1862543821334839,3.7750253677368164,0.04007892310619354,4.208851337432861
959,2,0,0,0.4213169515132904,3.5906810760498047,0.3867685794830322,3.662174940109253,0.2725506126880646,3.687177896499634,0.11818399280309677,3.785665988922119
960,2,0,0,0.4523477256298065,3.5851874351501465,0.3823740482330322,3.6512560844421387,0.2119240164756775,3.763718366622925,0.07106982916593552,4.105159759521484
961,2,0,0,0.4499063193798065,3.5852842330932617,0.37720224261283875,3.648799419403076,0.2113659828901291,3.745556592941284,0.06540975719690323,4.083790302276611
962,2,0,0,0.44513311982154846,3.589053153991699,0.38144728541374207,3.659865617752075,0.22340361773967743,3.7701950073242188,0.07862324267625809,4.097591876983643
963,2,0,0,0.44792330265045166,3.5933704376220703,0.37740153074264526,3.659176826477051,0.20572583377361298,3.7722935676574707,0.05771683529019356,4.156767845153809
964,2,0,0,0.41576650738716125,3.5887880325317383,0.3701171875,3.6774539947509766,0.25783243775367737,3.7810542583465576,0.11182636767625809,3.989128589630127
965,2,0,0,0.4440668821334839,3.5929806232452393,0.3819305896759033,3.667653799057007,0.23114636540412903,3.774961233139038,0.08434311300516129,4.030245780944824
966,2,0,0,0.4324178695678711,3.590772867202759,0.3807796537876129,3.6654715538024902,0.23994538187980652,3.724407196044922,0.0943080335855484,3.924344778060913
967,2,0,0,0.47841596603393555,3.5647573471069336,0.3869031071662903,3.607407331466675,0.19625917077064514,3.7091140747070312,0.05389030650258064,4.130917072296143
968,2,0,0,0.4276147782802582,3.597618341445923,0.3677256107330322,3.7016963958740234,0.24605388939380646,3.826340436935425,0.10293765366077423,4.091965198516846
969,2,0,0,0.45114198327064514,3.5934884548187256,0.37419283390045166,3.6580915451049805,0.2019391655921936,3.768714427947998,0.05805564299225807,4.165465354919434
970,2,0,0,0.42483457922935486,3.5989725589752197,0.37271803617477417,3.6881802082061768,0.25184351205825806,3.8046135902404785,0.10790018737316132,4.04377555847168
971,2,0,0,0.44924864172935486,3.5913093090057373,0.3860461115837097,3.6502110958099365,0.22297511994838715,3.734805107116699,0.07772640138864517,4.014871597290039
972,2,0,0,0.4563934803009033,3.576986789703369,0.37920519709587097,3.6430861949920654,0.22397162020206451,3.756807327270508,0.080078125,4.089596748352051
973,2,0,0,0.4498365521430969,3.5926852226257324,0.37787488102912903,3.6718661785125732,0.2205735743045807,3.770770311355591,0.07322225719690323,4.063962936401367
974,2,0,0,0.4472556412220001,3.592184066772461,0.3712432086467743,3.675801992416382,0.20852598547935486,3.818359851837158,0.06714365631341934,4.2238054275512695
975,2,0,0,0.46111685037612915,3.5757012367248535,0.3711535334587097,3.631906747817993,0.19598014652729034,3.774902105331421,0.05857381969690323,4.233072280883789
976,2,0,0,0.43685227632522583,3.5948128700256348,0.3746063709259033,3.669029712677002,0.22833624482154846,3.7459630966186523,0.09213568270206451,3.9405148029327393
977,2,0,0,0.43503865599632263,3.5843279361724854,0.36736685037612915,3.6717028617858887,0.2333984375,3.810861587524414,0.09552375227212906,4.112038612365723
978,2,0,0,0.458984375,3.583890676498413,0.38018175959587097,3.637843370437622,0.18950293958187103,3.752169132232666,0.040118779987096786,4.182811737060547
979,2,0,0,0.4554468095302582,3.589585304260254,0.3785574734210968,3.6438705921173096,0.18781886994838715,3.7580113410949707,0.0440848208963871,4.201175212860107
980,2,0,0,0.44103753566741943,3.5844686031341553,0.3816167116165161,3.6470911502838135,0.2365373820066452,3.729241371154785,0.09088010340929031,3.948026418685913
981,2,0,0,0.45749959349632263,3.586940050125122,0.37954896688461304,3.6511282920837402,0.19369818270206451,3.7641217708587646,0.04755261540412903,4.233026027679443
982,2,0,0,0.4347098171710968,3.5989134311676025,0.3784079849720001,3.6904196739196777,0.25262075662612915,3.785057783126831,0.09799505770206451,4.001220226287842
983,2,0,0,0.45789819955825806,3.587190628051758,0.3801020383834839,3.6400744915008545,0.1899513602256775,3.758734703063965,0.04245057329535484,4.216432094573975
984,2,0,0,0.4640664756298065,3.5742108821868896,0.3787069320678711,3.637380361557007,0.21250198781490326,3.7647361755371094,0.07091039419174194,4.08825159072876
985,2,0,0,0.4404894709587097,3.596597671508789,0.357666015625,3.6780943870544434,0.21210339665412903,3.8287055492401123,0.07955994457006454,4.161072254180908
986,2,0,0,0.48482340574264526,3.563706159591675,0.38783979415893555,3.609203338623047,0.17740553617477417,3.683311700820923,0.03322305530309677,4.160768032073975
987,2,0,0,0.423359751701355,3.5885605812072754,0.3814871609210968,3.6693570613861084,0.2622867524623871,3.735344409942627,0.11210538446903229,3.895644426345825
988,2,0,0,0.40497449040412903,3.593036413192749,0.3744070827960968,3.692487955093384,0.30319276452064514,3.7387759685516357,0.15351960062980652,3.822277069091797
989,2,0,0,0.44326967000961304,3.5904953479766846,0.37410813570022583,3.666564464569092,0.2178431898355484,3.8052239418029785,0.07509566098451614,4.176751613616943
990,2,0,0,0.4676339328289032,3.5720252990722656,0.38313135504722595,3.631892442703247,0.2041015625,3.7202422618865967,0.061025191098451614,4.113977909088135
991,2,0,0,0.42799344658851624,3.5928521156311035,0.3750448226928711,3.6659891605377197,0.2338966727256775,3.7568166255950928,0.09436782449483871,3.98880672454834
992,2,0,0,0.45029494166374207,3.5934760570526123,0.3777752220630646,3.6556098461151123,0.20649313926696777,3.7721261978149414,0.06429368257522583,4.179169178009033
993,2,0,0,0.4678332209587097,3.5745718479156494,0.3841477930545807,3.637509822845459,0.2008230984210968,3.7515506744384766,0.054049745202064514,4.161135673522949
994,2,0,0,0.44395726919174194,3.590904951095581,0.3727230131626129,3.670057535171509,0.20932318270206451,3.805388927459717,0.06660554558038712,4.209455490112305
995,2,0,0,0.44996610283851624,3.584652900695801,0.3817063868045807,3.65004563331604,0.21599967777729034,3.7755582332611084,0.06907685101032257,4.148586273193359
996,2,0,0,0.4428112804889679,3.58984637260437,0.3850197196006775,3.6506242752075195,0.22219786047935486,3.7418153285980225,0.07718829810619354,4.059385299682617
997,2,0,0,0.44954758882522583,3.5807416439056396,0.38121312856674194,3.636392116546631,0.23136559128761292,3.6986820697784424,0.08450254797935486,3.904716968536377
998,2,0,0,0.42743542790412903,3.5945820808410645,0.3748156428337097,3.677509307861328,0.26613321900367737,3.716291666030884,0.1150948628783226,3.86891770362854
999,2,0,0,0.4141322374343872,3.6007604598999023,0.36643514037132263,3.7091848850250244,0.27402541041374207,3.7654097080230713,0.13151705265045166,3.8628580570220947
1000,2,0,0,0.4391043484210968,3.588585138320923,0.3779795169830322,3.648862361907959,0.23038902878761292,3.725346088409424,0.09064093977212906,3.95096755027771
1001,2,0,0,0.4484414756298065,3.5885515213012695,0.3666543662548065,3.6647324562072754,0.21151545643806458,3.8164515495300293,0.07639110088348389,4.169319152832031
1002,2,0,0,0.44910913705825806,3.597661256790161,0.373744398355484,3.678637981414795,0.2054966539144516,3.8042867183685303,0.05389030650258064,4.142751693725586
1003,2,0,0,0.44123682379722595,3.593961000442505,0.38463109731674194,3.673821449279785,0.23959662020206451,3.7531192302703857,0.09321188926696777,3.9848194122314453
1004,2,0,0,0.43844667077064514,3.5975136756896973,0.3748804032802582,3.694258451461792,0.2323521226644516,3.7912681102752686,0.08723293989896774,4.118803024291992
1005,2,0,0,0.4546595811843872,3.588677406311035,0.3823840022087097,3.637740135192871,0.20343390107154846,3.749547004699707,0.05869339779019356,4.142954349517822
1006,2,0,0,0.4318598508834839,3.5902671813964844,0.3747807741165161,3.6604626178741455,0.2375936657190323,3.7218050956726074,0.09911112487316132,3.8562235832214355
1007,2,0,0,0.45114198327064514,3.5913238525390625,0.379902720451355,3.641695499420166,0.19442561268806458,3.757521390914917,0.04745296388864517,4.176396369934082
1008,2,0,0,0.4235391318798065,3.5981225967407227,0.37484055757522583,3.6831932067871094,0.25952646136283875,3.746659517288208,0.11726721376180649,3.8761045932769775
1009,2,0,0,0.4395428001880646,3.5839624404907227,0.362568736076355,3.674146890640259,0.2343849539756775,3.825432538986206,0.09412866830825806,4.12005090713501
1010,2,0,0,0.4605189561843872,3.5843467712402344,0.37682855129241943,3.6364452838897705,0.18442083895206451,3.767169237136841,0.04173309728503227,4.302292346954346
1011,2,0,0,0.4472556412220001,3.5929417610168457,0.3816366195678711,3.6731162071228027,0.22895407676696777,3.793828248977661,0.07989875227212906,4.1421799659729
1012,2,0,0,0.4865274131298065,3.5596017837524414,0.3928820490837097,3.5980114936828613,0.18025550246238708,3.6791419982910156,0.030911192297935486,4.188910484313965
1013,2,0,0,0.4614357352256775,3.5788450241088867,0.38265305757522583,3.650416612625122,0.2160295695066452,3.749757766723633,0.06841916590929031,4.140110492706299
1014,2,0,0,0.4506038725376129,3.5959219932556152,0.37506476044654846,3.6672024726867676,0.20371292531490326,3.801790237426758,0.058533959090709686,4.260129451751709
1015,2,0,0,0.43789857625961304,3.586200714111328,0.37296217679977417,3.6564290523529053,0.2495216727256775,3.7323882579803467,0.10857780277729034,3.9188692569732666
1016,2,0,0,0.43418166041374207,3.5928025245666504,0.36759108304977417,3.676945447921753,0.2451171875,3.7632734775543213,0.09819435328245163,3.982748031616211
1017,2,0,0,0.43877550959587097,3.589616537094116,0.3818110227584839,3.6661665439605713,0.23934748768806458,3.7529871463775635,0.09855309128761292,4.011931419372559
1018,2,0,0,0.4349888265132904,3.5874874591827393,0.3816515803337097,3.657723903656006,0.25423508882522583,3.7103829383850098,0.10662467777729034,3.8435513973236084
1019,2,0,0,0.42819276452064514,3.589085340499878,0.3726980984210968,3.6696345806121826,0.23679646849632263,3.752640724182129,0.09231504797935486,3.949697732925415
1020,2,0,0,0.45586535334587097,3.5868582725524902,0.3815768361091614,3.6422228813171387,0.20962212979793549,3.743344783782959,0.06519053131341934,4.125038146972656
1021,2,0,0,0.43935346603393555,3.5925607681274414,0.3800821006298065,3.6626029014587402,0.2297114133834839,3.7641854286193848,0.08498086780309677,4.013367652893066
1022,2,0,0,0.43550699949264526,3.5937442779541016,0.37700793147087097,3.6765828132629395,0.23078761994838715,3.7724525928497314,0.08777104318141937,4.020208835601807
1023,2,0,0,0.44695669412612915,3.59295916557312,0.37817880511283875,3.668177366256714,0.22019490599632263,3.80472469329834,0.07421875,4.149838924407959
1024,2,0,0,0.4566226899623871,3.590620517730713,0.3829021751880646,3.661184072494507,0.21670718491077423,3.7530694007873535,0.06833944469690323,4.132983207702637
1025,2,0,0,0.44052931666374207,3.5860025882720947,0.375244140625,3.6551194190979004,0.23892895877361298,3.7343287467956543,0.09008290618658066,3.994690179824829
1026,2,0,0,0.46808233857154846,3.577949047088623,0.38556280732154846,3.6305437088012695,0.203962042927742,3.7103772163391113,0.05634167790412903,4.07852840423584
1027,2,0,0,0.4379185140132904,3.5904064178466797,0.37339064478874207,3.6658170223236084,0.23011000454425812,3.781742572784424,0.09014269709587097,4.065664291381836
1028,2,0,0,0.44708624482154846,3.5926313400268555,0.3729870915412903,3.663959503173828,0.20733019709587097,3.767951488494873,0.060606662184000015,4.171325206756592
1029,2,0,0,0.4429408311843872,3.5943307876586914,0.3743622303009033,3.667003870010376,0.22597455978393555,3.7820258140563965,0.08075574040412903,4.070582389831543
1030,2,0,0,0.42240312695503235,3.5886433124542236,0.3793447017669678,3.664468765258789,0.27102598547935486,3.7028825283050537,0.12079480290412903,3.828411102294922
1031,2,0,0,0.45143094658851624,3.573749542236328,0.37741151452064514,3.645904779434204,0.223005011677742,3.771571636199951,0.08215082436800003,4.084182262420654
1032,2,0,0,0.44946786761283875,3.5926616191864014,0.3731515109539032,3.666884660720825,0.20595502853393555,3.7837235927581787,0.057278379797935486,4.152052879333496
1033,2,0,0,0.43006616830825806,3.593493700027466,0.36638033390045166,3.6810998916625977,0.23768335580825806,3.8268070220947266,0.09355069696903229,4.1414570808410645
1034,2,0,0,0.4476144015789032,3.5917763710021973,0.37288743257522583,3.658524751663208,0.19333943724632263,3.7889392375946045,0.04864875599741936,4.295780181884766
1035,2,0,0,0.452168345451355,3.589430570602417,0.3795340359210968,3.651088237762451,0.19549186527729034,3.771587371826172,0.05090082809329033,4.1996870040893555
1036,2,0,0,0.432637095451355,3.589137554168701,0.3649304509162903,3.6702210903167725,0.2315848171710968,3.803743600845337,0.09642060101032257,4.0686235427856445
1037,2,0,0,0.4468570649623871,3.591418981552124,0.37942442297935486,3.6503310203552246,0.20978155732154846,3.769190549850464,0.06534996628761292,4.157670021057129
1038,2,0,0,0.45266661047935486,3.5914454460144043,0.3776705861091614,3.650501251220703,0.19896961748600006,3.7760305404663086,0.04759247228503227,4.281826019287109
1039,2,0,0,0.4434988796710968,3.5952680110931396,0.37637513875961304,3.672729730606079,0.2216796875,3.78373646736145,0.0744977667927742,4.126805782318115
1040,2,0,0,0.4540218412876129,3.5900750160217285,0.3778699040412903,3.647995710372925,0.20028498768806458,3.777003765106201,0.05520567670464516,4.242960453033447
1041,2,0,0,0.43864595890045166,3.594538688659668,0.37412306666374207,3.6657254695892334,0.22500796616077423,3.7751991748809814,0.0803571417927742,4.099950313568115
1042,2,0,0,0.42025071382522583,3.5929861068725586,0.3715322017669678,3.677556037902832,0.2574039399623871,3.740776538848877,0.11232461780309677,3.9072036743164062
1043,2,0,0,0.43628427386283875,3.5935773849487305,0.37147241830825806,3.6772358417510986,0.22381217777729034,3.801602840423584,0.0825892835855484,4.133204460144043
1044,2,0,0,0.4600107669830322,3.581743001937866,0.37765565514564514,3.6371889114379883,0.19383768737316132,3.7542154788970947,0.050283003598451614,4.193024158477783
1045,2,0,0,0.46531209349632263,3.578648567199707,0.3792450428009033,3.6217615604400635,0.18392258882522583,3.7415614128112793,0.04013871029019356,4.2199602127075195
1046,2,0,0,0.4204998314380646,3.5817337036132812,0.38134765625,3.6526169776916504,0.28336256742477417,3.680018186569214,0.1280691921710968,3.782135009765625
1047,2,0,0,0.4458705186843872,3.5895538330078125,0.37836316227912903,3.667548894882202,0.22485849261283875,3.79388427734375,0.07991868257522583,4.115461349487305
1048,2,0,0,0.4475545883178711,3.5903635025024414,0.3735799789428711,3.662998914718628,0.20873524248600006,3.7923331260681152,0.06443319469690323,4.219610214233398
1049,2,0,0,0.4313018023967743,3.600226402282715,0.3770129084587097,3.677988052368164,0.2568857669830322,3.711470603942871,0.10445232689380646,3.8376264572143555
1050,2,0,0,0.4527662396430969,3.595144748687744,0.37464624643325806,3.6590640544891357,0.2051478773355484,3.7700977325439453,0.05638153478503227,4.171085357666016
1051,2,0,0,0.46224290132522583,3.5831806659698486,0.37839803099632263,3.6346352100372314,0.1831752210855484,3.738004684448242,0.0355747751891613,4.243697643280029
1052,2,0,0,0.4480926990509033,3.5917673110961914,0.3746263086795807,3.6691536903381348,0.20287586748600006,3.807800054550171,0.058354590088129044,4.234631061553955
1053,2,0,0,0.44968709349632263,3.5945441722869873,0.38148218393325806,3.6621694564819336,0.21793286502361298,3.77251935005188,0.07067123800516129,4.115905284881592
1054,2,0,0,0.46208345890045166,3.5713915824890137,0.3764150142669678,3.6341662406921387,0.20225805044174194,3.754988431930542,0.06162308529019356,4.19113826751709
1055,2,0,0,0.4532545208930969,3.590040683746338,0.3739536702632904,3.6487061977386475,0.18831712007522583,3.7710869312286377,0.042610011994838715,4.241346836090088
1056,2,0,0,0.44786351919174194,3.5936944484710693,0.3746013939380646,3.6537561416625977,0.20559629797935486,3.772392511367798,0.05939094349741936,4.174160957336426
1057,2,0,0,0.42457547783851624,3.5978829860687256,0.38096898794174194,3.6862754821777344,0.27830037474632263,3.7129762172698975,0.130859375,3.8134329319000244
1058,2,0,0,0.4263392686843872,3.587883234024048,0.38793447613716125,3.6537630558013916,0.27382612228393555,3.685177803039551,0.11736686527729034,3.7943623065948486
1059,2,0,0,0.4229412376880646,3.58933162689209,0.37369459867477417,3.672008752822876,0.2449178844690323,3.775653123855591,0.10064572840929031,3.9964356422424316
1060,2,0,0,0.44108736515045166,3.5950660705566406,0.3735849857330322,3.67028546333313,0.22264628112316132,3.7972967624664307,0.07599250227212906,4.144767761230469
1061,2,0,0,0.431640625,3.5839180946350098,0.36111387610435486,3.671095609664917,0.24876435101032257,3.8093655109405518,0.11079001426696777,4.060802459716797
1062,2,0,0,0.471400648355484,3.5717034339904785,0.38457629084587097,3.618635416030884,0.19743502140045166,3.7128148078918457,0.0520368292927742,4.1110687255859375
1063,2,0,0,0.42888033390045166,3.603499174118042,0.36091458797454834,3.702141284942627,0.23294004797935486,3.846423625946045,0.0915178582072258,4.160060882568359
1064,2,0,0,0.43697184324264526,3.5903172492980957,0.3756875693798065,3.6574361324310303,0.24420040845870972,3.734718084335327,0.09648038446903229,3.9471182823181152
1065,2,0,0,0.44157564640045166,3.5946335792541504,0.3753238618373871,3.660874366760254,0.20656289160251617,3.783588171005249,0.0641741082072258,4.202484607696533
1066,2,0,0,0.44889986515045166,3.5995826721191406,0.3790307939052582,3.6742866039276123,0.21244220435619354,3.787278890609741,0.06287866830825806,4.150554656982422
1067,2,0,0,0.4448840022087097,3.5888900756835938,0.37612104415893555,3.6595001220703125,0.21240234375,3.7982640266418457,0.06786112487316132,4.1767988204956055
1068,2,0,0,0.45980149507522583,3.5828311443328857,0.37774035334587097,3.641702175140381,0.1922532618045807,3.790545701980591,0.0482700876891613,4.290668964385986
1069,2,0,0,0.42400747537612915,3.590622901916504,0.3805554509162903,3.665693521499634,0.26532605290412903,3.717832088470459,0.11782525479793549,3.847090721130371
1070,3,0,0,0.4676937162876129,3.5887629985809326,0.385219007730484,3.6296191215515137,0.1893235743045807,3.701352596282959,0.040238361805677414,4.081228256225586
1071,3,0,0,0.4627411365509033,3.5911879539489746,0.3848104476928711,3.6409049034118652,0.1936483532190323,3.7219676971435547,0.04508131369948387,4.07382869720459
1072,3,0,0,0.43765944242477417,3.592622995376587,0.39016661047935486,3.6583235263824463,0.25813138484954834,3.70711088180542,0.1067243292927742,3.8577029705047607
1073,3,0,0,0.45937299728393555,3.5841124057769775,0.3776705861091614,3.6629815101623535,0.20872528851032257,3.8096532821655273,0.06558912247419357,4.192342758178711
1074,3,0,0,0.47256654500961304,3.577251434326172,0.388148695230484,3.612877607345581,0.17880061268806458,3.672351360321045,0.03109056130051613,4.086538314819336
1075,3,0,0,0.4700653553009033,3.5712499618530273,0.38844266533851624,3.629845380783081,0.21319952607154846,3.7062864303588867,0.06776148080825806,3.982941150665283
1076,3,0,0,0.4603097140789032,3.582296133041382,0.3836694657802582,3.6517324447631836,0.21229273080825806,3.7438509464263916,0.05801578238606453,4.149089813232422
1077,3,0,0,0.4673548936843872,3.5815138816833496,0.3872867524623871,3.630850315093994,0.19458505511283875,3.709735155105591,0.04147401079535484,4.103796482086182
1078,3,0,0,0.44494378566741943,3.5955522060394287,0.3817661702632904,3.6786301136016846,0.2355608195066452,3.7520623207092285,0.08685427159070969,3.9738411903381348
1079,3,0,0,0.4940011203289032,3.5598902702331543,0.39620035886764526,3.5832443237304688,0.17224369943141937,3.636042833328247,0.027722416445612907,4.024442672729492
1080,3,0,0,0.48831114172935486,3.5637001991271973,0.39557257294654846,3.5880494117736816,0.1720842570066452,3.648503065109253,0.02706473134458065,4.022827625274658
1081,3,0,0,0.4656110405921936,3.583049774169922,0.38738638162612915,3.6363472938537598,0.18773914873600006,3.7388534545898438,0.034956950694322586,4.244583606719971
1082,3,0,0,0.49242663383483887,3.5614173412323,0.39395326375961304,3.5826125144958496,0.1712571680545807,3.6267893314361572,0.02774234674870968,4.054597854614258
1083,3,0,0,0.45440050959587097,3.5996053218841553,0.3816715180873871,3.675600290298462,0.2165876030921936,3.797515630722046,0.06437340378761292,4.147058963775635
1084,3,0,0,0.44306042790412903,3.5942602157592773,0.377685546875,3.6725194454193115,0.2234335094690323,3.740834951400757,0.07559391111135483,3.988136053085327
1085,3,0,0,0.4627610743045807,3.5881478786468506,0.3850994408130646,3.641433000564575,0.19863080978393555,3.7508654594421387,0.044862084090709686,4.212794303894043
1086,3,0,0,0.44494378566741943,3.5955522060394287,0.3817661702632904,3.6786301136016846,0.2355608195066452,3.7520623207092285,0.08685427159070969,3.9738411903381348
1087,3,0,0,0.4705735743045807,3.579315185546875,0.3868931233882904,3.6303975582122803,0.19870057702064514,3.7159478664398193,0.04920678958296776,4.076954364776611
1088,3,0,0,0.4465182423591614,3.5931620597839355,0.38704758882522583,3.658376455307007,0.22734972834587097,3.7379794120788574,0.08107461780309677,3.968780755996704
1089,3,0,0,0.485072523355484,3.5644233226776123,0.3953234553337097,3.6068713665008545,0.1975346803665161,3.6785552501678467,0.0577566958963871,4.01104211807251
1090,3,0,0,0.4888293147087097,3.5665273666381836,0.3944365680217743,3.589111328125,0.1735590696334839,3.646552324295044,0.029057716950774193,4.067215442657471
1091,3,0,0,0.4710618555545807,3.58186674118042,0.38857221603393555,3.6299431324005127,0.1917649805545807,3.7336313724517822,0.04326769709587097,4.269921779632568
1092,3,0,0,0.4652722179889679,3.5816752910614014,0.38648954033851624,3.6245455741882324,0.19338926672935486,3.6955738067626953,0.042769450694322586,4.091798782348633
1093,3,0,0,0.45979151129722595,3.591599702835083,0.38537347316741943,3.653841257095337,0.20736008882522583,3.7532799243927,0.056700412184000015,4.1532511711120605
1094,3,0,0,0.45747965574264526,3.5869219303131104,0.38697782158851624,3.65893292427063,0.224958136677742,3.7757697105407715,0.0697544664144516,4.163714408874512
1095,3,0,0,0.48272082209587097,3.5673177242279053,0.3924037218093872,3.605114459991455,0.18660315871238708,3.686638832092285,0.03435905650258064,4.083526611328125
1096,3,0,0,0.45929327607154846,3.5929791927337646,0.38510939478874207,3.654819965362549,0.20085299015045166,3.7683072090148926,0.04878826439380646,4.210784435272217
1097,3,0,0,0.47135084867477417,3.5808968544006348,0.3881686329841614,3.6157727241516113,0.18460020422935486,3.6843185424804688,0.03322305530309677,4.029994010925293
1098,3,0,0,0.48922792077064514,3.5637030601501465,0.39298170804977417,3.5822651386260986,0.16834741830825806,3.626080274581909,0.02592873014509678,3.9915449619293213
1099,3,0,0,0.47081273794174194,3.577877998352051,0.3884177505970001,3.628000020980835,0.2027762234210968,3.704162359237671,0.05283402279019356,4.016597747802734
1100,3,1,0,0.4285714328289032,3.587611675262451,0.36400869488716125,3.6925456523895264,0.26188814640045166,3.8002359867095947,0.13608099520206451,4.020357131958008
1101,3,0,0,0.4554966390132904,3.596543312072754,0.3824886381626129,3.647895574569702,0.202497199177742,3.7179272174835205,0.053651146590709686,4.047919750213623
1102,3,0,0,0.4584462642669678,3.5894882678985596,0.38437697291374207,3.6564955711364746,0.21767377853393555,3.7435450553894043,0.06479193270206451,4.001845359802246
1103,3,0,0,0.4742705523967743,3.5811026096343994,0.3900071680545807,3.617149591445923,0.18105268478393555,3.6959657669067383,0.03625239059329033,4.139636993408203
1104,3,0,0,0.47135084867477417,3.5808968544006348,0.3881686329841614,3.6157727241516113,0.18460020422935486,3.6843185424804688,0.03322305530309677,4.029994010925293
1105,3,0,0,0.45134127140045166,3.5956990718841553,0.3827676475048065,3.669083595275879,0.20723053812980652,3.7862088680267334,0.051259566098451614,4.187014102935791
1106,3,0,0,0.4693279564380646,3.5846107006073,0.38804906606674194,3.616116523742676,0.1768973171710968,3.6778390407562256,0.03146922588348389,4.097529888153076
1107,3,0,0,0.46318957209587097,3.585258722305298,0.38600125908851624,3.6493701934814453,0.20092274248600006,3.738481283187866,0.046635840088129044,4.094444274902344
1108,3,0,0,0.48477357625961304,3.568615436553955,0.3932407796382904,3.59472918510437,0.17786391079425812,3.6695613861083984,0.029735330492258072,4.105227947235107
1109,3,0,0,0.48027941584587097,3.569786548614502,0.39069971442222595,3.600484609603882,0.1770368218421936,3.649780511856079,0.028938136994838715,4.026859283447266
1110,3,1,0,0.46208345890045166,3.5720601081848145,0.3847157955169678,3.646670341491699,0.23713527619838715,3.7301340103149414,0.10576769709587097,3.9625022411346436
1111,3,0,0,0.4564034640789032,3.5916683673858643,0.3854830861091614,3.648200750350952,0.20377270877361298,3.7369065284729004,0.05395009368658066,4.129294395446777
1112,3,0,0,0.4734135866165161,3.5771658420562744,0.3894640803337097,3.6058950424194336,0.17880061268806458,3.677924633026123,0.03545519709587097,4.098931789398193
1113,3,0,0,0.48253148794174194,3.5693368911743164,0.39193040132522583,3.5984084606170654,0.17876075208187103,3.665198802947998,0.032007332891225815,4.096513271331787
1114,3,0,0,0.4345104992389679,3.5850839614868164,0.3926478624343872,3.6483261585235596,0.26747846603393555,3.678861379623413,0.11585219949483871,3.812145233154297
1115,3,0,0,0.4801797568798065,3.5653600692749023,0.38930463790893555,3.614718198776245,0.19919881224632263,3.67628812789917,0.052096620202064514,3.9751338958740234
1116,3,0,0,0.46829161047935486,3.5811593532562256,0.3875209093093872,3.627756357192993,0.19348891079425812,3.7239532470703125,0.04559949040412903,4.1407341957092285
1117,3,0,0,0.4583764970302582,3.592599868774414,0.384033203125,3.6463277339935303,0.20556640625,3.731058120727539,0.057676974684000015,4.007601737976074
1118,3,0,0,0.47122129797935486,3.5822196006774902,0.39111328125,3.613391399383545,0.1765385866165161,3.678877830505371,0.029635682702064514,4.152656555175781
1119,3,0,0,0.48649752140045166,3.5668258666992188,0.39323580265045166,3.5851452350616455,0.170270636677742,3.6294844150543213,0.025271045044064522,4.030756950378418
1120,3,0,0,0.49187856912612915,3.5601181983947754,0.3961206376552582,3.5811479091644287,0.170758917927742,3.6302521228790283,0.02606823854148388,3.9870030879974365
1121,3,0,0,0.444844126701355,3.58876371383667,0.3801020383834839,3.6687028408050537,0.24018454551696777,3.735095262527466,0.09968908876180649,3.9746100902557373
1122,3,0,0,0.4696567952632904,3.5815281867980957,0.3885423243045807,3.6288630962371826,0.1906987428665161,3.706641674041748,0.04284916818141937,4.1460466384887695
1123,3,0,0,0.44808274507522583,3.5811057090759277,0.3862553834915161,3.6626033782958984,0.2515246272087097,3.720216989517212,0.10768096148967743,3.8680362701416016
1124,3,0,0,0.477558970451355,3.568629503250122,0.390156626701355,3.621382713317871,0.20370295643806458,3.6857450008392334,0.0581752210855484,4.017128944396973
1125,3,0,0,0.47833624482154846,3.5699970722198486,0.3898327946662903,3.61212158203125,0.19257214665412903,3.6789133548736572,0.04161351919174194,3.997126340866089
1126,3,0,0,0.45728036761283875,3.5939550399780273,0.38421255350112915,3.6496829986572266,0.2004045695066452,3.7452139854431152,0.04322783648967743,4.211157321929932
1127,3,0,0,0.46465441584587097,3.5901477336883545,0.3866489827632904,3.6426122188568115,0.19450533390045166,3.745529890060425,0.04348692670464516,4.210357666015625
1128,3,0,0,0.47555604577064514,3.5695996284484863,0.39385363459587097,3.60522723197937,0.2041713148355484,3.656205654144287,0.06136399880051613,3.8635921478271484
1129,3,0,0,0.45830675959587097,3.5936684608459473,0.3824188709259033,3.659322738647461,0.21141581237316132,3.7579658031463623,0.057955995202064514,4.1605916023254395
1130,3,0,0,0.48651745915412903,3.5669867992401123,0.3943568468093872,3.584580898284912,0.1713269203901291,3.6349096298217773,0.026267537847161293,4.0462822914123535
1131,3,0,0,0.46852079033851624,3.5851712226867676,0.3877202272415161,3.631854295730591,0.19103755056858063,3.702467203140259,0.04318797588348389,4.127826690673828
1132,3,0,0,0.49151983857154846,3.5600202083587646,0.3972417116165161,3.588275194168091,0.1819196343421936,3.6631245613098145,0.039122287184000015,3.998471736907959
1133,3,0,0,0.46543166041374207,3.5887553691864014,0.38563257455825806,3.6385693550109863,0.1918347328901291,3.745675563812256,0.0398995541036129,4.2322678565979
1134,3,0,0,0.46585020422935486,3.581531047821045,0.38681837916374207,3.62442684173584,0.18955276906490326,3.702239513397217,0.049585457891225815,4.0627007484436035
1135,3,0,0,0.4641362428665161,3.5899693965911865,0.38529375195503235,3.6388206481933594,0.19902941584587097,3.71636700630188,0.0461774542927742,4.118256568908691
1136,3,0,0,0.48254144191741943,3.5717413425445557,0.39151686429977417,3.619211196899414,0.19325971603393555,3.716458797454834,0.04559949040412903,4.150786876678467
1137,3,1,0,0.4254224896430969,3.5991051197052,0.38257333636283875,3.678396463394165,0.2831333577632904,3.724985122680664,0.14072464406490326,3.7962045669555664
1138,3,0,0,0.46760401129722595,3.585402250289917,0.38796934485435486,3.6383063793182373,0.19490393996238708,3.737154245376587,0.044423628598451614,4.176760673522949
1139,3,0,0,0.4019052982330322,3.591465950012207,0.39280232787132263,3.6559228897094727,0.29831990599632263,3.6630589962005615,0.13915018737316132,3.757519245147705
1140,3,0,0,0.48782286047935486,3.565612554550171,0.39437180757522583,3.586618185043335,0.17192481458187103,3.633744955062866,0.02704480104148388,4.078850269317627
1141,3,0,0,0.4676239490509033,3.589937448501587,0.3852090537548065,3.637887477874756,0.18891501426696777,3.726289749145508,0.039839763194322586,4.2006001472473145
1142,3,0,0,0.4486507475376129,3.5953845977783203,0.380580335855484,3.670978307723999,0.2074497789144516,3.7850418090820312,0.04689493030309677,4.205269813537598
1143,3,0,0,0.5134028196334839,3.540672779083252,0.4069027006626129,3.5605080127716064,0.16967274248600006,3.6066248416900635,0.026566484943032265,4.0997748374938965
1144,3,0,0,0.42957788705825806,3.5919182300567627,0.3857770562171936,3.6780450344085693,0.26773756742477417,3.7199642658233643,0.11385921388864517,3.8536670207977295
1145,3,0,0,0.47882452607154846,3.570643663406372,0.38934949040412903,3.615581512451172,0.19103755056858063,3.687392473220825,0.040118779987096786,4.037754535675049
1146,3,0,0,0.46607938408851624,3.5845377445220947,0.38537347316741943,3.6340341567993164,0.19673748314380646,3.729017972946167,0.0453404001891613,4.170989036560059
1147,3,0,0,0.4718191921710968,3.581165075302124,0.38941922783851624,3.609253168106079,0.1752331703901291,3.664031744003296,0.029197225347161293,4.049829483032227
1148,3,0,0,0.45684191584587097,3.586803436279297,0.3827626705169678,3.6680898666381836,0.22448979318141937,3.7628285884857178,0.06915656477212906,4.061671257019043
1149,3,0,0,0.4873545169830322,3.5671579837799072,0.39327067136764526,3.5839149951934814,0.16976243257522583,3.618748426437378,0.02483258955180645,3.9430177211761475
1150,3,0,0,0.4395328462123871,3.5888500213623047,0.3893943130970001,3.6512482166290283,0.2652861773967743,3.6945383548736572,0.11894132196903229,3.804959774017334
1151,3,0,0,0.47338366508483887,3.5814757347106934,0.38729172945022583,3.6209750175476074,0.18354392051696777,3.703784227371216,0.03601323440670967,4.206419467926025
1152,3,0,0,0.4325573742389679,3.5936694145202637,0.37965360283851624,3.7052154541015625,0.2759586274623871,3.7467591762542725,0.12330596148967743,3.871666431427002
1153,3,0,0,0.4684908986091614,3.5866551399230957,0.38804906606674194,3.6272101402282715,0.18504862487316132,3.7003231048583984,0.034259404987096786,4.132635116577148
1154,3,0,0,0.42838209867477417,3.598362445831299,0.379658579826355,3.695324182510376,0.26523634791374207,3.757448196411133,0.1270926296710968,3.9167320728302
1155,3,0,0,0.47025468945503235,3.5837130546569824,0.38801416754722595,3.6282808780670166,0.1863141655921936,3.714125156402588,0.03597337380051613,4.180609226226807
1156,3,0,0,0.46904894709587097,3.583280324935913,0.38842275738716125,3.6274659633636475,0.18326491117477417,3.7005600929260254,0.0341796875,4.120699882507324
1157,3,0,0,0.47268614172935486,3.5791714191436768,0.38778001070022583,3.608320713043213,0.17511360347270966,3.6608433723449707,0.03244578838348389,4.065724849700928
1158,3,0,0,0.4094686508178711,3.5962133407592773,0.3900320827960968,3.6835758686065674,0.31595781445503235,3.717538595199585,0.16655372083187103,3.837740898132324
1159,3,0,0,0.4185865521430969,3.59251070022583,0.39118799567222595,3.668691873550415,0.2930484712123871,3.6928727626800537,0.15338009595870972,3.809901237487793
1160,3,0,0,0.4955257475376129,3.5556538105010986,0.396748423576355,3.584975242614746,0.1757114976644516,3.6305222511291504,0.03069196455180645,4.003896236419678
1161,3,0,0,0.45910394191741943,3.5890345573425293,0.38328084349632263,3.6553311347961426,0.21223293244838715,3.7686636447906494,0.05687978118658066,4.1699371337890625
1162,3,0,0,0.4548090696334839,3.586972236633301,0.3789311647415161,3.6465885639190674,0.2045200914144516,3.76432466506958,0.061463646590709686,4.203307628631592
1163,3,0,0,0.48267099261283875,3.5695853233337402,0.3914022445678711,3.5980701446533203,0.17646881937980652,3.656219959259033,0.032146841287612915,4.052076816558838
1164,3,0,0,0.4228615164756775,3.59787917137146,0.39290696382522583,3.6800577640533447,0.2889229953289032,3.712216377258301,0.13472576439380646,3.8423078060150146
1165,3,0,0,0.46996569633483887,3.585174560546875,0.38744619488716125,3.6278388500213623,0.18786869943141937,3.7083752155303955,0.037866707891225815,4.184736728668213
1166,3,0,0,0.4599509537220001,3.5846567153930664,0.38473573327064514,3.6501851081848145,0.22444993257522583,3.7305541038513184,0.07788584381341934,3.9516377449035645
1167,3,0,0,0.4755161702632904,3.5791614055633545,0.3883828818798065,3.6131110191345215,0.18266700208187103,3.6797773838043213,0.03324298560619354,4.11750602722168
1168,3,0,0,0.4190050959587097,3.5836424827575684,0.39589643478393555,3.6430819034576416,0.28317323327064514,3.656121253967285,0.1222098171710968,3.7470645904541016
1169,3,0,0,0.4418845474720001,3.592977523803711,0.38019171357154846,3.6691741943359375,0.2458147257566452,3.74882435798645,0.1135602667927742,3.942786931991577
1170,3,0,0,0.4671556055545807,3.5790529251098633,0.38689810037612915,3.6413228511810303,0.2052873820066452,3.722343683242798,0.058394450694322586,4.0638227462768555
1171,3,0,0,0.4598214328289032,3.5885705947875977,0.38424745202064514,3.645228147506714,0.21189412474632263,3.7219715118408203,0.0645926296710968,4.023449420928955
1172,3,0,0,0.47638311982154846,3.578191041946411,0.3901616334915161,3.6106860637664795,0.1787109375,3.6808297634124756,0.030313296243548393,4.100591659545898
1173,3,0,0,0.4775390625,3.5791702270507812,0.3919154405593872,3.6166744232177734,0.18354392051696777,3.7071502208709717,0.03316326439380646,4.106369972229004
1174,3,0,0,0.4913603961467743,3.560546875,0.3939134180545807,3.584214448928833,0.17154616117477417,3.6286959648132324,0.02648676559329033,4.0233259201049805
1175,3,0,0,0.47793763875961304,3.570993661880493,0.38671875,3.6087145805358887,0.1820691078901291,3.688960552215576,0.03792649880051613,4.152916431427002
1176,3,0,0,0.45635363459587097,3.58906888961792,0.3798678517341614,3.649768590927124,0.20955237746238708,3.725759744644165,0.07792569696903229,3.9843990802764893
1177,3,0,0,0.4439771771430969,3.5881850719451904,0.38031628727912903,3.6617887020111084,0.2312460094690323,3.757993698120117,0.07967952638864517,4.038519382476807
1178,3,0,0,0.4681321680545807,3.58733868598938,0.3888711631298065,3.6266400814056396,0.189313605427742,3.7101800441741943,0.03918207809329033,4.150050640106201
1179,3,0,0,0.4713408648967743,3.5833616256713867,0.3875109553337097,3.626666784286499,0.18872568011283875,3.713289976119995,0.04340720549225807,4.160238742828369
1180,3,0,0,0.4629803001880646,3.5917437076568604,0.38601621985435486,3.651113271713257,0.20361328125,3.7576470375061035,0.053631216287612915,4.152359485626221
1181,3,0,0,0.468959242105484,3.580183267593384,0.3882085084915161,3.633805990219116,0.192731574177742,3.734863758087158,0.0446428544819355,4.218303680419922
1182,3,0,0,0.4595224857330322,3.580018997192383,0.38553789258003235,3.6504995822906494,0.22995056211948395,3.7448863983154297,0.07878268510103226,4.057424545288086
1183,3,0,0,0.45407167077064514,3.587003707885742,0.374287486076355,3.641857862472534,0.18368342518806458,3.7650952339172363,0.03916214779019356,4.279389381408691
1184,3,0,0,0.46962690353393555,3.5836446285247803,0.3895438015460968,3.6195337772369385,0.18123206496238708,3.6890087127685547,0.032126910984516144,4.054590702056885
1185,3,0,0,0.4718191921710968,3.581165075302124,0.38941922783851624,3.609253168106079,0.1752331703901291,3.664031744003296,0.029197225347161293,4.049829483032227
1186,3,0,0,0.46646803617477417,3.587639570236206,0.3872568607330322,3.628197193145752,0.19208386540412903,3.6931936740875244,0.04099569469690323,4.028196334838867
1187,3,0,0,0.46328920125961304,3.590811252593994,0.3863948881626129,3.631983995437622,0.18176020681858063,3.7108004093170166,0.031449299305677414,4.100760459899902
1188,3,0,0,0.4527064561843872,3.58415150642395,0.3825583755970001,3.6659328937530518,0.2414799928665161,3.721660614013672,0.08938536047935486,3.90234112739563
1189,3,0,0,0.4552176296710968,3.5948731899261475,0.38175123929977417,3.6581265926361084,0.2081473171710968,3.7565109729766846,0.047931279987096786,4.043659210205078
1190,3,0,0,0.46712571382522583,3.5870256423950195,0.3860311508178711,3.6314051151275635,0.19441565871238708,3.7147104740142822,0.04259008169174194,4.123069763183594
1191,3,0,0,0.4954858720302582,3.555638313293457,0.396484375,3.58148193359375,0.17344945669174194,3.633976697921753,0.0283203125,4.073187828063965
1192,3,0,0,0.4656110405921936,3.5848474502563477,0.38671377301216125,3.635921001434326,0.18872568011283875,3.7235333919525146,0.04099569469690323,4.165289402008057
1193,3,0,0,0.46187418699264526,3.5899460315704346,0.3875209093093872,3.6461422443389893,0.2068319469690323,3.737377166748047,0.05689971148967743,4.077057838439941
1194,3,0,0,0.4650729298591614,3.5883524417877197,0.38743123412132263,3.6294705867767334,0.18598532676696777,3.7102978229522705,0.034658003598451614,4.127659797668457
1195,3,0,0,0.4640664756298065,3.590186834335327,0.38667887449264526,3.633955240249634,0.19250239431858063,3.72481632232666,0.040915973484516144,4.170482158660889
1196,3,0,0,0.4729452133178711,3.5830893516540527,0.38886120915412903,3.6205828189849854,0.18563655018806458,3.699608087539673,0.03575414419174194,4.167223930358887
1197,3,0,0,0.462910532951355,3.5862789154052734,0.38308653235435486,3.632655620574951,0.18326491117477417,3.7220380306243896,0.04047751799225807,4.195962429046631
1198,3,0,0,0.4593231678009033,3.5860414505004883,0.386474609375,3.6490776538848877,0.2103794664144516,3.7538366317749023,0.06070631369948387,4.175312042236328
1199,3,0,0,0.4787448048591614,3.5731325149536133,0.39280232787132263,3.602369546890259,0.17479471862316132,3.6613078117370605,0.027562977746129036,4.060737609863281
1200,3,0,0,0.4573202133178711,3.591876745223999,0.3844168484210968,3.6643855571746826,0.21794283390045166,3.765031337738037,0.0616629458963871,4.112799167633057
1201,3,0,0,0.4813854992389679,3.5709407329559326,0.39199018478393555,3.6004016399383545,0.17422671616077423,3.6571149826049805,0.028918206691741943,4.054445266723633
1202,3,0,0,0.4542410671710968,3.5809714794158936,0.38633009791374207,3.6557300090789795,0.23860011994838715,3.725818634033203,0.09791533648967743,3.9401588439941406
1203,3,0,0,0.4414560794830322,3.593508005142212,0.38078463077545166,3.6674387454986572,0.24830596148967743,3.7395055294036865,0.11724728345870972,3.9134795665740967
1204,3,0,0,0.4927455186843872,3.5589709281921387,0.3968580663204193,3.594430685043335,0.1879284828901291,3.671297550201416,0.04783163219690323,4.108749866485596
1205,3,0,0,0.44660791754722595,3.582355260848999,0.380879282951355,3.6655852794647217,0.24562539160251617,3.7640066146850586,0.11027184128761292,4.015181541442871
1206,3,0,0,0.48252150416374207,3.5707736015319824,0.3916264772415161,3.5923969745635986,0.17138671875,3.650968074798584,0.026865433901548386,4.0905046463012695
1207,3,0,0,0.45830675959587097,3.5936684608459473,0.3824188709259033,3.659322738647461,0.21141581237316132,3.7579658031463623,0.057955995202064514,4.1605916023254395
1208,3,0,0,0.47066324949264526,3.5818724632263184,0.38662904500961304,3.6281347274780273,0.18528778851032257,3.7178659439086914,0.03950095549225807,4.172048568725586
1209,3,0,0,0.4890584945678711,3.5643057823181152,0.39509424567222595,3.591813087463379,0.17391780018806458,3.654787063598633,0.02887834794819355,4.052450180053711
1210,3,0,0,0.4832589328289032,3.56986141204834,0.3923688530921936,3.599619150161743,0.18016581237316132,3.6710729598999023,0.03374123200774193,4.12581205368042
1211,3,0,0,0.47024473547935486,3.5764780044555664,0.3899822533130646,3.6223888397216797,0.20889468491077423,3.6954634189605713,0.0648716539144516,3.9422426223754883
1212,3,0,0,0.47282564640045166,3.584564447402954,0.38858217000961304,3.626490592956543,0.18452048301696777,3.711076259613037,0.03539540618658066,4.210585594177246
1213,3,0,0,0.48748403787612915,3.5650858879089355,0.39484015107154846,3.5911970138549805,0.17603036761283875,3.6440417766571045,0.029655611142516136,4.045699119567871
1214,3,0,0,0.43503865599632263,3.5973384380340576,0.3754633665084839,3.6947860717773438,0.24194833636283875,3.7915568351745605,0.096121646463871,4.002073287963867
1215,3,0,0,0.45497846603393555,3.5968503952026367,0.3827527165412903,3.6656861305236816,0.2051478773355484,3.7590713500976562,0.0491071417927742,4.054383277893066
1216,3,0,0,0.4659598171710968,3.582399368286133,0.3887864649295807,3.618433713912964,0.19160553812980652,3.6982524394989014,0.046815209090709686,4.054916858673096
1217,3,0,0,0.4653918147087097,3.587756633758545,0.3876155912876129,3.639441728591919,0.19185467064380646,3.7297043800354004,0.040397800505161285,4.139122009277344
1218,3,0,0,0.4639568626880646,3.590712785720825,0.38766542077064514,3.6364290714263916,0.18710139393806458,3.7168726921081543,0.03587372228503227,4.089444637298584
1219,3,0,0,0.4577885866165161,3.5945146083831787,0.3847755789756775,3.6459741592407227,0.2002052664756775,3.7354040145874023,0.048768334090709686,4.102983474731445
1220,3,0,0,0.4691186845302582,3.58799409866333,0.3871970474720001,3.6399526596069336,0.19226323068141937,3.7491965293884277,0.04615752398967743,4.193005084991455
1221,3,0,0,0.44298070669174194,3.590543031692505,0.38030630350112915,3.66217303276062,0.24193836748600006,3.736191749572754,0.1003069207072258,3.9453606605529785
1222,3,0,0,0.4704938530921936,3.587376832962036,0.3884974718093872,3.6217920780181885,0.18211893737316132,3.700864553451538,0.0361328125,4.094870567321777
1223,3,0,0,0.4668765962123871,3.582899332046509,0.3864845633506775,3.621730327606201,0.18312539160251617,3.7070250511169434,0.03824537619948387,4.149035930633545
1224,3,0,0,0.48370733857154846,3.562782049179077,0.387904554605484,3.607727289199829,0.18954280018806458,3.69927978515625,0.0503627210855484,4.155520439147949
1225,3,0,0,0.44306042790412903,3.5942602157592773,0.377685546875,3.6725194454193115,0.2234335094690323,3.740834951400757,0.07559391111135483,3.988136053085327
1226,3,0,0,0.4452427327632904,3.5851705074310303,0.38042590022087097,3.662724494934082,0.23232221603393555,3.7481770515441895,0.07810506969690323,4.0188822746276855
1227,3,0,0,0.4662388265132904,3.5851926803588867,0.38638991117477417,3.635976791381836,0.19263193011283875,3.7226734161376953,0.04147401079535484,4.161460876464844
1228,3,0,0,0.45818716287612915,3.5773379802703857,0.3814273774623871,3.640227794647217,0.21688655018806458,3.735952138900757,0.08099489659070969,4.059301376342773
1229,3,0,0,0.45945271849632263,3.58889102935791,0.38587671518325806,3.637661933898926,0.21384724974632263,3.7103915214538574,0.07174744457006454,3.8991665840148926
1230,3,0,0,0.4520786702632904,3.591090440750122,0.37825852632522583,3.6564977169036865,0.22054368257522583,3.735722064971924,0.08659518510103226,3.9509780406951904
1231,3,0,0,0.46815210580825806,3.587930917739868,0.3878796696662903,3.626173734664917,0.18627430498600006,3.7212326526641846,0.03762755170464516,4.205508708953857
1232,3,0,0,0.4866071343421936,3.5661041736602783,0.39267775416374207,3.5844287872314453,0.16909478604793549,3.6262595653533936,0.02513153664767742,4.028548717498779
1233,3,0,0,0.4656808078289032,3.5875844955444336,0.38595643639564514,3.633863925933838,0.18839684128761292,3.714587926864624,0.04029814898967743,4.126112937927246
1234,3,0,0,0.468281626701355,3.5840017795562744,0.38822343945503235,3.6279165744781494,0.19521284103393555,3.720163345336914,0.0471540167927742,4.142857074737549
1235,3,0,0,0.44494378566741943,3.5955522060394287,0.3817661702632904,3.6786301136016846,0.2355608195066452,3.7520623207092285,0.08685427159070969,3.9738411903381348
1236,3,0,0,0.46175462007522583,3.5902931690216064,0.3843221664428711,3.6562390327453613,0.20662268996238708,3.748300075531006,0.057278379797935486,4.13291597366333
1237,3,0,0,0.4644949734210968,3.583914279937744,0.3863201439380646,3.637561798095703,0.2053471803665161,3.710923433303833,0.05771683529019356,4.031767845153809
1238,3,0,0,0.42108777165412903,3.601320505142212,0.3874611258506775,3.687751531600952,0.2979013919830322,3.7197189331054688,0.14937420189380646,3.8166778087615967
1239,3,0,0,0.4699258506298065,3.5828914642333984,0.38933950662612915,3.6066904067993164,0.17720623314380646,3.6638362407684326,0.028101082891225815,4.016312122344971
1240,3,0,0,0.45865553617477417,3.5918917655944824,0.3843271732330322,3.641775608062744,0.19213367998600006,3.7262072563171387,0.0355747751891613,4.121008396148682
1241,3,0,0,0.46250197291374207,3.5900933742523193,0.38687318563461304,3.638157367706299,0.19763432443141937,3.7233903408050537,0.04671556130051613,4.137372016906738
1242,3,0,0,0.4680624008178711,3.584892749786377,0.38687819242477417,3.622321128845215,0.18299585580825806,3.67577862739563,0.03609295189380646,4.040309429168701
1243,3,0,0,0.4393235743045807,3.599360466003418,0.3747408986091614,3.6761155128479004,0.22344347834587097,3.8043527603149414,0.07587292790412903,4.1636457443237305
1244,3,0,0,0.46182435750961304,3.588671922683716,0.3864148259162903,3.6328282356262207,0.18642377853393555,3.7251977920532227,0.035893652588129044,4.182121276855469
1245,3,0,0,0.4693279564380646,3.5846107006073,0.38804906606674194,3.616116523742676,0.1768973171710968,3.6778390407562256,0.03146922588348389,4.097529888153076
1246,3,0,0,0.49244657158851624,3.559269905090332,0.3951939046382904,3.5773415565490723,0.16955317556858063,3.6179254055023193,0.025430483743548393,3.9615986347198486
1247,3,0,0,0.46369776129722595,3.574538469314575,0.38861706852912903,3.6370885372161865,0.2225964516401291,3.7153728008270264,0.0774274542927742,3.976576566696167
1248,3,0,0,0.4573800265789032,3.5930631160736084,0.38330575823783875,3.658135175704956,0.19849130511283875,3.7518951892852783,0.041772957891225815,4.1765265464782715
1249,3,0,0,0.4686802327632904,3.576765298843384,0.39086416363716125,3.627880811691284,0.21353833377361298,3.703765869140625,0.07473692297935486,4.014666557312012
1250,3,0,0,0.4649932086467743,3.5849173069000244,0.3854880630970001,3.6397781372070312,0.19959741830825806,3.724113941192627,0.04557956010103226,4.173589706420898
1251,3,0,0,0.4613659679889679,3.5885441303253174,0.3861706852912903,3.649085283279419,0.2077885866165161,3.743861436843872,0.05333226919174194,4.168535232543945
1252,3,0,0,0.46119657158851624,3.5902509689331055,0.384730726480484,3.647616386413574,0.20442043244838715,3.7252120971679688,0.05137914419174194,4.055081367492676
1253,3,0,0,0.49334341287612915,3.5599095821380615,0.3952536880970001,3.579094648361206,0.17030054330825806,3.615213632583618,0.02580915205180645,3.988416910171509
1254,3,0,0,0.43503865599632263,3.5973384380340576,0.3754633665084839,3.6947860717773438,0.24194833636283875,3.7915568351745605,0.096121646463871,4.002073287963867
1255,3,0,0,0.47051379084587097,3.5797276496887207,0.3875657618045807,3.6196231842041016,0.19248245656490326,3.6702215671539307,0.04167331010103226,4.004782199859619
1256,3,0,0,0.45707109570503235,3.5845906734466553,0.38493502140045166,3.657381772994995,0.22618383169174194,3.725834846496582,0.08310745656490326,3.9448440074920654
1257,3,0,0,0.4831094443798065,3.569088935852051,0.3923937678337097,3.5913403034210205,0.17280173301696777,3.6322011947631836,0.028081154450774193,4.022711277008057
1258,3,0,0,0.4629005789756775,3.5900156497955322,0.38575711846351624,3.6421477794647217,0.19985650479793549,3.733795404434204,0.05283402279019356,4.18219518661499
1259,3,0,0,0.47402143478393555,3.578906536102295,0.3901865482330322,3.614593029022217,0.17783401906490326,3.675389528274536,0.03134964779019356,4.082644462585449
1260,3,1,0,0.4155771732330322,3.597808361053467,0.38202527165412903,3.679030656814575,0.29036790132522583,3.6990630626678467,0.14831791818141937,3.7785542011260986
1261,3,0,0,0.5002391338348389,3.5537848472595215,0.3993343412876129,3.5758347511291504,0.1722337305545807,3.6247975826263428,0.02734375,4.042273998260498
1262,3,0,0,0.4674246609210968,3.586522340774536,0.38784974813461304,3.629767656326294,0.1857561320066452,3.702752113342285,0.03643175959587097,4.065098285675049
1263,3,0,0,0.4575793147087097,3.5956358909606934,0.3854282796382904,3.6456947326660156,0.1904296875,3.7190475463867188,0.03708944469690323,4.076303005218506
1264,3,0,0,0.46774354577064514,3.5807111263275146,0.3892847001552582,3.617002248764038,0.18344427645206451,3.6843934059143066,0.03350207209587097,4.079119682312012
1265,3,0,0,0.4907126724720001,3.5636017322540283,0.3945561647415161,3.5861546993255615,0.17203444242477417,3.632993459701538,0.026566484943032265,3.957989454269409
1266,3,0,0,0.45624402165412903,3.5970733165740967,0.384486585855484,3.6554789543151855,0.19637873768806458,3.7549095153808594,0.04125478118658066,4.157970905303955
1267,3,0,0,0.4755161702632904,3.5766255855560303,0.38970324397087097,3.614626407623291,0.1767578125,3.6929192543029785,0.03597337380051613,4.184487342834473
1268,3,0,0,0.43530771136283875,3.589369058609009,0.38109853863716125,3.664731740951538,0.25548070669174194,3.7261877059936523,0.12533880770206451,3.8440134525299072
1269,3,0,0,0.4535634517669678,3.577181577682495,0.38183096051216125,3.643296241760254,0.23178412020206451,3.7306535243988037,0.0993303582072258,4.035714149475098
1270,3,0,0,0.47333386540412903,3.5813684463500977,0.38801416754722595,3.616133451461792,0.1769670695066452,3.67222261428833,0.030373085290193558,4.08923864364624
1271,3,0,0,0.46347853541374207,3.586313009262085,0.3839634358882904,3.651376247406006,0.2022879421710968,3.752413749694824,0.04516103118658066,4.0984110832214355
1272,3,0,0,0.4669961631298065,3.5889594554901123,0.3869031071662903,3.6359446048736572,0.19284120202064514,3.737236499786377,0.043706152588129044,4.171454429626465
1273,3,0,0,0.46334901452064514,3.591186761856079,0.38730666041374207,3.6416239738464355,0.19586056470870972,3.7431187629699707,0.04601801559329033,4.201818943023682
1274,3,0,0,0.49237683415412903,3.5569002628326416,0.39708226919174194,3.59016752243042,0.19159558415412903,3.6547563076019287,0.05327247828245163,3.968200445175171
1275,3,0,0,0.4734334945678711,3.580909252166748,0.3898676633834839,3.6188273429870605,0.19006098806858063,3.7006239891052246,0.043028537184000015,4.213061809539795
1276,3,0,0,0.46173468232154846,3.589412212371826,0.3857172727584839,3.647691011428833,0.21356824040412903,3.741787910461426,0.05773676559329033,4.110804080963135
1277,3,0,0,0.45699137449264526,3.5941996574401855,0.38303670287132263,3.653550386428833,0.20509804785251617,3.7402098178863525,0.052654653787612915,4.0908403396606445
1278,3,0,0,0.4662487804889679,3.583833694458008,0.38812878727912903,3.6282365322113037,0.1885463148355484,3.722054958343506,0.03679049760103226,4.198808193206787
1279,3,0,0,0.5015744566917419,3.552290678024292,0.39926955103874207,3.56880259513855,0.16976243257522583,3.6130547523498535,0.02499202825129032,4.0223283767700195
1280,3,0,0,0.45887476205825806,3.589263677597046,0.38382890820503235,3.645750045776367,0.19742505252361298,3.7255704402923584,0.040796395391225815,4.061065196990967
1281,3,0,0,0.4691884517669678,3.578200578689575,0.38784974813461304,3.6335701942443848,0.20356345176696777,3.7215096950531006,0.05576371029019356,4.099356651306152
1282,3,0,0,0.4743901491165161,3.5820064544677734,0.38950392603874207,3.617141008377075,0.181501105427742,3.701383590698242,0.03344228118658066,4.158522129058838
1283,3,0,0,0.4673548936843872,3.5833687782287598,0.38716715574264526,3.6266183853149414,0.19014069437980652,3.700749397277832,0.04181281849741936,4.12249755859375
1284,3,0,0,0.46728515625,3.585972309112549,0.3876454830169678,3.635150671005249,0.18911431729793549,3.709347724914551,0.04221141338348389,4.111425876617432
1285,3,0,0,0.47158998250961304,3.5830321311950684,0.38888612389564514,3.6281661987304688,0.1873006969690323,3.713449716567993,0.038165654987096786,4.158746719360352
1286,3,0,0,0.43765944242477417,3.592622995376587,0.39016661047935486,3.6583235263824463,0.25813138484954834,3.70711088180542,0.1067243292927742,3.8577029705047607
1287,3,0,0,0.4892578125,3.564218521118164,0.39308133721351624,3.5840694904327393,0.169782355427742,3.6325860023498535,0.026187818497419357,4.021308898925781
1288,3,0,0,0.4605388939380646,3.589146614074707,0.38538843393325806,3.6479592323303223,0.20565608143806458,3.731611490249634,0.052654653787612915,4.055639743804932
1289,3,0,0,0.4598214328289032,3.5800538063049316,0.3884376883506775,3.6489269733428955,0.23433513939380646,3.715427875518799,0.09743701666593552,3.9302515983581543
1290,3,0,0,0.48162466287612915,3.572767496109009,0.3923240005970001,3.5984303951263428,0.17332987487316132,3.660515069961548,0.027024872601032257,4.075221061706543
1291,3,0,0,0.4579479992389679,3.58547306060791,0.38669881224632263,3.658764123916626,0.22500796616077423,3.773959159851074,0.06963488459587097,4.095592498779297
1292,3,0,0,0.45365312695503235,3.593761682510376,0.38069993257522583,3.6633336544036865,0.21161511540412903,3.761066198348999,0.06507094949483871,4.099234104156494
1293,3,0,0,0.4571807086467743,3.5833823680877686,0.38434210419654846,3.631340742111206,0.2096819132566452,3.684725761413574,0.05787627398967743,3.8922176361083984
1294,3,0,0,0.48635801672935486,3.567664384841919,0.3924236595630646,3.5872068405151367,0.17097815871238708,3.6303181648254395,0.026307396590709686,3.987121105194092
1295,3,0,0,0.4617645740509033,3.5864174365997314,0.38460618257522583,3.643589973449707,0.20401187241077423,3.7395594120025635,0.050581950694322586,4.1162333488464355
1296,3,0,0,0.4481026828289032,3.579500913619995,0.37585198879241943,3.65901780128479,0.23203323781490326,3.769594192504883,0.09907126426696777,4.036210060119629
1297,3,0,0,0.4629703462123871,3.5788419246673584,0.38772520422935486,3.6438355445861816,0.224958136677742,3.7212846279144287,0.08791055530309677,3.9757425785064697
1298,3,0,0,0.4725167453289032,3.579843044281006,0.38892099261283875,3.62371563911438,0.18914420902729034,3.7073915004730225,0.03944116458296776,4.1172308921813965
1299,3,0,0,0.4716099202632904,3.583430290222168,0.3884526491165161,3.6215176582336426,0.1857661008834839,3.701266050338745,0.0393415167927742,4.144376754760742
1300,3,0,0,0.45087292790412903,3.5995004177093506,0.3828822374343872,3.6801135540008545,0.2214106321334839,3.7921597957611084,0.06080596148967743,4.188790798187256
1301,3,0,0,0.46559110283851624,3.5908010005950928,0.3862752914428711,3.645878314971924,0.19603992998600006,3.7549941539764404,0.046396683901548386,4.179982662200928
1302,3,0,0,0.4678332209587097,3.5853922367095947,0.38707250356674194,3.6289985179901123,0.18906448781490326,3.7007853984832764,0.04021843150258064,4.0916748046875
1303,3,0,0,0.45894449949264526,3.592061758041382,0.385517954826355,3.6381776332855225,0.19155572354793549,3.7224159240722656,0.03930165618658066,4.126774787902832
1304,3,0,0,0.4885503053665161,3.5608339309692383,0.39388352632522583,3.5967061519622803,0.1817801296710968,3.654588222503662,0.036750636994838715,4.047722339630127
1305,3,0,0,0.48906847834587097,3.564518451690674,0.3926379084587097,3.578270196914673,0.1685267835855484,3.6167218685150146,0.02509167604148388,3.9745829105377197
1306,3,0,0,0.46410632133483887,3.5876455307006836,0.38538843393325806,3.6321606636047363,0.18524792790412903,3.712587356567383,0.033701371401548386,4.109993934631348
1307,3,0,0,0.45559629797935486,3.572331666946411,0.39415258169174194,3.617333173751831,0.24699059128761292,3.648833990097046,0.10096460580825806,3.813264846801758
1308,3,0,0,0.49221739172935486,3.5612714290618896,0.395039439201355,3.578639268875122,0.16960299015045166,3.615746259689331,0.025888871401548386,3.9615087509155273
1309,3,0,0,0.4685407280921936,3.582232713699341,0.3862802982330322,3.6196212768554688,0.1795579493045807,3.683889150619507,0.03288424760103226,4.138787746429443
1310,3,0,0,0.46732500195503235,3.5872442722320557,0.3870774805545807,3.6317319869995117,0.19186463952064514,3.7026071548461914,0.03890306130051613,4.098873138427734
1311,3,0,0,0.41983217000961304,3.5875959396362305,0.3881138265132904,3.6532812118530273,0.2801239490509033,3.668919563293457,0.12139269709587097,3.7630929946899414
1312,3,0,0,0.4751574397087097,3.5799131393432617,0.38986268639564514,3.6045854091644287,0.1720842570066452,3.659795045852661,0.0263671875,4.038548946380615
1313,3,0,0,0.43503865599632263,3.5973384380340576,0.3754633665084839,3.6947860717773438,0.24194833636283875,3.7915568351745605,0.096121646463871,4.002073287963867
1314,3,0,0,0.48567041754722595,3.5676679611206055,0.39389845728874207,3.590371608734131,0.17338965833187103,3.6373562812805176,0.028419960290193558,4.028050422668457
1315,3,0,0,0.45449018478393555,3.589620351791382,0.3835200071334839,3.6625874042510986,0.2197963148355484,3.7766242027282715,0.0746372789144516,4.127903938293457
1316,3,0,0,0.47135084867477417,3.5734972953796387,0.38709741830825806,3.6283786296844482,0.203962042927742,3.709399938583374,0.059331152588129044,4.061471462249756
1317,3,0,0,0.46914857625961304,3.5844945907592773,0.3861158788204193,3.622865915298462,0.18089325726032257,3.6889219284057617,0.033402424305677414,4.114558696746826
1318,3,0,0,0.4983856678009033,3.554684638977051,0.3971470296382904,3.573925256729126,0.16939373314380646,3.612330198287964,0.02467315085232258,3.9886913299560547
1319,3,0,0,0.4751574397087097,3.5799131393432617,0.38986268639564514,3.6045854091644287,0.1720842570066452,3.659795045852661,0.0263671875,4.038548946380615
1320,3,0,0,0.469746470451355,3.582923173904419,0.3868682086467743,3.6320738792419434,0.19079838693141937,3.7175536155700684,0.04055723920464516,4.138575077056885
1321,3,0,0,0.48656725883483887,3.565863847732544,0.3924286365509033,3.5927984714508057,0.17544244229793549,3.6550040245056152,0.03308354690670967,4.0765061378479
1322,3,0,0,0.49209779500961304,3.5617926120758057,0.3955576419830322,3.5818114280700684,0.1709083914756775,3.632324695587158,0.02495216764509678,3.9952077865600586
1323,3,0,0,0.48510241508483887,3.5646350383758545,0.39468568563461304,3.594470739364624,0.19278140366077423,3.6570351123809814,0.05159837380051613,3.9810738563537598
1324,3,0,0,0.44794324040412903,3.5863142013549805,0.3863351047039032,3.6766788959503174,0.25574976205825806,3.745684862136841,0.11079001426696777,3.888828992843628
1325,3,0,0,0.4608577787876129,3.582641363143921,0.3901865482330322,3.6472315788269043,0.2279575914144516,3.711531639099121,0.08250956237316132,3.960628032684326
1326,3,0,0,0.4898756146430969,3.5621440410614014,0.3952536880970001,3.580556869506836,0.17163583636283875,3.622851848602295,0.02732381969690323,4.045222282409668
1327,3,0,0,0.43447065353393555,3.5925917625427246,0.3856624662876129,3.6672523021698,0.25324857234954834,3.706303596496582,0.10929527878761292,3.8276805877685547
1328,3,0,0,0.48951688408851624,3.5638587474823,0.3935995101928711,3.581958770751953,0.17007134854793549,3.6201441287994385,0.026167888194322586,3.9779131412506104
1329,3,0,0,0.45616430044174194,3.590514898300171,0.3815818130970001,3.659672260284424,0.21401666104793549,3.751361846923828,0.06395487487316132,4.094421863555908
1330,3,0,0,0.4019052982330322,3.591465950012207,0.39280232787132263,3.6559228897094727,0.29831990599632263,3.6630589962005615,0.13915018737316132,3.757519245147705
1331,3,0,0,0.48672670125961304,3.565903663635254,0.39246851205825806,3.5914180278778076,0.1721639782190323,3.636047840118408,0.02634725719690323,4.024961948394775
1332,3,0,0,0.47813695669174194,3.5703389644622803,0.3886818289756775,3.6083579063415527,0.18773914873600006,3.670647621154785,0.04647640138864517,4.015437602996826
1333,3,0,0,0.46384724974632263,3.5812065601348877,0.3844168484210968,3.6387484073638916,0.2029157280921936,3.7417373657226562,0.057258449494838715,4.139923572540283
1334,3,0,0,0.46362802386283875,3.589498281478882,0.3854382634162903,3.638490676879883,0.1949637234210968,3.741528272628784,0.04197225719690323,4.183760643005371
1335,3,0,0,0.45917370915412903,3.5777251720428467,0.38824835419654846,3.629660129547119,0.23083744943141937,3.6973018646240234,0.09398915618658066,3.861959218978882
1336,3,0,0,0.45586535334587097,3.5840601921081543,0.3818209767341614,3.670220375061035,0.23880939185619354,3.7338201999664307,0.09343112260103226,3.8786263465881348
1337,3,0,0,0.47393175959587097,3.5823800563812256,0.38848254084587097,3.621110677719116,0.17936861515045166,3.683333396911621,0.0323660708963871,4.154556751251221
1338,3,0,0,0.4981365501880646,3.5539019107818604,0.39803391695022583,3.577152729034424,0.17326012253761292,3.626042366027832,0.028499679639935493,4.015384674072266
1339,3,0,0,0.47464922070503235,3.5774688720703125,0.38794443011283875,3.616680860519409,0.19027024507522583,3.681365966796875,0.0439453125,4.045804977416992
1340,3,0,0,0.4466378390789032,3.5948550701141357,0.3790906071662903,3.6614575386047363,0.21942761540412903,3.7235240936279297,0.06810028851032257,3.920105457305908
1341,3,0,0,0.48330873250961304,3.5694727897644043,0.39214465022087097,3.5909788608551025,0.17179527878761292,3.638167142868042,0.02734375,4.025510311126709
1342,3,0,0,0.4878527522087097,3.563474178314209,0.3931361436843872,3.5849640369415283,0.17170558869838715,3.636178970336914,0.026147957891225815,4.042683124542236
1343,3,0,0,0.4584861099720001,3.5862855911254883,0.381068617105484,3.662691831588745,0.22326411306858063,3.727025270462036,0.07503587007522583,3.961221694946289
1344,3,0,0,0.4688297212123871,3.5821502208709717,0.39070969820022583,3.6234235763549805,0.20165018737316132,3.7089345455169678,0.05689971148967743,4.024168014526367
1345,3,0,0,0.4417649805545807,3.5919876098632812,0.38340041041374207,3.6590514183044434,0.23397639393806458,3.7172062397003174,0.08619658648967743,3.889479875564575
1346,3,0,0,0.46465441584587097,3.5886037349700928,0.385951429605484,3.63094162940979,0.18300580978393555,3.692186117172241,0.03429926559329033,4.0528764724731445
1347,3,0,0,0.45784837007522583,3.591498613357544,0.38482043147087097,3.636563777923584,0.19869060814380646,3.7266664505004883,0.0470145083963871,4.0657057762146
1348,3,0,0,0.4326072037220001,3.591712236404419,0.3769082725048065,3.6751224994659424,0.24991030991077423,3.7389848232269287,0.10064572840929031,3.907524824142456
1349,3,0,0,0.4838269054889679,3.5698513984680176,0.39361944794654846,3.5886380672454834,0.17057955265045166,3.6339526176452637,0.0255301333963871,3.9648711681365967
1350,3,0,0,0.4861288070678711,3.5669071674346924,0.39422231912612915,3.5879781246185303,0.17242306470870972,3.641796112060547,0.027024872601032257,4.054572105407715
1351,3,0,0,0.4601103961467743,3.5909080505371094,0.38386377692222595,3.651259660720825,0.20232780277729034,3.7711780071258545,0.04538026079535484,4.168203830718994
1352,3,0,0,0.4601602256298065,3.5890684127807617,0.38509446382522583,3.636537790298462,0.19332948327064514,3.7164578437805176,0.040656886994838715,4.126960754394531
1353,3,0,0,0.4845045208930969,3.569568634033203,0.39300161600112915,3.5983619689941406,0.17476482689380646,3.664670944213867,0.0284598208963871,4.056022644042969
1354,3,0,0,0.4123983383178711,3.5889816284179688,0.39390844106674194,3.6538281440734863,0.28826528787612915,3.6718058586120605,0.12418287247419357,3.778205633163452
1355,3,0,0,0.45338407158851624,3.5922019481658936,0.38439691066741943,3.6695268154144287,0.2354910671710968,3.751904249191284,0.09217554330825806,3.989405393600464
1356,3,0,0,0.4586455523967743,3.5876026153564453,0.38692301511764526,3.6533217430114746,0.2267817258834839,3.728271484375,0.08394451439380646,3.9643874168395996
1357,3,0,0,0.4429408311843872,3.596827983856201,0.3828573226928711,3.664397954940796,0.23799225687980652,3.7398149967193604,0.09865274280309677,3.8775758743286133
1358,3,0,0,0.42093828320503235,3.592325210571289,0.3944515287876129,3.6632730960845947,0.2893514633178711,3.690429449081421,0.13026148080825806,3.7896265983581543
1359,3,0,0,0.4898756146430969,3.5628762245178223,0.3948351740837097,3.578673839569092,0.17010124027729034,3.6222612857818604,0.0256696417927742,4.001552581787109
1360,3,0,0,0.47312459349632263,3.5776238441467285,0.3883828818798065,3.6167030334472656,0.17932875454425812,3.6828184127807617,0.03140943869948387,4.084390640258789
1361,3,0,0,0.4656010866165161,3.5887339115142822,0.3861507475376129,3.6335062980651855,0.1922532618045807,3.720986843109131,0.03985969349741936,4.124000072479248
1362,3,0,0,0.4965919852256775,3.5550427436828613,0.39606085419654846,3.5749456882476807,0.17037029564380646,3.619582414627075,0.02606823854148388,4.003057956695557
1363,3,0,0,0.4613460600376129,3.5869710445404053,0.3841577470302582,3.6436667442321777,0.19764429330825806,3.752596616744995,0.04544005170464516,4.126754283905029
1364,3,0,0,0.46712571382522583,3.589308261871338,0.38601621985435486,3.641123056411743,0.1894630789756775,3.7305526733398438,0.03826530650258064,4.140625
1365,3,0,0,0.46649792790412903,3.584568738937378,0.38778001070022583,3.634866237640381,0.19858099520206451,3.7383580207824707,0.04906728118658066,4.161251068115234
1366,3,0,0,0.49172911047935486,3.560795307159424,0.3949398100376129,3.578709602355957,0.17036032676696777,3.6209640502929688,0.025709502398967743,3.9736433029174805
1367,3,0,0,0.46599966287612915,3.588914632797241,0.38660913705825806,3.638631820678711,0.1938576102256775,3.7362496852874756,0.04406489059329033,4.157394886016846
1368,3,0,0,0.44380778074264526,3.5902957916259766,0.38280752301216125,3.6562325954437256,0.24361248314380646,3.720660924911499,0.10861766338348389,3.884770631790161
1369,3,0,0,0.4694375693798065,3.585641860961914,0.38767537474632263,3.6292412281036377,0.19129663705825806,3.7195394039154053,0.038982778787612915,4.185582637786865
1370,3,0,0,0.45211854577064514,3.5861895084381104,0.383998304605484,3.6591410636901855,0.23638790845870972,3.7376275062561035,0.08689413219690323,3.9541285037994385
1371,3,0,0,0.46752429008483887,3.5842444896698,0.3875308930873871,3.623420238494873,0.17936861515045166,3.691999912261963,0.03069196455180645,4.096753120422363
1372,3,0,0,0.4605887234210968,3.5893640518188477,0.38540834188461304,3.655578851699829,0.20806759595870972,3.7679598331451416,0.05325255170464516,4.193488121032715
1373,3,0,0,0.4606485068798065,3.5902395248413086,0.3860311508178711,3.6528563499450684,0.21375757455825806,3.7528319358825684,0.06692442297935486,4.139070987701416
1374,3,0,0,0.4694375693798065,3.5838799476623535,0.38775011897087097,3.626485824584961,0.18727080523967743,3.7117011547088623,0.0389229916036129,4.151049613952637
1375,3,0,0,0.4452427327632904,3.5851705074310303,0.38042590022087097,3.662724494934082,0.23232221603393555,3.7481770515441895,0.07810506969690323,4.0188822746276855
1376,3,0,0,0.47183912992477417,3.5802111625671387,0.38993242383003235,3.6110706329345703,0.17935866117477417,3.6753153800964355,0.02999441884458065,4.0073089599609375
1377,3,0,0,0.4733737111091614,3.578519821166992,0.39070969820022583,3.610161066055298,0.17735570669174194,3.6924374103546143,0.029396522790193558,4.191864490509033
1378,3,0,0,0.43105268478393555,3.5963428020477295,0.3814273774623871,3.6843013763427734,0.25464364886283875,3.7552242279052734,0.10919562727212906,3.9233436584472656
1379,3,0,0,0.4854212999343872,3.5669124126434326,0.3917161524295807,3.5954668521881104,0.17449577152729034,3.659585475921631,0.030652103945612907,4.0936279296875
1380,3,0,0,0.45728036761283875,3.591710329055786,0.3843570649623871,3.6602370738983154,0.21811224520206451,3.775813341140747,0.06377550959587097,4.189062595367432
1381,3,0,0,0.45852598547935486,3.5818445682525635,0.3839883506298065,3.65020489692688,0.21765385568141937,3.7636663913726807,0.06792091578245163,4.112382411956787
1382,3,0,0,0.4813655912876129,3.5709850788116455,0.3910185992717743,3.597013235092163,0.1733497977256775,3.6545183658599854,0.028140943497419357,4.104107856750488
1383,3,0,0,0.4597616195678711,3.5841171741485596,0.38384386897087097,3.6641440391540527,0.21521244943141937,3.7855257987976074,0.060626592487096786,4.228139400482178
1384,3,0,0,0.4777682423591614,3.5688183307647705,0.3907645046710968,3.612510919570923,0.19632892310619354,3.691148042678833,0.0591517835855484,4.061657905578613
1385,3,0,0,0.4444853961467743,3.594597101211548,0.38049066066741943,3.6642746925354004,0.21824178099632263,3.730651617050171,0.06287866830825806,3.9870047569274902
1386,3,0,0,0.4681819975376129,3.5819976329803467,0.3856126368045807,3.634390354156494,0.19470463693141937,3.718409299850464,0.04390545189380646,4.0912394523620605
1387,3,0,0,0.4584362804889679,3.5901315212249756,0.3840431571006775,3.6597516536712646,0.19869060814380646,3.76257586479187,0.051797669380903244,4.145440578460693
1388,3,0,0,0.4956652522087097,3.5572667121887207,0.3978445827960968,3.5811593532562256,0.17247289419174194,3.630286455154419,0.02776227705180645,4.053122520446777
1389,3,0,0,0.42972734570503235,3.570935010910034,0.40021124482154846,3.622354507446289,0.29341715574264526,3.6481575965881348,0.14777980744838715,3.7301416397094727
1390,3,0,0,0.47047391533851624,3.584012985229492,0.38736146688461304,3.6122450828552246,0.17381815612316132,3.670412302017212,0.029257014393806458,4.032697677612305
1391,3,0,0,0.48754382133483887,3.5656092166900635,0.39283719658851624,3.5867788791656494,0.1713269203901291,3.6393299102783203,0.026805642992258072,4.0460968017578125
1392,3,0,0,0.466517835855484,3.5886449813842773,0.38707250356674194,3.632267951965332,0.19012077152729034,3.7269773483276367,0.03722895309329033,4.1932549476623535
1393,3,0,0,0.469258189201355,3.584846258163452,0.3885074555873871,3.6270599365234375,0.1880580335855484,3.705277681350708,0.03665098920464516,4.108754634857178
1394,3,0,0,0.46496331691741943,3.585212230682373,0.3851592242717743,3.630518913269043,0.1870814710855484,3.705709934234619,0.03740832209587097,4.125199794769287
1395,3,0,0,0.45108217000961304,3.583670139312744,0.382045179605484,3.670466184616089,0.23788264393806458,3.727672576904297,0.10241948068141937,3.8776025772094727
1396,3,0,0,0.4585658311843872,3.5952019691467285,0.3840929865837097,3.65053391456604,0.20101243257522583,3.7446460723876953,0.04727359488606453,4.135328769683838
1397,3,0,0,0.4667868912220001,3.5884337425231934,0.3883480131626129,3.6193628311157227,0.17852160334587097,3.6782026290893555,0.030333226546645164,4.050591468811035
1398,3,0,0,0.47123125195503235,3.5815939903259277,0.38836294412612915,3.6295127868652344,0.1869419664144516,3.7211086750030518,0.03631218150258064,4.200878143310547
1399,3,0,0,0.4392538070678711,3.5827813148498535,0.38976800441741943,3.650329828262329,0.2670400142669678,3.688969373703003,0.12631537020206451,3.7843167781829834
1400,3,0,0,0.4845045208930969,3.5701239109039307,0.39322584867477417,3.588859796524048,0.17260242998600006,3.6344900131225586,0.027264030650258064,4.008040904998779
1401,3,0,0,0.4599011242389679,3.5907652378082275,0.3857671022415161,3.643293619155884,0.19215361773967743,3.726857900619507,0.04259008169174194,4.1352362632751465
1402,3,0,0,0.44638869166374207,3.5777525901794434,0.38856226205825806,3.6616828441619873,0.26092153787612915,3.7089061737060547,0.11975844949483871,3.858046293258667
1403,3,0,0,0.47186902165412903,3.586003065109253,0.3892996609210968,3.6294314861297607,0.18340441584587097,3.726922035217285,0.034538425505161285,4.249278545379639
1404,3,0,0,0.4575793147087097,3.5925869941711426,0.38248366117477417,3.6590678691864014,0.20044443011283875,3.766940116882324,0.048608895391225815,4.122181415557861
1405,3,0,0,0.49264588952064514,3.5601966381073,0.3971570134162903,3.586280345916748,0.1799067258834839,3.651933193206787,0.0380859375,4.007849216461182
1406,3,0,0,0.49138033390045166,3.563687562942505,0.39495474100112915,3.589498996734619,0.17350924015045166,3.635251522064209,0.027582908049225807,4.049855709075928
1407,3,0,0,0.40503427386283875,3.592653751373291,0.37940946221351624,3.6832001209259033,0.29628705978393555,3.707261323928833,0.14277741312980652,3.800111770629883
1408,3,0,0,0.45816725492477417,3.5904998779296875,0.3823840022087097,3.649049997329712,0.19561144709587097,3.742689847946167,0.04502152279019356,4.129260540008545
1409,3,0,0,0.46496331691741943,3.584354877471924,0.3884775638580322,3.6378817558288574,0.19819235801696777,3.7187893390655518,0.04936622828245163,4.1404924392700195
1410,3,0,0,0.46091756224632263,3.591581344604492,0.38483038544654846,3.6521356105804443,0.20663264393806458,3.7597415447235107,0.052674584090709686,4.151721477508545
1411,3,0,0,0.4924764633178711,3.5623116493225098,0.3951939046382904,3.5828888416290283,0.1716059446334839,3.6307995319366455,0.027164380997419357,3.9963316917419434
1412,3,0,0,0.4233996272087097,3.5855162143707275,0.38443678617477417,3.6684465408325195,0.27597853541374207,3.7049648761749268,0.1209542378783226,3.805734157562256
1413,3,0,0,0.46447503566741943,3.5789835453033447,0.38929468393325806,3.6292476654052734,0.2137376368045807,3.721572160720825,0.07025270909070969,4.007375717163086
1414,3,0,0,0.4580974876880646,3.5808444023132324,0.3860809803009033,3.659069776535034,0.22959183156490326,3.7463974952697754,0.08757174760103226,3.9936277866363525
1415,3,0,0,0.4969308078289032,3.5555667877197266,0.39810866117477417,3.5814874172210693,0.17855149507522583,3.6427056789398193,0.0372488833963871,4.05510950088501
1416,3,0,0,0.4705835282802582,3.583813428878784,0.3885771930217743,3.6158175468444824,0.1819993555545807,3.687910556793213,0.03344228118658066,4.142431259155273
1417,3,0,0,0.48656725883483887,3.56750226020813,0.39346498250961304,3.5854122638702393,0.17210419476032257,3.6357476711273193,0.0265066958963871,4.007518768310547
1418,3,0,0,0.4654615521430969,3.587583065032959,0.3885223865509033,3.6266896724700928,0.18602518737316132,3.7123420238494873,0.03463807329535484,4.1524739265441895
1419,3,0,0,0.4431401491165161,3.5890488624572754,0.38197046518325806,3.676271438598633,0.2598154544830322,3.739769220352173,0.12864716351032257,3.91154146194458
1420,3,0,0,0.44400709867477417,3.5837242603302,0.38484033942222595,3.6575305461883545,0.2419184446334839,3.724966049194336,0.0929129421710968,3.924281358718872
1421,3,0,0,0.4736328125,3.5785608291625977,0.3887665271759033,3.6200289726257324,0.1864636391401291,3.706498384475708,0.040955834090709686,4.150364875793457
1422,3,0,0,0.46531209349632263,3.5855658054351807,0.3859713673591614,3.6506855487823486,0.2001255601644516,3.766817808151245,0.05564413219690323,4.272922515869141
1423,3,0,0,0.46579042077064514,3.5855207443237305,0.38934949040412903,3.6278152465820312,0.1851283460855484,3.7019593715667725,0.03441884368658066,4.106543064117432
1424,3,0,0,0.45838648080825806,3.592782497406006,0.38492006063461304,3.654365301132202,0.20132134854793549,3.7888431549072266,0.04671556130051613,4.244880676269531
1425,3,0,0,0.48892897367477417,3.5619280338287354,0.39282724261283875,3.5906243324279785,0.1706293821334839,3.6381475925445557,0.026586415246129036,4.071963787078857
1426,3,0,0,0.4670161008834839,3.5884649753570557,0.3861507475376129,3.6336610317230225,0.18940329551696777,3.7243120670318604,0.038026146590709686,4.1671905517578125
1427,3,0,0,0.45601481199264526,3.5961060523986816,0.38382890820503235,3.6630146503448486,0.20007573068141937,3.768054485321045,0.04599808529019356,4.2335357666015625
1428,3,0,0,0.4628109037876129,3.5830893516540527,0.385273814201355,3.6508805751800537,0.21284079551696777,3.7438549995422363,0.060586731880903244,4.072368621826172
1429,3,0,0,0.44207388162612915,3.595608949661255,0.37926000356674194,3.6787662506103516,0.23174425959587097,3.7776057720184326,0.08296795189380646,4.077588081359863
1430,3,0,0,0.4688297212123871,3.5882716178894043,0.3856724202632904,3.6355838775634766,0.1875099539756775,3.728065013885498,0.03991948440670967,4.188217639923096
1431,3,0,0,0.4912707209587097,3.5613386631011963,0.39446645975112915,3.593841075897217,0.17846180498600006,3.6497292518615723,0.029755260795354843,4.063630104064941
1432,3,0,0,0.4585558772087097,3.5945627689361572,0.38487523794174194,3.6547911167144775,0.19579081237316132,3.7485239505767822,0.0432477667927742,4.280184268951416
1433,3,0,0,0.45157045125961304,3.5870773792266846,0.38309648633003235,3.669029474258423,0.23501275479793549,3.7550034523010254,0.08396444469690323,3.9586992263793945
1434,3,0,0,0.4535435140132904,3.581732988357544,0.38865193724632263,3.6317880153656006,0.22010523080825806,3.6941778659820557,0.07657047361135483,3.8529412746429443
