index,label,prediction,correct,rate_layer1,com_layer1,rate_layer2,com_layer2,rate_layer3,com_layer3,rate_layer4,com_layer4
0,0,0,1,0.48595941066741943,3.561481237411499,0.3613779544830322,3.5982627868652344,0.20620416104793549,3.6206445693969727,0.06042729318141937,4.008245468139648
1,0,0,1,0.4706881642341614,3.5697319507598877,0.3584083914756775,3.6152167320251465,0.22253666818141937,3.6531882286071777,0.07754703611135483,3.922899007797241
2,0,0,1,0.4759097993373871,3.563889265060425,0.36484572291374207,3.6006882190704346,0.22607421875,3.639970064163208,0.0797991082072258,3.8758740425109863
3,0,0,1,0.488911509513855,3.5587940216064453,0.3615224361419678,3.5950467586517334,0.20475924015045166,3.6137337684631348,0.0574776791036129,4.000693321228027
4,0,0,1,0.49108636379241943,3.5533668994903564,0.3609295189380646,3.5930287837982178,0.2063336968421936,3.6242635250091553,0.06066645309329033,3.960578203201294
5,0,0,1,0.4856579601764679,3.559434175491333,0.3617366850376129,3.5943775177001953,0.2106684446334839,3.6148715019226074,0.0671037957072258,3.9370360374450684
6,0,0,1,0.47129103541374207,3.56807279586792,0.361572265625,3.6101503372192383,0.22513751685619354,3.6398885250091553,0.0830078125,3.866746664047241
7,0,0,1,0.4781518876552582,3.5637824535369873,0.36294740438461304,3.601372718811035,0.21894928812980652,3.627526044845581,0.0728236585855484,3.9162561893463135
8,0,0,1,0.47122377157211304,3.5731656551361084,0.3595145046710968,3.618257761001587,0.22027462720870972,3.6694412231445312,0.06957509368658066,3.9656260013580322
9,0,0,1,0.4808100461959839,3.56150484085083,0.3633410334587097,3.5957298278808594,0.21837133169174194,3.622068166732788,0.07479671388864517,3.900879383087158
10,0,0,1,0.48526933789253235,3.5590195655822754,0.3606405258178711,3.595216989517212,0.21158520877361298,3.614938974380493,0.0694754421710968,3.9257028102874756
11,0,0,1,0.48896631598472595,3.556617021560669,0.36019212007522583,3.5923476219177246,0.2070412039756775,3.6198198795318604,0.060746170580387115,3.992125988006592
12,0,0,1,0.46736735105514526,3.5749101638793945,0.35881197452545166,3.6256613731384277,0.22515743970870972,3.6819651126861572,0.07445790618658066,3.973233461380005
13,0,0,1,0.4855857193470001,3.5612359046936035,0.361049085855484,3.5937016010284424,0.20639349520206451,3.6122536659240723,0.0655691921710968,3.936474084854126
14,0,0,1,0.476704478263855,3.5617315769195557,0.36254385113716125,3.5999395847320557,0.2244001030921936,3.6251609325408936,0.08358577638864517,3.8507392406463623
15,0,0,1,0.4837720990180969,3.5592615604400635,0.3589315414428711,3.5962047576904297,0.21029974520206451,3.6233415603637695,0.06656568497419357,3.954490900039673
16,0,0,1,0.4745919406414032,3.571013927459717,0.360127329826355,3.6078667640686035,0.21193398535251617,3.649238348007202,0.06507094949483871,3.9754977226257324
17,0,0,1,0.4877854883670807,3.5577142238616943,0.36147260665893555,3.5918619632720947,0.20630380511283875,3.615659475326538,0.0625,3.974489688873291
18,0,0,1,0.4879249930381775,3.556457042694092,0.3617117702960968,3.5915534496307373,0.20973174273967743,3.6082100868225098,0.06945551186800003,3.9058823585510254
19,0,0,1,0.4646245241165161,3.5756874084472656,0.36317163705825806,3.6169981956481934,0.23147520422935486,3.66485857963562,0.08701370656490326,3.8664681911468506
20,0,0,1,0.45462968945503235,3.5781896114349365,0.36328125,3.6292378902435303,0.2597157955169678,3.669915199279785,0.10955436527729034,3.8546478748321533
21,0,0,1,0.4783960282802582,3.5603389739990234,0.3612583577632904,3.6016881465911865,0.22475884854793549,3.634183168411255,0.08306760340929031,3.8829174041748047
22,0,0,1,0.4855682849884033,3.559347629547119,0.35914579033851624,3.599886178970337,0.20924346148967743,3.6293933391571045,0.06429368257522583,3.9637322425842285
23,0,0,1,0.48591455817222595,3.559943675994873,0.36031168699264526,3.59428071975708,0.20784837007522583,3.6207690238952637,0.0643136128783226,3.951038122177124
24,0,0,1,0.4754713177680969,3.5648388862609863,0.36036649346351624,3.6068272590637207,0.22222775220870972,3.6504640579223633,0.07816486060619354,3.9250383377075195
25,0,0,1,0.46114176511764526,3.5728447437286377,0.3651147782802582,3.6189956665039062,0.24514707922935486,3.6413967609405518,0.09795519709587097,3.8115971088409424
26,0,0,1,0.4638671875,3.5749032497406006,0.36261358857154846,3.623924732208252,0.23622846603393555,3.664346694946289,0.09050143510103226,3.882624864578247
27,0,0,1,0.4868512749671936,3.5565431118011475,0.36326131224632263,3.5912795066833496,0.20949257910251617,3.6122817993164062,0.06491150707006454,3.909118890762329
28,0,0,1,0.4786650836467743,3.5614395141601562,0.36542370915412903,3.598729133605957,0.2251674085855484,3.612630605697632,0.08250956237316132,3.8318841457366943
29,0,0,1,0.4523053765296936,3.5777461528778076,0.360595703125,3.6280243396759033,0.25708505511283875,3.661653518676758,0.11200574040412903,3.8154804706573486
30,0,0,1,0.482666015625,3.560403823852539,0.36298230290412903,3.5978970527648926,0.21541175246238708,3.617523193359375,0.07124920189380646,3.9172027111053467
31,0,0,1,0.4880296289920807,3.557276964187622,0.36016222834587097,3.5960214138031006,0.20611447095870972,3.613952875137329,0.06335698068141937,3.981440782546997
32,0,0,1,0.46223291754722595,3.573335647583008,0.35935506224632263,3.6231212615966797,0.23945710062980652,3.6735332012176514,0.08846858888864517,3.874971866607666
33,0,0,1,0.47610658407211304,3.5611183643341064,0.36603155732154846,3.599722385406494,0.2301897257566452,3.621948003768921,0.08695392310619354,3.8544578552246094
34,0,0,1,0.48886170983314514,3.556002378463745,0.3634307086467743,3.5904691219329834,0.21098731458187103,3.6068105697631836,0.0687779039144516,3.911329984664917
35,0,0,1,0.4560222923755646,3.5763912200927734,0.3625737428665161,3.626906633377075,0.248046875,3.6708178520202637,0.10014747828245163,3.8165173530578613
36,0,0,1,0.4695521593093872,3.5723464488983154,0.3620954155921936,3.6163277626037598,0.22718031704425812,3.6378629207611084,0.08362563699483871,3.873450994491577
37,0,0,1,0.4837472140789032,3.558924674987793,0.3633410334587097,3.5951128005981445,0.21882972121238708,3.6117942333221436,0.0767299085855484,3.8690907955169678
38,0,0,1,0.480224609375,3.5628483295440674,0.36155232787132263,3.5993385314941406,0.21629862487316132,3.6342484951019287,0.0714285671710968,3.921596050262451
39,0,0,1,0.4615029990673065,3.5709280967712402,0.3652791976928711,3.6211721897125244,0.2463030070066452,3.6549339294433594,0.102957583963871,3.869725227355957
40,0,0,1,0.4787174165248871,3.562268018722534,0.3602469265460968,3.6068766117095947,0.22044403851032257,3.641352415084839,0.07481664419174194,3.9307405948638916
41,0,0,1,0.48184388875961304,3.5623629093170166,0.3630819320678711,3.595235586166382,0.21711574494838715,3.626216173171997,0.07467713207006454,3.9231386184692383
42,0,0,1,0.45760172605514526,3.5786972045898438,0.3551050126552582,3.640148162841797,0.24167928099632263,3.72316837310791,0.0851004421710968,3.9651052951812744
43,0,0,1,0.47757890820503235,3.560358762741089,0.36317163705825806,3.6029908657073975,0.22868502140045166,3.6216392517089844,0.0866350457072258,3.8465609550476074
44,0,0,1,0.4794149398803711,3.5630297660827637,0.3607451617717743,3.6041462421417236,0.21837133169174194,3.6329286098480225,0.07182716578245163,3.9220311641693115
45,0,0,1,0.48209303617477417,3.560129404067993,0.3613729476928711,3.597292184829712,0.2175741344690323,3.6303014755249023,0.07409916818141937,3.9064013957977295
46,0,0,1,0.46705347299575806,3.5700159072875977,0.36332109570503235,3.613919258117676,0.23565050959587097,3.6571381092071533,0.08936543017625809,3.8456735610961914
47,0,0,1,0.4591163992881775,3.573136329650879,0.3626634180545807,3.6220943927764893,0.25443437695503235,3.662006139755249,0.10626593977212906,3.846961736679077
48,0,0,1,0.4893649220466614,3.557522773742676,0.3602469265460968,3.5928800106048584,0.20281608402729034,3.614454984664917,0.060586731880903244,3.971052646636963
49,0,0,1,0.4704166352748871,3.572422742843628,0.3575364649295807,3.619490146636963,0.22137077152729034,3.665316343307495,0.06909678131341934,3.967695474624634
50,0,0,1,0.4785579741001129,3.5606439113616943,0.36193597316741943,3.5986757278442383,0.22345343232154846,3.6317784786224365,0.0809151753783226,3.8751232624053955
51,0,0,1,0.47900888323783875,3.561411142349243,0.35932019352912903,3.6060707569122314,0.22111168503761292,3.6449592113494873,0.06929607689380646,3.94075345993042
52,0,0,1,0.4750528037548065,3.5707483291625977,0.35816922783851624,3.611050844192505,0.21687659621238708,3.6522698402404785,0.06690449267625809,3.955019474029541
53,0,0,1,0.4820805788040161,3.561161994934082,0.36275309324264526,3.6017086505889893,0.21985609829425812,3.621946334838867,0.0789620503783226,3.9242806434631348
54,0,0,1,0.47388193011283875,3.570019006729126,0.3609544336795807,3.6090826988220215,0.21347855031490326,3.6487419605255127,0.06827965378761292,3.9290719032287598
55,0,0,1,0.46775099635124207,3.571040630340576,0.36238938570022583,3.615319013595581,0.23572026193141937,3.64924955368042,0.08763153851032257,3.8464863300323486
56,0,0,1,0.4925287961959839,3.556060791015625,0.36107900738716125,3.5860769748687744,0.2019391655921936,3.6004440784454346,0.05911192297935486,3.981119394302368
57,0,0,1,0.4837895631790161,3.5568933486938477,0.3616220951080322,3.598093032836914,0.21785315871238708,3.6268868446350098,0.06788105517625809,3.932178497314453
58,0,0,1,0.4837123155593872,3.5592432022094727,0.362513929605484,3.598243474960327,0.21480388939380646,3.624652147293091,0.0675223171710968,3.903778076171875
59,0,0,1,0.47375237941741943,3.5638699531555176,0.3621502220630646,3.607621908187866,0.22743940353393555,3.636873483657837,0.08185187727212906,3.8685171604156494
60,0,0,1,0.4637700319290161,3.572413206100464,0.3603415787220001,3.6193552017211914,0.23498284816741943,3.6662991046905518,0.08751195669174194,3.8708722591400146
61,0,0,1,0.49266332387924194,3.5545334815979004,0.3616968095302582,3.5876519680023193,0.2021583914756775,3.5947651863098145,0.0599888376891613,3.9900331497192383
62,0,0,1,0.4625742435455322,3.5756969451904297,0.3567392826080322,3.6288774013519287,0.23059828579425812,3.6780173778533936,0.0779854878783226,3.9404549598693848
63,0,0,1,0.47544392943382263,3.56540584564209,0.3617715537548065,3.6071698665618896,0.22277583181858063,3.635891914367676,0.08051657676696777,3.867079257965088
64,0,0,1,0.48369738459587097,3.5567007064819336,0.3636648952960968,3.5925140380859375,0.22017498314380646,3.6110432147979736,0.07780612260103226,3.872438430786133
65,0,0,1,0.48471876978874207,3.555882215499878,0.360859751701355,3.5936264991760254,0.2123425453901291,3.617016315460205,0.07182716578245163,3.917036533355713
66,0,0,1,0.47814691066741943,3.560161828994751,0.36611127853393555,3.5967609882354736,0.22639308869838715,3.6183371543884277,0.08404416590929031,3.8586673736572266
67,0,0,1,0.46372267603874207,3.5735836029052734,0.3626783788204193,3.618180751800537,0.23588965833187103,3.659640073776245,0.08960458636283875,3.8798933029174805
68,0,0,1,0.4802320599555969,3.5628550052642822,0.36075514554977417,3.6000967025756836,0.21579040586948395,3.630385637283325,0.06841916590929031,3.938246488571167
69,0,0,1,0.48208555579185486,3.5641584396362305,0.36080995202064514,3.601842164993286,0.20914380252361298,3.633504867553711,0.058115433901548386,4.007887363433838
70,0,0,1,0.4703443646430969,3.5714194774627686,0.3604561984539032,3.6139886379241943,0.22094227373600006,3.6531660556793213,0.07495615631341934,3.9114596843719482
71,0,0,1,0.46494588255882263,3.572610378265381,0.3586774468421936,3.619770050048828,0.2341059446334839,3.661133050918579,0.0894252210855484,3.875195026397705
72,0,0,1,0.4754489064216614,3.5650696754455566,0.35934510827064514,3.6112005710601807,0.2244798243045807,3.6573002338409424,0.07447783648967743,3.913031816482544
73,0,0,1,0.4782191514968872,3.560150146484375,0.36414819955825806,3.5988423824310303,0.22689133882522583,3.6254994869232178,0.08464206010103226,3.8664939403533936
74,0,0,1,0.464253306388855,3.5761959552764893,0.357441782951355,3.6252858638763428,0.2292131632566452,3.6716806888580322,0.08320710808038712,3.933892250061035
75,0,0,1,0.47664469480514526,3.563056230545044,0.3615274131298065,3.607387065887451,0.22618383169174194,3.6357388496398926,0.07983896881341934,3.9193708896636963
76,0,0,1,0.4886922836303711,3.558213710784912,0.36224988102912903,3.5919675827026367,0.2051478773355484,3.597075939178467,0.06429368257522583,3.9764413833618164
77,0,0,1,0.4498789310455322,3.580230951309204,0.3614327609539032,3.637970209121704,0.2611507475376129,3.6868393421173096,0.11415816098451614,3.8477654457092285
78,0,0,1,0.474873423576355,3.559448719024658,0.359340101480484,3.602224111557007,0.23255141079425812,3.628229856491089,0.09002311527729034,3.8746955394744873
79,0,0,1,0.4668765962123871,3.575631856918335,0.35921555757522583,3.6250417232513428,0.2292231321334839,3.6816067695617676,0.07619180530309677,3.9322521686553955
80,0,0,1,0.46546655893325806,3.574876070022583,0.35804468393325806,3.625012159347534,0.2331293821334839,3.668647050857544,0.0816127210855484,3.933577537536621
81,0,0,1,0.4860117435455322,3.5596470832824707,0.3604013919830322,3.5962202548980713,0.2073003053665161,3.6195740699768066,0.060188136994838715,3.981788158416748
82,0,0,1,0.4789764881134033,3.56235933303833,0.36173170804977417,3.6035454273223877,0.2205735743045807,3.629997730255127,0.0777064710855484,3.8956141471862793
83,0,0,1,0.5103086829185486,3.5436971187591553,0.3601572513580322,3.56188702583313,0.19537228345870972,3.5606446266174316,0.05149872228503227,3.925309658050537
84,0,0,1,0.4888492524623871,3.5588295459747314,0.3610391318798065,3.594766855239868,0.2031947523355484,3.6185572147369385,0.0567801333963871,3.9799928665161133
85,0,0,1,0.47469407320022583,3.570460557937622,0.36080995202064514,3.6125028133392334,0.2197265625,3.646258592605591,0.07543446868658066,3.926816463470459
86,0,0,1,0.47655999660491943,3.562084674835205,0.36350545287132263,3.601957321166992,0.22420081496238708,3.6374950408935547,0.07557398080825806,3.879746913909912
87,0,0,1,0.4626290500164032,3.575908899307251,0.3601970970630646,3.6274189949035645,0.2384207546710968,3.6851541996002197,0.08418367058038712,3.9183237552642822
88,0,0,1,0.4616001546382904,3.5790815353393555,0.3586276173591614,3.6249964237213135,0.23433513939380646,3.678431749343872,0.0825892835855484,3.8972008228302
89,0,0,1,0.47391432523727417,3.563272476196289,0.3648158311843872,3.6022262573242188,0.23302972316741943,3.6259140968322754,0.09072066098451614,3.8479788303375244
90,0,0,1,0.48118871450424194,3.5616066455841064,0.3598383665084839,3.5993547439575195,0.2140066921710968,3.6270720958709717,0.07071109861135483,3.91939115524292
91,0,0,1,0.4577736258506775,3.5763466358184814,0.35958924889564514,3.632802724838257,0.24795718491077423,3.691636800765991,0.09572305530309677,3.9067249298095703
92,0,0,1,0.4707529544830322,3.5737335681915283,0.3592354953289032,3.6217615604400635,0.22477877140045166,3.6819169521331787,0.07091039419174194,3.9921305179595947
93,0,0,1,0.4693329334259033,3.5657718181610107,0.36299723386764526,3.6130259037017822,0.2360590696334839,3.658195734024048,0.08856824040412903,3.8724122047424316
94,0,0,1,0.46365541219711304,3.574467420578003,0.36112383008003235,3.6203038692474365,0.23658721148967743,3.6663296222686768,0.08916613459587097,3.8945014476776123
95,0,0,1,0.4865548312664032,3.5581111907958984,0.36175161600112915,3.5937745571136475,0.21104711294174194,3.6237311363220215,0.06702407449483871,3.960749387741089
96,0,0,1,0.46503058075904846,3.572554349899292,0.3587571680545807,3.6206183433532715,0.23038902878761292,3.6729238033294678,0.07350127398967743,3.9048264026641846
97,0,0,1,0.4780796468257904,3.5637893676757812,0.3601871430873871,3.5997703075408936,0.21681679785251617,3.6282286643981934,0.07346141338348389,3.8985350131988525
98,0,0,1,0.4691585600376129,3.574345350265503,0.3600575923919678,3.614931106567383,0.22387196123600006,3.6638476848602295,0.07569355517625809,3.9249606132507324
99,0,0,1,0.4806431233882904,3.562041997909546,0.3601572513580322,3.6024625301361084,0.21789301931858063,3.640080451965332,0.07551418989896774,3.932435989379883
100,0,0,1,0.4886823296546936,3.5594332218170166,0.3623993396759033,3.5926170349121094,0.20317481458187103,3.6139585971832275,0.05486686900258064,3.997457265853882
101,0,0,1,0.48819655179977417,3.5581274032592773,0.36019212007522583,3.5920157432556152,0.20248724520206451,3.6119587421417236,0.05833465978503227,3.9959001541137695
102,0,0,1,0.4876459836959839,3.5594115257263184,0.36149752140045166,3.596686601638794,0.20929327607154846,3.620387554168701,0.0652901753783226,3.9594016075134277
103,0,0,1,0.4856729209423065,3.5591297149658203,0.3621751368045807,3.594318389892578,0.21301020681858063,3.6135852336883545,0.07248485088348389,3.9133901596069336
104,0,0,1,0.46805495023727417,3.5740015506744385,0.3596988618373871,3.616001605987549,0.2254563868045807,3.6426076889038086,0.08203125,3.8799805641174316
105,0,0,1,0.4913778305053711,3.5562427043914795,0.3621402680873871,3.5882394313812256,0.20607461035251617,3.600290060043335,0.06433354318141937,3.9399008750915527
106,0,0,1,0.4666772782802582,3.5735769271850586,0.3589813709259033,3.6202030181884766,0.2279575914144516,3.6825931072235107,0.07734773308038712,3.905179023742676
107,0,0,1,0.47968897223472595,3.5598154067993164,0.36163702607154846,3.6034553050994873,0.22318439185619354,3.6340134143829346,0.07461734861135483,3.8982372283935547
108,0,0,1,0.4589071273803711,3.5753519535064697,0.36204060912132263,3.625380277633667,0.2501494586467743,3.6655380725860596,0.10409358888864517,3.8416619300842285
109,0,0,1,0.4599285423755646,3.5757479667663574,0.3627132475376129,3.6210198402404785,0.24077247083187103,3.6637282371520996,0.09600207209587097,3.8540585041046143
110,0,0,1,0.46547651290893555,3.572894334793091,0.36010244488716125,3.620084762573242,0.23647759854793549,3.6531119346618652,0.08725287020206451,3.8844220638275146
111,0,0,1,0.48831361532211304,3.557860851287842,0.36090460419654846,3.5957894325256348,0.20624402165412903,3.617335796356201,0.061563294380903244,3.9983813762664795
112,0,0,1,0.4691685140132904,3.5650885105133057,0.3635353446006775,3.6089251041412354,0.24111127853393555,3.641221761703491,0.09309231489896774,3.830014944076538
113,0,0,1,0.4678780734539032,3.565262794494629,0.36400869488716125,3.6069834232330322,0.240234375,3.6293346881866455,0.09725765138864517,3.839139461517334
114,0,0,1,0.4759521484375,3.5612165927886963,0.3629424273967743,3.606679916381836,0.2258649468421936,3.6373422145843506,0.08167251199483871,3.869936466217041
115,0,0,1,0.4857800304889679,3.557175636291504,0.3623046875,3.5911903381347656,0.21320949494838715,3.615629196166992,0.07172751426696777,3.897193670272827
116,0,0,1,0.481343150138855,3.5611987113952637,0.3604462146759033,3.598814010620117,0.21154536306858063,3.62381649017334,0.06973453611135483,3.939697027206421
117,0,0,1,0.48427534103393555,3.5613038539886475,0.361049085855484,3.6011123657226562,0.20888471603393555,3.6275641918182373,0.06497129797935486,3.9806747436523438
118,0,0,1,0.47198110818862915,3.5621116161346436,0.3664401173591614,3.6025209426879883,0.23483337461948395,3.628702402114868,0.09580276906490326,3.8421051502227783
119,0,0,1,0.4712412357330322,3.5720131397247314,0.3591408133506775,3.6152522563934326,0.22115154564380646,3.649754524230957,0.07521524280309677,3.897721290588379
120,0,0,1,0.4732516407966614,3.5697989463806152,0.3609793484210968,3.6131815910339355,0.22103196382522583,3.650556802749634,0.07314253598451614,3.9106266498565674
121,0,0,1,0.45616430044174194,3.5808048248291016,0.35937002301216125,3.6380136013031006,0.24975086748600006,3.699916124343872,0.09897162020206451,3.909383773803711
122,0,0,1,0.47526705265045166,3.5597665309906006,0.3641083240509033,3.602931022644043,0.23265106976032257,3.635413646697998,0.08731266111135483,3.8436429500579834
123,0,0,1,0.4791359305381775,3.5630717277526855,0.36119359731674194,3.600623607635498,0.21626873314380646,3.632354974746704,0.07230548560619354,3.9082138538360596
124,0,0,1,0.4856579601764679,3.5590391159057617,0.36213529109954834,3.5955119132995605,0.21354830265045166,3.616938829421997,0.06859853118658066,3.9311447143554688
125,0,0,1,0.4493432939052582,3.5824637413024902,0.35929030179977417,3.6334123611450195,0.25060784816741943,3.6903257369995117,0.10106424987316132,3.855255365371704
126,0,1,0,0.4520089328289032,3.577458143234253,0.36066046357154846,3.6330783367156982,0.26204758882522583,3.6736509799957275,0.11477598547935486,3.8499739170074463
127,0,0,1,0.46872010827064514,3.5752599239349365,0.3607252538204193,3.616887092590332,0.22150030732154846,3.668931007385254,0.0721261128783226,3.945012331008911
128,0,0,1,0.46873754262924194,3.5644919872283936,0.3610391318798065,3.6134939193725586,0.23970623314380646,3.654458522796631,0.09343112260103226,3.8553755283355713
129,0,0,1,0.46736985445022583,3.573425054550171,0.35977357625961304,3.6224379539489746,0.2266322523355484,3.681396484375,0.07772640138864517,3.9189743995666504
130,0,0,1,0.4847760796546936,3.5584888458251953,0.36221998929977417,3.59893536567688,0.21253187954425812,3.6227025985717773,0.07140863686800003,3.9430644512176514
131,0,0,1,0.4719337821006775,3.571601152420044,0.36173170804977417,3.612429618835449,0.2205038219690323,3.6582610607147217,0.07160793989896774,3.918452501296997
132,0,0,1,0.49044862389564514,3.5572307109832764,0.3610690236091614,3.5938758850097656,0.20316486060619354,3.610064744949341,0.05931122228503227,3.9747984409332275
133,0,0,1,0.480732798576355,3.563802719116211,0.36270827054977417,3.597222328186035,0.2130301296710968,3.6246140003204346,0.06646604090929031,3.9316341876983643
134,0,0,1,0.4848209321498871,3.560148239135742,0.3596789240837097,3.5985538959503174,0.21153539419174194,3.6360466480255127,0.0659877210855484,3.963757276535034
135,0,0,1,0.45754194259643555,3.5747110843658447,0.362269788980484,3.6293444633483887,0.2523118555545807,3.670537233352661,0.10405372828245163,3.8645853996276855
136,0,0,1,0.4918935298919678,3.5555837154388428,0.3606405258178711,3.5875771045684814,0.20176976919174194,3.601639747619629,0.057517535984516144,4.010741710662842
137,0,0,1,0.4494977593421936,3.579958200454712,0.364990234375,3.634222984313965,0.2592673599720001,3.6915597915649414,0.10905612260103226,3.837902069091797
138,0,1,0,0.44737523794174194,3.5806381702423096,0.36074018478393555,3.6426479816436768,0.26795679330825806,3.7019710540771484,0.11567282676696777,3.879910469055176
139,0,0,1,0.46456223726272583,3.5732388496398926,0.36014726758003235,3.616673469543457,0.23266102373600006,3.658600330352783,0.08639588207006454,3.8625144958496094
140,0,0,1,0.4844522178173065,3.561798334121704,0.36189115047454834,3.599341869354248,0.21002072095870972,3.6219396591186523,0.06463249027729034,3.9152019023895264
141,0,0,1,0.48655232787132263,3.560412883758545,0.3614676296710968,3.594489097595215,0.2033342570066452,3.6074981689453125,0.056680481880903244,3.9940226078033447
142,0,0,1,0.48451948165893555,3.558157205581665,0.3644072711467743,3.588900327682495,0.21604950726032257,3.6120104789733887,0.07330197840929031,3.8754758834838867
143,0,0,1,0.46865034103393555,3.5641930103302,0.3640485405921936,3.609325885772705,0.23882931470870972,3.6397130489349365,0.09428810328245163,3.860706090927124
144,0,0,1,0.4805982708930969,3.5622498989105225,0.36127331852912903,3.603180408477783,0.21773357689380646,3.6236155033111572,0.07661032676696777,3.889958381652832
145,0,0,1,0.48581740260124207,3.55898380279541,0.36024194955825806,3.5978119373321533,0.20847615599632263,3.6308016777038574,0.06519053131341934,3.967899799346924
146,0,0,1,0.4833810031414032,3.5623631477355957,0.3604661524295807,3.6041438579559326,0.2107282280921936,3.6368279457092285,0.06317761540412903,3.9555203914642334
147,0,0,1,0.4638696610927582,3.5747177600860596,0.3587372303009033,3.6242916584014893,0.2328503578901291,3.6709890365600586,0.08316724747419357,3.9221184253692627
148,0,0,1,0.47966158390045166,3.561140537261963,0.36090460419654846,3.598867893218994,0.216657355427742,3.6224818229675293,0.0764508917927742,3.9220542907714844
149,0,0,1,0.4842877984046936,3.5587174892425537,0.3608647584915161,3.594295024871826,0.20978155732154846,3.6104884147644043,0.06853874027729034,3.9351556301116943
150,0,0,1,0.46859803795814514,3.5716617107391357,0.3637944459915161,3.611997604370117,0.23174425959587097,3.6434037685394287,0.08555883169174194,3.8411366939544678
151,0,0,1,0.4893973171710968,3.557872772216797,0.36108896136283875,3.5896623134613037,0.20502829551696777,3.608116626739502,0.06259965151548386,4.005094051361084
152,0,0,1,0.4640066921710968,3.5718042850494385,0.3640036880970001,3.614438056945801,0.23893892765045166,3.6566436290740967,0.09295280277729034,3.8496997356414795
153,0,0,1,0.48549604415893555,3.5608932971954346,0.3611985743045807,3.597787380218506,0.20729033648967743,3.6298913955688477,0.0608258917927742,4.010812759399414
154,0,0,1,0.48468640446662903,3.5597331523895264,0.35970383882522583,3.5984292030334473,0.21020008623600006,3.62624454498291,0.06670519709587097,3.9665372371673584
155,0,0,1,0.45896443724632263,3.573716878890991,0.3608647584915161,3.6266860961914062,0.244001105427742,3.6621742248535156,0.09941007196903229,3.8506414890289307
156,0,0,1,0.47237223386764526,3.5652694702148438,0.36212530732154846,3.6108558177948,0.2336176633834839,3.6451544761657715,0.0915178582072258,3.8501741886138916
157,0,0,1,0.45856085419654846,3.5745856761932373,0.36061063408851624,3.6261191368103027,0.24696069955825806,3.667634963989258,0.09661989659070969,3.857673168182373
158,0,0,1,0.46313226222991943,3.575089454650879,0.3578951954841614,3.6207070350646973,0.2259446680545807,3.66450572013855,0.07732780277729034,3.910567045211792
159,0,0,1,0.4783785939216614,3.561624765396118,0.3625737428665161,3.60306453704834,0.22578522562980652,3.636331558227539,0.08207111060619354,3.8761534690856934
160,0,0,1,0.47283312678337097,3.565002918243408,0.3624192774295807,3.6052873134613037,0.23191365599632263,3.640699625015259,0.08639588207006454,3.8687427043914795
161,0,0,1,0.46212083101272583,3.572563648223877,0.3626285493373871,3.6199557781219482,0.24541613459587097,3.665015459060669,0.09785554558038712,3.850712776184082
162,0,0,1,0.47158750891685486,3.5718042850494385,0.35943976044654846,3.6150732040405273,0.21992585062980652,3.6579973697662354,0.06680484861135483,3.9662888050079346
163,0,0,1,0.4842280149459839,3.561790943145752,0.36132314801216125,3.598698377609253,0.21000079810619354,3.627835273742676,0.0638950914144516,3.978477954864502
164,0,0,1,0.4861736595630646,3.5573341846466064,0.36335599422454834,3.5921812057495117,0.21237245202064514,3.6118149757385254,0.06720343977212906,3.9134044647216797
165,0,0,1,0.4853017330169678,3.561112642288208,0.360615611076355,3.595092296600342,0.20818717777729034,3.6352670192718506,0.06064652279019356,3.998356819152832
166,0,0,1,0.48206064105033875,3.5616087913513184,0.3620954155921936,3.5975589752197266,0.21873006224632263,3.630159378051758,0.07487643510103226,3.900984764099121
167,0,0,1,0.4670484662055969,3.57401180267334,0.36205556988716125,3.615556001663208,0.2268315553665161,3.6471028327941895,0.08529974520206451,3.8850467205047607
168,0,0,1,0.4801623225212097,3.5598652362823486,0.36359015107154846,3.59655499458313,0.22132094204425812,3.616929292678833,0.08029735088348389,3.860511302947998
169,0,0,1,0.4652199149131775,3.567142963409424,0.36229971051216125,3.6151413917541504,0.24764826893806458,3.6447770595550537,0.10511001199483871,3.823852777481079
170,0,0,1,0.4700329601764679,3.5680136680603027,0.36341577768325806,3.609180212020874,0.2327806055545807,3.6437928676605225,0.08934549987316132,3.8536694049835205
171,0,0,1,0.4866843521595001,3.5568363666534424,0.3622598350048065,3.594179391860962,0.21399672329425812,3.6141560077667236,0.0705915167927742,3.9240541458129883
172,0,0,1,0.47135084867477417,3.5646286010742188,0.3616769015789032,3.614891767501831,0.23373724520206451,3.656463146209717,0.08930563926696777,3.882169246673584
173,0,0,1,0.4886972904205322,3.5584425926208496,0.36143773794174194,3.5932977199554443,0.20416134595870972,3.610015630722046,0.06094546988606453,3.9637017250061035
174,0,0,1,0.49175649881362915,3.554821491241455,0.36197084188461304,3.5893542766571045,0.20169004797935486,3.597480297088623,0.0581752210855484,4.00034236907959
175,0,0,1,0.4650729298591614,3.572105884552002,0.3616420030593872,3.6175413131713867,0.23164460062980652,3.6505634784698486,0.0860770046710968,3.889789342880249
176,0,0,1,0.4885951280593872,3.558074951171875,0.36065050959587097,3.596015691757202,0.20790815353393555,3.6238017082214355,0.059231504797935486,3.9865410327911377
177,0,0,1,0.4866793751716614,3.556217670440674,0.3618861436843872,3.593278408050537,0.21284079551696777,3.620487928390503,0.06704400479793549,3.9224138259887695
178,0,0,1,0.48786023259162903,3.5554585456848145,0.3633858859539032,3.5926260948181152,0.2152024805545807,3.618401527404785,0.07419881969690323,3.9049153327941895
179,0,0,1,0.46803250908851624,3.5752108097076416,0.36007753014564514,3.62387752532959,0.2272700071334839,3.6712851524353027,0.07846380770206451,3.8991618156433105
180,0,0,1,0.4577213227748871,3.577141761779785,0.3635752201080322,3.6277151107788086,0.2511957883834839,3.6719295978546143,0.10283800959587097,3.8600776195526123
181,0,0,1,0.47230249643325806,3.57135009765625,0.3617018163204193,3.611419439315796,0.21942761540412903,3.6551318168640137,0.06712372601032257,3.9397268295288086
182,0,0,1,0.46762147545814514,3.5741288661956787,0.35986328125,3.6183784008026123,0.2280970960855484,3.6552205085754395,0.07983896881341934,3.896155834197998
183,0,0,1,0.46991339325904846,3.5704009532928467,0.36447206139564514,3.6075925827026367,0.22915337979793549,3.6240651607513428,0.08298788219690323,3.8467819690704346
184,0,0,1,0.477137953042984,3.5614664554595947,0.364467054605484,3.59871506690979,0.22547632455825806,3.619790554046631,0.0830078125,3.850180149078369
185,0,0,1,0.4808449149131775,3.558365821838379,0.35909098386764526,3.599644899368286,0.22125118970870972,3.626581907272339,0.07999840378761292,3.8851518630981445
186,0,0,1,0.48651495575904846,3.556159734725952,0.3620705008506775,3.5931828022003174,0.21231265366077423,3.61729097366333,0.07218590378761292,3.8848702907562256
187,0,0,1,0.4672428071498871,3.575580596923828,0.358642578125,3.625401258468628,0.22396165132522583,3.685917615890503,0.07140863686800003,3.982416868209839
188,0,0,1,0.48006516695022583,3.5633931159973145,0.3609643876552582,3.6016950607299805,0.21622887253761292,3.6372182369232178,0.07172751426696777,3.91719913482666
189,0,0,1,0.47398656606674194,3.5643534660339355,0.3654286861419678,3.6008753776550293,0.2327806055545807,3.631378412246704,0.09155771136283875,3.814105272293091
190,0,0,1,0.4621606767177582,3.5743038654327393,0.3613729476928711,3.629045009613037,0.24311423301696777,3.6767635345458984,0.09669961780309677,3.910140037536621
191,0,0,1,0.4665377736091614,3.573518753051758,0.36007753014564514,3.6214144229888916,0.2314552664756775,3.6744306087493896,0.08227040618658066,3.9166667461395264
192,0,0,1,0.4650978446006775,3.5735106468200684,0.3622349202632904,3.619006395339966,0.23383688926696777,3.6647489070892334,0.08603714406490326,3.845031261444092
193,0,0,1,0.4868961274623871,3.558185577392578,0.3596689701080322,3.596506357192993,0.21155531704425812,3.6158266067504883,0.06425382196903229,3.964019775390625
194,0,0,1,0.47994059324264526,3.5639028549194336,0.36060068011283875,3.607511043548584,0.21102717518806458,3.6404590606689453,0.0595703125,3.9842755794525146
195,0,0,1,0.49119848012924194,3.5540976524353027,0.36221998929977417,3.590296983718872,0.20666255056858063,3.6098172664642334,0.06285873800516129,3.9511730670928955
196,0,0,1,0.48284536600112915,3.5611140727996826,0.3596888780593872,3.6016955375671387,0.20873524248600006,3.629589080810547,0.06140385568141937,3.975008010864258
197,0,0,1,0.48929518461227417,3.557643175125122,0.36188116669654846,3.589266300201416,0.20663264393806458,3.607060194015503,0.06489157676696777,3.933046579360962
198,0,0,1,0.4627610743045807,3.575232982635498,0.36017218232154846,3.6251659393310547,0.24290497601032257,3.671316146850586,0.09309231489896774,3.8653392791748047
199,0,0,1,0.47981852293014526,3.56137752532959,0.3629872798919678,3.5967907905578613,0.22275589406490326,3.6202023029327393,0.08242984861135483,3.8600096702575684
200,0,0,1,0.4689168930053711,3.5752522945404053,0.3603415787220001,3.6129255294799805,0.2223871946334839,3.658421754837036,0.07688935101032257,3.892690420150757
201,0,0,1,0.4879772961139679,3.557852268218994,0.36161211133003235,3.593783140182495,0.21145567297935486,3.6164467334747314,0.06851880997419357,3.942408323287964
202,0,0,1,0.4626913070678711,3.5791103839874268,0.3569684624671936,3.6370716094970703,0.23414580523967743,3.718559741973877,0.07126913219690323,4.0285234451293945
203,0,0,1,0.45393213629722595,3.5763068199157715,0.3620007634162903,3.6336934566497803,0.2559291124343872,3.6867189407348633,0.1065848171710968,3.8715407848358154
204,0,0,1,0.47938504815101624,3.560788631439209,0.3645716905593872,3.5978598594665527,0.219587042927742,3.6100471019744873,0.07465720176696777,3.900160074234009
205,0,0,1,0.4592559039592743,3.577681541442871,0.36003267765045166,3.6308608055114746,0.24278539419174194,3.6863815784454346,0.09287308156490326,3.883047103881836
206,0,0,1,0.4587576687335968,3.5734920501708984,0.35833364725112915,3.627650499343872,0.24515704810619354,3.6694984436035156,0.09080038219690323,3.9062774181365967
207,0,0,1,0.4896314740180969,3.556715726852417,0.36217015981674194,3.590433120727539,0.20143096148967743,3.60477876663208,0.05536511540412903,3.9892008304595947
208,0,0,1,0.4804189205169678,3.5604894161224365,0.362324595451355,3.599449872970581,0.21946747601032257,3.627270221710205,0.07948023080825806,3.9067201614379883
209,0,0,1,0.47353315353393555,3.5720434188842773,0.3596789240837097,3.611215114593506,0.21633848547935486,3.64983868598938,0.07150828838348389,3.9860646724700928
210,0,0,1,0.4821851849555969,3.5602755546569824,0.3641033470630646,3.5944552421569824,0.2190290093421936,3.6228389739990234,0.07288344949483871,3.891167640686035
211,0,0,1,0.49021193385124207,3.5576674938201904,0.361592173576355,3.59161114692688,0.20248724520206451,3.6064960956573486,0.05626195669174194,3.9907898902893066
212,0,0,1,0.4832838177680969,3.5611050128936768,0.36021703481674194,3.597438335418701,0.2126713991165161,3.628666400909424,0.06941565871238708,3.934826374053955
213,0,0,1,0.469746470451355,3.5702004432678223,0.36024194955825806,3.6139111518859863,0.225446417927742,3.6558079719543457,0.08071587979793549,3.887160539627075
214,0,0,1,0.47138074040412903,3.573270797729492,0.36112383008003235,3.614260673522949,0.22235730290412903,3.65402889251709,0.07740752398967743,3.8993306159973145
215,0,0,1,0.45942530035972595,3.577587842941284,0.36084482073783875,3.6306421756744385,0.24297472834587097,3.6855595111846924,0.0884486585855484,3.9017574787139893
216,0,0,1,0.46478894352912903,3.5723910331726074,0.3640734553337097,3.6166741847991943,0.23478356003761292,3.649972438812256,0.09185666590929031,3.842048168182373
217,0,0,1,0.4859369993209839,3.5584566593170166,0.3613131642341614,3.5951294898986816,0.21019013226032257,3.61541748046875,0.06885761767625809,3.9406657218933105
218,0,0,1,0.4886150658130646,3.557149648666382,0.36031168699264526,3.5922203063964844,0.20784837007522583,3.618563652038574,0.06491150707006454,3.9625422954559326
219,0,0,1,0.4741460084915161,3.56152081489563,0.3651048243045807,3.6062119007110596,0.2341657280921936,3.6457722187042236,0.09066087007522583,3.859529495239258
220,0,0,1,0.4887072443962097,3.5565807819366455,0.3600924611091614,3.592041254043579,0.20677216351032257,3.6123855113983154,0.06550940871238708,3.9567995071411133
221,0,0,1,0.4617197513580322,3.572192430496216,0.36491549015045166,3.612657070159912,0.24550580978393555,3.6402971744537354,0.1021205335855484,3.8056206703186035
222,0,0,1,0.48040148615837097,3.5613393783569336,0.35910096764564514,3.6012237071990967,0.21302016079425812,3.6322214603424072,0.0687779039144516,3.934511661529541
223,0,0,1,0.4792206287384033,3.5615217685699463,0.36261358857154846,3.600332498550415,0.22009526193141937,3.6287407875061035,0.07906170189380646,3.8895890712738037
224,0,0,1,0.46911120414733887,3.57180118560791,0.35800978541374207,3.6234726905822754,0.22681161761283875,3.6731250286102295,0.07457748800516129,3.9591128826141357
225,0,0,1,0.4764080345630646,3.562828779220581,0.36380937695503235,3.6056177616119385,0.22326411306858063,3.629546880722046,0.07820472121238708,3.8883790969848633
226,0,0,1,0.4611666798591614,3.5745046138763428,0.36227479577064514,3.6184980869293213,0.24283520877361298,3.6626861095428467,0.09440768510103226,3.864048957824707
227,0,0,1,0.4688546359539032,3.56538724899292,0.3626534640789032,3.610982894897461,0.24060307443141937,3.65408992767334,0.09855309128761292,3.8616783618927
228,0,0,1,0.5114870667457581,3.543384552001953,0.36007753014564514,3.558953285217285,0.19528260827064514,3.564831256866455,0.051797669380903244,3.9511351585388184
229,0,0,1,0.47512754797935486,3.5694525241851807,0.3589813709259033,3.6140403747558594,0.21270129084587097,3.658327579498291,0.0671037957072258,4.004752159118652
230,0,0,1,0.48761358857154846,3.5569655895233154,0.3627331852912903,3.5915770530700684,0.20749959349632263,3.6024587154388428,0.06453284621238708,3.9061148166656494
231,0,0,1,0.4575992524623871,3.578580617904663,0.35977858304977417,3.6269302368164062,0.24285514652729034,3.6766648292541504,0.09426817297935486,3.849260091781616
232,0,0,1,0.4646718502044678,3.573216199874878,0.36162707209587097,3.6207633018493652,0.2330496609210968,3.6616923809051514,0.08805005997419357,3.870076894760132
233,0,0,1,0.48490312695503235,3.5588972568511963,0.3624989986419678,3.592275381088257,0.2121233195066452,3.611218214035034,0.06782126426696777,3.922421455383301
234,0,0,1,0.48825880885124207,3.559025764465332,0.36146265268325806,3.593353271484375,0.20440050959587097,3.6092042922973633,0.0599888376891613,3.9544849395751953
235,0,0,1,0.4857177734375,3.5591344833374023,0.36035653948783875,3.6002211570739746,0.2150629758834839,3.62959885597229,0.06684470176696777,3.9889683723449707
236,0,0,1,0.46209341287612915,3.5753040313720703,0.3603415787220001,3.6261165142059326,0.24119099974632263,3.6789374351501465,0.09233497828245163,3.88840913772583
237,0,1,0,0.48426786065101624,3.559126377105713,0.3596041798591614,3.6002438068389893,0.2115652859210968,3.637228488922119,0.0710100457072258,3.9781084060668945
238,0,0,1,0.48037904500961304,3.56005859375,0.3609693944454193,3.5989675521850586,0.21823181211948395,3.630000114440918,0.07806520909070969,3.8756701946258545
239,0,0,1,0.46248453855514526,3.573190689086914,0.36173170804977417,3.6177051067352295,0.24067282676696777,3.650960683822632,0.09817442297935486,3.8546488285064697
240,0,0,1,0.47925302386283875,3.5612082481384277,0.35955435037612915,3.606729030609131,0.22058354318141937,3.6454644203186035,0.07605229318141937,3.937631130218506
241,0,0,1,0.45849609375,3.575894832611084,0.3661959767341614,3.6164469718933105,0.2474290430545807,3.6459121704101562,0.10497049987316132,3.802733898162842
242,0,0,1,0.4750876724720001,3.564157009124756,0.3626086115837097,3.603679656982422,0.2265027016401291,3.634931802749634,0.08187180757522583,3.859785795211792
243,0,0,1,0.4502650499343872,3.5786211490631104,0.3602319657802582,3.633305788040161,0.2605329155921936,3.671332836151123,0.10726243257522583,3.848940849304199
244,0,0,1,0.4790213406085968,3.56142258644104,0.36312180757522583,3.5977909564971924,0.2217494398355484,3.6173999309539795,0.08229033648967743,3.8612253665924072
245,0,0,1,0.4788917899131775,3.561511993408203,0.3627431392669678,3.5975496768951416,0.2204938530921936,3.6263389587402344,0.07425861060619354,3.856414318084717
246,0,0,1,0.4838941693305969,3.5605671405792236,0.3615224361419678,3.598395824432373,0.20991110801696777,3.6211249828338623,0.06307796388864517,3.9563980102539062
247,0,0,1,0.4606659412384033,3.5753886699676514,0.3592354953289032,3.6291677951812744,0.23972615599632263,3.687159776687622,0.08765146136283875,3.9138245582580566
248,0,0,1,0.49035394191741943,3.5566728115081787,0.3622449040412903,3.5914254188537598,0.20652303099632263,3.606948137283325,0.06393494457006454,3.950124740600586
249,0,0,1,0.4843127131462097,3.5582516193389893,0.35919561982154846,3.5959606170654297,0.2121930718421936,3.6216304302215576,0.06999362260103226,3.9444761276245117
250,0,0,1,0.46994081139564514,3.5653367042541504,0.36440229415893555,3.609445333480835,0.24006496369838715,3.639782428741455,0.09783561527729034,3.843348979949951
251,0,0,1,0.4665029048919678,3.573230504989624,0.36020705103874207,3.622007131576538,0.23072783648967743,3.6719789505004883,0.08402423560619354,3.873814105987549
252,0,0,1,0.46786561608314514,3.574681282043457,0.36248403787612915,3.614471197128296,0.22442999482154846,3.660198926925659,0.07539460808038712,3.9032514095306396
253,0,0,1,0.4672129154205322,3.5721728801727295,0.3594796359539032,3.6170287132263184,0.2294323891401291,3.6572272777557373,0.08199138939380646,3.902284860610962
254,0,0,1,0.4882986843585968,3.5582096576690674,0.36093947291374207,3.592515468597412,0.20561622083187103,3.619123697280884,0.060885682702064514,3.973813533782959
255,0,0,1,0.4772774875164032,3.5617618560791016,0.3642677664756775,3.598850965499878,0.22630341351032257,3.6217525005340576,0.08571826666593552,3.83817720413208
256,0,0,1,0.48367246985435486,3.5590264797210693,0.36083984375,3.59944486618042,0.21367785334587097,3.627197742462158,0.06802056729793549,3.929680585861206
257,0,1,0,0.44853365421295166,3.577272415161133,0.36500516533851624,3.6231536865234375,0.2639608383178711,3.65702748298645,0.11708784848451614,3.7897872924804688
258,0,0,1,0.4798309803009033,3.563403367996216,0.3599430024623871,3.605935573577881,0.2137974351644516,3.6340713500976562,0.06983418017625809,3.936929225921631
259,0,0,1,0.4681147336959839,3.5725393295288086,0.3621850907802582,3.6116766929626465,0.2278180718421936,3.6434695720672607,0.08466199040412903,3.8594632148742676
260,0,0,1,0.4737224876880646,3.5713415145874023,0.35864755511283875,3.616459608078003,0.22065329551696777,3.670189142227173,0.07124920189380646,3.9972028732299805
261,0,0,1,0.48229730129241943,3.5584096908569336,0.3652692437171936,3.5953266620635986,0.21938775479793549,3.611191749572754,0.0765904039144516,3.88082218170166
262,0,0,1,0.45425599813461304,3.579855442047119,0.3618064224720001,3.6319682598114014,0.2508968412876129,3.674795389175415,0.10558832436800003,3.8248395919799805
263,0,0,1,0.4840710461139679,3.5579588413238525,0.3594547212123871,3.595960855484009,0.21012036502361298,3.6204116344451904,0.06465242058038712,3.942046880722046
264,0,0,1,0.466273695230484,3.5759646892547607,0.35945969820022583,3.628248691558838,0.23157484829425812,3.690563201904297,0.0763113796710968,3.9691824913024902
265,0,0,1,0.4860864579677582,3.5598225593566895,0.36089465022087097,3.593334436416626,0.2075892835855484,3.6136233806610107,0.06331712007522583,3.9225685596466064
266,0,0,1,0.4872274398803711,3.556849718093872,0.36182138323783875,3.593921661376953,0.21145567297935486,3.6119227409362793,0.06967474520206451,3.916762113571167
267,0,0,1,0.46993082761764526,3.57099986076355,0.3626733720302582,3.6141228675842285,0.2324916273355484,3.6533796787261963,0.0880301296710968,3.875933885574341
268,0,0,1,0.477070689201355,3.5625431537628174,0.3638492524623871,3.605003595352173,0.22715042531490326,3.6349637508392334,0.078125,3.877295970916748
269,0,0,1,0.4852793216705322,3.5592238903045654,0.3602369725704193,3.597156286239624,0.21056880056858063,3.621220111846924,0.06847894936800003,3.9158904552459717
270,0,0,1,0.4712337553501129,3.5626490116119385,0.365687757730484,3.6015260219573975,0.23693597316741943,3.6241326332092285,0.0910993292927742,3.8090133666992188
271,0,0,1,0.4823496341705322,3.560502767562866,0.3601572513580322,3.600290536880493,0.21314971148967743,3.638756513595581,0.06939572840929031,3.956634044647217
272,0,0,1,0.476806640625,3.563868284225464,0.3588069975376129,3.6065902709960938,0.22013512253761292,3.6365034580230713,0.07461734861135483,3.925480842590332
273,0,0,1,0.4785679280757904,3.562079429626465,0.36063554883003235,3.601290464401245,0.21507294476032257,3.623638868331909,0.07075095176696777,3.8938028812408447
274,0,0,1,0.4700055718421936,3.564087390899658,0.36455675959587097,3.6086266040802,0.23755380511283875,3.6327028274536133,0.09225525707006454,3.863901376724243
275,0,0,1,0.47362035512924194,3.571164846420288,0.35885682702064514,3.6167943477630615,0.21493342518806458,3.6545040607452393,0.06748246401548386,3.9595391750335693
276,0,0,1,0.48081502318382263,3.5605146884918213,0.3621751368045807,3.6003851890563965,0.21970662474632263,3.629263401031494,0.0749162957072258,3.887470006942749
277,0,0,1,0.49177393317222595,3.5557188987731934,0.3605707883834839,3.5872209072113037,0.20251713693141937,3.6062588691711426,0.059470660984516144,3.9906165599823
278,0,0,1,0.48085737228393555,3.560915946960449,0.36352041363716125,3.5986568927764893,0.21842114627361298,3.622929811477661,0.07507573068141937,3.872312068939209
279,0,0,1,0.48436999320983887,3.557799816131592,0.35983338952064514,3.597881555557251,0.2118542641401291,3.6195201873779297,0.07097018510103226,3.913788318634033
280,0,0,1,0.48306459188461304,3.5608904361724854,0.3632314205169678,3.59714412689209,0.21034955978393555,3.6144771575927734,0.0673828125,3.9370009899139404
281,0,0,1,0.47713297605514526,3.5623130798339844,0.36105409264564514,3.60129714012146,0.21882972121238708,3.6281421184539795,0.07746731489896774,3.8494982719421387
282,0,0,1,0.47025468945503235,3.572232961654663,0.360371470451355,3.6159303188323975,0.22654256224632263,3.6459927558898926,0.0786830335855484,3.8632218837738037
283,0,0,1,0.48807448148727417,3.5593082904815674,0.36221998929977417,3.592167615890503,0.20233777165412903,3.608470916748047,0.054607778787612915,3.989051103591919
284,0,0,1,0.48259127140045166,3.560025930404663,0.3620007634162903,3.5956645011901855,0.2168666273355484,3.6093828678131104,0.07527503371238708,3.880063533782959
285,0,0,1,0.4734135866165161,3.5708038806915283,0.362269788980484,3.6135828495025635,0.2207130789756775,3.645220994949341,0.07334183156490326,3.9081521034240723
286,0,0,1,0.46982869505882263,3.5638492107391357,0.3655133843421936,3.607497215270996,0.2392578125,3.6314868927001953,0.09691884368658066,3.830557346343994
287,0,0,1,0.47003796696662903,3.57466983795166,0.35992804169654846,3.6212987899780273,0.22386200726032257,3.677854537963867,0.07099011540412903,3.9907355308532715
288,0,0,1,0.46748194098472595,3.5746519565582275,0.35798490047454834,3.6214144229888916,0.22822663187980652,3.6689517498016357,0.07860331237316132,3.9556288719177246
289,0,0,1,0.4800701439380646,3.56156063079834,0.3640036880970001,3.597738742828369,0.22329400479793549,3.630087375640869,0.08115433156490326,3.869842767715454
290,0,0,1,0.4790562093257904,3.571054220199585,0.3616868555545807,3.6069676876068115,0.20951251685619354,3.636385202407837,0.05819515138864517,3.991438388824463
291,0,0,1,0.4650953412055969,3.572495937347412,0.35756635665893555,3.6256532669067383,0.23620854318141937,3.6893773078918457,0.08416374027729034,3.9883968830108643
292,0,0,1,0.48608148097991943,3.559859037399292,0.36329618096351624,3.5932111740112305,0.21068836748600006,3.6124958992004395,0.06622687727212906,3.9322900772094727
293,0,0,1,0.4669986665248871,3.572291135787964,0.3604761064052582,3.6175620555877686,0.22981105744838715,3.654236316680908,0.08207111060619354,3.890723705291748
294,0,0,1,0.47063586115837097,3.5652377605438232,0.36537885665893555,3.6023755073547363,0.23622846603393555,3.627056360244751,0.09392936527729034,3.836834192276001
295,0,0,1,0.4882662892341614,3.558823347091675,0.3609693944454193,3.595723867416382,0.2055763602256775,3.6210858821868896,0.0604073666036129,3.9584295749664307
296,0,0,1,0.48363757133483887,3.5600404739379883,0.36324137449264526,3.597018003463745,0.21453483402729034,3.616656541824341,0.06871811300516129,3.913863182067871
297,0,0,1,0.46726521849632263,3.5738253593444824,0.3582938015460968,3.618945598602295,0.22603435814380646,3.665740966796875,0.07362085580825806,3.9022738933563232
298,0,0,1,0.483241468667984,3.560798406600952,0.36047112941741943,3.598841667175293,0.21117664873600006,3.626887559890747,0.06750238686800003,3.9309122562408447
299,0,0,1,0.47427552938461304,3.564629316329956,0.3619658648967743,3.610670566558838,0.22723014652729034,3.646493911743164,0.08256935328245163,3.8595221042633057
300,0,0,1,0.4728729724884033,3.562753200531006,0.36156728863716125,3.608532667160034,0.23320910334587097,3.6276118755340576,0.08992347121238708,3.884086847305298
301,0,0,1,0.4610271751880646,3.5785257816314697,0.3602319657802582,3.626293182373047,0.23927773535251617,3.668124198913574,0.08743223547935486,3.869842767715454
302,0,0,1,0.4666473865509033,3.571291208267212,0.36325135827064514,3.615422487258911,0.23523198068141937,3.6519529819488525,0.08870774507522583,3.840709924697876
303,0,0,1,0.4701824486255646,3.5731475353240967,0.35674425959587097,3.621424674987793,0.22283561527729034,3.6900546550750732,0.06851880997419357,3.990692377090454
304,0,0,1,0.4706159234046936,3.5762245655059814,0.36071527004241943,3.613713264465332,0.21801258623600006,3.6576013565063477,0.06971460580825806,3.969125270843506
305,0,0,1,0.48826879262924194,3.558039665222168,0.3623296022415161,3.5874369144439697,0.20620416104793549,3.6029090881347656,0.06295838207006454,3.948084831237793
306,0,0,1,0.45896193385124207,3.57670521736145,0.3604661524295807,3.623508930206299,0.2421177476644516,3.6719348430633545,0.09420838207006454,3.851702928543091
307,0,0,1,0.4717419445514679,3.571791410446167,0.3590810298919678,3.618809700012207,0.2200055718421936,3.685478687286377,0.0671037957072258,3.99257493019104
308,0,0,1,0.4616723954677582,3.5730388164520264,0.3600277006626129,3.619687557220459,0.2395368218421936,3.6693153381347656,0.09139827638864517,3.8399477005004883
309,0,0,1,0.4833710193634033,3.560988187789917,0.3609793484210968,3.600027561187744,0.21256177127361298,3.626131057739258,0.06851880997419357,3.926701545715332
310,0,0,1,0.47551119327545166,3.564068555831909,0.36167189478874207,3.602198600769043,0.22508768737316132,3.631087303161621,0.08428332209587097,3.850555658340454
311,0,0,1,0.4830048084259033,3.5590462684631348,0.36426278948783875,3.59590482711792,0.2184809446334839,3.6167845726013184,0.07611208409070969,3.8897616863250732
312,0,1,0,0.4615154564380646,3.573876142501831,0.362025648355484,3.6244287490844727,0.23698580265045166,3.67500638961792,0.09125876426696777,3.9364490509033203
313,0,0,1,0.46836134791374207,3.571115493774414,0.3636748492717743,3.6126508712768555,0.2301897257566452,3.6458873748779297,0.08151306957006454,3.8437652587890625
314,0,0,1,0.45882493257522583,3.5774965286254883,0.3609095811843872,3.6308741569519043,0.24691087007522583,3.6836307048797607,0.0966796875,3.8521955013275146
315,0,0,1,0.4817417562007904,3.5614013671875,0.36287766695022583,3.6039462089538574,0.21971659362316132,3.6278743743896484,0.07543446868658066,3.909379243850708
316,0,0,1,0.4809146821498871,3.561833381652832,0.3596888780593872,3.6087048053741455,0.2144949734210968,3.6466434001922607,0.06393494457006454,3.9625935554504395
317,0,0,1,0.4840810298919678,3.5588841438293457,0.3629872798919678,3.5969555377960205,0.21336893737316132,3.618344783782959,0.0687779039144516,3.9078528881073
318,0,0,1,0.48761609196662903,3.558924674987793,0.3614227771759033,3.5926742553710938,0.2086355984210968,3.606581687927246,0.06594786047935486,3.9323058128356934
319,0,0,1,0.4735729992389679,3.5649092197418213,0.36121851205825806,3.609865188598633,0.22839604318141937,3.6546683311462402,0.08442282676696777,3.8923513889312744
320,0,0,1,0.47919324040412903,3.559079170227051,0.3639090359210968,3.5998520851135254,0.22562579810619354,3.6346170902252197,0.08183194696903229,3.864344835281372
321,0,0,1,0.481465220451355,3.561713457107544,0.360859751701355,3.597865343093872,0.2142857164144516,3.621326208114624,0.07027263939380646,3.9171864986419678
322,0,0,1,0.47829389572143555,3.5606565475463867,0.3643973171710968,3.6002652645111084,0.22249680757522583,3.620431661605835,0.07766661047935486,3.872979164123535
323,0,0,1,0.4712088406085968,3.5711801052093506,0.36161211133003235,3.6104965209960938,0.2197365164756775,3.6482245922088623,0.07266422361135483,3.8941304683685303
324,0,0,1,0.4756830930709839,3.562565803527832,0.3633061647415161,3.5979950428009033,0.22853554785251617,3.6291096210479736,0.08968430757522583,3.8571112155914307
325,0,0,1,0.48693597316741943,3.557065486907959,0.36034658551216125,3.5927298069000244,0.20643335580825806,3.6120872497558594,0.06491150707006454,3.9272336959838867
326,0,0,1,0.4810890555381775,3.562002658843994,0.36116868257522583,3.601961612701416,0.2163185477256775,3.6255757808685303,0.0714285671710968,3.9232699871063232
327,0,0,1,0.485804945230484,3.558711051940918,0.3623495101928711,3.59763503074646,0.21252192556858063,3.617198944091797,0.06931600719690323,3.9344451427459717
328,0,0,1,0.47595712542533875,3.5695173740386963,0.35932019352912903,3.612365961074829,0.21329918503761292,3.636066436767578,0.0714285671710968,3.9363839626312256
329,0,0,1,0.45431581139564514,3.578578233718872,0.36293745040893555,3.6307263374328613,0.2561383843421936,3.678610324859619,0.10805962979793549,3.863150119781494
330,0,0,1,0.4710718095302582,3.57098650932312,0.3580496609210968,3.6169185638427734,0.21960698068141937,3.6639440059661865,0.06949537247419357,3.987955331802368
331,0,0,1,0.5073416233062744,3.5439846515655518,0.3584881126880646,3.5627658367156982,0.2005540430545807,3.5750272274017334,0.06224090978503227,3.9353187084198
332,0,0,1,0.4889015555381775,3.55840802192688,0.36157724261283875,3.591580629348755,0.20607461035251617,3.6115570068359375,0.06399473547935486,3.9473683834075928
333,0,0,1,0.4776611328125,3.5630369186401367,0.363057017326355,3.602069616317749,0.2277582883834839,3.635500431060791,0.08500079810619354,3.8494725227355957
334,0,0,1,0.4592559039592743,3.5772745609283447,0.3599330186843872,3.631727457046509,0.24604392051696777,3.6884288787841797,0.09568319469690323,3.8823161125183105
335,0,0,1,0.4775390625,3.5622992515563965,0.36315667629241943,3.6023707389831543,0.22478874027729034,3.6270060539245605,0.0832868292927742,3.8518784046173096
336,0,0,1,0.49059557914733887,3.5562968254089355,0.3612583577632904,3.5908889770507812,0.20278619229793549,3.605307102203369,0.06014827638864517,3.9768059253692627
337,0,0,1,0.4875562787055969,3.557480812072754,0.3601522445678711,3.591444969177246,0.2059849351644516,3.6091625690460205,0.0638950914144516,3.9547722339630127
338,0,0,1,0.4882114827632904,3.556145668029785,0.3632214665412903,3.588655710220337,0.21173468232154846,3.6048097610473633,0.06768175959587097,3.9148998260498047
339,0,0,1,0.4800751209259033,3.5610463619232178,0.3599230647087097,3.6041557788848877,0.21904894709587097,3.63065242767334,0.0750558003783226,3.9115772247314453
340,0,0,1,0.46510282158851624,3.5666110515594482,0.3629324734210968,3.613574504852295,0.24529655277729034,3.6594491004943848,0.09803491830825806,3.847529888153076
341,0,0,1,0.46046167612075806,3.5736095905303955,0.36441725492477417,3.6237080097198486,0.24835577607154846,3.6613168716430664,0.09986846148967743,3.8684892654418945
342,0,0,1,0.47253167629241943,3.568774461746216,0.3604811131954193,3.6090807914733887,0.2232142835855484,3.6575446128845215,0.07914142310619354,3.8907077312469482
343,0,0,1,0.48462411761283875,3.559321880340576,0.3621203303337097,3.5970499515533447,0.21352837979793549,3.616856336593628,0.0657087042927742,3.9265999794006348
344,0,0,1,0.484028697013855,3.558563709259033,0.36319655179977417,3.5957884788513184,0.2168068289756775,3.6162614822387695,0.07513552159070969,3.927320957183838
345,0,0,1,0.4726139008998871,3.5663139820098877,0.360072523355484,3.6086649894714355,0.22776825726032257,3.6358227729797363,0.08408401906490326,3.8769850730895996
346,0,0,1,0.4809146821498871,3.5671274662017822,0.36021703481674194,3.6015186309814453,0.21131616830825806,3.62982177734375,0.062440209090709686,3.98052978515625
347,0,0,1,0.48531168699264526,3.558924674987793,0.360371470451355,3.596214532852173,0.2118542641401291,3.629821300506592,0.06823979318141937,3.924065351486206
348,0,0,1,0.47916582226753235,3.562584161758423,0.3632015287876129,3.601569414138794,0.2226662039756775,3.6357126235961914,0.08087531477212906,3.8721044063568115
349,0,0,1,0.474208265542984,3.5632331371307373,0.3608647584915161,3.6125617027282715,0.23364755511283875,3.6492514610290527,0.08213089406490326,3.886192560195923
350,0,0,1,0.47987085580825806,3.562105417251587,0.3635702133178711,3.599438190460205,0.21733497083187103,3.6171939373016357,0.07116948068141937,3.908989191055298
351,0,0,1,0.4684784412384033,3.5706803798675537,0.3610939383506775,3.6137871742248535,0.23114636540412903,3.644162893295288,0.08785076439380646,3.8727314472198486
352,1,1,1,0.34874990582466125,3.561093330383301,0.4341966211795807,3.591210126876831,0.42505380511283875,3.5749619007110596,0.25366708636283875,3.624842882156372
353,1,1,1,0.3295649290084839,3.5793709754943848,0.44129663705825806,3.6105000972747803,0.46368780732154846,3.579042434692383,0.2991071343421936,3.6208689212799072
354,1,1,1,0.30749014019966125,3.5584182739257812,0.4782266318798065,3.5692837238311768,0.5011060833930969,3.543898105621338,0.32796555757522583,3.5808823108673096
355,1,1,1,0.31219854950904846,3.5679187774658203,0.4505341053009033,3.59454345703125,0.4769012928009033,3.5653600692749023,0.30159837007522583,3.6037137508392334
356,1,1,1,0.32664769887924194,3.5618560314178467,0.45446527004241943,3.5847082138061523,0.47333386540412903,3.5616209506988525,0.30373087525367737,3.6065616607666016
357,1,1,1,0.30749014019966125,3.5584182739257812,0.4782266318798065,3.5692837238311768,0.5011060833930969,3.543898105621338,0.32796555757522583,3.5808823108673096
358,1,1,1,0.4057293236255646,3.566955089569092,0.3968530595302582,3.605109930038452,0.34707826375961304,3.593338966369629,0.1905691921710968,3.650700807571411
359,1,1,1,0.29774942994117737,3.565424680709839,0.4728555381298065,3.577731132507324,0.5038264989852905,3.547804594039917,0.3289620578289032,3.581909656524658
360,1,1,1,0.32325464487075806,3.558436155319214,0.4653569459915161,3.5784752368927,0.48021960258483887,3.5470316410064697,0.3005221486091614,3.5953311920166016
361,1,1,1,0.35046884417533875,3.5725436210632324,0.426045298576355,3.6145901679992676,0.4368622303009033,3.5945255756378174,0.27730387449264526,3.6401467323303223
362,1,1,1,0.3147047460079193,3.564915895462036,0.46633848547935486,3.5787746906280518,0.4833984375,3.551020383834839,0.3127192258834839,3.599961757659912
363,1,0,0,0.41692492365837097,3.568324089050293,0.3907395899295807,3.6072580814361572,0.32857340574264526,3.586813449859619,0.1721540093421936,3.6790924072265625
364,1,1,1,0.35965651273727417,3.58430814743042,0.4091099202632904,3.623687744140625,0.4045260548591614,3.6106417179107666,0.24591436982154846,3.6583192348480225
365,1,1,1,0.3715396821498871,3.573471784591675,0.4195382297039032,3.6019976139068604,0.39784955978393555,3.583569288253784,0.2282366007566452,3.64207124710083
366,1,1,1,0.33364057540893555,3.5640950202941895,0.4473901689052582,3.585312843322754,0.4584263265132904,3.5613207817077637,0.2963966727256775,3.604424476623535
367,1,1,1,0.37672144174575806,3.577996253967285,0.4039929509162903,3.622534990310669,0.3882633149623871,3.599774122238159,0.22339364886283875,3.6495673656463623
368,1,1,1,0.3460942506790161,3.5785064697265625,0.42006635665893555,3.6219265460968018,0.4402104616165161,3.5965003967285156,0.2739756107330322,3.6333744525909424
369,1,0,0,0.41852429509162903,3.576646327972412,0.3739785850048065,3.6265203952789307,0.3076869249343872,3.620073080062866,0.1436941921710968,3.7049930095672607
370,1,1,1,0.33937039971351624,3.5687386989593506,0.44266679883003235,3.591524600982666,0.44688695669174194,3.5696606636047363,0.27523118257522583,3.619985580444336
371,1,0,0,0.4533616602420807,3.576603412628174,0.3624691069126129,3.6222217082977295,0.24390146136283875,3.638176202774048,0.09127869457006454,3.8786025047302246
372,1,1,1,0.43482938408851624,3.5495405197143555,0.39652422070503235,3.569335460662842,0.30130937695503235,3.5635480880737305,0.15078921616077423,3.681469678878784
373,1,1,1,0.31511080265045166,3.5623221397399902,0.4535435140132904,3.593905210494995,0.46703600883483887,3.5588035583496094,0.2894212305545807,3.5993664264678955
374,1,1,1,0.30426397919654846,3.5728299617767334,0.4550183117389679,3.5966997146606445,0.4893175959587097,3.5615835189819336,0.31923627853393555,3.595954656600952
375,1,1,1,0.31402212381362915,3.550642251968384,0.4754563868045807,3.562236785888672,0.4912906587123871,3.5387814044952393,0.3156289756298065,3.584517240524292
376,1,1,1,0.35649263858795166,3.578892946243286,0.4247249662876129,3.6117262840270996,0.4178192615509033,3.5868730545043945,0.2478475719690323,3.641765832901001
377,1,0,0,0.45491617918014526,3.568094253540039,0.36165696382522583,3.6240596771240234,0.2686842381954193,3.648629665374756,0.11373963207006454,3.843174934387207
378,1,1,1,0.28941625356674194,3.5460171699523926,0.49834081530570984,3.558673858642578,0.5372488498687744,3.534759044647217,0.359095960855484,3.571928024291992
379,1,1,1,0.36364495754241943,3.5797972679138184,0.4107491672039032,3.615485429763794,0.40448620915412903,3.600034475326538,0.2492426633834839,3.652646780014038
380,1,1,1,0.3929269015789032,3.573913812637329,0.4056321680545807,3.603952646255493,0.36268335580825806,3.59462571144104,0.19870057702064514,3.6590771675109863
381,1,0,0,0.4081084430217743,3.5709140300750732,0.39298170804977417,3.6072165966033936,0.3186383843421936,3.5790905952453613,0.15357939898967743,3.688424587249756
382,1,1,1,0.3269565999507904,3.576594591140747,0.4407535493373871,3.599179267883301,0.45574575662612915,3.567552089691162,0.28079161047935486,3.617432117462158
383,1,1,1,0.37692323327064514,3.5792596340179443,0.4073760211467743,3.616166353225708,0.3888113796710968,3.5957250595092773,0.22574536502361298,3.652158498764038
384,1,1,1,0.3395846486091614,3.5711309909820557,0.4353475570678711,3.602064609527588,0.4480329155921936,3.574364423751831,0.2854352593421936,3.6149280071258545
385,1,1,1,0.34997308254241943,3.5737318992614746,0.4333994388580322,3.6027936935424805,0.4356863796710968,3.578770399093628,0.2691924273967743,3.6263418197631836
386,1,1,1,0.3622100055217743,3.5780017375946045,0.40846219658851624,3.6281044483184814,0.42750516533851624,3.600452184677124,0.26915258169174194,3.665457248687744
387,1,1,1,0.33219316601753235,3.5770819187164307,0.4344905912876129,3.6112334728240967,0.4571707546710968,3.588299512863159,0.3004424273967743,3.6170480251312256
388,1,1,1,0.33178460597991943,3.5779051780700684,0.43284139037132263,3.6094069480895996,0.45052415132522583,3.582645893096924,0.29097574949264526,3.624246597290039
389,1,1,1,0.3202975392341614,3.5649452209472656,0.44908422231674194,3.589606523513794,0.46257174015045166,3.5682034492492676,0.28770726919174194,3.6143667697906494
390,1,1,1,0.3802490234375,3.57122540473938,0.4151785671710968,3.5947461128234863,0.3773019015789032,3.570768356323242,0.2096819132566452,3.627506971359253
391,1,1,1,0.37539857625961304,3.585129499435425,0.39318597316741943,3.64330792427063,0.4002411365509033,3.6267147064208984,0.24388153851032257,3.662090301513672
392,1,1,1,0.3024453818798065,3.5546441078186035,0.47778818011283875,3.5683255195617676,0.498256117105484,3.541969060897827,0.3231026828289032,3.5788304805755615
393,1,0,0,0.41581133008003235,3.5821220874786377,0.3792450428009033,3.627371311187744,0.3074079155921936,3.6236183643341064,0.13745614886283875,3.72074818611145
394,1,1,1,0.3634481430053711,3.5684244632720947,0.4340670704841614,3.5894696712493896,0.41604551672935486,3.577998161315918,0.24382174015045166,3.6365866661071777
395,1,1,1,0.3473323881626129,3.5669333934783936,0.44583067297935486,3.5894277095794678,0.44543206691741943,3.557382583618164,0.2694116532802582,3.599644899368286
396,1,1,1,0.36205556988716125,3.574587821960449,0.42788881063461304,3.600368022918701,0.40640944242477417,3.573533773422241,0.23658721148967743,3.6251368522644043
397,1,0,0,0.41393792629241943,3.5684168338775635,0.39709222316741943,3.6019723415374756,0.33207109570503235,3.5812928676605225,0.16958306729793549,3.662827491760254
398,1,1,1,0.35022470355033875,3.5845372676849365,0.408656507730484,3.6345725059509277,0.4204898774623871,3.6105172634124756,0.2596460282802582,3.6379337310791016
399,1,1,1,0.3515101671218872,3.572803497314453,0.42935365438461304,3.6104116439819336,0.4487204849720001,3.5874972343444824,0.28708943724632263,3.618049383163452
400,1,1,1,0.3492531180381775,3.568537712097168,0.4399264454841614,3.590610980987549,0.426478773355484,3.5675265789031982,0.2539660334587097,3.6101388931274414
401,1,0,0,0.4737224876880646,3.563447952270508,0.3578951954841614,3.611114978790283,0.23224249482154846,3.647472858428955,0.0731026753783226,3.959650993347168
402,1,1,1,0.37942689657211304,3.5676109790802,0.4200613796710968,3.599409341812134,0.3857322037220001,3.5858068466186523,0.21761399507522583,3.649876356124878
403,1,1,1,0.3250283896923065,3.569913148880005,0.45697644352912903,3.589770793914795,0.4809072017669678,3.565354347229004,0.31463247537612915,3.6027743816375732
404,1,1,1,0.3656628727912903,3.571106433868408,0.42236328125,3.61342453956604,0.422084242105484,3.6054017543792725,0.26237642765045166,3.6745917797088623
405,1,0,0,0.4129738211631775,3.578713893890381,0.37685346603393555,3.625324010848999,0.3139747977256775,3.608797788619995,0.15371890366077423,3.7024505138397217
406,1,1,1,0.2924555540084839,3.5552327632904053,0.48948201537132263,3.5699350833892822,0.5282206535339355,3.53756046295166,0.3518415093421936,3.5696158409118652
407,1,1,1,0.3245401084423065,3.5736491680145264,0.44007593393325806,3.604766368865967,0.4709920883178711,3.565894365310669,0.2954798936843872,3.608592987060547
408,1,1,1,0.3934924006462097,3.575634241104126,0.3902263939380646,3.6317288875579834,0.35432279109954834,3.6406614780426025,0.20135124027729034,3.723646402359009
409,1,1,1,0.3008509874343872,3.5559024810791016,0.48865991830825806,3.5655205249786377,0.5198301672935486,3.542518138885498,0.34504544734954834,3.585860252380371
410,1,1,1,0.292724609375,3.558739423751831,0.4840710461139679,3.5716021060943604,0.5194814205169678,3.542076587677002,0.34365034103393555,3.5802934169769287
411,1,1,1,0.35985830426216125,3.5775492191314697,0.4197923243045807,3.6208014488220215,0.41634446382522583,3.6008713245391846,0.2521524131298065,3.6613974571228027
412,1,0,0,0.4337506890296936,3.575075626373291,0.3734056055545807,3.6290297508239746,0.29544004797935486,3.6446640491485596,0.14233896136283875,3.7577710151672363
413,1,1,1,0.3772495687007904,3.576467275619507,0.406494140625,3.6175031661987305,0.3923688530921936,3.6129777431488037,0.22660236060619354,3.689445972442627
414,1,1,1,0.3669707477092743,3.5733275413513184,0.4159458577632904,3.6116409301757812,0.4066685140132904,3.590198516845703,0.24256616830825806,3.6340482234954834
415,1,0,0,0.4257214665412903,3.5802338123321533,0.37743642926216125,3.629242420196533,0.31009843945503235,3.6255664825439453,0.15575174987316132,3.7215611934661865
416,1,1,1,0.37723711133003235,3.581432580947876,0.3977150321006775,3.6363203525543213,0.3936842381954193,3.617460250854492,0.23760363459587097,3.6638987064361572
417,1,1,1,0.3464629352092743,3.5788183212280273,0.4280731678009033,3.6101772785186768,0.42861127853393555,3.586557149887085,0.2554209232330322,3.632178544998169
418,1,1,1,0.3359225392341614,3.5915441513061523,0.40157145261764526,3.656066656112671,0.4489297568798065,3.6237375736236572,0.30082109570503235,3.652179718017578
419,1,1,1,0.2895532548427582,3.5760610103607178,0.4705088138580322,3.596433401107788,0.5205675959587097,3.556297779083252,0.34811463952064514,3.5853896141052246
420,1,0,0,0.4196603000164032,3.555234432220459,0.40180066227912903,3.58355975151062,0.3236706852912903,3.5525076389312744,0.15658880770206451,3.660048246383667
421,1,1,1,0.3162318468093872,3.584324598312378,0.43550699949264526,3.6205382347106934,0.4700952470302582,3.586836338043213,0.3043287694454193,3.614865779876709
422,1,1,1,0.3058583736419678,3.5487563610076904,0.48121610283851624,3.561326026916504,0.4928750693798065,3.534562587738037,0.31212133169174194,3.576974630355835
423,1,1,1,0.31957510113716125,3.572092294692993,0.4518096148967743,3.5928430557250977,0.47938257455825806,3.568856954574585,0.31052693724632263,3.6118991374969482
424,1,1,1,0.31598272919654846,3.564523220062256,0.4638572037220001,3.58085036277771,0.4764429032802582,3.5499038696289062,0.3032126724720001,3.5981991291046143
425,1,1,1,0.3397291600704193,3.5604238510131836,0.44869059324264526,3.5807626247406006,0.44840162992477417,3.5814037322998047,0.27417489886283875,3.662135601043701
426,1,0,0,0.41426926851272583,3.5667355060577393,0.38843271136283875,3.608914852142334,0.3240692615509033,3.586667060852051,0.161969855427742,3.6923835277557373
427,1,1,1,0.373921275138855,3.5766348838806152,0.4172711968421936,3.6048026084899902,0.39273756742477417,3.5884757041931152,0.22672192752361298,3.659546375274658
428,1,1,1,0.37576979398727417,3.5857648849487305,0.39395326375961304,3.6440911293029785,0.4004404544830322,3.630309820175171,0.2523915767669678,3.6747472286224365
429,1,0,0,0.4302903711795807,3.566760540008545,0.3844417631626129,3.6055028438568115,0.30089086294174194,3.601755142211914,0.14666374027729034,3.731485366821289
430,1,1,1,0.39646193385124207,3.5731072425842285,0.406025767326355,3.6029255390167236,0.36346060037612915,3.5843889713287354,0.19361846148967743,3.662583589553833
431,1,1,1,0.3020642399787903,3.5741395950317383,0.4672353267669678,3.5895326137542725,0.5085399150848389,3.545666456222534,0.3324697017669678,3.585960865020752
432,1,1,1,0.3286232352256775,3.5624582767486572,0.4595174789428711,3.583939552307129,0.470234751701355,3.5577571392059326,0.3024553656578064,3.604243516921997
433,1,1,1,0.3436129689216614,3.5601940155029297,0.4555514454841614,3.574597120285034,0.44695669412612915,3.547455072402954,0.26580435037612915,3.592487096786499
434,1,1,1,0.27495715022087097,3.5577149391174316,0.49425023794174194,3.5661303997039795,0.5470144748687744,3.5316245555877686,0.36367982625961304,3.568774700164795
435,1,1,1,0.3416822850704193,3.57181715965271,0.43798828125,3.599208354949951,0.44249242544174194,3.5754306316375732,0.27116549015045166,3.6150963306427
436,1,1,1,0.35877710580825806,3.5833380222320557,0.40161630511283875,3.6380293369293213,0.4219547212123871,3.6161439418792725,0.26259565353393555,3.65421986579895
437,1,1,1,0.30749014019966125,3.5584182739257812,0.4782266318798065,3.5692837238311768,0.5011060833930969,3.543898105621338,0.32796555757522583,3.5808823108673096
438,1,1,1,0.3233742117881775,3.5872116088867188,0.4329510033130646,3.619701862335205,0.41354432702064514,3.5765302181243896,0.23937737941741943,3.6416618824005127
439,1,0,0,0.4085444211959839,3.580500364303589,0.37706273794174194,3.619030714035034,0.3187878727912903,3.6126410961151123,0.15469546616077423,3.67057466506958
440,1,1,1,0.40942880511283875,3.5543723106384277,0.4100516140460968,3.5900557041168213,0.34896165132522583,3.578200340270996,0.1798270046710968,3.65321946144104
441,1,1,1,0.3224649131298065,3.576382875442505,0.44098272919654846,3.60756778717041,0.4665377736091614,3.581998348236084,0.3002232015132904,3.6275224685668945
442,1,1,1,0.3594895899295807,3.578016996383667,0.41548746824264526,3.615541458129883,0.4146305024623871,3.5874691009521484,0.25127550959587097,3.632059097290039
443,1,1,1,0.3754259943962097,3.576679229736328,0.4142020046710968,3.6082375049591064,0.3871572017669678,3.5948987007141113,0.21851083636283875,3.653320074081421
444,1,1,1,0.28875109553337097,3.5634517669677734,0.48109155893325806,3.5707406997680664,0.5299744606018066,3.541215419769287,0.3556680381298065,3.5764317512512207
445,1,1,1,0.40802374482154846,3.573828935623169,0.38757073879241943,3.626762866973877,0.34645047783851624,3.6224005222320557,0.18584582209587097,3.7065951824188232
446,1,1,1,0.3407405912876129,3.5919532775878906,0.4089106321334839,3.647057294845581,0.449238657951355,3.6180737018585205,0.29852917790412903,3.653848648071289
447,1,1,1,0.3127516210079193,3.5669384002685547,0.45644330978393555,3.5831351280212402,0.4833984375,3.5550196170806885,0.31365591287612915,3.6064939498901367
448,1,1,1,0.3244977593421936,3.5703845024108887,0.4497518539428711,3.5940487384796143,0.4667868912220001,3.5632219314575195,0.2962571680545807,3.601480007171631
449,1,1,1,0.36805692315101624,3.5757644176483154,0.412617564201355,3.61321759223938,0.40085896849632263,3.5941035747528076,0.23991549015045166,3.6418840885162354
450,1,1,1,0.33542677760124207,3.5789458751678467,0.42170557379722595,3.616626024246216,0.44368821382522583,3.59431791305542,0.2821667790412903,3.6379432678222656
451,1,0,0,0.40921205282211304,3.5581300258636475,0.40961316227912903,3.5816495418548584,0.3394949734210968,3.5592474937438965,0.1725725382566452,3.6541171073913574
452,1,1,1,0.3031255006790161,3.575277090072632,0.45865052938461304,3.5999913215637207,0.5061483383178711,3.562262535095215,0.339564710855484,3.593086004257202
453,1,1,1,0.2946603000164032,3.5711748600006104,0.4631447196006775,3.591630458831787,0.5087990164756775,3.554946184158325,0.342494398355484,3.5864417552948
454,1,0,0,0.453144907951355,3.574575662612915,0.3649453818798065,3.6195969581604004,0.25695550441741943,3.6428682804107666,0.10680405050516129,3.851651430130005
455,1,1,1,0.3516073226928711,3.579362154006958,0.4225825071334839,3.615370035171509,0.4269571006298065,3.5853288173675537,0.2697305381298065,3.620954751968384
456,1,1,1,0.30749014019966125,3.5584182739257812,0.4782266318798065,3.5692837238311768,0.5011060833930969,3.543898105621338,0.32796555757522583,3.5808823108673096
457,1,1,1,0.32492873072624207,3.569788932800293,0.4469716548919678,3.594912528991699,0.4613759517669678,3.5702590942382812,0.2953403890132904,3.621161937713623
458,1,1,1,0.3390789330005646,3.5723941326141357,0.4396374523639679,3.6042022705078125,0.45879504084587097,3.5729892253875732,0.2907366156578064,3.6151630878448486
459,1,1,1,0.34396424889564514,3.5710654258728027,0.4288504421710968,3.6029138565063477,0.4377291798591614,3.573314905166626,0.27584901452064514,3.623220920562744
460,1,1,1,0.34907376766204834,3.585486888885498,0.4072365164756775,3.6426455974578857,0.4354272782802582,3.6181800365448,0.2831433415412903,3.654888391494751
461,1,1,1,0.3636225461959839,3.571556806564331,0.42536768317222595,3.600435733795166,0.412129282951355,3.5798394680023193,0.24772799015045166,3.6325020790100098
462,1,1,1,0.37065279483795166,3.576174736022949,0.4158960282802582,3.6172969341278076,0.39979273080825806,3.5848703384399414,0.2343152016401291,3.6243088245391846
463,1,0,0,0.39550530910491943,3.5831544399261475,0.38136258721351624,3.632105588912964,0.34066087007522583,3.628883123397827,0.1838727593421936,3.7082159519195557
464,1,1,1,0.2921042740345001,3.5609664916992188,0.48102179169654846,3.5737650394439697,0.5191027522087097,3.543623924255371,0.343470960855484,3.580364465713501
465,1,1,1,0.3454614579677582,3.573075771331787,0.4283472001552582,3.6059484481811523,0.42734572291374207,3.574280023574829,0.2554607689380646,3.618739366531372
466,1,1,1,0.3758619725704193,3.5846402645111084,0.40457090735435486,3.628591537475586,0.3931959569454193,3.6116883754730225,0.23606903851032257,3.651160717010498
467,1,0,0,0.4153952896595001,3.563717842102051,0.4018056392669678,3.589665651321411,0.32404935359954834,3.5772626399993896,0.16063456237316132,3.6928038597106934
468,1,0,0,0.42914190888404846,3.5622050762176514,0.39297670125961304,3.596282482147217,0.3100486099720001,3.5805747509002686,0.15306122601032257,3.6934895515441895
469,1,1,1,0.31399473547935486,3.5634400844573975,0.4679228961467743,3.5779969692230225,0.49244657158851624,3.555971622467041,0.3242785334587097,3.6050641536712646
470,1,1,1,0.3754558861255646,3.5558385848999023,0.41703203320503235,3.5910871028900146,0.38486525416374207,3.6114909648895264,0.22201849520206451,3.733123779296875
471,1,1,1,0.36319902539253235,3.5827383995056152,0.40326550602912903,3.6294524669647217,0.40992704033851624,3.6188104152679443,0.25567999482154846,3.656559467315674
472,1,1,1,0.32842642068862915,3.56532883644104,0.4481624662876129,3.5900964736938477,0.4544602930545807,3.5686752796173096,0.28720900416374207,3.6144611835479736
473,1,0,0,0.5138288140296936,3.542958974838257,0.3592803180217743,3.5492379665374756,0.19456513226032257,3.5525224208831787,0.05199696868658066,3.9632043838500977
474,1,1,1,0.3666045367717743,3.5778074264526367,0.4116659164428711,3.6150102615356445,0.40050023794174194,3.5974223613739014,0.23875956237316132,3.6432387828826904
475,1,1,1,0.33330675959587097,3.575056791305542,0.4376295208930969,3.6083407402038574,0.45741987228393555,3.5732522010803223,0.2857142686843872,3.6126534938812256
476,1,1,1,0.3501599431037903,3.5894689559936523,0.41235849261283875,3.6469998359680176,0.4396025836467743,3.6232120990753174,0.26588407158851624,3.6902031898498535
477,1,1,1,0.3351527452468872,3.5678160190582275,0.4461744427680969,3.5887503623962402,0.441127210855484,3.5550057888031006,0.2606225907802582,3.6029670238494873
478,1,0,0,0.5138288140296936,3.542958974838257,0.3592803180217743,3.5492379665374756,0.19456513226032257,3.5525224208831787,0.05199696868658066,3.9632043838500977
479,1,1,1,0.38368192315101624,3.5821845531463623,0.4053631126880646,3.6172473430633545,0.37915536761283875,3.604851722717285,0.22052374482154846,3.6669678688049316
480,1,1,1,0.3693947196006775,3.584132432937622,0.4073062837123871,3.622180461883545,0.39687299728393555,3.5940191745758057,0.23206312954425812,3.6315698623657227
481,1,1,1,0.37559041380882263,3.57173752784729,0.415492445230484,3.609286308288574,0.3985271751880646,3.59745454788208,0.24194833636283875,3.660708427429199
482,1,1,1,0.3850620687007904,3.5655152797698975,0.42664819955825806,3.584035873413086,0.37817880511283875,3.559089422225952,0.2069714516401291,3.627154588699341
483,1,0,0,0.5026780366897583,3.543867349624634,0.36275309324264526,3.5615882873535156,0.20922352373600006,3.5653457641601562,0.061025191098451614,3.879817008972168
484,1,1,1,0.3254120349884033,3.572770595550537,0.4356714189052582,3.6023032665252686,0.45205873250961304,3.571674108505249,0.27925699949264526,3.623037338256836
485,1,1,1,0.3650251030921936,3.576171875,0.4162697196006775,3.610733985900879,0.40927931666374207,3.5908892154693604,0.24378187954425812,3.637671709060669
486,1,1,1,0.36432507634162903,3.5710289478302,0.4233996272087097,3.602391242980957,0.4139329493045807,3.5765907764434814,0.25785234570503235,3.6326324939727783
487,1,1,1,0.35521963238716125,3.572614908218384,0.4276845455169678,3.6036953926086426,0.4164441227912903,3.578784942626953,0.248883917927742,3.630685567855835
488,1,1,1,0.3508026599884033,3.5705783367156982,0.4299166798591614,3.6008622646331787,0.43481943011283875,3.573988676071167,0.27746331691741943,3.610975503921509
489,1,1,1,0.3244205415248871,3.5734996795654297,0.4402552843093872,3.606794834136963,0.45524752140045166,3.569617986679077,0.27841994166374207,3.599069356918335
490,1,1,1,0.39160653948783875,3.578730821609497,0.39986246824264526,3.6152963638305664,0.3660913407802582,3.607926368713379,0.21584023535251617,3.669898509979248
491,1,0,0,0.4921426475048065,3.545912504196167,0.3558773100376129,3.571836471557617,0.20674225687980652,3.5857231616973877,0.059490591287612915,3.9145729541778564
492,1,1,1,0.3135462999343872,3.5841410160064697,0.43778398633003235,3.6204404830932617,0.4809072017669678,3.5844178199768066,0.3180205523967743,3.6202919483184814
493,1,1,1,0.39510422945022583,3.5708835124969482,0.40795400738716125,3.591172218322754,0.3498086631298065,3.569707155227661,0.1804448366165161,3.6397173404693604
494,1,0,0,0.4297049343585968,3.565312147140503,0.38334062695503235,3.6083080768585205,0.3105967044830322,3.6052167415618896,0.15589125454425812,3.719381332397461
495,1,0,0,0.4063396751880646,3.566624641418457,0.40249818563461304,3.597712278366089,0.33738240599632263,3.5748589038848877,0.16906489431858063,3.679830312728882
496,1,1,1,0.3733806908130646,3.576188564300537,0.4107342064380646,3.6117594242095947,0.3955078125,3.5962963104248047,0.2532684803009033,3.6484105587005615
497,1,1,1,0.3712432086467743,3.577955961227417,0.4044812321662903,3.617804765701294,0.3864995241165161,3.59820556640625,0.22265625,3.6480486392974854
498,1,1,1,0.320765882730484,3.5663647651672363,0.45871034264564514,3.586900472640991,0.4823022782802582,3.5540289878845215,0.30994898080825806,3.5847480297088623
499,1,1,1,0.3579450249671936,3.5730085372924805,0.4273058772087097,3.5989248752593994,0.41275709867477417,3.5792956352233887,0.24481824040412903,3.6369261741638184
500,1,0,0,0.45994848012924194,3.5755605697631836,0.36108896136283875,3.621950626373291,0.22994060814380646,3.689880847930908,0.0810546875,3.9862306118011475
501,1,0,0,0.4325050711631775,3.5707125663757324,0.3632712662220001,3.6398847103118896,0.30688974261283875,3.650745153427124,0.15850207209587097,3.7643656730651855
502,1,1,1,0.3142862021923065,3.570622205734253,0.44946786761283875,3.596630096435547,0.47896403074264526,3.5717673301696777,0.313197523355484,3.606999635696411
503,1,1,1,0.35324904322624207,3.5762815475463867,0.4324079155921936,3.600695848464966,0.4243861436843872,3.576899528503418,0.25681599974632263,3.6212167739868164
504,1,1,1,0.3681540787220001,3.564176559448242,0.43610987067222595,3.5861713886260986,0.40739595890045166,3.5617003440856934,0.2380620241165161,3.622854709625244
505,1,1,1,0.3085763156414032,3.5783474445343018,0.44117704033851624,3.6111738681793213,0.47625356912612915,3.5777623653411865,0.3094507157802582,3.617891311645508
506,1,1,1,0.38028138875961304,3.581167221069336,0.3865991532802582,3.6391379833221436,0.38423746824264526,3.624990224838257,0.234235480427742,3.6771888732910156
507,1,1,1,0.3542580008506775,3.568866729736328,0.4407236576080322,3.587066888809204,0.4251434803009033,3.5662384033203125,0.24802693724632263,3.61173152923584
508,1,1,1,0.31818249821662903,3.5570032596588135,0.4621332883834839,3.578381061553955,0.47769850492477417,3.558074951171875,0.31148356199264526,3.607332468032837
509,1,0,0,0.46360060572624207,3.563626766204834,0.36496034264564514,3.606356382369995,0.24465879797935486,3.623818874359131,0.08984375,3.8591392040252686
510,1,1,1,0.30749014019966125,3.5584182739257812,0.4782266318798065,3.5692837238311768,0.5011060833930969,3.543898105621338,0.32796555757522583,3.5808823108673096
511,1,0,0,0.4169747531414032,3.5654959678649902,0.39900049567222595,3.596820831298828,0.3352997303009033,3.5797669887542725,0.1702806055545807,3.6739232540130615
512,1,1,1,0.3115134537220001,3.5563881397247314,0.4680026173591614,3.57639741897583,0.48684629797935486,3.5542409420013428,0.31865832209587097,3.613046407699585
513,1,1,1,0.34945741295814514,3.5707931518554688,0.43377310037612915,3.6039628982543945,0.43489915132522583,3.5904269218444824,0.2762874662876129,3.6480560302734375
514,1,1,1,0.36869218945503235,3.583380699157715,0.401631236076355,3.633763074874878,0.40509405732154846,3.6153202056884766,0.24382174015045166,3.661925792694092
515,1,1,1,0.3309425711631775,3.576876401901245,0.43915417790412903,3.609689235687256,0.45545679330825806,3.5832056999206543,0.29657605290412903,3.6239500045776367
516,1,1,1,0.30749014019966125,3.5584182739257812,0.4782266318798065,3.5692837238311768,0.5011060833930969,3.543898105621338,0.32796555757522583,3.5808823108673096
517,1,1,1,0.31764188408851624,3.57975435256958,0.442103773355484,3.603976011276245,0.4716796875,3.5619640350341797,0.2964763939380646,3.5993547439575195
518,1,1,1,0.32896703481674194,3.5735554695129395,0.4482272267341614,3.5912117958068848,0.47295519709587097,3.5602166652679443,0.3024553656578064,3.5943593978881836
519,1,1,1,0.36182886362075806,3.567408561706543,0.4388103783130646,3.5882413387298584,0.42274194955825806,3.562265634536743,0.25,3.611208438873291
520,1,1,1,0.38302674889564514,3.5459511280059814,0.43672770261764526,3.568605661392212,0.3840182423591614,3.544956684112549,0.21006058156490326,3.613852024078369
521,1,1,1,0.3216129243373871,3.563525438308716,0.4638073742389679,3.575573682785034,0.4876733720302582,3.550910234451294,0.3152104616165161,3.597306489944458
522,1,1,1,0.34721529483795166,3.5662994384765625,0.4449537396430969,3.5861551761627197,0.43619459867477417,3.5585405826568604,0.26307398080825806,3.602651596069336
523,1,0,0,0.4183797836303711,3.574761390686035,0.3757423758506775,3.625502347946167,0.3091318607330322,3.6059248447418213,0.14961335062980652,3.7105367183685303
524,1,1,1,0.3817761540412903,3.568901300430298,0.4231405258178711,3.588500499725342,0.38427734375,3.555506467819214,0.21416613459587097,3.6257212162017822
525,1,1,1,0.35015493631362915,3.576735019683838,0.424037367105484,3.612271785736084,0.42847177386283875,3.5919809341430664,0.2668805718421936,3.647972583770752
526,1,1,1,0.35747915506362915,3.5726611614227295,0.42487940192222595,3.6078453063964844,0.4184072017669678,3.5901923179626465,0.2594268023967743,3.6347084045410156
527,1,0,0,0.4262371361255646,3.5673162937164307,0.390380859375,3.599634885787964,0.3138851225376129,3.5886852741241455,0.15571188926696777,3.6934595108032227
528,1,1,1,0.3821498155593872,3.581702470779419,0.4026476740837097,3.62762188911438,0.38375917077064514,3.60642409324646,0.22759884595870972,3.6598949432373047
529,1,1,1,0.33380749821662903,3.58150053024292,0.4272311329841614,3.6178059577941895,0.4467275142669678,3.589672088623047,0.28463807702064514,3.6209213733673096
530,1,1,1,0.3516745865345001,3.583366870880127,0.41560205817222595,3.6253702640533447,0.4248943626880646,3.5928142070770264,0.25847017765045166,3.6269567012786865
531,1,1,1,0.33065858483314514,3.5761590003967285,0.43943318724632263,3.6117169857025146,0.46586015820503235,3.579871654510498,0.29565927386283875,3.614762306213379
532,1,1,1,0.30679258704185486,3.5737926959991455,0.457783579826355,3.592376947402954,0.49230706691741943,3.5555419921875,0.31845900416374207,3.588209629058838
533,1,1,1,0.39343759417533875,3.585484504699707,0.38598135113716125,3.644317626953125,0.3597237765789032,3.636749029159546,0.20420120656490326,3.6829981803894043
534,1,1,1,0.3580670952796936,3.5791096687316895,0.4193139970302582,3.616685390472412,0.4162149131298065,3.5907633304595947,0.2502192258834839,3.638550281524658
535,1,0,0,0.42650869488716125,3.567328929901123,0.3930514454841614,3.5981340408325195,0.3150011897087097,3.5916926860809326,0.14979273080825806,3.691990375518799
536,1,1,1,0.4198097586631775,3.5600569248199463,0.40230387449264526,3.5810835361480713,0.3243582546710968,3.560983180999756,0.16242824494838715,3.6628220081329346
537,1,1,1,0.3790631890296936,3.5665323734283447,0.4220693111419678,3.593736410140991,0.3831512928009033,3.568972587585449,0.211774542927742,3.6257293224334717
538,1,1,1,0.38294950127601624,3.572147846221924,0.40711694955825806,3.6176722049713135,0.3826929032802582,3.6150660514831543,0.21873006224632263,3.6745331287384033
539,1,1,1,0.3459397852420807,3.5691723823547363,0.4335837662220001,3.598860025405884,0.4374302327632904,3.576144218444824,0.2673788070678711,3.6179933547973633
540,1,1,1,0.4115588068962097,3.5826709270477295,0.38392359018325806,3.6336252689361572,0.34274354577064514,3.6332316398620605,0.18746013939380646,3.7190091609954834
541,1,1,1,0.3641855716705322,3.5764808654785156,0.4206991195678711,3.6054763793945312,0.40397799015045166,3.57977294921875,0.23860011994838715,3.6324758529663086
542,1,1,1,0.4140898883342743,3.5693092346191406,0.38731664419174194,3.614734411239624,0.33194154500961304,3.6175436973571777,0.18140146136283875,3.701054811477661
543,1,1,1,0.34414610266685486,3.5670065879821777,0.44107741117477417,3.5898492336273193,0.44199416041374207,3.562281608581543,0.2690927982330322,3.6139090061187744
544,1,1,1,0.2973209321498871,3.5600979328155518,0.47868502140045166,3.57917857170105,0.5318877696990967,3.543933629989624,0.359375,3.570485830307007
545,1,1,1,0.31568628549575806,3.585705280303955,0.44074854254722595,3.618528127670288,0.48358777165412903,3.5812606811523438,0.3143734037876129,3.6096107959747314
546,1,0,0,0.4269297122955322,3.5662734508514404,0.38734155893325806,3.605806350708008,0.3118722140789032,3.596031665802002,0.1561902016401291,3.721194267272949
547,1,1,1,0.32045698165893555,3.574272632598877,0.44487902522087097,3.598841905593872,0.4783860743045807,3.564438581466675,0.30899232625961304,3.603586196899414
548,1,1,1,0.3042864203453064,3.5616040229797363,0.47055861353874207,3.578380584716797,0.4945591390132904,3.5499496459960938,0.3232421875,3.5906035900115967
549,1,1,1,0.36898118257522583,3.5699403285980225,0.422139048576355,3.5978636741638184,0.3955974876880646,3.5841708183288574,0.22708067297935486,3.6473581790924072
550,1,1,1,0.2889404296875,3.5693764686584473,0.4718441069126129,3.588304281234741,0.5223114490509033,3.5548412799835205,0.3508649468421936,3.5876171588897705
551,1,0,0,0.4647216796875,3.571423292160034,0.36748644709587097,3.6084656715393066,0.23964643478393555,3.6223959922790527,0.08559869229793549,3.860302686691284
552,1,1,1,0.3961629867553711,3.5758285522460938,0.3919503390789032,3.6213738918304443,0.3550402522087097,3.6187095642089844,0.204938605427742,3.690459966659546
553,1,1,1,0.3466547727584839,3.5720229148864746,0.43672770261764526,3.6001391410827637,0.4325573742389679,3.574018716812134,0.26578444242477417,3.6137523651123047
554,1,1,1,0.30749014019966125,3.5584182739257812,0.4782266318798065,3.5692837238311768,0.5011060833930969,3.543898105621338,0.32796555757522583,3.5808823108673096
555,1,1,1,0.365234375,3.578767776489258,0.41854172945022583,3.6154303550720215,0.40377870202064514,3.5853652954101562,0.23720502853393555,3.635523557662964
556,1,0,0,0.4281628727912903,3.566929340362549,0.3858219087123871,3.6043829917907715,0.3072783648967743,3.605039596557617,0.15686781704425812,3.710710287094116
557,1,1,1,0.4087362289428711,3.568147659301758,0.3960857689380646,3.603854179382324,0.33793047070503235,3.587402582168579,0.18383289873600006,3.6751952171325684
558,1,1,1,0.3581792116165161,3.590411424636841,0.39028120040893555,3.659879207611084,0.42567163705825806,3.6313178539276123,0.27772241830825806,3.6635091304779053
559,1,1,1,0.3163738548755646,3.576479434967041,0.45464465022087097,3.597606658935547,0.48147520422935486,3.554980754852295,0.30773675441741943,3.5963993072509766
560,1,1,1,0.3643300533294678,3.583712339401245,0.3988111913204193,3.6414802074432373,0.4151187837123871,3.62302565574646,0.2710658311843872,3.6684067249298096
561,1,1,1,0.31594786047935486,3.5702311992645264,0.4602748155593872,3.5903398990631104,0.4960837662220001,3.5596086978912354,0.3252750337123871,3.5905275344848633
562,1,1,1,0.37310168147087097,3.5886383056640625,0.38094407320022583,3.6647396087646484,0.3936144709587097,3.650557041168213,0.25135523080825806,3.70290207862854
563,1,1,1,0.29159608483314514,3.5662670135498047,0.4690638780593872,3.581700086593628,0.5051020383834839,3.55078125,0.3373325765132904,3.5964787006378174
564,1,1,1,0.3294602930545807,3.569082260131836,0.44895467162132263,3.596024751663208,0.45654296875,3.5735676288604736,0.29229113459587097,3.617687225341797
565,1,1,1,0.36510980129241943,3.5736703872680664,0.41688257455825806,3.611712694168091,0.41271722316741943,3.598860263824463,0.24802693724632263,3.6420249938964844
566,1,0,0,0.42462781071662903,3.5673251152038574,0.39186063408851624,3.601235866546631,0.32042211294174194,3.5939667224884033,0.1614915430545807,3.7187461853027344
567,1,1,1,0.3744942843914032,3.581007719039917,0.4066186845302582,3.6258180141448975,0.38927972316741943,3.616229295730591,0.2249681055545807,3.6715095043182373
568,1,1,1,0.3508574664592743,3.5742454528808594,0.43603017926216125,3.602881908416748,0.4354073703289032,3.575593948364258,0.26454877853393555,3.616769552230835
569,1,1,1,0.3171984553337097,3.5672054290771484,0.45526745915412903,3.5867204666137695,0.47821667790412903,3.5576369762420654,0.30821508169174194,3.59890079498291
570,1,1,1,0.27465569972991943,3.54488468170166,0.49682116508483887,3.5596506595611572,0.5417031645774841,3.539302110671997,0.36047112941741943,3.5822412967681885
571,1,1,1,0.3814871609210968,3.5857887268066406,0.39881616830825806,3.6318774223327637,0.3786969780921936,3.6119253635406494,0.2222377210855484,3.6663079261779785
572,1,0,0,0.4128442704677582,3.5673580169677734,0.4014170169830322,3.594754695892334,0.340052992105484,3.5722784996032715,0.17534278333187103,3.65651273727417
573,1,1,1,0.3571279048919678,3.574284553527832,0.4143514633178711,3.6171207427978516,0.40698739886283875,3.6060428619384766,0.24481824040412903,3.663546085357666
574,1,1,1,0.35933512449264526,3.571269989013672,0.4237085282802582,3.606032371520996,0.42008131742477417,3.588599443435669,0.2557198703289032,3.638843536376953
575,1,1,1,0.3752964437007904,3.549025297164917,0.4338976740837097,3.579514265060425,0.3983079493045807,3.571714401245117,0.2280372977256775,3.6492745876312256
576,1,1,1,0.3050636649131775,3.5510594844818115,0.4840361773967743,3.564746618270874,0.5043347477912903,3.536602735519409,0.3295798599720001,3.5803349018096924
577,1,1,1,0.33876004815101624,3.581015110015869,0.4354422390460968,3.607117176055908,0.433125376701355,3.5778212547302246,0.2637316584587097,3.622307777404785
578,1,0,0,0.41558462381362915,3.580293655395508,0.37098413705825806,3.633551836013794,0.30192720890045166,3.6214065551757812,0.13807398080825806,3.7231523990631104
579,1,1,1,0.36925023794174194,3.570570707321167,0.4179089665412903,3.6033191680908203,0.40796396136283875,3.5769906044006348,0.2431042641401291,3.6147727966308594
580,1,1,1,0.3150011897087097,3.5607779026031494,0.4674794673919678,3.5787370204925537,0.48404616117477417,3.5454039573669434,0.3101084232330322,3.5910024642944336
581,1,1,1,0.38068249821662903,3.566406488418579,0.415791392326355,3.5997650623321533,0.381855845451355,3.5735907554626465,0.2158203125,3.6349616050720215
582,1,1,1,0.3720952272415161,3.586695432662964,0.40302136540412903,3.6299822330474854,0.3946807086467743,3.6105234622955322,0.23740433156490326,3.671004056930542
583,1,1,1,0.3434460759162903,3.5714046955108643,0.4337182939052582,3.600581169128418,0.4352877736091614,3.571700096130371,0.2659040093421936,3.6181232929229736
584,1,1,1,0.39371412992477417,3.5684194564819336,0.41411730647087097,3.595452070236206,0.3594248294830322,3.581247091293335,0.18767936527729034,3.644047975540161
585,1,0,0,0.46762147545814514,3.5639054775238037,0.3606455326080322,3.616042375564575,0.23885920643806458,3.652857780456543,0.08954480290412903,3.869797468185425
586,1,0,0,0.4294682741165161,3.5649044513702393,0.38908541202545166,3.6001715660095215,0.3073580861091614,3.5921411514282227,0.15049026906490326,3.692491054534912
587,1,1,1,0.30749014019966125,3.5584182739257812,0.4782266318798065,3.5692837238311768,0.5011060833930969,3.543898105621338,0.32796555757522583,3.5808823108673096
588,1,1,1,0.36448949575424194,3.5809006690979004,0.4077945649623871,3.6268112659454346,0.4049146771430969,3.606905460357666,0.2503587305545807,3.6436076164245605
589,1,1,1,0.3696313798427582,3.5889885425567627,0.3952138423919678,3.6401710510253906,0.3977399468421936,3.6254446506500244,0.2433832883834839,3.6666393280029297
590,1,0,0,0.4132080078125,3.579941511154175,0.37762075662612915,3.6186304092407227,0.3021264970302582,3.5990633964538574,0.13500477373600006,3.689253091812134
591,1,1,1,0.363667368888855,3.5820562839508057,0.41112783551216125,3.6233654022216797,0.4043467044830322,3.5975306034088135,0.24430005252361298,3.6473324298858643
592,1,1,1,0.37799444794654846,3.584327459335327,0.40198999643325806,3.6268513202667236,0.38954877853393555,3.6112759113311768,0.23373724520206451,3.6463165283203125
593,1,1,1,0.40942880511283875,3.5543723106384277,0.4100516140460968,3.5900557041168213,0.34896165132522583,3.578200340270996,0.1798270046710968,3.65321946144104
594,1,0,0,0.40624749660491943,3.5562362670898438,0.4101662039756775,3.5813512802124023,0.3383091390132904,3.551811456680298,0.17295120656490326,3.6447339057922363
595,1,1,1,0.3673444390296936,3.590749740600586,0.3846709430217743,3.672262191772461,0.40781447291374207,3.658668279647827,0.2740553319454193,3.7128937244415283
596,1,1,1,0.31610479950904846,3.5632965564727783,0.4551129937171936,3.5870838165283203,0.47555604577064514,3.552060842514038,0.3021962642669678,3.593747854232788
597,1,0,0,0.4080984890460968,3.568120002746582,0.4053880274295807,3.5979866981506348,0.3332071006298065,3.5791015625,0.1620495766401291,3.659205436706543
598,1,1,1,0.3072609305381775,3.5711262226104736,0.4491589367389679,3.598726511001587,0.48058831691741943,3.57373309135437,0.31248006224632263,3.615217924118042
599,1,1,1,0.3807298243045807,3.582399845123291,0.4001564383506775,3.6303462982177734,0.3918905258178711,3.599435567855835,0.23178412020206451,3.6450557708740234
600,1,1,1,0.33196398615837097,3.558779239654541,0.4528908133506775,3.583143472671509,0.4619140625,3.561030387878418,0.2909359037876129,3.605288505554199
601,1,1,1,0.4047129154205322,3.5749099254608154,0.39491987228393555,3.6145946979522705,0.342982679605484,3.6060895919799805,0.19009087979793549,3.6775004863739014
602,1,1,1,0.3410569727420807,3.5804402828216553,0.4181531071662903,3.624319314956665,0.43057435750961304,3.6052675247192383,0.2690529227256775,3.648592710494995
603,1,1,1,0.3122408986091614,3.5595438480377197,0.46609434485435486,3.580852508544922,0.48846060037612915,3.5520217418670654,0.31831949949264526,3.5995492935180664
604,1,1,1,0.40137964487075806,3.5776050090789795,0.39285215735435486,3.6221163272857666,0.3542928695678711,3.6147549152374268,0.20575574040412903,3.6843278408050537
605,1,1,1,0.30749014019966125,3.5584182739257812,0.4782266318798065,3.5692837238311768,0.5011060833930969,3.543898105621338,0.32796555757522583,3.5808823108673096
606,1,1,1,0.29324278235435486,3.5590009689331055,0.4827606678009033,3.5743300914764404,0.5284199714660645,3.55570650100708,0.35417330265045166,3.596364974975586
607,1,0,0,0.4307587146759033,3.577913284301758,0.3757075071334839,3.635267734527588,0.3125597834587097,3.654115915298462,0.16541773080825806,3.7714457511901855
608,1,1,1,0.30219876766204834,3.5719714164733887,0.46283581852912903,3.593510866165161,0.5027503371238708,3.5562119483947754,0.33424344658851624,3.5843420028686523
609,1,1,1,0.3754558861255646,3.5558385848999023,0.41703203320503235,3.5910871028900146,0.38486525416374207,3.6114909648895264,0.22201849520206451,3.733123779296875
610,1,1,1,0.30321767926216125,3.557478904724121,0.47928789258003235,3.57058048248291,0.5170300602912903,3.545224905014038,0.3431122303009033,3.586547374725342
611,1,1,1,0.3850197196006775,3.571420192718506,0.41121751070022583,3.606363534927368,0.3720703125,3.584230661392212,0.2052973508834839,3.6543054580688477
612,1,1,1,0.36956411600112915,3.5794830322265625,0.4036939740180969,3.619540214538574,0.3934151828289032,3.587968587875366,0.23128587007522583,3.634812593460083
613,1,1,1,0.3054822087287903,3.572519063949585,0.4588647782802582,3.5955958366394043,0.5026904940605164,3.563216209411621,0.3349609375,3.5980842113494873
614,1,1,1,0.30749014019966125,3.5584182739257812,0.4782266318798065,3.5692837238311768,0.5011060833930969,3.543898105621338,0.32796555757522583,3.5808823108673096
615,1,1,1,0.33937788009643555,3.5867767333984375,0.4209582209587097,3.6218042373657227,0.447963148355484,3.6008365154266357,0.2857740819454193,3.6336565017700195
616,1,1,1,0.36936232447624207,3.5696423053741455,0.4263592064380646,3.600149631500244,0.407734751701355,3.5874574184417725,0.23889906704425812,3.6425294876098633
617,1,1,1,0.36139288544654846,3.5683412551879883,0.42908960580825806,3.5992801189422607,0.41715162992477417,3.5837514400482178,0.24780771136283875,3.6249799728393555
618,1,1,1,0.3545345366001129,3.567439317703247,0.4346998333930969,3.597012996673584,0.42832228541374207,3.576460361480713,0.2608219087123871,3.626499652862549
619,1,1,1,0.31723085045814514,3.5617761611938477,0.4677136242389679,3.578777551651001,0.48418566584587097,3.5519766807556152,0.30972975492477417,3.59745192527771
620,1,0,0,0.43783631920814514,3.56241512298584,0.3845314383506775,3.6011765003204346,0.30027303099632263,3.588524103164673,0.14331552386283875,3.696843385696411
621,1,1,1,0.3748255968093872,3.5815176963806152,0.4066685140132904,3.61926007270813,0.3921396732330322,3.608330011367798,0.22638311982154846,3.6655516624450684
622,1,1,1,0.37812647223472595,3.5825157165527344,0.4022640287876129,3.6276628971099854,0.39101362228393555,3.6053671836853027,0.23112642765045166,3.6532723903656006
623,1,1,1,0.2914789915084839,3.5590076446533203,0.4803292453289032,3.575110912322998,0.5185447335243225,3.544093608856201,0.344447523355484,3.5836949348449707
624,1,1,1,0.3623769283294678,3.565326690673828,0.44070371985435486,3.5852506160736084,0.42041015625,3.566237688064575,0.24370215833187103,3.609175682067871
625,1,1,1,0.3259028196334839,3.5649824142456055,0.4524025321006775,3.5862619876861572,0.470424085855484,3.559206008911133,0.3013392686843872,3.5917327404022217
626,1,1,1,0.3827601671218872,3.5784709453582764,0.3880639970302582,3.646791458129883,0.38815370202064514,3.6319315433502197,0.24842554330825806,3.690413236618042
627,1,0,0,0.42077386379241943,3.566956043243408,0.39666372537612915,3.5950233936309814,0.31281888484954834,3.5799248218536377,0.15041054785251617,3.6964356899261475
628,1,1,1,0.39207738637924194,3.581174612045288,0.39024633169174194,3.631505012512207,0.35564810037612915,3.6238441467285156,0.2087850719690323,3.695017099380493
629,1,1,1,0.37176886200904846,3.5796515941619873,0.4043765962123871,3.6231887340545654,0.38941922783851624,3.6096625328063965,0.23262116312980652,3.661754608154297
630,1,1,1,0.30939343571662903,3.575040578842163,0.44824716448783875,3.6046128273010254,0.4899453818798065,3.570728302001953,0.3198939561843872,3.6005232334136963
631,1,1,1,0.373555064201355,3.572591781616211,0.41682276129722595,3.61177659034729,0.40112802386283875,3.5926616191864014,0.23204320669174194,3.651721954345703
632,1,1,1,0.38809388875961304,3.5757908821105957,0.40201491117477417,3.6153111457824707,0.3681042790412903,3.6014888286590576,0.20454001426696777,3.6590664386749268
633,1,1,1,0.3173927664756775,3.5792832374572754,0.43913424015045166,3.613846778869629,0.47682157158851624,3.579038619995117,0.3104073703289032,3.6058425903320312
634,1,1,1,0.322474867105484,3.5674808025360107,0.4471360743045807,3.5954625606536865,0.47672194242477417,3.5689380168914795,0.30883291363716125,3.615126371383667
635,1,1,1,0.38671875,3.587005138397217,0.38720205426216125,3.6464297771453857,0.37107381224632263,3.63993763923645,0.2204241007566452,3.7030742168426514
636,1,1,1,0.3231051564216614,3.5657339096069336,0.45733019709587097,3.58450984954834,0.4730050265789032,3.555248975753784,0.29990431666374207,3.6035354137420654
637,1,1,1,0.3672946095466614,3.580608367919922,0.40575674176216125,3.627859592437744,0.41486963629722595,3.609996795654297,0.27080675959587097,3.644465684890747
638,1,1,1,0.38140246272087097,3.5839853286743164,0.4028220474720001,3.6305782794952393,0.38492506742477417,3.622708797454834,0.23036909103393555,3.681460380554199
639,1,1,1,0.40922701358795166,3.564781665802002,0.4036690890789032,3.5970401763916016,0.34657007455825806,3.5854108333587646,0.18821747601032257,3.662431240081787
640,1,1,1,0.3407081961631775,3.580047130584717,0.4224131107330322,3.627117156982422,0.44773396849632263,3.606485605239868,0.28722894191741943,3.645364999771118
641,1,0,0,0.42562180757522583,3.5731117725372314,0.36842313408851624,3.6309640407562256,0.3046177327632904,3.6199417114257812,0.15397799015045166,3.7165415287017822
642,1,1,1,0.30749014019966125,3.5584182739257812,0.4782266318798065,3.5692837238311768,0.5011060833930969,3.543898105621338,0.32796555757522583,3.5808823108673096
643,1,1,1,0.35031935572624207,3.575106143951416,0.42844685912132263,3.609121799468994,0.43662306666374207,3.589693307876587,0.27626752853393555,3.6231424808502197
644,1,1,1,0.3710488975048065,3.572887420654297,0.41779932379722595,3.601605176925659,0.3853136897087097,3.57806396484375,0.21873006224632263,3.6405467987060547
645,1,1,1,0.3877301812171936,3.5699894428253174,0.4115064740180969,3.5974016189575195,0.3696886897087097,3.57804799079895,0.20107221603393555,3.6383190155029297
646,1,1,1,0.34341615438461304,3.5848169326782227,0.4169473350048065,3.630343198776245,0.44159558415412903,3.6036105155944824,0.28750795125961304,3.6314985752105713
647,1,0,0,0.5138288140296936,3.542958974838257,0.3592803180217743,3.5492379665374756,0.19456513226032257,3.5525224208831787,0.05199696868658066,3.9632043838500977
648,1,1,1,0.3559595048427582,3.5783462524414062,0.4105747640132904,3.622736692428589,0.42260244488716125,3.6001555919647217,0.26566484570503235,3.6324830055236816
649,1,0,0,0.4209407866001129,3.555575370788574,0.40466058254241943,3.580223321914673,0.3213488459587097,3.5527474880218506,0.15577168762683868,3.6672210693359375
650,1,1,1,0.3278908133506775,3.5738272666931152,0.4271314740180969,3.626115560531616,0.47424066066741943,3.6117963790893555,0.32208624482154846,3.6603550910949707
651,1,1,1,0.36776795983314514,3.572965383529663,0.4227469265460968,3.6042051315307617,0.40154653787612915,3.582737684249878,0.23146523535251617,3.6343207359313965
652,1,1,1,0.30749014019966125,3.5584182739257812,0.4782266318798065,3.5692837238311768,0.5011060833930969,3.543898105621338,0.32796555757522583,3.5808823108673096
653,1,1,1,0.34819933772087097,3.5712385177612305,0.43101781606674194,3.605257272720337,0.44215360283851624,3.5854949951171875,0.2833426296710968,3.6357178688049316
654,1,0,0,0.5066515803337097,3.54251766204834,0.35805463790893555,3.556962490081787,0.19840161502361298,3.5622801780700684,0.05387037619948387,3.9452459812164307
655,1,1,1,0.37379175424575806,3.5895776748657227,0.39230409264564514,3.6562607288360596,0.40503427386283875,3.6453280448913574,0.26036351919174194,3.684705972671509
656,1,1,1,0.3422353267669678,3.563016891479492,0.4468819797039032,3.5859339237213135,0.4456712305545807,3.5577542781829834,0.2759486436843872,3.6084067821502686
657,1,1,1,0.30749014019966125,3.5584182739257812,0.4782266318798065,3.5692837238311768,0.5011060833930969,3.543898105621338,0.32796555757522583,3.5808823108673096
658,1,1,1,0.3225122392177582,3.5648274421691895,0.4656260013580322,3.5809764862060547,0.4785754084587097,3.5548036098480225,0.30311304330825806,3.598330020904541
659,1,0,0,0.44590041041374207,3.566697120666504,0.3661860227584839,3.6247498989105225,0.2790876030921936,3.6404826641082764,0.1312779039144516,3.8178229331970215
660,1,1,1,0.3668312430381775,3.5833656787872314,0.40817323327064514,3.62599778175354,0.4049146771430969,3.6089236736297607,0.2474888414144516,3.6566274166107178
661,1,1,1,0.3214709162712097,3.5663936138153076,0.450439453125,3.591294765472412,0.4533541798591614,3.562655210494995,0.2759486436843872,3.6115846633911133
662,1,1,1,0.30749014019966125,3.5584182739257812,0.4782266318798065,3.5692837238311768,0.5011060833930969,3.543898105621338,0.32796555757522583,3.5808823108673096
663,1,0,0,0.41365641355514526,3.5740129947662354,0.38915517926216125,3.6148133277893066,0.33242982625961304,3.607973575592041,0.17440608143806458,3.6833505630493164
664,1,1,1,0.30749014019966125,3.5584182739257812,0.4782266318798065,3.5692837238311768,0.5011060833930969,3.543898105621338,0.32796555757522583,3.5808823108673096
665,1,1,1,0.32568109035491943,3.5624680519104004,0.4409079849720001,3.594019889831543,0.45045438408851624,3.57295823097229,0.27479273080825806,3.6104583740234375
666,1,1,1,0.36760851740837097,3.577517032623291,0.41173070669174194,3.620286464691162,0.4080636203289032,3.604395627975464,0.24551577866077423,3.6553292274475098
667,1,1,1,0.29539769887924194,3.5740163326263428,0.4632991850376129,3.601348638534546,0.509187638759613,3.5547966957092285,0.34113919734954834,3.5845065116882324
668,1,1,1,0.28262266516685486,3.5545849800109863,0.4854113459587097,3.568833112716675,0.5333625674247742,3.5431394577026367,0.3590162694454193,3.5784389972686768
669,1,1,1,0.30749014019966125,3.5584182739257812,0.4782266318798065,3.5692837238311768,0.5011060833930969,3.543898105621338,0.32796555757522583,3.5808823108673096
670,1,1,1,0.30749014019966125,3.5584182739257812,0.4782266318798065,3.5692837238311768,0.5011060833930969,3.543898105621338,0.32796555757522583,3.5808823108673096
671,1,1,1,0.31393495202064514,3.5701260566711426,0.4587252736091614,3.5893688201904297,0.4926857352256775,3.560495138168335,0.3185786008834839,3.592930793762207
672,1,0,0,0.3973737359046936,3.5682501792907715,0.40597596764564514,3.5988881587982178,0.34706830978393555,3.585862398147583,0.17532286047935486,3.666818141937256
673,1,1,1,0.3806849718093872,3.573777914047241,0.4126076102256775,3.61093807220459,0.3867087662220001,3.597959041595459,0.2191087305545807,3.6558122634887695
674,1,1,1,0.38596639037132263,3.5797650814056396,0.3926478624343872,3.6272871494293213,0.36737683415412903,3.6239726543426514,0.22305484116077423,3.678877830505371
675,1,1,1,0.3393131196498871,3.563981771469116,0.44961732625961304,3.5836880207061768,0.44842153787612915,3.5593554973602295,0.27941644191741943,3.616048574447632
676,1,1,1,0.3736671805381775,3.572740077972412,0.4239227771759033,3.6020121574401855,0.39902541041374207,3.58492112159729,0.23212292790412903,3.631836414337158
677,1,1,1,0.33419114351272583,3.5687344074249268,0.44384267926216125,3.5942904949188232,0.463887095451355,3.5730581283569336,0.29538026452064514,3.614128589630127
678,1,1,1,0.31753477454185486,3.565859317779541,0.4763980805873871,3.554609537124634,0.4792928695678711,3.5329952239990234,0.2996053695678711,3.587174892425537
679,1,1,1,0.30749014019966125,3.5584182739257812,0.4782266318798065,3.5692837238311768,0.5011060833930969,3.543898105621338,0.32796555757522583,3.5808823108673096
680,1,1,1,0.35067063570022583,3.586486339569092,0.4139130115509033,3.6318702697753906,0.42986685037612915,3.603806495666504,0.26588407158851624,3.6449291706085205
681,1,1,1,0.29205945134162903,3.5640552043914795,0.4755859375,3.5765411853790283,0.5102339386940002,3.549323320388794,0.3383689224720001,3.5897042751312256
682,1,1,1,0.39711713790893555,3.5493080615997314,0.4272560477256775,3.562762498855591,0.3589365482330322,3.5429482460021973,0.19941803812980652,3.633120059967041
683,1,1,1,0.3674739897251129,3.5740270614624023,0.4218301475048065,3.6116366386413574,0.41452088952064514,3.608779191970825,0.25207269191741943,3.677103042602539
684,1,1,1,0.32275390625,3.563076972961426,0.46021005511283875,3.5813069343566895,0.47598451375961304,3.560314893722534,0.3042689561843872,3.604637384414673
685,1,1,1,0.3266153037548065,3.584366798400879,0.43692702054977417,3.6203460693359375,0.47277581691741943,3.5914340019226074,0.3110849857330322,3.614837646484375
686,1,1,1,0.32513800263404846,3.572479486465454,0.4382174611091614,3.607353925704956,0.473842054605484,3.5790414810180664,0.3140345811843872,3.616107225418091
687,1,1,1,0.3391387164592743,3.585096836090088,0.4123086631298065,3.633350133895874,0.4491390287876129,3.601593017578125,0.29342713952064514,3.6385927200317383
688,1,1,1,0.3820078372955322,3.5793752670288086,0.4015963673591614,3.6289546489715576,0.3865991532802582,3.6124343872070312,0.22271603345870972,3.672304153442383
689,1,1,1,0.3315927982330322,3.569997787475586,0.4484763443470001,3.594816207885742,0.4516103267669678,3.568446636199951,0.27989476919174194,3.6159214973449707
690,1,1,1,0.3885672390460968,3.578763008117676,0.3960210084915161,3.6264986991882324,0.3721500337123871,3.616157054901123,0.21615912020206451,3.6694633960723877
691,1,1,1,0.33681192994117737,3.582326889038086,0.41802355647087097,3.6331422328948975,0.446986585855484,3.6036205291748047,0.2954599857330322,3.64121413230896
692,1,1,1,0.3719208240509033,3.5692803859710693,0.4241320490837097,3.598531484603882,0.3957868218421936,3.58693790435791,0.2223772257566452,3.649578809738159
693,1,1,1,0.3062395453453064,3.5527589321136475,0.4806979298591614,3.5682849884033203,0.5062978267669678,3.5397181510925293,0.3308553695678711,3.584723711013794
694,1,1,1,0.2904675602912903,3.5658085346221924,0.4666772782802582,3.5918922424316406,0.5163823366165161,3.5569663047790527,0.34636080265045166,3.5941078662872314
695,1,1,1,0.34244707226753235,3.5835182666778564,0.44295579195022583,3.591273546218872,0.4312121272087097,3.564924955368042,0.2546038031578064,3.6136202812194824
696,1,1,1,0.36029425263404846,3.5811166763305664,0.4133749008178711,3.6181328296661377,0.4057019352912903,3.606808662414551,0.2508968412876129,3.6455636024475098
697,1,0,0,0.4196603000164032,3.555234432220459,0.40180066227912903,3.58355975151062,0.3236706852912903,3.5525076389312744,0.15658880770206451,3.660048246383667
698,2,0,0,0.4448142349720001,3.5797805786132812,0.35703322291374207,3.638030529022217,0.2488938868045807,3.692357063293457,0.10160236060619354,3.9178109169006348
699,2,0,0,0.4168003499507904,3.585892915725708,0.36754125356674194,3.6454241275787354,0.30324259400367737,3.641352653503418,0.14269770681858063,3.744971990585327
700,2,0,0,0.46689650416374207,3.565234661102295,0.3509596288204193,3.6201820373535156,0.2318638414144516,3.6989858150482178,0.08801019936800003,4.088768005371094
701,2,0,0,0.4566152095794678,3.5654895305633545,0.36407843232154846,3.619703769683838,0.2637615501880646,3.628697633743286,0.10833864659070969,3.8403236865997314
702,2,0,0,0.4604741334915161,3.578073740005493,0.35357043147087097,3.627045154571533,0.21825174987316132,3.699799060821533,0.06979431957006454,4.055967807769775
703,2,0,0,0.4394082725048065,3.5784716606140137,0.3584432601928711,3.6389403343200684,0.27549025416374207,3.6658830642700195,0.12581712007522583,3.839695930480957
704,2,0,0,0.42969247698783875,3.5819621086120605,0.35399892926216125,3.6525497436523438,0.28491708636283875,3.6994614601135254,0.13655930757522583,3.882807970046997
705,2,0,0,0.4496895968914032,3.575932502746582,0.355712890625,3.6307902336120605,0.2502291798591614,3.707857131958008,0.11015225946903229,3.9193053245544434
706,2,0,0,0.4573376476764679,3.5768959522247314,0.3546067774295807,3.624664545059204,0.22317442297935486,3.697713851928711,0.07802534848451614,4.06257963180542
707,2,0,0,0.45184698700904846,3.5758676528930664,0.3608248829841614,3.6276254653930664,0.25520169734954834,3.66684889793396,0.10732222348451614,3.8707520961761475
708,2,0,0,0.4297148883342743,3.581827402114868,0.35352060198783875,3.6563782691955566,0.2739357352256775,3.7318296432495117,0.13095901906490326,3.951453447341919
709,2,0,0,0.459370493888855,3.5767292976379395,0.35813435912132263,3.628333806991577,0.242047980427742,3.686002492904663,0.09576291590929031,3.9714879989624023
710,2,0,0,0.4537029564380646,3.578321933746338,0.3603067100048065,3.6225955486297607,0.2522321343421936,3.6591339111328125,0.10160236060619354,3.882110595703125
711,2,0,0,0.4544254243373871,3.5815634727478027,0.3535255789756775,3.6360599994659424,0.22885443270206451,3.7074806690216064,0.08103475719690323,4.01155948638916
712,2,0,0,0.4647640287876129,3.5606882572174072,0.35275331139564514,3.613370180130005,0.2305385023355484,3.674562454223633,0.09233497828245163,4.0138139724731445
713,2,0,0,0.45308512449264526,3.5855932235717773,0.35163724422454834,3.641771078109741,0.22773835062980652,3.7498905658721924,0.08354591578245163,4.111164093017578
714,2,0,0,0.456684947013855,3.5697507858276367,0.3537149131298065,3.6376070976257324,0.24080237746238708,3.723360300064087,0.10106424987316132,4.0824294090271
715,2,0,0,0.4440942704677582,3.5753073692321777,0.36128824949264526,3.6286544799804688,0.26921236515045166,3.6308114528656006,0.1150948628783226,3.797229528427124
716,2,0,0,0.42227858304977417,3.5881857872009277,0.350341796875,3.667083740234375,0.2931082546710968,3.7106480598449707,0.14022639393806458,3.8422398567199707
717,2,0,0,0.47893664240837097,3.5593059062957764,0.35840341448783875,3.602407693862915,0.20930324494838715,3.6311655044555664,0.05743781849741936,3.992713451385498
718,2,0,0,0.4428461790084839,3.583847999572754,0.35815927386283875,3.643592357635498,0.2575932741165161,3.6946616172790527,0.10792011767625809,3.9109880924224854
719,2,0,0,0.4437505006790161,3.5759830474853516,0.34176698327064514,3.648074150085449,0.2482561320066452,3.7392125129699707,0.10708306729793549,4.012283802032471
720,2,0,0,0.4584188461303711,3.5796656608581543,0.35397401452064514,3.6304261684417725,0.2163185477256775,3.711350679397583,0.06726323068141937,4.0702223777771
721,2,0,0,0.42114755511283875,3.579585075378418,0.35807955265045166,3.6364307403564453,0.2898198366165161,3.6605350971221924,0.14217951893806458,3.7827305793762207
722,2,0,0,0.43671026825904846,3.582005500793457,0.36385422945022583,3.6255767345428467,0.26649194955825806,3.6425981521606445,0.12111368030309677,3.8321540355682373
723,2,0,0,0.427455335855484,3.582764148712158,0.3697684109210968,3.650510787963867,0.30382055044174194,3.6492178440093994,0.14949378371238708,3.764031410217285
724,2,0,0,0.42840200662612915,3.5784640312194824,0.3638492524623871,3.6329526901245117,0.29054728150367737,3.6456425189971924,0.13893096148967743,3.754124164581299
725,2,0,0,0.4485635459423065,3.5743515491485596,0.35969388484954834,3.6306376457214355,0.26009446382522583,3.6713151931762695,0.11569275707006454,3.8451335430145264
726,2,0,0,0.45140355825424194,3.5762016773223877,0.36289259791374207,3.6246120929718018,0.2516741156578064,3.6706526279449463,0.10471141338348389,3.8738105297088623
727,2,0,0,0.4545300304889679,3.5761187076568604,0.363057017326355,3.6242058277130127,0.2458147257566452,3.6615047454833984,0.10090481489896774,3.8893935680389404
728,2,0,0,0.4730921983718872,3.5577900409698486,0.35074037313461304,3.6166062355041504,0.21342872083187103,3.701232671737671,0.07136878371238708,4.13906717300415
729,2,0,0,0.4455740749835968,3.579563617706299,0.3573770225048065,3.636859178543091,0.25939691066741943,3.6818408966064453,0.11324138939380646,3.897923231124878
730,2,0,0,0.44463735818862915,3.577596426010132,0.3507852256298065,3.6343674659729004,0.2424764782190323,3.686927318572998,0.10291773080825806,3.9331912994384766
731,2,0,0,0.4631945490837097,3.5766687393188477,0.3542231321334839,3.619053602218628,0.20845623314380646,3.6810555458068848,0.06513074040412903,4.048041820526123
732,2,0,0,0.44623425602912903,3.573430299758911,0.3591657280921936,3.6317453384399414,0.2671595811843872,3.6775829792022705,0.11706791818141937,3.8891725540161133
733,2,0,0,0.45284098386764526,3.579714298248291,0.3534458577632904,3.6337928771972656,0.23294004797935486,3.7230920791625977,0.08996332436800003,4.084625720977783
734,2,0,0,0.4615827202796936,3.5790493488311768,0.35416334867477417,3.6225345134735107,0.2074497789144516,3.681957960128784,0.06309789419174194,4.044851779937744
735,2,0,0,0.43245774507522583,3.577791690826416,0.3650699555873871,3.6234116554260254,0.2762775123119354,3.611541986465454,0.12376434355974197,3.763768196105957
736,2,0,0,0.45583295822143555,3.5750129222869873,0.35513490438461304,3.6272711753845215,0.22574536502361298,3.7016420364379883,0.07682956010103226,4.031906604766846
737,2,0,0,0.4222262501716614,3.581780195236206,0.36095941066741943,3.633823871612549,0.2882952094078064,3.6389684677124023,0.13580197095870972,3.776489496231079
738,2,0,0,0.45358338952064514,3.577507734298706,0.35542887449264526,3.6321351528167725,0.23484334349632263,3.7050111293792725,0.08382493257522583,4.06205415725708
739,2,0,0,0.4591662287712097,3.571082830429077,0.3608497977256775,3.6274163722991943,0.23762355744838715,3.6845593452453613,0.08561862260103226,3.9732308387756348
740,2,0,0,0.43387773633003235,3.5718812942504883,0.35498544573783875,3.6497397422790527,0.3095005452632904,3.6656041145324707,0.16081392765045166,3.7732059955596924
741,2,0,0,0.47268614172935486,3.5615158081054688,0.35932019352912903,3.612809658050537,0.22534677386283875,3.6547272205352783,0.0784040167927742,3.983985662460327
742,2,0,0,0.4625169336795807,3.572946071624756,0.3583834767341614,3.6179842948913574,0.22305484116077423,3.6924142837524414,0.07732780277729034,4.0275774002075195
743,2,0,0,0.4423753321170807,3.575526714324951,0.35586732625961304,3.6313984394073486,0.24569514393806458,3.682957410812378,0.110770083963871,3.8675782680511475
744,2,0,0,0.4559575319290161,3.5823302268981934,0.3541882634162903,3.645096778869629,0.23764349520206451,3.73205304145813,0.09245456010103226,4.056046485900879
745,2,0,0,0.4600381553173065,3.5755295753479004,0.356410413980484,3.6242294311523438,0.22472895681858063,3.698518991470337,0.07782605290412903,4.020486354827881
746,2,0,0,0.46649542450904846,3.563349485397339,0.34483617544174194,3.62123966217041,0.21797272562980652,3.701974868774414,0.07674983888864517,4.16593074798584
747,2,0,0,0.45797044038772583,3.576082706451416,0.3583884537220001,3.6228833198547363,0.23376713693141937,3.6879236698150635,0.08655532449483871,3.9928619861602783
748,2,0,0,0.44857102632522583,3.5806119441986084,0.3595742881298065,3.627120018005371,0.25758329033851624,3.6481876373291016,0.10546875,3.8720710277557373
749,2,0,0,0.4502575695514679,3.5764729976654053,0.3484334945678711,3.64691424369812,0.2442801296710968,3.7416985034942627,0.10317681729793549,4.063163757324219
750,2,0,0,0.4519565999507904,3.5806281566619873,0.35659974813461304,3.6343910694122314,0.25653699040412903,3.678488254547119,0.1075613796710968,3.9147675037384033
751,2,0,0,0.47837111353874207,3.5579934120178223,0.3565250337123871,3.609201192855835,0.21859055757522583,3.6606948375701904,0.07712850719690323,4.027906894683838
752,2,0,0,0.43700921535491943,3.5813167095184326,0.34883707761764526,3.64609432220459,0.25205278396606445,3.710484743118286,0.10991310328245163,3.9787850379943848
753,2,0,0,0.43533509969711304,3.5884220600128174,0.35513991117477417,3.6487555503845215,0.2712751030921936,3.702090263366699,0.12240912020206451,3.873819589614868
754,2,0,0,0.45375028252601624,3.5750772953033447,0.3575265109539032,3.6297225952148438,0.24412068724632263,3.6986284255981445,0.10040656477212906,3.9662563800811768
755,2,0,0,0.4345428943634033,3.584369659423828,0.3729521930217743,3.6338155269622803,0.28203722834587097,3.6411688327789307,0.13891102373600006,3.7965567111968994
756,2,0,0,0.4755161702632904,3.5601909160614014,0.35809949040412903,3.612783908843994,0.22667211294174194,3.657097578048706,0.07694913446903229,3.9971508979797363
757,2,0,0,0.4168626368045807,3.585685968399048,0.3677355647087097,3.6409506797790527,0.3038504421710968,3.643676996231079,0.14385363459587097,3.7342753410339355
758,2,0,0,0.4577038586139679,3.5772509574890137,0.35337111353874207,3.6313326358795166,0.22475884854793549,3.704810380935669,0.08129384368658066,4.051973342895508
759,2,0,0,0.4391043484210968,3.578367233276367,0.3543975055217743,3.6423258781433105,0.2814592719078064,3.6667020320892334,0.13584183156490326,3.8255574703216553
760,2,0,0,0.46579042077064514,3.576572895050049,0.3573022782802582,3.6185715198516846,0.20165018737316132,3.6609508991241455,0.050283003598451614,3.9916765689849854
761,2,0,0,0.4406663477420807,3.5747227668762207,0.3541533648967743,3.633328676223755,0.2653559446334839,3.664914131164551,0.11637037247419357,3.852200746536255
762,2,0,0,0.4485760033130646,3.5772621631622314,0.3624541461467743,3.6328182220458984,0.2492426633834839,3.6789941787719727,0.10441246628761292,3.932239055633545
763,2,0,0,0.44425371289253235,3.5742146968841553,0.34683412313461304,3.642326593399048,0.2573939561843872,3.7331783771514893,0.11641023308038712,3.9839069843292236
764,2,0,0,0.4535410404205322,3.57773756980896,0.35334622859954834,3.6329421997070312,0.23377710580825806,3.715728998184204,0.08992347121238708,4.0239362716674805
765,2,0,0,0.44911161065101624,3.5752148628234863,0.3555484712123871,3.6311237812042236,0.24419043958187103,3.7196083068847656,0.10265863686800003,4.014172077178955
766,2,0,0,0.48070788383483887,3.5603907108306885,0.35841336846351624,3.5974977016448975,0.20106226205825806,3.608762502670288,0.05129942670464516,3.9642579555511475
767,2,0,0,0.4478485584259033,3.5829336643218994,0.35550859570503235,3.63486647605896,0.24745893478393555,3.7071638107299805,0.10146284848451614,3.944018840789795
768,2,0,0,0.4644874930381775,3.5752832889556885,0.35232481360435486,3.6281871795654297,0.21636837720870972,3.7004098892211914,0.07280372828245163,4.094990253448486
769,2,0,0,0.4646519124507904,3.5746829509735107,0.35255399346351624,3.6179990768432617,0.2108777016401291,3.6984689235687256,0.07051179558038712,4.089881420135498
770,2,0,0,0.43567392230033875,3.578626871109009,0.3647909164428711,3.6277401447296143,0.2661232352256775,3.6603758335113525,0.12097416818141937,3.8233938217163086
771,2,0,0,0.4805036187171936,3.5581092834472656,0.35691365599632263,3.5995616912841797,0.20872528851032257,3.644275665283203,0.05931122228503227,4.106518745422363
772,2,0,0,0.46136847138404846,3.566251039505005,0.36036649346351624,3.6124684810638428,0.23915815353393555,3.652250051498413,0.09424824267625809,3.9285261631011963
773,2,0,0,0.46074816584587097,3.573512554168701,0.36069533228874207,3.622159719467163,0.2328404039144516,3.690661668777466,0.08567841351032257,3.9779019355773926
774,2,0,0,0.4596844017505646,3.5661251544952393,0.3462810814380646,3.624114990234375,0.22702087461948395,3.6998069286346436,0.08436304330825806,4.0881171226501465
775,2,0,0,0.4601726830005646,3.575648069381714,0.3572225570678711,3.6270084381103516,0.23324896395206451,3.710642099380493,0.08801019936800003,4.03125
776,2,0,0,0.4237334430217743,3.571709156036377,0.36844804883003235,3.621184825897217,0.29524075984954834,3.606790781021118,0.14044563472270966,3.744572162628174
777,2,0,0,0.45702627301216125,3.5816662311553955,0.35464662313461304,3.6360161304473877,0.22969147562980652,3.693796157836914,0.0791015625,4.037036895751953
778,2,0,0,0.4595797657966614,3.5811121463775635,0.3511340022087097,3.630275011062622,0.2131796032190323,3.7034077644348145,0.06568877398967743,4.083130836486816
779,2,0,0,0.4519989490509033,3.574472427368164,0.35516980290412903,3.626157283782959,0.23841078579425812,3.702737808227539,0.10008768737316132,3.985264778137207
780,2,0,0,0.43541982769966125,3.577843189239502,0.3719905912876129,3.6212027072906494,0.2740752398967743,3.636780023574829,0.1261957883834839,3.7978522777557373
781,2,0,0,0.44473204016685486,3.5768630504608154,0.34726759791374207,3.6454131603240967,0.24462890625,3.7252840995788574,0.10871731489896774,3.9418880939483643
782,2,0,0,0.44862332940101624,3.5751357078552246,0.3687320649623871,3.622990131378174,0.27101603150367737,3.6373865604400635,0.12292729318141937,3.8150129318237305
783,2,0,0,0.4449363052845001,3.5829977989196777,0.348652720451355,3.6594831943511963,0.2598951756954193,3.737586736679077,0.11405850946903229,3.9655776023864746
784,2,0,0,0.43890005350112915,3.581775188446045,0.3560516834259033,3.643413782119751,0.2736666798591614,3.6892545223236084,0.12282764166593552,3.8650007247924805
785,2,0,0,0.4637625515460968,3.5756454467773438,0.35447224974632263,3.620614528656006,0.2102499157190323,3.6761932373046875,0.06825972348451614,4.028904914855957
786,2,0,0,0.4583491086959839,3.574845790863037,0.3601522445678711,3.624730348587036,0.23892895877361298,3.665971517562866,0.08962451666593552,3.9192795753479004
787,2,0,0,0.4566575586795807,3.5813448429107666,0.35062578320503235,3.6474733352661133,0.2282963991165161,3.724792718887329,0.07768654078245163,4.095946788787842
788,2,0,0,0.4553720951080322,3.578871965408325,0.3598134517669678,3.628268003463745,0.24346300959587097,3.6724376678466797,0.0945870503783226,3.9254109859466553
789,2,0,0,0.4512665271759033,3.5749411582946777,0.3509247303009033,3.6299126148223877,0.24307437241077423,3.7159841060638428,0.10024712979793549,3.9791252613067627
790,2,0,0,0.4711839258670807,3.5613443851470947,0.3577606678009033,3.6096038818359375,0.2220982164144516,3.661207914352417,0.07692920416593552,4.017098426818848
791,2,0,0,0.43682485818862915,3.5776212215423584,0.3528081178665161,3.647549867630005,0.2628348171710968,3.698134660720825,0.11870216578245163,3.886165142059326
792,2,0,0,0.43456533551216125,3.5793004035949707,0.36395886540412903,3.6342132091522217,0.27355706691741943,3.6480765342712402,0.12426259368658066,3.804811477661133
793,2,0,0,0.44289350509643555,3.5714502334594727,0.3603864312171936,3.6282920837402344,0.27487245202064514,3.6572651863098145,0.1245814710855484,3.811230182647705
794,2,0,0,0.4424326419830322,3.583678722381592,0.352070689201355,3.6439387798309326,0.2445591539144516,3.724268674850464,0.0998883917927742,4.017757415771484
795,2,0,0,0.46312975883483887,3.5632100105285645,0.34653517603874207,3.6228091716766357,0.2273198366165161,3.70270037651062,0.08836893737316132,4.0829949378967285
796,2,0,0,0.43850892782211304,3.5766584873199463,0.36551836133003235,3.627554178237915,0.2772640287876129,3.6354944705963135,0.12523914873600006,3.787078380584717
797,2,0,0,0.43918654322624207,3.5741124153137207,0.3629872798919678,3.6253552436828613,0.2732979953289032,3.6416175365448,0.1251993030309677,3.8008596897125244
798,2,0,0,0.46293795108795166,3.5702078342437744,0.35587233304977417,3.6221351623535156,0.24187858402729034,3.690850019454956,0.08603714406490326,4.004632949829102
799,2,0,0,0.44244009256362915,3.5828185081481934,0.35312697291374207,3.6423652172088623,0.26476800441741943,3.6800527572631836,0.12079480290412903,3.8402903079986572
800,2,0,0,0.46028977632522583,3.569472312927246,0.35984334349632263,3.6146881580352783,0.23299983143806458,3.654648780822754,0.08675462007522583,3.9301631450653076
801,2,0,0,0.46307745575904846,3.5754642486572266,0.3567940890789032,3.6251919269561768,0.22088249027729034,3.6822612285614014,0.0721261128783226,4.0693559646606445
802,2,0,0,0.4563262164592743,3.5756633281707764,0.3557378053665161,3.629821538925171,0.23372727632522583,3.698486566543579,0.08577805757522583,4.044377326965332
803,2,0,0,0.4276646077632904,3.5745158195495605,0.3635004758834839,3.6233208179473877,0.2912846803665161,3.610379457473755,0.1337890625,3.739907741546631
804,2,0,0,0.46145814657211304,3.5744009017944336,0.3549206852912903,3.6215710639953613,0.2243403196334839,3.7036824226379395,0.07489636540412903,4.046833515167236
805,2,0,0,0.4423653781414032,3.5766773223876953,0.36362501978874207,3.632424831390381,0.2604033648967743,3.6432342529296875,0.11880181729793549,3.7956719398498535
806,2,0,0,0.4518893361091614,3.5846951007843018,0.3504663407802582,3.645578622817993,0.22725006937980652,3.7428195476531982,0.07930085808038712,4.1236491203308105
807,2,0,0,0.45843878388404846,3.574939727783203,0.36165696382522583,3.6215248107910156,0.23774313926696777,3.681238889694214,0.09530452638864517,3.9491844177246094
808,2,0,0,0.44281628727912903,3.5843544006347656,0.362324595451355,3.639878988265991,0.2699298560619354,3.6566007137298584,0.11631058156490326,3.815284490585327
809,2,0,0,0.44019052386283875,3.5832502841949463,0.3536551296710968,3.646238327026367,0.2673788070678711,3.7093024253845215,0.1181640625,3.9300050735473633
810,2,0,0,0.4566201865673065,3.581326961517334,0.3517468571662903,3.642378568649292,0.22810706496238708,3.7267048358917236,0.08057636767625809,4.102646350860596
811,2,0,0,0.4588174521923065,3.5774896144866943,0.3532465696334839,3.627436637878418,0.21150550246238708,3.681931734085083,0.062440209090709686,4.030003070831299
812,2,0,0,0.4344482421875,3.5861024856567383,0.35475125908851624,3.6466994285583496,0.2829938530921936,3.6852002143859863,0.1304408460855484,3.8366692066192627
813,2,0,0,0.43222853541374207,3.5767147541046143,0.3649204671382904,3.6292786598205566,0.2868203818798065,3.6379806995391846,0.12669403851032257,3.7723770141601562
814,2,0,0,0.47939252853393555,3.560598134994507,0.35638052225112915,3.604526996612549,0.2091238796710968,3.652435064315796,0.06080596148967743,4.048508644104004
815,2,0,0,0.44741758704185486,3.5854663848876953,0.3447016477584839,3.6486854553222656,0.23206312954425812,3.7478959560394287,0.09480627626180649,4.093546390533447
816,2,0,0,0.44862332940101624,3.5797834396362305,0.35249918699264526,3.6385481357574463,0.2381516993045807,3.7162225246429443,0.09303252398967743,4.0364179611206055
817,2,0,0,0.4447718858718872,3.58359432220459,0.3494449555873871,3.6411776542663574,0.2523517310619354,3.716869354248047,0.10917569696903229,3.9594743251800537
818,2,0,0,0.47296515107154846,3.555959463119507,0.35299745202064514,3.60711669921875,0.22110171616077423,3.677258014678955,0.07884247601032257,4.033367156982422
819,2,0,0,0.45889967679977417,3.5749378204345703,0.3550502061843872,3.624361515045166,0.22269611060619354,3.693842887878418,0.07643096148967743,4.033115863800049
820,2,0,0,0.4669363796710968,3.5752005577087402,0.3592255115509033,3.622985363006592,0.2126913219690323,3.6779422760009766,0.05680006369948387,3.9971930980682373
821,2,0,0,0.4529780149459839,3.569876194000244,0.35024213790893555,3.636190414428711,0.25023916363716125,3.685767650604248,0.11194594949483871,3.9213104248046875
822,2,0,0,0.45619168877601624,3.5752270221710205,0.35325154662132263,3.6229989528656006,0.2190190553665161,3.6904773712158203,0.07409916818141937,4.016944408416748
823,2,0,0,0.4413016140460968,3.5801165103912354,0.3529575765132904,3.6362366676330566,0.2567661702632904,3.659797430038452,0.119140625,3.8057878017425537
824,2,0,0,0.45622408390045166,3.5772993564605713,0.3526087999343872,3.6272289752960205,0.22437021136283875,3.7052762508392334,0.07461734861135483,4.003739356994629
825,2,0,0,0.4622977077960968,3.5723717212677,0.35411351919174194,3.6236634254455566,0.21886958181858063,3.6964123249053955,0.07280372828245163,4.067615509033203
826,2,0,0,0.4645921289920807,3.571561098098755,0.3526436984539032,3.6409425735473633,0.22479870915412903,3.7682077884674072,0.08193159848451614,4.168571949005127
827,2,0,0,0.44829699397087097,3.5830063819885254,0.36011239886283875,3.627981662750244,0.23985570669174194,3.6926465034484863,0.0923549085855484,3.970651626586914
828,2,0,0,0.42647379636764526,3.5820491313934326,0.3713478446006775,3.6390092372894287,0.2958486080169678,3.639866590499878,0.14287707209587097,3.7565908432006836
829,2,0,0,0.44536978006362915,3.577989101409912,0.35964903235435486,3.6339995861053467,0.2557896077632904,3.6755619049072266,0.1143973171710968,3.8914635181427
830,2,0,0,0.47861775755882263,3.559048652648926,0.3597486913204193,3.6066229343414307,0.21539181470870972,3.656118392944336,0.06554926186800003,4.053511619567871
831,2,0,0,0.42865362763404846,3.5764973163604736,0.35942980647087097,3.632722854614258,0.2785295844078064,3.6652355194091797,0.1325932741165161,3.8475875854492188
832,2,0,0,0.46475404500961304,3.575049877166748,0.3547213673591614,3.6252071857452393,0.21832150220870972,3.6861562728881836,0.06188217177987099,4.024476528167725
833,2,0,0,0.44482171535491943,3.5869901180267334,0.35362523794174194,3.6535351276397705,0.2616689205169678,3.736966371536255,0.11082987487316132,3.981478214263916
834,2,0,0,0.4369668662548065,3.5854265689849854,0.35861268639564514,3.6381521224975586,0.26146963238716125,3.674644708633423,0.11800462007522583,3.85086989402771
835,2,0,0,0.42755749821662903,3.579012393951416,0.36605149507522583,3.6444029808044434,0.3007214665412903,3.6788721084594727,0.15176577866077423,3.778594970703125
836,2,0,0,0.4428088068962097,3.5770392417907715,0.35410353541374207,3.637878179550171,0.25596898794174194,3.690505027770996,0.11264349520206451,3.8986198902130127
837,2,0,0,0.4468221664428711,3.5756475925445557,0.3608996272087097,3.6297457218170166,0.2628248631954193,3.639620780944824,0.11575254797935486,3.797004222869873
838,2,0,0,0.4608403444290161,3.573981761932373,0.35521963238716125,3.6245968341827393,0.21961694955825806,3.6931803226470947,0.0728236585855484,4.029283046722412
839,2,0,0,0.46094995737075806,3.566911220550537,0.34709322452545166,3.6303632259368896,0.22797751426696777,3.715447187423706,0.09018255770206451,4.11292839050293
840,2,0,0,0.43153101205825806,3.5744545459747314,0.3575962483882904,3.6364688873291016,0.2985590696334839,3.6493775844573975,0.14817841351032257,3.7603228092193604
841,2,0,0,0.43329229950904846,3.580927610397339,0.3581642508506775,3.6490228176116943,0.29097574949264526,3.670034170150757,0.14164142310619354,3.7971014976501465
842,2,0,0,0.4519117474555969,3.5735690593719482,0.3710439205169678,3.617309093475342,0.26371172070503235,3.6345601081848145,0.11521444469690323,3.7858502864837646
843,2,0,0,0.45715829730033875,3.581225872039795,0.3514329493045807,3.629228353500366,0.21625876426696777,3.693300247192383,0.07116948068141937,4.053206443786621
844,2,0,0,0.4810965359210968,3.5646865367889404,0.3617117702960968,3.5951898097991943,0.20733019709587097,3.624291181564331,0.05484693869948387,4.015625
845,2,0,0,0.4453199505805969,3.5798494815826416,0.35131338238716125,3.637455701828003,0.24334342777729034,3.6955363750457764,0.10766103118658066,3.914476156234741
846,2,0,0,0.46664491295814514,3.566089153289795,0.35370495915412903,3.617241859436035,0.22883449494838715,3.690080165863037,0.08822943270206451,4.033657073974609
847,2,0,0,0.41445112228393555,3.5820188522338867,0.364990234375,3.640256643295288,0.3101283311843872,3.6470022201538086,0.15274234116077423,3.740344524383545
848,2,0,0,0.4625866711139679,3.579887628555298,0.35795000195503235,3.626694679260254,0.22578522562980652,3.6942360401153564,0.0636160671710968,4.0341477394104
849,2,0,0,0.44220593571662903,3.5711781978607178,0.3629673421382904,3.626926898956299,0.27473294734954834,3.6459920406341553,0.12278778105974197,3.8139913082122803
850,2,0,0,0.45040208101272583,3.579833507537842,0.3510293662548065,3.6425275802612305,0.24541613459587097,3.7308754920959473,0.10106424987316132,3.9887595176696777
851,2,0,0,0.4408232867717743,3.5803165435791016,0.3679647445678711,3.6316416263580322,0.2731485068798065,3.650797128677368,0.12244898080825806,3.8255207538604736
852,2,0,0,0.4638073742389679,3.574150323867798,0.3565499484539032,3.6204497814178467,0.22011518478393555,3.6862692832946777,0.0756138414144516,4.079599380493164
853,2,0,0,0.4476243555545807,3.5765137672424316,0.35733217000961304,3.6256866455078125,0.26393094658851624,3.6654458045959473,0.11591199040412903,3.83528208732605
854,2,0,0,0.44691187143325806,3.574885368347168,0.35718271136283875,3.630579710006714,0.2561284303665161,3.7010464668273926,0.11360012739896774,3.918947458267212
855,2,0,0,0.4594452381134033,3.5756540298461914,0.35453203320503235,3.6216483116149902,0.21955715119838715,3.695774555206299,0.07543446868658066,4.077939033508301
856,2,0,0,0.44312021136283875,3.573164939880371,0.3631666600704193,3.630753517150879,0.27661630511283875,3.6348211765289307,0.13384884595870972,3.766974449157715
857,2,0,0,0.4250388443470001,3.5863468647003174,0.35565808415412903,3.654254674911499,0.2749621272087097,3.713296890258789,0.1359614133834839,3.84769868850708
858,2,0,0,0.4019252061843872,3.5807383060455322,0.3661511540412903,3.6455068588256836,0.3288823366165161,3.6449217796325684,0.169782355427742,3.705012321472168
859,2,0,0,0.4575020968914032,3.5764381885528564,0.35577765107154846,3.626810073852539,0.2311762571334839,3.6989524364471436,0.0797991082072258,4.025224685668945
860,2,0,0,0.4832439720630646,3.5592334270477295,0.3589913547039032,3.597882032394409,0.20002590119838715,3.6071836948394775,0.05185746029019356,3.993082284927368
861,2,0,0,0.4662139117717743,3.571646213531494,0.3561563193798065,3.6147141456604004,0.20999082922935486,3.682342290878296,0.06847894936800003,4.059080123901367
862,2,0,0,0.4393210709095001,3.583735466003418,0.3526087999343872,3.6468985080718994,0.26594388484954834,3.7181503772735596,0.12051577866077423,3.887547492980957
863,2,0,0,0.43987661600112915,3.5773065090179443,0.3613530397415161,3.6343882083892822,0.2580217719078064,3.670335531234741,0.11698819696903229,3.85502552986145
864,2,0,0,0.4669538140296936,3.574768304824829,0.35640543699264526,3.6270899772644043,0.2183314710855484,3.6826562881469727,0.06915656477212906,4.050144195556641
865,2,0,0,0.451869398355484,3.582146167755127,0.3600625693798065,3.6354856491088867,0.24580475687980652,3.7067337036132812,0.09931042790412903,4.008027076721191
866,2,0,0,0.4372658133506775,3.5811350345611572,0.35360032320022583,3.6492974758148193,0.28088128566741943,3.6832938194274902,0.13436701893806458,3.892465114593506
867,2,0,0,0.47291532158851624,3.563793182373047,0.3558972477912903,3.612907648086548,0.21607939898967743,3.6796255111694336,0.06831951439380646,4.123687267303467
868,2,0,0,0.4569365680217743,3.570772886276245,0.34728753566741943,3.6338984966278076,0.23223254084587097,3.7237932682037354,0.0920758917927742,4.0504326820373535
869,2,0,0,0.45659777522087097,3.5731987953186035,0.3609295189380646,3.6245720386505127,0.2385702282190323,3.699594736099243,0.09169722348451614,4.007824420928955
870,2,0,0,0.4504469037055969,3.583591938018799,0.3541184961795807,3.6422691345214844,0.23746411502361298,3.724339008331299,0.09062100946903229,4.017593860626221
871,2,0,0,0.47781556844711304,3.5592000484466553,0.3559819459915161,3.606001615524292,0.2098911851644516,3.6831884384155273,0.07318239659070969,4.1062092781066895
872,2,0,0,0.4568842649459839,3.581956148147583,0.35466158390045166,3.631648540496826,0.22436024248600006,3.7126359939575195,0.07786591351032257,4.068850994110107
873,2,0,0,0.4605264365673065,3.5750436782836914,0.350551038980484,3.626504898071289,0.22514747083187103,3.7014694213867188,0.07314253598451614,4.06784725189209
874,2,0,0,0.4749855399131775,3.5607590675354004,0.35518473386764526,3.6074039936065674,0.21124640107154846,3.6649842262268066,0.06955516338348389,4.049283504486084
875,2,0,0,0.42904725670814514,3.5756142139434814,0.36700811982154846,3.6336545944213867,0.29384565353393555,3.6446011066436768,0.134765625,3.783052444458008
876,2,0,0,0.4558628499507904,3.5780246257781982,0.3512735068798065,3.6339962482452393,0.22937260568141937,3.7113564014434814,0.08392458409070969,4.073379039764404
877,2,0,0,0.43328481912612915,3.5792126655578613,0.3639887571334839,3.642552137374878,0.2742047905921936,3.664680004119873,0.13153699040412903,3.8480303287506104
878,2,0,0,0.4466552734375,3.579092025756836,0.3536800444126129,3.632711172103882,0.24262595176696777,3.700345039367676,0.09986846148967743,3.974655866622925
879,2,0,0,0.4396897852420807,3.580305337905884,0.3576211631298065,3.6386396884918213,0.24942202866077423,3.6924490928649902,0.10383450239896774,3.930326223373413
880,2,0,0,0.4689966142177582,3.5695929527282715,0.35433274507522583,3.6145031452178955,0.21439532935619354,3.6687426567077637,0.07102997601032257,4.0409650802612305
881,2,0,0,0.45830923318862915,3.5697970390319824,0.3599878251552582,3.6207940578460693,0.2504982352256775,3.6617074012756348,0.10255899280309677,3.9014768600463867
882,2,0,0,0.4262520968914032,3.57981538772583,0.36718252301216125,3.629757881164551,0.27822065353393555,3.653151750564575,0.1347058266401291,3.80322527885437
883,2,0,0,0.4296351671218872,3.5860986709594727,0.34897658228874207,3.6593422889709473,0.2684849202632904,3.7501020431518555,0.12378427386283875,3.989534616470337
884,2,0,0,0.43436601758003235,3.5808279514312744,0.37646982073783875,3.617689371109009,0.2818080186843872,3.624929189682007,0.13962849974632263,3.7709107398986816
885,2,0,0,0.4648786187171936,3.570206642150879,0.3575713336467743,3.6124486923217773,0.2260044664144516,3.653174638748169,0.07581313699483871,3.971083164215088
886,2,0,0,0.46146315336227417,3.57104229927063,0.35135820508003235,3.6259732246398926,0.2048788219690323,3.6906614303588867,0.059211574494838715,4.092225074768066
887,2,0,0,0.48315927386283875,3.5618581771850586,0.3614327609539032,3.608828067779541,0.21313974261283875,3.643742084503174,0.05807557329535484,4.008579254150391
888,2,0,0,0.46470922231674194,3.5769922733306885,0.3549206852912903,3.6223011016845703,0.21496333181858063,3.69173002243042,0.06931600719690323,4.109545707702637
889,2,0,0,0.4350511133670807,3.5759220123291016,0.37816885113716125,3.6189327239990234,0.2801339328289032,3.6237194538116455,0.13028140366077423,3.761664390563965
890,2,0,0,0.464930921792984,3.5723931789398193,0.3545868396759033,3.61975359916687,0.22096221148967743,3.663705348968506,0.07573341578245163,4.009210586547852
891,2,0,0,0.42758986353874207,3.5788345336914062,0.3388522267341614,3.65950083732605,0.27674585580825806,3.750108003616333,0.13428731262683868,3.958444595336914
892,2,0,0,0.455287367105484,3.575258731842041,0.349385142326355,3.626356601715088,0.22306481003761292,3.7044448852539062,0.08603714406490326,4.04308557510376
893,2,0,0,0.44776883721351624,3.581284999847412,0.35408860445022583,3.6379473209381104,0.24020446836948395,3.7087326049804688,0.09921077638864517,3.959421396255493
894,2,0,0,0.4720284640789032,3.565723419189453,0.3547711968421936,3.6157801151275635,0.21571069955825806,3.6735806465148926,0.06311782449483871,4.1079888343811035
895,2,0,0,0.4502451419830322,3.5802736282348633,0.36146265268325806,3.6256909370422363,0.2550920844078064,3.6565489768981934,0.10329639166593552,3.8688018321990967
896,2,0,0,0.4505291283130646,3.580151081085205,0.3550252914428711,3.6246018409729004,0.23499281704425812,3.6900177001953125,0.0913783460855484,3.9720828533172607
897,2,0,0,0.46004563570022583,3.5761916637420654,0.3539590537548065,3.6242170333862305,0.21131616830825806,3.691030740737915,0.06580835580825806,4.07692289352417
898,2,0,0,0.431727796792984,3.5785088539123535,0.35782545804977417,3.6493170261383057,0.29334741830825806,3.675725221633911,0.1376953125,3.8271820545196533
899,2,0,0,0.4521583914756775,3.5671238899230957,0.3452646732330322,3.6433703899383545,0.24691087007522583,3.740253448486328,0.11073023080825806,4.063174724578857
900,2,0,0,0.4599285423755646,3.569800615310669,0.35834363102912903,3.627549648284912,0.2450474351644516,3.6816720962524414,0.09173708409070969,3.934607982635498
901,2,0,0,0.4375448226928711,3.585308074951172,0.355000376701355,3.6495859622955322,0.26928213238716125,3.6898937225341797,0.11722736060619354,3.8825230598449707
902,2,0,0,0.46241727471351624,3.573645830154419,0.35816922783851624,3.6212337017059326,0.22177933156490326,3.6982386112213135,0.07529495656490326,4.048173427581787
903,2,0,0,0.42102548480033875,3.5778121948242188,0.3618413209915161,3.6330502033233643,0.2899095118045807,3.6382291316986084,0.1355229616165161,3.7720587253570557
904,2,0,0,0.478413462638855,3.564406156539917,0.35630080103874207,3.6039769649505615,0.20190927386283875,3.6257526874542236,0.051139988005161285,3.971161365509033
905,2,0,0,0.45886728167533875,3.576650619506836,0.3532266318798065,3.6459784507751465,0.23020966351032257,3.736516237258911,0.07599250227212906,4.079464912414551
906,2,0,0,0.4398218095302582,3.5746028423309326,0.37592175602912903,3.61984920501709,0.2758689224720001,3.611544609069824,0.1341477930545807,3.743723154067993
907,2,0,0,0.4215810298919678,3.5783982276916504,0.36952924728393555,3.6390798091888428,0.3072086274623871,3.633267402648926,0.15007174015045166,3.7292165756225586
908,2,0,0,0.45635610818862915,3.5768539905548096,0.3554587662220001,3.6292927265167236,0.23092712461948395,3.703805923461914,0.08729273080825806,4.036073207855225
909,2,0,0,0.45134875178337097,3.5794785022735596,0.351527601480484,3.630547285079956,0.22568558156490326,3.7115418910980225,0.08051657676696777,4.048762321472168
910,2,0,0,0.4331129193305969,3.582698106765747,0.3424695134162903,3.6545865535736084,0.2631138265132904,3.7268216609954834,0.11716756969690323,3.981799602508545
911,2,0,0,0.4646020829677582,3.563216209411621,0.34849828481674194,3.6133532524108887,0.21780332922935486,3.6715927124023438,0.07852359861135483,4.0807108879089355
912,2,0,0,0.44815996289253235,3.5805776119232178,0.35091477632522583,3.643433094024658,0.23747408390045166,3.7224624156951904,0.09382971376180649,4.047791004180908
913,2,0,0,0.4223134517669678,3.5853586196899414,0.353779673576355,3.654094696044922,0.2970942258834839,3.675353765487671,0.14933434128761292,3.7853996753692627
914,2,0,0,0.4664057493209839,3.570342779159546,0.3550751209259033,3.61462140083313,0.22012515366077423,3.6827523708343506,0.07108975946903229,4.0440144538879395
915,2,0,0,0.4611218273639679,3.5759434700012207,0.3557029068470001,3.620582342147827,0.2186902016401291,3.689556121826172,0.07228555530309677,4.037772178649902
916,2,0,0,0.4588548243045807,3.5760419368743896,0.3544423580169678,3.6238017082214355,0.22752909362316132,3.7150614261627197,0.08332668989896774,4.0346808433532715
917,2,0,0,0.4394954741001129,3.580669641494751,0.36439234018325806,3.6334996223449707,0.2707270383834839,3.67016339302063,0.12739157676696777,3.8374531269073486
918,2,0,0,0.4610271751880646,3.581378936767578,0.35233476758003235,3.6361310482025146,0.21911869943141937,3.718904972076416,0.07033243030309677,4.167186260223389
919,2,0,0,0.4516526758670807,3.578023910522461,0.35937002301216125,3.6233866214752197,0.24005499482154846,3.668285608291626,0.09267378598451614,3.8924732208251953
920,2,0,0,0.4584686756134033,3.5755653381347656,0.35270845890045166,3.626147747039795,0.2270607352256775,3.6928815841674805,0.07710857689380646,4.034892559051514
921,2,0,0,0.4366803765296936,3.58622145652771,0.351582407951355,3.655716896057129,0.2725306749343872,3.7102270126342773,0.12282764166593552,3.9018335342407227
922,2,0,0,0.4563237428665161,3.580099582672119,0.35262376070022583,3.6340129375457764,0.22376234829425812,3.7193944454193115,0.07684949040412903,4.094398498535156
923,2,0,0,0.4277169406414032,3.5786218643188477,0.3741529881954193,3.630436420440674,0.29420438408851624,3.6127896308898926,0.13506457209587097,3.7253947257995605
924,2,0,0,0.4384142756462097,3.580828905105591,0.35653001070022583,3.6373519897460938,0.2634725570678711,3.6756808757781982,0.11814413219690323,3.860323905944824
925,2,0,0,0.45354849100112915,3.58052921295166,0.3538992702960968,3.636331558227539,0.23567043244838715,3.7230865955352783,0.09008290618658066,4.017477989196777
926,2,0,0,0.45144838094711304,3.574064016342163,0.3561314046382904,3.6333086490631104,0.2541852593421936,3.6621060371398926,0.11324138939380646,3.837029218673706
927,2,0,0,0.4392538070678711,3.5783462524414062,0.3551648259162903,3.6385393142700195,0.2550920844078064,3.701511859893799,0.11065050959587097,3.933537483215332
928,2,0,0,0.45688673853874207,3.578256130218506,0.356465220451355,3.625586986541748,0.22743940353393555,3.6942691802978516,0.07926099747419357,4.04073429107666
929,2,0,0,0.4840885102748871,3.5596730709075928,0.3596091568470001,3.5970072746276855,0.20074337720870972,3.611764669418335,0.05078125,3.983124017715454
930,2,0,0,0.44916144013404846,3.571861982345581,0.35558831691741943,3.6298201084136963,0.2632433772087097,3.700117349624634,0.11850287020206451,3.938446044921875
931,2,0,0,0.4298718571662903,3.574510097503662,0.37295717000961304,3.6183369159698486,0.29552972316741943,3.6090972423553467,0.13241389393806458,3.7307345867156982
932,2,0,0,0.445887953042984,3.5772056579589844,0.36155232787132263,3.6333632469177246,0.26448899507522583,3.667508125305176,0.1180245503783226,3.8341777324676514
933,2,0,0,0.43979939818382263,3.578336715698242,0.3553043305873871,3.6421029567718506,0.2740553319454193,3.6788597106933594,0.12320630997419357,3.8699450492858887
934,2,0,0,0.43845662474632263,3.5817556381225586,0.36298230290412903,3.6330230236053467,0.2589983344078064,3.6730406284332275,0.1121651753783226,3.8775763511657715
935,2,0,0,0.470057874917984,3.5639240741729736,0.34880220890045166,3.618675470352173,0.21796277165412903,3.6821651458740234,0.07724808156490326,4.095717430114746
936,2,0,0,0.4368472993373871,3.5823476314544678,0.3604013919830322,3.6363534927368164,0.2738759517669678,3.6538350582122803,0.12523914873600006,3.8295671939849854
937,2,0,0,0.44578084349632263,3.584044933319092,0.3609095811843872,3.6346569061279297,0.2511758506298065,3.6744823455810547,0.10530930757522583,3.8942089080810547
938,2,0,0,0.4783213138580322,3.5622129440307617,0.35639050602912903,3.6091935634613037,0.20180962979793549,3.6467015743255615,0.050721459090709686,4.067190647125244
939,2,0,0,0.44993123412132263,3.5820791721343994,0.34877729415893555,3.6397337913513184,0.2331891655921936,3.740011215209961,0.08904655277729034,4.088630199432373
940,2,0,0,0.4477389454841614,3.5852854251861572,0.35066068172454834,3.6502649784088135,0.23828125,3.7524256706237793,0.0969587042927742,4.071531295776367
941,2,0,0,0.4623574912548065,3.5729010105133057,0.3513432741165161,3.62320613861084,0.2119140625,3.6932191848754883,0.059490591287612915,4.083752155303955
942,2,0,0,0.4620286524295807,3.5630857944488525,0.3504713475704193,3.6251120567321777,0.23687618970870972,3.70548152923584,0.09801498800516129,4.108173847198486
943,2,0,0,0.4396997392177582,3.5857653617858887,0.3470533788204193,3.6629388332366943,0.2712651491165161,3.7731246948242188,0.12498006969690323,4.042417526245117
944,2,0,0,0.4616001546382904,3.5718116760253906,0.3529575765132904,3.623715400695801,0.21863041818141937,3.6738831996917725,0.07766661047935486,4.0392608642578125
945,2,0,0,0.4413639008998871,3.580683708190918,0.3490413725376129,3.6570217609405518,0.26914259791374207,3.7476766109466553,0.1271723508834839,4.007208824157715
946,2,0,0,0.4577736258506775,3.578322172164917,0.3532117009162903,3.6264829635620117,0.23058831691741943,3.714477062225342,0.08081553131341934,4.0840935707092285
947,2,0,0,0.43761956691741943,3.573606491088867,0.37660932540893555,3.614854335784912,0.27555006742477417,3.6108779907226562,0.1330915093421936,3.771937608718872
948,2,0,0,0.4681894779205322,3.574528455734253,0.3578055202960968,3.6166293621063232,0.2170161008834839,3.672926902770996,0.06499122828245163,4.008893013000488
949,2,0,0,0.4432447552680969,3.5835421085357666,0.3577357530593872,3.6442012786865234,0.2569156587123871,3.703087329864502,0.10835857689380646,3.9139230251312256
950,2,0,0,0.43959760665893555,3.57948637008667,0.35221022367477417,3.6357333660125732,0.2525908648967743,3.699108362197876,0.11164700239896774,3.9291324615478516
951,2,0,0,0.42454060912132263,3.589094877243042,0.35553351044654846,3.6618831157684326,0.29962530732154846,3.6932287216186523,0.14618542790412903,3.825085163116455
952,2,0,0,0.47627100348472595,3.5654752254486084,0.3525888919830322,3.616863965988159,0.20122168958187103,3.6652801036834717,0.05393016338348389,4.147819519042969
953,2,0,0,0.45217832922935486,3.580376625061035,0.35393911600112915,3.6362178325653076,0.23126593232154846,3.711047887802124,0.08392458409070969,4.06673002243042
954,2,0,0,0.4463662803173065,3.5760960578918457,0.35084500908851624,3.6412320137023926,0.2532186508178711,3.7159104347229004,0.11236447840929031,3.9501595497131348
955,2,0,0,0.4391940236091614,3.572026491165161,0.34788045287132263,3.6407957077026367,0.2682756781578064,3.7167000770568848,0.13217474520206451,3.92702054977417
956,2,0,0,0.44863080978393555,3.578457832336426,0.3564353287220001,3.630979299545288,0.24599409103393555,3.692821741104126,0.10102438926696777,3.984415054321289
957,2,0,0,0.44925859570503235,3.5803167819976807,0.35837849974632263,3.629309892654419,0.24222736060619354,3.682779312133789,0.09594228118658066,3.93061900138855
958,2,0,0,0.4618094265460968,3.5740556716918945,0.3541434109210968,3.6229071617126465,0.2105887234210968,3.701935291290283,0.06618701666593552,4.062631607055664
959,2,0,0,0.4254673421382904,3.577857732772827,0.36764588952064514,3.6312408447265625,0.2912149131298065,3.634136438369751,0.13669881224632263,3.7489430904388428
960,2,0,0,0.45711344480514526,3.5761163234710693,0.3558972477912903,3.6245694160461426,0.2338169664144516,3.6774206161499023,0.09299266338348389,3.9284183979034424
961,2,0,0,0.4561169445514679,3.5729563236236572,0.35650011897087097,3.6298444271087646,0.2372349351644516,3.6846306324005127,0.08976402878761292,3.9764654636383057
962,2,0,0,0.4515804350376129,3.576472520828247,0.35645028948783875,3.6329658031463623,0.2405133843421936,3.699080228805542,0.09345105290412903,3.9895501136779785
963,2,0,0,0.4567347764968872,3.5805211067199707,0.35640543699264526,3.6251049041748047,0.23028936982154846,3.6929900646209717,0.08039700239896774,4.042637348175049
964,2,0,0,0.42114755511283875,3.579585075378418,0.35807955265045166,3.6364307403564453,0.2898198366165161,3.6605350971221924,0.14217951893806458,3.7827305793762207
965,2,0,0,0.4499959945678711,3.5803511142730713,0.3551648259162903,3.635887861251831,0.24140027165412903,3.7202064990997314,0.0966796875,3.983302354812622
966,2,0,0,0.4380381107330322,3.5785977840423584,0.36520448327064514,3.6339328289031982,0.26379144191741943,3.6572604179382324,0.1159319207072258,3.843561887741089
967,2,0,0,0.4789964258670807,3.557987928390503,0.3589215874671936,3.603106737136841,0.22037427127361298,3.6405606269836426,0.07716836780309677,3.9749484062194824
968,2,0,0,0.4347098171710968,3.5836408138275146,0.35259386897087097,3.6530585289001465,0.2669403553009033,3.7167389392852783,0.12298708409070969,3.8949925899505615
969,2,0,0,0.4579978287220001,3.575955629348755,0.3525390625,3.6246962547302246,0.22606424987316132,3.70532488822937,0.08121412247419357,4.066012382507324
970,2,0,0,0.4306715130805969,3.5837454795837402,0.3595942258834839,3.651125192642212,0.2778220474720001,3.7053802013397217,0.12818877398967743,3.8680038452148438
971,2,0,0,0.4558728039264679,3.5760884284973145,0.36216017603874207,3.622793674468994,0.240234375,3.678156614303589,0.09315210580825806,3.9681215286254883
972,2,0,0,0.45925092697143555,3.566920042037964,0.35589224100112915,3.619244337081909,0.24760840833187103,3.6870169639587402,0.10214046388864517,3.977170705795288
973,2,0,0,0.45638352632522583,3.5784733295440674,0.3513980805873871,3.6433846950531006,0.23002032935619354,3.721440076828003,0.076171875,4.090005397796631
974,2,0,0,0.4532221555709839,3.576599359512329,0.35002291202545166,3.6369588375091553,0.23566046357154846,3.7295022010803223,0.09171715378761292,4.040634632110596
975,2,0,0,0.46449247002601624,3.564807891845703,0.34498563408851624,3.62072491645813,0.22212810814380646,3.711946487426758,0.08729273080825806,4.071461200714111
976,2,0,0,0.4437953233718872,3.5816562175750732,0.35672929883003235,3.640641450881958,0.2533482015132904,3.6838812828063965,0.1143973171710968,3.866724729537964
977,2,0,0,0.4381825923919678,3.576138496398926,0.3465501368045807,3.6498117446899414,0.26035353541374207,3.7468903064727783,0.11838328838348389,4.011279582977295
978,2,0,0,0.46572065353393555,3.5732786655426025,0.35663464665412903,3.6215178966522217,0.2118443101644516,3.685262680053711,0.06602758169174194,4.073347568511963
979,2,0,0,0.46266141533851624,3.5740809440612793,0.3549555540084839,3.6201345920562744,0.21376752853393555,3.6820809841156006,0.06883768737316132,4.041401386260986
980,2,0,0,0.44485411047935486,3.573086977005005,0.35869738459587097,3.623180389404297,0.2537567615509033,3.660475254058838,0.10618622601032257,3.8389639854431152
981,2,0,0,0.462300181388855,3.572605609893799,0.35487085580825806,3.6240592002868652,0.21467433869838715,3.6955854892730713,0.06829958409070969,4.088415622711182
982,2,0,0,0.4414759874343872,3.585648775100708,0.35753148794174194,3.6409738063812256,0.27039819955825806,3.697659730911255,0.11110889166593552,3.8439462184906006
983,2,0,0,0.4650704562664032,3.5744497776031494,0.35497549176216125,3.6179521083831787,0.20965202152729034,3.67488956451416,0.06457269936800003,4.088580131530762
984,2,0,0,0.4644052982330322,3.563293933868408,0.34874242544174194,3.62273907661438,0.22877471148967743,3.7198798656463623,0.08749202638864517,4.084510326385498
985,2,0,0,0.4465780258178711,3.582595109939575,0.34540417790412903,3.6485488414764404,0.24632294476032257,3.7546422481536865,0.10347576439380646,4.018682479858398
986,2,0,0,0.48548609018325806,3.557440996170044,0.35656487941741943,3.5956625938415527,0.20066365599632263,3.615980625152588,0.0534319169819355,4.020887851715088
987,2,0,0,0.42732080817222595,3.5763773918151855,0.3710488975048065,3.624028205871582,0.29014867544174194,3.641446590423584,0.13946907222270966,3.78208065032959
988,2,0,0,0.4063969850540161,3.5829854011535645,0.3613629937171936,3.6547768115997314,0.32606226205825806,3.6763241291046143,0.17251275479793549,3.773452043533325
989,2,0,0,0.4481101334095001,3.5792243480682373,0.3498883843421936,3.6406214237213135,0.23596937954425812,3.722761869430542,0.09604193270206451,4.023448944091797
990,2,0,0,0.46817702054977417,3.5664875507354736,0.35295259952545166,3.620096206665039,0.22438018023967743,3.679264545440674,0.07987882196903229,4.0903191566467285
991,2,0,0,0.4341418147087097,3.5789990425109863,0.35798490047454834,3.637935161590576,0.2601941227912903,3.6690666675567627,0.11808434128761292,3.8661603927612305
992,2,0,0,0.4597417116165161,3.5791029930114746,0.35606664419174194,3.624216318130493,0.22983099520206451,3.6981875896453857,0.08583784848451614,4.0327372550964355
993,2,0,0,0.47060346603393555,3.5673623085021973,0.35707807540893555,3.624457597732544,0.22029456496238708,3.7062015533447266,0.06953523308038712,4.106620788574219
994,2,0,0,0.4505166709423065,3.5785746574401855,0.34801000356674194,3.634186267852783,0.22972138226032257,3.738992691040039,0.08673468977212906,4.071920871734619
995,2,0,0,0.4559600055217743,3.5757434368133545,0.35975366830825806,3.6264333724975586,0.23896881937980652,3.6892123222351074,0.0905412957072258,4.003742218017578
996,2,0,0,0.45040208101272583,3.5754640102386475,0.3622947037220001,3.6198394298553467,0.2428950071334839,3.6738462448120117,0.09952965378761292,3.9084901809692383
997,2,0,0,0.452290415763855,3.569624185562134,0.36212530732154846,3.618959903717041,0.25952646136283875,3.6427199840545654,0.11015225946903229,3.842229127883911
998,2,0,0,0.43039748072624207,3.582918882369995,0.3593052327632904,3.6494576930999756,0.28936144709587097,3.6507680416107178,0.1351243555545807,3.8073747158050537
999,2,0,0,0.4195730984210968,3.58789324760437,0.3560068607330322,3.6638023853302,0.2938157618045807,3.705409526824951,0.14817841351032257,3.814929485321045
1000,2,0,0,0.4448516070842743,3.5750222206115723,0.353779673576355,3.633166790008545,0.24822624027729034,3.6947813034057617,0.10734215378761292,3.9413294792175293
1001,2,0,0,0.4536406695842743,3.5741288661956787,0.3509446680545807,3.635442018508911,0.2468610405921936,3.7158195972442627,0.10389429330825806,3.968156576156616
1002,2,0,0,0.45796793699264526,3.5831029415130615,0.3522700071334839,3.6440834999084473,0.2208426296710968,3.7235357761383057,0.06788105517625809,4.103640556335449
1003,2,0,0,0.44739267230033875,3.5802202224731445,0.36138293147087097,3.632819175720215,0.2564273774623871,3.6957991123199463,0.10732222348451614,3.8971216678619385
1004,2,0,0,0.44403448700904846,3.582566022872925,0.34777581691741943,3.657879590988159,0.24810665845870972,3.7331511974334717,0.09652024507522583,4.0427422523498535
1005,2,0,0,0.46280840039253235,3.5764553546905518,0.3561862111091614,3.622649908065796,0.22030451893806458,3.706712484359741,0.07525510340929031,4.084216117858887
1006,2,0,0,0.4366978108882904,3.578359842300415,0.36129823327064514,3.629878282546997,0.26955118775367737,3.6491312980651855,0.12563775479793549,3.7955267429351807
1007,2,0,0,0.4589918255805969,3.57763934135437,0.3545420169830322,3.6248769760131836,0.21514269709587097,3.685317277908325,0.07005341351032257,4.046941757202148
1008,2,0,0,0.43098291754722595,3.584052085876465,0.3636898100376129,3.641833543777466,0.2818279564380646,3.667739152908325,0.13412787020206451,3.7759287357330322
1009,2,0,0,0.44237035512924194,3.56947922706604,0.3517269194126129,3.637329578399658,0.27353712916374207,3.6920583248138428,0.12691326439380646,3.875
1010,2,0,0,0.4657679796218872,3.5706210136413574,0.35585737228393555,3.6171627044677734,0.21021005511283875,3.6710596084594727,0.0680803582072258,4.024590015411377
1011,2,0,0,0.453212171792984,3.5787997245788574,0.35727736353874207,3.6363396644592285,0.24376195669174194,3.71531343460083,0.09558354318141937,4.026271820068359
1012,2,0,0,0.4851248562335968,3.5562591552734375,0.3600127398967743,3.5986907482147217,0.20460976660251617,3.627916097640991,0.05171795189380646,3.9510598182678223
1013,2,0,0,0.46549147367477417,3.568118095397949,0.3537348508834839,3.630458116531372,0.2336774468421936,3.7060980796813965,0.08003826439380646,4.136205196380615
1014,2,0,0,0.4584088921546936,3.5777652263641357,0.3518664240837097,3.6295154094696045,0.22304487228393555,3.7218425273895264,0.07732780277729034,4.110567092895508
1015,2,0,0,0.44266679883003235,3.572603940963745,0.36602160334587097,3.624145746231079,0.2766362428665161,3.6478872299194336,0.12810905277729034,3.797915458679199
1016,2,0,0,0.4384441673755646,3.576669692993164,0.35407865047454834,3.6337296962738037,0.2782605290412903,3.642028331756592,0.12561781704425812,3.793907642364502
1017,2,0,0,0.44382521510124207,3.5757176876068115,0.3683633506298065,3.624141216278076,0.26460856199264526,3.646305561065674,0.12017697095870972,3.797844171524048
1018,2,0,0,0.4370814561843872,3.574033260345459,0.36729711294174194,3.6196722984313965,0.28002431988716125,3.6212589740753174,0.12898597121238708,3.7546353340148926
1019,2,0,0,0.4331478178501129,3.5799999237060547,0.35229989886283875,3.6484556198120117,0.26125040650367737,3.688103199005127,0.1183035671710968,3.8889825344085693
1020,2,0,0,0.4608179032802582,3.571479558944702,0.3568040430545807,3.6188347339630127,0.23055842518806458,3.6704413890838623,0.0867745503783226,4.010794639587402
1021,2,0,0,0.44566625356674194,3.578493356704712,0.35770586133003235,3.6324431896209717,0.2490234375,3.6795918941497803,0.10696348547935486,3.8962175846099854
1022,2,0,0,0.44176748394966125,3.5841007232666016,0.35479113459587097,3.646388053894043,0.2494419664144516,3.715524196624756,0.10596699267625809,3.952040672302246
1023,2,0,0,0.4519117474555969,3.5781445503234863,0.3505410850048065,3.6340274810791016,0.232282355427742,3.7363791465759277,0.08629623800516129,4.099076271057129
1024,2,0,0,0.4608054459095001,3.576387643814087,0.35460180044174194,3.6326682567596436,0.23190368711948395,3.6977484226226807,0.07796555757522583,4.0976481437683105
1025,2,0,0,0.4447793662548065,3.575479745864868,0.36164700984954834,3.6276590824127197,0.2661730647087097,3.652465343475342,0.11274313926696777,3.8439102172851562
1026,2,0,0,0.4718914330005646,3.5674080848693848,0.35653001070022583,3.615243673324585,0.2210618555545807,3.6600704193115234,0.07091039419174194,4.04749870300293
1027,2,0,0,0.44314512610435486,3.5777931213378906,0.3540636897087097,3.639328956604004,0.25721460580825806,3.709514856338501,0.11274313926696777,3.9278769493103027
1028,2,0,0,0.45372289419174194,3.5804543495178223,0.34818437695503235,3.635270833969116,0.22772839665412903,3.7101473808288574,0.08414380997419357,4.065371990203857
1029,2,0,0,0.4484788477420807,3.5792648792266846,0.3499232530593872,3.637254238128662,0.2497309446334839,3.7227964401245117,0.10465162247419357,3.9960007667541504
1030,2,0,0,0.42437368631362915,3.5748913288116455,0.3706403374671936,3.626046895980835,0.29776185750961304,3.6270205974578857,0.14540815353393555,3.743283987045288
1031,2,0,0,0.45205625891685486,3.567136287689209,0.3506457209587097,3.63057017326355,0.24431999027729034,3.708867073059082,0.1028180792927742,4.021321773529053
1032,2,0,0,0.4583216905593872,3.5805439949035645,0.3510841727256775,3.639432907104492,0.2243303507566452,3.7176616191864014,0.07782605290412903,4.047375202178955
1033,2,0,0,0.43475714325904846,3.581634759902954,0.34905630350112915,3.6556661128997803,0.26044324040412903,3.73270583152771,0.11912069469690323,3.9892923831939697
1034,2,0,0,0.45678213238716125,3.5774121284484863,0.3550701439380646,3.6322126388549805,0.2220982164144516,3.7159907817840576,0.07754703611135483,4.060652732849121
1035,2,0,0,0.460048109292984,3.574704647064209,0.35576769709587097,3.625399112701416,0.2189592570066452,3.694943904876709,0.07210618257522583,4.070204734802246
1036,2,0,0,0.43906447291374207,3.577625274658203,0.35434767603874207,3.639491558074951,0.26760801672935486,3.7003910541534424,0.12007732689380646,3.8926141262054443
1037,2,0,0,0.453389048576355,3.5797994136810303,0.3574318289756775,3.628969192504883,0.23276068270206451,3.704169988632202,0.0877511128783226,4.014308452606201
1038,2,0,0,0.4606510102748871,3.5780844688415527,0.35167211294174194,3.626491069793701,0.21923828125,3.6991045475006104,0.06776148080825806,4.051470756530762
1039,2,0,0,0.45169004797935486,3.5798346996307373,0.3521305024623871,3.6393864154815674,0.23447464406490326,3.7158095836639404,0.08661511540412903,4.052001953125
1040,2,0,0,0.4612937271595001,3.576803684234619,0.35521963238716125,3.6260976791381836,0.22429049015045166,3.7004175186157227,0.07880261540412903,4.053616523742676
1041,2,0,0,0.44389498233795166,3.579836368560791,0.3528180718421936,3.639369010925293,0.24859493970870972,3.6969175338745117,0.10680405050516129,3.98059344291687
1042,2,0,0,0.4251011312007904,3.580008029937744,0.3605359196662903,3.642998218536377,0.28925183415412903,3.6490163803100586,0.14046555757522583,3.791572093963623
1043,2,0,0,0.4419543147087097,3.581097364425659,0.3519810140132904,3.642446517944336,0.24494777619838715,3.709043502807617,0.10018733888864517,3.9369404315948486
1044,2,0,0,0.46553629636764526,3.5706372261047363,0.35723254084587097,3.615568161010742,0.22367267310619354,3.6850218772888184,0.07623166590929031,4.054378986358643
1045,2,0,0,0.47028210759162903,3.5679564476013184,0.3555932939052582,3.611203670501709,0.21467433869838715,3.659100294113159,0.06895726919174194,4.029190540313721
1046,2,0,0,0.42113012075424194,3.5707828998565674,0.3777801990509033,3.6177494525909424,0.30932119488716125,3.6052639484405518,0.1496930718421936,3.7184128761291504
1047,2,0,0,0.45054906606674194,3.5797882080078125,0.35296255350112915,3.638500213623047,0.24368223547935486,3.710190534591675,0.10235968977212906,3.9890966415405273
1048,2,0,0,0.45455995202064514,3.5791773796081543,0.3527234196662903,3.6342434883117676,0.23327885568141937,3.722212791442871,0.08769132196903229,4.059999942779541
1049,2,0,0,0.437831312417984,3.583462715148926,0.3614078462123871,3.6395721435546875,0.2779715359210968,3.634343147277832,0.1238839253783226,3.7847490310668945
1050,2,0,0,0.45956483483314514,3.5781877040863037,0.349365234375,3.631669044494629,0.2214006632566452,3.69677734375,0.07246492058038712,4.0442795753479
1051,2,0,0,0.4681222140789032,3.571779727935791,0.3556879758834839,3.621546983718872,0.2089943289756775,3.6752490997314453,0.06317761540412903,4.090536117553711
1052,2,0,0,0.4555564224720001,3.578003406524658,0.3520009517669678,3.6337616443634033,0.22589483857154846,3.716705560684204,0.07643096148967743,4.047718524932861
1053,2,0,0,0.45706114172935486,3.582085132598877,0.35539400577545166,3.634117841720581,0.231794074177742,3.6993250846862793,0.08113440871238708,4.051093101501465
1054,2,0,0,0.4630301296710968,3.5629708766937256,0.34877729415893555,3.6178197860717773,0.22615393996238708,3.693148374557495,0.08557876199483871,4.108523368835449
1055,2,0,0,0.4612438976764679,3.5766282081604004,0.3528529405593872,3.6248605251312256,0.21496333181858063,3.708928346633911,0.0648716539144516,4.08694314956665
1056,2,0,0,0.45458984375,3.58190655708313,0.3529476225376129,3.635986328125,0.2303391993045807,3.7260653972625732,0.08221061527729034,4.0816969871521
1057,2,0,0,0.42740052938461304,3.5843193531036377,0.36627569794654846,3.6437909603118896,0.29818040132522583,3.6579554080963135,0.14851722121238708,3.7620773315429688
1058,2,0,0,0.4303501546382904,3.575312852859497,0.37493520975112915,3.6199917793273926,0.2989676296710968,3.6033596992492676,0.14030611515045166,3.7249999046325684
1059,2,0,0,0.4281703233718872,3.578352451324463,0.36154237389564514,3.6365227699279785,0.2788185477256775,3.6605074405670166,0.12996253371238708,3.8208863735198975
1060,2,0,0,0.44830945134162903,3.580472946166992,0.34970900416374207,3.6428022384643555,0.24364237487316132,3.7304294109344482,0.09833386540412903,4.033644199371338
1061,2,0,0,0.43419912457466125,3.573225259780884,0.34640565514564514,3.64422869682312,0.28283441066741943,3.694464921951294,0.14012674987316132,3.854217052459717
1062,2,0,0,0.47342851758003235,3.5623085498809814,0.35340601205825806,3.6097137928009033,0.21613918244838715,3.6612725257873535,0.06867825239896774,4.077771186828613
1063,2,0,0,0.43643125891685486,3.5887365341186523,0.345179945230484,3.6632890701293945,0.2611607015132904,3.760798215866089,0.11619100719690323,4.005146026611328
1064,2,0,0,0.44120195508003235,3.5760183334350586,0.36164700984954834,3.6248209476470947,0.2729591727256775,3.6263506412506104,0.12216995656490326,3.8050570487976074
1065,2,0,0,0.44791582226753235,3.5810163021087646,0.35481107234954834,3.6353986263275146,0.23066803812980652,3.712890863418579,0.08818957209587097,4.031186580657959
1066,2,0,0,0.45781847834587097,3.5835273265838623,0.3545171022415161,3.636867046356201,0.23022958636283875,3.7273199558258057,0.07690928131341934,4.044312000274658
1067,2,0,0,0.4513985812664032,3.577902317047119,0.3535255789756775,3.6356372833251953,0.23670679330825806,3.7294771671295166,0.09325174987316132,4.0277838706970215
1068,2,0,0,0.4648263156414032,3.5710320472717285,0.3560815751552582,3.6183552742004395,0.21949736773967743,3.702183723449707,0.07692920416593552,4.066839218139648
1069,2,0,0,0.42778918147087097,3.577953338623047,0.3688466548919678,3.6203110218048096,0.2922014594078064,3.6260273456573486,0.1456473171710968,3.748084306716919
1070,3,0,0,0.4744549095630646,3.572533369064331,0.360072523355484,3.6133973598480225,0.21200373768806458,3.640376091003418,0.057397957891225815,3.988541603088379
1071,3,0,0,0.4709223508834839,3.575754404067993,0.3588618040084839,3.6152446269989014,0.21394690871238708,3.6520726680755615,0.05974968150258064,3.959306240081787
1072,3,0,0,0.44344407320022583,3.5775272846221924,0.36784517765045166,3.62766170501709,0.27325811982154846,3.6471080780029297,0.11752630770206451,3.794302225112915
1073,3,0,0,0.46260911226272583,3.5734941959381104,0.35212552547454834,3.631103754043579,0.2266322523355484,3.7295870780944824,0.07955994457006454,4.078156471252441
1074,3,0,0,0.4770532548427582,3.5674567222595215,0.36061063408851624,3.600834608078003,0.20498843491077423,3.618929624557495,0.054747287184000015,3.9610483646392822
1075,3,0,0,0.473109632730484,3.562666416168213,0.3571328818798065,3.6166188716888428,0.23245176672935486,3.655592203140259,0.07961973547935486,3.992490530014038
1076,3,0,0,0.46620145440101624,3.570528507232666,0.35676419734954834,3.6253700256347656,0.22953204810619354,3.679560661315918,0.06652582436800003,4.0
1077,3,0,0,0.4725964367389679,3.5689284801483154,0.35888174176216125,3.613863945007324,0.2152024805545807,3.654010057449341,0.0591517835855484,3.9969675540924072
1078,3,0,0,0.45348870754241943,3.5819461345672607,0.35412347316741943,3.6426260471343994,0.24837571382522583,3.7138214111328125,0.09004304558038712,4.008853435516357
1079,3,0,0,0.493550181388855,3.5544960498809814,0.3630221486091614,3.5861241817474365,0.19861088693141937,3.5974111557006836,0.05201689898967743,3.9467432498931885
1080,3,0,0,0.4885702133178711,3.556680679321289,0.36243921518325806,3.584303617477417,0.19858099520206451,3.59499192237854,0.052256058901548386,3.9641494750976562
1081,3,0,0,0.4714778959751129,3.573622941970825,0.36167189478874207,3.6172008514404297,0.20692163705825806,3.6612088680267334,0.05227598920464516,3.987800121307373
1082,3,0,0,0.4927181303501129,3.5552051067352295,0.36220502853393555,3.5829620361328125,0.198102667927742,3.5805835723876953,0.052933670580387115,3.9898343086242676
1083,3,0,0,0.4623923599720001,3.580901622772217,0.3564801812171936,3.6287195682525635,0.2269909828901291,3.7043328285217285,0.06674505770206451,4.030158042907715
1084,3,0,0,0.4499262571334839,3.5796382427215576,0.34946486353874207,3.6439926624298096,0.24174903333187103,3.695383310317993,0.08878746628761292,4.008754253387451
1085,3,0,0,0.47010523080825806,3.5750858783721924,0.3599430024623871,3.6178815364837646,0.2174944132566452,3.6720426082611084,0.058494098484516144,3.9744462966918945
1086,3,0,0,0.45348870754241943,3.5819461345672607,0.35412347316741943,3.6426260471343994,0.24837571382522583,3.7138214111328125,0.09004304558038712,4.008853435516357
1087,3,0,0,0.4757080078125,3.568490743637085,0.36000776290893555,3.6140336990356445,0.2184012234210968,3.6627275943756104,0.06174266338348389,3.964170455932617
1088,3,0,0,0.45397698879241943,3.5790703296661377,0.3604412376880646,3.632025718688965,0.244001105427742,3.675692319869995,0.09373006969690323,3.8856048583984375
1089,3,0,0,0.48512983322143555,3.5589184761047363,0.361348032951355,3.6013457775115967,0.21662746369838715,3.6340677738189697,0.07172751426696777,3.95859956741333
1090,3,0,0,0.4901396930217743,3.5582425594329834,0.3621302843093872,3.589892864227295,0.19916892051696777,3.5993895530700684,0.05319276079535484,3.9940052032470703
1091,3,0,0,0.47645288705825806,3.5681874752044678,0.35999780893325806,3.606853723526001,0.2092534303665161,3.6416494846343994,0.056540973484516144,3.979203462600708
1092,3,0,0,0.4702746272087097,3.5697824954986572,0.3582589328289032,3.6150004863739014,0.21635840833187103,3.6537859439849854,0.06184231489896774,3.9764742851257324
1093,3,0,0,0.4675018787384033,3.577867269515991,0.35933512449264526,3.626483678817749,0.22103196382522583,3.6793200969696045,0.06335698068141937,4.023592472076416
1094,3,0,0,0.46201369166374207,3.5734028816223145,0.35984334349632263,3.626720428466797,0.23467394709587097,3.699532985687256,0.08017776906490326,4.028088569641113
1095,3,0,0,0.4836325943470001,3.559206485748291,0.361572265625,3.596508264541626,0.2077387571334839,3.634000062942505,0.05406967177987099,3.9690380096435547
1096,3,0,0,0.4667545258998871,3.578632354736328,0.35955435037612915,3.620129108428955,0.21475405991077423,3.679550886154175,0.05626195669174194,4.0120439529418945
1097,3,0,0,0.47762376070022583,3.5687036514282227,0.36026185750961304,3.6035046577453613,0.2079380601644516,3.6160924434661865,0.05638153478503227,3.976670265197754
1098,3,0,0,0.48987314105033875,3.555927276611328,0.3622349202632904,3.5871365070343018,0.19757454097270966,3.5841023921966553,0.052535075694322586,3.9548559188842773
1099,3,0,0,0.4750702381134033,3.566023588180542,0.359619140625,3.6104300022125244,0.22125118970870972,3.652299165725708,0.0662667378783226,3.950075149536133
1100,3,1,0,0.43399232625961304,3.5784177780151367,0.34976381063461304,3.6642117500305176,0.28288424015045166,3.736578941345215,0.15174585580825806,3.917257785797119
1101,3,0,0,0.46473661065101624,3.5790274143218994,0.35839346051216125,3.6218459606170654,0.22069315612316132,3.667494535446167,0.06927614659070969,4.016685962677002
1102,3,0,0,0.46498823165893555,3.574519157409668,0.3579998314380646,3.627692937850952,0.23184390366077423,3.690406560897827,0.07350127398967743,3.9525487422943115
1103,3,0,0,0.47969895601272583,3.5677080154418945,0.3613380789756775,3.600121259689331,0.20489874482154846,3.628732681274414,0.05534518510103226,3.992798089981079
1104,3,0,0,0.47762376070022583,3.5687036514282227,0.36026185750961304,3.6035046577453613,0.2079380601644516,3.6160924434661865,0.05638153478503227,3.976670265197754
1105,3,0,0,0.4562739133834839,3.5835700035095215,0.35299745202064514,3.640483856201172,0.22261638939380646,3.723768949508667,0.06449298560619354,4.047280788421631
1106,3,0,0,0.4770059287548065,3.5713934898376465,0.3622100055217743,3.594536304473877,0.20151068270206451,3.6189792156219482,0.053212691098451614,3.9797751903533936
1107,3,0,0,0.4693628251552582,3.5730390548706055,0.36055582761764526,3.618088960647583,0.21653778851032257,3.6720662117004395,0.06036750599741936,4.035325050354004
1108,3,0,0,0.48630818724632263,3.55940842628479,0.36197584867477417,3.589745283126831,0.2019292116165161,3.611281156539917,0.053790654987096786,4.002223014831543
1109,3,0,0,0.48263612389564514,3.561610221862793,0.36081990599632263,3.59211802482605,0.20188935101032257,3.6073544025421143,0.05283402279019356,3.9630327224731445
1110,3,1,0,0.46282336115837097,3.564406394958496,0.3515973687171936,3.635155200958252,0.24957150220870972,3.707446575164795,0.10823899507522583,3.971276044845581
1111,3,0,0,0.46305006742477417,3.5764880180358887,0.3606056571006775,3.6202280521392822,0.22491827607154846,3.6717913150787354,0.07055165618658066,4.013277053833008
1112,3,0,0,0.47737962007522583,3.5649397373199463,0.36162707209587097,3.6021769046783447,0.20378267765045166,3.6172616481781006,0.057537466287612915,4.027710437774658
1113,3,0,0,0.4850550889968872,3.560776472091675,0.36231961846351624,3.5967628955841064,0.20267657935619354,3.6120262145996094,0.0541294626891613,3.983063220977783
1114,3,0,0,0.43760961294174194,3.5739896297454834,0.3744668662548065,3.6256635189056396,0.28408998250961304,3.6313095092773438,0.13129782676696777,3.7577414512634277
1115,3,0,0,0.4825862944126129,3.5611467361450195,0.3583386540412903,3.608759641647339,0.21821188926696777,3.6516120433807373,0.06574856489896774,4.003031253814697
1116,3,0,0,0.4734783470630646,3.569047451019287,0.3600376546382904,3.608696222305298,0.21305005252361298,3.6520578861236572,0.062021683901548386,3.997429370880127
1117,3,0,0,0.46614664793014526,3.5759291648864746,0.35877710580825806,3.615237236022949,0.22334381937980652,3.6555123329162598,0.07120934128761292,3.9205150604248047
1118,3,0,0,0.47729241847991943,3.5693750381469727,0.3625737428665161,3.6008381843566895,0.20092274248600006,3.6176164150238037,0.053073182702064514,3.968456745147705
1119,3,0,0,0.4889862537384033,3.5598855018615723,0.3621900975704193,3.5861637592315674,0.19778379797935486,3.5856006145477295,0.052933670580387115,3.9924697875976562
1120,3,0,0,0.49293485283851624,3.552110433578491,0.3629225194454193,3.584212064743042,0.19731543958187103,3.5839099884033203,0.0521763376891613,3.9537816047668457
1121,3,0,0,0.44994866847991943,3.5768465995788574,0.35237962007522583,3.6397829055786133,0.25680604577064514,3.7079663276672363,0.10568797588348389,3.997171401977539
1122,3,0,0,0.4746716320514679,3.5686874389648438,0.35980847477912903,3.612545967102051,0.2114955335855484,3.651055335998535,0.05791613459587097,4.013076305389404
1123,3,0,0,0.4508081376552582,3.571281671524048,0.3540288209915161,3.644993305206299,0.2645288407802582,3.6897084712982178,0.11499521136283875,3.899653434753418
1124,3,0,0,0.47928041219711304,3.561124086380005,0.358642578125,3.6098415851593018,0.22051379084587097,3.649193286895752,0.06716357916593552,3.9887239933013916
1125,3,0,0,0.4813680648803711,3.5602691173553467,0.36142775416374207,3.6027984619140625,0.21426577866077423,3.646172523498535,0.05919164419174194,3.9925925731658936
1126,3,0,0,0.46708086133003235,3.578036069869995,0.3595394194126129,3.6205291748046875,0.21508289873600006,3.6675314903259277,0.05699935927987099,4.0
1127,3,0,0,0.47223272919654846,3.5737979412078857,0.3602120578289032,3.614377021789551,0.2123425453901291,3.6600496768951416,0.057557396590709686,3.9497921466827393
1128,3,0,0,0.4780696928501129,3.5621752738952637,0.3630719780921936,3.5998215675354004,0.22675183415412903,3.615293264389038,0.08107461780309677,3.869468927383423
1129,3,0,0,0.4665776491165161,3.5761075019836426,0.3577706515789032,3.6258668899536133,0.22638311982154846,3.6837310791015625,0.06433354318141937,3.9882280826568604
1130,3,0,0,0.4877431392669678,3.556919813156128,0.36154237389564514,3.585463762283325,0.19737523794174194,3.579946517944336,0.05227598920464516,3.9595882892608643
1131,3,0,0,0.4748260974884033,3.570622205734253,0.35983338952064514,3.612198829650879,0.21101722121238708,3.631516695022583,0.059231504797935486,3.971736192703247
1132,3,0,0,0.49139028787612915,3.554368019104004,0.36282286047935486,3.586487293243408,0.20562618970870972,3.6062514781951904,0.059610169380903244,3.958876609802246
1133,3,0,0,0.4723846912384033,3.571794033050537,0.3599529564380646,3.6138365268707275,0.21108697354793549,3.6482083797454834,0.0548270083963871,3.976008653640747
1134,3,0,0,0.4710195064544678,3.569331169128418,0.3589763939380646,3.6102182865142822,0.21043924987316132,3.6519556045532227,0.06596779078245163,3.9903323650360107
1135,3,0,0,0.471435546875,3.5742979049682617,0.3598184287548065,3.6166276931762695,0.2169363796710968,3.6463940143585205,0.06042729318141937,3.9551451206207275
1136,3,0,0,0.4854312837123871,3.5638420581817627,0.36124342679977417,3.602719783782959,0.2113560289144516,3.647383213043213,0.0577566958963871,4.007936477661133
1137,3,1,0,0.43203672766685486,3.581047534942627,0.37054067850112915,3.6346595287323,0.29873842000961304,3.66886830329895,0.14981265366077423,3.7800984382629395
1138,3,0,0,0.4737623333930969,3.5706727504730225,0.3608647584915161,3.6160824298858643,0.2133191078901291,3.6583826541900635,0.058115433901548386,3.9941701889038086
1139,3,0,0,0.40389329195022583,3.5799624919891357,0.38559767603874207,3.6217260360717773,0.3173030912876129,3.6019723415374756,0.1526227593421936,3.708409547805786
1140,3,0,0,0.48895636200904846,3.5571887493133545,0.3618961274623871,3.5900955200195312,0.19779376685619354,3.5939342975616455,0.052535075694322586,3.976100206375122
1141,3,0,0,0.47449976205825806,3.572768211364746,0.3610242009162903,3.6136021614074707,0.20911391079425812,3.6463189125061035,0.0558035708963871,3.9985713958740234
1142,3,0,0,0.4578408896923065,3.582296371459961,0.35624101758003235,3.6359949111938477,0.2235032618045807,3.712247610092163,0.06204161047935486,4.051397323608398
1143,3,0,0,0.5085374116897583,3.5444445610046387,0.36091458797454834,3.5676932334899902,0.19585059583187103,3.5770325660705566,0.05173788219690323,3.94183349609375
1144,3,0,0,0.43461763858795166,3.58003306388855,0.36112383008003235,3.6468770503997803,0.27960577607154846,3.677572250366211,0.12916533648967743,3.805431365966797
1145,3,0,0,0.4822375178337097,3.56252384185791,0.3604412376880646,3.6054296493530273,0.21305005252361298,3.6388213634490967,0.0562220960855484,3.9539170265197754
1146,3,0,0,0.47228753566741943,3.573341131210327,0.3594895899295807,3.6185083389282227,0.21577048301696777,3.6563525199890137,0.06008848547935486,3.9880597591400146
1147,3,0,0,0.4787099361419678,3.5681209564208984,0.3628876209259033,3.5993711948394775,0.20035474002361298,3.6009151935577393,0.053073182702064514,3.957191228866577
1148,3,0,0,0.463032603263855,3.573211669921875,0.3569834232330322,3.634783983230591,0.23844067752361298,3.7124290466308594,0.0725446417927742,4.009066104888916
1149,3,0,0,0.4898581802845001,3.5584211349487305,0.36320650577545166,3.584386110305786,0.19774393737316132,3.5893468856811523,0.05283402279019356,4.001508712768555
1150,3,0,0,0.4447519779205322,3.574467658996582,0.3702816069126129,3.6266937255859375,0.2830735743045807,3.6506495475769043,0.1326131969690323,3.8019237518310547
1151,3,0,0,0.47858288884162903,3.5683395862579346,0.3603615164756775,3.6049277782440186,0.20607461035251617,3.636073589324951,0.0537109375,3.9632654190063477
1152,3,0,0,0.4386335015296936,3.5814926624298096,0.3464604616165161,3.665281295776367,0.2800143361091614,3.722811460494995,0.12312658876180649,3.898996353149414
1153,3,0,0,0.4747937023639679,3.5720410346984863,0.36104410886764526,3.605757474899292,0.20694155991077423,3.6323494911193848,0.05402981489896774,3.966433048248291
1154,3,0,0,0.43613478541374207,3.5831105709075928,0.35385939478874207,3.653778553009033,0.27751314640045166,3.697655200958252,0.13233418762683868,3.8591866493225098
1155,3,0,0,0.4758749008178711,3.570887804031372,0.36008748412132263,3.607062339782715,0.207380011677742,3.635721445083618,0.055424902588129044,3.9557712078094482
1156,3,0,0,0.47463926672935486,3.570631504058838,0.3626434803009033,3.604926824569702,0.205915167927742,3.633662462234497,0.05359135568141937,3.9817776679992676
1157,3,0,0,0.47913095355033875,3.5672059059143066,0.36176159977912903,3.5943779945373535,0.20126155018806458,3.6109819412231445,0.05430883169174194,3.9996330738067627
1158,3,0,0,0.41384077072143555,3.58090877532959,0.37898096442222595,3.641902208328247,0.3248365819454193,3.6598870754241943,0.16719147562980652,3.7717249393463135
1159,3,0,0,0.4233821928501129,3.578550100326538,0.3781987428665161,3.628079414367676,0.30519571900367737,3.6501126289367676,0.16202965378761292,3.800246000289917
1160,3,0,0,0.49491041898727417,3.5524940490722656,0.3621551990509033,3.5845141410827637,0.20059390366077423,3.595529079437256,0.05327247828245163,3.9678263664245605
1161,3,0,0,0.4663110673427582,3.574139356613159,0.35883191227912903,3.6272928714752197,0.22708067297935486,3.6875548362731934,0.06391501426696777,4.019644737243652
1162,3,0,0,0.45979899168014526,3.572632074356079,0.3517617881298065,3.62835693359375,0.21941764652729034,3.6928107738494873,0.07182716578245163,4.038845539093018
1163,3,0,0,0.48445719480514526,3.560429811477661,0.3615622818470001,3.592817783355713,0.20164021849632263,3.6011860370635986,0.053232621401548386,3.974541425704956
1164,3,0,0,0.42903727293014526,3.5820205211639404,0.3742426633834839,3.6375279426574707,0.2996850907802582,3.6567800045013428,0.14050541818141937,3.757446765899658
1165,3,0,0,0.4767343997955322,3.5699212551116943,0.3607451617717743,3.6060659885406494,0.20762914419174194,3.6321749687194824,0.055185746401548386,3.943300724029541
1166,3,0,0,0.46476152539253235,3.570950746536255,0.35780054330825806,3.63008975982666,0.23836097121238708,3.677215814590454,0.08450254797935486,3.90518856048584
1167,3,0,0,0.480189710855484,3.565519332885742,0.3610690236091614,3.603355884552002,0.20490871369838715,3.6192190647125244,0.054348692297935486,3.96846342086792
1168,3,0,0,0.4193364381790161,3.571442127227783,0.3892548084259033,3.607820749282837,0.30435866117477417,3.590740919113159,0.1376355141401291,3.705183982849121
1169,3,0,0,0.4491863548755646,3.5763115882873535,0.3595942258834839,3.6388626098632812,0.2626056373119354,3.7048532962799072,0.12163185328245163,3.8599050045013428
1170,3,0,0,0.4715127646923065,3.5673458576202393,0.3581094443798065,3.6160781383514404,0.22235730290412903,3.6638882160186768,0.06750238686800003,3.976970672607422
1171,3,0,0,0.4669463336467743,3.572627544403076,0.3583187162876129,3.625743865966797,0.22948221862316132,3.664987564086914,0.07372049987316132,3.9786429405212402
1172,3,0,0,0.4811139702796936,3.5668303966522217,0.36097437143325806,3.5991525650024414,0.20315489172935486,3.6153922080993652,0.053770724684000015,3.960711717605591
1173,3,0,0,0.48194605112075806,3.566601276397705,0.36178651452064514,3.599391222000122,0.20433075726032257,3.6275055408477783,0.05452806130051613,3.993055582046509
1174,3,0,0,0.4905756711959839,3.5547046661376953,0.36125338077545166,3.5830495357513428,0.19683712720870972,3.5852274894714355,0.05241549760103226,3.973384141921997
1175,3,0,0,0.48028188943862915,3.563154458999634,0.3590710759162903,3.601579189300537,0.20845623314380646,3.643099546432495,0.06070631369948387,3.9944188594818115
1176,3,0,0,0.4625692367553711,3.574211359024048,0.35422810912132263,3.6251494884490967,0.22891421616077423,3.679784059524536,0.08904655277729034,3.950089454650879
1177,3,0,0,0.44853365421295166,3.5762836933135986,0.3576211631298065,3.6360063552856445,0.2555105984210968,3.6917827129364014,0.0998883917927742,3.8968474864959717
1178,3,0,0,0.4750702381134033,3.5719754695892334,0.3615224361419678,3.6073126792907715,0.20962212979793549,3.6471762657165527,0.05638153478503227,3.9692471027374268
1179,3,0,0,0.4772425889968872,3.571068286895752,0.3602319657802582,3.6087827682495117,0.20971180498600006,3.6464242935180664,0.05869339779019356,4.009507656097412
1180,3,0,0,0.4697962999343872,3.5744829177856445,0.35948461294174194,3.62131667137146,0.21879981458187103,3.6633875370025635,0.062420278787612915,3.9556193351745605
1181,3,0,0,0.474696546792984,3.569544553756714,0.35998284816741943,3.6156539916992188,0.2122727930545807,3.6657590866088867,0.057955995202064514,4.003438949584961
1182,3,0,0,0.4645124077796936,3.5714821815490723,0.35540395975112915,3.6257588863372803,0.2416394203901291,3.6860902309417725,0.08039700239896774,3.9692611694335938
1183,3,0,0,0.4619240164756775,3.574641466140747,0.35205575823783875,3.6224544048309326,0.21099728345870972,3.69651460647583,0.0682198628783226,4.108384609222412
1184,3,0,0,0.47544142603874207,3.569521903991699,0.3619110584259033,3.602970838546753,0.20447026193141937,3.620108127593994,0.05359135568141937,3.966158390045166
1185,3,0,0,0.4787099361419678,3.5681209564208984,0.3628876209259033,3.5993711948394775,0.20035474002361298,3.6009151935577393,0.053073182702064514,3.957191228866577
1186,3,0,0,0.47314453125,3.5722341537475586,0.3636300265789032,3.605628728866577,0.21510283648967743,3.628694534301758,0.06261957436800003,3.9452579021453857
1187,3,0,0,0.4707379937171936,3.5763661861419678,0.36144769191741943,3.609492063522339,0.2051478773355484,3.6348180770874023,0.05466756969690323,3.9919795989990234
1188,3,0,0,0.45666253566741943,3.5722336769104004,0.35324159264564514,3.636444330215454,0.25359731912612915,3.7010490894317627,0.09845343977212906,3.9663968086242676
1189,3,0,0,0.4644177258014679,3.5802083015441895,0.35870733857154846,3.6273021697998047,0.22118143737316132,3.6803929805755615,0.06150350719690323,3.9938430786132812
1190,3,0,0,0.4736178517341614,3.5723512172698975,0.3590710759162903,3.6119027137756348,0.21486367285251617,3.650867223739624,0.058494098484516144,3.9867119789123535
1191,3,0,0,0.49433740973472595,3.5509471893310547,0.3604113459587097,3.5830845832824707,0.1990891993045807,3.594574213027954,0.05145886540412903,3.956235408782959
1192,3,0,0,0.4725266993045807,3.5741212368011475,0.3615024983882904,3.6115360260009766,0.20910395681858063,3.6529736518859863,0.055863358080387115,3.983232259750366
1193,3,0,0,0.4686727523803711,3.5739200115203857,0.361293226480484,3.6187305450439453,0.22333386540412903,3.6641085147857666,0.0703125,3.94132661819458
1194,3,0,0,0.4719860851764679,3.5745835304260254,0.36146265268325806,3.605938196182251,0.20803770422935486,3.634190797805786,0.055165816098451614,3.9667630195617676
1195,3,0,0,0.4710792899131775,3.5766148567199707,0.36056581139564514,3.610222816467285,0.21127630770206451,3.6540892124176025,0.05799585208296776,3.9962198734283447
1196,3,0,0,0.47752660512924194,3.569059371948242,0.36032167077064514,3.6040680408477783,0.20678211748600006,3.6254637241363525,0.05584343150258064,3.989650249481201
1197,3,0,0,0.4688795208930969,3.5721261501312256,0.35783541202545166,3.615171432495117,0.20777861773967743,3.6585774421691895,0.060546875,4.048387050628662
1198,3,0,0,0.4664231836795807,3.5729546546936035,0.35917070508003235,3.623704671859741,0.22529694437980652,3.6829137802124023,0.06937579810619354,3.977592706680298
1199,3,0,0,0.4827905595302582,3.5632004737854004,0.3630271255970001,3.5894510746002197,0.20051418244838715,3.60262393951416,0.05305325239896774,3.996994733810425
1200,3,0,0,0.46544909477233887,3.5755879878997803,0.35857778787612915,3.628390312194824,0.22994060814380646,3.6854171752929688,0.06742267310619354,3.9645285606384277
1201,3,0,0,0.4839664399623871,3.561662197113037,0.3623545169830322,3.5954678058624268,0.19889986515045166,3.6040079593658447,0.05173788219690323,3.9318182468414307
1202,3,0,0,0.4571881890296936,3.569706678390503,0.3544224202632904,3.630303382873535,0.2517538070678711,3.6852834224700928,0.10315688699483871,3.949188470840454
1203,3,0,0,0.448573499917984,3.5781595706939697,0.3585927486419678,3.6418280601501465,0.2646484375,3.697793483734131,0.1271524280309677,3.8974921703338623
1204,3,0,0,0.4916917383670807,3.554018020629883,0.35943976044654846,3.5917301177978516,0.2073003053665161,3.617891550064087,0.062161192297935486,4.011862754821777
1205,3,0,0,0.4490343928337097,3.5704758167266846,0.353779673576355,3.6360678672790527,0.25944674015045166,3.7031803131103516,0.12113361060619354,3.938960075378418
1206,3,0,0,0.4859369993209839,3.5607995986938477,0.36179646849632263,3.590313196182251,0.19787348806858063,3.5897164344787598,0.05233577638864517,3.947829484939575
1207,3,0,0,0.4665776491165161,3.5761075019836426,0.3577706515789032,3.6258668899536133,0.22638311982154846,3.6837310791015625,0.06433354318141937,3.9882280826568604
1208,3,0,0,0.4763532280921936,3.5682332515716553,0.3597935140132904,3.6106879711151123,0.20511798560619354,3.641371965408325,0.05723851919174194,4.005919456481934
1209,3,0,0,0.48931261897087097,3.5559940338134766,0.36138293147087097,3.5862321853637695,0.19857102632522583,3.6017966270446777,0.05191725119948387,3.9558541774749756
1210,3,0,0,0.4861362874507904,3.5610923767089844,0.36188116669654846,3.597045421600342,0.2041713148355484,3.626579999923706,0.05397002398967743,4.010708808898926
1211,3,0,0,0.47395166754722595,3.566087484359741,0.36139288544654846,3.6100120544433594,0.22889429330825806,3.642446756362915,0.07716836780309677,3.919679641723633
1212,3,0,0,0.47869497537612915,3.5693721771240234,0.36235949397087097,3.6047959327697754,0.20547671616077423,3.6249756813049316,0.05373086780309677,3.9614243507385254
1213,3,0,0,0.4889439046382904,3.557814359664917,0.36289259791374207,3.591303586959839,0.20115193724632263,3.603388547897339,0.05283402279019356,3.949075937271118
1214,3,0,0,0.442524790763855,3.5855555534362793,0.35016241669654846,3.660339593887329,0.25304925441741943,3.7370638847351074,0.10497049987316132,3.9743688106536865
1215,3,0,0,0.46435046195983887,3.5810863971710205,0.3587472140789032,3.6223576068878174,0.22324417531490326,3.6920056343078613,0.062161192297935486,4.0086565017700195
1216,3,0,0,0.4721181392669678,3.569568157196045,0.36162707209587097,3.6013638973236084,0.21484375,3.637430429458618,0.06744260340929031,4.000590801239014
1217,3,0,0,0.47241708636283875,3.573457956314087,0.3607252538204193,3.6127707958221436,0.21157525479793549,3.6574981212615967,0.05606265738606453,3.9537858963012695
1218,3,0,0,0.4718515872955322,3.575106143951416,0.36167189478874207,3.6091418266296387,0.20788823068141937,3.640446662902832,0.05494658648967743,3.995647430419922
1219,3,0,0,0.465596079826355,3.578354597091675,0.36026185750961304,3.621635913848877,0.21907883882522583,3.667546033859253,0.06234056130051613,3.9971227645874023
1220,3,0,0,0.4753268361091614,3.5723586082458496,0.3599081039428711,3.613940715789795,0.20880499482154846,3.648611307144165,0.056640625,3.9978888034820557
1221,3,0,0,0.44932836294174194,3.5762734413146973,0.3566994071006775,3.6382784843444824,0.25631776452064514,3.6792240142822266,0.1086774542927742,3.8901522159576416
1222,3,0,0,0.477436900138855,3.572902202606201,0.3621053695678711,3.604656219482422,0.20561622083187103,3.624842405319214,0.05512595549225807,3.957700729370117
1223,3,0,0,0.4737997055053711,3.5699915885925293,0.3601771593093872,3.6046009063720703,0.20384247601032257,3.632821559906006,0.0577566958963871,4.039337635040283
1224,3,0,0,0.4830820560455322,3.556001901626587,0.35653001070022583,3.595595121383667,0.211286261677742,3.6427392959594727,0.06800063699483871,4.016998767852783
1225,3,0,0,0.4499262571334839,3.5796382427215576,0.34946486353874207,3.6439926624298096,0.24174903333187103,3.695383310317993,0.08878746628761292,4.008754253387451
1226,3,0,0,0.44970205426216125,3.5735952854156494,0.35253408551216125,3.637481451034546,0.25172391533851624,3.699338912963867,0.09492585808038712,3.927776575088501
1227,3,0,0,0.47219786047935486,3.5706379413604736,0.35937002301216125,3.61480450630188,0.2129005789756775,3.655090093612671,0.05757732689380646,3.9612321853637695
1228,3,0,0,0.4610620439052582,3.5677998065948486,0.3533213138580322,3.6294755935668945,0.2361985743045807,3.6817281246185303,0.09325174987316132,3.9771318435668945
1229,3,0,0,0.46637335419654846,3.573181390762329,0.366420179605484,3.615933656692505,0.2341657280921936,3.645516872406006,0.08613679558038712,3.843128204345703
1230,3,0,0,0.4598388671875,3.575047492980957,0.35753148794174194,3.627971887588501,0.2390385866165161,3.680840492248535,0.09757652878761292,3.8952205181121826
1231,3,0,0,0.4758574664592743,3.572296142578125,0.3606455326080322,3.6040091514587402,0.20622408390045166,3.6265764236450195,0.05414939299225807,3.959146022796631
1232,3,0,0,0.48871472477912903,3.556108236312866,0.36248403787612915,3.5828981399536133,0.19724568724632263,3.583712339401245,0.05233577638864517,3.9813404083251953
1233,3,0,0,0.4728281497955322,3.5721113681793213,0.35989317297935486,3.6125123500823975,0.20913384854793549,3.655167579650879,0.05695950239896774,3.9692091941833496
1234,3,0,0,0.4747140109539032,3.5699801445007324,0.3601970970630646,3.609865427017212,0.21412627398967743,3.6436614990234375,0.06002869829535484,3.9770915508270264
1235,3,0,0,0.45348870754241943,3.5819461345672607,0.35412347316741943,3.6426260471343994,0.24837571382522583,3.7138214111328125,0.09004304558038712,4.008853435516357
1236,3,0,0,0.4692457318305969,3.575709104537964,0.35874220728874207,3.628880262374878,0.22278578579425812,3.690119504928589,0.06385523080825806,4.0037455558776855
1237,3,0,0,0.47068068385124207,3.571471691131592,0.3582788407802582,3.6176085472106934,0.22498804330825806,3.647134304046631,0.0691964253783226,3.921658992767334
1238,3,0,0,0.42718878388404846,3.5836117267608643,0.3680345118045807,3.6475510597229004,0.3083346486091614,3.673098087310791,0.15585139393806458,3.7780051231384277
1239,3,0,0,0.47463178634643555,3.5698952674865723,0.3617914915084839,3.6003193855285645,0.20276625454425812,3.608020544052124,0.054348692297935486,3.977264404296875
1240,3,0,0,0.4666324555873871,3.5772624015808105,0.3600476384162903,3.6193349361419678,0.2123425453901291,3.664085626602173,0.05592314898967743,4.004632949829102
1241,3,0,0,0.47047144174575806,3.5760467052459717,0.3597685992717743,3.6144001483917236,0.2151128053665161,3.6507155895233154,0.05945073068141937,3.9648005962371826
1242,3,0,0,0.4735705256462097,3.572345495223999,0.36010244488716125,3.604671001434326,0.20660275220870972,3.6300582885742188,0.05646125599741936,3.9925873279571533
1243,3,0,0,0.4475446343421936,3.5839197635650635,0.3495146930217743,3.6443285942077637,0.2378627210855484,3.735567569732666,0.08946508169174194,4.051904678344727
1244,3,0,0,0.4686304032802582,3.572669506072998,0.36024194955825806,3.611297130584717,0.20665258169174194,3.652425527572632,0.054607778787612915,3.9598541259765625
1245,3,0,0,0.4770059287548065,3.5713934898376465,0.3622100055217743,3.594536304473877,0.20151068270206451,3.6189792156219482,0.053212691098451614,3.9797751903533936
1246,3,0,0,0.49254870414733887,3.5537116527557373,0.3626883327960968,3.578421115875244,0.1967175453901291,3.576921224594116,0.05291374400258064,3.9894537925720215
1247,3,0,0,0.46709582209587097,3.5658681392669678,0.35595703125,3.6178858280181885,0.2398158460855484,3.6663758754730225,0.0871930792927742,3.967771530151367
1248,3,0,0,0.46481385827064514,3.5788025856018066,0.3593301475048065,3.6241211891174316,0.21709582209587097,3.689295768737793,0.05626195669174194,3.989018678665161
1249,3,0,0,0.47180673480033875,3.566216230392456,0.36046117544174194,3.6147403717041016,0.22882452607154846,3.6376779079437256,0.08233019709587097,3.930525302886963
1250,3,0,0,0.47101202607154846,3.571556329727173,0.3587671220302582,3.6200177669525146,0.21863041818141937,3.6652233600616455,0.058793045580387115,3.9861016273498535
1251,3,0,0,0.4683862626552582,3.573627471923828,0.3579001724720001,3.621978998184204,0.22261638939380646,3.6741271018981934,0.06357621401548386,3.998746156692505
1252,3,0,0,0.4690190553665161,3.574829578399658,0.3579001724720001,3.6184568405151367,0.22201849520206451,3.6675941944122314,0.06295838207006454,3.9613802433013916
1253,3,0,0,0.49318647384643555,3.5538694858551025,0.3622598350048065,3.5836851596832275,0.197614386677742,3.5876657962799072,0.05261479318141937,3.978030204772949
1254,3,0,0,0.442524790763855,3.5855555534362793,0.35016241669654846,3.660339593887329,0.25304925441741943,3.7370638847351074,0.10497049987316132,3.9743688106536865
1255,3,0,0,0.47537416219711304,3.567988395690918,0.3588418662548065,3.6080586910247803,0.21530212461948395,3.6180226802825928,0.062260840088129044,3.929577350616455
1256,3,0,0,0.4627859890460968,3.572887420654297,0.3564951419830322,3.631166934967041,0.24472855031490326,3.6831305027008057,0.09267378598451614,3.9247312545776367
1257,3,0,0,0.4858423173427582,3.5588269233703613,0.36255380511283875,3.5896573066711426,0.19958744943141937,3.588296890258789,0.05313296988606453,3.9939985275268555
1258,3,0,0,0.4697713851928711,3.574481725692749,0.35948461294174194,3.622314691543579,0.21878986060619354,3.667699098587036,0.06636638939380646,4.034234046936035
1259,3,0,0,0.47903379797935486,3.5668528079986572,0.36237943172454834,3.5978331565856934,0.20150071382522583,3.6152515411376953,0.05333226919174194,3.9768311977386475
1260,3,1,0,0.4215337038040161,3.581695795059204,0.3695840537548065,3.6382570266723633,0.3064911365509033,3.654777765274048,0.15567202866077423,3.740110158920288
1261,3,0,0,0.49818140268325806,3.5509116649627686,0.362025648355484,3.5769336223602295,0.19710618257522583,3.5753285884857178,0.05233577638864517,3.9706778526306152
1262,3,0,0,0.4742356836795807,3.573396921157837,0.3613729476928711,3.6039791107177734,0.20711097121238708,3.636739730834961,0.0553850419819355,3.9942424297332764
1263,3,0,0,0.46763890981674194,3.580425500869751,0.3612583577632904,3.615769624710083,0.21157525479793549,3.6581575870513916,0.056700412184000015,3.9978909492492676
1264,3,0,0,0.4724469780921936,3.5716500282287598,0.3600825071334839,3.606212854385376,0.20677216351032257,3.626024007797241,0.056700412184000015,3.963444709777832
1265,3,0,0,0.4910988211631775,3.5566298961639404,0.36241430044174194,3.586268424987793,0.19848133623600006,3.5896174907684326,0.05295360088348389,3.9936017990112305
1266,3,0,0,0.4644277095794678,3.5829474925994873,0.36010244488716125,3.6179261207580566,0.21473413705825806,3.6742308139801025,0.05590321868658066,3.975757598876953
1267,3,0,0,0.48027941584587097,3.5647549629211426,0.360859751701355,3.6005992889404297,0.20003587007522583,3.6188104152679443,0.05564413219690323,3.9953439235687256
1268,3,0,0,0.4407336115837097,3.5759804248809814,0.36356523633003235,3.637434959411621,0.27453362941741943,3.6746280193328857,0.13761559128761292,3.804779052734375
1269,3,0,0,0.4554717242717743,3.5674943923950195,0.35721758008003235,3.6269474029541016,0.2535574734210968,3.6819021701812744,0.11519451439380646,3.9304497241973877
1270,3,0,0,0.47749170660972595,3.568730354309082,0.36177653074264526,3.601088047027588,0.20211854577064514,3.611497402191162,0.05359135568141937,3.957977056503296
1271,3,0,0,0.47069066762924194,3.5736188888549805,0.35884684324264526,3.6204075813293457,0.21808233857154846,3.6779985427856445,0.05927136540412903,3.9892401695251465
1272,3,0,0,0.473388671875,3.5731441974639893,0.3591906428337097,3.6102702617645264,0.21314971148967743,3.658485174179077,0.058374520391225815,3.9603960514068604
1273,3,0,0,0.4706931412220001,3.574071168899536,0.3603963851928711,3.6132748126983643,0.21446508169174194,3.650357723236084,0.06078603118658066,3.967540979385376
1274,3,0,0,0.49098920822143555,3.553877115249634,0.3616769015789032,3.5930569171905518,0.21367785334587097,3.6113884449005127,0.06893733888864517,3.9155826568603516
1275,3,0,0,0.4787149131298065,3.569031000137329,0.361348032951355,3.605771780014038,0.21255181729793549,3.636427640914917,0.058673467487096786,4.00985050201416
1276,3,0,0,0.46854323148727417,3.572983503341675,0.3587023615837097,3.6182267665863037,0.22672192752361298,3.6694796085357666,0.06519053131341934,3.9449708461761475
1277,3,0,0,0.46498823165893555,3.579967737197876,0.3584930896759033,3.6263012886047363,0.22345343232154846,3.6864964962005615,0.06606744229793549,4.021719455718994
1278,3,0,0,0.471211314201355,3.5702784061431885,0.3604561984539032,3.606496572494507,0.20783840119838715,3.6294288635253906,0.0538504458963871,3.96891188621521
1279,3,0,0,0.49940457940101624,3.549407720565796,0.3623744249343872,3.576268434524536,0.19611965119838715,3.5686702728271484,0.051797669380903244,3.929203510284424
1280,3,0,0,0.4661616086959839,3.577695608139038,0.3586774468421936,3.6237289905548096,0.2165876030921936,3.674626111984253,0.05807557329535484,4.0010294914245605
1281,3,0,0,0.47239965200424194,3.566718578338623,0.3591059446334839,3.615450859069824,0.22100207209587097,3.6682748794555664,0.06596779078245163,3.984894275665283
1282,3,0,0,0.47947973012924194,3.569749593734741,0.36207547783851624,3.600839376449585,0.2045200914144516,3.6289222240448,0.0523158460855484,3.9459047317504883
1283,3,0,0,0.4739890396595001,3.5716140270233154,0.36067044734954834,3.606785774230957,0.21042928099632263,3.643509864807129,0.0584542416036129,4.0163655281066895
1284,3,0,0,0.4738321006298065,3.5719821453094482,0.36086973547935486,3.611393451690674,0.2097516655921936,3.6551854610443115,0.05582350119948387,3.947875738143921
1285,3,0,0,0.47674185037612915,3.5697085857391357,0.3606853783130646,3.6089844703674316,0.20883490145206451,3.643221855163574,0.0538504458963871,3.942265033721924
1286,3,0,0,0.44344407320022583,3.5775272846221924,0.36784517765045166,3.62766170501709,0.27325811982154846,3.6471080780029297,0.11752630770206451,3.794302225112915
1287,3,0,0,0.4895094037055969,3.5559332370758057,0.36277303099632263,3.582296371459961,0.19770407676696777,3.5917842388153076,0.05297353118658066,3.987208366394043
1288,3,0,0,0.46842116117477417,3.5740103721618652,0.35937002301216125,3.623913288116455,0.22215799987316132,3.6673994064331055,0.06485172361135483,3.995697498321533
1289,3,0,0,0.4633689224720001,3.5685269832611084,0.3581642508506775,3.632412910461426,0.2473592907190323,3.681666135787964,0.09783561527729034,3.922591209411621
1290,3,0,0,0.4848209321498871,3.5634829998016357,0.3628627061843872,3.586834669113159,0.19912905991077423,3.604313611984253,0.05233577638864517,3.961538553237915
1291,3,0,0,0.46370524168014526,3.571638822555542,0.35855787992477417,3.6301066875457764,0.23631815612316132,3.7067677974700928,0.07651068270206451,3.9838500022888184
1292,3,0,0,0.4613634943962097,3.5766732692718506,0.3563307225704193,3.629612445831299,0.22716039419174194,3.7048165798187256,0.07451769709587097,4.01497745513916
1293,3,0,0,0.4617471396923065,3.5702216625213623,0.3595394194126129,3.617715835571289,0.23169443011283875,3.6397573947906494,0.07810506969690323,3.8933401107788086
1294,3,0,0,0.48773816227912903,3.558135986328125,0.36161211133003235,3.5843448638916016,0.19779376685619354,3.582648992538452,0.0530133917927742,3.981579065322876
1295,3,0,0,0.46848592162132263,3.572404623031616,0.3581044673919678,3.618758201599121,0.22214803099632263,3.6742475032806396,0.06323740631341934,3.957453489303589
1296,3,0,0,0.45075830817222595,3.5721518993377686,0.35470643639564514,3.6381845474243164,0.2514747977256775,3.7142179012298584,0.11421795189380646,3.9441633224487305
1297,3,0,0,0.46623384952545166,3.568052291870117,0.359828382730484,3.6278817653656006,0.23914819955825806,3.6746530532836914,0.09309231489896774,3.91115403175354
1298,3,0,0,0.47748175263404846,3.5668065547943115,0.36102917790412903,3.6069140434265137,0.21067841351032257,3.6474790573120117,0.05528539419174194,3.9682767391204834
1299,3,0,0,0.4774020314216614,3.5697505474090576,0.3611736595630646,3.606050491333008,0.207868292927742,3.6298177242279053,0.0569196417927742,3.9495797157287598
1300,3,0,0,0.4593929350376129,3.5841684341430664,0.3566396236419678,3.6379106044769287,0.23363758623600006,3.7255821228027344,0.06939572840929031,4.031016826629639
1301,3,0,0,0.47264379262924194,3.5754599571228027,0.3603515625,3.6145401000976562,0.21391700208187103,3.6578004360198975,0.05889269709587097,3.9428088665008545
1302,3,0,0,0.474609375,3.571596622467041,0.3601173758506775,3.614635467529297,0.21117664873600006,3.6346263885498047,0.060447223484516144,3.95812726020813
1303,3,0,0,0.46707838773727417,3.576988458633423,0.3598483204841614,3.61474871635437,0.2126215696334839,3.6564183235168457,0.05773676559329033,3.974456310272217
1304,3,0,0,0.48830366134643555,3.555647850036621,0.360615611076355,3.591942310333252,0.20574577152729034,3.6159732341766357,0.057258449494838715,3.9596240520477295
1305,3,0,0,0.4911785423755646,3.5554845333099365,0.36278799176216125,3.583604574203491,0.19687698781490326,3.58040189743042,0.0524553544819355,3.9734041690826416
1306,3,0,0,0.4714255630970001,3.571075916290283,0.35923048853874207,3.606499433517456,0.2064134180545807,3.642077922821045,0.0542689710855484,3.9559309482574463
1307,3,0,0,0.4562215805053711,3.5633890628814697,0.37136778235435486,3.607191324234009,0.2679767310619354,3.611706018447876,0.11627072095870972,3.795166254043579
1308,3,0,0,0.49224478006362915,3.5539371967315674,0.3621053695678711,3.5799851417541504,0.19676737487316132,3.5752556324005127,0.05275430530309677,3.9848885536193848
1309,3,0,0,0.4741484820842743,3.569377899169922,0.3606853783130646,3.609039783477783,0.2029157280921936,3.621666669845581,0.0546875,3.990889310836792
1310,3,0,0,0.47364526987075806,3.572749614715576,0.35982340574264526,3.6111910343170166,0.21318957209587097,3.6377956867218018,0.058115433901548386,3.918724298477173
1311,3,0,0,0.4214913547039032,3.5743424892425537,0.3792450428009033,3.6159019470214844,0.30248525738716125,3.5881733894348145,0.13743622601032257,3.7049014568328857
1312,3,0,0,0.4791683256626129,3.5672552585601807,0.36270827054977417,3.596398115158081,0.19919881224632263,3.597548723220825,0.052774231880903244,3.950906276702881
1313,3,0,0,0.442524790763855,3.5855555534362793,0.35016241669654846,3.660339593887329,0.25304925441741943,3.7370638847351074,0.10497049987316132,3.9743688106536865
1314,3,0,0,0.4879249930381775,3.5589282512664795,0.36162707209587097,3.5892257690429688,0.19870057702064514,3.5826480388641357,0.053093113005161285,3.9834835529327393
1315,3,0,0,0.46126633882522583,3.5750555992126465,0.35814931988716125,3.630380392074585,0.23445472121238708,3.7021422386169434,0.08187180757522583,4.022151947021484
1316,3,0,0,0.47442004084587097,3.563155174255371,0.35808950662612915,3.6150548458099365,0.2254563868045807,3.6699225902557373,0.07216597348451614,4.03258752822876
1317,3,0,0,0.475972056388855,3.5714988708496094,0.3607949912548065,3.6027095317840576,0.20511798560619354,3.620384693145752,0.054627709090709686,3.9817585945129395
1318,3,0,0,0.4962681233882904,3.5499684810638428,0.3623296022415161,3.576766014099121,0.19668765366077423,3.574424982070923,0.052236128598451614,3.9648988246917725
1319,3,0,0,0.4791683256626129,3.5672552585601807,0.36270827054977417,3.596398115158081,0.19919881224632263,3.597548723220825,0.052774231880903244,3.950906276702881
1320,3,0,0,0.47619378566741943,3.5697574615478516,0.3598383665084839,3.6127026081085205,0.2114357352256775,3.6488358974456787,0.05723851919174194,3.970752000808716
1321,3,0,0,0.4880719780921936,3.5581984519958496,0.36242425441741943,3.590363025665283,0.20128148794174194,3.6018118858337402,0.05522560328245163,3.980151653289795
1322,3,0,0,0.49188604950904846,3.5555365085601807,0.3628876209259033,3.582812786102295,0.19677734375,3.5762393474578857,0.05229591578245163,3.9569358825683594
1323,3,0,0,0.48639288544654846,3.558112382888794,0.36391401290893555,3.592970848083496,0.21518255770206451,3.6110494136810303,0.06949537247419357,3.917407512664795
1324,3,0,0,0.45237013697624207,3.575047492980957,0.3562459945678711,3.6504335403442383,0.2614596486091614,3.6997103691101074,0.11256377398967743,3.8849151134490967
1325,3,0,0,0.4660046398639679,3.5717318058013916,0.36195093393325806,3.6225616931915283,0.24266581237316132,3.659986972808838,0.09014269709587097,3.879504680633545
1326,3,0,0,0.49016210436820984,3.5540900230407715,0.36234453320503235,3.5832736492156982,0.19815249741077423,3.584812641143799,0.05283402279019356,3.980762004852295
1327,3,0,0,0.4408033490180969,3.5802297592163086,0.3656778037548065,3.629133462905884,0.27027860283851624,3.6580393314361572,0.11856265366077423,3.808034896850586
1328,3,0,0,0.48986315727233887,3.5557963848114014,0.36297231912612915,3.584653377532959,0.1979631632566452,3.584214210510254,0.052395567297935486,3.9570178985595703
1329,3,0,0,0.4637525677680969,3.5766353607177734,0.35632073879241943,3.6347339153289795,0.22727997601032257,3.703437328338623,0.06913663446903229,4.005476951599121
1330,3,0,0,0.40389329195022583,3.5799624919891357,0.38559767603874207,3.6217260360717773,0.3173030912876129,3.6019723415374756,0.1526227593421936,3.708409547805786
1331,3,0,0,0.48800721764564514,3.5578742027282715,0.36255380511283875,3.585864305496216,0.19933833181858063,3.6053788661956787,0.052375636994838715,3.9585235118865967
1332,3,0,0,0.47921067476272583,3.561840057373047,0.35904115438461304,3.6028504371643066,0.2119140625,3.629361391067505,0.06285873800516129,3.9600508213043213
1333,3,0,0,0.4690563976764679,3.570051431655884,0.35924047231674194,3.6186461448669434,0.2229352593421936,3.672268867492676,0.07222576439380646,4.019315719604492
1334,3,0,0,0.47023725509643555,3.5739972591400146,0.3588169515132904,3.614877223968506,0.2141561657190323,3.65590238571167,0.059510521590709686,3.9641661643981934
1335,3,0,0,0.4630724787712097,3.5666205883026123,0.3665796220302582,3.615271806716919,0.2529795169830322,3.6461968421936035,0.10983338207006454,3.8285248279571533
1336,3,0,0,0.46057626605033875,3.5730721950531006,0.3526337146759033,3.6399435997009277,0.2519630789756775,3.7050821781158447,0.09677933156490326,3.94419264793396
1337,3,0,0,0.47938257455825806,3.569875478744507,0.36129823327064514,3.6050004959106445,0.20398198068141937,3.6208598613739014,0.05408960208296776,3.9506263732910156
1338,3,0,0,0.49657952785491943,3.5507724285125732,0.3620107173919678,3.5813205242156982,0.1984614133834839,3.582245349884033,0.05235570669174194,3.978302240371704
1339,3,0,0,0.47853803634643555,3.5644519329071045,0.35935506224632263,3.6051244735717773,0.2131696343421936,3.642296075820923,0.06098533049225807,4.008823394775391
1340,3,0,0,0.4564208984375,3.5802817344665527,0.354023814201355,3.6328988075256348,0.23741430044174194,3.6739978790283203,0.08233019709587097,3.977729320526123
1341,3,0,0,0.48622098565101624,3.55889892578125,0.3622100055217743,3.587383270263672,0.198102667927742,3.5958752632141113,0.05295360088348389,3.9868271350860596
1342,3,0,0,0.48901864886283875,3.557347059249878,0.36190110445022583,3.588834524154663,0.1981823891401291,3.5939762592315674,0.05235570669174194,3.9691662788391113
1343,3,0,0,0.465840220451355,3.5734469890594482,0.3552943468093872,3.6354596614837646,0.23991549015045166,3.687406539916992,0.0774274542927742,3.9639639854431152
1344,3,0,0,0.4739367365837097,3.569411516189575,0.3640236258506775,3.6080262660980225,0.22136080265045166,3.6364905834198,0.07312260568141937,3.89206862449646
1345,3,0,0,0.44776883721351624,3.577039957046509,0.36324137449264526,3.627002716064453,0.2542749345302582,3.6719441413879395,0.10315688699483871,3.8887171745300293
1346,3,0,0,0.47218289971351624,3.5740907192230225,0.3620156943798065,3.606265068054199,0.2079480141401291,3.636476993560791,0.05424904078245163,4.0
1347,3,0,0,0.4649583399295807,3.578944206237793,0.36019212007522583,3.6172051429748535,0.21899911761283875,3.6556854248046875,0.06604751199483871,3.9870247840881348
1348,3,0,0,0.4362693130970001,3.5792477130889893,0.36028677225112915,3.6377315521240234,0.27060744166374207,3.6584548950195312,0.11696826666593552,3.8260350227355957
1349,3,0,0,0.48687368631362915,3.5605649948120117,0.3634057939052582,3.588137626647949,0.1981126368045807,3.590714693069458,0.05243542790412903,3.9528696537017822
1350,3,0,0,0.4876011312007904,3.558262348175049,0.36249402165412903,3.5917062759399414,0.19897958636283875,3.587590217590332,0.05247528478503227,3.961261034011841
1351,3,0,0,0.4679129421710968,3.5771732330322266,0.35902124643325806,3.622340679168701,0.21655771136283875,3.6911466121673584,0.05859375,4.034013748168945
1352,3,0,0,0.46735987067222595,3.574652671813965,0.3590262234210968,3.614393949508667,0.21501314640045166,3.6501829624176025,0.0599888376891613,3.9926910400390625
1353,3,0,0,0.4849081039428711,3.5562713146209717,0.36270827054977417,3.5886642932891846,0.20135124027729034,3.603632688522339,0.053212691098451614,3.967041254043579
1354,3,0,0,0.4145756959915161,3.5751500129699707,0.38840779662132263,3.611647844314575,0.3064413070678711,3.588904857635498,0.1411830335855484,3.717108964920044
1355,3,0,0,0.46072325110435486,3.577085256576538,0.35767099261283875,3.6367955207824707,0.2468610405921936,3.6841723918914795,0.09309231489896774,3.9484050273895264
1356,3,0,0,0.46492844820022583,3.573355197906494,0.35912588238716125,3.6251420974731445,0.23899872601032257,3.6714060306549072,0.08522002398967743,3.9513564109802246
1357,3,0,0,0.4507259428501129,3.5796544551849365,0.3645617365837097,3.6275744438171387,0.25660672783851624,3.670614719390869,0.11210538446903229,3.8239998817443848
1358,3,0,0,0.4252232015132904,3.5777852535247803,0.37649473547935486,3.625840425491333,0.3012794852256775,3.6269102096557617,0.1399274468421936,3.7402079105377197
1359,3,0,0,0.4917590022087097,3.55395245552063,0.3627780079841614,3.583263635635376,0.19723573327064514,3.583893299102783,0.052674584090709686,3.9822170734405518
1360,3,0,0,0.47749918699264526,3.5678346157073975,0.3608298599720001,3.601242780685425,0.2033342570066452,3.6189169883728027,0.053770724684000015,3.986286163330078
1361,3,0,0,0.47280821204185486,3.5736896991729736,0.36024194955825806,3.6099278926849365,0.21199378371238708,3.635047435760498,0.05871332809329033,3.9541752338409424
1362,3,0,0,0.4955631196498871,3.5506603717803955,0.361781507730484,3.5792510509490967,0.19604989886283875,3.5729897022247314,0.051837529987096786,3.9442522525787354
1363,3,0,0,0.4697190821170807,3.5750441551208496,0.3598732352256775,3.623636245727539,0.21908880770206451,3.685117721557617,0.059331152588129044,4.004030704498291
1364,3,0,0,0.4740612804889679,3.572625160217285,0.3597436845302582,3.612351417541504,0.2077387571334839,3.63874888420105,0.055165816098451614,3.9815752506256104
1365,3,0,0,0.47301745414733887,3.571650505065918,0.3605508506298065,3.614780902862549,0.21739476919174194,3.651815176010132,0.06154336780309677,3.9724740982055664
1366,3,0,0,0.4914450943470001,3.5547878742218018,0.361592173576355,3.5803399085998535,0.19673748314380646,3.575444459915161,0.05257493630051613,3.9647459983825684
1367,3,0,0,0.4730050265789032,3.572908639907837,0.36032167077064514,3.613581657409668,0.21225287020206451,3.6489202976226807,0.057397957891225815,3.9517362117767334
1368,3,0,0,0.4498116672039032,3.577066659927368,0.36365991830825806,3.6307337284088135,0.2626953125,3.6649343967437744,0.11870216578245163,3.827568769454956
1369,3,0,0,0.47507521510124207,3.5714292526245117,0.3604910671710968,3.609354257583618,0.21211335062980652,3.6376490592956543,0.05701928958296776,3.9395315647125244
1370,3,0,0,0.45603224635124207,3.5734670162200928,0.35430285334587097,3.6369709968566895,0.25127550959587097,3.689363956451416,0.09650031477212906,3.9407269954681396
1371,3,0,0,0.47503286600112915,3.5730011463165283,0.3622249662876129,3.6046767234802246,0.20289580523967743,3.616276264190674,0.0535714291036129,3.9747023582458496
1372,3,0,0,0.46837878227233887,3.5756683349609375,0.35904115438461304,3.623943567276001,0.22191883623600006,3.691648006439209,0.06072624400258064,4.007220268249512
1373,3,0,0,0.4678182601928711,3.5743186473846436,0.3590610921382904,3.623659133911133,0.2268514782190323,3.6742806434631348,0.07035236060619354,3.985269069671631
1374,3,0,0,0.4752545952796936,3.5706684589385986,0.3601771593093872,3.6063854694366455,0.20687180757522583,3.6457128524780273,0.055604271590709686,3.9634408950805664
1375,3,0,0,0.44970205426216125,3.5735952854156494,0.35253408551216125,3.637481451034546,0.25172391533851624,3.699338912963867,0.09492585808038712,3.927776575088501
1376,3,0,0,0.4763532280921936,3.567971706390381,0.3609095811843872,3.599522352218628,0.20227797329425812,3.6151041984558105,0.05383051559329033,3.9592742919921875
1377,3,0,0,0.47741448879241943,3.5682640075683594,0.3621551990509033,3.5989325046539307,0.2022879421710968,3.617733955383301,0.053212691098451614,3.980149745941162
1378,3,1,0,0.4376992881298065,3.5814874172210693,0.3593650162220001,3.6458420753479004,0.2682955861091614,3.6973702907562256,0.11545360088348389,3.8867599964141846
1379,3,0,0,0.48658719658851624,3.558626890182495,0.36078503727912903,3.5892889499664307,0.19925861060619354,3.601170301437378,0.05373086780309677,3.991097927093506
1380,3,0,0,0.46529215574264526,3.5760819911956787,0.35867246985435486,3.6260852813720703,0.23030930757522583,3.7094149589538574,0.06670519709587097,4.072004795074463
1381,3,0,0,0.46248453855514526,3.571747064590454,0.3589315414428711,3.6261191368103027,0.23498284816741943,3.6948390007019043,0.08362563699483871,3.959723472595215
1382,3,0,0,0.4841657280921936,3.5596559047698975,0.3608747124671936,3.5907440185546875,0.19752471148967743,3.5890424251556396,0.052096620202064514,3.9820199012756348
1383,3,0,0,0.46441027522087097,3.572948932647705,0.3572275638580322,3.6335690021514893,0.22452965378761292,3.725057601928711,0.06497129797935486,4.070858955383301
1384,3,0,0,0.4788295030593872,3.559561014175415,0.3578403890132904,3.6022555828094482,0.21530212461948395,3.639174222946167,0.07071109861135483,3.9923901557922363
1385,3,0,0,0.4530552327632904,3.580930471420288,0.3584930896759033,3.6337368488311768,0.24041374027729034,3.6794328689575195,0.08001833409070969,3.9148194789886475
1386,3,0,0,0.4741484820842743,3.5704236030578613,0.3591657280921936,3.614488363265991,0.2160295695066452,3.661008358001709,0.059072066098451614,3.985492467880249
1387,3,0,0,0.4667868912220001,3.5775301456451416,0.35914579033851624,3.6226935386657715,0.21574059128761292,3.695150136947632,0.06134406849741936,4.004873275756836
1388,3,0,0,0.49530652165412903,3.5553364753723145,0.36349549889564514,3.5849223136901855,0.19821229577064514,3.586596965789795,0.052674584090709686,3.973893404006958
1389,3,0,0,0.4285739064216614,3.5642929077148438,0.3887615501880646,3.5997488498687744,0.31085577607154846,3.6067960262298584,0.1643415093421936,3.6970653533935547
1390,3,0,0,0.4777906537055969,3.5705487728118896,0.36260363459587097,3.597834348678589,0.20105229318141937,3.6086935997009277,0.05271444469690323,3.9750473499298096
1391,3,0,0,0.48854032158851624,3.5563528537750244,0.36143773794174194,3.5860190391540527,0.19773396849632263,3.588721513748169,0.052096620202064514,3.9655699729919434
1392,3,0,0,0.4738271236419678,3.573150157928467,0.3602568805217743,3.6090450286865234,0.20875518023967743,3.6518211364746094,0.05450813099741936,3.9736745357513428
1393,3,0,0,0.4758923351764679,3.5698461532592773,0.36177653074264526,3.6091997623443604,0.21019013226032257,3.6476082801818848,0.055863358080387115,3.985729694366455
1394,3,0,0,0.4722750782966614,3.5736145973205566,0.35999780893325806,3.608957529067993,0.2096819132566452,3.6467065811157227,0.05494658648967743,3.974972724914551
1395,3,0,0,0.45666253566741943,3.5729482173919678,0.35190626978874207,3.642936944961548,0.2516741156578064,3.6830852031707764,0.1070033460855484,3.9087352752685547
1396,3,0,0,0.46722036600112915,3.5783541202545166,0.3592454493045807,3.62326979637146,0.22019490599632263,3.6661086082458496,0.060327645391225815,3.984142780303955
1397,3,0,0,0.47335878014564514,3.573385715484619,0.36230966448783875,3.6013998985290527,0.20276625454425812,3.61942195892334,0.05325255170464516,3.973428249359131
1398,3,0,0,0.4767443537712097,3.5695278644561768,0.36123842000961304,3.6103832721710205,0.2076590359210968,3.633619546890259,0.0546875,3.9657435417175293
1399,3,0,0,0.4433070421218872,3.5713891983032227,0.36890146136283875,3.6261346340179443,0.28282445669174194,3.6480164527893066,0.13494499027729034,3.806823253631592
1400,3,0,0,0.486348032951355,3.55971097946167,0.3624441921710968,3.588474750518799,0.19890983402729034,3.593407154083252,0.052774231880903244,3.9750754833221436
1401,3,0,0,0.46844106912612915,3.5781500339508057,0.36013731360435486,3.616828680038452,0.21229273080825806,3.654853582382202,0.05982939898967743,4.0049967765808105
1402,3,0,0,0.4501529633998871,3.5699217319488525,0.35637056827545166,3.6435792446136475,0.27117544412612915,3.695145606994629,0.1277104616165161,3.8895130157470703
1403,3,0,0,0.47798746824264526,3.5721120834350586,0.3613181412220001,3.604649782180786,0.20448023080825806,3.627192974090576,0.05319276079535484,3.9580366611480713
1404,3,0,0,0.4651825428009033,3.5778565406799316,0.3574567437171936,3.622039794921875,0.217145636677742,3.6795926094055176,0.05988918989896774,3.9826955795288086
1405,3,0,0,0.49306440353393555,3.554810047149658,0.3619658648967743,3.5867056846618652,0.20338408648967743,3.5975992679595947,0.059331152588129044,3.9660732746124268
1406,3,0,0,0.49139776825904846,3.557137966156006,0.36193597316741943,3.5876903533935547,0.1999162882566452,3.5947062969207764,0.05235570669174194,3.9501333236694336
1407,3,0,0,0.4099394977092743,3.583981990814209,0.3687669336795807,3.6474132537841797,0.31478196382522583,3.655576229095459,0.1535993218421936,3.7225899696350098
1408,3,0,0,0.4654814898967743,3.5766987800598145,0.35683393478393555,3.6229159832000732,0.21321946382522583,3.674907684326172,0.06184231489896774,4.026748180389404
1409,3,0,0,0.470478892326355,3.5713725090026855,0.35855287313461304,3.6149826049804688,0.217145636677742,3.6423752307891846,0.06407445669174194,3.9766719341278076
1410,3,0,0,0.4681147336959839,3.574939489364624,0.35931020975112915,3.621229887008667,0.22366270422935486,3.690398693084717,0.06248006969690323,4.008612632751465
1411,3,0,0,0.492451548576355,3.5581867694854736,0.3633410334587097,3.5860347747802734,0.19850127398967743,3.590712785720825,0.053093113005161285,4.003753662109375
1412,3,0,0,0.4265036880970001,3.576348304748535,0.36545857787132263,3.6369411945343018,0.2917729616165161,3.647779941558838,0.13468590378761292,3.753329277038574
1413,3,0,0,0.4681745171546936,3.5685231685638428,0.36126333475112915,3.6155405044555664,0.23407605290412903,3.6633036136627197,0.08302774280309677,3.9032645225524902
1414,3,0,0,0.4614980220794678,3.5707345008850098,0.3562360405921936,3.634087562561035,0.24215759336948395,3.6898481845855713,0.08912627398967743,3.947450876235962
1415,3,0,0,0.49555066227912903,3.553006649017334,0.36261358857154846,3.583404302597046,0.20254702866077423,3.5969693660736084,0.0583147294819355,3.976760149002075
1416,3,0,0,0.4772700071334839,3.5691356658935547,0.3614327609539032,3.6037137508392334,0.20579560101032257,3.618293523788452,0.055743779987096786,3.9885592460632324
1417,3,0,0,0.4886997640132904,3.5574049949645996,0.36295241117477417,3.582324266433716,0.19808274507522583,3.5862762928009033,0.05305325239896774,4.0063862800598145
1418,3,0,0,0.47266122698783875,3.573657274246216,0.36184629797935486,3.6070170402526855,0.20518773794174194,3.6257102489471436,0.05341199040412903,3.9376866817474365
1419,3,0,0,0.4489596486091614,3.5756592750549316,0.3556182086467743,3.6458094120025635,0.27054765820503235,3.6948065757751465,0.12930484116077423,3.902435302734375
1420,3,0,0,0.44680723547935486,3.574730157852173,0.3517916798591614,3.6420843601226807,0.2574736773967743,3.6839537620544434,0.10503029078245163,3.921252489089966
1421,3,0,0,0.4785604476928711,3.5667836666107178,0.3594646751880646,3.6078922748565674,0.20753945410251617,3.630479574203491,0.05859375,3.9676871299743652
1422,3,0,0,0.4708326458930969,3.5734353065490723,0.3563307225704193,3.6229708194732666,0.212751105427742,3.6734426021575928,0.059470660984516144,4.016756057739258
1423,3,0,0,0.4729801118373871,3.574260711669922,0.36197084188461304,3.6122450828552246,0.20797792077064514,3.646878480911255,0.054587848484516144,4.015334129333496
1424,3,0,0,0.4659000337123871,3.5777740478515625,0.35918566584587097,3.6186017990112305,0.21516261994838715,3.687662124633789,0.05791613459587097,3.984858989715576
1425,3,0,0,0.48989805579185486,3.555065155029297,0.3626086115837097,3.586517810821533,0.1978236585855484,3.589411735534668,0.052794162184000015,3.994337558746338
1426,3,0,0,0.4745371341705322,3.5735840797424316,0.36099928617477417,3.607226610183716,0.21064850687980652,3.653578758239746,0.05424904078245163,3.9669361114501953
1427,3,0,0,0.4638073742389679,3.580918073654175,0.35935506224632263,3.6213881969451904,0.2147839516401291,3.6662800312042236,0.0567801333963871,3.9813969135284424
1428,3,0,0,0.46787557005882263,3.5709152221679688,0.35867246985435486,3.6250295639038086,0.22737962007522583,3.6927425861358643,0.0655691921710968,3.9957447052001953
1429,3,0,0,0.4487827718257904,3.5843071937561035,0.3531518876552582,3.6440978050231934,0.2450573891401291,3.7170217037200928,0.091796875,4.057099342346191
1430,3,0,0,0.47460436820983887,3.5734503269195557,0.35971876978874207,3.6123523712158203,0.20853595435619354,3.652888536453247,0.0549665167927742,3.9717185497283936
1431,3,0,0,0.49146753549575806,3.556349039077759,0.36139288544654846,3.5945017337799072,0.20296555757522583,3.6063923835754395,0.0535714291036129,3.970238208770752
1432,3,0,0,0.46625128388404846,3.5775203704833984,0.35886678099632263,3.6162912845611572,0.2138671875,3.662426710128784,0.056162308901548386,4.054293632507324
1433,3,0,0,0.45636358857154846,3.575976610183716,0.35704320669174194,3.643162250518799,0.24675142765045166,3.705920457839966,0.09345105290412903,3.9458305835723877
1434,3,0,0,0.4579978287220001,3.571756601333618,0.36635541915893555,3.613825798034668,0.23893892765045166,3.6344149112701416,0.09365034848451614,3.82889986038208
